"NUTM","temperature_winter","temperature_spring","temperature_summer","temperature_fall","seasonal_variation","precipitation_winter","precipitation_spring","precipitation_summer","precipitation_fall","relative_humidity_winter","relative_humidity_spring","relative_humidity_summer","relative_humidity_fall","croplands","pastures","rangelands","urbanAreas","primaryForest","primaryNonForest","secondaryForest","secondaryNonForest","secondaryLand","total_population","population_density"
"AD",0.387375116348267,5.54670858383179,15.0924119949341,8.33061981201172,14.7050371170044,2.64966654777527,3.59827136993408,3.83251357078552,2.77125883102417,75.8078460693359,76.4271621704102,76.2581787109375,78.0747528076172,0.142606809735298,0.0699687525629997,0.0226643495261669,0.00938284490257502,0.00021636659221258,0.0526679866015911,0.165899842977524,0.536593079566956,0.702492892742157,9.60083730811072,0.0202628546519598
"AL013",0.430966913700104,8.68437576293945,18.5735607147217,10.3357429504395,18.1425933837891,4.23806858062744,3.88942289352417,2.43237829208374,3.999347448349,78.9212493896484,72.6997451782227,67.6125183105469,75.8700561523438,0.163933292031288,0.154852017760277,0.0028017486911267,0.00820884108543396,0.128748908638954,0,0.539842188358307,0,0.539842188358307,12.2577554226532,0.00528021776203441
"AL015",2.5656406879425,10.0218019485474,19.7629737854004,12.0653638839722,17.1973323822021,5.59051036834717,4.60489463806152,2.39900684356689,5.55906105041504,76.3956604003906,72.8907012939453,69.2881011962891,74.9875183105469,0.152978003025055,0.113951295614243,0.00474443379789591,0.00560944713652134,0.15967108309269,0.00311753060668707,0.47283461689949,0.0023484262637794,0.475183069705963,12.4342043602458,0.00347805653113509
"AL014",4.13443374633789,11.2887372970581,20.8368110656738,13.4655437469482,16.7023754119873,4.5407280921936,3.923659324646,1.78400003910065,4.73877954483032,75.1595611572266,72.7466278076172,69.1280364990234,73.7736968994141,0.204260095953941,0.104475997388363,2.55289933193126e-07,0.0031386383343488,0.160987585783005,5.09366782353027e-06,0.452998518943787,3.83704445994226e-06,0.453002333641052,11.985715832651,0.00723541677213081
"AL011",0.968060076236725,8.87850666046143,18.7337818145752,10.9044132232666,17.7657222747803,4.00513219833374,3.82667708396912,2.03244924545288,3.86331963539124,79.763313293457,74.0714797973633,68.86474609375,76.1987533569336,0.182930320501328,0.126506492495537,0.000411981658544391,0.00395097676664591,0.161104217171669,0,0.512151062488556,0,0.512151062488556,12.3846936789295,0.00491430091062687
"AL012",6.90114974975586,13.0658082962036,22.2919521331787,15.6825742721558,15.3908014297485,4.04383516311646,3.34095525741577,1.3967297077179,4.43670654296875,72.5933380126953,72.459831237793,70.6388397216797,72.4580078125,0.272082507610321,0.104216881096363,3.78087388526183e-05,0.00833098590373993,0.122630327939987,0.00469377590343356,0.341837823390961,0.00401141913607717,0.345849245786667,11.7587716623994,0.0152802225892804
"AL021",3.13178372383118,10.4668703079224,20.2214088439941,12.7383422851562,17.0896244049072,3.43066811561584,3.28661823272705,1.57347929477692,3.38708567619324,78.4821853637695,72.5715942382812,67.2231292724609,74.5600357055664,0.196977019309998,0.127832397818565,0.0024683780502528,0.00563021562993526,0.154689803719521,0,0.506230115890503,0,0.506230115890503,12.7859435144116,0.00386381147501057
"AL022",6.42147207260132,12.7746915817261,22.0753612518311,15.3431453704834,15.6538877487183,3.68918800354004,3.18408489227295,1.37636709213257,3.97772026062012,73.6665802001953,72.383659362793,70.0110778808594,72.8214340209961,0.319501042366028,0.121345415711403,1.06529673971067e-09,0.010898482054472,0.130426868796349,0.00172360520809889,0.367731422185898,0.0015066338237375,0.369238048791885,12.7550410579475,0.00770609342334774
"AL034",0.938997626304626,8.39839553833008,18.5477523803711,10.8658351898193,17.6087551116943,2.82613754272461,2.69323372840881,1.21472465991974,2.6350314617157,81.3141632080078,73.2541885375977,64.9055252075195,74.7440719604492,0.20098589360714,0.101759292185307,0.0176943298429251,0.00353744067251682,0.0213086623698473,0.35424393415451,0.0974186807870865,0.145705848932266,0.243124514818192,12.3727213054718,0.00334856035794093
"AL031",4.48570442199707,11.4532661437988,21.2319622039795,13.8278884887695,16.7462577819824,3.1314640045166,2.96280312538147,1.25443124771118,3.29997611045837,77.0556869506836,71.3062133789062,64.929573059082,73.3303298950195,0.280965268611908,0.167698532342911,0.00500044971704483,0.0044989543966949,0.113318204879761,0,0.426116168498993,0,0.426116168498993,12.2126190615389,0.00671907741456045
"AL032",7.92438411712646,13.9591236114502,23.4371528625488,16.6826000213623,15.5127687454224,3.08807039260864,2.64075183868408,1.05136728286743,3.56867122650146,74.2420272827148,71.2112731933594,67.2238159179688,72.9069061279297,0.443506807088852,0.153647899627686,0.000889850605744869,0.00772233866155148,0.0449521355330944,0.0170017816126347,0.178282037377357,0.0114298751577735,0.189711898565292,12.6960749612826,0.00685225049450874
"AL035",7.8058352470398,13.1324996948242,22.5625324249268,16.302848815918,14.7566976547241,4.38483142852783,2.98978710174561,0.917223036289215,4.74224996566772,74.5759887695312,73.8487777709961,69.6528930664062,74.045768737793,0.224014118313789,0.171194940805435,0.0332620665431023,0.00168905721511692,0.0313718430697918,0.00842219684273005,0.277036279439926,0.00913667678833008,0.286172956228256,12.0356539366916,0.00441171568994247
"AL033",4.67442655563354,11.2095975875854,21.0276470184326,13.8367013931274,16.3532199859619,4.14589405059814,3.17888569831848,1.04123759269714,4.2624397277832,76.5890045166016,72.4074096679688,65.1761856079102,73.3540267944336,0.237305462360382,0.190800368785858,0.0200323462486267,0.00155518657993525,0.067860797047615,0.0102197397500277,0.414589762687683,0.00677955104038119,0.421369314193726,11.874728720984,0.00413576305277843
"AT11",0.0928065180778503,9.74442958831787,18.9992618560791,9.67050743103027,18.9064540863037,1.35641741752625,2.09926271438599,2.68173050880432,2.10360360145569,81.0701599121094,69.4619979858398,69.0787124633789,79.3618621826172,0.364844381809235,0.174291923642159,3.96887917304412e-05,0.0166490729898214,6.72018541081343e-06,0.0454918630421162,0.221230283379555,0.157752096652985,0.378982365131378,12.7078943554491,0.00321446683064852
"AT12",-0.739233732223511,8.2990837097168,17.4876384735107,8.48620796203613,18.2268714904785,1.63607716560364,2.45586466789246,3.15316653251648,2.10725784301758,82.3149719238281,71.9095764160156,71.5108032226562,80.9068603515625,0.330162525177002,0.150393813848495,0.00205874349921942,0.020554605871439,9.09828462569706e-12,0.187215074896812,0.0762162953615189,0.233055606484413,0.309271901845932,14.79523513855,0.000774685181873714
"AT13",0.230110391974449,9.62187099456787,19.0322971343994,9.66273212432861,18.8021869659424,1.37003719806671,2.04129028320312,2.45649576187134,1.81212437152863,81.2069778442383,69.7766189575195,67.5652236938477,78.3880004882812,0.341391324996948,0.135379046201706,1.30605837256326e-09,0.121931940317154,0,0.210477098822594,0,0.190820544958115,0.190820544958115,12.7312473581944,0.0300310229521456
"AT21",-4.30535697937012,4.58820819854736,14.0799789428711,5.78435564041138,18.3853359222412,2.12286162376404,3.45906496047974,4.71565246582031,3.59978532791138,81.3605499267578,76.4209594726562,78.7621994018555,83.8819732666016,0.0958829149603844,0.0893824398517609,0.0409152917563915,0.011712291277945,3.68113833246753e-05,0,0.757936656475067,0,0.757936656475067,13.3383234894879,0.00141094985947843
"AT22",-3.04542565345764,5.83634948730469,15.0610694885254,6.52424240112305,18.1064949035645,2.01408648490906,3.15367770195007,4.46284294128418,2.92356729507446,82.5383758544922,75.1949081420898,77.8887100219727,83.8490753173828,0.107475705444813,0.0898798406124115,0.0247526168823242,0.0138717191293836,2.89209383481648e-05,0.0466068126261234,0.699597299098969,0.0168426353484392,0.71643990278244,14.0337486973947,0.000857213161281521
"AT31",-1.42320740222931,7.18551158905029,16.1376457214355,7.66138029098511,17.5608539581299,2.63525319099426,3.37124514579773,4.53621673583984,2.92116093635559,83.3438949584961,74.1408386230469,76.2185668945312,83.4947204589844,0.253546983003616,0.205074772238731,0.00666221091523767,0.0240722913295031,1.96677513989894e-15,0.0820091813802719,0.298960536718369,0.124950304627419,0.423910826444626,14.1236605694315,0.00118392645601608
"AT32",-5.33398914337158,2.57824158668518,12.1013059616089,4.13956165313721,17.4352951049805,3.23128938674927,4.31609582901001,6.2849235534668,3.90133738517761,81.7448272705078,78.5214538574219,80.8290252685547,84.3253402709961,0.0829453244805336,0.142260491847992,0.0946282967925072,0.0118761574849486,1.8244286081881e-09,0,0.651542663574219,0,0.651542663574219,13.0226542928396,0.00181810042913742
"AT33",-6.67455959320068,1.35013222694397,10.8079509735107,3.00437355041504,17.4825115203857,3.06380248069763,4.3035306930542,6.45097160339355,3.76215958595276,78.1184768676758,76.9455032348633,80.0982818603516,82.0418930053711,0.0821151658892632,0.125413879752159,0.108264245092869,0.0121178338304162,3.95459039737034e-07,0,0.650891661643982,0,0.650891661643982,13.4876963571465,0.00107056182379371
"AT34",-4.77863216400146,3.14692330360413,12.3924856185913,4.63979911804199,17.1711177825928,3.86142683029175,4.67802810668945,6.53504276275635,4.0282096862793,78.1729736328125,76.0099258422852,79.034553527832,81.3241806030273,0.121992968022823,0.203106120228767,0.0854073166847229,0.0280534494668245,2.60684500972275e-05,0,0.552907764911652,0,0.552907764911652,12.7557409061799,0.00485769041581956
"BAG1652",0.461091846227646,8.74316215515137,18.1285552978516,9.92777347564697,17.6674633026123,3.24956727027893,3.67581629753113,3.11327219009399,3.57625722885132,80.7955780029297,73.2827911376953,73.0075836181641,79.7080764770508,0.193494722247124,0.24023725092411,0.0269859526306391,0.00571100460365415,0.00643605599179864,0.074364461004734,0.374727964401245,0.0627603754401207,0.437488377094269,14.5555796109039,0.000544258152911528
"BAG1653",0.503990054130554,9.33093643188477,18.5926322937012,10.1934537887573,18.0886402130127,2.79516696929932,3.30399417877197,3.03948903083801,3.03945231437683,80.6981735229492,72.010124206543,72.8430557250977,79.138671875,0.235373973846436,0.192309245467186,0.0212373286485672,0.00502234697341919,0.00640439288690686,0.104398176074028,0.343854129314423,0.0816706120967865,0.425524741411209,14.4296814932275,0.000588705955162582
"BE10",3.35542035102844,9.10556125640869,16.9312324523926,10.5184412002563,13.5758142471313,2.14302968978882,2.23409581184387,2.25558996200562,2.13181138038635,85.3614654541016,76.0755615234375,75.7207260131836,84.0154113769531,0.332788348197937,0.224309995770454,3.39966610418685e-09,0.352163702249527,0,0,0,0.0907380133867264,0.0907380133867264,11.8489059512378,0.0783807521081878
"BE21",3.41631054878235,9.30085563659668,17.1594333648682,10.656060218811,13.7431211471558,2.14360427856445,2.2185685634613,2.33397078514099,2.22376775741577,85.0979461669922,75.3138046264648,74.8666076660156,83.982048034668,0.252863109111786,0.236290901899338,2.82607071078189e-09,0.171128332614899,0,0,0,0.320728778839111,0.320728778839111,14.0067544834459,0.0049148748679257
"BE22",2.96043992042542,9.06883430480957,17.0319995880127,10.3017225265503,14.0715599060059,2.34769296646118,2.34518671035767,2.43020057678223,2.30071806907654,84.9272384643555,74.730110168457,74.2937088012695,83.5877380371094,0.285343706607819,0.252513140439987,2.72272515644545e-09,0.125101581215858,0,0,0,0.337041527032852,0.337041527032852,13.7183778370905,0.00564845970835572
"BE23",3.71108055114746,9.21307373046875,16.9674491882324,10.848560333252,13.2563695907593,2.06169748306274,2.15917468070984,2.19496440887451,2.19810461997986,85.3587875366211,76.759635925293,76.3685836791992,84.105583190918,0.307322204113007,0.240613684058189,9.15879136300646e-05,0.157782956957817,0,1.27007038219773e-09,0,0.21848464012146,0.21848464012146,14.0211376886192,0.00464156899037217
"BE24",3.21354508399963,9.06303024291992,16.9239253997803,10.4238710403442,13.7103796005249,2.20081257820129,2.29233956336975,2.33837199211121,2.18192672729492,85.2428817749023,75.7933120727539,75.4792861938477,83.9363250732422,0.364242702722549,0.255243003368378,3.10538461611998e-09,0.248694479465485,0,0,0,0.130299404263496,0.130299404263496,13.9626457941548,0.00660254239824425
"BE25",4.29025554656982,9.02690696716309,16.6470947265625,11.3149747848511,12.3568391799927,2.09013056755066,2.0638439655304,2.07825636863708,2.38438153266907,84.4013748168945,78.0248260498047,77.7919006347656,82.9114074707031,0.32752525806427,0.217028841376305,0.00097031012410298,0.126138240098953,0,8.40841507532275e-10,0,0.127469569444656,0.127469569444656,13.9862067808287,0.00443871988162408
"BE31",3.20483756065369,9.04769802093506,16.9066467285156,10.4107332229614,13.7018089294434,2.18949055671692,2.29366374015808,2.33896374702454,2.168452501297,85.2584533691406,75.843505859375,75.5425491333008,83.9385299682617,0.383309215307236,0.260549902915955,3.11603209901534e-09,0.256694495677948,0,0,0,0.0994464829564095,0.0994464829564095,13.2488218942345,0.0123115191424201
"BE32",3.20971727371216,8.91028594970703,16.7340831756592,10.3306150436401,13.5243673324585,2.28502559661865,2.3505871295929,2.30967020988464,2.22548675537109,86.081413269043,76.8612976074219,76.4731369018555,84.7277221679688,0.321200102567673,0.24113804101944,2.56657362029955e-09,0.154860153794289,0,0,0.163260534405708,0.119541198015213,0.28280171751976,14.2747445270482,0.00375532499604208
"BE33",1.82585084438324,8.06765460968018,16.0975379943848,9.25598526000977,14.2716875076294,2.71811652183533,2.62495684623718,2.70276713371277,2.50500798225403,86.6950225830078,76.4822006225586,76.2894592285156,85.338981628418,0.212043344974518,0.20527383685112,2.21085461049597e-09,0.106190986931324,0,0,0.280142039060593,0.196349814534187,0.476491868495941,13.9413879678277,0.00360720865855048
"BE34",1.39360570907593,7.78541326522827,15.9023790359497,8.82645320892334,14.5087738037109,2.99964714050293,2.7807834148407,2.75746750831604,2.68550729751587,88.0394439697266,77.3310317993164,76.9101028442383,86.7642135620117,0.131053730845451,0.166191443800926,2.34464792470135e-07,0.0278486385941505,5.00338437348091e-10,0,0.568379104137421,0.106526792049408,0.674905896186829,12.6408045431836,0.00283519710822276
"BE35",2.35688853263855,8.38915348052979,16.3357067108154,9.61857986450195,13.978816986084,2.60091233253479,2.58378124237061,2.58626890182495,2.41408491134644,86.8324508666992,77.0963668823242,76.8820114135742,85.5531692504883,0.243115410208702,0.19185197353363,2.08319761441089e-09,0.0713616162538528,3.70924783943405e-11,0,0.0832622274756432,0.410408794879913,0.493671029806137,13.3350501466406,0.00362792969780962
"BG311",0.26047345995903,11.1738138198853,21.1398658752441,11.1038160324097,20.8793926239014,1.65537595748901,2.42125725746155,2.25648999214172,1.62900757789612,82.6943588256836,70.8238830566406,66.8005142211914,76.8376617431641,0.468682318925858,0.253711998462677,0.0065903952345252,0.00372122577391565,0,0.0457180775702,0,0.219264805316925,0.219264805316925,12.1637007852236,0.00405038726284103
"BG312",0.139774978160858,11.0539035797119,21.0269680023193,11.1303701400757,20.8871917724609,1.53682732582092,2.529372215271,2.50317239761353,1.63722932338715,82.0291290283203,70.5047225952148,66.5955505371094,75.9994964599609,0.45740994811058,0.242283776402473,0.0191826894879341,0.00414196122437716,0,0.0449948273599148,0,0.230086177587509,0.230086177587509,12.2920302057311,0.00337035401508652
"BG313",0.218403771519661,11.4195346832275,21.4415550231934,11.4667701721191,21.2231502532959,1.46227848529816,2.4623920917511,2.50371813774109,1.57269299030304,82.3249130249023,70.8362731933594,66.8194580078125,75.8353042602539,0.513199687004089,0.228181153535843,0.0222221687436104,0.00611001998186111,0,0.01216028816998,0,0.216487407684326,0.216487407684326,12.6115551493204,0.00345194915292892
"BG314",0.613353133201599,11.8776340484619,22.0100440979004,11.9747400283813,21.3966884613037,1.48416268825531,2.38499474525452,2.56624579429626,1.54947006702423,82.3769836425781,71.121452331543,67.0578994750977,75.5230484008789,0.597697556018829,0.220484465360641,0.00989268254488707,0.00637269951403141,0,0.0132676605135202,0,0.151132926344872,0.151132926344872,12.7585977287315,0.00278458657009147
"BG315",0.197436720132828,10.3841409683228,20.1631507873535,10.8509969711304,19.9657135009766,1.62823283672333,2.89650440216064,3.01052975654602,1.75609529018402,81.2546463012695,73.2389144897461,71.1328659057617,77.4544830322266,0.360395044088364,0.157827392220497,0.00753543106839061,0.00724314199760556,0,0.00050243065925315,0,0.466484695672989,0.466484695672989,12.5561139007538,0.00303548993407424
"BG321",0.746765673160553,11.0256290435791,21.0657062530518,11.5386772155762,20.3189392089844,1.6986597776413,2.55472946166992,2.66702795028687,1.73590624332428,82.1654891967773,73.0909118652344,70.18896484375,77.2059555053711,0.478905856609344,0.202015027403831,0.00349829951301217,0.007758479565382,0,0.00309232459403574,0,0.304350733757019,0.304350733757019,12.7179281762599,0.00272800334386142
"BG322",0.411894500255585,10.1987857818604,20.0732326507568,10.8787679672241,19.6613368988037,1.73565089702606,2.8965847492218,2.9603579044342,1.82122731208801,81.5165405273438,74.0294418334961,71.9496002197266,78.1234283447266,0.292526006698608,0.137320846319199,0.00100455339998007,0.00830106902867556,0,0.000620516948401928,0,0.559661746025085,0.559661746025085,11.9600373273908,0.00601583965180218
"BG323",0.750444829463959,11.6303148269653,21.8572387695312,11.9552698135376,21.1067943572998,1.50083601474762,2.24038624763489,2.50103449821472,1.63099181652069,83.0177688598633,72.1400985717773,69.0641174316406,76.5544815063477,0.609553456306458,0.212550163269043,0.00480689853429794,0.0107510946691036,0,0.0189290344715118,0,0.141265794634819,0.141265794634819,12.5864495133185,0.00436812998850849
"BG324",0.776580274105072,10.9723386764526,21.2052822113037,11.6223421096802,20.4287033081055,1.54002666473389,2.26944494247437,2.43178248405457,1.69651806354523,82.8915786743164,73.3139724731445,70.6725311279297,77.4945068359375,0.54524952173233,0.204271495342255,0.00165016681421548,0.0071991034783423,0,0.00435867952182889,0,0.237188220024109,0.237188220024109,12.0497311039754,0.00506758418210042
"BG325",0.790365397930145,10.9949283599854,21.3623600006104,11.7497224807739,20.5719966888428,1.45081031322479,2.05785179138184,2.25882291793823,1.62710726261139,83.0187149047852,73.410400390625,70.6684799194336,77.5530166625977,0.598420262336731,0.18648162484169,0.00474821636453271,0.00654185423627496,0,0.0173756442964077,0,0.179069891571999,0.179069891571999,12.3234939491027,0.00429739126053606
"BG331",2.21339726448059,10.4480171203613,20.9584197998047,12.3934135437012,18.7450218200684,1.53823983669281,1.88745999336243,1.98797869682312,1.65331900119781,80.9292831420898,76.5498275756836,73.8820571899414,78.1103744506836,0.429225087165833,0.169304087758064,0.000441069365479052,0.0119301797822118,0,0.00030785525450483,0,0.289117068052292,0.289117068052292,12.8928481638445,0.00339300093564329
"BG332",2.01091504096985,10.4560203552246,21.0661201477051,12.4266548156738,19.0552043914795,1.43746531009674,1.78413474559784,1.96899032592773,1.59163987636566,81.3274536132812,76.0904388427734,73.1753921508789,77.6784133911133,0.559211492538452,0.198271349072456,0.00121860613580793,0.00534243602305651,0,0.00794161763042212,0,0.121442824602127,0.121442824602127,12.4278073298572,0.0026071172503443
"BG333",1.09840822219849,10.3876180648804,20.6816082000732,11.498538017273,19.5832004547119,1.58594381809235,2.19158411026001,2.26036167144775,1.68571317195892,82.3043060302734,74.9107284545898,72.1843032836914,78.3634948730469,0.511937618255615,0.198672741651535,0.000678499520290643,0.00656570075079799,0,0.000236386098549701,0,0.281755357980728,0.281755357980728,12.2971788304638,0.00360304375645477
"BG334",0.673053443431854,10.323130607605,20.3943481445312,11.1024398803711,19.7212944030762,1.71361243724823,2.5297269821167,2.62472677230835,1.80406486988068,82.5071792602539,74.3262405395508,72.0800476074219,78.4265060424805,0.436641067266464,0.18660943210125,0.000651939189992845,0.0058054463006556,0,0.000683341175317764,0,0.369601637125015,0.369601637125015,11.8919444578547,0.00442923362732381
"BG341",3.0901415348053,10.6877756118774,21.1671810150146,13.0025959014893,18.0770378112793,1.95850777626038,2.04236030578613,1.76385688781738,1.97492444515228,80.1077651977539,76.3061447143555,72.7219161987305,76.8918151855469,0.286263346672058,0.121203295886517,0.00176603149157017,0.00497104926034808,0,0.0932814627885818,0,0.370863825082779,0.370863825082779,12.7927634845399,0.00164869895102507
"BG342",1.2634824514389,10.3013610839844,20.6465549468994,11.5189161300659,19.3830718994141,1.81614780426025,2.54321432113647,2.34283757209778,1.83863937854767,81.178092956543,74.5023727416992,69.9762191772461,77.0875625610352,0.322761714458466,0.140880018472672,0.00177794927731156,0.00621606642380357,0,0.000593818025663495,0,0.527770400047302,0.527770400047302,12.3282250106378,0.00352509399557346
"BG343",2.62516736984253,11.1057958602905,21.7194957733154,12.7840366363525,19.0943279266357,1.83905684947968,2.09154558181763,1.61258912086487,1.82618832588196,80.1549072265625,73.5458297729492,66.7559967041016,74.825439453125,0.514977157115936,0.21763713657856,0.00227276794612408,0.00485273217782378,0,0.00522926030680537,0,0.254888653755188,0.254888653755188,11.9806992662464,0.00358359926880932
"BG344",1.36871254444122,10.7628154754639,21.0668640136719,11.803897857666,19.6981525421143,1.74748361110687,2.45785570144653,2.18740177154541,1.73415398597717,80.4622421264648,73.1586761474609,68.0561065673828,76.0084457397461,0.394927442073822,0.177607849240303,0.000640516984276474,0.00795378815382719,0,0.000424790516262874,0,0.418240606784821,0.418240606784821,12.9332930739627,0.00250080626772139
"BG411",-0.862078428268433,8.74033451080322,18.190990447998,9.31447315216064,19.0530700683594,1.51966416835785,2.53627490997314,2.45977115631104,1.60447156429291,79.4470977783203,71.0512390136719,70.1305389404297,76.4107513427734,0.256038188934326,0.143008917570114,0.00561036914587021,0.0498414896428585,0,0.000581798609346151,0,0.544233500957489,0.544233500957489,13.3035832859399,0.0101031663103677
"BG412",-0.924551963806152,8.59097766876221,18.0941047668457,9.2981367111206,19.0186557769775,1.66901457309723,2.89555835723877,2.89835834503174,1.77897489070892,80.0152740478516,72.5709381103516,71.5432739257812,77.3996810913086,0.213188990950584,0.110439263284206,0.0108695225790143,0.0124956518411636,0,0.0107590649276972,0,0.640014886856079,0.640014886856079,13.7140710949223,0.00192751729981134
"BG413",-0.478920727968216,8.12147808074951,17.974889755249,9.58309459686279,18.4538116455078,2.18705034255981,3.00622200965881,2.57278800010681,2.13926911354065,77.9640579223633,71.9460220336914,67.8866500854492,75.0251007080078,0.190704271197319,0.117930233478546,0.0152787994593382,0.00423203594982624,0,0.0579529665410519,0,0.610907852649689,0.610907852649689,12.5767723591303,0.00195887872377727
"BG414",-0.78114515542984,8.62236595153809,18.0159778594971,9.2562894821167,18.7971248626709,1.65116941928864,2.55443215370178,2.38685989379883,1.77341961860657,78.6943359375,70.2893295288086,69.0783157348633,75.833869934082,0.239505782723427,0.117854699492455,0.0249060057103634,0.0121742524206638,0,0.110576547682285,0,0.494961082935333,0.494961082935333,12.5640047052177,0.00527858098046625
"BG415",-0.378916174173355,8.75111961364746,18.3506946563721,9.6208381652832,18.7296104431152,1.72314131259918,2.57438516616821,2.25535774230957,1.80277764797211,76.5723037719727,68.7264251708984,65.6301803588867,73.4030914306641,0.228212282061577,0.124301560223103,0.0309939756989479,0.00516269030049443,0,0.153453484177589,0,0.457855671644211,0.457855671644211,12.0748736201071,0.00395158943061824
"BG421",0.606533944606781,9.90983581542969,19.912914276123,10.8744201660156,19.3063812255859,1.8283052444458,2.73288083076477,2.54850125312805,1.77291488647461,79.5741195678711,72.9248733520508,68.9268569946289,76.37060546875,0.368348360061646,0.154006227850914,0.00227789580821991,0.0139905661344528,0,0.00130510039161891,0,0.459418326616287,0.459418326616287,13.5161174279895,0.00225678654948637
"BG422",2.75582504272461,11.4528570175171,22.1805210113525,13.0747528076172,19.4246959686279,1.99710428714752,2.09141230583191,1.44131088256836,1.74620497226715,79.6916122436523,72.1324844360352,63.2381286621094,73.0635757446289,0.460012704133987,0.205084085464478,0.0109221078455448,0.00545454258099198,0,0.0411733575165272,0,0.275583237409592,0.275583237409592,12.6790252426054,0.00229013388868972
"BG423",-0.671375334262848,8.2542667388916,17.9845504760742,9.46128845214844,18.6559276580811,1.93452656269073,2.93983483314514,2.72269296646118,1.85342633724213,79.1672744750977,73.2201690673828,70.8012542724609,77.0625381469727,0.251022964715958,0.118359327316284,0.003156648715958,0.00677588861435652,0,0.0279611442238092,0,0.586759984493256,0.586759984493256,12.7408365425661,0.00286264498731912
"BG424",-0.210687428712845,7.9869499206543,17.7961959838867,9.65187549591064,18.0068836212158,2.38470959663391,3.21208620071411,2.96142172813416,2.12865304946899,79.3335800170898,74.9687194824219,72.147087097168,77.4524536132812,0.105524264276028,0.0554180927574635,0.0102205825969577,0.00320458179339767,0,0.0860738828778267,0,0.732059359550476,0.732059359550476,11.7105581768503,0.00367280124406283
"BG425",2.44537544250488,10.7506303787231,21.2212028503418,12.4636449813843,18.7758274078369,2.41738295555115,2.39958143234253,1.65830051898956,1.9525899887085,79.5847473144531,73.5861892700195,65.4274673461914,74.3393402099609,0.341450482606888,0.145065158605576,0.0448720157146454,0.00448571192100644,0,0.0680638179183006,0,0.390345215797424,0.390345215797424,12.0429882988613,0.00373781996553882
"CH01",-4.82995414733887,2.62206292152405,12.4805088043213,4.53926420211792,17.3104629516602,4.31038951873779,4.74109601974487,5.35347127914429,4.47850704193115,75.8303527832031,75.8770446777344,77.9201431274414,81.1571350097656,0.0990797355771065,0.16764310002327,0.0505394488573074,0.0162346456199884,5.58396141059347e-06,0,0.580570042133331,0,0.580570042133331,13.6566173270821,0.00157005098355409
"CH02",-1.46979105472565,5.670090675354,14.751012802124,7.01416349411011,16.2208023071289,3.86235666275024,4.38289165496826,5.29471206665039,4.02243900299072,79.331298828125,75.1124954223633,77.2702560424805,82.5802993774414,0.15060356259346,0.270606130361557,0.0189471375197172,0.0271588955074549,2.47744310399867e-06,2.830744278981e-07,0.493586897850037,2.36116738960845e-06,0.493589282035828,14.3174454762758,0.00142180551301323
"CH03",0.80978935956955,8.04994869232178,16.72829246521,8.89120674133301,15.9185028076172,3.37096953392029,3.99272608757019,4.88995885848999,3.6825966835022,81.6379928588867,73.3774871826172,74.5859756469727,82.4577331542969,0.191647961735725,0.274241954088211,0.00944686401635408,0.0613534450531006,2.39302311300094e-09,0.00675593130290508,0.385747253894806,0.056352261453867,0.442099541425705,13.3604215507263,0.00681454933288531
"CH04",-0.125286936759949,7.1328558921814,16.0366630554199,8.30732536315918,16.1619491577148,3.45346403121948,4.15268707275391,5.23131608963013,3.79348564147949,81.6936569213867,74.1425476074219,75.6931381225586,82.8177261352539,0.151604741811752,0.276931911706924,0.0112746702507138,0.0794399827718735,2.5063784381274e-09,0,0.451502591371536,0,0.451502591371536,13.3655011062952,0.00782194502485648
"CH05",-5.81159067153931,2.12435412406921,11.7230978012085,3.90523958206177,17.534688949585,3.31543183326721,4.35737991333008,5.9658670425415,4.0004448890686,77.493293762207,76.128059387207,78.5820846557617,81.7688446044922,0.0691256299614906,0.220073997974396,0.118487156927586,0.0142570333555341,3.14186545438133e-05,0,0.553374469280243,0,0.553374469280243,13.9119264898358,0.00121652958618432
"CH06",-3.30157709121704,3.79153847694397,13.1475811004639,5.52849674224854,16.4491577148438,3.96276044845581,4.79350757598877,6.28935050964355,4.5239405632019,78.5267868041992,76.0636978149414,78.4382934570312,82.625,0.0835826769471169,0.247410625219345,0.060320470482111,0.0390978939831257,1.13570322355372e-05,0,0.502533137798309,0,0.502533137798309,13.7143335708017,0.00308582953646255
"CH07",-3.93055772781372,3.69645476341248,13.616720199585,5.60563039779663,17.5472774505615,3.07755613327026,5.22518587112427,5.89225387573242,5.35023307800293,75.3922424316406,74.6669387817383,76.0259017944336,80.4686508178711,0.0497312620282173,0.093096524477005,0.0811835154891014,0.0165049731731415,0.00057300872867927,0,0.71941876411438,0,0.71941876411438,12.7868860082383,0.00447211981038608
"CZ01",-0.190865010023117,8.35828685760498,17.5149383544922,8.68209838867188,17.7058029174805,1.42818713188171,1.78412115573883,2.61911773681641,1.65893852710724,82.0813140869141,71.3544311523438,69.3520431518555,80.2033996582031,0.606198906898499,0.110022753477097,1.21538634711982e-09,0.0855438634753227,0,0.0047713490203023,0.0775995030999184,0.115754298865795,0.193353816866875,12.1652920726781,0.0253291549696193
"CZ02",-0.466014713048935,8.03216457366943,17.0835971832275,8.3540678024292,17.5496120452881,1.54548001289368,1.94597506523132,2.79324316978455,1.75961542129517,82.7018051147461,72.1604232788086,70.9854965209961,81.2247543334961,0.535858452320099,0.105637222528458,7.6660500781145e-05,0.033789336681366,0,0.0226856414228678,0.0598770342767239,0.241833165287971,0.301710188388824,14.3658687693226,0.00131768901838871
"CZ03",-1.1804895401001,7.31726980209351,16.2475242614746,7.63633298873901,17.428014755249,1.80822110176086,2.28366613388062,3.21731805801392,1.97325813770294,84.0587844848633,73.3571624755859,73.3936309814453,83.0456771850586,0.367585569620132,0.110527470707893,0.0010941952932626,0.0105168279260397,0,0.0470466054975986,0.0465725399553776,0.415298640727997,0.461871176958084,14.0493612823672,0.000793458541255969
"CZ04",-1.2599231004715,6.99631404876709,16.0387325286865,7.46810150146484,17.298656463623,1.80557870864868,2.05961585044861,2.88142585754395,1.84796583652496,85.4001312255859,74.174674987793,72.8717880249023,83.6364593505859,0.368104100227356,0.114543683826923,0.00209099682979286,0.0258266758173704,0,0.0184825323522091,0.017969973385334,0.4525066614151,0.470476657152176,14.0782232232716,0.00162942111296837
"CZ05",-1.34276795387268,7.3004264831543,16.3300666809082,7.63907623291016,17.6728363037109,1.96073353290558,2.15429401397705,3.0955491065979,2.09516024589539,85.2874145507812,74.2205429077148,74.0173187255859,83.8028793334961,0.419073283672333,0.128844529390335,0.000265388953266665,0.0199389755725861,5.14147835417589e-10,0.011716365814209,0.199821621179581,0.220298960804939,0.420120567083359,14.3080706020709,0.00115478172178624
"CZ06",-0.799727141857147,8.29243564605713,17.5335502624512,8.42530059814453,18.3332786560059,1.47894370555878,1.9587379693985,2.7117748260498,1.76163983345032,83.6943511962891,71.6901931762695,70.0924682617188,80.8863906860352,0.519913136959076,0.106690995395184,0.000190865044714883,0.0159036982804537,0,0.0288368389010429,0.0830544829368591,0.245324432849884,0.328378915786743,14.2875077456263,0.0010244227659131
"CZ07",-1.33859825134277,7.87151527404785,17.0056190490723,8.09412288665771,18.344217300415,1.70171892642975,2.0912299156189,3.01959347724915,1.96499538421631,84.8712005615234,73.3400344848633,73.1899108886719,82.1261138916016,0.423410773277283,0.120601408183575,0.000377383199520409,0.0191404744982719,0,0.0271253660321236,0.286738127470016,0.121832504868507,0.408570617437363,14.0731623901901,0.00153525381847261
"CZ08",-1.34042465686798,7.72805833816528,16.7547664642334,8.11026668548584,18.0951900482178,1.78777742385864,2.28966665267944,3.38725066184998,2.09586334228516,84.5682144165039,74.1028900146484,75.1487426757812,82.4025421142578,0.448354244232178,0.139537453651428,0.000220568501390517,0.0324541032314301,0,0.029283732175827,0.0482942946255207,0.300050407648087,0.348344713449478,14.1104890715299,0.00260165113384848
"DE11",0.536304593086243,8.31842994689941,17.0403919219971,8.77815628051758,16.5040874481201,2.55870151519775,2.68015050888062,2.98031806945801,2.41191363334656,83.9259338378906,72.4286804199219,71.6046447753906,82.3627777099609,0.354371398687363,0.135533049702644,2.31434523811913e-06,0.0957771465182304,0,2.52975944229142e-14,0,0.414316117763519,0.414316117763519,15.0710684028657,0.0014262514610745
"DE12",1.17044341564178,8.79247188568115,17.5474338531494,9.33573150634766,16.3769912719727,2.82756662368774,2.8679301738739,2.9258337020874,2.64634704589844,83.3988723754883,72.1793518066406,70.8821411132812,81.727409362793,0.288715422153473,0.102885723114014,2.49288914346835e-05,0.101722374558449,0,0,0.055783960968256,0.450867593288422,0.50665158033371,14.6291601843419,0.00213576816274263
"DE13",0.717279016971588,8.21309089660645,16.9012451171875,8.83512496948242,16.1839656829834,3.20023250579834,3.430579662323,3.7660665512085,3.12774586677551,83.2040710449219,73.5653686523438,73.2867965698242,82.5944442749023,0.228190913796425,0.143881812691689,0.000667560088913888,0.0541350282728672,1.76357609071864e-10,0.00917943008244038,0.395487725734711,0.163152381777763,0.558640122413635,14.575617895446,0.00155249289927437
"DE14",-0.103689379990101,7.66470670700073,16.3404998779297,8.27331447601318,16.4441890716553,2.65867066383362,3.26554846763611,4.1981053352356,2.8484935760498,83.3996353149414,73.7344284057617,74.5250701904297,83.1754379272461,0.296678692102432,0.179221481084824,0.00119543191976845,0.0471546314656734,8.11411049461697e-10,0,0.264493256807327,0.178450137376785,0.442943423986435,14.4536619404266,0.00158122158415122
"DE21",-0.943449020385742,7.31122016906738,16.14914894104,7.87064409255981,17.0925979614258,2.63215708732605,3.41326236724854,4.9673285484314,2.98316168785095,81.7053604125977,73.3594360351562,75.3457946777344,82.7789001464844,0.260867863893509,0.175557881593704,0.00511823501437902,0.0593317560851574,3.74356483312521e-11,7.62742757842716e-10,0.315795600414276,0.174369409680367,0.490165024995804,15.1307867167486,0.000864608550600625
"DE22",-0.340518534183502,8.313307762146,17.0989685058594,8.46291065216064,17.4394874572754,2.36629366874695,2.59733080863953,3.65464520454407,2.42048048973083,82.9527969360352,71.6748657226562,72.6204528808594,82.2712631225586,0.341496020555496,0.191775679588318,0.000357186334440485,0.0260958224534988,0,2.87422796674264e-08,0.158258095383644,0.282017171382904,0.440275251865387,13.8907041816565,0.00135809188007623
"DE23",-0.655189752578735,7.8195629119873,16.6680698394775,8.06572151184082,17.3232593536377,2.28384685516357,2.30551886558533,3.11733174324036,2.17096352577209,84.6268997192383,72.1987686157227,71.8637390136719,82.8580627441406,0.284624189138412,0.109410174190998,0.00027736890478991,0.0283193904906511,0,1.14471525591853e-08,0.00652832398191094,0.57084059715271,0.577368915081024,13.9524788190345,0.00144432457406837
"DE24",-0.570479393005371,7.50751256942749,16.325984954834,7.95983219146729,16.896463394165,2.50690674781799,2.36120939254761,2.79704546928406,2.22785806655884,85.2001724243164,72.8529205322266,72.2181625366211,83.2429122924805,0.30394259095192,0.0879819691181183,9.92829374268922e-10,0.0374536253511906,0,7.14410544611077e-11,0,0.570621848106384,0.570621848106384,13.8200055030452,0.00191517330238385
"DE25",0.237565845251083,8.27814865112305,17.0639839172363,8.61762142181396,16.8264179229736,2.27156710624695,2.32919526100159,2.85120439529419,2.13208365440369,83.6966247558594,71.5578460693359,70.6716613769531,82.0236282348633,0.367982864379883,0.132243394851685,1.42452150075911e-09,0.0523102916777134,0,2.61433565768021e-11,0,0.44746345281601,0.44746345281601,14.1550201414595,0.00196128646998735
"DE26",0.346852093935013,8.13007259368896,16.8727989196777,8.57504177093506,16.5259475708008,2.39598631858826,2.32353615760803,2.4612090587616,2.1919846534729,84.5513458251953,72.5979690551758,71.4117431640625,82.836296081543,0.377261281013489,0.0997463837265968,2.6839115889743e-05,0.0319601967930794,0,1.24983010052482e-11,0.0335529707372189,0.457452297210693,0.491005301475525,13.9458880604267,0.00163822196786095
"DE27",-0.691805243492126,7.21902656555176,15.9245042800903,7.77617931365967,16.6163101196289,2.65800929069519,3.23925304412842,4.46332454681396,2.80364274978638,81.6276473999023,73.3449020385742,74.8193664550781,82.6791610717773,0.293668985366821,0.228463307023048,0.00768782803788781,0.0452769510447979,2.6568225397483e-09,3.16573461889291e-10,0.179531767964363,0.24251963198185,0.422051399946213,14.2958464067681,0.00143052172633408
"DE30",0.733743071556091,8.57414627075195,17.6634960174561,9.22263050079346,16.9297542572021,1.66986656188965,1.79016959667206,2.20978045463562,1.65682184696198,83.5123977661133,71.6219863891602,69.772575378418,81.2684707641602,0.238456696271896,0.097387857735157,0.0009993442799896,0.124839603900909,0,8.15411016485967e-10,0,0.523850739002228,0.523850739002228,13.3412381303498,0.0147746920941333
"DE40",0.690189719200134,8.45948696136475,17.5238342285156,9.16071796417236,16.8336448669434,1.69194900989532,1.8240886926651,2.25588440895081,1.6818675994873,83.6800384521484,72.0506973266602,70.410270690918,81.4847640991211,0.324172914028168,0.132760554552078,0.000445507554104552,0.0342848263680935,0,1.13973781523669e-08,0,0.494305610656738,0.494305610656738,15.4777811193715,0.000525705445093893
"DE50",1.92570745944977,8.14058589935303,16.4211387634277,9.59367942810059,14.4954309463501,2.19586539268494,2.17390704154968,2.65985655784607,2.39214873313904,85.6149978637695,76.2603073120117,76.362678527832,84.0298843383789,0.30633145570755,0.252011865377426,0.000724451383575797,0.146016180515289,1.39786826558463e-09,1.45764833536788e-09,0.192162215709686,0.0440650880336761,0.236227303743362,11.993769827584,0.0284297640929086
"DE60",1.26545000076294,7.83400535583496,16.4207782745361,9.1314754486084,15.155327796936,2.04517555236816,2.11974811553955,2.50580406188965,2.10390281677246,86.4161224365234,75.6572647094727,74.7249984741211,84.1452026367188,0.337511092424393,0.202733680605888,7.00109158060513e-05,0.122574105858803,0,1.21100685035458e-09,0.0719653218984604,0.243127569556236,0.315092861652374,12.7446638688366,0.0171438690078086
"DE71",1.12867987155914,8.67667579650879,17.405387878418,9.19681930541992,16.2767086029053,2.3351423740387,2.28182005882263,2.30321407318115,2.24135327339172,83.9449768066406,72.1349945068359,70.1906127929688,82.1393508911133,0.304671853780746,0.0915329232811928,8.56249880598625e-06,0.146316647529602,0,0,0.110118143260479,0.347351908683777,0.457470059394836,15.0094261324736,0.00204054378687223
"DE72",0.52697890996933,7.83078384399414,16.3716583251953,8.5100679397583,15.8446779251099,2.360271692276,2.30820941925049,2.37600994110107,2.26599502563477,85.4908294677734,73.9440994262695,73.0129165649414,84.0641250610352,0.297486215829849,0.0961257815361023,9.78638281523558e-10,0.0578744262456894,0,0,0.460934311151505,0.0875792503356934,0.548513531684875,14.0894633765438,0.00260053692834789
"DE73",0.290314137935638,7.48325729370117,15.9962139129639,8.28526878356934,15.7058992385864,2.24179124832153,2.34216260910034,2.50482511520386,2.19480657577515,85.4955825805664,74.6591339111328,74.1149139404297,84.2410430908203,0.340271323919296,0.10009079426527,9.28407739575476e-10,0.026592068374157,0,1.41755563111911e-14,0.14933916926384,0.38370668888092,0.533045828342438,14.0243031247369,0.00170489518035253
"DE80",0.885734736919403,7.55794668197632,16.6425361633301,9.03784656524658,15.7568016052246,1.73375523090363,1.84395158290863,2.31302356719971,1.80612778663635,85.396614074707,75.8532791137695,74.4824600219727,83.2676315307617,0.365841209888458,0.167090088129044,0.000555404287297279,0.0184523370116949,0,3.4011515825938e-09,0,0.335120141506195,0.335120141506195,14.2584702107666,0.000617607906633487
"DE91",0.672638893127441,7.80619716644287,16.4521293640137,8.77595710754395,15.7794914245605,2.1170551776886,2.16696214675903,2.42110729217529,2.04633545875549,85.1062927246094,74.1504592895508,72.9583358764648,83.0348281860352,0.394821673631668,0.131610780954361,8.25120423542103e-06,0.0489086620509624,0,7.0431832588369e-10,0,0.424591362476349,0.424591362476349,14.1901076980806,0.0017470755223528
"DE92",1.49727821350098,8.25755786895752,16.7025699615479,9.32703495025635,15.2052917480469,2.19296360015869,2.19514942169189,2.43232274055481,2.17362880706787,84.6520156860352,74.1529083251953,73.2352294921875,82.9188385009766,0.434481173753738,0.183369025588036,2.09176076459983e-09,0.0696532279253006,1.04439451878435e-11,1.46221545982428e-09,0.00143570872023702,0.308401614427567,0.309837341308594,14.6191191474775,0.00161845427422353
"DE93",1.49463284015656,8.16216468811035,16.672664642334,9.35061168670654,15.1780319213867,2.08454537391663,2.11387419700623,2.51561331748962,2.1380774974823,85.2897720336914,74.4626770019531,73.7532424926758,83.2315902709961,0.32899397611618,0.199316754937172,0.000270615419140086,0.036288246512413,9.69005431450398e-10,1.17792509080061e-09,0.0801016762852669,0.327888488769531,0.407990127801895,14.6614337596553,0.000948297431664141
"DE94",2.21117925643921,8.29409885406494,16.4564113616943,9.77172470092773,14.2452306747437,2.21939897537231,2.16687989234924,2.51006484031677,2.40947842597961,85.7054901123047,76.1174087524414,75.9648208618164,84.0887451171875,0.360819607973099,0.26019549369812,7.42727861506864e-05,0.0344653576612473,2.74026131646954e-11,1.9571675391461e-09,0.0489416047930717,0.227575391530991,0.276517003774643,14.545288200834,0.000982621589040546
"DEA1",2.68690323829651,9.10935878753662,17.198751449585,10.2255706787109,14.5118474960327,2.51024508476257,2.34737086296082,2.48315668106079,2.47823739051819,84.6478881835938,73.9971466064453,73.4750671386719,83.3291320800781,0.34531033039093,0.180614039301872,2.17445927930271e-09,0.267890244722366,0,0,0,0.206185445189476,0.206185445189476,15.3383001184163,0.0029101955467793
"DEA2",1.88340282440186,8.38737678527832,16.5594444274902,9.47790241241455,14.6760416030884,2.6595401763916,2.51698875427246,2.64266109466553,2.52795648574829,85.0706481933594,74.7521286010742,74.3185958862305,83.7894821166992,0.285750776529312,0.125754594802856,1.31296484795485e-09,0.180967807769775,0,0,0.085564374923706,0.32195571064949,0.407520085573196,15.3143412146405,0.00208481582851513
"DEA3",2.27807021141052,8.80214405059814,16.9838447570801,9.87696933746338,14.7057733535767,2.4234082698822,2.31501340866089,2.44580888748169,2.41050171852112,84.9766006469727,73.9312591552734,73.0721969604492,83.4715118408203,0.404502540826797,0.220443442463875,2.38063391222454e-09,0.113527484238148,0,1.44038808658209e-10,0,0.261457622051239,0.261457622051239,14.964386607065,0.00216512819118521
"DEA4",1.38328576087952,8.11052703857422,16.4568958282471,9.15161609649658,15.0736103057861,2.47442960739136,2.40105080604553,2.56555581092834,2.42996573448181,85.0346832275391,74.5861434936523,73.8088226318359,83.6241455078125,0.431276351213455,0.181142196059227,1.95280414061472e-09,0.0658735185861588,0,1.32876309955066e-09,0.00336733530275524,0.317771732807159,0.321139097213745,14.4241341734536,0.00222111325386567
"DEA5",0.901876509189606,7.68273210525513,15.9451265335083,8.70348453521729,15.0432500839233,2.94235301017761,2.73140573501587,2.87372207641602,2.76551485061646,86.640510559082,75.8422241210938,75.531608581543,85.3310775756836,0.239608600735664,0.0957621783018112,9.65724611390328e-10,0.0960134863853455,0,0,0.0790154784917831,0.488827705383301,0.567843198776245,14.9396787450209,0.00187156757386269
"DEB1",1.04761612415314,8.02499961853027,16.4856090545654,8.81362628936768,15.4379949569702,2.41584944725037,2.36875867843628,2.40110445022583,2.33260345458984,85.7308578491211,74.1795883178711,73.091064453125,84.3122787475586,0.275005847215652,0.098021075129509,1.0238151437747e-09,0.051904309540987,0,0,0.143231824040413,0.431836932897568,0.575068771839142,14.3453492326872,0.00179077631401335
"DEB2",0.8540398478508,7.62932586669922,16.0183410644531,8.47901916503906,15.1643009185791,2.65220999717712,2.51740097999573,2.55527377128601,2.45907497406006,87.3891143798828,75.6928100585938,74.5490570068359,85.9698944091797,0.226855263113976,0.142048001289368,1.39857869729809e-09,0.0230134315788746,1.05062920169319e-11,0,0.53970593214035,0.068377323448658,0.608083248138428,13.1804201167957,0.00268824701617561
"DEB3",1.52891170978546,8.94948959350586,17.7413959503174,9.49666595458984,16.2124843597412,2.23662424087524,2.34253454208374,2.30001926422119,2.21749067306519,84.2325134277344,71.9605560302734,69.3914566040039,82.1408538818359,0.324933558702469,0.126435279846191,1.29903399148645e-09,0.103427544236183,0,0,0,0.44520366191864,0.44520366191864,14.5785750492522,0.0021232011837657
"DEC0",1.48020660877228,8.54044246673584,17.194465637207,9.21736240386963,15.7142601013184,2.82266092300415,2.5735764503479,2.40958571434021,2.62522959709167,85.7093276977539,73.592903137207,71.1917495727539,83.9737548828125,0.304624885320663,0.184700414538383,1.78016223983946e-09,0.0791157186031342,1.95418507764611e-12,0,0.0774501636624336,0.354108899831772,0.431559026241302,13.5721668503497,0.00522203502501612
"DED2",0.0791907534003258,8.12081432342529,17.1042079925537,8.67879486083984,17.025016784668,1.94182908535004,2.07846546173096,2.72111034393311,1.94993329048157,82.911735534668,72.4387817382812,71.5161895751953,81.4901504516602,0.360221356153488,0.137019515037537,0.000372044451069087,0.0519549585878849,0,0.00259413151070476,0,0.443453133106232,0.443453133106232,14.2708928932803,0.0018138031852189
"DED4",-0.690744638442993,7.13303852081299,16.003833770752,7.83511924743652,16.6945781707764,2.1992461681366,2.36248993873596,3.03410220146179,2.13101482391357,84.4323883056641,73.9686584472656,73.4040679931641,82.9451522827148,0.375195473432541,0.157470896840096,1.45026215250255e-05,0.0784327760338783,0,0.000781133072450757,0,0.388010203838348,0.388010203838348,14.3190156771008,0.00218078427061902
"DED5",0.883068919181824,8.58550930023193,17.5824527740479,9.35146617889404,16.6993827819824,1.80446255207062,1.94933605194092,2.34475660324097,1.82422804832458,81.7541961669922,71.485221862793,69.5633544921875,79.6927642822266,0.47761881351471,0.187668442726135,1.84812865011708e-09,0.0581378452479839,0,1.97152113167685e-17,0,0.275421947240829,0.275421947240829,13.6325177259155,0.0034567106745929
"DEE0",0.895257294178009,8.3364315032959,17.2585945129395,9.19696426391602,16.3633365631104,1.6870094537735,1.85661613941193,2.18554615974426,1.70365762710571,83.1213684082031,72.1413345336914,70.0807800292969,80.7641067504883,0.441715955734253,0.168040931224823,3.91998692066409e-05,0.042874351143837,0,1.28882071681602e-10,0,0.345718741416931,0.345718741416931,14.95002845551,0.000728994129486439
"DEF0",1.53798842430115,7.40483236312866,16.1076736450195,9.278639793396,14.5696849822998,2.09232711791992,1.98051476478577,2.4126033782959,2.33634829521179,86.5387496948242,77.8503494262695,76.4346389770508,84.3313751220703,0.33661150932312,0.22298789024353,0.00123792281374335,0.0550352595746517,4.9392728795894e-10,5.55017395527102e-05,0.0930407047271729,0.148748114705086,0.241788819432259,15.0028350195039,0.000964175715577207
"DEG0",-0.194387838244438,7.37162017822266,16.1799793243408,8.17974472045898,16.3743686676025,2.00802421569824,2.21216082572937,2.49736213684082,1.96267747879028,84.8833389282227,74.0679092407227,72.9081115722656,82.9059524536133,0.38571760058403,0.117535419762135,3.49407218891429e-06,0.0473453588783741,0,2.88247507460038e-13,0,0.449211776256561,0.449211776256561,14.8289694697637,0.000921569316024754
"DK01",1.2649427652359,6.1781816482544,15.8858261108398,9.24660587310791,14.6208839416504,1.90935170650482,1.59823143482208,2.07520627975464,2.2822585105896,85.0647048950195,78.9824981689453,77.2999420166016,82.8217468261719,0.293438047170639,0.0344102829694748,0.00198138831183314,0.110095880925655,6.83821835961718e-12,0.0688087418675423,0.00364267406985164,0.0777692347764969,0.0814119130373001,13.5366108077765,0.0052484045935216
"DK02",1.66868448257446,6.57727146148682,16.0942211151123,9.57067966461182,14.4255361557007,1.84571063518524,1.56088292598724,2.01915335655212,2.19595265388489,85.0708389282227,79.2593307495117,76.8106384277344,82.674919128418,0.368975281715393,0.0364708118140697,0.00217664963565767,0.0306383576244116,0,0.050247959792614,0,0.0955473929643631,0.0955473929643631,13.2304047837612,0.00183281731799274
"DK03",1.64835119247437,6.73506212234497,15.5951089859009,9.25388526916504,13.9467582702637,2.14030528068542,1.82767677307129,2.2252926826477,2.53832077980042,86.8976974487305,79.0702438354492,77.2459564208984,84.2654495239258,0.489225804805756,0.0580725558102131,0.0011062128469348,0.0255592931061983,1.29671107185203e-10,0.0153178293257952,0.148627296090126,0.0367158092558384,0.185343101620674,13.6114992193176,0.00112376890675141
"DK04",1.47662878036499,6.49216365814209,15.3529262542725,9.05209350585938,13.8762979507446,2.09454345703125,1.81728982925415,2.12279582023621,2.54937052726746,86.5798416137695,78.6406784057617,77.2870559692383,83.7476196289062,0.483686208724976,0.0403418764472008,0.00103926169686019,0.0308409482240677,5.02996033713288e-10,0.0818580165505409,0.102214522659779,0.0660920962691307,0.168306604027748,13.7928853396534,0.00104567587979283
"DK05",1.87770712375641,6.469162940979,15.3950910568237,9.29544830322266,13.5173826217651,2.12718772888184,1.73096513748169,1.9837384223938,2.67897415161133,84.2115783691406,77.9546966552734,77.2561950683594,81.8701858520508,0.431968241930008,0.0459288880228996,0.00133672961965203,0.0199398249387741,9.54526124807842e-10,0.048465471714735,0.110260367393494,0.0616475529968739,0.171907916665077,12.8842166675831,0.00157239802283171
"EE001",-3.91067433357239,4.04540824890137,15.3914461135864,6.13428211212158,19.3021202087402,1.69702732563019,1.53305661678314,2.78982496261597,2.35202550888062,85.635627746582,76.1009902954102,76.9797515869141,83.9198150634766,0.216046124696732,0.030608220025897,0.0113399270921946,0.0195728950202465,0.000599820166826248,0.094262033700943,0.316702872514725,0.181595623493195,0.498298496007919,12.667575400765,0.00291898433214667
"EE004",-2.57867527008057,4.41219234466553,15.7801208496094,7.17201900482178,18.3587951660156,1.80143535137177,1.51084387302399,2.56453466415405,2.45086479187012,84.5887145996094,77.858268737793,77.4276275634766,82.6220397949219,0.126741796731949,0.0260477885603905,0.0246626511216164,0.00321154622361064,7.46162040741183e-05,0.186609700322151,0.020867308601737,0.330291867256165,0.351159185171127,11.7159717880977,0.00105875596729854
"EE006",-4.46011018753052,4.40016889572144,15.5206546783447,5.63528108596802,19.9807643890381,1.66999769210815,1.62752449512482,2.86956334114075,2.23191905021667,86.1985321044922,74.625862121582,76.4880905151367,84.8967590332031,0.283169716596603,0.0270559340715408,0.0203337073326111,0.0097263315692544,0.000706927094142884,0.125979453325272,0.233674719929695,0.258903741836548,0.492578446865082,12.6304547764843,0.00139887033792788
"EE007",-4.92335653305054,4.25053977966309,15.9213514328003,5.69519567489624,20.8447074890137,1.67157363891602,1.60949301719666,2.97194147109985,2.37826299667358,85.3752517700195,74.9423599243164,75.4465179443359,83.8982925415039,0.161506652832031,0.0299647394567728,0.017531868070364,0.00929290987551212,0.000187997808097862,0.177337944507599,0.0399292148649693,0.336221933364868,0.37615117430687,12.3047529922097,0.00307198191881354
"EE008",-4.79947280883789,4.955162525177,15.9563913345337,5.51894521713257,20.7558650970459,1.66046261787415,1.75175416469574,2.95132064819336,2.21097421646118,85.9380340576172,73.8983535766602,76.4586791992188,84.8941879272461,0.262571603059769,0.0250081270933151,0.0153261004015803,0.00551971700042486,0.000866966613102704,0.169211030006409,0.244821682572365,0.193048715591431,0.437870383262634,12.6905125836411,0.000762840098655719
"EL301",8.97731304168701,14.8978319168091,25.3751277923584,17.8072624206543,16.3978137969971,2.0067183971405,1.26177763938904,0.272994697093964,1.2524219751358,76.1258316040039,65.7653732299805,53.2494201660156,68.2093963623047,0.220169365406036,0.00753892911598086,0.341446936130524,0.0538675151765347,0,0.0841797441244125,0,0.120506465435028,0.120506465435028,10.9790472274813,0.132961722497463
"EL302",9.42556476593018,15.0353307723999,25.356050491333,18.1267566680908,15.9304866790771,1.94056367874146,1.18510699272156,0.234316602349281,1.21281480789185,75.1526641845703,66.4526672363281,54.9705963134766,67.9648742675781,0.190887525677681,0.0344432927668095,0.264729052782059,0.0476619116961956,0,0.070275068283081,0,0.102698892354965,0.102698892354965,10.8050639957837,0.161587539460221
"EL303",10.3480501174927,15.318302154541,25.3167915344238,18.7842655181885,14.9687433242798,1.80441963672638,1.02732145786285,0.15471850335598,1.13130450248718,73.1499252319336,67.8670959472656,58.5127067565918,67.4616775512695,0.130626574158669,0.0898115038871765,0.10684647411108,0.0348910093307495,0,0.0416597500443459,0,0.0660515502095222,0.0660515502095222,11.3102121204842,0.109741080023714
"EL305",9.82348537445068,15.126033782959,25.2498111724854,18.3475761413574,15.4263257980347,1.92607438564301,1.13479220867157,0.203077465295792,1.19302952289581,74.4552383422852,67.1747665405273,56.7172775268555,68.1300354003906,0.15977980196476,0.0468710400164127,0.207783311605453,0.0388249158859253,0,0.0572355650365353,0,0.085512638092041,0.085512638092041,13.8239786026551,0.00895522189852035
"EL306",8.57001972198486,14.4629392623901,24.9804935455322,17.4560565948486,16.4104747772217,1.99263060092926,1.29316258430481,0.268328219652176,1.24343454837799,76.6410522460938,67.3174743652344,54.9819107055664,68.9943389892578,0.272764474153519,0.273853570222855,0.127930268645287,0.0150994677096605,0,0.0563326478004456,0,0.0989273637533188,0.0989273637533188,12.2714299475861,0.0118162850283753
"EL411",9.99262714385986,14.3311414718628,23.6979236602783,17.7521343231201,13.7052965164185,3.12225842475891,1.40203392505646,0.132955402135849,1.6494574546814,74.170539855957,73.8478240966797,68.2025146484375,72.8333129882812,0.150868251919746,0.117587894201279,0.0974527299404144,0.000248292519245297,0,0.0799226313829422,0,0.0851689651608467,0.0851689651608467,10.3558935216602,0.00457537731168266
"EL412",11.9566249847412,15.3201875686646,23.504093170166,19.0140361785889,11.5474681854248,4.54491519927979,1.40712749958038,0.033785704523325,1.81424224376678,71.9906463623047,74.8608703613281,73.3967514038086,73.8528900146484,0.0404956601560116,0.0681055784225464,0.0193213634192944,0.000708503997884691,0,0.0502310581505299,0,0.0595897249877453,0.0595897249877453,9.09521510503243,0.0117687560280922
"EL431",11.5997161865234,15.5155839920044,24.3636112213135,19.2436103820801,12.76389503479,2.35302233695984,1.10395932197571,0.0967130735516548,1.12235867977142,76.1705780029297,68.7687759399414,61.02978515625,70.6609573364258,0.245471552014351,0.305820763111115,0.025787515565753,0.00332181202247739,0,0.00490918569266796,0,0.0269443076103926,0.0269443076103926,11.9445577077826,0.00448859054216021
"EL432",12.8688383102417,15.9712047576904,24.1470413208008,19.976411819458,11.2782020568848,1.79816567897797,0.778378248214722,0.0511091165244579,0.836612701416016,72.8968353271484,71.5614929199219,68.3456192016602,71.7247467041016,0.0996197909116745,0.0192130655050278,0.244662687182426,0.00112724432256073,0,0.00423663342371583,0,0.0263670515269041,0.0263670515269041,10.3445658629294,0.00582015383895789
"EL433",11.2089557647705,14.9762077331543,23.7977848052979,18.8316307067871,12.588828086853,2.94878935813904,1.26033878326416,0.104538217186928,1.44850838184357,76.907600402832,70.0404815673828,62.1537094116211,71.3055419921875,0.197297126054764,0.345828503370285,0.0585649646818638,0.00172968895640224,0,0.0113776242360473,0,0.0365844666957855,0.0365844666957855,10.5411856112603,0.00700109308046076
"EL434",11.9215755462646,15.1601514816284,23.774959564209,19.3968524932861,11.8533840179443,3.33449506759644,1.24583256244659,0.0814464241266251,1.65338408946991,75.0767669677734,71.4069900512695,66.0574340820312,71.072883605957,0.0952533259987831,0.185885295271873,0.0444339290261269,0.000944755913224071,0,0.0379070974886417,0,0.0647092312574387,0.0647092312574387,10.5153536042731,0.00442417719677452
"EL511",4.86890935897827,12.3095569610596,23.1971435546875,14.6863412857056,18.3282337188721,2.35444593429565,1.91216230392456,0.940507173538208,1.91776299476624,78.3896026611328,72.3753890991211,61.5247650146484,71.4484710693359,0.364615052938461,0.162760049104691,0.0274845380336046,0.00147795572411269,0,0.144171297550201,0,0.162786945700645,0.162786945700645,11.4629470130352,0.00271502513259637
"EL512",3.52269053459167,10.63450050354,20.7583560943604,12.9082136154175,17.2356643676758,2.70206093788147,2.53154945373535,1.85771811008453,2.15493130683899,76.7671356201172,75.8121490478516,70.4389343261719,74.9836654663086,0.231827974319458,0.115146562457085,0.031188428401947,0.00210243975743651,0,0.2523994743824,0,0.284552842378616,0.284552842378616,11.2936642115257,0.00635481554418804
"EL513",4.08076429367065,11.4855937957764,22.1284027099609,13.7602062225342,18.0476379394531,2.5955011844635,2.15278697013855,1.14285504817963,1.98677444458008,78.6848526000977,74.3942565917969,64.6097869873047,73.2163848876953,0.291465997695923,0.129890486598015,0.0772332325577736,0.00218765856698155,0,0.138908460736275,0,0.233226001262665,0.233226001262665,11.3262222288749,0.00439789260864926
"EL514",2.15591859817505,10.1456918716431,20.073205947876,11.8880004882812,17.9172859191895,2.46858072280884,2.877121925354,2.27238893508911,2.18654608726501,77.7717590332031,74.1118621826172,70.3294677734375,76.0554809570312,0.277240872383118,0.152264937758446,0.03612195327878,0.00222734827548265,0,0.244343772530556,0,0.285837113857269,0.285837113857269,11.7787467877849,0.00341459688448837
"EL515",5.98209714889526,12.1437454223633,22.2812309265137,15.0721406936646,16.2991333007812,2.52872776985168,2.04921197891235,1.2623610496521,2.01377391815186,74.7029418945312,76.082763671875,70.7318572998047,73.4403686523438,0.179143026471138,0.141870453953743,0.0224551875144243,0.00214623962529004,0,0.124344117939472,0,0.140031650662422,0.140031650662422,11.0801282619479,0.00525103687644247
"EL521",3.38613319396973,11.8820095062256,22.4814949035645,13.4666137695312,19.0953617095947,2.28168964385986,2.35158157348633,1.38438725471497,2.19188261032104,78.3922576904297,69.7743530273438,59.2610740661621,72.8300094604492,0.444269388914108,0.220625728368759,0.0780839323997498,0.00625988515093923,0,0.107356734573841,0,0.129859954118729,0.129859954118729,12.035463263907,0.0070652445246096
"EL522",5.51924753189087,13.6137094497681,24.249439239502,15.5076379776001,18.7301940917969,1.99389696121216,1.96545255184174,1.18182158470154,1.81927347183228,77.0545806884766,70.4044189453125,61.0047225952148,72.3492965698242,0.389504820108414,0.231314599514008,0.0958778262138367,0.0068595870397985,0,0.0642188861966133,0,0.103677645325661,0.103677645325661,13.1224868072865,0.00358412793639699
"EL523",3.96529579162598,12.8594064712524,23.5905990600586,14.2675628662109,19.6253032684326,2.07182693481445,2.12088227272034,1.18131232261658,1.96074330806732,76.8978576660156,68.3481903076172,57.1490745544434,70.8996429443359,0.426450729370117,0.127029314637184,0.104054108262062,0.00964517425745726,0,0.204656735062599,0,0.0914383754134178,0.0914383754134178,12.9250838559618,0.00501655227666065
"EL524",2.5384840965271,11.3666648864746,22.0277557373047,12.7785158157349,19.4892711639404,2.07090020179749,2.28690528869629,1.31802821159363,2.0491771697998,78.7997665405273,69.0720977783203,57.912425994873,72.4304580688477,0.407789170742035,0.207449212670326,0.0410170964896679,0.00500921392813325,0,0.22024467587471,0,0.110578894615173,0.110578894615173,12.1330084673762,0.00485778404931518
"EL525",5.09606599807739,12.3101949691772,22.5283050537109,14.5973892211914,17.4322395324707,2.74540066719055,2.41989088058472,1.45359027385712,2.49087262153625,76.6299514770508,71.8206558227539,64.3024673461914,73.3354644775391,0.265684932470322,0.166260480880737,0.0882082283496857,0.00192451989278197,0,0.115346230566502,0,0.144242316484451,0.144242316484451,11.0452312295207,0.00712087694105908
"EL526",3.80269861221313,12.2643260955811,22.7497272491455,13.8982200622559,18.9470272064209,2.12739253044128,2.35911750793457,1.50421535968781,1.92965805530548,77.4079971313477,70.2637710571289,61.8504943847656,72.3941650390625,0.328378140926361,0.210522130131721,0.029784919694066,0.00281903822906315,0,0.157008618116379,0,0.192389607429504,0.192389607429504,11.9032955476163,0.00299778020930879
"EL527",7.79243516921997,13.840126991272,24.1327495574951,16.7980728149414,16.3403129577637,2.15545678138733,1.65789377689362,0.87582916021347,1.72952890396118,74.7490463256836,73.047004699707,66.0440902709961,72.5314025878906,0.190220713615417,0.213093638420105,0.0208219829946756,0.0010612674523145,0,0.0665682330727577,0,0.0944538787007332,0.0944538787007332,10.909215784991,0.00370132797904703
"EL531",2.00671625137329,10.0476942062378,20.6806678771973,12.0133609771729,18.6739501953125,2.42310166358948,2.27620768547058,1.07371437549591,2.10337138175964,79.6188583374023,70.0489501953125,58.3179588317871,72.1130218505859,0.353555530309677,0.283980548381805,0.0672172084450722,0.00172805122565478,0,0.128976613283157,0,0.156680926680565,0.156680926680565,12.0549267566893,0.00208699658057951
"EL532",0.818989753723145,8.69366359710693,19.0929508209229,10.8428897857666,18.273962020874,2.45585012435913,2.32445931434631,1.04529082775116,2.18883967399597,80.8330001831055,71.706413269043,61.7179679870605,73.7280654907227,0.29285392165184,0.128620624542236,0.0380773469805717,0.00114425725769252,0,0.307047784328461,0,0.19838260114193,0.19838260114193,10.5713777205393,0.00612187083837824
"EL533",0.818954169750214,9.11435985565186,19.5968952178955,11.0103406906128,18.7779407501221,1.98239743709564,2.19811224937439,1.14482176303864,1.89043879508972,81.2152099609375,71.2329788208008,61.4483833312988,74.163948059082,0.308822631835938,0.150221735239029,0.0368102379143238,0.00162165029905736,0,0.318222284317017,0,0.128171294927597,0.128171294927597,10.965934211735,0.00567107404910257
"EL541",5.78206157684326,11.8214073181152,21.6211624145508,14.6083583831787,15.8390998840332,4.84317493438721,3.11432552337646,0.901262521743774,4.23354816436768,78.9629592895508,76.065299987793,69.4393005371094,76.5496063232422,0.230058372020721,0.245481550693512,0.0744690224528313,0.0012413552030921,1.98944777318744e-10,0.00305515830405056,0.325664162635803,0.0036075368989259,0.329271703958511,10.9904624669996,0.00416424104885458
"EL542",7.82713460922241,13.0314073562622,22.5010395050049,16.2978820800781,14.6739053726196,4.73916006088257,2.78445863723755,0.707702040672302,4.65673494338989,75.5447463989258,75.8672256469727,72.2103576660156,75.4860763549805,0.216750949621201,0.206353604793549,0.0397349298000336,0.00176709471270442,0.00529171153903008,0.00307296286337078,0.228959679603577,0.0095006013289094,0.238460272550583,11.4099929888207,0.00738613176766471
"EL543",2.92598342895508,9.84921836853027,20.0777530670166,12.3659219741821,17.1517715454102,4.12163209915161,3.03941130638123,0.995287597179413,3.66258239746094,79.5980453491211,73.8917083740234,64.2848739624023,74.7507553100586,0.186177462339401,0.143663972616196,0.0440954081714153,0.00213905167765915,0.00151704566087574,0.161941483616829,0.310155272483826,0.125476852059364,0.435632109642029,12.0967928274865,0.00241539908793908
"EL611",3.7496030330658,11.174859046936,21.8537902832031,13.4126529693604,18.1041870117188,3.41468572616577,2.55457592010498,0.980959057807922,2.73562145233154,79.6640472412109,71.060173034668,58.2763214111328,72.2653732299805,0.318252384662628,0.211240857839584,0.0945317447185516,0.00212614424526691,1.28956489583998e-11,0.15237657725811,0.0439024232327938,0.174617633223534,0.218520060181618,12.1803096262746,0.00201560755794222
"EL612",5.80847024917603,12.9073677062988,23.516939163208,15.2685041427612,17.7084674835205,2.75897240638733,2.16290664672852,1.05253911018372,2.19801688194275,76.8919296264648,69.5975189208984,58.5399513244629,71.1126708984375,0.371542125940323,0.0809497684240341,0.306268900632858,0.00289353914558887,0,0.0576006472110748,0,0.0882631465792656,0.0882631465792656,12.4750931335893,0.00233113422866981
"EL613",8.16926574707031,13.853814125061,24.0794696807861,17.0644721984863,15.9102020263672,3.0166289806366,1.84035754203796,0.764214813709259,2.24793863296509,76.495964050293,72.0995025634766,63.7749252319336,72.3739471435547,0.228447049856186,0.0163248367607594,0.305165648460388,0.00303496746346354,0,0.0381256453692913,0,0.0699583441019058,0.0699583441019058,11.6097385631222,0.0044559918692093
"EL621",12.6658458709717,15.150146484375,23.142728805542,19.8361511230469,10.4768838882446,4.05521821975708,1.49238979816437,0.129743412137032,3.49939370155334,71.1877136230469,77.3833923339844,81.9921188354492,73.6650238037109,0.0582399219274521,0.077293761074543,0.0110786743462086,0.000761236064136028,0,0.00442635267972946,0,0.0146662155166268,0.0146662155166268,8.59631543352399,0.0237014143696886
"EL622",11.2707214355469,14.6206636428833,23.1607780456543,18.8551731109619,11.8900556564331,4.58403491973877,2.18619561195374,0.462730020284653,4.89971303939819,70.2661514282227,76.4937286376953,78.8506317138672,73.2057800292969,0.0694946944713593,0.0789169818162918,0.00424328027293086,0.00184473546687514,0,0.0264736618846655,0,0.0503729283809662,0.0503729283809662,9.75029403167354,0.0153226319389141
"EL623",12.1214036941528,14.9016752243042,23.0467872619629,19.4354381561279,10.9253835678101,4.22260761260986,1.65442895889282,0.179684311151505,3.68048930168152,70.996467590332,77.1256866455078,81.4182281494141,73.4507064819336,0.074720986187458,0.110602021217346,0.016410831362009,0.000574804027564824,0,0.0167472641915083,0,0.035035602748394,0.035035602748394,8.9231553114102,0.00977487456078245
"EL631",7.48319053649902,12.9763422012329,22.7077789306641,16.0937232971191,15.2245874404907,4.62574338912964,2.73367953300476,0.640980541706085,3.80167126655579,77.8063354492188,74.9634170532227,68.6820831298828,74.8613815307617,0.185565814375877,0.240478947758675,0.0584595948457718,0.0026970524340868,1.07786895728323e-11,0.123355023562908,0.0366953685879707,0.159896343946457,0.196591705083847,12.2708656997012,0.00225040443057873
"EL632",7.13550662994385,12.4527425765991,22.5120143890381,15.730842590332,15.3765077590942,3.67608332633972,2.39022445678711,0.597453236579895,2.73014879226685,79.4908905029297,73.5835418701172,63.4558334350586,73.7453994750977,0.211366951465607,0.303522020578384,0.0617285780608654,0.00333178974688053,0,0.0832646265625954,0,0.133084878325462,0.133084878325462,12.1270985138613,0.00372260834707611
"EL633",9.18837738037109,13.7253122329712,23.167688369751,17.3786678314209,13.9793100357056,3.78296303749084,2.12215781211853,0.411351442337036,2.94417357444763,77.4363021850586,74.6301040649414,68.2706298828125,73.9239349365234,0.30868661403656,0.250991642475128,0.0697062164545059,0.00203712633810937,0,0.0481655970215797,0,0.0900673791766167,0.0900673791766167,11.2688579841072,0.00422322915511495
"EL641",8.07225036621094,13.9055271148682,24.3067264556885,16.9161853790283,16.2344779968262,2.2628071308136,1.48161935806274,0.365748584270477,1.49341487884521,77.2563018798828,68.8001098632812,57.4983100891113,70.3901214599609,0.239043325185776,0.290659934282303,0.0934985056519508,0.00662346370518208,0,0.0461851544678211,0,0.088562935590744,0.088562935590744,12.5813040361928,0.00420544380095755
"EL642",9.55740737915039,14.5149641036987,24.3538589477539,17.8511295318604,14.7964515686035,2.59023237228394,1.44589042663574,0.385470330715179,1.70496046543121,75.5961303710938,70.4932022094727,62.7369956970215,71.3758087158203,0.121877543628216,0.116066358983517,0.11488950252533,0.00727137736976147,0,0.0695409923791885,0,0.0993464887142181,0.0993464887142181,12.9202338057997,0.00315943094307473
"EL643",4.27680444717407,10.9008321762085,21.1807670593262,13.4494638442993,16.9039630889893,4.17817878723145,2.94221615791321,1.01735889911652,3.27556300163269,80.6978912353516,73.950325012207,63.4875183105469,74.8836212158203,0.176201716065407,0.149929895997047,0.104481406509876,0.00126898114103824,1.44323502801469e-11,0.237730100750923,0.0491340272128582,0.253435373306274,0.302569419145584,10.644556681934,0.00576545916444324
"EL644",5.78718280792236,12.4898347854614,23.0480060577393,15.1189393997192,17.2608242034912,3.09755873680115,2.2275812625885,0.902793049812317,2.29118800163269,80.1068878173828,70.9006423950195,59.3841896057129,73.0261535644531,0.268040299415588,0.180445358157158,0.190611883997917,0.00158912583719939,0,0.106360375881195,0,0.152299642562866,0.152299642562866,11.6639979969791,0.0025958762176143
"EL645",5.41219329833984,11.5928764343262,21.908073425293,14.4327707290649,16.4958801269531,3.23668074607849,2.39686942100525,0.931227207183838,2.38918781280518,80.4937591552734,72.507698059082,61.5845336914062,73.9604873657227,0.16493171453476,0.281184464693069,0.0734077095985413,0.00224859034642577,0,0.137572556734085,0,0.191912934184074,0.191912934184074,11.2994175678378,0.0053418278958596
"EL651",7.23345851898193,12.6630773544312,22.9713153839111,15.9260759353638,15.7378559112549,2.8034656047821,1.85039436817169,0.461690962314606,1.93200612068176,78.0806732177734,70.3017349243164,58.2412147521973,70.5876541137695,0.204876095056534,0.343814045190811,0.0990279912948608,0.00208826246671379,0,0.0772202163934708,0,0.131815284490585,0.131815284490585,12.2479446635827,0.00184841468681103
"EL652",7.60689544677734,13.1124696731567,23.5091648101807,16.3567752838135,15.902268409729,2.43894457817078,1.65956199169159,0.404445558786392,1.67905652523041,76.9920043945312,69.3476333618164,57.5158538818359,69.8050994873047,0.240954712033272,0.371296286582947,0.0738781094551086,0.00279757077805698,0,0.0436263829469681,0,0.0849475860595703,0.0849475860595703,11.5492946855908,0.00509760724683104
"EL653",9.74863338470459,14.0684785842896,23.6558380126953,17.8884449005127,13.9072046279907,3.34096050262451,1.61413538455963,0.265053510665894,2.15986466407776,75.3713989257812,71.9230651855469,64.3545379638672,70.7955093383789,0.174912914633751,0.260815113782883,0.0833049416542053,0.00131308089476079,0,0.0413515046238899,0,0.0824181362986565,0.0824181362986565,11.8027777978897,0.00174208554835053
"ES111",9.64453506469727,11.6898136138916,17.4797630310059,14.4915761947632,7.83522891998291,5.06112432479858,3.55922102928162,1.49071228504181,3.90999698638916,82.4883422851562,79.696662902832,80.355339050293,82.668083190918,0.14256189763546,0.030710382387042,0.00175770546775311,0.0141712399199605,0.000937087053898722,0.0323690697550774,0.52186393737793,0.00264686718583107,0.52451080083847,13.7144776784551,0.00174072841448699
"ES112",6.91452980041504,10.0604009628296,16.9178409576416,12.6933374404907,10.0033102035522,4.29065418243408,3.40751624107361,1.77945017814636,3.56230545043945,83.9863662719727,79.1327819824219,78.2100067138672,82.0885848999023,0.208372011780739,0.0451545417308807,0.00705487187951803,0.00457616942003369,0.00103540509007871,0.0165063198655844,0.667298913002014,0.000801547023002058,0.668100416660309,12.7464585581871,0.00129152758096159
"ES113",5.74271726608276,9.80438709259033,17.6640739440918,12.2239971160889,11.9213571548462,4.54927635192871,3.3063657283783,1.55651926994324,3.54873538017273,84.4647827148438,76.2008361816406,71.4504699707031,79.5545959472656,0.175894916057587,0.0969554111361504,0.0161986574530602,0.00630466360598803,0.0018076270353049,0,0.70104992389679,0,0.70104992389679,12.8116680190035,0.00176628992541724
"ES114",8.5013256072998,11.4747047424316,17.8619499206543,13.921516418457,9.36062431335449,5.91330146789551,4.02073669433594,1.51772582530975,4.45959949493408,84.2062759399414,79.3170928955078,77.7915725708008,82.6681594848633,0.164098858833313,0.077776312828064,0.00167408538982272,0.0170190799981356,0.000838957610540092,0,0.607959508895874,0,0.607959508895874,13.3679886111983,0.00301060683273028
"ES120",6.24849271774292,9.25155353546143,16.1901760101318,12.1300001144409,9.94168376922607,3.76588916778564,3.70962452888489,2.68315482139587,3.53484058380127,80.6774215698242,78.9076156616211,81.2336349487305,81.3711547851562,0.123001523315907,0.0181211549788713,0.0224352609366179,0.00814125780016184,0.000344501197105274,0.478219717741013,0.214962065219879,0.034546434879303,0.249508485198021,13.4125126538039,0.00126877350262199
"ES130",6.79072093963623,9.95839595794678,17.0467281341553,12.9109029769897,10.2560081481934,3.24984216690063,3.44820928573608,2.71466612815857,3.18197774887085,80.6341400146484,78.0475921630859,80.3194046020508,80.3349761962891,0.205237701535225,0.0354432910680771,0.0243661161512136,0.00994531251490116,5.19075838383287e-05,0.519898772239685,0.0470668561756611,0.0418163798749447,0.0888832360506058,12.9953828381523,0.00248463936987125
"ES211",5.79496812820435,9.91675758361816,17.5755405426025,12.4903039932251,11.7805738449097,2.61327719688416,2.85987782478333,1.97730278968811,2.38648438453674,82.2457122802734,77.2161712646484,77.7446060180664,79.5019989013672,0.376697897911072,0.124147109687328,0.0117363957688212,0.0126349683851004,0.00044805122888647,0.0336818024516106,0.408176124095917,0.00319010601378977,0.41136622428894,12.7813519040185,0.00423871904182015
"ES212",7.78419780731201,10.9692935943604,17.9033870697021,13.914267539978,10.1191892623901,3.9298574924469,3.78062796592712,2.74504017829895,3.64892172813416,79.9733276367188,78.1198425292969,81.0621032714844,79.8063507080078,0.111662745475769,0.0379913114011288,0.00126514164730906,0.0162576716393232,0.000727672362700105,0,0.549590945243835,0,0.549590945243835,12.6514093967177,0.00634422759542176
"ES213",8.3262186050415,11.1478672027588,17.8091850280762,14.1887378692627,9.48296642303467,3.6172091960907,3.43360209465027,2.45351815223694,3.31580758094788,79.1525344848633,78.1499481201172,81.5266265869141,79.5795059204102,0.099313534796238,0.0499190650880337,0.0101661430671811,0.0423958003520966,0.000703497789800167,0.122166566550732,0.481618940830231,0.0112631302326918,0.492882072925568,13.5290268505196,0.00617241048568632
"ES220",5.55266666412354,10.4024028778076,18.88254737854,12.7424879074097,13.3298797607422,2.59761071205139,2.80394220352173,2.16956281661987,2.50641870498657,81.1651382446289,73.5469589233398,71.4879760742188,77.2901077270508,0.382437199354172,0.11524660885334,0.0195253118872643,0.00975199788808823,0.000485875469166785,0.00747839454561472,0.423454344272614,0.0187730472534895,0.442227363586426,13.5290353403035,0.00130249164435867
"ES230",4.3578085899353,9.02772045135498,17.7973861694336,11.5129585266113,13.4395771026611,1.97071278095245,2.63023161888123,2.05036926269531,1.91428685188293,80.3509674072266,73.5920181274414,70.4374008178711,76.0288696289062,0.352476298809052,0.126815125346184,0.0529117062687874,0.00582058588042855,0.000179748865775764,0.253898471593857,0.16340783238411,0.0443624593317509,0.20777028799057,12.3250172979152,0.00244671807255548
"ES241",3.85522150993347,9.7680196762085,19.7337512969971,11.8867149353027,15.878529548645,2.21652865409851,2.58109092712402,2.45279669761658,2.59511375427246,77.4116287231445,68.5722274780273,63.3617820739746,74.3800659179688,0.392833083868027,0.0654145181179047,0.0731872618198395,0.00215808255597949,0.000579119368921965,0.073380209505558,0.296423554420471,0.0946839675307274,0.391107559204102,12.5608528267893,0.000806732764128782
"ES242",4.83434391021729,10.1350202560425,20.0863361358643,12.4664449691772,15.251992225647,1.29984617233276,1.79550838470459,1.47586417198181,1.50671899318695,75.0982055664062,65.9469451904297,60.7250061035156,71.2154693603516,0.363376379013062,0.0573151223361492,0.197681546211243,0.00112990255001932,0,0.276930093765259,0,0.103514909744263,0.103514909744263,11.7942363862347,0.000799776403658977
"ES243",6.14454650878906,12.0383472442627,21.7899646759033,13.9731101989746,15.6454181671143,1.3160742521286,1.60729682445526,1.36249208450317,1.46733868122101,76.0390396118164,62.9165878295898,56.809253692627,69.8319244384766,0.486368417739868,0.057525984942913,0.19330021739006,0.00568199483677745,7.17128641554154e-05,0.10146801173687,0.0674037262797356,0.0877140015363693,0.155117735266685,13.5728453492531,0.000781222214760658
"ES300",5.37555980682373,11.5041007995605,22.6673984527588,13.8318824768066,17.2918395996094,1.85665833950043,1.7284939289093,0.808562576770782,1.65467536449432,78.7811508178711,63.1487922668457,46.5310554504395,66.6383209228516,0.430112481117249,0.0970829352736473,0.145871311426163,0.0588675700128078,0,0.141697138547897,0,0.125591546297073,0.125591546297073,15.1301471158904,0.0018908043274988
"ES411",4.65231561660767,10.1497259140015,20.6991939544678,12.6287965774536,16.0468769073486,2.39165377616882,1.98220002651215,0.935310184955597,1.9107232093811,79.2000350952148,66.4959564208984,51.0734672546387,68.9897613525391,0.422773659229279,0.0811414942145348,0.192990988492966,0.00364302797242999,0,0.200456097722054,0,0.0986729711294174,0.0986729711294174,12.2611983524594,0.00152717908945794
"ES412",4.57109355926514,9.09795379638672,17.846923828125,11.7079887390137,13.2758302688599,2.1552996635437,2.38470721244812,1.5890656709671,1.93166768550873,81.7226638793945,73.741943359375,69.0004501342773,75.5602722167969,0.46983402967453,0.11474222689867,0.0564604662358761,0.00441382545977831,0.000154582201503217,0.151222378015518,0.138986185193062,0.0548156797885895,0.19380185008049,13.1200754495924,0.000916080298583153
"ES413",3.98389077186584,8.48647212982178,17.3020324707031,11.0031042098999,13.3181409835815,2.77260518074036,2.50709104537964,1.59288251399994,2.39098286628723,82.4626083374023,72.5484771728516,66.3444900512695,76.2876586914062,0.300771147012711,0.116787016391754,0.0363110862672329,0.00415629614144564,0.00207882118411362,0.0601178370416164,0.453039407730103,0.0219267494976521,0.474966168403625,13.1850232208691,0.000846977755929865
"ES414",4.39105892181396,9.26722621917725,18.3529109954834,11.7075881958008,13.9618520736694,1.98495876789093,2.03222990036011,1.35795831680298,1.82134938240051,81.9005737304688,70.8114471435547,63.8012008666992,74.2203216552734,0.572156548500061,0.124543040990829,0.0465185530483723,0.00397226586937904,0.000199969101231545,0.0277948509901762,0.170910120010376,0.0512833632528782,0.222193494439125,12.482188911466,0.00154651970430283
"ES415",5.49985361099243,10.6844539642334,20.572473526001,13.1407470703125,15.0726184844971,2.47961354255676,1.92668569087982,0.843259274959564,1.94028353691101,81.1322708129883,67.7723770141602,54.2046432495117,70.573371887207,0.454855740070343,0.172320246696472,0.0448809899389744,0.00359227298758924,0,0.234381958842278,0,0.0874171629548073,0.0874171629548073,12.8617800448857,0.00104094132782931
"ES416",4.29913568496704,9.67178630828857,20.1406230926514,12.1423969268799,15.8414869308472,1.99422240257263,1.96168458461761,1.05684554576874,1.65277421474457,79.6614990234375,66.9115219116211,53.0484199523926,69.3731307983398,0.438375800848007,0.0947874784469604,0.135897576808929,0.00491063157096505,0,0.227316915988922,0,0.0985877066850662,0.0985877066850662,12.343021395457,0.00178951277662829
"ES417",3.75653100013733,9.02274417877197,19.1166477203369,11.4363193511963,15.3601169586182,1.68237817287445,2.0566246509552,1.454833984375,1.5554370880127,79.416145324707,68.3221740722656,58.6243171691895,71.4325180053711,0.383370131254196,0.0867205336689949,0.141747862100601,0.00150246918201447,1.80126553459559e-05,0.27475705742836,0.0159584283828735,0.095380388200283,0.111338816583157,11.7448219721544,0.00114863023537251
"ES418",5.25382614135742,10.6970167160034,20.6105976104736,12.9438648223877,15.3567714691162,1.68425786495209,1.60336244106293,0.886175096035004,1.47963786125183,80.4599533081055,65.6455535888672,53.7176742553711,69.7247543334961,0.653178691864014,0.0484114028513432,0.151953220367432,0.0065261977724731,0,0.0504521802067757,0,0.0894782766699791,0.0894782766699791,13.0178715121383,0.00160572485341423
"ES419",5.19913053512573,10.3479127883911,19.8552761077881,12.6073331832886,14.6561460494995,2.11172127723694,1.83508718013763,0.99109536409378,1.77084529399872,81.6750030517578,67.2884750366211,56.267219543457,71.7911529541016,0.457178443670273,0.161361530423164,0.0499233677983284,0.00238890713080764,0.00120739417616278,0.11917470395565,0.128028005361557,0.0786418169736862,0.206669822335243,12.2932828504085,0.00116769933745388
"ES421",6.44981479644775,12.1357841491699,22.758903503418,14.6322631835938,16.3090877532959,1.36069977283478,1.50927639007568,0.768385112285614,1.34080874919891,76.8998718261719,63.393856048584,53.1202583312988,68.7233810424805,0.465139865875244,0,0.270019680261612,0.00278192851692438,0,0.171523913741112,0,0.0905293300747871,0.0905293300747871,12.7200655917804,0.000857296480830924
"ES422",6.88977384567261,13.0073652267456,24.2805995941162,15.5763359069824,17.3908252716064,1.91264319419861,1.63319170475006,0.574271202087402,1.52549910545349,78.767448425293,62.9475555419922,45.0171661376953,64.9330368041992,0.463702380657196,0.0255474746227264,0.205163329839706,0.00319354748353362,0,0.203618243336678,0,0.0980422720313072,0.0980422720313072,13.0371663988524,0.000660220306571656
"ES423",5.13592910766602,10.8917589187622,21.8203144073486,13.3345022201538,16.684383392334,1.72641587257385,1.81553721427917,1.00096988677979,1.60597741603851,78.1912384033203,64.8799209594727,52.7286720275879,69.2603607177734,0.432652652263641,0.00710499566048384,0.225650683045387,0.0015990698011592,0,0.243450552225113,0,0.0893287435173988,0.0893287435173988,12.283389959999,0.000715165960354741
"ES424",4.22578430175781,9.90186786651611,20.7157955169678,12.3073892593384,16.49001121521,1.76175606250763,1.9537216424942,1.19931542873383,1.63794875144958,78.6821136474609,65.6174545288086,52.1420745849609,68.9010314941406,0.379394143819809,0.0292179808020592,0.204493492841721,0.00244616949930787,0,0.28457847237587,0,0.0989230051636696,0.0989230051636696,12.3697567553167,0.00101211976507146
"ES425",6.42044305801392,12.6505680084229,23.9090709686279,14.9905166625977,17.4886264801025,1.9766743183136,1.71232223510742,0.678648173809052,1.7114565372467,79.1979904174805,63.0008087158203,45.0588073730469,66.4030151367188,0.489256411790848,0.00377324200235307,0.242741525173187,0.0108101507648826,0,0.158747360110283,0,0.0936289727687836,0.0936289727687836,14.1207404196805,0.000916552435467932
"ES431",8.70266532897949,14.1990585327148,24.3563442230225,16.8439254760742,15.6536769866943,2.18390464782715,1.44404411315918,0.459295153617859,1.63270938396454,79.0436248779297,64.1127090454102,48.141960144043,65.6804046630859,0.489044964313507,0.154716238379478,0.0405717417597771,0.00393550843000412,0,0.218313619494438,0,0.0909312814474106,0.0909312814474106,13.4104586457289,0.000616253252995655
"ES432",7.85023880004883,13.4750928878784,23.8787040710449,16.0266857147217,16.0284652709961,2.93553256988525,1.89084148406982,0.587069272994995,2.21714973449707,79.1582336425781,64.8328475952148,48.3195266723633,66.6042098999023,0.405415922403336,0.129101499915123,0.0788279846310616,0.00240514753386378,0,0.292075306177139,0,0.0890687108039856,0.0890687108039856,12.8938578984897,0.000650667922566057
"ES511",5.9240574836731,11.0932760238647,20.202953338623,13.7041835784912,14.2788963317871,1.6585578918457,2.48931479454041,2.39128589630127,2.77170825004578,78.4976196289062,75.4519805908203,75.2120895385742,79.4065170288086,0.236726343631744,0.0583605356514454,0.00913784187287092,0.0451022796332836,0.0005154560203664,0.0941209122538567,0.4109106361866,0.0263715703040361,0.437282234430313,14.5165221701539,0.0018819526614121
"ES512",6.39885854721069,11.1113405227661,20.0079517364502,13.8145427703857,13.609091758728,2.15663743019104,2.81131267547607,2.60687446594238,2.96565198898315,76.5506286621094,74.9700622558594,74.8466339111328,78.0218505859375,0.187947139143944,0.0517410635948181,0.0107788890600204,0.00899474043399096,6.93947586114518e-05,0.455814957618713,0.0540700107812881,0.073348879814148,0.127418890595436,12.9638836323479,0.00220767455064474
"ES513",3.33241605758667,9.40870189666748,19.2484245300293,11.5970888137817,15.9160089492798,1.73522627353668,2.43772792816162,2.36615228652954,2.32138872146606,76.6172943115234,69.8919982910156,67.2512893676758,75.7368698120117,0.359160304069519,0.0836765021085739,0.0486395061016083,0.00400896603241563,0.000432330154580995,0.119840279221535,0.283798605203629,0.0983322560787201,0.382130861282349,12.8326180111585,0.00105532627633214
"ES514",8.25854873657227,13.3349409103394,22.5999603271484,16.0272159576416,14.3414096832275,1.3462495803833,1.51063656806946,1.20003521442413,2.04587697982788,75.6836090087891,68.4366302490234,67.0566329956055,74.1783981323242,0.325969189405441,0.0881142318248749,0.072542630136013,0.00781962554901838,0,0.239531859755516,0,0.092492587864399,0.092492587864399,12.8465721610091,0.0020230150776793
"ES521",10.457878112793,14.7482414245605,23.7061309814453,17.8689136505127,13.2482528686523,1.23124063014984,1.21898174285889,0.505500972270966,1.59676957130432,72.6631088256836,66.0288009643555,65.7182769775391,71.4200210571289,0.367903798818588,0,0.276401787996292,0.0196346919983625,0,0.0891821980476379,0,0.0920640081167221,0.0920640081167221,13.7308036146357,0.0023261402201358
"ES522",7.88676452636719,12.4718656539917,21.6080570220947,15.2388858795166,13.7212934494019,1.43966281414032,1.68196952342987,1.3327089548111,1.96123588085175,72.3615493774414,67.8904113769531,68.6735153198242,72.6865615844727,0.266632974147797,0.0508347041904926,0.141774699091911,0.00915530044585466,0,0.314224720001221,0,0.0811431929469109,0.0811431929469109,12.845021906175,0.00192886260318924
"ES523",8.17126274108887,13.1636190414429,22.5217418670654,15.7892065048218,14.3504791259766,1.38880300521851,1.49278819561005,0.936999201774597,1.76938712596893,73.8142852783203,65.7379379272461,65.3805694580078,71.8764038085938,0.320594727993011,0.00240915711037815,0.263812661170959,0.0148230865597725,0,0.244568109512329,0,0.0922607257962227,0.0922607257962227,13.9732933835567,0.00129574498871032
"ES532",12.3397378921509,14.8680963516235,23.4736022949219,19.2783508300781,11.1338624954224,1.39335036277771,1.27469658851624,0.480599403381348,1.74417304992676,75.8671112060547,75.1830291748047,73.5771331787109,74.7517318725586,0.219917327165604,0.0836930647492409,0.00938310287892818,0.0104621546342969,0,0.115610525012016,0,0.0619905218482018,0.0619905218482018,12.6449823015982,0.0035171114412091
"ES611",9.29084205627441,13.5411710739136,22.6201858520508,16.4869556427002,13.329345703125,1.22967684268951,1.23913133144379,0.469315350055695,1.13756966590881,73.0226669311523,65.6002807617188,60.6024780273438,70.239013671875,0.253844618797302,0.0536626242101192,0.331624686717987,0.003856320399791,0,0.0865859314799309,0,0.0955255627632141,0.0955255627632141,12.520465871216,0.00143482416544928
"ES612",12.0350570678711,15.5584354400635,23.3369655609131,18.6302719116211,11.301908493042,3.27128219604492,1.6482549905777,0.284662008285522,2.12854623794556,78.791618347168,70.7124404907227,63.6880531311035,73.2069625854492,0.3609539270401,0.154756814241409,0.0218241009861231,0.00813253689557314,0,0.184146404266357,0,0.0895828604698181,0.0895828604698181,13.2361100556972,0.00178746507345282
"ES613",8.84882640838623,14.6129636764526,25.006685256958,17.2686462402344,16.1578598022461,2.28496694564819,1.53746950626373,0.441622167825699,1.66714000701904,77.7777328491211,63.5206718444824,48.3630447387695,65.195426940918,0.493908435106277,0.163660049438477,0.0319670289754868,0.00648496998474002,0,0.213084504008293,0,0.0892884954810143,0.0892884954810143,13.4394334244006,0.000971058999326333
"ES614",6.99520015716553,11.9163637161255,21.9355621337891,14.7282257080078,14.9403629302979,1.87992739677429,1.66790533065796,0.585802018642426,1.48740649223328,76.4989471435547,67.1926956176758,56.0250473022461,69.4335708618164,0.396813958883286,0.136770009994507,0.144303500652313,0.00748896738514304,0,0.152698516845703,0,0.0916450098156929,0.0916450098156929,13.5960263966577,0.00106485924430377
"ES615",10.9313545227051,15.5326547622681,24.4177398681641,18.3745613098145,13.4863843917847,2.36345100402832,1.40935707092285,0.293858408927917,1.72547447681427,76.995979309082,65.5670623779297,53.7654418945312,67.2084655761719,0.30951714515686,0.14947697520256,0.0239836722612381,0.00534162856638432,0,0.322502553462982,0,0.0926197841763496,0.0926197841763496,13.1583423634681,0.00128949258409716
"ES616",7.16239356994629,12.9956798553467,23.8189182281494,15.660080909729,16.6565246582031,2.15379619598389,1.79047071933746,0.545932471752167,1.5952479839325,77.6188888549805,64.5164337158203,48.9927139282227,65.9250946044922,0.432717353105545,0.0270197261124849,0.215745642781258,0.00528722675517201,0,0.230960696935654,0,0.0880684778094292,0.0880684778094292,13.2705759256601,0.000985737772836622
"ES617",10.3464450836182,14.2438821792603,22.7266235351562,17.1647148132324,12.3801794052124,2.64404487609863,1.55614924430847,0.36385652422905,1.85673272609711,78.8014297485352,70.5707855224609,62.9030342102051,73.5070037841797,0.391234695911407,0.179298415780067,0.0130112953484058,0.0136723741889,0,0.186394244432449,0,0.0815353617072105,0.0815353617072105,13.690620506884,0.00185928196857471
"ES618",10.6096382141113,15.8112964630127,25.3124675750732,18.5620384216309,14.7028293609619,2.41425466537476,1.41139101982117,0.330411344766617,1.74560046195984,77.0347442626953,63.7712326049805,51.1185989379883,65.7643966674805,0.522110462188721,0.171030774712563,0.00980550236999989,0.0143179474398494,0,0.167157024145126,0,0.108244590461254,0.108244590461254,14.3047074836813,0.00102494216102757
"ES620",9.26057720184326,14.1686019897461,23.5454788208008,16.9081192016602,14.2849016189575,1.08296477794647,1.16447460651398,0.479587703943253,1.18677568435669,73.0187759399414,63.6496543884277,60.3441619873047,70.0683135986328,0.405376255512238,0,0.31506758928299,0.00883048959076405,0,0.108641386032104,0,0.0939528718590736,0.0939528718590736,13.6507665076615,0.00120702347882715
"FI193",-7.81693840026855,2.38388681411743,14.7245149612427,3.35540318489075,22.5414543151855,1.42979001998901,1.47793328762054,2.84860229492188,2.05892753601074,86.9662170410156,72.6927871704102,74.0340194702148,87.1878433227539,0.0465176478028297,0.00013631657930091,0.000696924980729818,0.0028240573592484,8.3204703706357e-14,0.672571778297424,0.110330879688263,0.0109870629385114,0.121317937970161,12.5144246161488,0.000633084241732504
"FI194",-7.12943410873413,2.90732860565186,14.6174898147583,3.44152188301086,21.7469253540039,1.3712112903595,1.39499258995056,2.73295164108276,1.9899605512619,86.4308547973633,70.7823028564453,72.7550506591797,86.3909072875977,0.166960909962654,0.000383243197575212,0.00051268475363031,0.00204666005447507,0,0.766430377960205,0,0.0384868495166302,0.0384868495166302,12.1229590034022,0.00087462156613072
"FI195",-6.11607980728149,2.52092814445496,14.3591232299805,4.41780567169189,20.4752006530762,1.38099038600922,1.25963771343231,2.37798738479614,2.04909586906433,84.5352249145508,73.6540374755859,74.1346817016602,83.891471862793,0.161254435777664,0.00155229854863137,0.000420024589402601,0.00342931877821684,0,0.524361073970795,0,0.0383305624127388,0.0383305624127388,11.7652971206476,0.00149145535992565
"FI196",-5.2573823928833,3.36573910713196,14.8209810256958,4.85528230667114,20.0783615112305,1.59937238693237,1.47471725940704,2.76293063163757,2.22791981697083,86.0022354125977,73.0657653808594,74.4423675537109,85.1371154785156,0.171258464455605,0.00157778977882117,0.000316136720357463,0.00586457271128893,0,0.699258983135223,0,0.0442717671394348,0.0442717671394348,12.178171455409,0.00149309427319517
"FI197",-6.54516935348511,3.06925821304321,14.8485822677612,4.05094003677368,21.3937511444092,1.50338566303253,1.48085582256317,2.86165308952332,2.09437990188599,87.4107894897461,72.5620574951172,74.1086730957031,87.0877075195312,0.130233183503151,0.000703108846209943,0.000277699145954102,0.0082957036793232,0,0.714352309703827,0,0.0320662371814251,0.0320662371814251,12.7857644827623,0.000872653795806237
"FI1B1",-4.73365449905396,3.33982539176941,15.2532558441162,5.63325452804565,19.986909866333,1.80008101463318,1.44672763347626,2.46909499168396,2.33341336250305,85.7393798828125,75.3388366699219,74.7889556884766,84.3002853393555,0.212949708104134,0.00203297520056367,8.18713087937795e-05,0.0277032125741243,0,0.313743889331818,0.180976375937462,0.0284765083342791,0.209452882409096,13.7065768605336,0.00145141461362555
"FI1C1",-4.19553756713867,3.51073026657104,15.1230068206787,5.74131631851196,19.3185424804688,1.72618091106415,1.44314455986023,2.53819274902344,2.29883146286011,85.7195510864258,75.1736526489258,74.9675674438477,84.5031814575195,0.265460848808289,0.00263799913227558,0.00019167541177012,0.00608029961585999,0,0.4759301841259,0,0.0603600330650806,0.0603600330650806,12.6370222274206,0.00119615218072274
"FI1C2",-5.88845252990723,3.50826239585876,15.200701713562,4.4905800819397,21.0891551971436,1.59599816799164,1.47280299663544,2.71357035636902,2.07303404808044,87.333625793457,72.6629180908203,73.7167205810547,86.8365173339844,0.198717221617699,0.000971407978795469,8.01731512183324e-05,0.00606921268627048,4.77231101064506e-17,0.610053777694702,0.0534932054579258,0.041949100792408,0.0954423025250435,12.1405997713541,0.00214962709909966
"FI1C3",-6.50559902191162,3.20470952987671,15.3231811523438,4.47160530090332,21.8287792205811,1.53870177268982,1.45635950565338,2.65721392631531,2.06678795814514,86.9297027587891,72.5391845703125,73.5182189941406,86.3087158203125,0.145608514547348,0.000981603283435106,0.000217711844015867,0.0034268656745553,3.22624448044571e-14,0.0144049962982535,0.660945415496826,0.000423706136643887,0.661369144916534,11.931585017289,0.00192524016736113
"FI1C4",-6.27405834197998,3.38812875747681,15.5895195007324,4.73281717300415,21.8635787963867,1.68422436714172,1.4607709646225,2.53832125663757,2.1847071647644,86.3701858520508,73.00537109375,72.735107421875,85.1854019165039,0.157236739993095,0.0014896591892466,0.000527592899743468,0.00501742586493492,0.000189666723599657,0.00384004390798509,0.713829815387726,0.000111441288026981,0.713941276073456,11.9546237550846,0.00214732860364991
"FI1C5",-7.04006290435791,2.92118310928345,15.644778251648,4.4167652130127,22.6848430633545,1.64183139801025,1.44030809402466,2.76792120933533,2.30364608764648,86.3621063232422,73.7201690673828,72.9566650390625,85.4988555908203,0.0549719929695129,0.00300839799456298,0.0029298139270395,0.00195123872254044,0.00076833984348923,0.337426036596298,0.330129623413086,0.0124927600845695,0.342622399330139,11.7641517296426,0.00171718926443415
"FI1D1",-7.73130083084106,2.60935211181641,15.3610124588013,3.77615976333618,23.0923137664795,1.5058206319809,1.46246314048767,2.87346386909485,2.10850596427917,86.6244888305664,73.5606536865234,74.1250305175781,86.7462768554688,0.0277400128543377,0.000109870103187859,0.0004154518537689,0.00234723137691617,5.56435079488438e-05,0.290006458759308,0.428731977939606,0.00402584625408053,0.432757824659348,12.2960266029429,0.000647879079629438
"FI1D2",-8.96949577331543,1.92895913124084,14.6202917098999,2.85426616668701,23.589786529541,1.49812996387482,1.53311026096344,2.89809370040894,2.15337228775024,86.3763275146484,72.5149307250977,73.9328384399414,86.8210983276367,0.0644478648900986,0.000109958760731388,0.000857781968079507,0.00185144634451717,1.88794479046494e-14,0.668563544750214,0.0849355235695839,0.0145500460639596,0.0994855687022209,12.3544861177607,0.000610055354272326
"FI1D3",-9.48517322540283,1.64138317108154,14.5864400863647,2.52901792526245,24.0716114044189,1.61000669002533,1.54151666164398,2.92640447616577,2.35400915145874,86.0174713134766,72.9626159667969,74.3656616210938,86.8497619628906,0.0320451445877552,0.000531692407093942,0.00213513686321676,0.00218660873360932,0.00744253816083074,0.0400435663759708,0.754333317279816,0.000666674401145428,0.754999995231628,12.043770696167,0.00056230587346431
"FI1D5",-7.97760725021362,2.45035123825073,14.4229936599731,3.01450109481812,22.4006023406982,1.27467119693756,1.33071875572205,2.63533353805542,1.91290283203125,85.9370346069336,70.59423828125,72.2808685302734,85.8938446044922,0.112063691020012,0.000450560095487162,0.000972965965047479,0.00125708058476448,0,0.794965744018555,0.0117725459858775,0.0286637581884861,0.0404363051056862,10.7543160034046,0.00209286539335918
"FI1D7",-11.9688940048218,-1.2195143699646,11.9612731933594,-0.458881914615631,23.9301681518555,1.18622624874115,1.37609827518463,2.42291045188904,1.83021438121796,83.619384765625,73.7900238037109,71.8430252075195,84.9076461791992,0.00294552347622812,0.000260607834206894,0.0084705613553524,0.000375185889424756,0.0630226656794548,0.148336619138718,0.727028608322144,0.00240818946622312,0.729436755180359,12.0653811267014,0.000122900554462168
"FI1D8",-10.6525821685791,0.752529919147491,13.5871238708496,1.34783494472504,24.2397041320801,1.3931131362915,1.50864374637604,2.77875447273254,2.12930679321289,85.9883651733398,72.0276489257812,73.731803894043,87.1591415405273,0.00845907907932997,0.000140039759571664,0.00484329555183649,0.000653853174299002,0.00675139669328928,0.307228088378906,0.57448136806488,0.00340243289247155,0.577883780002594,11.462677019275,0.000508710368869266
"FI1D9",-10.0541257858276,0.943020284175873,13.6496171951294,1.67614340782166,23.703742980957,1.31086778640747,1.39560270309448,2.63728880882263,1.94913172721863,85.4602890014648,72.2623977661133,73.0918579101562,85.984489440918,0.0522722341120243,0.000455366825917736,0.00458248797804117,0.00178969092667103,0.00352324126288295,0.251801311969757,0.607617974281311,0.00895608216524124,0.616574048995972,12.5017560204528,0.000321126299355117
"FI200",-1.39301693439484,2.85117030143738,14.3264570236206,7.77113103866577,15.7194738388062,1.60020422935486,1.17454040050507,1.8294677734375,2.23022651672363,82.0046539306641,81.4937744140625,80.268440246582,80.176155090332,0.0404320657253265,0.0025484838988632,0.000265068403678015,0.00184736878145486,0,0.188501670956612,0,0.0112580172717571,0.0112580172717571,9.18337196371841,0.00669624460056457
"FR101",3.93753933906555,9.66968154907227,17.8561534881592,11.0365438461304,13.9186153411865,1.97324657440186,2.08747887611389,1.82876527309418,1.95995831489563,86.3646240234375,76.2236785888672,73.1658554077148,83.4745407104492,0.240313693881035,0.0614888146519661,1.03759956182614e-09,0.421690732240677,0,0,0,0.276506781578064,0.276506781578064,12.5346253238207,0.163861402620725
"FR102",3.72010087966919,9.68518352508545,18.0472621917725,10.9922542572021,14.3271608352661,2.21051907539368,2.15405893325806,1.86283957958221,2.10508465766907,86.2529830932617,75.9001922607422,72.4243087768555,83.1942977905273,0.450392872095108,0.184797957539558,2.09181982846474e-09,0.0464593283832073,0,2.44064387750487e-17,0,0.318349838256836,0.318349838256836,14.3228751492612,0.00241880712464355
"FR103",3.91254734992981,9.43209552764893,17.553731918335,10.9238138198853,13.6411848068237,1.93903148174286,2.08399534225464,1.8182133436203,1.92293894290924,86.8676986694336,77.2630386352539,73.9639739990234,83.8621139526367,0.398338556289673,0.150137916207314,1.38423805751131e-09,0.115106493234634,0,5.19619125505244e-10,0,0.336417019367218,0.336417019367218,14.5692202407642,0.00636946831478002
"FR104",3.95278787612915,9.73113632202148,18.0087013244629,11.1191120147705,14.0559129714966,1.9889589548111,2.07165122032166,1.7986798286438,1.96101152896881,86.3833312988281,76.1708526611328,72.5857925415039,83.1048965454102,0.37292668223381,0.144127279520035,1.78379944149043e-09,0.21728353202343,0,1.08483543329041e-11,0,0.265662521123886,0.265662521123886,15.0374379595008,0.00823211169912905
"FR105",3.93753910064697,9.66968154907227,17.8561534881592,11.0365438461304,13.9186153411865,1.97324669361115,2.08747911453247,1.82876527309418,1.95995843410492,86.364616394043,76.2236785888672,73.1658554077148,83.4745407104492,0.240313678979874,0.0614888109266758,1.03759945080384e-09,0.421690732240677,0,0,0,0.276506781578064,0.276506781578064,13.2850288461647,0.0819828429463821
"FR106",3.88382792472839,9.69014358520508,17.9195079803467,11.0278644561768,14.0356788635254,2.05236864089966,2.10830736160278,1.83793985843658,2.00713992118835,86.2827911376953,76.0715408325195,72.971061706543,83.424919128418,0.314435750246048,0.102985858917236,1.3910543827933e-09,0.288818180561066,0,0,0,0.29376021027565,0.29376021027565,13.2053221369552,0.056613766887295
"FR107",3.89513778686523,9.68673324584961,17.9080104827881,11.0302782058716,14.0128726959229,2.03625965118408,2.10388708114624,1.83580672740936,1.99750936031342,86.2996978759766,76.1009674072266,73.0055618286133,83.4330215454102,0.29908275604248,0.0943532288074493,1.31750765852701e-09,0.316601723432541,0,0,0,0.289962261915207,0.289962261915207,13.3247848008112,0.0564662867643192
"FR108",3.84556460380554,9.33713817596436,17.3154888153076,10.8119611740112,13.4699249267578,2.02052283287048,2.14148783683777,1.88433229923248,1.98066651821136,86.5993881225586,77.2821197509766,74.9878540039062,84.2426376342773,0.421146512031555,0.179713279008865,2.13439244056701e-09,0.0719484463334084,0,6.41557365568747e-16,0,0.327191740274429,0.327191740274429,13.6620068250717,0.010637643084968
"FRB01",4.15563488006592,10.0924644470215,18.6408863067627,11.4348497390747,14.4852504730225,2.41941046714783,2.45897626876831,2.05733966827393,2.41442489624023,85.4543380737305,74.9711227416992,71.0584182739258,81.8001022338867,0.397551119327545,0.23750451207161,0.00435408158227801,0.00832909438759089,0,7.96776367106844e-10,0,0.35226121544838,0.35226121544838,12.6872849990088,0.0017382757676795
"FRB02",3.92794036865234,9.38803386688232,17.6020164489746,10.9533853530884,13.6740760803223,1.94883096218109,2.02974081039429,1.73478245735168,1.8781920671463,87.4166030883789,77.6780242919922,73.3224868774414,83.6914367675781,0.530099332332611,0.230035305023193,2.37833797100961e-09,0.0135325379669666,0,6.26081408938717e-11,0,0.226332798600197,0.226332798600197,13.0439066457806,0.0022088330951192
"FRB03",4.66245079040527,10.2836332321167,18.7860202789307,11.788667678833,14.1235694885254,2.40349555015564,2.44997978210449,1.94757521152496,2.34790062904358,85.219841003418,75.139274597168,70.5950088500977,81.2429580688477,0.421278715133667,0.260292738676071,0.00142519571818411,0.00723621854558587,0,1.44716061356576e-09,0,0.309767186641693,0.309767186641693,12.4689799716476,0.00182675134475103
"FRB04",4.88341569900513,10.4002466201782,18.7017250061035,11.9090423583984,13.8183088302612,2.23894667625427,2.21616172790527,1.74994671344757,2.05565762519836,86.1356658935547,75.5252990722656,70.9052200317383,81.9374694824219,0.451869249343872,0.240217566490173,8.17332984297536e-05,0.017907178029418,0,0,0,0.289924293756485,0.289924293756485,13.2472931475408,0.00215029023555252
"FRB05",4.41789484024048,10.1287622451782,18.5245990753174,11.5653495788574,14.1067047119141,2.17682027816772,2.17398262023926,1.79276037216187,2.05198407173157,86.3918533325195,75.5708999633789,70.9816818237305,82.1971664428711,0.438437521457672,0.188614830374718,0.000257263629464433,0.0116489715874195,0,8.05478687221362e-12,0,0.36104142665863,0.36104142665863,12.9693110420925,0.00202708267411932
"FRB06",4.04057550430298,9.96970272064209,18.404655456543,11.3176279067993,14.3640804290771,2.17385911941528,2.17223167419434,1.85349953174591,2.09863781929016,86.2949142456055,75.46826171875,71.4435882568359,82.4799041748047,0.403037846088409,0.18228118121624,3.05753246720997e-06,0.0113713862374425,0,1.0564144177494e-11,0,0.403306514024734,0.403306514024734,13.1071589994369,0.00192293707865177
"FRC11",2.80514240264893,9.39565753936768,18.0662879943848,10.4074230194092,15.2611455917358,2.87770462036133,2.95450401306152,2.65859818458557,2.89828300476074,85.2686996459961,74.4141845703125,71.7370071411133,82.8605575561523,0.361377000808716,0.176130354404449,0.000552544894162565,0.010002194903791,1.56875866463846e-11,7.29466400478662e-12,0.0910047069191933,0.360933214426041,0.451937943696976,13.0910952732633,0.00149517688055621
"FRC12",3.58900690078735,9.76694583892822,18.4149017333984,10.974461555481,14.8258953094482,2.83821892738342,2.77422571182251,2.34282088279724,2.81070470809937,85.0322341918945,74.7366638183594,71.5479736328125,82.4700469970703,0.349737375974655,0.234768688678741,0.00323653453961015,0.00634954683482647,0,4.60577187499922e-10,0.00623739324510098,0.399670451879501,0.405907869338989,12.3935043005868,0.00181882409392015
"FRC13",3.38730216026306,10.0053663253784,18.8616790771484,11.0368061065674,15.4743776321411,2.9423930644989,3.13334822654724,2.64709544181824,3.16874837875366,83.3403854370117,73.1607437133789,70.2942428588867,81.5297698974609,0.373587071895599,0.259291172027588,0.00279028806835413,0.0126330126076937,0,1.86879955954566e-10,0.0925884395837784,0.25911009311676,0.351698517799377,13.2634796196925,0.0015379718572485
"FRC14",3.49157118797302,9.65727996826172,18.1977844238281,10.8979072570801,14.7062120437622,2.58722996711731,2.45736408233643,2.15764212608337,2.46764039993286,85.923942565918,75.383186340332,71.9441528320312,82.7880325317383,0.437246978282928,0.197632849216461,0.000327427260344848,0.00758587568998337,0,2.90918005831087e-13,0,0.357206851243973,0.357206851243973,12.6967079662384,0.00170053691190272
"FRC21",1.76107978820801,8.45258235931396,17.1094169616699,9.58067798614502,15.3483371734619,4.08039426803589,4.23977899551392,4.19616985321045,3.91069006919861,82.2059783935547,74.448371887207,74.6071701049805,82.6189575195312,0.206922858953476,0.208079189062119,0.000240467663388699,0.0156943574547768,1.59071182875142e-12,0,0.568178296089172,0,0.568178296089172,12.9670578539184,0.0024868982141073
"FRC22",2.39205980300903,9.142014503479,17.8986988067627,10.2553024291992,15.5066385269165,4.30736398696899,4.22746753692627,3.90768218040466,4.07407426834106,81.7405166625977,73.6598052978516,73.1270904541016,81.7046051025391,0.239267140626907,0.189617857336998,0.000567536393646151,0.0109119936823845,5.42736099118368e-11,6.68339634153532e-17,0.505532801151276,0.0524261817336082,0.557958960533142,12.6298704489895,0.00250254982610232
"FRC23",2.39986944198608,9.37924098968506,18.0437316894531,10.1672277450562,15.6438617706299,3.66696810722351,3.38591957092285,2.96376895904541,3.3696813583374,83.1337738037109,73.3542022705078,71.6937561035156,82.0453414916992,0.256771415472031,0.197282880544662,5.57642863441288e-07,0.0111561315134168,1.05369554227741e-12,0,0.534415662288666,0.000373093382222578,0.53478878736496,12.7566758886465,0.00236576338799691
"FRC24",1.43351590633392,8.57606506347656,17.2160396575928,9.28772163391113,15.7825241088867,3.93978500366211,3.59689116477966,3.2738242149353,3.51295161247253,83.6649551391602,74.0149688720703,73.0477752685547,83.0055694580078,0.167981415987015,0.0961342304944992,0.000133641704451293,0.0223508179187775,0,0,0.71330189704895,0,0.71330189704895,11.3758925025709,0.0192350327136886
"FRD11",5.07173728942871,9.41190242767334,16.717077255249,11.4722423553467,11.6453399658203,2.4938018321991,2.27390813827515,1.92540872097015,2.38088583946228,85.7660903930664,78.6649856567383,77.8434600830078,83.9805679321289,0.324554771184921,0.313095808029175,0.000692503119353205,0.0166172236204147,0,5.90533066890941e-10,0.0347418151795864,0.145132154226303,0.17987397313118,13.1471609844826,0.00237542356907872
"FRD12",6.10648059844971,9.5454740524292,16.3368587493896,12.2017574310303,10.2303781509399,3.05162763595581,2.30569744110107,1.82346343994141,2.93656992912292,84.0575180053711,79.4128723144531,80.3719329833984,82.7705383300781,0.311904042959213,0.328170895576477,0.0037919357419014,0.0103331673890352,7.9898671012657e-11,9.28224164198355e-10,0.0644781664013863,0.0956636741757393,0.160141840577126,12.6134076709195,0.00211258328517111
"FRD13",4.167809009552,9.141526222229,16.8691387176514,10.8011636734009,12.7013311386108,2.27676796913147,2.2297568321228,1.82173752784729,2.05575799942017,87.8103942871094,78.4763031005859,75.9546890258789,85.0827102661133,0.39613750576973,0.326685309410095,3.56182794369886e-09,0.00733976159244776,0,7.97692351634451e-17,0,0.269837468862534,0.269837468862534,12.550461343583,0.00203894002471464
"FRD21",4.08929777145386,9.14950466156006,16.91282081604,10.8248138427734,12.8235235214233,2.08961987495422,2.18691039085388,1.89037656784058,2.0379843711853,87.1692352294922,78.5613861083984,76.3600769042969,84.7497406005859,0.415885716676712,0.228329330682755,0.000199019224965014,0.0268428958952427,0,2.42451947407574e-10,0,0.321348905563354,0.321348905563354,13.6616088783839,0.00228004323681895
"FRD22",4.62816286087036,9.07665061950684,16.4449596405029,11.2560062408447,11.816798210144,2.46663212776184,2.32032632827759,2.05714344978333,2.57790851593018,85.6017074584961,79.2284851074219,78.891227722168,83.9812545776367,0.360839664936066,0.267972946166992,0.00108488008845598,0.0181018132716417,0,1.07607499300055e-10,0.00971296336501837,0.203525230288506,0.213238194584846,13.3775161243507,0.00212055105645674
"FRE11",3.66785192489624,9.01520442962646,16.7417945861816,10.6755361557007,13.0739412307739,2.15263676643372,2.23678922653198,2.15469098091125,2.17428135871887,85.6375503540039,77.271614074707,76.8202667236328,84.1883850097656,0.41074475646019,0.250784188508987,2.52559839282185e-05,0.0918104946613312,0,2.49759310455566e-11,0.107915535569191,0.108076065778732,0.215991601347923,14.4711681411251,0.00251158852489921
"FRE12",4.12490940093994,8.94560432434082,16.4843406677246,10.9478788375854,12.359432220459,2.17457008361816,2.18292546272278,2.03336381912231,2.2966148853302,85.4384841918945,78.3555221557617,77.9990844726562,84.0172653198242,0.454465061426163,0.271052956581116,0.000621212238911539,0.034368734806776,0,7.47530481959302e-10,0,0.179372072219849,0.179372072219849,14.0179037009798,0.00209822997381049
"FRE21",3.29864048957825,9.18869590759277,17.2500438690186,10.4782838821411,13.9514026641846,2.32135653495789,2.31181144714355,2.12922787666321,2.20618987083435,86.2863388061523,76.5080261230469,74.9801330566406,84.3746566772461,0.451581448316574,0.242485255002975,2.50587617323106e-09,0.016225216910243,0,8.95840772385216e-17,0.0352633744478226,0.254444688558578,0.28970804810524,13.3415987015382,0.00179617534531762
"FRE22",3.7615475654602,9.26420497894287,17.1907520294189,10.7443189620972,13.4292039871216,2.05886292457581,2.17705202102661,1.95545494556427,2.02617883682251,86.4077529907227,77.238639831543,75.4409637451172,84.3032150268555,0.457314997911453,0.209962025284767,2.30627295039199e-09,0.0231543779373169,0,2.38659923809033e-16,0,0.309568643569946,0.309568643569946,13.8878234288159,0.0023678481893633
"FRE23",3.89962863922119,9.04089736938477,16.7139358520508,10.7735385894775,12.8143081665039,2.15511178970337,2.2218644618988,2.05192136764526,2.19423317909241,86.0116653442383,78.0384521484375,77.2688522338867,84.3865432739258,0.488078951835632,0.259994268417358,0.000223988783545792,0.0184387620538473,0,3.9210155955427e-11,0,0.211195930838585,0.211195930838585,13.3002938491467,0.00216100393289097
"FRF11",1.73578441143036,9.10808849334717,17.839714050293,9.68414211273193,16.1039295196533,2.8968870639801,2.95087313652039,2.99684524536133,2.80198097229004,83.8176956176758,72.8565902709961,71.0174865722656,82.3881683349609,0.271230965852737,0.170335322618484,1.93129578995865e-09,0.0502904765307903,0,0,0,0.508143246173859,0.508143246173859,13.8847920711235,0.00288735477752671
"FRF12",1.38182306289673,8.71905040740967,17.4199714660645,9.29524612426758,16.0381488800049,3.17072987556458,3.29135632514954,3.40574836730957,3.06763911247253,83.5505218505859,73.6396636962891,72.515869140625,82.8253936767578,0.256811082363129,0.15110445022583,0.000485685013700277,0.0343964621424675,0,0.0037392396479845,0.32542222738266,0.227461576461792,0.552883744239807,13.4757911424595,0.0037764339471448
"FRF21",2.48787331581116,8.72963714599609,16.8977527618408,9.8026647567749,14.4098796844482,2.85168552398682,2.62171316146851,2.47689080238342,2.60978150367737,86.8160934448242,76.4859085083008,75.2643051147461,85.3954620361328,0.307273238897324,0.244917377829552,0.000295336387353018,0.0149332592263818,1.56263460504569e-10,0,0.416740596294403,0.0158401913940907,0.432580798864365,12.8152688465306,0.00245554634398038
"FRF22",3.31138253211975,9.62652206420898,18.1344814300537,10.7621173858643,14.8230981826782,2.63553428649902,2.41674256324768,2.1569995880127,2.47072815895081,85.869743347168,75.0842895507812,72.0224838256836,83.0345306396484,0.450842410326004,0.195969939231873,0.000730074068997055,0.00911772064864635,0,3.52287476967916e-10,0.00354219158180058,0.337506651878357,0.341048866510391,12.6011390827124,0.00209037492018454
"FRF23",3.14076256752014,9.41747283935547,17.7992649078369,10.5153999328613,14.658501625061,2.50623488426208,2.3262345790863,2.10721921920776,2.35221982002258,85.9936370849609,75.3620071411133,72.8019409179688,83.7634429931641,0.472531586885452,0.22667583823204,0.000104443191958126,0.0108987186104059,7.08696171509606e-18,0,0.147185772657394,0.140563249588013,0.28774905204773,13.1183978375342,0.00161495956228401
"FRF24",2.56527376174927,9.21773052215576,17.7668609619141,10.1469306945801,15.2015857696533,3.08898258209229,2.91568231582642,2.64799547195435,2.91832399368286,85.7978973388672,74.6400527954102,72.3954772949219,83.5195007324219,0.346059858798981,0.180357605218887,0.00022390166122932,0.00518399709835649,0,2.92683849378861e-10,0.376788824796677,0.0908173769712448,0.46760618686676,12.1405676575139,0.00194155031807019
"FRF31",2.01626658439636,8.86035823822021,17.5013694763184,9.69402408599854,15.4851007461548,2.82746815681458,2.68403744697571,2.49036884307861,2.6579577922821,85.6141891479492,74.5479583740234,71.7158203125,83.6541442871094,0.344656109809875,0.232062116265297,0.000194305132026784,0.0224760286509991,5.05033806387414e-14,2.32516393842597e-16,0.171539470553398,0.229071989655495,0.400611490011215,13.2557534319161,0.00251348333757353
"FRF32",2.29342699050903,8.88472557067871,17.320426940918,9.8057918548584,15.0270004272461,2.94036602973938,2.67193055152893,2.44280481338501,2.66720271110535,86.3001327514648,75.1797180175781,73.1747360229492,84.4079818725586,0.35809713602066,0.203940138220787,0.0026894707698375,0.00833816919475794,6.29890722914084e-11,0,0.426728010177612,0,0.426728010177612,12.4675299483515,0.00201275837225738
"FRF33",1.87046813964844,8.86903285980225,17.573823928833,9.612060546875,15.7033557891846,2.7755880355835,2.61224555969238,2.46129560470581,2.6325626373291,85.2152862548828,73.8003845214844,70.8372421264648,83.3726654052734,0.324493497610092,0.229803800582886,1.61856823979178e-05,0.0505620539188385,2.74238825956818e-14,5.74313021307894e-17,0.108595736324787,0.286528766155243,0.395124524831772,14.1443956923209,0.00227881968386962
"FRF34",1.70153248310089,8.65442562103271,17.2783069610596,9.4548397064209,15.5767736434937,3.4804949760437,3.2092649936676,2.94221019744873,3.15900683403015,85.1421279907227,74.5123901367188,72.5733108520508,83.5438461303711,0.229678511619568,0.182932198047638,2.91296396426333e-06,0.0131432041525841,0,0,0.18836310505867,0.385880142450333,0.574243187904358,12.9399631925193,0.0021981062122455
"FRG01",6.013343334198,10.5381765365601,18.0139198303223,12.4739189147949,12.0005750656128,2.37615084648132,2.13301944732666,1.53518116474152,2.07619547843933,86.3762664794922,78.0106887817383,75.335807800293,83.2657852172852,0.380715548992157,0.332511305809021,0.000189618061995134,0.0242950189858675,0,4.0150549551754e-10,0,0.183755829930305,0.183755829930305,13.7365543327715,0.00198340971034309
"FRG02",5.24393463134766,10.3592042922974,18.3072853088379,12.0128059387207,13.0633506774902,2.22894144058228,2.14988875389099,1.62387657165527,1.94991147518158,86.5497589111328,76.6790084838867,72.583251953125,82.7228546142578,0.460826069116592,0.318924784660339,7.30401279724902e-06,0.0190657284110785,0,1.33939194095148e-18,0,0.201176106929779,0.201176106929779,13.4532902669699,0.00185675894096019
"FRG03",4.78219318389893,9.77207374572754,17.4958076477051,11.4116668701172,12.7136163711548,2.38602519035339,2.26101517677307,1.72120261192322,2.08154654502869,87.2330551147461,77.4269943237305,74.5041046142578,84.1299514770508,0.412082761526108,0.375638395547867,3.83583387275621e-09,0.010500811971724,0,1.04682736067579e-18,0,0.201775014400482,0.201775014400482,12.5952223576271,0.00241587243525512
"FRG04",4.56209373474121,9.87736225128174,17.9023017883301,11.4060754776001,13.3402070999146,2.23877191543579,2.16079592704773,1.69815099239349,2.00052833557129,87.1526565551758,76.77880859375,73.0376968383789,83.6115798950195,0.430754363536835,0.2993223965168,3.43356720833299e-09,0.0144611978903413,0,1.80190046788346e-18,0,0.255462050437927,0.255462050437927,13.0561495203416,0.00211518396807237
"FRG05",6.35310697555542,10.8432273864746,18.4476108551025,12.8930168151855,12.0945043563843,2.67241883277893,2.20107245445251,1.51914346218109,2.33223438262939,85.3006286621094,77.1875228881836,74.1733932495117,81.7329330444336,0.419822931289673,0.296784907579422,0.00054356554755941,0.0120907556265593,0,2.62578486731613e-10,0,0.1447783857584,0.1447783857584,12.9856932784763,0.00191908927519407
"FRH01",6.31875276565552,9.52062892913818,16.1752490997314,12.0475206375122,9.85649585723877,2.60763382911682,2.25905704498291,1.6042503118515,2.3297061920166,85.1947631835938,80.1770782470703,80.3722686767578,83.6909332275391,0.314548850059509,0.297138839960098,0.00147962104529142,0.0103784659877419,2.72503408726976e-10,0,0.207580775022507,0.0165302008390427,0.224110960960388,12.8373385214238,0.00183859705868596
"FRH02",7.67407751083374,9.92479419708252,15.9671030044556,12.7256298065186,8.29302501678467,3.43329548835754,2.48440933227539,1.57546317577362,2.81623196601868,82.7592468261719,80.1898880004883,82.1639785766602,82.8584823608398,0.258206874132156,0.256824523210526,0.0039869244210422,0.0139922453090549,2.31362932284762e-12,1.25110577453569e-09,0.181510701775551,0.0317766778171062,0.213287383317947,13.0167447034265,0.0019474032176163
"FRH03",5.57718753814697,9.9649486541748,17.2375564575195,11.9100923538208,11.6603698730469,2.3982298374176,2.27137184143066,1.7344822883606,2.19265174865723,86.0773239135742,77.9337463378906,76.4020919799805,83.5310134887695,0.389427542686462,0.343782722949982,0.000595519843045622,0.0183389578014612,0,6.18821889533699e-17,0.0188001673668623,0.190102100372314,0.208902284502983,13.3952993523629,0.00196264478625292
"FRH04",6.34607839584351,10.0146732330322,16.9422760009766,12.2397336959839,10.5961971282959,2.52716255187988,2.18095946311951,1.55191051959991,2.2192075252533,85.880744934082,79.261962890625,78.2351608276367,83.9113388061523,0.312048226594925,0.324874997138977,0.00132663617841899,0.0146472938358784,3.66941033114188e-10,2.01086265694261e-11,0.194426134228706,0.06351538002491,0.257941514253616,13.1205653243754,0.00189669563951465
"FRI11",5.75683641433716,11.2946710586548,19.61598777771,12.842960357666,13.85915184021,2.68899941444397,2.75377655029297,2.25679659843445,2.70616054534912,83.1541442871094,73.0351028442383,70.6252593994141,79.8661193847656,0.33291295170784,0.193849563598633,0.00013457985187415,0.00757959904149175,0,2.4858086509344e-12,0.0594548061490059,0.406068533658981,0.465523362159729,12.8265243774897,0.00139267472914636
"FRI12",7.08874082565308,12.1571855545044,20.1146183013916,14.0211772918701,13.0258779525757,2.44910192489624,2.35909485816956,1.9793609380722,2.39767932891846,83.7067718505859,73.8336029052734,71.3455200195312,79.7103958129883,0.224316775798798,0.145362302660942,5.12633196194656e-05,0.0209912452846766,0,1.18044921060267e-10,0,0.525569140911102,0.525569140911102,13.8989866724375,0.0013932396667855
"FRI13",7.63966083526611,12.4837322235107,20.1645622253418,14.463285446167,12.52490234375,2.9906005859375,2.85749220848083,2.24743914604187,2.73707222938538,82.3763427734375,74.0463790893555,73.3073120117188,79.1957550048828,0.175109297037125,0.0978038236498833,3.66520980605856e-05,0.00512083480134606,6.49827133521248e-17,6.1480049473749e-16,0.227464333176613,0.403616040945053,0.631080329418182,12.5000228058479,0.00133812904324748
"FRI14",6.35611772537231,11.9336395263672,20.3127040863037,13.6223678588867,13.9565868377686,2.3047513961792,2.51096701622009,2.2135603427887,2.25162148475647,83.8671112060547,73.0512237548828,69.9837875366211,79.170295715332,0.427109777927399,0.233646795153618,8.36861872812733e-05,0.00955247320234776,0,8.0010748079509e-16,0,0.329607278108597,0.329607278108597,12.4777169143663,0.00231714481473588
"FRI15",5.67077016830444,10.2141981124878,18.1323509216309,12.4985246658325,12.4615793228149,3.90260696411133,4.14161586761475,3.33904004096985,3.59553503990173,80.2948837280273,76.7193832397461,78.0193634033203,79.8115844726562,0.272961974143982,0.128226190805435,0.0156551338732243,0.0122014135122299,0.000111581022792961,0.0163914505392313,0.404811054468155,0.137694910168648,0.542505979537964,13.0408883058456,0.00169105097327809
"FRI21",3.85291337966919,9.22037601470947,17.638219833374,10.8424892425537,13.7853050231934,3.55296564102173,3.6748218536377,2.87662124633789,3.52976727485657,83.045051574707,75.2920150756836,74.3043060302734,82.0697479248047,0.221524879336357,0.156595945358276,0.0007216478115879,0.00624448712915182,0,3.84929358319388e-17,0.494148135185242,0.120764903724194,0.614913046360016,12.3148453486743,0.00210321195853082
"FRI22",3.66543316841125,8.95578765869141,17.4050598144531,10.6176853179932,13.7396259307861,2.89957046508789,3.17020845413208,2.5017466545105,2.88822674751282,84.3063507080078,76.3497848510742,74.0392227172852,82.5139923095703,0.283492624759674,0.24165652692318,0.000792117032688111,0.00476529030129313,0,7.97967306470064e-17,0.0860779881477356,0.383215516805649,0.469293504953384,11.7973134459803,0.0021078888316817
"FRI23",4.56120300292969,9.84322547912598,18.2032642364502,11.4574251174927,13.6420612335205,3.12951517105103,3.1372401714325,2.37508082389832,3.03788208961487,84.3788833618164,75.6651916503906,72.8958740234375,82.0128555297852,0.328971862792969,0.24498239159584,0.000179491427843459,0.0115221943706274,0,2.55982263164256e-10,0.112649485468864,0.301694601774216,0.414344102144241,12.7162323601279,0.00227844050889726
"FRI31",5.74839735031128,11.0849485397339,19.2847270965576,12.6833600997925,13.5363302230835,2.71131587028503,2.57052564620972,1.94306075572968,2.54099440574646,84.251335144043,74.2386245727539,70.7635803222656,80.4908828735352,0.440898239612579,0.252957224845886,2.91034196742146e-09,0.010960079729557,0,3.62193108838227e-10,0,0.295184433460236,0.295184433460236,12.7202534157422,0.0021208832228336
"FRI32",6.56899785995483,11.538743019104,19.4699897766113,13.3923778533936,12.9009914398193,2.56744146347046,2.25622224807739,1.65145301818848,2.38545227050781,84.1108856201172,74.797492980957,71.1990661621094,79.9812088012695,0.431130856275558,0.231462925672531,0.000994219910353422,0.0115066012367606,0,3.47087442120753e-10,0,0.22245791554451,0.22245791554451,12.8953121228282,0.0018904566930624
"FRI33",5.3966851234436,10.573392868042,18.6522922515869,12.2384185791016,13.2556076049805,2.52183222770691,2.32767939567566,1.71512198448181,2.21633887290955,86.1552124023438,76.1717224121094,71.8001327514648,81.8925170898438,0.4905586540699,0.312542229890823,3.6193805730278e-09,0.0107167214155197,0,6.23511209513486e-17,0,0.186182379722595,0.186182379722595,12.753912583795,0.00212198286094455
"FRI34",5.15437173843384,10.5429162979126,18.8367137908936,12.1110401153564,13.6823425292969,2.37047266960144,2.38036751747131,1.81361281871796,2.23033952713013,85.5573272705078,75.3858184814453,70.9227752685547,81.4708480834961,0.47658896446228,0.269789129495621,3.63408216799144e-05,0.00984293967485428,0,7.50348339018103e-10,0,0.243742600083351,0.243742600083351,12.808236451835,0.00181879895148833
"FRJ11",5.63812446594238,10.5658264160156,19.4340286254883,12.9161214828491,13.7959051132202,2.72646284103394,2.82986545562744,2.12623810768127,2.64785146713257,79.4690475463867,74.2015609741211,71.4792556762695,78.1823501586914,0.299663841724396,0.134387329220772,0.00318763684481382,0.00998618733137846,0,6.90500087663359e-11,0,0.516839385032654,0.516839385032654,12.7550249948401,0.00199465260116901
"FRJ12",5.94614458084106,11.8435592651367,21.2436122894287,13.5523614883423,15.2974672317505,2.71034908294678,2.56456327438354,1.58974325656891,3.89081954956055,75.158561706543,67.6821212768555,62.3922843933105,74.0003280639648,0.325855791568756,0.116824299097061,0.00139258755370975,0.0199207160621881,2.95121899140938e-10,0,0.384661138057709,0.116694733500481,0.501355886459351,13.3079439926931,0.0022668095681969
"FRJ13",6.55453491210938,11.5500793457031,20.5157775878906,13.7201948165894,13.9612436294556,2.95009326934814,2.51873373985291,1.49735045433044,3.78618478775024,78.0331802368164,71.866455078125,67.7035140991211,77.0650253295898,0.289132595062256,0.107501700520515,0.000371161673683673,0.0169880874454975,1.27613875022803e-09,9.59500881525521e-11,0.356908738613129,0.100649483501911,0.457558244466782,13.2156506033256,0.00211851671556011
"FRJ14",1.97770464420319,7.40045070648193,16.4142360687256,9.22742938995361,14.4365329742432,3.03242564201355,3.20534777641296,2.45699644088745,3.72687149047852,81.2671203613281,74.8946228027344,72.5378646850586,81.7217864990234,0.195623531937599,0.111405953764915,0.00797317456454039,0.00265899510122836,7.21156800942424e-10,0,0.682338356971741,0,0.682338356971741,11.3779464178565,0.00221104741918825
"FRJ15",4.89688634872437,9.95992088317871,18.9849548339844,12.3936815261841,14.0880680084229,2.31790018081665,2.84126949310303,2.69180488586426,2.6726975440979,76.1252059936523,73.1528091430664,72.4641265869141,76.9990539550781,0.211211770772934,0.0625762641429901,0.00975084584206343,0.010893658734858,2.20209967665141e-05,0.143677905201912,0.0174588337540627,0.500294387340546,0.51775324344635,12.4961924863961,0.00302422838066781
"FRJ21",2.09449291229248,7.11577606201172,16.2760066986084,9.7758092880249,14.1815128326416,2.92634534835815,3.63525986671448,3.54769515991211,2.79709005355835,77.9015274047852,76.7811279296875,76.2577590942383,78.6558456420898,0.248648464679718,0.125274047255516,0.0216545313596725,0.00726854475215077,0,0.113916620612144,0,0.483237832784653,0.483237832784653,11.9556493267896,0.00246978224523234
"FRJ22",3.69629907608032,8.9353141784668,17.7219161987305,10.8045387268066,14.025616645813,3.25835251808167,3.40423893928528,2.62143087387085,3.42480683326721,82.6659469604492,75.3578262329102,73.0955276489258,82.0132904052734,0.336632311344147,0.240136295557022,0.00218768091872334,0.00567372888326645,7.11802616848445e-10,5.11238522639062e-18,0.398873835802078,0.0164096467196941,0.415283471345901,12.4589090313653,0.001422157918838
"FRJ23",5.18642473220825,10.3781852722168,18.9805202484131,12.5372200012207,13.794095993042,2.7722430229187,3.22131085395813,2.68578004837036,2.57884240150452,80.6136245727539,75.0917205810547,73.767936706543,78.8606262207031,0.42947706580162,0.233317613601685,0.0113464072346687,0.018033841624856,0,0.0549377910792828,0,0.252887308597565,0.252887308597565,13.2537284251974,0.00206215797411351
"FRJ24",6.30818033218384,11.6823291778564,19.9860782623291,13.5554628372192,13.6778984069824,2.59198355674744,2.92602324485779,2.32085633277893,2.39542436599731,82.6807174682617,74.4219741821289,72.4367446899414,79.1941833496094,0.50129634141922,0.288611650466919,1.17805666377535e-06,0.00819629058241844,0,1.26801899266959e-17,0,0.20189456641674,0.20189456641674,12.5046963967057,0.00199546051248102
"FRJ25",5.36759376525879,10.9061937332153,19.375617980957,12.5371141433716,14.0080232620239,2.90884900093079,3.17694735527039,2.65400910377502,2.95200109481812,82.2139358520508,72.9945449829102,71.6548385620117,79.9334259033203,0.315131366252899,0.219492524862289,4.19271127611864e-05,0.00690577318891883,0,8.16577877635772e-16,0.049166664481163,0.409261792898178,0.458428412675858,12.1298462532235,0.00232139657350103
"FRJ26",2.77655243873596,7.65581226348877,16.6221599578857,10.1355810165405,13.8456077575684,3.52228951454163,4.14209651947021,3.77720856666565,3.44356417655945,79.2749328613281,77.0650024414062,76.1909561157227,79.4725570678711,0.268529951572418,0.121192000806332,0.0356869250535965,0.0093682873994112,0,0.153440222144127,0,0.411782592535019,0.411782592535019,12.2244437186169,0.00269654825704463
"FRJ27",5.47410774230957,10.6045608520508,19.3161125183105,12.6499900817871,13.842004776001,2.94484972953796,3.1402108669281,2.30225515365601,2.78520584106445,82.9274520874023,74.9828033447266,71.973876953125,80.3966827392578,0.404893308877945,0.240958780050278,0.000343272753525525,0.0121872955933213,6.1214954631038e-16,6.15812620811644e-21,0.108782224357128,0.232765272259712,0.34154748916626,12.7802869792635,0.00223018910768476
"FRJ28",6.12655591964722,11.6147346496582,20.1402702331543,13.4244995117188,14.0137128829956,2.37337589263916,2.72209453582764,2.29546403884888,2.34676861763,82.7632827758789,73.0991744995117,70.5653610229492,78.9451446533203,0.460550785064697,0.25747075676918,2.58178420153854e-06,0.0211459826678038,0,0,0,0.260829955339432,0.260829955339432,12.811090039823,0.00343566549075313
"FRK11",3.74837899208069,9.70873165130615,18.3786735534668,11.0446329116821,14.6302938461304,2.45843911170959,2.83358120918274,2.43209671974182,2.70196890830994,83.4717025756836,74.3391036987305,71.6283493041992,81.4040222167969,0.375903815031052,0.283797264099121,0.000549281190615147,0.00878942105919123,0,1.69833883068016e-10,0,0.330960214138031,0.330960214138031,12.7337777865542,0.00172967684709477
"FRK12",2.35242104530334,7.65432739257812,16.2961235046387,9.43054676055908,13.9437017440796,3.46830940246582,3.73038125038147,3.03448128700256,3.53376722335815,82.6882247924805,76.1153335571289,75.4401473999023,82.8782806396484,0.276348739862442,0.208581015467644,0.00724134407937527,0.00514064123854041,1.64841154615125e-10,0,0.440259218215942,0.062429029494524,0.502688229084015,11.9641153293966,0.00207127578390259
"FRK13",1.73041391372681,7.34346723556519,16.2760372161865,9.03728771209717,14.5456228256226,2.46374440193176,3.10296773910522,2.7287962436676,3.12395238876343,81.6830215454102,74.991325378418,73.3151779174805,81.9941177368164,0.20904153585434,0.142342403531075,0.00282200518995523,0.0127256195992231,6.06896408128499e-11,0,0.542091190814972,0.0909772291779518,0.633068442344666,12.792975847377,0.00257409639997827
"FRK14",2.43103098869324,8.02290916442871,16.6941909790039,9.6295166015625,14.2631597518921,2.56060004234314,3.17133522033691,2.81607151031494,2.88962745666504,83.0125732421875,75.6381683349609,74.4522247314453,82.3406372070312,0.280737608671188,0.228162795305252,0.00237829727120697,0.0152941327542067,0,0,0.0643066465854645,0.409120470285416,0.47342711687088,13.3502257774185,0.00167012019203475
"FRK21",2.776447057724,9.76279830932617,18.6745586395264,10.8093404769897,15.8981103897095,3.84269452095032,3.87891554832458,3.57282996177673,3.91226387023926,81.3174667358398,72.75732421875,71.7841796875,81.096435546875,0.309976696968079,0.22190497815609,0.000727222417481244,0.0230840593576431,1.07553153883e-10,1.89910676300376e-16,0.240490585565567,0.198214992880821,0.438705533742905,13.4683679827215,0.00233695749778855
"FRK22",3.54365348815918,9.66508960723877,18.9169750213623,11.1844186782837,15.3733215332031,2.75394678115845,3.16126179695129,2.42765784263611,3.95512223243713,78.5764007568359,70.7817306518555,66.9554138183594,77.932487487793,0.256468325853348,0.134834036231041,3.08276576106437e-05,0.0153399966657162,6.06045838513758e-11,0,0.593326807022095,0,0.593326807022095,12.9907920625716,0.00232842689386294
"FRK23",2.91322779655457,9.5017786026001,18.8512420654297,11.0112266540527,15.9380159378052,2.69078993797302,3.21747398376465,2.39091444015503,3.37372446060181,78.5262756347656,71.8651657104492,68.0453567504883,78.1394882202148,0.306007027626038,0.137418523430824,0.00513739744201303,0.0100960144773126,9.32454738422628e-11,0,0.504097282886505,0.0372438207268715,0.541341125965118,12.8331062318426,0.00197307674875211
"FRK24",0.337215334177017,7.38101387023926,16.8294849395752,8.913818359375,16.4922695159912,3.68753099441528,3.95932817459106,3.47662687301636,3.78868818283081,78.0944290161133,74.1307601928711,72.9833755493164,80.1142730712891,0.269688040018082,0.151415973901749,0.00643339194357395,0.0239371620118618,5.50879841743068e-10,0,0.423402398824692,0.123004823923111,0.546407222747803,13.8323627585978,0.0017641132550401
"FRK25",2.7149715423584,8.88470554351807,17.7898693084717,10.2311153411865,15.0748987197876,2.46144223213196,3.12881112098694,2.82249546051025,3.09513306617737,82.5222930908203,73.9124450683594,71.8591232299805,81.6930694580078,0.293201923370361,0.234961837530136,8.17736654425971e-05,0.0185176860541105,0,0,0.237132355570793,0.216104432940483,0.453236758708954,13.1255813815704,0.00272416344669149
"FRK26",3.31048345565796,9.98497295379639,18.9330310821533,11.0727081298828,15.6225471496582,2.61398077011108,3.13599872589111,2.84710717201233,3.25241327285767,82.57373046875,72.5951309204102,70.3545074462891,81.1688766479492,0.386271715164185,0.286678820848465,2.96148727763068e-09,0.0780829787254333,0,2.73069128513802e-16,0.140631571412086,0.108334973454475,0.248966544866562,14.0627888101675,0.00430700827493214
"FRK27",-4.59281969070435,2.76235461235046,12.8926591873169,4.763840675354,17.4854793548584,4.50460529327393,4.47792387008667,4.40791416168213,4.12436056137085,73.7503509521484,76.0043487548828,76.751708984375,80.1188583374023,0.155087143182755,0.0916014537215233,0.0457960814237595,0.0108146099373698,3.44302386601214e-09,0,0.675799369812012,0,0.675799369812012,12.8562315056596,0.00205629426755994
"FRK28",-2.16063356399536,5.09047746658325,14.673152923584,6.85869884490967,16.8337860107422,4.78639316558838,4.67464113235474,5.10946989059448,4.39082860946655,77.598258972168,75.534782409668,77.5578231811523,81.3569717407227,0.15801727771759,0.109012141823769,0.022297790274024,0.0263056289404631,1.46337377771033e-08,0,0.607708275318146,0,0.607708275318146,13.4340412038433,0.00278964777762279
"FRL01",0.342079222202301,7.00174522399902,16.7613506317139,9.08602714538574,16.4192714691162,2.54160618782043,3.22377061843872,2.29235196113586,3.17466449737549,72.3622589111328,72.196159362793,69.4778366088867,76.1027374267578,0.252512365579605,0.0389455892145634,0.0197249352931976,0.00424472941085696,3.46614070778628e-10,0,0.68214225769043,0,0.68214225769043,12.0414743497657,0.00172170084819517
"FRL02",-3.963791847229,2.94358253479004,13.3426733016968,5.37994432449341,17.3064651489258,3.31570386886597,3.66149616241455,2.98100471496582,3.47965669631958,71.8965911865234,74.989387512207,72.3699951171875,77.3757781982422,0.193124949932098,0.0448761805891991,0.0508589260280132,0.00329636479727924,5.83531278852689e-10,0,0.701326429843903,0,0.701326429843903,11.6273731528665,0.00204526465441453
"FRL03",2.11748218536377,7.85038042068481,17.3552837371826,10.4381790161133,15.2378005981445,2.62212443351746,3.4241247177124,2.50937056541443,3.39329957962036,71.8124160766602,75.1570816040039,76.2761001586914,77.5373229980469,0.134708821773529,0.0387665145099163,0.0349428877234459,0.0273786541074514,1.18498255652355e-09,2.0105531822745e-12,0.593771755695343,0.0418395288288593,0.635611176490784,13.3992774322883,0.00312236804370653
"FRL04",7.42188262939453,12.8804321289062,22.0420894622803,15.026517868042,14.6202058792114,1.96135818958282,1.96670496463776,0.99354612827301,2.7845094203949,74.9428634643555,68.8062057495117,64.168830871582,73.7929992675781,0.303237169981003,0.116663545370102,0.00132855377160013,0.0434762388467789,3.12853326578377e-10,8.24838947144357e-11,0.115094982087612,0.188735112547874,0.303830087184906,13.8589193039563,0.00264168516697326
"FRL05",6.37005805969238,11.6692266464233,20.8863620758057,14.0560359954834,14.5163040161133,2.16442084312439,2.45354795455933,1.29143631458282,2.91017770767212,74.1667404174805,71.4965972900391,68.4234313964844,75.4124755859375,0.212553590536118,0.0413508675992489,0.00219396292231977,0.0183494780212641,3.47293721558728e-10,7.5373224328601e-10,0.270850002765656,0.268771171569824,0.53962117433548,13.270081412061,0.00220060540679431
"FRL06",5.11177396774292,11.5443181991577,21.1899185180664,13.1603546142578,16.0781421661377,2.0951247215271,2.46149373054504,1.47999596595764,2.96007418632507,75.870002746582,68.0090942382812,61.6510543823242,74.3175506591797,0.397814154624939,0.155313238501549,0.001054035150446,0.0201279297471046,7.43565209404551e-10,0,0.401142418384552,0.0170545019209385,0.4181969165802,12.8574222581966,0.00357324764471765
"FRM01",8.62045097351074,12.2316570281982,21.1484966278076,15.8171653747559,12.5280456542969,2.61799812316895,2.2438805103302,0.775045096874237,2.63710403442383,77.6422119140625,75.8521575927734,72.9496841430664,77.7251815795898,0.046804640442133,0.0221662390977144,0.0238519422709942,0.0031794763635844,0,2.22029106211608e-09,0,0.568318843841553,0.568318843841553,11.0576199744142,0.00276097183932869
"FRM02",7.76654767990112,11.7649803161621,20.7671451568604,15.1269464492798,13.0005970001221,2.4703471660614,2.37125587463379,1.14546322822571,2.6901843547821,77.2835540771484,75.5441970825195,73.6363906860352,78.1149826049805,0.0582726262509823,0.0670749172568321,0.0322575718164444,0.00307403621263802,6.01986739130105e-15,1.13174292160068e-09,0.146755576133728,0.492484509944916,0.639240086078644,11.2168646385911,0.00242458496703853
"HR031",3.02549576759338,10.1211404800415,19.5261840820312,11.80397605896,16.5006904602051,4.0493860244751,4.00113534927368,3.46019577980042,5.37097883224487,79.5315322875977,75.5392761230469,74.8762893676758,80.5055847167969,0.0353132337331772,0.100738346576691,0.0084542278200388,0.00360574456863105,0.000321133382385597,0.0126528674736619,0.571812927722931,0.0127015188336372,0.584514439105988,11.9540087512019,0.00338512038946068
"HR032",1.50346791744232,9.41558361053467,18.9955406188965,10.7377462387085,17.492073059082,3.75545597076416,3.87935757637024,3.18819141387939,4.43650960922241,81.5302810668945,74.7339630126953,73.2697143554688,81.3417892456055,0.0966464877128601,0.113332733511925,0.0458107702434063,0.00202080560848117,0.00553694413974881,0.00494046090170741,0.644818007946014,0.00615221401676536,0.650970220565796,11.8144309275954,0.00220915818261049
"HR033",4.03831481933594,11.1240329742432,20.761079788208,12.9378843307495,16.7227649688721,3.64266681671143,3.38152742385864,2.30965042114258,4.25358390808105,76.3608093261719,71.8298034667969,68.9525985717773,76.187385559082,0.115000076591969,0.194955080747604,0.0915229469537735,0.00230249296873808,0.00237516732886434,0.00199863826856017,0.361986696720123,0.00245297979563475,0.364439696073532,11.3697195677347,0.00326393802946638
"HR034",4.78058481216431,11.3196802139282,20.8723621368408,13.4450759887695,16.0917778015137,3.4524655342102,3.10487842559814,1.9979442358017,3.93658018112183,74.2844543457031,71.192253112793,67.9622039794922,74.4278564453125,0.137070775032043,0.320112735033035,0.0558602251112461,0.0095580704510212,0.00128916359972209,0.00096301909070462,0.287045866250992,0.00117905763909221,0.288224905729294,12.1838420543637,0.00404612114493889
"HR035",4.85947227478027,11.22243309021,20.726598739624,13.5247297286987,15.8671274185181,3.99703764915466,3.51502656936646,1.92803776264191,4.53138208389282,74.6186904907227,72.4235458374023,69.7291946411133,75.0235061645508,0.162409707903862,0.352888375520706,0.0214097537100315,0.00525240693241358,6.82030877214856e-05,0.0011522393906489,0.214131534099579,0.00146679533645511,0.215598329901695,12.4479791294335,0.00278075603114711
"HR036",6.01292991638184,12.1046447753906,21.5846214294434,14.4629201889038,15.5716915130615,3.47217035293579,3.37160301208496,2.8749852180481,5.19366359710693,74.2067794799805,73.3140335083008,71.9354629516602,75.1964645385742,0.155802354216576,0.168426021933556,0.0166318994015455,0.00922192353755236,0.000171470397617668,0.0165529418736696,0.36394265294075,0.0122031457722187,0.37614580988884,12.0859596613224,0.00438855594112577
"HR037",7.37708616256714,12.808931350708,22.0865631103516,15.5649499893188,14.709475517273,4.14435577392578,3.41657495498657,1.50183534622192,4.69815397262573,71.936653137207,72.6776809692383,70.5357360839844,73.2888259887695,0.0917645767331123,0.242171689867973,0.0132849561050534,0.00153785687871277,4.21178883698303e-05,0.0353712327778339,0.127895936369896,0.0118862874805927,0.13978223502636,10.7577915048093,0.00621702136360618
"HR041",1.51738488674164,11.137656211853,20.522289276123,11.2198209762573,19.004903793335,2.00127387046814,2.52982544898987,2.85839700698853,2.78207778930664,81.4570159912109,70.3913040161133,71.0123519897461,80.3934097290039,0.245197370648384,0.184983506798744,0.000378721248125657,0.0319807343184948,0.00389906368218362,0,0.533560574054718,0,0.533560574054718,11.9761400853334,0.0198576739722908
"HR042",1.51190292835236,11.1233625411987,20.4807777404785,11.1983947753906,18.9688739776611,2.00464391708374,2.53264093399048,2.8674967288971,2.78274869918823,81.3865966796875,70.29150390625,71.0070190429688,80.3075408935547,0.242002844810486,0.178088456392288,0.000398829288315028,0.0265603438019753,0.00309132807888091,0.0558707863092422,0.482491135597229,0.0114638581871986,0.493954986333847,13.4552917526745,0.00435958200372631
"HR043",1.00714290142059,10.6064672470093,19.7207679748535,10.5660572052002,18.713623046875,1.78416836261749,2.5076916217804,3.10795617103577,2.77999687194824,80.7904739379883,69.7313079833984,72.0086212158203,80.7674560546875,0.243140265345573,0.216460153460503,4.94700907438528e-05,0.0148130431771278,0.000822096248157322,0.138954505324364,0.351328670978546,0.0344317778944969,0.385760426521301,12.1625219967207,0.00960701721594184
"HR044",1.15472817420959,10.8799819946289,19.970495223999,10.7306537628174,18.815767288208,1.68676805496216,2.3427517414093,2.94123959541321,2.61279010772705,80.8884658813477,68.8417663574219,70.8310546875,80.0477447509766,0.24994195997715,0.162325143814087,1.51318224617114e-09,0.0143522499129176,1.31985825646552e-05,0.390137672424316,0.0335354991257191,0.149694234132767,0.183229744434357,12.0547384514099,0.00969169764517934
"HR045",1.37650501728058,11.1851224899292,20.3447608947754,10.9935808181763,18.9682559967041,1.67967188358307,2.20747470855713,2.74309825897217,2.44121623039246,80.9540023803711,68.2626800537109,69.270393371582,79.0333862304688,0.284920334815979,0.109301760792732,0.000707818137016147,0.010816109366715,2.13875341614767e-06,0.262487590312958,0.00389513070695102,0.327842354774475,0.331737488508224,12.0125754988096,0.0067663739704186
"HR046",1.21153938770294,10.9903440475464,20.0956630706787,10.8060455322266,18.8841247558594,1.64954388141632,2.26034760475159,2.86651682853699,2.52491140365601,80.9048156738281,68.5029067993164,70.1590194702148,79.6216812133789,0.263362675905228,0.138309076428413,5.98374185756256e-07,0.013915529474616,9.47021999309072e-06,0.336203634738922,0.0225688703358173,0.225630104541779,0.248199000954628,11.4317461676129,0.0154711238574937
"HR047",1.60212779045105,11.3632373809814,20.5696926116943,11.2596101760864,18.967565536499,1.84234893321991,2.33593249320984,2.6677942276001,2.47167348861694,80.9200973510742,68.8935089111328,69.7828826904297,79.038948059082,0.253111183643341,0.129503533244133,0.00365731003694236,0.00596856605261564,6.90883894094441e-07,0.452004373073578,0.0014475176576525,0.154131725430489,0.155579254031181,12.0034789912562,0.00463322458770369
"HR048",1.33189630508423,11.2145767211914,20.4214782714844,11.0445880889893,19.0895824432373,1.78557789325714,2.25613594055176,2.58788728713989,2.2629828453064,81.6080551147461,69.0579681396484,69.484260559082,79.0403442382812,0.314528912305832,0.138156250119209,0.00374713027849793,0.00347894313745201,0,0.306526392698288,0,0.233562380075455,0.233562380075455,11.3611556335686,0.00579607004156496
"HR049",1.32057511806488,11.2806873321533,20.5301914215088,11.2601079940796,19.2096157073975,1.90161168575287,2.41504526138306,2.78103160858154,2.25903725624084,81.6968460083008,69.4996185302734,70.4327850341797,78.9718856811523,0.296882450580597,0.14043016731739,0.00177383178379387,0.00455887755379081,3.5837131235894e-06,0.428029149770737,0.00750847952440381,0.120810978114605,0.128319457173347,11.7453343353429,0.00641969102255829
"HR04A",1.36049151420593,11.3922061920166,20.6705017089844,11.3695421218872,19.3100090026855,1.87945485115051,2.36687612533569,2.72035908699036,2.18003916740417,81.7083358764648,69.308967590332,69.9932098388672,78.6304473876953,0.32963216304779,0.152829989790916,0.00137127295602113,0.00559525797143579,0,0.403911203145981,0,0.106660105288029,0.106660105288029,11.9701283728255,0.00595507692726805
"HR04B",1.34956300258636,11.6220712661743,20.9715251922607,11.4600791931152,19.6219635009766,1.63120210170746,2.00640392303467,2.28822493553162,1.85640347003937,82.0684967041016,68.3069000244141,67.5791473388672,77.4588623046875,0.439132034778595,0.164692550897598,0.00453006383031607,0.0111291166394949,0,0.229054600000381,0,0.151461601257324,0.151461601257324,12.904248411535,0.00314998814576958
"HR04C",1.51162815093994,11.8947048187256,21.3021144866943,11.822717666626,19.7904872894287,1.67265200614929,2.10502219200134,2.38137078285217,1.78927099704742,81.7786636352539,67.9000473022461,66.9472579956055,76.422721862793,0.51045173406601,0.194591492414474,0.0020506011787802,0.00802197214215994,0,0.17235367000103,0,0.112455785274506,0.112455785274506,12.4244276877126,0.00521868585432941
"HR04D",0.990359425544739,9.7908239364624,19.1291694641113,10.4102716445923,18.1388092041016,2.88667440414429,3.33995270729065,3.33378767967224,3.56511211395264,83.1313018798828,74.5598907470703,75.480339050293,83.3427200317383,0.12784518301487,0.103447668254375,0.00540720298886299,0.00662040757015347,0.00522274430841208,0,0.750386655330658,0,0.750386655330658,12.4080637401883,0.0034195386640154
"HR04E",1.58573472499847,11.0850257873535,20.3488082885742,11.2527389526367,18.7630748748779,2.21674275398254,2.75244140625,2.93248128890991,2.76471638679504,81.6822128295898,71.3553695678711,72.6789703369141,80.7472686767578,0.207691624760628,0.123031765222549,0.00442768819630146,0.00456101354211569,0.0073383143171668,0.0724679455161095,0.566193163394928,0.0142579013481736,0.58045107126236,12.7006587441056,0.00284962924015901
"HU110",0.197299912571907,10.6543464660645,20.0527420043945,10.2907638549805,19.8554420471191,1.36093997955322,1.89683640003204,1.93704867362976,1.68512320518494,83.043571472168,68.7052764892578,66.4713363647461,77.1550521850586,0.454795897006989,0.14782503247261,0.00226620375178754,0.069481648504734,0,1.16798000817653e-05,0,0.325460523366928,0.325460523366928,12.5909171231187,0.0240721221824782
"HU120",0.21642304956913,10.7137804031372,20.1391468048096,10.3742389678955,19.9227237701416,1.35479044914246,1.91758012771606,1.96702241897583,1.67508721351624,83.012321472168,68.5571136474609,66.1146774291992,76.7590637207031,0.516299545764923,0.142157211899757,0.00156832975335419,0.0403630957007408,0,2.21210048039211e-05,0.00399229628965259,0.295367032289505,0.299359321594238,14.5714734874791,0.00228512178927498
"HU211",0.431246727705002,10.6529483795166,19.9733829498291,10.3776502609253,19.5421371459961,1.42022883892059,1.83610272407532,2.01469016075134,1.78018701076508,83.1093597412109,69.0603942871094,67.4998092651367,78.0042495727539,0.608505070209503,0.144661620259285,0.000384712824597955,0.0235237032175064,0,4.8192609938269e-06,0,0.209782421588898,0.209782421588898,13.2229244064302,0.00303086987479469
"HU212",0.182047843933105,10.3734226226807,19.6936950683594,10.158784866333,19.511646270752,1.4528421163559,1.9117739200592,2.12552618980408,1.79845333099365,83.0445785522461,69.2298278808594,67.4834823608398,77.7653656005859,0.539743661880493,0.174958825111389,0.00018440283020027,0.0238155983388424,0,0.000251549674430862,0,0.258431673049927,0.258431673049927,12.7961111134975,0.00570214940231816
"HU213",0.580562949180603,10.5686407089233,19.8550071716309,10.3855533599854,19.2744464874268,1.47427213191986,1.91816091537476,2.31734991073608,1.98235392570496,82.7821960449219,69.225959777832,68.1561889648438,78.8858947753906,0.467526882886887,0.120165057480335,0.00378520204685628,0.0123625779524446,0,1.52745042214519e-06,0,0.369183361530304,0.369183361530304,12.7611926281753,0.00289981867328484
"HU221",0.713189899921417,10.6498365402222,20.1051063537598,10.5373888015747,19.3919162750244,1.38732028007507,1.86117780208588,2.15245842933655,1.86897659301758,81.5073318481445,68.180908203125,65.6065902709961,77.1017074584961,0.5715371966362,0.175131544470787,0.000567715556826442,0.0165637135505676,0,0.0105926068499684,0,0.215432301163673,0.215432301163673,12.7411216254615,0.00301543355678656
"HU222",0.581724405288696,10.482663154602,19.724027633667,10.2560920715332,19.1423034667969,1.38398170471191,1.97802102565765,2.54329347610474,2.16421914100647,81.270881652832,68.322509765625,67.9491500854492,78.9345397949219,0.544000446796417,0.133911952376366,0.000128111918456852,0.0152844348922372,2.34543149417732e-05,7.39640029223665e-07,0.0724548399448395,0.234196022152901,0.306650876998901,12.5712717026431,0.00376072694662096
"HU223",0.990265846252441,10.9242868423462,20.0721683502197,10.6704664230347,19.081901550293,1.48398268222809,2.04451560974121,2.71994423866272,2.25141024589539,81.237174987793,68.0991363525391,68.8205032348633,79.0364990234375,0.374932408332825,0.121490180492401,0.00218783714808524,0.0113801695406437,7.58319447413669e-06,0.029885059222579,0.0180718246847391,0.424953103065491,0.443024933338165,12.670911691715,0.00336129682061363
"HU231",1.07989656925201,11.1848077774048,20.4303321838379,10.9553842544556,19.350435256958,1.57554256916046,1.99261593818665,2.34138226509094,1.96375811100006,82.2051544189453,68.3891906738281,67.9767303466797,78.0562286376953,0.494600832462311,0.117244362831116,0.0019504192750901,0.019922437146306,0,0.0910002067685127,0,0.275281727313995,0.275281727313995,13.0113661022474,0.00290985476304357
"HU232",1.05715930461884,11.0652360916138,20.3239765167236,10.8383235931396,19.2668151855469,1.54937076568604,1.97502207756042,2.43749952316284,2.10197687149048,82.0341491699219,68.320198059082,68.0432052612305,78.5148315429688,0.446762084960938,0.0986281409859657,0.00503260176628828,0.00959898345172405,0,0.015271594747901,0,0.383251190185547,0.383251190185547,12.823804786153,0.0021102817516895
"HU233",0.803273022174835,11.0028314590454,20.2703132629395,10.7351312637329,19.4670391082764,1.44616794586182,1.83669018745422,2.13907337188721,1.82687413692474,82.6995315551758,68.4677658081055,67.5060348510742,77.7662658691406,0.63813853263855,0.109067745506763,0.00155636738054454,0.0182814300060272,0,5.79133711653412e-07,0,0.220593109726906,0.220593109726906,12.7041127568613,0.00344656344191722
"HU311",-0.715521156787872,10.2053003311157,19.7155647277832,9.74636268615723,20.4310855865479,1.32630586624146,2.1044614315033,2.34481287002563,1.65869557857513,82.5124969482422,68.9407119750977,66.8348617553711,76.9230422973633,0.455467581748962,0.158598408102989,0.000263648951658979,0.0219734758138657,3.19912828672386e-06,0.00553529337048531,0.299215704202652,0.0567365549504757,0.355952262878418,13.4837126172804,0.00185530321528165
"HU312",-0.318627148866653,10.3938751220703,19.8924293518066,10.0171985626221,20.2110557556152,1.30997180938721,2.09288692474365,2.20919322967529,1.65829837322235,82.8261184692383,68.7818603515625,66.4588241577148,76.542236328125,0.532763540744781,0.149966418743134,0.000274436344625428,0.0164481159299612,1.9482443544723e-13,8.85882172951824e-07,0.0669060945510864,0.232389688491821,0.299295783042908,12.6281399012969,0.00349988727037449
"HU313",-0.668258309364319,9.69158172607422,18.9414196014404,9.31714153289795,19.6096782684326,1.4161137342453,2.14532327651978,2.24932265281677,1.80162060260773,83.3615188598633,70.5733261108398,69.9157943725586,79.180305480957,0.417349129915237,0.147173181176186,0.000544938433449715,0.0349786132574081,1.44586911887679e-10,2.06622507903376e-06,0.211859673261642,0.188092365860939,0.399952054023743,13.3367152953161,0.00530629660233851
"HU321",0.135958611965179,11.3139638900757,20.9419860839844,10.988489151001,20.8060264587402,1.38190484046936,2.0215802192688,2.25117087364197,1.64477455615997,82.76220703125,67.7373657226562,63.9693984985352,74.2864990234375,0.618452906608582,0.160354018211365,0.00128945778124034,0.018882229924202,0,0.0117131089791656,0,0.188877150416374,0.188877150416374,13.2576594932385,0.00214914233121906
"HU322",0.324510216712952,11.2799415588379,20.9761619567871,11.0147686004639,20.6516513824463,1.2874927520752,1.90048730373383,1.94023084640503,1.57617616653442,82.956916809082,67.5585250854492,63.2279167175293,74.2772369384766,0.684270083904266,0.147697925567627,0.00314840720966458,0.0126168010756373,0,2.45534494069943e-07,0,0.150341808795929,0.150341808795929,12.9298070738148,0.00232964655052016
"HU323",-0.375145852565765,10.8502044677734,20.3262748718262,10.447154045105,20.7014217376709,1.63883781433105,2.22162628173828,2.6379542350769,1.84649264812469,82.2846221923828,68.4687194824219,66.4908981323242,75.3968505859375,0.62084686756134,0.142351478338242,0.000141323325806297,0.0208171997219324,0.000193569983821362,0.0292364843189716,0.0725543275475502,0.113846711814404,0.186401039361954,13.3188882750012,0.00224358069719572
"HU331",0.770499765872955,11.2656946182251,20.7091541290283,10.9280843734741,19.9386558532715,1.34932124614716,1.79020893573761,1.95738983154297,1.63726317882538,82.8427886962891,67.6826248168945,65.2297515869141,76.4392242431641,0.613240897655487,0.124322555959225,0.00896303169429302,0.0117422351613641,0,0.00511338748037815,0,0.236613586544991,0.236613586544991,13.5266088253627,0.00160546237152548
"HU332",0.549773156642914,11.5004739761353,21.0164604187012,11.2878885269165,20.4666881561279,1.36211943626404,1.92954778671265,2.08701229095459,1.60233569145203,83.4475555419922,68.5090408325195,65.3286361694336,74.8727340698242,0.727250456809998,0.149560615420341,0.00692453235387802,0.0118232313543558,0,0.00806447956711054,0,0.09618329256773,0.09618329256773,13.009151705251,0.00229896467024588
"HU333",0.757168889045715,11.5311784744263,21.1072864532471,11.2766389846802,20.3501167297363,1.31687092781067,1.78998112678528,1.87834060192108,1.53304255008698,83.098503112793,67.7075881958008,64.2445678710938,75.0816192626953,0.715036273002625,0.142425417900085,0.00625947117805481,0.0165391378104687,0,0.00310035608708858,0,0.116639360785484,0.116639360785484,12.9737431472424,0.00305441577490271
"IEG11582",5.15797090530396,8.2378339767456,14.6293621063232,9.98272800445557,9.47139167785645,2.63288259506226,2.40102362632751,2.3062481880188,2.57812833786011,86.45751953125,79.6054153442383,79.1254959106445,85.0468597412109,0.150974184274673,0.565618515014648,0.00288416049443185,0.00828215945512056,0,0,0.0127176241949201,0.251214772462845,0.263932406902313,10.4684998024499,0.0116087678636037
"IEG11583",4.97460412979126,8.21552753448486,14.44140625,9.76746273040771,9.46680164337158,2.86549234390259,2.58555889129639,2.61558222770691,2.83487057685852,86.3366546630859,79.6402587890625,79.9529037475586,85.1279067993164,0.0485550351440907,0.743358910083771,0.0103045525029302,0.00397488940507174,2.04743704629307e-11,0,0.185341089963913,0,0.185341089963913,10.9175602647516,0.00574338486533106
"IEG11584",5.90796518325806,8.71664810180664,14.528284072876,10.4725580215454,8.62031936645508,3.55603122711182,2.87784910202026,2.83802556991577,3.58062529563904,85.1204986572266,79.7995758056641,81.177131652832,84.3402404785156,0.0388186648488045,0.620898365974426,0.00726365204900503,0.00805137120187283,4.73292183222895e-10,7.72447550367872e-10,0.198421001434326,0.00213698111474514,0.200557976961136,11.9399004839662,0.00369787167501341
"IEG11585",6.13393259048462,8.50838565826416,14.4258670806885,10.5850868225098,8.29193496704102,3.45115184783936,2.65012359619141,2.37440609931946,3.2356219291687,85.5659332275391,81.0049209594727,82.0493316650391,84.9852905273438,0.0632765740156174,0.55119913816452,0.00854809023439884,0.00678229471668601,1.27036059449637e-09,1.18111319336034e-11,0.23935529589653,0.00066315644653514,0.240018457174301,12.4488505501794,0.00170344979389845
"IEG11586",5.64158058166504,8.07918834686279,13.6672496795654,10.1694736480713,8.02566909790039,4.05397891998291,3.13770127296448,3.2361569404602,4.28355646133423,83.2018051147461,79.8603439331055,82.5612030029297,82.8498458862305,0.032398410141468,0.252056151628494,0.0243997760117054,0.00230002566240728,2.81546119751397e-10,0,0.328150868415833,0.0889196321368217,0.417070478200912,11.55122102073,0.00239155583252039
"IEG11587",5.54957675933838,8.24480819702148,14.4812965393066,10.3723678588867,8.93171977996826,2.64753317832947,2.3413245677948,2.3714599609375,2.65686964988708,84.1138381958008,79.6162719726562,79.7001037597656,83.1460113525391,0.0780539885163307,0.256175816059113,0.00103435246273875,0.0926040709018707,0,0,0.327784419059753,0,0.327784419059753,12.9361384624102,0.0139505041569813
"IEG11588",5.68715620040894,8.60846710205078,14.4700241088867,10.2858591079712,8.78286743164062,3.52834820747375,2.89255595207214,2.8721296787262,3.57696175575256,85.2235717773438,79.664306640625,80.9653015136719,84.4058380126953,0.047163087874651,0.503512799739838,0.00362409837543964,0.00582223385572433,4.95344654183327e-10,0,0.320242375135422,0,0.320242375135422,11.7838294838315,0.00200107231288381
"IEG11589",5.99574184417725,8.55076217651367,14.2932682037354,10.449465751648,8.2975263595581,3.87872815132141,3.10246634483337,2.75885248184204,3.73205780982971,85.7593536376953,80.95947265625,82.6703948974609,85.2843475341797,0.0337670668959618,0.445142090320587,0.00737957749515772,0.00262293056584895,6.34699015567008e-10,3.05032610281586e-10,0.352065443992615,0.000843874702695757,0.352909326553345,11.4285632463145,0.00305709388888277
"IEG11590",5.09145212173462,8.32390022277832,14.7313137054443,9.94175720214844,9.63986206054688,2.50315737724304,2.36490726470947,2.33870339393616,2.45737218856812,86.0291976928711,78.8518524169922,78.2924957275391,84.5331344604492,0.105717942118645,0.668860554695129,0.000354049698216841,0.0208920445293188,0,0,0.172211349010468,0.0308376401662827,0.203049004077911,11.5909163575717,0.00687883868057131
"IEG11591",5.55049657821655,8.37033843994141,14.5933847427368,10.267632484436,9.0428876876831,2.74925851821899,2.33925795555115,2.26671767234802,2.68814182281494,85.7002410888672,79.9138641357422,80.0116119384766,84.5412445068359,0.0686885267496109,0.70823472738266,0.00214378722012043,0.00563029618933797,8.39692149146032e-10,0,0.110118448734283,0.00754432287067175,0.117662765085697,11.2427850916587,0.00542596566801937
"IEG11592",5.16204214096069,8.34127902984619,14.6441879272461,9.95218658447266,9.48214626312256,2.62478947639465,2.4104642868042,2.36879444122314,2.58284783363342,86.378288269043,79.3633575439453,79.1812286376953,84.9424667358398,0.0688337758183479,0.735669374465942,0.000122953249956481,0.00532686617225409,2.09368161696588e-10,0,0.178618997335434,0.010708755813539,0.189327746629715,10.8848189499601,0.00638128259004467
"IEG11593",4.91942119598389,8.19047737121582,14.2623558044434,9.68752002716064,9.34293460845947,3.33654451370239,2.9540228843689,3.00849485397339,3.37155532836914,86.7407684326172,80.1978988647461,81.1486740112305,85.6866302490234,0.0682214796543121,0.467155992984772,0.0444611497223377,0.00191295600961894,3.1528269578418e-11,0,0.386260181665421,0,0.386260181665421,10.4957036292051,0.00655704543996646
"IEG11594",5.46129369735718,8.37049770355225,14.3659400939941,10.0736646652222,8.9046459197998,3.19031310081482,2.69522762298584,2.5487596988678,3.09522151947021,86.7210083007812,80.6650543212891,81.3921279907227,85.7073211669922,0.0456958748400211,0.733359515666962,0.00373360537923872,0.00584110803902149,4.14195094888825e-10,0,0.193784832954407,0,0.193784832954407,11.6308807774528,0.00432512144128372
"IEG11595",5.10882949829102,8.4078254699707,14.6087093353271,9.89039611816406,9.49987983703613,2.89364123344421,2.62944269180298,2.6634247303009,2.86830306053162,86.4063720703125,79.5735626220703,79.8632125854492,85.2159423828125,0.0415028817951679,0.775194406509399,0.000222036076593213,0.00209888257086277,0,0,0.169077754020691,0,0.169077754020691,9.95352749344488,0.0092468558867351
"IEG11596",5.53777647018433,8.42623329162598,14.6674652099609,10.3456230163574,9.12968826293945,2.61892294883728,2.29087710380554,2.33148121833801,2.62367296218872,84.0644912719727,78.7916107177734,78.9544372558594,83.0163879394531,0.0971993058919907,0.524655759334564,0.00211181538179517,0.0126160969957709,6.37470701225773e-11,0,0.128224343061447,0,0.128224343061447,10.9826578988534,0.0131734553555195
"IEG11597",5.87893486022949,8.46356964111328,14.0233182907104,10.3300704956055,8.14438247680664,3.89619898796082,3.13036417961121,3.07452940940857,4.07023668289185,83.9334259033203,80.0242233276367,82.4246597290039,83.662841796875,0.0571151077747345,0.302845507860184,0.0120292715728283,0.00294042681343853,1.88547840535014e-11,0,0.421704739332199,0,0.421704739332199,11.3450320082465,0.00209704559915591
"IEG11598",5.26139163970947,8.40613746643066,14.7431535720825,10.0947875976562,9.48176193237305,2.54587340354919,2.33858871459961,2.36494064331055,2.52128601074219,85.2189559936523,78.6949920654297,78.4633712768555,83.8832931518555,0.0955063328146935,0.683484077453613,0.000558604835532606,0.0144933462142944,0,0,0.138424038887024,0,0.138424038887024,11.991893965189,0.0051630408605378
"IEG11599",4.93543767929077,8.14317417144775,14.4102621078491,9.73946475982666,9.47482395172119,2.71968150138855,2.47775340080261,2.4923951625824,2.69782304763794,86.0203018188477,79.4337463378906,79.6568832397461,84.7910308837891,0.0417299270629883,0.833256542682648,7.9248003714838e-09,0.0067714718170464,8.94176788168721e-10,0,0.11824207752943,0,0.11824207752943,10.8827002652754,0.00853683090616346
"IEG11600",6.38110446929932,8.67933559417725,14.3373794555664,10.7110891342163,7.95627450942993,4.51941061019897,3.34293103218079,2.90311479568481,4.23436594009399,85.3319320678711,81.0943069458008,83.2347564697266,85.1950302124023,0.030938982963562,0.0847209766507149,0.0122719891369343,8.41711516841315e-06,0,0,0.623642325401306,0,0.623642325401306,0.4613075483826,5.08025941597729
"IEG11601",5.25205612182617,8.50043392181396,14.7566518783569,10.0340185165405,9.50459480285645,2.66638207435608,2.46517157554626,2.4709460735321,2.64520931243896,85.9313049316406,78.8579559326172,78.8447036743164,84.5633850097656,0.0570151805877686,0.67251193523407,3.95234292227542e-06,0.00552335102111101,1.06250785947282e-10,0,0.261128157377243,0,0.261128157377243,11.0161571481813,0.00551897813266193
"IEG11602",5.16744136810303,8.41857147216797,14.4906558990479,9.90003204345703,9.32321453094482,3.12021112442017,2.78117823600769,2.79396629333496,3.11415410041809,86.4434051513672,79.8478240966797,80.5587615966797,85.3779373168945,0.0503057576715946,0.717513978481293,0.0137453367933631,0.0030045926105231,3.39351333492055e-12,0,0.209884285926819,0,0.209884285926819,10.8079005222542,0.00426956203657406
"IEG11603",5.4442400932312,8.29040431976318,14.0818395614624,10.0744791030884,8.63759899139404,3.89431524276733,3.24817657470703,3.35317397117615,4.13728380203247,84.9891967773438,80.0886993408203,81.8600921630859,84.26123046875,0.0392299368977547,0.347181797027588,0.0487047620117664,0.00115521566476673,3.7134956221152e-10,0,0.316055119037628,0,0.316055119037628,10.3183270728003,0.00555205823166053
"IEG11604",5.26763486862183,8.27262878417969,14.4392347335815,9.97765254974365,9.17159938812256,2.92711782455444,2.52424573898315,2.45544981956482,2.8373453617096,86.862419128418,80.4212951660156,80.6186828613281,85.5848770141602,0.0496244132518768,0.742892801761627,0.00207284768112004,0.00274440203793347,1.07074749067237e-09,0,0.184119701385498,0,0.184119701385498,11.6261616515797,0.00271550788588238
"IEG11605",5.961745262146,8.46907424926758,14.5713663101196,10.5650472640991,8.60962200164795,3.03482723236084,2.38065481185913,2.29174566268921,2.92822313308716,85.0853729248047,80.3903961181641,80.8442230224609,84.2130737304688,0.0604238472878933,0.588812053203583,0.00495699886232615,0.00503438757732511,7.56017082270688e-10,3.55533796847496e-11,0.195906594395638,0.00177441234700382,0.197681024670601,11.0546667187716,0.00603844938771843
"IEG11606",5.17688512802124,8.42931652069092,14.6873788833618,9.96645164489746,9.51049423217773,2.71418857574463,2.49329423904419,2.51699185371399,2.68949675559998,85.9770202636719,79.0578842163086,79.1217193603516,84.6743240356445,0.0429094955325127,0.765640795230865,7.27773485920125e-09,0.00509201502427459,0,0,0.181391596794128,0,0.181391596794128,10.8776233114358,0.00601489704152168
"IEG11607",6.40051889419556,8.52337837219238,14.477367401123,11.0618667602539,8.07684803009033,2.93672561645508,2.25478029251099,2.19370198249817,2.93224310874939,83.0217132568359,80.2426528930664,81.429801940918,82.5468826293945,0.0993952602148056,0.373730450868607,0.00967052578926086,0.00479985401034355,1.25799648476033e-10,2.12364725638699e-16,0.13531756401062,0.0573446452617645,0.192662209272385,10.9982889431142,0.00470330879132896
"IEG11608",5.4764199256897,8.1985559463501,14.4436864852905,10.2970399856567,8.96726703643799,2.72440338134766,2.38827538490295,2.35340023040771,2.71638178825378,84.9008560180664,79.9360733032227,79.9487380981445,83.8263854980469,0.0903380736708641,0.402142494916916,0.00845785811543465,0.0487679876387119,1.76507058968767e-10,0,0.245087459683418,0.0495446994900703,0.294632166624069,13.0284645636542,0.00644530267412456
"ITC11",-1.86379790306091,6.00348520278931,16.1065368652344,7.59519386291504,17.9703350067139,2.70853543281555,4.59830713272095,4.0289101600647,3.99924302101135,71.1352081298828,72.8262329101562,72.5804443359375,77.2495498657227,0.258353054523468,0.112267427146435,0.0612248219549656,0.0561609007418156,1.85119503726128e-07,0,0.502346456050873,0,0.502346456050873,14.5485758046242,0.00212473121516921
"ITC12",0.784274280071259,9.34424018859863,19.0777416229248,10.2896509170532,18.2934665679932,2.63062310218811,5.14724493026733,4.65448904037476,4.98243427276611,74.8229293823242,71.3489151000977,71.4452743530273,77.533447265625,0.442586034536362,0.0872199535369873,0.0147272329777479,0.0196079816669226,3.78956627855587e-07,0,0.424594759941101,0,0.424594759941101,12.4694350294991,0.00610566729262037
"ITC13",-0.952143013477325,7.10593318939209,16.9277477264404,8.41270160675049,17.8798904418945,2.9195601940155,6.01024341583252,5.93085718154907,5.76692628860474,71.7111587524414,71.8663864135742,73.0181884765625,77.1784744262695,0.227278143167496,0.107730090618134,0.028650376945734,0.0232783444225788,7.65086156206962e-07,0,0.592075765132904,0,0.592075765132904,11.699034955663,0.0129985482794439
"ITC14",-4.4493670463562,3.25071310997009,13.3498706817627,5.05497646331787,17.7992382049561,3.41433095932007,6.12735319137573,6.78998231887817,6.12163782119751,73.1063613891602,74.6240539550781,75.9503326416016,79.6355438232422,0.0640609413385391,0.0973326861858368,0.101150035858154,0.0160343199968338,0.000142505727126263,0,0.689531683921814,0,0.689531683921814,12.4031584998251,0.0055298254353635
"ITC15",2.00365996360779,10.5674810409546,20.268913269043,11.4617671966553,18.265251159668,2.55347657203674,4.94481086730957,4.59009981155396,5.10540676116943,76.6970443725586,70.0865249633789,69.723518371582,77.6676483154297,0.40886527299881,0.0748481526970863,0.00337528879754245,0.0418287180364132,0.000106686165963765,0,0.446381151676178,0,0.446381151676178,12.9856408270192,0.00955159147110103
"ITC16",0.555011808872223,7.97562837600708,17.7446136474609,9.62037658691406,17.1896018981934,2.54749774932861,4.09115982055664,3.30306148529053,3.6913366317749,73.7303237915039,74.1871948242188,75.0424880981445,78.7581176757812,0.287592381238937,0.0757173299789429,0.0606516040861607,0.0153812943026423,1.45956825185062e-12,3.68538000240597e-16,0.389314413070679,0.158291295170784,0.547605693340302,13.3406544745828,0.00195063819601311
"ITC17",2.76646423339844,11.5741386413574,21.2728633880615,12.2956161499023,18.5063991546631,2.24450874328613,3.40911102294922,2.48255348205566,3.58257532119751,79.3911285400391,72.7609634399414,71.024528503418,79.3721389770508,0.539630711078644,0.0857104361057281,9.77259495549276e-10,0.0284569170325994,0,0,0.346002012491226,0,0.346002012491226,12.4054740698994,0.00811485023898225
"ITC18",3.23430752754211,11.6744546890259,21.339807510376,12.5953283309937,18.1054992675781,2.39003229141235,3.15532875061035,2.18908023834229,3.69734120368958,79.3477325439453,72.5050354003906,69.8646240234375,79.2498626708984,0.514282405376434,0.0762459635734558,0.000333713483996689,0.0221120938658714,0,0,0.386002868413925,0,0.386002868413925,13.1116264422591,0.00369939271899299
"ITC20",-7.5649094581604,-0.0495805218815804,10.6001281738281,2.22133302688599,18.1650371551514,3.63923239707947,4.5886607170105,4.39289665222168,4.21565866470337,68.5377349853516,75.2437286376953,75.7313995361328,78.0930557250977,0.0314425118267536,0.167181894183159,0.110941991209984,0.00515918852761388,3.25479959428776e-06,0,0.608257472515106,0,0.608257472515106,11.5565069984581,0.00356711667039247
"ITC31",6.48022556304932,11.1606721878052,19.9825496673584,14.0031604766846,13.5023241043091,2.40447998046875,2.95042562484741,1.78161764144897,3.09568405151367,71.1295928955078,75.8014602661133,79.0242538452148,76.1905517578125,0.101100847125053,0.116953074932098,0.0116713102906942,0.0265667233616114,0,4.30723135821508e-16,0.322433739900589,0.192550495266914,0.514984309673309,11.2814032582066,0.00973766888168916
"ITC32",5.77661895751953,11.4094190597534,20.3373050689697,13.7445268630981,14.5606870651245,2.74287104606628,3.30345892906189,2.01315498352051,4.07162857055664,73.7152938842773,76.5214233398438,78.808837890625,78.1053085327148,0.0412874482572079,0.0608790181577206,0.000535603845492005,0.0299955140799284,0,1.8252367672833e-10,0.563089549541473,0.0276407841593027,0.590730309486389,12.2380345803856,0.00789657858983859
"ITC33",6.34167337417603,11.8594217300415,20.8387222290039,14.282341003418,14.497049331665,3.24259257316589,3.20783877372742,1.96136021614075,4.51066446304321,74.4025955200195,74.7291030883789,74.6578826904297,77.0848388671875,0.133729353547096,0.0547527596354485,0.00105867965612561,0.0381605625152588,0,3.38802375043912e-10,0.242190077900887,0.199864193797112,0.442054271697998,12.4505671346928,0.006702636134273
"ITC34",5.8615894317627,10.9648389816284,19.8946094512939,13.5744695663452,14.0330209732056,3.92460346221924,3.7706401348114,2.43883633613586,5.26884698867798,75.9153747558594,76.2751007080078,76.8302001953125,79.5552139282227,0.0358215868473053,0.02632768265903,0.00401555420830846,0.0192678011953831,0,1.05164661701185e-12,0.649762988090515,0.0309980902820826,0.680760979652405,11.5487993125785,0.0133331985367928
"ITC41",2.24457907676697,10.412148475647,19.99853515625,11.4624710083008,17.7539558410645,2.53700351715088,4.93402242660522,4.70764589309692,5.34213161468506,77.6700439453125,69.5345916748047,70.0542068481445,78.3046112060547,0.229990154504776,0.086385689675808,0.00524395983666182,0.0733041614294052,0.000358438119292259,0,0.538974583148956,0,0.538974583148956,13.4097128945657,0.0113320800441702
"ITC42",-0.130994588136673,8.08821678161621,17.7176456451416,9.41669750213623,17.8486385345459,2.39202618598938,4.44756269454956,4.78951930999756,4.62706708908081,76.3948135375977,71.3545684814453,72.2561798095703,79.0808792114258,0.133089393377304,0.0941206440329552,0.0465945452451706,0.174690648913383,0.000294817931717262,0,0.506297886371613,0,0.506297886371613,13.7595143141313,0.0107797820720509
"ITC43",0.346396863460541,8.64065647125244,18.237434387207,9.87967586517334,17.8910369873047,2.35380005836487,4.36267471313477,4.73952722549438,4.56752872467041,76.3997344970703,71.0427703857422,71.9109573364258,78.9576721191406,0.145401358604431,0.0859749615192413,0.0361133553087711,0.217325136065483,0.000284300360362977,0,0.471793532371521,0,0.471793532371521,13.4714206428647,0.0168537406688086
"ITC44",-7.60262155532837,1.09044349193573,11.1781883239746,3.20603656768799,18.7808094024658,2.4333553314209,4.1346287727356,5.09364700317383,3.95220470428467,72.6174011230469,74.8063278198242,77.5810394287109,79.4194564819336,0.0191954616457224,0.153564125299454,0.136216551065445,0.00572274019941688,9.08295478438959e-05,0,0.656622350215912,0,0.656622350215912,11.840733152026,0.00369784776815397
"ITC46",-0.831316471099854,7.93523454666138,17.6222229003906,9.23008441925049,18.4535388946533,2.28294014930725,4.08964967727661,4.85725927352905,4.12779474258423,74.7316360473633,73.091178894043,74.7083740234375,79.8653106689453,0.255827367305756,0.153577864170074,0.0202258862555027,0.0715715140104294,1.10434921225533e-05,0,0.491834074258804,0,0.491834074258804,13.8193162446435,0.00500444471069367
"ITC47",-0.831732153892517,7.87877941131592,17.7802963256836,9.43328189849854,18.6120281219482,2.17708730697632,3.61207747459412,4.17203760147095,3.67377662658691,76.6964111328125,72.9042053222656,73.4409255981445,79.5922012329102,0.294088691473007,0.130922436714172,0.0339156463742256,0.0364520587027073,1.03690933883627e-06,0,0.476679444313049,0,0.476679444313049,13.7416007296403,0.00289390860757107
"ITC48",3.24375009536743,12.2350339889526,22.0917186737061,12.9361343383789,18.8479671478271,2.24637794494629,3.16381788253784,2.43985629081726,3.56225180625916,79.9274444580078,70.2586441040039,66.8944854736328,78.2644729614258,0.625740230083466,0.0572670809924603,0.000660233141388744,0.0569940321147442,1.87244473398573e-11,0,0.256606042385101,0,0.256606042385101,14.0965182185013,0.00471085417242942
"ITC49",3.42281794548035,12.708155632019,22.656270980835,13.2984466552734,19.2334518432617,2.05471253395081,2.88735914230347,2.60399436950684,3.28965473175049,80.4828109741211,70.0022506713867,66.3211441040039,78.3642578125,0.736682534217834,0.0917961299419403,8.84584183680204e-10,0.0691662803292274,1.73720603874328e-11,0,0.0981906279921532,0,0.0981906279921532,12.7923301035968,0.016237120852544
"ITC4A",3.56142139434814,12.7100782394409,22.7038135528564,13.4520139694214,19.1423931121826,1.99740278720856,2.82608532905579,2.69744372367859,3.221440076828,80.8041687011719,70.3981781005859,66.6050796508789,78.533317565918,0.76630175113678,0.0888120457530022,1.41031896419008e-05,0.0325720757246017,4.66453752793333e-13,2.53955217945355e-17,0.100586004555225,0.00828172545880079,0.108867727220058,12.8255083618552,0.00723912599073368
"ITC4B",3.7995457649231,12.7753572463989,22.8984107971191,13.7561016082764,19.0988636016846,1.88709473609924,2.71632170677185,2.59065341949463,2.9318528175354,80.8562698364258,70.3911743164062,65.73486328125,77.8225784301758,0.722775518894196,0.0940080881118774,0.00327667221426964,0.0468622446060181,0,3.85388847223494e-16,0.0898191854357719,0.0195524320006371,0.109371609985828,13.2981278584876,0.00574805203805556
"ITC4C",2.9189944267273,11.8814392089844,21.6909656524658,12.6044912338257,18.7719707489014,2.21124243736267,3.6213858127594,3.27292418479919,3.96336245536804,79.0431976318359,69.5232086181641,67.3060150146484,77.9803314208984,0.524596035480499,0.0692324563860893,0.00124887574929744,0.136238619685173,0.000112246765638702,0,0.245138168334961,0,0.245138168334961,14.0218897697081,0.00905238325194632
"ITC4D",2.06489634513855,10.4719581604004,19.9777717590332,11.4479026794434,17.9128761291504,2.29773664474487,4.2847728729248,4.57553720474243,4.60396385192871,76.8988723754883,69.799919128418,70.4187469482422,78.4678344726562,0.187802493572235,0.0630147233605385,0.00498020462691784,0.297872573137283,0.000287576724076644,0,0.400286167860031,0,0.400286167860031,13.0591455837222,0.0332943606614315
"ITF11",2.40039730072021,8.5808687210083,18.5080890655518,11.3116245269775,16.1076908111572,2.99717020988464,3.2078595161438,1.96257925033569,3.30522513389587,80.9737930297852,76.3664932250977,71.5369262695312,79.7256240844727,0.235611140727997,0.158274784684181,0.00975780840963125,0.0103814722970128,0,2.19315420928405e-18,0.341081291437149,0.241823554039001,0.582904875278473,12.829072856969,0.0025225655816117
"ITF12",5.01412057876587,11.1004009246826,20.8771667480469,13.8339052200317,15.8630475997925,2.41330122947693,2.69025588035583,2.31661748886108,2.68455004692078,79.2661666870117,75.3897323608398,72.822998046875,78.8822250366211,0.442385405302048,0.0715455859899521,0.00141538633033633,0.0324921570718288,0,2.89942093771589e-12,0.000345287495292723,0.346323281526566,0.346668571233749,12.5248393958349,0.00649149694237783
"ITF13",3.80708622932434,10.088755607605,19.9881763458252,12.7509365081787,16.1810894012451,2.55077576637268,2.70375609397888,1.96908402442932,2.63120722770691,80.4252319335938,75.1298141479492,70.8356552124023,78.6988830566406,0.352234810590744,0.118278793990612,0.00931189674884081,0.0222424641251564,0,2.01811722715106e-12,0,0.412658661603928,0.412658661603928,11.9099266255517,0.00984448393006307
"ITF14",5.64021253585815,11.4290037155151,21.2153625488281,14.2123155593872,15.5751504898071,2.43567705154419,2.37569999694824,1.7208833694458,2.47438621520996,78.9781188964844,74.5564575195312,70.7027740478516,77.6459426879883,0.394633203744888,0.0865486711263657,0.000154911365825683,0.0257630217820406,0,0,0,0.300245523452759,0.300245523452759,12.7592885334385,0.00487961756894435
"ITF21",3.21636748313904,9.09651374816895,18.8151359558105,11.8114032745361,15.5987682342529,2.89102101325989,2.97728633880615,1.91784965991974,3.06498074531555,81.559684753418,77.0551452636719,73.3470840454102,80.429443359375,0.254148244857788,0.142042338848114,2.50306438829284e-05,0.00886853225529194,0,1.58488619363822e-12,0.00652568321675062,0.586976766586304,0.593502461910248,11.5102994418627,0.00764677512000746
"ITF22",6.07016134262085,11.6344566345215,21.5594215393066,14.4979104995728,15.489260673523,2.35543131828308,2.1423168182373,1.30807304382324,2.31423115730286,79.7118606567383,74.0051040649414,68.1475677490234,76.8975601196289,0.615560352802277,0.11616013944149,4.9467125791125e-05,0.0140174981206656,0,7.36943544153103e-20,0,0.213516786694527,0.213516786694527,12.5307819966667,0.00424492003094528
"ITF31",7.25823354721069,12.146481513977,21.5079402923584,15.2732524871826,14.2497062683105,3.60955262184143,2.97544836997986,1.22622585296631,4.30199098587036,79.4094619750977,77.5719985961914,75.3308410644531,78.970458984375,0.431082040071487,0.0979346632957458,0.00142003991641104,0.0374924317002296,0,8.83675563279063e-11,0,0.326783448457718,0.326783448457718,13.481553019338,0.00503383655313033
"ITF32",5.78521823883057,11.1941328048706,21.1567516326904,14.1318893432617,15.3715343475342,2.83628821372986,2.5401759147644,1.16489553451538,2.96700072288513,82.2809143066406,76.06787109375,68.8302230834961,78.6977691650391,0.614090919494629,0.0992768257856369,1.16653309234493e-09,0.0185478460043669,0,6.95338743172814e-17,0,0.268060207366943,0.268060207366943,12.6199182679906,0.00610786723418434
"ITF33",10.2766170501709,13.7332305908203,22.6775875091553,17.7603569030762,12.4009704589844,3.80597853660583,2.44173145294189,0.779471516609192,4.33097076416016,74.6050720214844,76.258674621582,76.125373840332,74.7362976074219,0.137120753526688,0.0263399332761765,0.000365407904610038,0.213514417409897,0,0,0,0.210311368107796,0.210311368107796,14.0272726859007,0.0117561286672552
"ITF34",6.67868137359619,11.7559490203857,21.6174850463867,14.9175748825073,14.9388046264648,3.11058449745178,2.5273425579071,1.00387060642242,3.10398006439209,80.3014831542969,74.7218933105469,67.7263336181641,76.5568695068359,0.496096819639206,0.0863283798098564,9.92165016810986e-10,0.0378128960728645,0,2.42567816190309e-16,0,0.322488307952881,0.322488307952881,13.1718767323892,0.00477485936857954
"ITF35",7.30252122879028,11.9056043624878,21.3341693878174,15.2883176803589,14.0316476821899,3.77333354949951,2.87607502937317,0.997220933437347,3.69123840332031,79.3875503540039,76.1549224853516,72.1574325561523,77.1633987426758,0.259940385818481,0.0926950424909592,0.00541468197479844,0.0259187500923872,0,2.84761880742224e-10,0,0.476706087589264,0.476706087589264,13.4951413685262,0.00273034177556315
"ITF43",9.77658843994141,14.1564531326294,23.9053440093994,17.7735977172852,14.128755569458,1.94331109523773,1.50459599494934,0.585751116275787,1.86679828166962,77.4016799926758,73.0790023803711,66.7964859008789,75.7176742553711,0.415439039468765,0.220771446824074,0.00136274192482233,0.0249160137027502,0,9.12299333299949e-11,0,0.10930859297514,0.10930859297514,12.7451372689425,0.00520005728871965
"ITF44",10.6356859207153,14.6851615905762,24.0827293395996,18.359001159668,13.4470434188843,2.06816935539246,1.58446431159973,0.527913391590118,2.08159327507019,76.2285766601562,73.433723449707,69.3430252075195,75.9232788085938,0.31828561425209,0.202388748526573,0.000684157013893127,0.0230469908565283,0,5.11247023448486e-13,0,0.10821708291769,0.10821708291769,12.2923936801216,0.00674692749780382
"ITF45",11.2614393234253,15.12242603302,24.4755210876465,18.9664993286133,13.2140817642212,2.21744751930237,1.50703048706055,0.450686424970627,2.50189590454102,75.4261245727539,73.6414794921875,69.3148956298828,75.0710525512695,0.358822733163834,0.200224429368973,0.0021441972348839,0.0371302552521229,0,3.93074545135264e-10,0,0.0985928922891617,0.0985928922891617,13.1863989986715,0.00479008378633092
"ITF46",7.94407272338867,13.2089138031006,23.3541164398193,16.2826728820801,15.4100437164307,1.97367238998413,1.68856644630432,0.935581862926483,1.86296594142914,77.4893951416016,70.6996841430664,62.542366027832,73.332763671875,0.532926201820374,0.0862609967589378,0.00023196438269224,0.0139867998659611,0,3.80105877328951e-11,0,0.226441591978073,0.226441591978073,13.2748338965518,0.00189704696038032
"ITF47",8.80113410949707,13.6269397735596,23.4517211914062,16.900785446167,14.6505870819092,1.87234950065613,1.56754696369171,0.742809236049652,1.71035814285278,77.6119613647461,71.8092880249023,65.1469497680664,75.3688735961914,0.457935571670532,0.23623913526535,0.00148867233656347,0.0391201935708523,0,3.67148846047716e-11,0,0.128617122769356,0.128617122769356,13.3619521615623,0.00352910016624682
"ITF48",8.6006555557251,13.5951232910156,23.478141784668,16.814811706543,14.8774852752686,1.79161524772644,1.48099184036255,0.792575240135193,1.62666308879852,76.8006362915039,70.8944473266602,64.4327774047852,73.7608032226562,0.402037352323532,0.196845233440399,0.000402875186409801,0.0358688458800316,0,2.40401691609105e-11,0,0.106043063104153,0.106043063104153,12.4101273459992,0.0079434135572644
"ITF51",5.86805629730225,11.251012802124,21.264030456543,14.2953624725342,15.3959732055664,2.46405911445618,2.2133092880249,1.0213885307312,2.20326089859009,81.2886428833008,73.7394561767578,65.5191497802734,76.3546905517578,0.451818376779556,0.129057765007019,3.00687515846221e-05,0.0110857170075178,0,1.97952956110248e-11,0,0.390606135129929,0.390606135129929,13.0658295993212,0.00199742712188358
"ITF52",7.69477844238281,12.8055896759033,22.8566017150879,16.0298881530762,15.1618232727051,1.98052823543549,1.68507015705109,0.785636484622955,1.78370404243469,78.639762878418,72.1049194335938,64.0489730834961,74.8624649047852,0.503269255161285,0.165354266762733,1.62708402307032e-09,0.00582644436508417,0,1.53582438433553e-10,0,0.242230594158173,0.242230594158173,12.1453281678985,0.00350645761733237
"ITF61",8.02496242523193,12.2934141159058,21.7755336761475,15.9866228103638,13.7505722045898,3.31781458854675,2.43295431137085,0.939107060432434,2.85781240463257,79.0620880126953,75.0698165893555,70.6222229003906,76.3855361938477,0.226452142000198,0.0841301754117012,0.00171074829995632,0.0151042100042105,0,5.87534118579036e-11,0,0.509656429290771,0.509656429290771,13.2735049988386,0.00197902437563188
"ITF62",9.38062572479248,13.2711591720581,22.7681694030762,17.1825523376465,13.3875427246094,2.9620795249939,2.03091764450073,0.819132030010223,2.68634939193726,76.8614730834961,73.7875289916992,68.6494064331055,75.1848678588867,0.252727746963501,0.0960407257080078,0.000660196703393012,0.0100724585354328,0,2.71985906019623e-11,0,0.382730007171631,0.382730007171631,11.3521027064549,0.00637194623363587
"ITF63",9.51454734802246,13.0738220214844,22.3945121765137,17.1817169189453,12.8799648284912,3.34845638275146,2.18483185768127,0.745859026908875,2.75101447105408,78.4519653320312,75.7198486328125,71.8983383178711,76.7894897460938,0.231462225317955,0.0913244187831879,0.000919278711080551,0.0197182223200798,0,7.74026259753313e-11,0,0.377390384674072,0.377390384674072,12.3963022392337,0.00515548385293697
"ITF64",10.4707288742065,13.4223127365112,22.419620513916,17.8718795776367,11.9488906860352,3.73351621627808,2.25171709060669,0.672037124633789,2.90831351280212,78.1125564575195,77.7915267944336,75.9909286499023,77.5900115966797,0.221675157546997,0.091816857457161,0.0008357695187442,0.0174085665494204,0,7.68176425247624e-11,0,0.373301416635513,0.373301416635513,11.6669449308322,0.0101585106231096
"ITF65",10.8155202865601,13.7863216400146,22.8969287872314,18.2205867767334,12.0814094543457,3.35226058959961,1.93333387374878,0.473466217517853,2.762615442276,77.8322372436523,76.2018127441406,72.6175384521484,77.1310424804688,0.12259491533041,0.0697168409824371,0.000444489443907514,0.0266229268163443,0,3.44747647096355e-10,0,0.338116705417633,0.338116705417633,12.9727868763023,0.00412260469509335
"ITG11",12.066481590271,15.0360622406006,24.0021076202393,19.478048324585,11.9356241226196,2.11556720733643,1.34048306941986,0.209155842661858,2.1616153717041,76.6555709838867,73.8650360107422,70.1065292358398,75.2560577392578,0.327693730592728,0,0.260373473167419,0.0135264685377479,0,2.85801489548912e-16,0,0.0748637840151787,0.0748637840151787,12.2497131144174,0.00491212465683853
"ITG12",9.51938056945801,13.2866840362549,22.9383220672607,17.4378566741943,13.4189414978027,2.22974038124084,1.62413239479065,0.358964890241623,2.07187795639038,80.4259490966797,74.1564407348633,65.7162628173828,76.2243270874023,0.536944150924683,0,0.231800854206085,0.0274403374642134,0,2.31502108945952e-15,0,0.110228694975376,0.110228694975376,13.2545625548992,0.0026199325560638
"ITG13",10.3246822357178,13.5432252883911,22.8336372375488,17.9771556854248,12.5089569091797,2.88637065887451,1.92191350460052,0.522452712059021,2.50550055503845,77.8321838378906,75.4977416992188,70.845344543457,75.9721908569336,0.204843267798424,0.152670189738274,0.0444786846637726,0.0246090553700924,0,9.59407997491724e-10,0,0.236686781048775,0.236686781048775,12.7701804719937,0.00384259642933805
"ITG14",10.5564670562744,14.1067981719971,23.3398723602295,18.2858047485352,12.7834062576294,2.02492737770081,1.29567718505859,0.228374794125557,2.05219841003418,79.5302352905273,73.9218063354492,68.2341613769531,76.799934387207,0.477644801139832,0,0.180253848433495,0.0152242742478848,0,2.06538226869531e-15,0,0.0717666000127792,0.0717666000127792,12.5475440840422,0.00407036214445694
"ITG15",9.51535129547119,13.4812097549438,22.9912910461426,17.437328338623,13.4759387969971,1.90571558475494,1.26245999336243,0.258439868688583,1.91630971431732,80.7673721313477,73.4236602783203,66.0083236694336,77.2519912719727,0.570936679840088,0,0.21075876057148,0.0168540570884943,0,1.93818523683026e-15,0,0.0838144347071648,0.0838144347071648,12.3032191354437,0.00572160374952378
"ITG16",8.47029972076416,12.6445713043213,22.442253112793,16.5605125427246,13.9719533920288,2.1798107624054,1.62993156909943,0.425349473953247,2.00776624679565,81.6564865112305,73.8938064575195,65.1057586669922,77.2206497192383,0.50447005033493,0.0943255797028542,0.180456444621086,0.0115285981446505,0,2.2593583193307e-15,0,0.179609924554825,0.179609924554825,12.3279500655214,0.00474627462647276
"ITG17",9.27456855773926,13.3470268249512,23.1885795593262,17.2975845336914,13.9140110015869,2.35119938850403,1.59096360206604,0.420305490493774,2.1833484172821,80.6412734985352,73.9596176147461,65.7438201904297,77.4440002441406,0.433802723884583,0.136691734194756,0.131472989916801,0.025070970878005,0,2.30786556532081e-10,0,0.175435215234756,0.175435215234756,13.0388424245182,0.00370112946782868
"ITG18",11.8632535934448,14.7664604187012,23.6944046020508,19.3018093109131,11.831151008606,2.0810067653656,0.965013325214386,0.208138197660446,1.88146781921387,76.810920715332,75.6864471435547,72.375,76.6178512573242,0.409503221511841,0,0.111757874488831,0.017171923071146,0,2.10679794465131e-15,0,0.0649882256984711,0.0649882256984711,11.9087301022951,0.00752168647532934
"ITG19",11.6387701034546,14.8171167373657,24.0839309692383,19.2322998046875,12.4451608657837,2.21442723274231,1.0385240316391,0.218684017658234,1.96313691139221,76.7540512084961,74.7702255249023,69.835807800293,75.94140625,0.346636712551117,0,0.165674701333046,0.0163385607302189,0,2.54028230200175e-15,0,0.0651484429836273,0.0651484429836273,12.2077176199426,0.00560645198701425
"ITG25",9.52909088134766,12.9201536178589,21.9013442993164,16.7525024414062,12.3722524642944,2.05385971069336,1.94599950313568,0.457048803567886,2.07109904289246,79.8814697265625,77.2587966918945,71.3996887207031,77.4218673706055,0.36564376950264,0.215138033032417,0.0109105436131358,0.0103989308699965,0,2.6243252015945e-10,0,0.175204381346703,0.175204381346703,12.4432559269719,0.00288978181803767
"ITG26",8.41910266876221,12.1575832366943,21.6983375549316,15.8908166885376,13.2792329788208,1.94669115543365,1.97347247600555,0.508900046348572,1.80715036392212,81.2596893310547,76.4897232055664,67.3725128173828,77.6623229980469,0.264125555753708,0.208493590354919,0.0304765310138464,0.0057736630551517,0,2.77937339809853e-10,0,0.364460051059723,0.364460051059723,11.8342583428197,0.00299728937680486
"ITG27",10.0312490463257,13.617527961731,23.0989322662354,17.5480060577393,13.0676822662354,1.64544975757599,1.58378446102142,0.324895679950714,1.58207762241364,79.5525054931641,74.0957107543945,65.4195175170898,76.0658340454102,0.209366515278816,0.145526453852654,0.132183462381363,0.016519395634532,0,3.93220456196275e-11,0,0.25505056977272,0.25505056977272,12.8617961036315,0.00280228730055573
"ITG28",9.17714405059814,13.0237884521484,22.3526630401611,16.7026081085205,13.175518989563,2.1483941078186,2.04952526092529,0.364391922950745,2.01115250587463,81.2337646484375,76.2887268066406,67.8459777832031,77.1277008056641,0.459403842687607,0.23773081600666,0.0142540382221341,0.0070808450691402,0,6.13161799112305e-10,0,0.185480698943138,0.185480698943138,11.997557897716,0.0039129199044281
"ITG29",9.52344799041748,12.9471807479858,22.0409774780273,16.7299995422363,12.5175285339355,1.81784331798553,1.80900347232819,0.520623207092285,1.76111149787903,79.4646759033203,76.5680160522461,70.8547286987305,77.792839050293,0.173774197697639,0.211258381605148,0.0600218512117863,0.00477059790864587,0,7.07124679991122e-12,0,0.301835626363754,0.301835626363754,11.4914561714322,0.00340171076565288
"ITG2A",9.47379493713379,12.7595500946045,22.0947799682617,16.7686862945557,12.6209831237793,1.89259767532349,1.71716094017029,0.444700807332993,1.79134929180145,78.9104614257812,75.8840942382812,69.050910949707,76.9680862426758,0.15870189666748,0.215004414319992,0.0656419470906258,0.00452543469145894,0,1.16413970477347e-11,0,0.336092054843903,0.336092054843903,10.6941881336347,0.00575499830260889
"ITG2B",9.82828521728516,13.6221342086792,22.9701061248779,17.387393951416,13.1418218612671,1.96359741687775,1.86825084686279,0.309645682573318,1.82637989521027,80.5057525634766,75.05615234375,66.6620788574219,76.4582595825195,0.429361134767532,0.23207788169384,0.0379951409995556,0.0100494269281626,0,1.51532050796099e-11,0,0.187960579991341,0.187960579991341,11.5160789250843,0.00795068945866881
"ITG2C",10.8024454116821,14.2895088195801,23.5112991333008,18.2443599700928,12.7088556289673,1.70116138458252,1.61434936523438,0.272120535373688,1.61439204216003,79.67919921875,74.4927597045898,66.8026885986328,76.1827011108398,0.251243263483047,0.223571613430977,0.067318320274353,0.010050811804831,0,1.935884369475e-10,0,0.199857607483864,0.199857607483864,11.4069650298133,0.00768311544911728
"ITH10",-7.54655981063843,0.987997531890869,10.723482131958,2.81377029418945,18.2700424194336,2.21565270423889,3.55680394172668,5.02341222763062,3.20013356208801,73.9171752929688,74.1515655517578,76.7076034545898,78.7024307250977,0.0352970249950886,0.187766164541245,0.0966057553887367,0.00935493316501379,4.83296446418535e-07,0,0.641530752182007,0,0.641530752182007,12.8535899870471,0.00173674127318008
"ITH20",-3.95331239700317,4.9272723197937,14.551456451416,6.63151836395264,18.504768371582,2.13423538208008,3.91773152351379,5.12802648544312,3.65347504615784,73.4568099975586,72.7201156616211,75.7286758422852,78.2896499633789,0.0717583820223808,0.123513922095299,0.0560915246605873,0.0161787010729313,1.05334159172799e-08,0,0.702854096889496,0,0.702854096889496,13.2470301104026,0.00214800637619385
"ITH31",2.50780868530273,11.3391122817993,21.1919059753418,12.478385925293,18.6840972900391,2.0068826675415,3.12782502174377,3.24404954910278,3.29476356506348,78.9938507080078,71.2931823730469,69.1344985961914,78.347297668457,0.516020834445953,0.0986172631382942,0.00591225642710924,0.0319820903241634,1.35510404980499e-11,0,0.30385434627533,0,0.30385434627533,13.3047075381095,0.00430597969073459
"ITH32",1.48947298526764,10.2822961807251,19.7869281768799,11.3305149078369,18.2974548339844,2.17487120628357,3.71566462516785,4.08646202087402,3.73715734481812,77.3705902099609,72.9977645874023,73.0293579101562,79.4473724365234,0.389458030462265,0.116448774933815,0.0089176669716835,0.0463758297264576,0,0,0.437640458345413,0,0.437640458345413,13.3979317177245,0.00496014889180977
"ITH33",-4.22343397140503,4.15440082550049,13.7816114425659,5.88363170623779,18.0050449371338,2.39416980743408,4.54259204864502,6.27035617828369,4.30491638183594,77.3449783325195,77.8042602539062,79.9600143432617,82.1429595947266,0.0806647315621376,0.113899916410446,0.0624941810965538,0.0115189924836159,9.16747667362161e-12,0,0.730346262454987,0,0.730346262454987,12.4264434814193,0.0033517804879268
"ITH34",2.89616560935974,11.2463693618774,20.7593021392822,12.453914642334,17.8631362915039,2.28726577758789,3.54617714881897,3.68846154212952,4.11122846603394,78.4719696044922,74.4507369995117,73.6129302978516,79.1155624389648,0.597397863864899,0.0775999203324318,0.00124018953647465,0.0636698976159096,0,0,0.234052300453186,0,0.234052300453186,13.5910927576395,0.00555119292905815
"ITH35",4.87136602401733,12.514365196228,22.2060432434082,14.2910203933716,17.3346786499023,2.2721095085144,2.9523024559021,2.98555135726929,4.01154088973999,78.0397262573242,74.616081237793,72.5039596557617,77.2048263549805,0.550830066204071,0.0599772445857525,0.00482846703380346,0.0398039482533932,2.78538529047134e-11,0,0.0941455438733101,0.000110024586319923,0.0942555665969849,13.0862737871655,0.00644625845680137
"ITH36",3.57897043228149,12.4684658050537,22.3073234558105,13.4956340789795,18.7283535003662,1.9778243303299,2.91457891464233,3.00125455856323,3.26574730873108,80.0755233764648,72.2149124145508,69.7281646728516,78.396614074707,0.635404169559479,0.0839695930480957,0.00146710372064263,0.0576672255992889,6.32409923040367e-12,0,0.184132471680641,0,0.184132471680641,13.4415379395708,0.00632022388458811
"ITH37",4.93884372711182,13.1488876342773,23.2501277923584,14.7386665344238,18.3112831115723,1.91165411472321,2.4246518611908,2.41540098190308,2.82671046257019,80.1446304321289,72.1674346923828,67.8284225463867,76.9993286132812,0.605163633823395,0.0743845552206039,0.00451796781271696,0.0366572588682175,1.42763804250601e-11,6.41408384738362e-11,0.0738459751009941,0.0336689949035645,0.107514962553978,12.7962309749779,0.00766065490116043
"ITH41",0.245176404714584,8.74395656585693,18.2274951934814,10.1412153244019,17.9823207855225,2.54794573783875,4.434814453125,5.24632692337036,4.91850662231445,77.7108688354492,75.9933547973633,76.8018569946289,80.5238571166992,0.335788011550903,0.0949687957763672,0.0184549763798714,0.0103978859260678,0,0,0.50299197435379,0,0.50299197435379,12.2930336501574,0.00541509699886143
"ITH42",0.0293080657720566,8.31422805786133,17.8123092651367,9.75033473968506,17.7830009460449,2.9310519695282,4.36679840087891,4.88338804244995,5.34469032287598,77.3165512084961,75.5074920654297,76.0315475463867,80.0048904418945,0.254952430725098,0.081181213259697,0.024072490632534,0.0167130324989557,0.00180193560663611,0,0.5307337641716,0,0.5307337641716,13.0532046662739,0.00270572533334602
"ITH43",4.5685133934021,11.5769748687744,21.1252250671387,13.5090980529785,16.556713104248,3.21886920928955,3.66908669471741,3.58991813659668,5.62598323822021,75.3945007324219,74.2203826904297,73.0525512695312,76.2666320800781,0.272083282470703,0.103695169091225,0.00515127088874578,0.0267504379153252,8.94438853720203e-05,0,0.267597407102585,0,0.267597407102585,11.0427160645551,0.0293630376608278
"ITH44",3.50512051582336,10.7624101638794,20.2181949615479,12.4137105941772,16.7130737304688,3.52336955070496,4.04319667816162,3.8908998966217,5.87702369689941,77.0341491699219,74.2717742919922,74.2470932006836,78.328125,0.122197300195694,0.160613343119621,0.00506491539999843,0.0422613359987736,0.00018335240019951,0,0.44957834482193,0,0.44957834482193,10.8454750420685,0.0509284307341533
"ITH51",2.97850179672241,11.0554265975952,20.710693359375,12.1410341262817,17.7321910858154,2.58069586753845,3.20242595672607,2.55486059188843,3.76743149757385,79.8654327392578,72.3169860839844,69.6498641967773,80.1954345703125,0.399644523859024,0.0631522163748741,0.00140158098656684,0.0163044109940529,1.72187860757872e-12,0,0.517688035964966,0.00104767526499927,0.518735706806183,12.5777138929102,0.00478960208314948
"ITH52",3.47058653831482,11.2741785049438,21.0294647216797,12.5913381576538,17.5588760375977,2.67645907402039,3.18859839439392,2.4210524559021,3.66272592544556,79.7932052612305,72.3665390014648,68.7829055786133,79.6738052368164,0.448792278766632,0.0723349377512932,0.00064536090940237,0.0261256489902735,0,1.0462682152948e-12,0.220157086849213,0.203880608081818,0.42403769493103,13.0544141129558,0.0038349095067394
"ITH53",3.47433757781982,11.4410629272461,21.3262405395508,12.8113698959351,17.8519039154053,2.53393602371216,3.1601026058197,2.54496312141418,3.37816500663757,80.3754730224609,72.3290405273438,68.4679946899414,79.3938446044922,0.479451656341553,0.0862003639340401,0.000365985411917791,0.0471612997353077,0,1.82576554176301e-15,0,0.380647569894791,0.380647569894791,13.2399376134858,0.0057155513328119
"ITH54",3.33431339263916,11.3863897323608,21.3588275909424,12.7927322387695,18.0245151519775,2.39790678024292,3.10134696960449,2.64297437667847,3.1933102607727,80.6900405883789,72.2956085205078,68.2651901245117,79.3489379882812,0.48409029841423,0.0785582587122917,0.00183722528163344,0.0341673083603382,0,9.2482350021807e-16,0,0.399773448705673,0.399773448705673,13.1345512402434,0.00488191756986754
"ITH55",3.95548176765442,11.9895925521851,22.0862255096436,13.4782781600952,18.130744934082,2.13169026374817,2.72898006439209,2.34712958335876,2.71328902244568,80.8450088500977,71.3456802368164,66.2161560058594,78.2677307128906,0.49441647529602,0.0750047415494919,0.000533701095264405,0.0332347601652145,0,5.04893592212508e-11,0,0.39507457613945,0.39507457613945,13.444721204884,0.00366479918378099
"ITH56",5.23287677764893,13.3716459274292,23.7222576141357,15.1070919036865,18.4893817901611,1.81818556785583,2.22652769088745,2.22808122634888,2.3715033531189,80.5838470458984,71.1453323364258,65.1835556030273,76.3968734741211,0.670245826244354,0.082370899617672,0.00337986298836768,0.021182045340538,0,2.25337304371465e-10,0,0.0819217786192894,0.0819217786192894,12.7226992858168,0.00477166191047728
"ITH57",5.0972146987915,12.6930408477783,22.8467578887939,14.4899787902832,17.7495422363281,1.97479605674744,2.36717391014099,2.10155582427979,2.42650961875916,80.1844329833984,70.6848297119141,65.0332260131836,77.0453720092773,0.552390217781067,0.077915221452713,0.00183060555718839,0.029288861900568,0,3.21029106076232e-11,0,0.214680969715118,0.214680969715118,12.6181135853872,0.00666739953371203
"ITH58",4.55422353744507,11.7616539001465,21.7513294219971,13.6337757110596,17.1971073150635,2.22480320930481,2.61733436584473,2.10616588592529,2.74497175216675,80.6603927612305,71.8614883422852,66.8139877319336,78.5557022094727,0.426053464412689,0.0750386342406273,0.000510967802256346,0.0256258882582188,0,0,0,0.389370501041412,0.389370501041412,12.7051309299324,0.00539412292663
"ITH59",5.34847688674927,11.7374973297119,21.6295394897461,14.0747489929199,16.281063079834,2.29327297210693,2.49166083335876,1.99062716960907,2.74967217445374,80.1626358032227,73.5207748413086,68.8167419433594,78.4957733154297,0.425536304712296,0.0894188806414604,0.00030545995105058,0.0248222090303898,0,4.72315069000029e-11,0,0.293755143880844,0.293755143880844,11.4258375225495,0.0132627841377772
"ITI11",4.54868507385254,10.214656829834,19.3524303436279,12.5863809585571,14.8037452697754,3.73325514793396,3.88463115692139,2.64346480369568,4.98785495758057,77.5698776245117,76.4071655273438,76.1581726074219,80.7075653076172,0.0440336763858795,0.0385360643267632,0.00189131766092032,0.0178324971348047,0,0,0.308059841394424,0.471079051494598,0.7791388630867,11.8098879734631,0.0101489884956576
"ITI12",5.08605909347534,10.9708909988403,20.2224235534668,13.3291788101196,15.1363649368286,3.23443913459778,3.47567272186279,2.37109637260437,4.50205993652344,77.8860321044922,75.9139404296875,75.4419708251953,80.0158004760742,0.211331099271774,0.0569888614118099,0.000536453910171986,0.036079078912735,0,3.68477364592974e-18,0.174727395176888,0.414296865463257,0.589024245738983,12.6865391212383,0.00703983064155207
"ITI13",4.25154638290405,10.9961214065552,20.5385665893555,12.9346418380737,16.2870197296143,2.82747983932495,3.25195455551147,2.30353426933289,3.94525098800659,79.7183609008789,74.9554138183594,73.2288360595703,80.8033676147461,0.373270303010941,0.0607106797397137,0.00134885450825095,0.0393676422536373,0,9.26206870457058e-18,0.228607162833214,0.296671986579895,0.52527916431427,12.2312231563179,0.012939438854073
"ITI14",4.35962343215942,11.155270576477,20.8713989257812,13.0975933074951,16.511775970459,2.56536030769348,2.91898393630981,1.9782577753067,3.39878869056702,80.3403244018555,74.1060256958008,70.5126037597656,80.0347366333008,0.359369456768036,0.0603006035089493,0.00015569879906252,0.0569994747638702,0,1.65033817774857e-12,0.0529066137969494,0.46986922621727,0.522775888442993,13.9878137649252,0.00394426122150448
"ITI15",4.20078563690186,11.1221323013306,20.8884353637695,13.0107955932617,16.6876487731934,2.51719403266907,2.90708374977112,2.01453566551208,3.28629374504089,80.3566818237305,73.8719100952148,69.9539566040039,79.8690643310547,0.334888815879822,0.0658013373613358,4.09488075092668e-06,0.0624570325016975,0,0,0.00745655316859484,0.529165089130402,0.536621630191803,11.7547289566488,0.0346580680749664
"ITI16",9.09122848510742,13.2257432937622,22.1158390045166,16.6040687561035,13.0246105194092,2.42433738708496,2.2307915687561,1.19220972061157,3.41383028030396,74.4913635253906,75.6951293945312,76.4316787719727,76.4593505859375,0.185522228479385,0.0480082780122757,0.000887608097400516,0.0161502435803413,0,1.46910261733524e-11,0.0403334200382233,0.299270421266556,0.339603841304779,11.1652435559518,0.00886864340267222
"ITI17",6.73848152160645,12.2988300323486,21.5908393859863,14.9077405929565,14.8523578643799,2.66538071632385,2.78699374198914,1.6642439365387,3.9007043838501,77.7256317138672,75.3765640258789,74.5783309936523,78.946891784668,0.350672155618668,0.0620242357254028,0.000389512744732201,0.0334529206156731,0,7.3739483215287e-14,0.187575325369835,0.287181288003922,0.474756598472595,12.8775103240509,0.00525200646512134
"ITI18",4.0434103012085,10.6454019546509,20.467041015625,12.7104930877686,16.4236316680908,2.49542212486267,2.89681172370911,1.95688140392303,3.29428005218506,81.2018203735352,74.1126251220703,69.5409927368164,80.4005126953125,0.345462590456009,0.0632785782217979,9.74995418800972e-05,0.0135569116100669,5.94409937937357e-11,6.45249749898352e-13,0.143980890512466,0.429508328437805,0.573489189147949,12.5048964412586,0.00390694397412249
"ITI19",5.39289379119873,11.5940742492676,21.4150981903076,13.8788595199585,16.0222053527832,2.27485537528992,2.64456820487976,1.53442883491516,3.3242838382721,80.2830963134766,74.2225341796875,69.3888320922852,79.6186218261719,0.447985023260117,0.0765033960342407,0.000228420904022641,0.0143176252022386,5.4362851026335e-11,2.35772318335492e-10,0.0984381288290024,0.353385776281357,0.45182392001152,12.6273579927885,0.00329875507622403
"ITI1A",7.85458183288574,12.7333354949951,22.0806407928467,15.7500343322754,14.2260589599609,2.39445471763611,2.30341529846191,1.16054034233093,3.42529892921448,77.1890029907227,74.8816680908203,72.5142517089844,77.8285446166992,0.401531755924225,0.0939486399292946,0.00240795081481338,0.00844398979097605,0,1.34717154098851e-10,0,0.308202713727951,0.308202713727951,12.1030507126991,0.00268521660088938
"ITI21",4.17733383178711,10.5486783981323,20.5216598510742,12.8685302734375,16.3443260192871,2.47946524620056,2.79340553283691,1.73867690563202,3.16878819465637,81.1153335571289,74.0591125488281,67.8018264770508,79.0952911376953,0.394953638315201,0.085022397339344,0.00114509125705808,0.0166193936020136,2.55488403870519e-12,2.57273016909462e-13,0.142261043190956,0.343784123659134,0.486045151948929,13.2809675542473,0.00209486757886422
"ITI22",5.0981969833374,11.1988506317139,21.2219123840332,13.6629190444946,16.1237144470215,2.52395606040955,2.77887582778931,1.54773426055908,3.50468826293945,80.5199661254883,74.3075485229492,67.6272048950195,78.9529495239258,0.497061222791672,0.0765162333846092,0.00136412912979722,0.0126559501513839,0,1.92825096168026e-12,0,0.405878335237503,0.405878335237503,12.0609756101026,0.00574334577433557
"ITI31",5.38295841217041,11.6208829879761,21.4972229003906,14.0092439651489,16.1142635345459,2.31754660606384,2.48230886459351,1.91283476352692,2.73817825317383,80.4746551513672,73.8814697265625,68.9379806518555,78.7419204711914,0.533541977405548,0.0932169482111931,0.000504219555296004,0.0215796940028667,0,9.41211900085115e-11,0.00272551272064447,0.276207447052002,0.278932958841324,12.5748430806907,0.00494270350235359
"ITI32",6.3085994720459,12.0886106491089,21.9991321563721,14.8107004165649,15.6905336380005,2.1595675945282,2.26540732383728,1.66971838474274,2.45565366744995,78.7756500244141,74.1181411743164,68.8444442749023,77.0501861572266,0.47058492898941,0.068622499704361,0.000885544286575168,0.0213681012392044,0,8.81235882876918e-12,0.0196058787405491,0.181953325867653,0.201559200882912,12.225875655792,0.00621823749446547
"ITI33",4.73565483093262,11.0491161346436,21.0456123352051,13.5160646438599,16.3099555969238,2.27600359916687,2.61386728286743,1.91212117671967,2.59616923332214,80.1664199829102,73.9614944458008,68.0959320068359,77.9639739990234,0.515827238559723,0.0806377902626991,0.000682479003444314,0.0145174078643322,0,5.47078604219759e-18,0,0.326959580183029,0.326959580183029,12.4849030006194,0.00448416647197962
"ITI34",4.22340965270996,10.3209600448608,20.1440391540527,13.041654586792,15.9206295013428,2.49752831459045,2.86692714691162,2.36230683326721,2.793288230896,79.4303131103516,75.3645324707031,72.0617065429688,78.8300628662109,0.33102485537529,0.0597671158611774,0.000433070526923984,0.0216610841453075,0,2.10027409689156e-15,0,0.498571693897247,0.498571693897247,11.7900194149417,0.00949095429941934
"ITI35",6.70824384689331,12.0200119018555,21.868013381958,15.0719165802002,15.1597690582275,2.1741795539856,2.24142026901245,1.64939725399017,2.40497636795044,77.1858215332031,75.458381652832,71.1660308837891,76.6999664306641,0.387108087539673,0.0465540215373039,0.00317392428405583,0.0205238219350576,0,4.19933524260264e-17,0,0.200979426503181,0.200979426503181,11.4550037543787,0.0134111127356373
"ITI41",7.27042055130005,12.4697742462158,22.0870018005371,15.3809156417847,14.8165826797485,2.61913728713989,2.53543639183044,1.2686733007431,3.92110657691956,79.1806335449219,75.4872512817383,71.554328918457,79.2409057617188,0.509098589420319,0.0807621106505394,0.00112866901326925,0.00882213097065687,0,1.24037802598509e-11,0,0.26764240860939,0.26764240860939,12.5550155711838,0.00345227773906617
"ITI42",3.6515064239502,9.64795970916748,19.5927696228027,12.3675813674927,15.9412641525269,2.94779300689697,3.19343280792236,1.8034086227417,3.53628349304199,79.5252838134766,75.1913604736328,69.4576950073242,78.6257934570312,0.313763171434402,0.100675068795681,0.00421297876164317,0.0132770445197821,0,3.21267971366355e-15,0.151959374547005,0.413043886423111,0.565003275871277,12.3660825550682,0.00447871184633464
"ITI43",7.36061239242554,12.3638286590576,21.8626079559326,15.484091758728,14.5019950866699,2.96166491508484,2.69073390960693,1.27138376235962,4.11364603042603,78.1172180175781,76.064323425293,72.7467575073242,78.3494033813477,0.439332664012909,0.077132374048233,0.00109159527346492,0.0935942605137825,0,6.39906183597105e-11,0.055840328335762,0.210676074028015,0.266516417264938,14.6738756287984,0.00271331384167593
"ITI44",8.86430072784424,13.0954751968384,22.2529678344727,16.6526260375977,13.3886661529541,3.32881355285645,2.54003167152405,1.07180333137512,4.37293243408203,76.3218688964844,77.1159515380859,75.7702789306641,77.1179885864258,0.29222247004509,0.0806764587759972,0.00209380500018597,0.0493590012192726,0,1.13331427575858e-10,0.0356379970908165,0.167983114719391,0.203621104359627,13.2699801505354,0.00584400290616818
"ITI45",4.85701704025269,10.3953018188477,20.0609474182129,13.3231067657471,15.2039308547974,3.40544009208679,3.1975827217102,1.58406019210815,4.14586210250854,79.5621185302734,77.0476226806641,73.3403701782227,79.3376007080078,0.301985263824463,0.107868827879429,0.00267886905930936,0.0162636991590261,0,7.22936988051259e-11,0.424026876688004,0.0540209524333477,0.478047847747803,12.7641016394593,0.00398717392825954
"LI000",-3.77711296081543,4.18189430236816,13.3407897949219,5.59443998336792,17.1179027557373,3.97655558586121,4.82917022705078,6.72241544723511,4.19240856170654,78.4206390380859,75.8447189331055,78.8350677490234,81.4514923095703,0.127296969294548,0.22539134323597,0.0589766167104244,0.0398590192198753,3.79117373086046e-05,0,0.545061528682709,0,0.545061528682709,10.3140889913552,0.0646284907533134
"LT011",-3.77427744865417,6.22557783126831,16.3332366943359,6.3313193321228,20.1075134277344,1.84917080402374,1.97170174121857,2.85260581970215,2.04292321205139,85.9145355224609,73.5597686767578,75.1837921142578,83.8618469238281,0.383165389299393,0.0734318941831589,0.000929636124055833,0.0148595944046974,0.000397719588363543,0.0927856639027596,0.0859798192977905,0.339054942131042,0.425034761428833,13.6056530426003,0.00140292689366399
"LT021",-3.10981106758118,6.66915845870972,16.5754795074463,6.83749341964722,19.6852912902832,1.7174596786499,1.9467442035675,2.81826734542847,1.95235502719879,85.7286987304688,73.9213104248047,75.2597732543945,83.7334060668945,0.337320744991302,0.0635917782783508,0.000292414100840688,0.00687958113849163,0,0.170731738209724,0,0.402892291545868,0.402892291545868,12.3772801959653,0.00228304845631709
"LT022",-2.92818737030029,6.52463817596436,16.5206089019775,6.90446138381958,19.4487972259521,1.80901789665222,1.89332485198975,2.73803091049194,2.00412940979004,85.0118026733398,73.0861129760742,75.0321655273438,83.4262847900391,0.49919855594635,0.0623168535530567,0.000711945351213217,0.0117472484707832,9.00667782843811e-06,0.0501452945172787,0.0152292596176267,0.352800220251083,0.368029475212097,13.3373218219402,0.00166057884160986
"LT023",-1.54800724983215,5.90424251556396,16.0632953643799,7.76967191696167,17.6113014221191,2.20261907577515,1.78891706466675,2.63616132736206,2.70736169815063,84.864387512207,76.4072570800781,77.7445678710938,83.5249176025391,0.403941571712494,0.0947810113430023,0.00613669771701097,0.0108635425567627,0.00107212411239743,0.0406378507614136,0.312862694263458,0.0173532608896494,0.330215960741043,12.6977872171817,0.00263938345267701
"LT024",-2.60974192619324,6.64007616043091,16.4909362792969,7.11069822311401,19.1006774902344,1.7618659734726,1.89557182788849,2.74489116668701,1.95280015468597,85.1565322875977,73.7107391357422,75.6702117919922,83.6638259887695,0.581217765808105,0.07989901304245,0.00210406538099051,0.0107319699600339,1.01099094536039e-05,0.0170463286340237,0.0170613136142492,0.287203907966614,0.304265230894089,12.5835336484787,0.00284771872242357
"LT025",-3.45350289344788,6.21309328079224,16.4350528717041,6.52599716186523,19.8885536193848,1.7705682516098,1.89488101005554,2.66723799705505,2.04213809967041,84.6555709838867,72.2157745361328,74.4827346801758,83.0339431762695,0.482472598552704,0.0626072436571121,0.00160592107567936,0.00661843782290816,0.000163581324159168,0.138922080397606,0.0201032124459743,0.284454762935638,0.304557979106903,12.6395383036002,0.00161301027381171
"LT026",-3.01477003097534,5.89480066299438,16.0640907287598,6.64808988571167,19.0788593292236,1.67811048030853,1.83742117881775,2.67207646369934,1.95526111125946,85.5839691162109,73.7826919555664,75.7402191162109,84.1181030273438,0.554819762706757,0.0772605091333389,0.00155729008838534,0.00729208532720804,0.0001250885106856,0.0467714332044125,0.1214260160923,0.189031392335892,0.310457408428192,12.8702172730196,0.00150360981546065
"LT027",-2.51857924461365,6.22393798828125,16.2023525238037,7.05978202819824,18.7209320068359,2.02926063537598,1.85496389865875,2.74709033966064,2.21486926078796,85.8811950683594,74.715934753418,76.7387542724609,84.5552291870117,0.44086542725563,0.121554128825665,0.00241358135826886,0.00447406806051731,0.000371865928173065,2.65079357889927e-16,0.392504572868347,0.0364178158342838,0.428922384977341,12.0736193322835,0.00276604170765881
"LT028",-2.64852738380432,5.63851404190063,15.7370948791504,6.78647565841675,18.3856220245361,2.00941634178162,1.8845067024231,2.79741311073303,2.26457166671753,86.4343643188477,75.3745727539062,77.4369888305664,85.1277465820312,0.422837823629379,0.110104873776436,0.00362725183367729,0.00567009672522545,0.000610425369814038,0,0.453029006719589,0,0.453029006719589,11.9720553449557,0.00278189206626827
"LT029",-4.0056414604187,6.03758096694946,16.2773571014404,6.13830852508545,20.2829990386963,1.83002662658691,1.9267874956131,2.7704336643219,2.04370021820068,85.5518951416016,73.0088653564453,75.2733840942383,83.8394393920898,0.363942056894302,0.0760118067264557,0.0055808937177062,0.00335388630628586,0.000836884835734963,0.0756724402308464,0.183147177100182,0.265700995922089,0.448848187923431,12.2545954376494,0.00172002013740151
"LU000",1.23580932617188,7.90744161605835,16.2393321990967,8.76183986663818,15.0035238265991,2.70408320426941,2.52928972244263,2.51807188987732,2.50067758560181,87.3555603027344,75.9386291503906,74.7306900024414,86.073371887207,0.210885658860207,0.261465013027191,6.70517601975007e-06,0.05128014087677,6.50056328210802e-11,0,0.476362496614456,0,0.476362496614456,12.6958061359443,0.00486060347284925
"LV003",-1.83474361896515,5.21857595443726,15.7168941497803,7.42626667022705,17.5516376495361,1.84875011444092,1.72649300098419,2.58687043190002,2.27778148651123,84.7471160888672,77.1345977783203,78.3621215820312,83.2240829467773,0.237969353795052,0.0860997661948204,0.0141475461423397,0.004310492426157,0.000123634948977269,0.468037217855453,0.0343669690191746,0.0549865029752254,0.0893534719944,12.6416853792531,0.000932155184324724
"LV005",-4.72554540634155,5.75838661193848,16.1508350372314,5.59408092498779,20.8763809204102,1.73677051067352,1.86259114742279,2.8446614742279,2.08383822441101,84.8686676025391,72.1687698364258,75.7145004272461,84.0568084716797,0.268331587314606,0.116690523922443,0.010272765532136,0.004885817412287,0.000396033166907728,0.441686153411865,0.0411119163036346,0.0882449820637703,0.129356890916824,12.684073798998,0.000875226430505183
"LV006",-2.85051584243774,5.6711277961731,16.456075668335,7.09211349487305,19.3065891265869,1.787064909935,1.82574713230133,2.83535647392273,2.44550061225891,84.3538284301758,74.9048538208008,76.0268859863281,82.6622085571289,0.182769969105721,0.0871104970574379,0.0104795331135392,0.0209390688687563,0,0.450187414884567,0,0.0750857591629028,0.0750857591629028,11.576123830688,0.0385337316816306
"LV007",-3.21343779563904,5.42514801025391,16.1175403594971,6.68705129623413,19.3309783935547,1.81590735912323,1.84799718856812,2.87478852272034,2.3528151512146,85.1799850463867,75.141357421875,76.81005859375,83.7494659423828,0.201324239373207,0.08916325122118,0.0113798985257745,0.00814022496342659,0.00149988627526909,0.374750107526779,0.179800972342491,0.0551854856312275,0.234986454248428,13.5327691768382,0.0013411394413972
"LV008",-4.61269664764404,5.27959632873535,15.8084707260132,5.5749945640564,20.4211692810059,1.78641831874847,1.87577760219574,2.93363428115845,2.23276114463806,85.6378479003906,73.2960968017578,76.668342590332,84.7234497070312,0.185309678316116,0.103740848600864,0.0104132639244199,0.00616201013326645,0.00226241280324757,0.380584090948105,0.237857520580292,0.0646712705492973,0.30252879858017,12.4999468741384,0.000821059839569022
"LV009",-3.54662919044495,5.8371000289917,16.2012062072754,6.39675903320312,19.7478351593018,1.76570677757263,1.90273416042328,2.76250410079956,2.13335108757019,85.0638580322266,73.2755813598633,75.7037048339844,83.7503356933594,0.329929143190384,0.110162258148193,0.00883947033435106,0.00742727098986506,0.00185846479143947,0.236860141158104,0.2175263017416,0.0796968415379524,0.297223150730133,13.37804052517,0.00125454647912706
"MC",5.99678897857666,10.7970218658447,19.7939281463623,13.6701965332031,13.7971382141113,2.49243474006653,2.86981511116028,1.68395030498505,3.12675499916077,72.0917434692383,75.2370681762695,77.8546600341797,76.9389724731445,0.125270500779152,0.0294719822704792,4.6934812417021e-05,0.0578165613114834,2.50218690212023e-09,0,0.451773405075073,0,0.451773405075073,8.63275840493892,0.547368764929647
"MEG125350",-1.91041827201843,5.59976434707642,15.4393796920776,7.69818210601807,17.349796295166,4.27590656280518,4.02623796463013,2.72428584098816,3.93514561653137,80.8107299804688,76.5075531005859,74.0468902587891,79.5041656494141,0.0926189199090004,0.099558487534523,0.0615430399775505,0.00177173409610987,0.000222380826016888,0,0.744285464286804,0,0.744285464286804,9.46312820428144,0.0274329704107401
"MEG125351",6.20365333557129,12.8435716629028,22.5245494842529,15.3096227645874,16.320894241333,6.3761682510376,4.87166118621826,2.00700497627258,7.16203117370605,72.8374404907227,71.3801116943359,68.6770553588867,72.6976928710938,0.206123009324074,0.314535439014435,0.00667920196428895,0.0133565198630095,1.51126187120099e-05,0.0018928189529106,0.171631336212158,0.0233527719974518,0.19498410820961,10.8979751790416,0.0167253748059792
"MEG125352",-1.77031934261322,5.95658588409424,15.7426805496216,7.89127540588379,17.5129985809326,3.99083232879639,3.87262487411499,2.78587460517883,3.71875858306885,80.6706695556641,75.8465423583984,73.6279373168945,79.318489074707,0.107386715710163,0.139607116580009,0.0636502429842949,0.00392930535599589,0.000187924975762144,0,0.685238659381866,0,0.685238659381866,10.4837656296651,0.0147082663111202
"MEG125353",-1.60484516620636,6.42710208892822,15.834436416626,7.99204063415527,17.439281463623,2.94108819961548,3.30696368217468,2.76356649398804,2.82938623428345,80.6848449707031,74.7257766723633,75.1096572875977,79.6046295166016,0.19557549059391,0.223436966538429,0.0151116726920009,0.00152976287063211,0.00323084811680019,0,0.561115264892578,0,0.561115264892578,10.94199930485,0.0109299519348532
"MEG125355",4.63713550567627,10.7852849960327,20.3659210205078,13.4684352874756,15.7287874221802,5.92615699768066,4.88093328475952,2.28709554672241,6.74300289154053,74.3081741333008,73.3647384643555,71.6169815063477,74.7649459838867,0.099113218486309,0.226613566279411,0.0838110744953156,0.00595587166026235,1.84628825081745e-05,0.00231066369451582,0.228770464658737,0.0953609496355057,0.324131429195404,10.531210090302,0.011639476313452
"MEG125356",0.459104239940643,7.72829055786133,17.539680480957,9.86513996124268,17.0805778503418,5.68737697601318,4.90931844711304,2.61376023292542,5.91261863708496,78.1524887084961,74.515495300293,71.2573928833008,77.2756423950195,0.132252126932144,0.221276491880417,0.1393653601408,0.00183206074871123,7.8563425631728e-05,4.45415607828181e-05,0.479089826345444,0.00183822750113904,0.480928063392639,9.14814119576965,0.0173723489329109
"MEG125357",5.18722009658813,10.9833889007568,20.4262294769287,13.7745904922485,15.2390089035034,5.53548431396484,4.59200000762939,2.10764217376709,6.26940679550171,73.5616607666016,73.4969482421875,72.2124328613281,74.5610961914062,0.0842250213027,0.239795595407486,0.0716254040598869,0.00415849220007658,1.64411012519849e-05,0.00202399841509759,0.209919735789299,0.0732524171471596,0.283172160387039,8.62460676412503,0.0518766674848793
"MEG125358",-0.848462522029877,6.55816507339478,16.3970260620117,8.65770435333252,17.2454891204834,5.1721363067627,4.59705686569214,2.69041705131531,5.12612581253052,79.5156707763672,75.4990386962891,72.425666809082,78.3898468017578,0.114938408136368,0.168827772140503,0.122640535235405,0.000576939259190112,0.000134784480906092,0,0.592881560325623,0,0.592881560325623,9.62422236735242,0.010906616399208
"MEG125359",3.20741987228394,9.66900444030762,19.2878131866455,12.1753396987915,16.0803928375244,5.775475025177,4.98221206665039,2.46559238433838,6.53020095825195,75.6125030517578,73.733772277832,71.6813125610352,75.8420257568359,0.0927011743187904,0.231654718518257,0.120760761201382,0.0045969532802701,2.53679518209537e-05,0.00161526480223984,0.317251026630402,0.0666618794202805,0.383912891149521,8.89793159618368,0.0411833569689242
"MEG125360",-1.39561891555786,6.2477216720581,15.941855430603,8.16467189788818,17.337474822998,4.24857616424561,4.09024906158447,2.79809665679932,4.17975854873657,80.1928558349609,75.3628311157227,73.6001663208008,79.0405883789062,0.125662356615067,0.163757607340813,0.0696469023823738,0.000971270026639104,0.00355782406404614,0,0.636404097080231,0,0.636404097080231,9.00267552610407,0.0283865263073294
"MEG125361",0.690435886383057,7.89471530914307,17.6191349029541,10.0109806060791,16.9286975860596,5.46322822570801,4.99280405044556,2.68006443977356,5.95380258560181,77.9634628295898,74.1172103881836,71.2757797241211,77.4173965454102,0.10868813842535,0.247066959738731,0.152455806732178,0.00297607271932065,0.000823405978735536,0,0.484040975570679,0,0.484040975570679,10.8508516399862,0.00534466338654293
"MEG125362",-1.6247980594635,6.12452983856201,15.9083204269409,8.04245853424072,17.5331192016602,4.05243396759033,3.90631937980652,2.78716349601746,3.78527116775513,80.5245361328125,75.6737899780273,73.4004364013672,79.1531372070312,0.109825365245342,0.139969363808632,0.0612398497760296,0.00413380889222026,0.0100997760891914,0,0.674455642700195,0,0.674455642700195,10.1470336583846,0.0205532596264309
"MEG125363",-1.96699094772339,6.03088283538818,15.5160055160522,7.66454935073853,17.4829959869385,3.14842510223389,3.5440514087677,3.02852964401245,3.17188429832458,80.8417587280273,74.6922302246094,74.6800689697266,79.6364440917969,0.123235389590263,0.154272198677063,0.0052383029833436,0.00105226936284453,0.0126172229647636,0,0.703584611415863,0,0.703584611415863,10.2597985923792,0.00804041948384342
"MEG125364",-1.25196027755737,6.49455261230469,16.1192989349365,8.32176876068115,17.3712596893311,3.78891825675964,3.93869233131409,2.60309362411499,3.91320061683655,80.3625717163086,74.2886352539062,72.3726501464844,78.6344299316406,0.0733586624264717,0.165360018610954,0.0615378841757774,0.000330830836901441,0.00958389043807983,0,0.689724147319794,0,0.689724147319794,9.28266957276354,0.0110160243243918
"MEG125365",2.99521160125732,10.0939416885376,19.8707427978516,12.337893486023,16.8755302429199,5.8918342590332,4.79114103317261,2.31908011436462,6.29589462280273,75.8799285888672,73.0188980102539,69.9539642333984,75.1854705810547,0.175765618681908,0.261278390884399,0.0554441548883915,0.00838289875537157,0.00317528587765992,7.33820343157277e-05,0.367006152868271,0.00302847195416689,0.370034635066986,11.4292867747549,0.00722775631839227
"MEG125366",-1.30256116390228,7.1479320526123,16.7553367614746,8.53596878051758,18.057897567749,3.03903532028198,3.35974788665771,2.99150657653809,2.99629139900208,80.2030563354492,73.6395950317383,72.2291641235352,78.6985931396484,0.156693041324615,0.273320406675339,0.0706857517361641,0.0111329471692443,7.28848317521624e-05,0,0.488094985485077,0,0.488094985485077,10.5491098228427,0.0256030139727659
"MEG125367",-1.02842223644257,6.56865787506104,16.2735748291016,8.4972333908081,17.3019962310791,4.59951114654541,4.33481407165527,2.79720640182495,4.66977548599243,79.7396697998047,74.9335174560547,72.8255233764648,78.5923461914062,0.121066696941853,0.181587383151054,0.0920488312840462,0.000418012117734179,0.0048026698641479,0,0.6000697016716,0,0.6000697016716,8.8379977084076,0.0164208876676554
"MEG125369",8.49261283874512,13.8394746780396,22.9972648620605,16.9151973724365,14.5046529769897,5.62229919433594,4.06053256988525,1.68354976177216,6.49234962463379,70.2918701171875,72.7715377807617,72.7352828979492,71.5188064575195,0.130051612854004,0.139616712927818,0.00379743031226099,0.00522031029686332,6.18334570390289e-06,0.0365214943885803,0.0702231675386429,0.0275115314871073,0.097734697163105,9.28649859166077,0.0351933351770956
"MEG125370",-2.04755592346191,5.88881397247314,15.4039535522461,7.57396841049194,17.451509475708,3.21762204170227,3.5883424282074,3.02859735488892,3.23770809173584,80.9165267944336,74.945426940918,74.7469024658203,79.7258987426758,0.123918652534485,0.153220057487488,0.00569439912214875,0.00109343184158206,0.0110688991844654,0,0.705004513263702,0,0.705004513263702,9.1528136688187,0.0206453778192249
"MK001",1.68409061431885,11.2517776489258,21.8560962677002,12.1842622756958,20.172004699707,1.72610807418823,2.09879326820374,1.35750377178192,1.79162240028381,77.4030227661133,65.5029144287109,55.0626449584961,70.0812072753906,0.308446973562241,0.0747427865862846,0.0313868671655655,0.00469120778143406,0,0.444590091705322,0,0.136142075061798,0.136142075061798,12.3719807432722,0.00302419372283524
"MK002",1.05318069458008,10.3277540206909,20.5248260498047,11.2637166976929,19.4716453552246,1.78858637809753,2.33078050613403,1.68762826919556,1.85907506942749,77.0681228637695,67.220329284668,59.4053649902344,71.6193542480469,0.301505982875824,0.0841095596551895,0.0249111689627171,0.00136018521152437,0,0.427559643983841,0,0.160553425550461,0.160553425550461,11.9395030039719,0.00335631313494109
"MK003",-0.10413920879364,8.21570491790771,18.2719058990479,10.134349822998,18.3760452270508,2.49700999259949,2.69751763343811,1.5974063873291,2.38220643997192,81.7633743286133,72.7778396606445,66.6726913452148,75.9853134155273,0.148324593901634,0.0588704496622086,0.0162535980343819,0.00839492119848728,0.000796184409409761,0.219888210296631,0.448292821645737,0.0423339121043682,0.490626752376556,12.657002055954,0.00355111553970986
"MK004",2.26430153846741,11.4940519332886,22.0735263824463,12.6280384063721,19.8092250823975,2.01195740699768,2.33143782615662,1.47811758518219,2.0260488986969,77.3794631958008,67.6431655883789,57.107048034668,71.1122817993164,0.318325042724609,0.112173870205879,0.0129344137385488,0.00218738964758813,0,0.444695860147476,0,0.104830533266068,0.104830533266068,11.7742190242259,0.00427814456729567
"MK005",0.780558586120605,9.45512962341309,19.837947845459,11.0831632614136,19.0573902130127,1.90520226955414,2.16593623161316,1.2091794013977,1.85364949703217,80.2415542602539,69.6072235107422,60.6321144104004,73.0751037597656,0.296841144561768,0.0634349286556244,0.0333336368203163,0.00417629722505808,1.55701454787049e-05,0.446979433298111,0.0243705622851849,0.113945074379444,0.138315632939339,12.4416380995588,0.00254448347969152
"MK006",-1.03310418128967,7.65909719467163,17.611478805542,9.22915172576904,18.6445827484131,2.50278258323669,2.94124269485474,2.05524969100952,2.43063139915466,81.183349609375,73.2907028198242,68.1931381225586,76.8769149780273,0.151352107524872,0.184863865375519,0.00996801350265741,0.0150110702961683,0.000254460697760805,0.136175855994225,0.456324100494385,0.0445787198841572,0.500902831554413,12.6960574438838,0.00522949552413334
"MK007",0.59561687707901,9.93961906433105,19.8748607635498,10.6815061569214,19.2792434692383,1.64084672927856,2.24056005477905,1.66310334205627,1.65452909469604,77.2835998535156,67.2415161132812,61.3530769348145,72.3341674804688,0.311030268669128,0.163324147462845,0.0192728638648987,0.0043619847856462,0,0.246126800775528,0,0.255883991718292,0.255883991718292,11.8776969340355,0.00515931443037693
"MK008",0.6786949634552,10.0530939102173,20.1351184844971,10.9693698883057,19.4564228057861,1.84476065635681,2.35826730728149,1.66197800636292,1.86396396160126,78.446907043457,68.0266571044922,61.2966003417969,72.8448028564453,0.286309599876404,0.103854112327099,0.0202139839529991,0.0166772324591875,0,0.420010209083557,0,0.152934849262238,0.152934849262238,12.4802219999103,0.0070000921147173
"NL11",2.60712909698486,8.09965896606445,16.0795383453369,10.0586605072021,13.4724102020264,2.17526960372925,2.08280658721924,2.57727837562561,2.5754029750824,86.2007522583008,78.4823837280273,78.8048400878906,84.5938949584961,0.258157104253769,0.301279336214066,0.0055585983209312,0.0412376187741756,0,3.81462328391535e-09,0,0.271101266145706,0.271101266145706,13.036132741012,0.00548887741076163
"NL12",3.42880249023438,8.03912830352783,15.9634456634521,10.7935705184937,12.5346441268921,2.33681154251099,1.96712529659271,2.38611197471619,2.92309761047363,84.7438201904297,79.6621780395508,79.5929946899414,83.0927581787109,0.133558511734009,0.285050749778748,0.00634783925488591,0.0228589866310358,5.43499301119965e-10,1.75095615784215e-09,0.118229940533638,0.131093263626099,0.249323189258575,13.1189676810477,0.00333200940477291
"NL13",2.51355957984924,8.38140106201172,16.3063011169434,9.91882419586182,13.792742729187,2.14779186248779,2.11939692497253,2.4792160987854,2.39283871650696,86.4594116210938,77.0350494384766,77.4885101318359,85.1607513427734,0.281304240226746,0.297800332307816,0.00132446410134435,0.0306871589273214,5.44589763909475e-13,1.03121788885829e-09,0.118665061891079,0.240943863987923,0.359608918428421,13.0163785002067,0.00481458900996529
"NL21",2.61553311347961,8.65007305145264,16.6218528747559,10.0282764434814,14.0063199996948,2.20654535293579,2.17894721031189,2.44482231140137,2.36455965042114,86.1234283447266,76.0365982055664,75.9185562133789,84.9120101928711,0.271711409091949,0.296488404273987,0.000341796694556251,0.0407147593796253,4.60089594461061e-13,1.04548236734558e-09,0.100252635776997,0.278356820344925,0.378609448671341,13.6052750569079,0.00395827453430596
"NL22",2.86530232429504,8.91460132598877,16.8657073974609,10.2439994812012,14.0004043579102,2.19724678993225,2.18269491195679,2.39598155021667,2.30949592590332,85.8420867919922,75.6740417480469,75.3060150146484,84.7524108886719,0.255809307098389,0.246000692248344,0.000782080052886158,0.063579224050045,1.79482644024898e-11,1.56241436455318e-10,0.00438247714191675,0.424482464790344,0.4288649559021,14.3578073774821,0.0028129182004804
"NL23",3.34303498268127,8.49295425415039,16.3629989624023,10.6850252151489,13.019965171814,2.29455900192261,2.08674168586731,2.39908528327942,2.71558809280396,85.2423629760742,78.238899230957,78.1377868652344,83.9690322875977,0.155006185173988,0.223416894674301,0.00288571650162339,0.0448276028037071,3.95624921711857e-10,7.7173670232078e-11,0.0965388789772987,0.22438257932663,0.320921450853348,13.3168142013259,0.00559619532036065
"NL31",3.27488398551941,8.78084087371826,16.6048355102539,10.5429916381836,13.3299503326416,2.14123463630676,2.11602687835693,2.32287287712097,2.44445514678955,85.7146148681641,77.3690185546875,77.1111221313477,84.7542114257812,0.183789029717445,0.238483503460884,0.0024566245265305,0.131077393889427,9.31619337229961e-10,0,0.227330178022385,0.131622090935707,0.358952254056931,13.7989578140716,0.00943702806627767
"NL32",3.95134115219116,8.28271770477295,16.0898704528809,11.236912727356,12.1385297775269,2.34735894203186,1.96671438217163,2.23390126228333,2.97514343261719,84.0798110961914,79.6960830688477,79.5686416625977,82.5017166137695,0.143498808145523,0.204247549176216,0.00114344572648406,0.0801371112465858,1.93112303925602e-10,5.45965724886577e-13,0.104551650583744,0.0978120192885399,0.202363669872284,14.2551161891922,0.00421901195445674
"NL33",3.71621417999268,8.81235599517822,16.5809631347656,10.9530401229858,12.864748954773,2.15586805343628,2.0925600528717,2.26353812217712,2.60269045829773,84.9850692749023,77.9695129394531,77.6123504638672,83.7761383056641,0.215854942798615,0.236064806580544,0.000514638319145888,0.135187849402428,0,1.49302936680584e-09,0,0.238333314657211,0.238333314657211,14.5776363099089,0.00453895030793399
"NL34",3.98591828346252,9.02777099609375,16.7600059509277,11.1780052185059,12.7740888595581,2.0978090763092,2.07237124443054,2.18121314048767,2.48276543617249,84.7994232177734,77.8351135253906,77.3812942504883,83.4180297851562,0.243468463420868,0.209714740514755,0.00483739050105214,0.102630890905857,0,1.94626381677665e-09,0,0.186008930206299,0.186008930206299,13.352017389601,0.00721106768529712
"NL41",3.24302577972412,9.15034866333008,17.0356884002686,10.5381937026978,13.7926626205444,2.13600158691406,2.17232751846313,2.32550644874573,2.26623582839966,85.3218612670898,75.5617523193359,75.1142807006836,84.2288818359375,0.26881018280983,0.26895022392273,2.97420776895763e-09,0.109705783426762,0,2.50609588636763e-10,0,0.335202664136887,0.335202664136887,14.7031975763544,0.00290286192317915
"NL42",2.83842468261719,9.07235622406006,17.0950050354004,10.2684669494629,14.2565793991089,2.34611225128174,2.29403853416443,2.3948655128479,2.30096769332886,84.7836608886719,74.3233795166016,73.7970657348633,83.3547439575195,0.317343443632126,0.249756202101707,2.77461165154591e-09,0.118683718144894,0,0,0,0.314216703176498,0.314216703176498,13.80026252026,0.00630657901889345
"NO011",-4.88363885879517,4.53621053695679,15.2900505065918,5.58237934112549,20.1736888885498,1.97498977184296,2.02024126052856,2.8657374382019,2.87144184112549,83.8534851074219,71.2531356811523,70.1347808837891,82.4727020263672,0.0650576576590538,0.0128318788483739,0.000112470253952779,0.0746117755770683,0.162757068872452,0,0.570205211639404,0,0.570205211639404,11.6852936140834,0.0256215565355104
"NO012",-4.81351757049561,4.52937889099121,15.1577186584473,5.33469295501709,19.9712352752686,1.86855614185333,1.96361994743347,2.83615636825562,2.7309558391571,83.8896026611328,70.582649230957,69.9410781860352,82.6301803588867,0.104681201279163,0.0234058182686567,0.000447024736786261,0.0274329409003258,0.10217747092247,0,0.668587386608124,0,0.668587386608124,13.1043585718078,0.00267156738669602
"NO021",-8.5550365447998,1.4631245136261,12.2657146453857,1.89549434185028,20.8207511901855,1.59638321399689,1.89400112628937,3.14777588844299,2.47895121574402,82.9871368408203,71.4868927001953,71.9382476806641,82.5228118896484,0.0355252325534821,0.00419281842187047,0.000639864942058921,0.00175421347375959,0.310715138912201,0,0.617456018924713,0,0.617456018924713,12.1475198408614,0.000446325237423466
"NO022",-9.43296241760254,-0.485343962907791,10.5725889205933,0.017580259591341,20.0055503845215,2.24970936775208,2.09416604042053,3.3192241191864,2.86986565589905,81.472526550293,73.3407363891602,72.8443374633789,82.3969497680664,0.0269286260008812,0.0038516903296113,0.0006608254625462,0.00200902111828327,0.505957663059235,0,0.417932957410812,0,0.417932957410812,12.1295059922379,0.000486260254925424
"NO031",-2.42015504837036,5.37849760055542,15.62034034729,6.58503723144531,18.0404949188232,1.94726312160492,1.86298608779907,2.61480712890625,2.72481966018677,83.4531784057617,71.5973892211914,71.5598220825195,82.3096618652344,0.0825352668762207,0.0144062619656324,0.00100714585278183,0.0156836863607168,0.0523726753890514,0,0.625567615032196,0,0.625567615032196,12.3818824216255,0.00295574098521465
"NO032",-7.47588729858398,1.0460045337677,12.0525331497192,1.80945324897766,19.5284194946289,2.28972959518433,2.19402432441711,3.21459984779358,3.10374546051025,81.9150695800781,73.4980697631836,71.612060546875,82.0412902832031,0.0254725515842438,0.00316391419619322,0.000299915147479624,0.00517532182857394,0.327291518449783,0,0.603180289268494,0,0.603180289268494,12.4522724102881,0.000838875737308227
"NO033",-2.40243887901306,5.21860361099243,15.4672765731812,6.84987449645996,17.8697147369385,2.36591029167175,2.1982753276825,2.70586180686951,3.42322206497192,81.1818618774414,72.3022232055664,72.0937118530273,80.7431793212891,0.132648915052414,0.0140506103634834,0.000277460174402222,0.0309467669576406,0.134711846709251,0.000686265295371413,0.511197984218597,0.000348373636370525,0.51154637336731,12.251273040849,0.00544160117882104
"NO034",-5.60744428634644,1.69799482822418,12.3472576141357,3.19759845733643,17.9547023773193,2.94278931617737,2.53253960609436,3.16839337348938,3.75531125068665,82.849006652832,74.873161315918,72.6479034423828,83.2225875854492,0.0166225861757994,0.00125391769688576,4.40891708421987e-05,0.00185907643754035,0.354515194892883,0.000460808805655688,0.583950936794281,0.000233923594350927,0.584184885025024,11.699240469618,0.000764609366332162
"NO041",-3.04732418060303,2.92213082313538,12.9996871948242,4.80438184738159,16.0470104217529,4.04177284240723,3.01239442825317,3.14608430862427,4.53971242904663,83.970947265625,76.3806457519531,73.7981033325195,84.322639465332,0.0108602521941066,2.34638991969405e-05,2.99640237244603e-06,0.00260848784819245,0.343402981758118,0.00860939454287291,0.534358739852905,0.00237156869843602,0.536730349063873,11.1094106413204,0.00121155651373203
"NO042",-1.5220273733139,3.69778966903687,13.0499992370605,5.80724287033081,14.5720262527466,5.06299829483032,3.44352006912231,3.42158031463623,5.43140935897827,85.3407821655273,78.2275695800781,76.6582946777344,85.5614242553711,0.0191175807267427,0.000299465405987576,2.54798669629963e-05,0.00340667739510536,0.319469749927521,0.000943686638493091,0.546526372432709,4.82933319290169e-05,0.546574711799622,11.5320738494973,0.00155505402238431
"NO043",-1.24736618995667,3.37767195701599,12.159948348999,5.65111589431763,13.4073152542114,6.87264251708984,4.1031379699707,4.17717552185059,7.00472402572632,83.9793319702148,79.0584106445312,80.3339080810547,85.0527954101562,0.059009924530983,0.00875837542116642,0.000718477822374552,0.0062283743172884,0.247007489204407,0.0351041592657566,0.424697309732437,0.0119952028617263,0.436692535877228,12.1944924152373,0.00127820021447807
"NO051",-3.6243577003479,1.61171185970306,11.1943407058716,3.20359873771667,14.8186979293823,7.52828979492188,4.43083763122559,4.64020109176636,7.33363962173462,83.274299621582,78.5604019165039,78.652473449707,84.798095703125,0.0219615027308464,0.000802298483904451,0.000674483075272292,0.00433572055771947,0.343126088380814,0.000715382164344192,0.449428290128708,0.00149555096868426,0.45092386007309,12.4067459333185,0.000782670618568175
"NO052",-4.43850898742676,0.791498839855194,10.6401262283325,2.21863341331482,15.0786352157593,6.91277694702148,4.10815906524658,4.41493797302246,6.77081298828125,81.9788970947266,77.3069534301758,77.3649520874023,83.739631652832,0.0254744905978441,0.000329988310113549,0.000593514647334814,0.00145124539267272,0.356970518827438,0.00535786245018244,0.415557950735092,0.00169644504785538,0.417254388332367,11.5466203468537,0.00059640231886547
"NO053",-3.64127111434937,1.85429310798645,10.9851331710815,3.23073959350586,14.6264038085938,5.27118921279907,3.48491048812866,4.18280124664307,5.32092571258545,79.3304061889648,75.8680114746094,79.8199615478516,81.1750640869141,0.0318454392254353,0.00055027159396559,0.000910318398382515,0.002682771300897,0.355365991592407,0.017261790111661,0.386106073856354,0.00513532618060708,0.391241401433945,11.9032982971383,0.000775680446629063
"NO061",-5.24439573287964,1.69424104690552,11.1666135787964,2.89764881134033,16.4110088348389,3.42436122894287,2.71052765846252,3.77587676048279,3.7688992023468,80.3993301391602,74.5725402832031,78.0678863525391,81.4897537231445,0.0387084372341633,0.00271190935745835,0.0028000099118799,0.00344417919404805,0.310972064733505,0.00338777783326805,0.52386063337326,0.000505055242683738,0.524365723133087,12.2401821365225,0.000650975874356015
"NO062",-5.40858268737793,1.61862564086914,11.7349710464478,3.26060342788696,17.1435527801514,4.30279541015625,3.06365251541138,3.70846581459045,4.43185567855835,83.2479400634766,76.4883651733398,78.1043853759766,83.7890396118164,0.0234736390411854,0.00256269425153732,0.00268719554878771,0.00111526832915843,0.249623328447342,0.00237854709848762,0.615350246429443,0.0016882058698684,0.617038488388062,11.4670887203168,0.000504268570950271
"NO071",-6.9381422996521,-0.283142775297165,10.485203742981,1.574258685112,17.4233455657959,4.99381399154663,3.31674289703369,3.76117920875549,4.96950149536133,80.0578536987305,75.6498565673828,77.8135375976562,81.8690185546875,0.00928070396184921,0.000762351672165096,0.00343788997270167,0.00124024471733719,0.269625663757324,0.0114528946578503,0.477672666311264,0.0123213203623891,0.489993989467621,11.9325825143817,0.000309121084987902
"NO072",-9.29342651367188,-1.78587174415588,9.69522094726562,-0.302973300218582,18.9886455535889,3.07189202308655,2.35304975509644,2.96735000610352,3.50324869155884,79.322265625,75.6294479370117,77.7981567382812,82.4519882202148,0.0106526464223862,0.000321101280860603,0.00258145807310939,0.00117406935896724,0.367783725261688,0.00919665116816759,0.421701520681381,0.00178059097379446,0.423482120037079,11.5749922816177,0.000445985684535123
"NO073",-10.1751575469971,-2.17029762268066,9.85067653656006,-0.580714464187622,20.0258350372314,1.57091438770294,1.55652058124542,2.29559516906738,2.12122893333435,81.0612106323242,77.2049255371094,75.8704147338867,83.6225967407227,0.00247816368937492,0.000159545728820376,0.00265041133388877,0.000328404799802229,0.432545036077499,0.0386490412056446,0.36725452542305,0.00496999779716134,0.372224479913712,10.8622877543427,0.000226422916836631
"PL213",-1.40142440795898,8.01693058013916,17.0952053070068,8.23199272155762,18.4966297149658,1.60925674438477,2.18802309036255,3.21015286445618,1.91676139831543,83.6140365600586,73.8592147827148,75.72314453125,82.1498718261719,0.579347550868988,0.138789385557175,1.55836810122878e-09,0.043182872235775,0,1.46100589404341e-08,0.0349762290716171,0.203703954815865,0.238680183887482,11.4788151900047,0.0343388411500163
"PL214",-1.60486555099487,7.77047681808472,16.8133583068848,8.00327587127686,18.4182243347168,1.71052205562592,2.36337184906006,3.4771146774292,2.0513870716095,83.1642456054688,74.0636672973633,76.2854385375977,82.3151016235352,0.523046731948853,0.137365430593491,1.53755219667318e-09,0.0324003919959068,0,3.19260848868907e-08,0.0750608071684837,0.232093513011932,0.307154327630997,13.7293749564622,0.00338981665601374
"PL217",-1.32948970794678,8.26433563232422,17.3403148651123,8.37795162200928,18.6698055267334,1.6642107963562,2.24981904029846,3.24649095535278,1.99092125892639,82.4698028564453,73.1595916748047,75.0000839233398,81.238166809082,0.547995150089264,0.158563479781151,1.95444482820051e-09,0.0175287090241909,0,2.17659064105646e-08,0,0.275505036115646,0.275505036115646,12.9130936843629,0.00489591516712979
"PL218",-2.00972127914429,7.52931785583496,16.4718322753906,7.63919305801392,18.4815540313721,1.76114451885223,2.53906869888306,3.69922041893005,2.15392327308655,82.7768783569336,74.0543441772461,76.9254837036133,82.5027465820312,0.394874900579453,0.144860312342644,0.00043004541657865,0.0151065355166793,2.77680677930603e-12,5.27783399206783e-08,0.125009581446648,0.319622308015823,0.44463187456131,13.0691965527387,0.00377385152730702
"PL219",-3.17960023880005,6.02931642532349,15.0755710601807,6.43258666992188,18.2551708221436,1.96162533760071,2.84187769889832,4.13457489013672,2.3749144077301,84.4092254638672,76.2818450927734,79.0513229370117,84.5943603515625,0.283340245485306,0.129190981388092,7.73049978306517e-05,0.0183198172599077,2.42567466113286e-10,0.00522968731820583,0.513037383556366,0.0482332818210125,0.561270594596863,12.7915525720948,0.00486084081977181
"PL21A",-1.73501574993134,7.5649471282959,16.5764141082764,7.89914703369141,18.3114318847656,1.92734551429749,2.50699400901794,3.64666080474854,2.22926211357117,84.2642822265625,74.6382598876953,77.0664291381836,82.994270324707,0.406228303909302,0.117390923202038,7.70740007283166e-05,0.058764461427927,0,0.0389334335923195,0.080498993396759,0.298106759786606,0.378605753183365,13.5741447190216,0.00685978130238409
"PL224",-1.1353999376297,8.14089488983154,17.3290710449219,8.39283466339111,18.4644718170166,1.62854766845703,2.0144362449646,3.03417730331421,1.87446963787079,85.0543975830078,73.181396484375,73.2933578491211,82.2330551147461,0.441582649946213,0.115949563682079,1.22344145925268e-09,0.0132871763780713,0,7.91528407262376e-08,0,0.429180562496185,0.429180562496185,13.0790149519559,0.00428798874542646
"PL225",-2.07136392593384,7.11913204193115,16.0945472717285,7.58022499084473,18.1659107208252,2.27138566970825,2.8382294178009,4.09210348129272,2.57435441017151,84.7704010009766,75.3966903686523,78.2449569702148,83.6321334838867,0.322160065174103,0.122503340244293,0.000293095101369545,0.0359446778893471,0,0.0777910500764847,0.0540668778121471,0.383473843336105,0.437540739774704,13.3496493370857,0.00568550930595064
"PL227",-0.718308329582214,8.45817852020264,17.4923553466797,8.79103755950928,18.2106647491455,1.70001876354218,2.13770890235901,3.14767694473267,1.99005937576294,83.2945556640625,72.6994247436523,73.8483963012695,81.0601196289062,0.464079052209854,0.117575772106647,4.89427075081039e-05,0.0640558749437332,0,0.00182512728497386,0,0.350903242826462,0.350903242826462,13.2924396406817,0.0098054218236394
"PL228",-0.972756028175354,8.30235481262207,17.4070663452148,8.56477928161621,18.3798236846924,1.69581115245819,2.07038521766663,3.11793518066406,1.95732176303864,84.7456741333008,73.0349884033203,73.6770706176758,82.0254440307617,0.36814746260643,0.0830671042203903,8.23001056193817e-10,0.0462275594472885,0,1.42371703759636e-07,0,0.501801490783691,0.501801490783691,13.2350982480454,0.00841262459308824
"PL229",-0.741274118423462,8.51842021942139,17.5480403900146,8.81709957122803,18.2893161773682,1.69340133666992,2.11113262176514,3.12140226364136,1.97644627094269,83.6375503540039,72.6683197021484,73.9831466674805,81.2294082641602,0.406698614358902,0.0895258411765099,9.49040956932379e-10,0.106007888913155,0,1.08325558301203e-07,0,0.39581224322319,0.39581224322319,13.2849115564743,0.0154332761267997
"PL22A",-1.03368759155273,8.30906677246094,17.3052368164062,8.59934711456299,18.338924407959,1.7633228302002,2.20577788352966,3.21032691001892,2.02936840057373,84.0954895019531,73.286491394043,75.2564315795898,81.8504791259766,0.348686307668686,0.091033823788166,9.31331789466583e-10,0.125851482152939,0,1.09274807869042e-07,0,0.433113574981689,0.433113574981689,12.6369282933526,0.0324901190172898
"PL22B",-1.25520598888397,8.09754371643066,17.1739501953125,8.36013031005859,18.4291572570801,1.6932452917099,2.16388893127441,3.17012667655945,1.95295739173889,84.4960098266602,73.6452407836914,75.1072998046875,82.2912292480469,0.399178743362427,0.115794792771339,1.20262355629563e-09,0.0646521970629692,0,7.70068950828318e-08,0,0.420365005731583,0.420365005731583,13.5806655293721,0.00746937167505591
"PL22C",-1.17953276634216,8.11074447631836,17.0898113250732,8.4503698348999,18.2693424224854,1.89571797847748,2.36209440231323,3.43770599365234,2.17656064033508,84.1630325317383,73.6364364624023,75.8201675415039,82.0964736938477,0.350521862506866,0.0992885604500771,9.17520956136286e-05,0.104801662266254,0,0.00709227658808231,0,0.434672027826309,0.434672027826309,13.3592495646348,0.0142255461639373
"PL411",-0.628003001213074,7.71384382247925,16.9778690338135,8.25851631164551,17.6058712005615,1.55753374099731,1.70231986045837,2.50355815887451,1.6481819152832,86.4397048950195,73.9237442016602,73.4986724853516,84.1625366210938,0.427282392978668,0.108873449265957,0.000294063822366297,0.00593270035460591,0,9.02179380091184e-08,0,0.452734857797623,0.452734857797623,12.8581282639898,0.00198890208007461
"PL414",-0.629508137702942,8.13899230957031,17.4599494934082,8.48638820648193,18.0894565582275,1.48946762084961,1.5960533618927,2.4510064125061,1.62272262573242,85.2322006225586,73.2625961303711,72.4279327392578,82.8538208007812,0.603164315223694,0.155610144138336,1.65308688959698e-09,0.0114741371944547,0,7.16127424027491e-09,0,0.2226602435112,0.2226602435112,13.2885803233031,0.00207463434039984
"PL415",-0.206645920872688,8.36327362060547,17.6140003204346,8.7245922088623,17.8206462860107,1.53053307533264,1.64055979251862,2.49425435066223,1.63076519966125,84.7474060058594,72.7279815673828,71.4176864624023,82.4906845092773,0.562330365180969,0.140901431441307,1.67679015117272e-09,0.0651566460728645,0,1.57552531021565e-08,0,0.227908506989479,0.227908506989479,11.388473090194,0.0452024700589634
"PL416",-0.449042171239853,8.38755130767822,17.6617870330811,8.6747989654541,18.1108283996582,1.55393433570862,1.67000567913055,2.59461212158203,1.67307412624359,84.5052795410156,72.4753646850586,71.3147659301758,81.986457824707,0.572439670562744,0.139484435319901,1.72311598323205e-09,0.0115173878148198,0,1.23770220739061e-08,0,0.273768424987793,0.273768424987793,13.3052708042096,0.00229526971698183
"PL417",-0.082207627594471,8.48421287536621,17.7496662139893,8.83559036254883,17.8318748474121,1.55526757240295,1.69381618499756,2.51919484138489,1.64417552947998,84.4767761230469,72.2575073242188,70.6500473022461,82.0612030029297,0.512680232524872,0.130677580833435,7.93614799476927e-06,0.0155446538701653,0,3.98717503458101e-08,0,0.33656519651413,0.33656519651413,13.4110806014018,0.00224504265052758
"PL418",-0.308782815933228,8.24053382873535,17.5084018707275,8.62559986114502,17.8171844482422,1.5344043970108,1.65842497348785,2.49040675163269,1.63132774829865,85.1286087036133,72.8394470214844,71.6756973266602,82.8098754882812,0.532550394535065,0.124486908316612,1.5278633327398e-06,0.0261847618967295,0,3.29643654595202e-08,0,0.313642829656601,0.313642829656601,13.5326257933415,0.0027636278839241
"PL424",0.225837722420692,7.89209461212158,17.0629634857178,8.82142448425293,16.8371257781982,1.64586162567139,1.80706989765167,2.38698363304138,1.70439970493317,85.4103546142578,74.2855453491211,73.7739410400391,83.4125289916992,0.461878031492233,0.132941842079163,1.25822807728326e-09,0.0371750108897686,0,5.21943377407297e-08,0,0.328010976314545,0.328010976314545,11.01674737887,0.0371303472987585
"PL426",0.188324943184853,6.78493595123291,16.1879653930664,8.72435474395752,15.9996404647827,2.02579736709595,1.83753287792206,2.64719438552856,2.36134147644043,85.1954727172852,77.3144836425781,77.9429092407227,83.6139450073242,0.321319580078125,0.0848449394106865,0.00140927394386381,0.00772433215752244,0,1.01597585455693e-07,0,0.391964882612228,0.391964882612228,12.4136645189463,0.00285795008056613
"PL427",-0.408032059669495,7.51842784881592,16.6758575439453,8.29711151123047,17.0838890075684,1.77068293094635,1.8756662607193,2.57888770103455,1.81715869903564,86.6539611816406,74.5118560791016,74.8027496337891,84.5700836181641,0.370118051767349,0.085437037050724,0.00126638682559133,0.00664678448811173,0,1.53274058334318e-07,0,0.524058997631073,0.524058997631073,13.2257485934418,0.00128388678672756
"PL428",0.336037784814835,7.65095090866089,16.9231052398682,8.93403339385986,16.5870685577393,1.75885701179504,1.81884658336639,2.41816186904907,1.88993299007416,85.0713195800781,75.0122756958008,74.4103393554688,83.0294189453125,0.418182075023651,0.137863457202911,0.000382791389711201,0.0137560172006488,0,4.8179639833279e-08,0,0.345212340354919,0.345212340354919,13.3115018544432,0.00178663308527297
"PL431",0.135879382491112,8.39932346343994,17.6022891998291,8.85932064056396,17.4664096832275,1.65835404396057,1.82052373886108,2.42376112937927,1.65338540077209,84.6030197143555,71.9519424438477,70.5568923950195,82.2573318481445,0.310068666934967,0.0879522934556007,0.000339586666086689,0.00908468849956989,0,1.74894537963155e-07,0,0.586932957172394,0.586932957172394,12.8824849509268,0.00212988950457746
"PL432",0.227669715881348,8.64766693115234,17.8842277526855,9.03090381622314,17.6565570831299,1.69821894168854,1.84041893482208,2.49512243270874,1.73277938365936,83.6099014282227,71.2764511108398,69.2192459106445,81.1355514526367,0.322536617517471,0.0640054643154144,0.000174954227986746,0.0117055317386985,0,1.96083533410274e-07,0,0.597846746444702,0.597846746444702,13.4065221565914,0.00170268245679035
"PL514",-0.0421973466873169,8.6508731842041,17.8481521606445,8.97615432739258,17.8903503417969,1.5486181974411,1.74716174602509,2.63934946060181,1.72912967205048,83.0159149169922,71.9060287475586,70.6967849731445,80.9969329833984,0.545379877090454,0.137114331126213,1.41204659076521e-09,0.0339028500020504,0,2.47888323201551e-08,0,0.283437699079514,0.283437699079514,11.1282073910069,0.038507777386014
"PL515",-0.865453124046326,7.53333806991577,16.5883979797363,7.99621772766113,17.4538516998291,1.98005926609039,2.16430020332336,3.07945203781128,2.06522917747498,84.5438079833984,73.887451171875,73.4328689575195,83.1814498901367,0.377605855464935,0.105539157986641,0.000166237718076445,0.0154028097167611,0,0.00759084336459637,0,0.493201494216919,0.493201494216919,13.3469370056709,0.00240046833865147
"PL516",-0.0314644165337086,8.49334621429443,17.721549987793,8.8770923614502,17.7530155181885,1.58493912220001,1.78618824481964,2.61875748634338,1.72311532497406,83.3898544311523,72.1215972900391,70.3897399902344,81.3138732910156,0.534988641738892,0.122546643018723,6.61358228626341e-07,0.0169586837291718,0,4.6925979546586e-08,0,0.323118209838867,0.323118209838867,12.8544388331926,0.00377355588894714
"PL517",-1.36766791343689,7.2180380821228,16.2535610198975,7.65944766998291,17.6212291717529,1.76956820487976,2.15299797058105,3.28387141227722,1.99437868595123,84.8973236083984,74.8754653930664,75.0704040527344,83.7964630126953,0.460197865962982,0.137876197695732,0.00135034474078566,0.0168569721281528,2.67080940696829e-10,0.000888395530637354,0.0320942774415016,0.350708425045013,0.382802695035934,13.2518908431259,0.00315780959287405
"PL518",-0.142971068620682,8.53443813323975,17.712646484375,8.87623596191406,17.8556175231934,1.54210579395294,1.77307915687561,2.69856309890747,1.7341730594635,82.9860305786133,72.1783447265625,71.1900939941406,81.158805847168,0.568696796894073,0.139074414968491,1.49766143930918e-09,0.0246616303920746,0,2.07752091085922e-08,0,0.266773641109467,0.266773641109467,13.953630174199,0.00218549365546208
"PL523",-0.631169319152832,8.15814018249512,17.2709274291992,8.55445957183838,17.9020977020264,1.57892417907715,1.98945212364197,3.07801222801208,1.85338521003723,83.1928100585938,73.099235534668,72.9072113037109,81.5064468383789,0.52951717376709,0.133824050426483,0.000196658264030702,0.0119960773736238,0,0.0376392379403114,0,0.285325318574905,0.285325318574905,12.965530530865,0.00318054698245114
"PL524",-0.484239876270294,8.54895782470703,17.7148990631104,8.83890724182129,18.1991405487061,1.58891487121582,1.9027818441391,2.8941650390625,1.83419167995453,83.5122222900391,72.3765716552734,71.9916915893555,81.1799697875977,0.441158503293991,0.105612121522427,1.03248443128479e-09,0.0143371038138866,0,9.46666816048491e-08,0,0.435775697231293,0.435775697231293,13.3986477104499,0.00253186227120903
"PL613",-0.92018312215805,7.59532070159912,16.9682292938232,8.1600923538208,17.8884124755859,1.44060373306274,1.60078001022339,2.48905897140503,1.6469589471817,86.3824996948242,74.6110534667969,74.6268692016602,84.1985168457031,0.531908333301544,0.128108233213425,1.34663813433633e-09,0.0256158392876387,0,4.99920140839549e-08,0,0.305386453866959,0.305386453866959,13.0410812613565,0.00449833976948596
"PL616",-1.25011837482452,7.39209222793579,16.7908248901367,7.97791719436646,18.0409450531006,1.54587554931641,1.66115283966064,2.59329009056091,1.77163434028625,86.8087463378906,75.2267074584961,75.8224334716797,84.5002059936523,0.582702875137329,0.138816401362419,1.63851487933186e-09,0.0173534899950027,0,2.7134280600194e-08,0,0.252242684364319,0.252242684364319,13.0951828741414,0.00321624309788097
"PL617",-0.749792516231537,7.79707145690918,17.1256332397461,8.27970218658447,17.8754253387451,1.44854128360748,1.57919025421143,2.46505236625671,1.62074744701385,86.0691452026367,74.1612701416016,73.7924423217773,83.8712539672852,0.57487279176712,0.145539194345474,1.68746794315666e-09,0.0134026240557432,0,2.5949937310088e-08,0,0.255970686674118,0.255970686674118,12.9210696059262,0.00323055310266738
"PL618",-1.08987963199615,7.19603443145752,16.5988235473633,7.95382118225098,17.6887035369873,1.44609832763672,1.64985740184784,2.50127673149109,1.65609467029572,87.2136306762695,75.4103469848633,75.5588073730469,84.8813705444336,0.403431117534637,0.093854270875454,9.46202362683835e-06,0.0132982116192579,0,1.41485358540194e-07,0,0.479931563138962,0.479931563138962,12.7265500097836,0.00381874306270883
"PL619",-0.931418657302856,7.89770650863647,17.2411575317383,8.24354934692383,18.1725749969482,1.5044116973877,1.62213063240051,2.45334458351135,1.66653227806091,85.7375717163086,74.0430908203125,74.0791015625,83.7322769165039,0.553793668746948,0.132884636521339,1.29836819073859e-09,0.0123549429699779,0,3.98061317241627e-08,0,0.283200263977051,0.283200263977051,12.7488222637689,0.00352025250140575
"PL621",-1.41025233268738,6.93758773803711,16.4637870788574,7.87604427337646,17.8740386962891,1.78370916843414,1.78810775279999,2.75217938423157,2.03663945198059,86.8971862792969,76.1064224243164,77.1773223876953,84.7072830200195,0.479326039552689,0.123634144663811,0.00141800311394036,0.00833485741168261,0,0.0109984232112765,0,0.309162676334381,0.309162676334381,13.031208222267,0.00179254095224224
"PL622",-1.88315176963806,6.87209558486938,16.4475994110107,7.52804946899414,18.3307514190674,1.7024097442627,1.84343349933624,2.72373604774475,1.91677117347717,86.8208312988281,75.4124603271484,76.7021179199219,85.0248107910156,0.432615906000137,0.137950479984283,0.00053612858755514,0.00674572167918086,3.90823370253202e-05,0.00803451519459486,0.232241794466972,0.15971377491951,0.391955554485321,13.204092086056,0.001285009224626
"PL623",-2.3723030090332,6.77202033996582,16.4938316345215,7.25977754592896,18.8661346435547,1.74456763267517,1.8895617723465,2.76362609863281,1.93501210212708,86.6274032592773,74.9376831054688,76.3442077636719,84.8027420043945,0.425018459558487,0.139789164066315,0.00380062754265964,0.00581436278298497,2.96906073344871e-05,0.0167795699089766,0.0567590929567814,0.297651141881943,0.354410260915756,12.5287834388512,0.00197441506549455
"PL633",-0.411126047372818,6.48960590362549,16.2900562286377,8.49951171875,16.7011814117432,1.63907432556152,1.70369303226471,2.51431488990784,1.98096740245819,85.421875,77.8432769775391,77.6681747436523,83.3817977905273,0.421661883592606,0.100698247551918,0.000116720657388214,0.0488846860826015,0,3.60542422583876e-08,0,0.194324150681496,0.194324150681496,11.7107799899372,0.0265753033836806
"PL634",-0.404585719108582,6.26528835296631,16.0189018249512,8.41976642608643,16.4234867095947,1.78440296649933,1.73626375198364,2.52577686309814,2.13042664527893,85.7243423461914,78.2887649536133,78.5163955688477,83.7782669067383,0.356478273868561,0.0828077122569084,0.000776898814365268,0.0220166090875864,0,2.72687011602102e-05,0,0.320290625095367,0.320290625095367,13.2484726535155,0.00311084438560816
"PL636",-0.327732563018799,6.39763879776001,15.9140348434448,8.33781242370605,16.2417678833008,1.9765350818634,1.80369007587433,2.58776473999023,2.30254340171814,86.0832748413086,77.6542434692383,78.413215637207,84.3043899536133,0.302357852458954,0.0697820261120796,0.0013964552199468,0.0056136604398489,0,1.62372884915385e-07,0,0.515806078910828,0.515806078910828,12.4412082538367,0.00239016590494174
"PL637",-1.23719024658203,6.7428388595581,16.0979957580566,7.68590784072876,17.3351860046387,1.60901713371277,1.77247214317322,2.59851121902466,1.77069127559662,88.2077484130859,76.2891387939453,76.9112243652344,85.9165802001953,0.334390252828598,0.0610596016049385,0.000114130540168844,0.00377597846090794,0,2.06760262244643e-07,0,0.586594581604004,0.586594581604004,12.2206192198557,0.00298714708381058
"PL638",-1.02996122837067,6.9987735748291,16.5385303497314,8.11363697052002,17.5684909820557,1.52529084682465,1.68496382236481,2.5725839138031,1.80867600440979,86.6284408569336,76.3279876708984,76.7892837524414,84.2877807617188,0.473296314477921,0.109711736440659,0.000385965104214847,0.0156128201633692,0,7.43245109902091e-08,0,0.340918958187103,0.340918958187103,13.0635624978086,0.00319973869315974
"PL711",-1.06916546821594,8.0053539276123,17.3011016845703,8.26768779754639,18.370267868042,1.58119320869446,1.80917465686798,2.57344675064087,1.72419345378876,85.2413558959961,73.6833267211914,73.2663726806641,82.8804016113281,0.560456216335297,0.120563104748726,1.38129074844784e-09,0.0585325323045254,0,1.77284409375034e-08,0,0.260448068380356,0.260448068380356,11.5919851415501,0.0398296509009771
"PL712",-1.07819223403931,7.99701452255249,17.2919387817383,8.25789737701416,18.3701324462891,1.57312667369843,1.80843937397003,2.57182931900024,1.72123885154724,85.2352600097656,73.7259063720703,73.3622360229492,82.9164810180664,0.569355189800262,0.124318212270737,1.43538392283205e-09,0.0521745085716248,0,1.61832147682617e-08,0,0.253896743059158,0.253896743059158,13.5201765338611,0.00609147872072497
"PL713",-1.18122982978821,8.04533100128174,17.3321170806885,8.26360416412354,18.5133476257324,1.550124168396,1.87982487678528,2.74724102020264,1.7473441362381,84.994384765625,73.4979248046875,73.2112731933594,82.6181716918945,0.488799780607224,0.118994347751141,4.30654949923337e-07,0.0125210667029023,0,6.20603231027417e-08,0,0.379684299230576,0.379684299230576,13.3561477142223,0.0022632739851678
"PL714",-0.765132069587708,8.25287342071533,17.5529899597168,8.53233814239502,18.3181209564209,1.57908380031586,1.75947988033295,2.62644720077515,1.72275471687317,84.7648620605469,72.8608093261719,71.9086074829102,82.0901260375977,0.563844263553619,0.131772041320801,1.34792887962476e-09,0.0168499629944563,0,1.91495228563099e-08,0,0.287491679191589,0.287491679191589,13.5611546161097,0.00241947108443234
"PL715",-1.02148020267487,8.03272438049316,17.3352661132812,8.27233219146729,18.356746673584,1.48806214332581,1.7332239151001,2.45901203155518,1.6585521697998,84.8766555786133,73.744499206543,73.8553466796875,83.0245895385742,0.608768224716187,0.152279570698738,1.82451065366962e-09,0.00999699998646975,0,1.85381701101051e-08,0,0.224704891443253,0.224704891443253,12.887351234676,0.00316383270571548
"PL721",-1.42917799949646,7.99732828140259,17.2692317962646,8.10721969604492,18.6984100341797,1.47838461399078,1.92424285411835,2.88303923606873,1.75154089927673,84.5799179077148,73.8509521484375,74.2086868286133,82.7307434082031,0.455336958169937,0.120205871760845,0.000125185862998478,0.0184646602720022,0,7.92938124050124e-08,0,0.405616581439972,0.405616581439972,13.3649748921779,0.00266791605484445
"PL722",-1.27123248577118,8.238450050354,17.4957523345947,8.35317039489746,18.7669849395752,1.47765290737152,1.96095502376556,2.93382239341736,1.77658224105835,83.7431793212891,73.3456344604492,73.8598480224609,81.8428192138672,0.550991415977478,0.148040011525154,1.59168100921647e-09,0.0153413452208042,0,2.78992047242355e-08,0,0.284580260515213,0.284580260515213,13.5536087990246,0.00204213604830072
"PL811",-2.06509470939636,7.74256324768066,17.3606758117676,7.71265697479248,19.4257698059082,1.4769549369812,1.89185810089111,2.83586001396179,1.72713577747345,84.5543441772461,73.7251892089844,73.4642181396484,82.5308990478516,0.502552032470703,0.154954344034195,0.0015818759566173,0.00468450877815485,0,0.0415118336677551,0,0.291864931583405,0.291864931583405,12.5987565247802,0.00211670917193194
"PL812",-1.91121351718903,8.01697635650635,17.3990917205811,7.9544472694397,19.3103046417236,1.48784697055817,2.06089353561401,3.09415888786316,1.82570064067841,83.6088104248047,73.6714706420898,74.654914855957,81.7687072753906,0.54212898015976,0.138306468725204,0.000578637351281941,0.0078276302665472,0,0.0522113777697086,0,0.257878422737122,0.257878422737122,13.3834395048872,0.00143976222297433
"PL814",-1.75275588035583,7.96047639846802,17.3925666809082,7.9417929649353,19.1453227996826,1.5397744178772,1.93797087669373,2.91928887367249,1.77671587467194,84.0442581176758,73.4173965454102,73.7471084594727,82.2208251953125,0.608715832233429,0.156371295452118,5.98529259150382e-05,0.0280092749744654,0,1.07527489134895e-08,0,0.205226570367813,0.205226570367813,13.4305457197725,0.00320210402850563
"PL815",-1.5512238740921,8.10287857055664,17.5031471252441,8.07737922668457,19.054370880127,1.56435787677765,1.91536581516266,2.87402272224426,1.77982175350189,83.8721923828125,73.0744781494141,73.4360656738281,82.1651000976562,0.547704637050629,0.148657143115997,1.05947119664052e-05,0.0106212589889765,0,3.35407648321961e-08,0,0.289427548646927,0.289427548646927,13.1627820506015,0.00233738089861755
"PL821",-2.54164004325867,7.47495794296265,16.495491027832,7.54984331130981,19.0371322631836,1.98132944107056,2.66582465171814,3.77099943161011,2.31714463233948,85.5641479492188,75.9688873291016,78.4458847045898,83.4507598876953,0.298051327466965,0.0986832529306412,0.000306739879306406,0.00941972900182009,0,0.272648960351944,0.00524624576792121,0.31561678647995,0.320863008499146,13.0144060902742,0.00233857877703671
"PL822",-1.86455571651459,8.14630699157715,17.3710327148438,8.19547843933105,19.2355880737305,1.66950905323029,2.31966209411621,3.32382702827454,2.0561375617981,83.5882949829102,74.0232238769531,75.4998550415039,81.3053436279297,0.455230921506882,0.124062657356262,0.000176949484739453,0.00961772538721561,0,0.0985903292894363,0,0.312321394681931,0.312321394681931,12.8138133253701,0.00299911967295375
"PL823",-1.49478232860565,8.38843154907227,17.5917778015137,8.43152046203613,19.0865592956543,1.74078345298767,2.25790548324585,3.24823045730591,2.03759002685547,83.4392013549805,73.3265151977539,74.2763519287109,81.0573272705078,0.468657910823822,0.141689375042915,1.54377433059238e-09,0.0204857997596264,0,4.47875727616065e-08,0,0.369166880846024,0.369166880846024,13.1174012740072,0.00374365916437746
"PL824",-1.29380929470062,8.48917388916016,17.7702217102051,8.51804542541504,19.0640316009521,1.61961936950684,2.10084128379822,3.07647275924683,1.91387939453125,83.0072479248047,72.8217544555664,73.40234375,80.8985900878906,0.518040418624878,0.143216907978058,1.75266889890224e-09,0.0202513802796602,0,3.93236057050217e-08,0,0.317763477563858,0.317763477563858,13.3407065251961,0.00297758543367491
"PL841",-2.68997526168823,7.01095294952393,16.7628192901611,7.10338735580444,19.4527931213379,1.61691749095917,1.91912639141083,2.69599270820618,1.82329308986664,85.9849853515625,74.3003540039062,74.6812057495117,83.7725524902344,0.406811416149139,0.14495262503624,0.0136951440945268,0.0156304221600294,0,0.0102152852341533,0,0.407089620828629,0.407089620828629,13.0333731346598,0.00255157257976224
"PL842",-2.32613134384155,7.25069284439087,16.9138832092285,7.33847618103027,19.2400150299072,1.58005750179291,1.88555979728699,2.68322658538818,1.7969514131546,85.7233123779297,74.3594970703125,74.5420608520508,83.7683715820312,0.485931783914566,0.172571688890457,0.0055163917131722,0.00530676264315844,0,4.45283632188875e-08,0,0.330393582582474,0.330393582582474,12.9757892975173,0.00147427853308515
"PL843",-2.68020296096802,6.7511157989502,16.5234489440918,7.05342626571655,19.2036514282227,1.66341769695282,1.89849400520325,2.71827912330627,1.86295139789581,86.3489532470703,74.7486877441406,75.7993774414062,84.3958892822266,0.453558832406998,0.149839371442795,0.022302059456706,0.00584758538752794,0,0.0190934017300606,0,0.33602449297905,0.33602449297905,12.5208290955754,0.00202679111688203
"PL911",-1.24596321582794,8.06231117248535,17.4414081573486,8.10292530059814,18.6873722076416,1.53839719295502,1.81044554710388,2.57632827758789,1.7533495426178,84.2748413085938,73.1604385375977,73.7180480957031,83.0522079467773,0.396938383579254,0.119669564068317,1.21576826384029e-09,0.121973857283592,0,5.96756422055478e-08,0,0.352925688028336,0.352925688028336,12.6901571411799,0.0251206035404486
"PL912",-1.45015132427216,7.92084980010986,17.3376712799072,7.95197916030884,18.7878227233887,1.57851696014404,1.83698976039886,2.64245009422302,1.77961540222168,84.5482406616211,73.4111633300781,73.8798751831055,83.2483596801758,0.461757898330688,0.139776781201363,1.40503741974385e-09,0.0643239468336105,0,3.39907124669026e-08,0,0.330216884613037,0.330216884613037,13.9592810856499,0.00443603018755958
"PL913",-1.17791628837585,8.03978729248047,17.3848190307617,8.13584327697754,18.5627346038818,1.50625550746918,1.79759693145752,2.53735065460205,1.72576785087585,84.35498046875,73.4260482788086,74.0451889038086,83.118278503418,0.457091420888901,0.121720165014267,1.46522671773397e-09,0.0771338939666748,0,6.8998772917439e-08,0,0.33343830704689,0.33343830704689,13.8200196890354,0.00559853261953755
"PL921",-1.27037763595581,8.1024694442749,17.3974761962891,8.15749549865723,18.667854309082,1.5026752948761,1.87391471862793,2.78429532051086,1.73379027843475,83.8292846679688,73.2984313964844,73.8749389648438,82.5630187988281,0.487159341573715,0.133581817150116,0.000171401363331825,0.013157581910491,0,6.11832078334373e-08,0,0.360987931489944,0.360987931489944,13.4368292585174,0.00234030700216133
"PL922",-1.55478119850159,7.46076440811157,16.8883762359619,7.75375175476074,18.4431571960449,1.53892087936401,1.77842259407043,2.54002451896667,1.75912570953369,86.07470703125,74.7509994506836,75.3582611083984,84.412483215332,0.585987627506256,0.155157402157784,0.000297988532111049,0.0054075694642961,0,1.88834139436267e-08,0,0.251172453165054,0.251172453165054,12.7528558215784,0.00242954630778678
"PL923",-1.1782294511795,7.78845596313477,17.142448425293,8.07682514190674,18.3206787109375,1.5072934627533,1.70479691028595,2.45634460449219,1.68228316307068,85.6579284667969,74.3027877807617,74.6441955566406,83.8555145263672,0.607968986034393,0.158435866236687,1.91900961787894e-09,0.0104177827015519,0,1.41362122008104e-08,0,0.212657824158669,0.212657824158669,12.6985652416093,0.00383570817834994
"PL924",-1.82221937179565,7.39220523834229,16.9483947753906,7.59622955322266,18.7706146240234,1.55332791805267,1.83271956443787,2.6174144744873,1.79060733318329,85.6498413085938,74.2797470092773,74.6613235473633,84.1506195068359,0.441416889429092,0.179299846291542,0.000465200515463948,0.00378349865786731,0,3.05602156913665e-08,0,0.374733924865723,0.374733924865723,12.7882740369297,0.00196757036534462
"PL925",-1.84456956386566,7.65253019332886,17.1742115020752,7.69536304473877,19.0187816619873,1.5621190071106,1.84581089019775,2.69773268699646,1.7555878162384,84.9728393554688,73.9996185302734,74.176887512207,83.3881454467773,0.555479347705841,0.161063715815544,6.26929322606884e-05,0.00623257737606764,0,1.13691509540104e-08,0,0.274772137403488,0.274772137403488,13.0150526279429,0.00217941936018434
"PL926",-1.10657799243927,8.10013008117676,17.400691986084,8.2200517654419,18.5072689056396,1.4884295463562,1.78907144069672,2.5612485408783,1.69538128376007,84.180061340332,73.3747177124023,73.8924865722656,82.8228530883789,0.55636715888977,0.145478561520576,1.74210412762221e-09,0.00697376579046249,0,3.30395906189551e-08,0,0.285183429718018,0.285183429718018,12.3036089677987,0.00486026395306454
"PT111",8.72522735595703,11.9251413345337,18.4551868438721,14.3040647506714,9.72995853424072,6.90572738647461,4.36642742156982,1.49523103237152,5.11848306655884,82.9701614379883,77.8960418701172,76.0541229248047,81.1166610717773,0.126719862222672,0.0636625811457634,0.00366342882625759,0.0140434056520462,0.000399307493353263,0,0.629695117473602,0,0.629695117473602,12.5548238733317,0.0056805714405677
"PT112",8.5576753616333,11.9013681411743,18.6226425170898,14.2876358032227,10.0649681091309,6.96892499923706,4.35593128204346,1.5046010017395,5.1249098777771,82.9391021728516,77.3636245727539,74.9817657470703,80.5748672485352,0.130625680088997,0.0470775328576565,0.00226842891424894,0.0265138298273087,0.000298797123832628,0,0.649528741836548,0,0.649528741836548,12.342503911486,0.0100306962160405
"PT119",7.54809808731079,11.5000600814819,18.9416217803955,13.8568048477173,11.3935232162476,6.13514089584351,3.91421175003052,1.45275592803955,4.44913196563721,83.6675643920898,75.8742523193359,71.5527725219727,79.197135925293,0.18421533703804,0.0633732005953789,0.000185802724445239,0.0211201049387455,0.000261686858721077,0,0.699315786361694,0,0.699315786361694,12.6977390543409,0.00869084519931207
"PT11A",9.54468250274658,12.8781003952026,19.3873958587646,15.336085319519,9.84271240234375,5.78580951690674,3.59490919113159,1.14083707332611,4.1891508102417,82.0424346923828,76.5593109130859,74.7147216796875,79.6600723266602,0.169429078698158,0.0528626516461372,2.989398126374e-06,0.0581346265971661,9.07884968910366e-05,0,0.524156451225281,0,0.524156451225281,13.4516832215397,0.0067163514634389
"PT11B",6.01127529144287,10.3845081329346,18.6337089538574,12.7680263519287,12.6224336624146,4.39605712890625,2.95591378211975,1.25757563114166,3.26136994361877,83.8565139770508,73.7608642578125,66.9051361083984,77.1066131591797,0.219475880265236,0.0966909229755402,0.000955855881329626,0.00363670266233385,0.00046665029367432,0.00750111835077405,0.666543960571289,0.000950830173678696,0.667494773864746,11.6993991319992,0.00399841943433796
"PT11C",7.8550877571106,11.9870719909668,19.4945182800293,14.3128318786621,11.6394300460815,5.8412675857544,3.72939205169678,1.34737467765808,4.18175601959229,83.442626953125,75.1780395507812,70.6632843017578,78.5345687866211,0.250461041927338,0.0678889825940132,7.4758221835225e-10,0.0162944626063108,0.000108134358015377,0,0.66524738073349,0,0.66524738073349,13.2331937436166,0.00721364843056901
"PT11D",6.57940053939819,11.3707323074341,19.9769115447998,13.691686630249,13.3975114822388,3.49358582496643,2.32007813453674,0.960794389247894,2.50817394256592,83.3198699951172,71.4224090576172,63.0404167175293,75.0237197875977,0.259189665317535,0.109423249959946,0.00233072461560369,0.00471503613516688,4.82378673041239e-05,0.271590709686279,0.312669217586517,0.0400331579148769,0.352702379226685,12.3141372907942,0.0030387955364178
"PT11E",5.84365653991699,10.7886390686035,19.9420528411865,13.1131105422974,14.0983953475952,3.04082322120667,2.16535973548889,0.965295076370239,2.29623198509216,82.3757247924805,69.3382263183594,58.8397064208984,73.0817489624023,0.318803131580353,0.133142903447151,0.0157662611454725,0.00200736173428595,0.000279482104815543,0.198742866516113,0.289464622735977,0.0408728569746017,0.330337464809418,11.8012396422891,0.00214774441783721
"PT150",11.9203977584839,15.0510120391846,22.0624008178711,18.0638408660889,10.1420030593872,2.39936685562134,1.33229148387909,0.203634917736053,1.64582622051239,78.5500564575195,71.3355484008789,63.9974212646484,72.8845748901367,0.214202538132668,0.112666264176369,0.0202592574059963,0.00567293353378773,0,0.363987445831299,0,0.072825975716114,0.072825975716114,12.2917066159975,0.0024767202461306
"PT16B",11.9032115936279,14.1404161453247,19.3315734863281,16.9355716705322,7.42836141586304,3.11771106719971,1.80641758441925,0.420860886573792,2.20367503166199,79.5696792602539,76.3797225952148,76.9620819091797,79.0903701782227,0.358007580041885,0.0909062922000885,0.00106124382000417,0.00814706925302744,1.70343409990892e-05,0.0755726024508476,0.135545879602432,0.013222630135715,0.14876851439476,12.5071462128172,0.00562491056606918
"PT16D",9.97615051269531,13.1926326751709,19.4492492675781,15.643593788147,9.47309970855713,5.23209810256958,3.20549392700195,0.965920388698578,3.73629331588745,81.2667694091797,76.2900161743164,74.9151992797852,79.3488922119141,0.143368661403656,0.0567701794207096,6.37553343452169e-10,0.02119498886168,9.43906343309209e-05,0,0.535090804100037,0,0.535090804100037,12.3439659953471,0.00735112770524657
"PT16E",9.29270172119141,12.9457778930664,19.8336238861084,15.4279975891113,10.5409231185913,4.52961540222168,2.78737092018127,0.853747367858887,3.10099506378174,81.4730072021484,74.9639434814453,71.2429580688477,77.4979476928711,0.161824017763138,0.079216331243515,0.00058624759549275,0.0107972016558051,8.65041874931194e-05,0.164690017700195,0.47353333234787,0.0121101550757885,0.485643476247787,12.9607112045174,0.00293913187326171
"PT16F",10.1997213363647,13.5827541351318,19.8863468170166,16.0933666229248,9.68662643432617,3.74186968803406,2.31996631622314,0.657509446144104,2.60998201370239,80.8899002075195,74.6961517333984,71.9760894775391,77.4002227783203,0.233965560793877,0.0890986993908882,9.43489730786951e-10,0.0184226389974356,6.56086649541976e-06,0.524743676185608,0.0361090749502182,0.0588516816496849,0.0949607565999031,12.4555348647388,0.00517886772615812
"PT16G",7.42273187637329,11.7084159851074,19.6274700164795,14.1625566482544,12.2047386169434,4.82334995269775,3.07722949981689,1.10627174377441,3.33787417411804,83.4519729614258,74.3577728271484,67.8695983886719,76.9249725341797,0.166706144809723,0.0819655209779739,7.01476892572828e-05,0.012791994959116,0.000116191295091994,0.0240982919931412,0.71154773235321,0.00270399963483214,0.714251697063446,12.6732493335214,0.00395091894913839
"PT16H",8.27557468414307,13.2321186065674,22.5247707366943,15.835862159729,14.2491941452026,3.34927463531494,2.01711988449097,0.60461550951004,2.33628630638123,80.3628921508789,68.0686340332031,55.452579498291,69.692741394043,0.268752545118332,0.125168308615685,0.0209877490997314,0.00284624239429832,0,0.510555386543274,0,0.0715558975934982,0.0715558975934982,11.5810966135187,0.00254033989473539
"PT16I",9.65017986297607,13.6895589828491,21.0785369873047,16.2339420318604,11.4283580780029,3.55817413330078,2.18346786499023,0.625050961971283,2.43340539932251,80.9428939819336,71.9952163696289,65.2935180664062,74.3088150024414,0.214486062526703,0.0829996094107628,0.000564943009521812,0.00798363145440817,0,0.621339738368988,0,0.0662133172154427,0.0662133172154427,12.2527212324449,0.00364253421462213
"PT16J",6.66373348236084,11.5333623886108,20.6932106018066,14.0588207244873,14.0294780731201,3.37332797050476,2.21267580986023,0.842572152614594,2.39226150512695,82.3293304443359,70.2666397094727,58.9806175231934,72.6168441772461,0.282168120145798,0.120913714170456,0.0119566014036536,0.00511919194832444,3.62976311407692e-06,0.479719340801239,0.0244092904031277,0.0755960270762444,0.100005313754082,12.4013519442922,0.00196288227182791
"PT170",11.9785146713257,14.5494747161865,20.2668952941895,17.3693523406982,8.28838062286377,2.80817866325378,1.60105979442596,0.292412668466568,1.90410661697388,79.4137268066406,74.467887878418,72.5349807739258,76.8894882202148,0.323680073022842,0.0843935906887054,0.00155148969497532,0.0720908269286156,5.18169315455452e-07,0.218147292733192,0.00412318436428905,0.0548435412347317,0.058966726064682,14.2496558461926,0.00487377414817411
"PT181",11.6518154144287,14.720287322998,21.0221271514893,17.5057964324951,9.37031173706055,2.57389307022095,1.5422922372818,0.264641493558884,1.74241256713867,79.3633117675781,72.9055709838867,68.4746398925781,74.898307800293,0.301663786172867,0.0572658628225327,0.00740850251168013,0.000831096491310745,0,0.33696386218071,0,0.051998745650053,0.051998745650053,11.4049615634423,0.00217402748430708
"PT184",10.5607614517212,14.8170309066772,23.0507316589355,17.640495300293,12.4899711608887,2.14988708496094,1.40544366836548,0.30886635184288,1.55056357383728,79.0145721435547,68.0872497558594,56.9903869628906,69.2777404785156,0.500305712223053,0.0846016332507133,0.0180436931550503,0.00202530086971819,0,0.318653404712677,0,0.0647044852375984,0.0647044852375984,11.8116243244704,0.00139268068517264
"PT185",10.6257209777832,14.4917659759521,21.5894432067871,17.0836448669434,10.9637231826782,2.74528789520264,1.7118124961853,0.42122483253479,1.92074346542358,80.489013671875,71.016731262207,63.980884552002,73.589241027832,0.43988373875618,0.0969850346446037,0.00170686095952988,0.00828644260764122,0,0.39016056060791,0,0.0571997463703156,0.0571997463703156,12.7136511593863,0.00295591497113407
"PT186",9.48439979553223,14.1782655715942,22.9843654632568,16.8282852172852,13.4999666213989,2.78182363510132,1.68786776065826,0.473999261856079,1.9253625869751,79.7021942138672,67.7131652832031,55.7730331420898,69.2152862548828,0.429888546466827,0.0877549573779106,0.00724704982712865,0.00266468478366733,0,0.408116668462753,0,0.0643280893564224,0.0643280893564224,11.8593671491289,0.0019501440033093
"PT187",10.2014713287354,14.6066007614136,22.9785709381104,17.340576171875,12.7771005630493,2.44402456283569,1.5388149023056,0.380753368139267,1.73111653327942,79.201057434082,67.8644027709961,56.637264251709,69.2412796020508,0.525094926357269,0.0943625643849373,0.00737902242690325,0.00357300764881074,0,0.309205919504166,0,0.0596437193453312,0.0596437193453312,12.1982153734816,0.00165069592320306
"RO111",-0.519327044487,10.1044874191284,19.1744289398193,9.97100353240967,19.6937580108643,1.88508367538452,2.57478308677673,3.10966372489929,2.04518985748291,83.6537094116211,71.5580978393555,71.6964111328125,78.0099487304688,0.447132438421249,0.187183424830437,0.00639325613155961,0.00349259213544428,2.06806997199958e-13,0.283776611089706,0.0162672270089388,0.0557544082403183,0.0720216408371925,12.9626637786795,0.00174065134562143
"RO112",-3.76782631874084,7.19166660308838,16.3185062408447,7.04552602767944,20.086332321167,2.06286811828613,3.03162598609924,4.08632278442383,2.34280920028687,85.2996368408203,75.4637145996094,78.6623992919922,82.6029357910156,0.272273540496826,0.20283617079258,0.0139459874480963,0.0038528018631041,0.000357358221663162,0.0116928499191999,0.491341799497604,0.00369953969493508,0.495041340589523,12.7387665924552,0.00237891596891193
"RO113",-2.39049625396729,8.37600517272949,17.3217506408691,8.13750171661377,19.7122478485107,1.69912910461426,2.7702112197876,3.85317873954773,2.06981778144836,84.58544921875,74.3727798461914,77.1481857299805,81.5440444946289,0.376760542392731,0.220607906579971,0.0101455608382821,0.00697097508236766,1.64588606632599e-10,0.283062279224396,0.0737619325518608,0.0286908354610205,0.102452769875526,13.4695626940503,0.00201522381201777
"RO114",-3.62189841270447,7.17121076583862,16.2357521057129,7.10167980194092,19.8576488494873,2.49041700363159,3.41389155387878,4.47780799865723,2.77107238769531,85.6749572753906,76.1604995727539,79.4765319824219,83.0505142211914,0.157735556364059,0.183789774775505,0.0137658100575209,0.00781591329723597,0.00182496127672493,0.0162194408476353,0.616869747638702,0.00197881716303527,0.618848562240601,13.1747828998589,0.00209340032469335
"RO115",-0.86477118730545,10.2919912338257,19.4021377563477,9.92467975616455,20.2669067382812,2.04788970947266,2.59496665000916,3.19754219055176,2.1966769695282,82.9718322753906,70.7057876586914,71.7466506958008,77.6269912719727,0.555201947689056,0.194593578577042,0.00124967040028423,0.00739103555679321,0.000217005581362173,0.0652104243636131,0.133288711309433,0.0428475625813007,0.176136270165443,12.8922840321078,0.002873733211308
"RO116",-1.35640823841095,9.44696998596191,18.3828887939453,9.12281513214111,19.7392959594727,1.80103862285614,2.59389114379883,3.32617259025574,2.01414680480957,83.796028137207,72.7033462524414,74.7120361328125,79.7951583862305,0.399506568908691,0.238703012466431,0.00245773419737816,0.00428934069350362,8.90506279827008e-11,0.277318626642227,0.0395244881510735,0.0382002405822277,0.0777247250080109,12.4072446428764,0.00325104848812287
"RO121",-1.87833285331726,8.27831172943115,17.1967678070068,8.34228515625,19.0750999450684,1.67612326145172,2.90779829025269,4.22151947021484,2.03194308280945,83.2630462646484,74.9336929321289,78.0564422607422,81.1155624389648,0.257556676864624,0.202581718564034,0.0257489029318094,0.00322594516910613,2.6679922160433e-11,0.160394042730331,0.327512413263321,0.0229803025722504,0.350492686033249,12.8195592068698,0.00205881235152976
"RO122",-3.15678977966309,7.15747833251953,16.4538707733154,7.33430099487305,19.6106586456299,1.57801449298859,2.91935443878174,4.03602123260498,1.95754241943359,84.6001739501953,76.7174301147461,79.3078689575195,82.625846862793,0.246320784091949,0.194876059889793,0.0288851261138916,0.00549614522606134,4.61127025452868e-10,0.438149183988571,0.0462517738342285,0.0400209426879883,0.0862727165222168,13.1319227283695,0.00243646602369822
"RO123",-3.80116081237793,6.46637725830078,15.9162263870239,6.67015552520752,19.7173881530762,1.43422019481659,2.82265543937683,3.8589928150177,1.76137626171112,85.2429885864258,77.6486663818359,80.1432876586914,83.4370498657227,0.198958158493042,0.122542321681976,0.0173639263957739,0.00736874947324395,2.254690739667e-10,0.381250649690628,0.254818320274353,0.017697861418128,0.272516191005707,12.735600843226,0.00344987012966093
"RO124",-4.36239624023438,6.22879695892334,15.6061782836914,6.35367155075073,19.9685745239258,1.49642646312714,2.82401347160339,3.90508365631104,1.85799562931061,85.4384841918945,76.85693359375,79.4991607666016,83.0033264160156,0.176337152719498,0.170007437467575,0.0246615521609783,0.00259254011325538,1.33986233219474e-09,0.0381711833178997,0.585888564586639,0.00231143739074469,0.588200032711029,12.6621755155031,0.00191440220245323
"RO125",-2.64933848381042,8.41340351104736,17.5057163238525,8.14728355407715,20.1550540924072,1.60193622112274,2.6442985534668,3.58376002311707,1.94572019577026,84.1717834472656,73.6677856445312,76.8046264648438,80.8734588623047,0.388515472412109,0.219252049922943,0.00629638601094484,0.00551777193322778,2.03287497946292e-10,0.113323695957661,0.250237882137299,0.0168567430227995,0.267094641923904,13.2413817608155,0.00197937947647723
"RO126",-2.17988014221191,8.07755947113037,17.1745929718018,8.21282577514648,19.3544731140137,1.67289209365845,3.09726619720459,4.41062450408936,2.14160084724426,83.6552581787109,75.0795516967773,77.6359100341797,81.2390213012695,0.275691866874695,0.212516412138939,0.0319845154881477,0.00526050850749016,0,0.429019600152969,4.31865992140956e-05,0.0454838871955872,0.0455270744860172,12.9999621709565,0.00239203091597383
"RO211",-2.52511310577393,8.31602096557617,18.2283096313477,8.28714561462402,20.7534236907959,1.28517699241638,2.47384834289551,3.32843732833862,1.65473127365112,82.6775054931641,74.5582427978516,75.0010528564453,80.3774108886719,0.35384401679039,0.16641791164875,0.00552666420117021,0.00624083867296576,4.7534493702317e-11,0.32259076833725,0.115848816931248,0.0290958769619465,0.144944697618484,13.473073944759,0.00205175036709319
"RO212",-1.93293941020966,9.39913654327393,19.3650951385498,9.03448677062988,21.2980346679688,1.1701112985611,2.0814380645752,2.97787261009216,1.59544897079468,81.7453842163086,71.3613967895508,70.9283218383789,77.9830474853516,0.647478461265564,0.165548339486122,0.00182638992555439,0.00589884771034122,0,0.117538802325726,0,0.0611673258244991,0.0611673258244991,13.1515426780326,0.00264050956554029
"RO213",-1.73972129821777,9.6856050491333,19.7728881835938,9.404465675354,21.5126094818115,1.17983961105347,2.00138568878174,2.88877582550049,1.55354428291321,82.1543502807617,71.3093338012695,70.4809951782227,77.6505661010742,0.605784714221954,0.186680316925049,0.000182702235179022,0.00675625819712877,0,0.145926237106323,0,0.0545574799180031,0.0545574799180031,13.4406543680086,0.00246646208493453
"RO214",-3.49068570137024,7.30532169342041,17.0941753387451,7.31913709640503,20.5848617553711,1.2797520160675,2.6135880947113,3.71572852134705,1.72753834724426,83.0830764770508,75.3545761108398,76.1607971191406,81.2334365844727,0.293736755847931,0.159276902675629,0.00567993195727468,0.00736510427668691,6.37944697068349e-11,0.433243364095688,0.0625508278608322,0.0356831029057503,0.0982339233160019,13.3510356173154,0.00227225911390327
"RO215",-4.2033805847168,6.20229816436768,15.7986736297607,6.3794469833374,20.0020542144775,1.42668330669403,2.88451981544495,4.19163370132446,1.88002741336823,83.2086715698242,76.6988525390625,78.1786651611328,82.0978851318359,0.222798094153404,0.132917627692223,0.0107862893491983,0.00525054754689336,1.01590458143619e-05,0.45412415266037,0.138013616204262,0.0354257561266422,0.173439368605614,13.394007336627,0.0015686784371128
"RO216",-1.29079067707062,9.9478702545166,20.2683143615723,9.90009498596191,21.5591049194336,1.1705276966095,1.87337458133698,2.53277730941772,1.44214677810669,82.2184066772461,71.2899017333984,69.3901214599609,76.9979476928711,0.633256077766418,0.169921100139618,1.69984848419347e-09,0.00381260644644499,0,0.13365626335144,0,0.0592509023845196,0.0592509023845196,13.0287180671852,0.002433264277149
"RO221",0.254116922616959,11.1140308380127,21.8024101257324,11.5676937103271,21.5482921600342,1.19800627231598,1.81200075149536,2.0289101600647,1.38750064373016,81.9507369995117,72.2629013061523,68.3650207519531,76.5310211181641,0.716386377811432,0.159068942070007,0.0132356742396951,0.00725471181795001,0,0.0582495331764221,0,0.0278590153902769,0.0278590153902769,13.1135659179894,0.00276341020359187
"RO222",-0.941020727157593,9.74947357177734,20.0020790100098,9.92665386199951,20.9430999755859,1.37899875640869,2.29953098297119,2.7763557434082,1.59102368354797,81.7331771850586,73.1773300170898,71.366455078125,78.0904235839844,0.519183278083801,0.199805825948715,0.00550803495571017,0.0064946161583066,0,0.17140556871891,0.072618842124939,0.0234697610139847,0.096088595688343,13.2097390942641,0.00216149150812058
"RO223",1.63946604728699,10.6367225646973,21.4737281799316,12.4105339050293,19.8342628479004,1.27497947216034,1.61957335472107,1.84765756130219,1.4516693353653,81.4959030151367,75.4997024536133,71.8233642578125,77.4489440917969,0.636228144168854,0.147496700286865,0.0119670704007149,0.00357966427691281,0,0.0495749600231647,0,0.0284951683133841,0.0284951683133841,12.9835125760641,0.00184488693272845
"RO224",-0.505570828914642,10.5479965209961,21.1120338439941,10.7563343048096,21.6176052093506,1.17522394657135,1.85070550441742,2.22031331062317,1.36776995658875,81.6825637817383,71.6531066894531,68.2565765380859,76.3406295776367,0.704484283924103,0.159753084182739,0.00705428421497345,0.00404622266069055,0,0.0705150812864304,0,0.0488460659980774,0.0488460659980774,12.9196541472081,0.00293535839284846
"RO225",1.17730975151062,10.4587564468384,21.4940452575684,12.1221780776978,20.3167343139648,1.16184318065643,1.52465379238129,1.73311579227448,1.36324346065521,81.7477722167969,75.8798980712891,71.4735107421875,77.4972839355469,0.358643382787704,0.127870470285416,0.135868027806282,0.0056204991415143,0,0.113330841064453,0,0.0365539044141769,0.0365539044141769,12.9697832032705,0.00153719982342845
"RO226",-1.5122058391571,9.11022186279297,19.2307472229004,9.25876617431641,20.7429542541504,1.39783024787903,2.44288921356201,3.06874895095825,1.65432214736938,81.2218246459961,73.3949813842773,72.4139709472656,78.3661651611328,0.401321560144424,0.171323388814926,0.00226707337424159,0.00505911000072956,1.29490916687264e-12,0.379980236291885,0.00317929917946458,0.0362296067178249,0.0394089072942734,12.9990171536858,0.00267082678938054
"RO311",-1.60344099998474,8.86500453948975,18.4794616699219,8.93104934692383,20.0829010009766,1.59052932262421,2.85265111923218,3.83305215835571,1.88465166091919,84.3912124633789,75.5253143310547,76.7917633056641,81.4534072875977,0.345584779977798,0.169336304068565,0.0174975991249084,0.00602731248363853,3.15833748043559e-10,0.136071905493736,0.311214715242386,0.0142674138769507,0.325482130050659,13.4516125367261,0.00197525272946505
"RO312",0.554684937000275,11.4812660217285,22.0114707946777,11.9504766464233,21.4567852020264,1.3499721288681,1.91027724742889,2.17128729820251,1.5527595281601,83.4432754516602,72.7316741943359,69.5817337036133,77.2774658203125,0.70790046453476,0.153481528162956,0.0157494600862265,0.0111477943137288,0,0.0615229867398739,0,0.0292947869747877,0.0292947869747877,13.6839660473247,0.00271500952101902
"RO313",-1.12340795993805,9.59481143951416,19.405158996582,9.57043552398682,20.5285663604736,1.55519461631775,2.65555214881897,3.53636717796326,1.81005573272705,84.3264694213867,75.1565017700195,75.7079086303711,80.9793930053711,0.481490224599838,0.171602576971054,0.00806778762489557,0.00741976173594594,2.19726814520982e-09,0.182433992624283,0.133618980646133,0.0153666883707047,0.148985654115677,13.2041713338015,0.00325817734011049
"RO314",0.219382584095001,11.764461517334,22.1718006134033,11.8027086257935,21.9524173736572,1.40171337127686,2.13999128341675,2.57340240478516,1.56321060657501,84.5149765014648,72.317512512207,69.0743560791016,77.1943206787109,0.69633537530899,0.145539835095406,0.00900398101657629,0.0199983529746532,2.05230332728235e-10,0.0830413773655891,0.00524547649547458,0.0394574478268623,0.0447029247879982,13.9593339155289,0.0039176792384705
"RO315",0.288960039615631,11.2169189453125,21.8189640045166,11.6257724761963,21.5300025939941,1.26944017410278,1.88771903514862,2.16118550300598,1.46752429008484,82.8744125366211,72.6077423095703,69.1812591552734,77.1769485473633,0.750028431415558,0.150128245353699,0.0128891579806805,0.00326505629345775,0,0.048084519803524,0,0.0286824759095907,0.0286824759095907,12.6124476520552,0.00284089105495178
"RO316",-1.66694903373718,8.86285305023193,18.7687492370605,9.00102615356445,20.435697555542,1.52046620845795,2.6847038269043,3.59571242332458,1.79008531570435,83.373664855957,75.2487945556641,75.5174179077148,80.6169662475586,0.345711410045624,0.185382172465324,0.0190124772489071,0.00745534431189299,5.4329890586402e-10,0.263071715831757,0.150968074798584,0.0283988192677498,0.179366901516914,13.3879601999831,0.00285053793912083
"RO317",0.379962861537933,12.1330718994141,22.5389194488525,12.0434665679932,22.15895652771,1.37757360935211,2.11503458023071,2.57148337364197,1.47703003883362,84.1475219726562,71.0756683349609,66.9916152954102,75.9581909179688,0.732916235923767,0.170887678861618,0.00688857678323984,0.00539241265505552,0,0.0429623760282993,5.15336250828113e-05,0.0393170230090618,0.0393685549497604,13.0782134556386,0.00227887199464379
"RO321",0.084987185895443,11.6471252441406,22.118350982666,11.7229251861572,22.0333633422852,1.38036000728607,2.08738899230957,2.48809957504272,1.57365167140961,84.6614532470703,72.7205505371094,69.6283721923828,77.6333236694336,0.650123596191406,0.129890725016594,0.0218084361404181,0.055167231708765,1.28600246770971e-11,0.113313049077988,0.000327204528730363,0.0290833301842213,0.0294105354696512,12.2158732126941,0.050589879313814
"RO322",-0.153662919998169,11.3316135406494,21.708625793457,11.2930793762207,21.8622875213623,1.394944190979,2.14183521270752,2.57382202148438,1.58243668079376,84.4603424072266,72.8619003295898,70.3155136108398,78.2112045288086,0.684752881526947,0.142021432518959,0.00798844173550606,0.0275078061968088,3.78937936584833e-10,0.0976121425628662,0.00964152161031961,0.0303708519786596,0.0400123707950115,13.388920187013,0.0086724163192625
"RO411",0.570074915885925,12.2404747009277,22.5527305603027,12.0068693161011,21.9826564788818,1.40974676609039,2.16395401954651,2.24758839607239,1.50531101226807,83.1664886474609,69.3116302490234,64.3297958374023,74.9065551757812,0.654354751110077,0.198426380753517,0.00931727048009634,0.00742216454818845,0,0.0637993216514587,0.0281162317842245,0.0370312891900539,0.0651475265622139,13.5271019716652,0.00183026135250875
"RO412",-1.4175580739975,8.81835556030273,18.1934909820557,8.875563621521,19.6110496520996,2.02102851867676,3.2159423828125,3.61094450950623,2.23646879196167,83.7601165771484,74.5203475952148,75.8323287963867,80.8560333251953,0.256861239671707,0.15640626847744,0.021934362128377,0.00391707755625248,3.54908188455738e-05,0.157327190041542,0.395807236433029,0.0075361174531281,0.403343379497528,12.9258159611973,0.00232195346607629
"RO413",-0.0779155194759369,10.663444519043,20.4651794433594,10.5723543167114,20.5430946350098,1.8604052066803,2.57342457771301,2.36561465263367,1.84369421005249,83.9819030761719,72.3121643066406,70.5548706054688,78.7936248779297,0.432322055101395,0.215025201439857,0.00288784597069025,0.00442608911544085,0.00269515695981681,0.0216641984879971,0.300487339496613,0.0166130382567644,0.317100375890732,12.7950588511123,0.00259891665488056
"RO414",0.25327405333519,11.9234771728516,22.180290222168,11.7143459320068,21.9270153045654,1.38523268699646,2.18976497650146,2.62838745117188,1.53497397899628,84.0680770874023,70.6078796386719,67.1170654296875,76.1950225830078,0.68802410364151,0.160754397511482,0.00520412856712937,0.00710673490539193,2.74650840265123e-11,0.0480971522629261,0.0618245266377926,0.0284362938255072,0.0902608186006546,13.2159410345303,0.00239833830268191
"RO415",-1.42710876464844,8.89519596099854,18.3479442596436,8.96074867248535,19.7750549316406,1.78354561328888,3.14288663864136,4.05332803726196,2.16335892677307,83.9298706054688,74.6919174194336,76.5139389038086,81.1950607299805,0.278312742710114,0.152939304709435,0.0208794623613358,0.0048808241263032,1.99539755378619e-12,0.291660577058792,0.236727520823479,0.0145995821803808,0.251327127218246,13.0721134201302,0.00227516982907752
"RO421",0.196372404694557,10.7041854858398,19.7316513061523,10.5311431884766,19.5352802276611,1.77126753330231,2.43029546737671,2.84406018257141,1.9318323135376,83.69140625,71.6509246826172,72.428955078125,78.2687149047852,0.455967217683792,0.168396711349487,0.00454042665660381,0.00476034730672836,3.62165131868528e-13,0.282664448022842,0.0284875389188528,0.0551833100616932,0.0836708471179008,13.0791105662584,0.00168196479429398
"RO422",-0.766757190227509,9.15487480163574,18.1943435668945,9.31714630126953,18.9611015319824,2.22064256668091,2.9888813495636,3.42633986473083,2.18189859390259,84.2161865234375,74.6059188842773,76.7658615112305,80.9207000732422,0.197304263710976,0.130370929837227,0.00817242823541164,0.00297320634126663,0.00254868040792644,0.413286566734314,0.18694594502449,0.0553834326565266,0.242329373955727,12.8478081036376,0.00150407522180917
"RO423",-1.67819404602051,7.97728061676025,16.7942810058594,8.21004676818848,18.4724769592285,2.16111063957214,3.31071519851685,4.23611688613892,2.35181164741516,83.2598419189453,75.8617935180664,79.3474273681641,81.9552688598633,0.147586062550545,0.142127737402916,0.0149433556944132,0.00545058026909828,1.06906018759734e-10,0.111154079437256,0.572268545627594,0.00646964740008116,0.578738212585449,13.1127528438135,0.00186265899370975
"RO424",0.836321413516998,11.2761669158936,20.3994197845459,11.1292152404785,19.5630970001221,1.68198561668396,2.26320552825928,2.59480142593384,1.77183413505554,82.5250244140625,69.9918594360352,70.2848510742188,76.7347030639648,0.609700083732605,0.197796642780304,0.00160845147911459,0.00630994979292154,0,0.142306044697762,0.000765561533626169,0.0415132790803909,0.0422788374125957,13.5187066746751,0.00155890711131143
"RSG125371",-0.263084799051285,10.3438339233398,20.1130981445312,10.3695373535156,20.376184463501,1.95043802261353,2.55127620697021,2.3409206867218,1.85487592220306,85.129753112793,73.2801971435547,71.151237487793,79.7411346435547,0.340798765420914,0.212234631180763,0.00374310533516109,0.00209029298275709,0.00241711386479437,0.111098743975163,0.124831102788448,0.198296323418617,0.323127418756485,12.0223382473958,0.0034525333848031
"RSG125372",0.387510925531387,10.762640953064,20.0631790161133,10.8158931732178,19.675666809082,1.92949032783508,2.47439742088318,2.54945468902588,1.82658362388611,83.1902923583984,71.6083908081055,71.8177261352539,77.9658737182617,0.395826280117035,0.17008039355278,0.0107310554012656,0.00160966848488897,5.86308351557818e-06,0.256474375724792,0.000255623774137348,0.159644111990929,0.159899726510048,12.2333047899246,0.003156948726389
"RSG125373",1.61945939064026,12.0942478179932,21.4452228546143,12.076397895813,19.8257637023926,1.64128792285919,2.14679360389709,2.33407020568848,1.6727180480957,80.8182601928711,67.8218231201172,67.1870498657227,74.8957748413086,0.657958567142487,0.208590403199196,0.000345675885910168,0.0733612775802612,0,0.00260178977623582,0,0.0571265444159508,0.0571265444159508,13.9485662593407,0.00437247554739254
"RSG125374",0.0694478452205658,9.7809648513794,19.3636779785156,10.2185935974121,19.2942314147949,1.7741984128952,2.33663654327393,2.00338912010193,1.70022547245026,80.4592437744141,69.9811630249023,66.6133270263672,76.0390930175781,0.279120773077011,0.159809395670891,0.00724437087774277,0.0109935663640499,0,0.247297987341881,0,0.295267522335052,0.295267522335052,12.5888141206057,0.00465607294078559
"RSG125375",1.33413279056549,11.9546928405762,21.4356002807617,11.7912893295288,20.101469039917,1.48294639587402,1.93403267860413,2.16408824920654,1.61248409748077,82.2254180908203,67.2998199462891,65.4274139404297,75.3344802856445,0.734695434570312,0.178672298789024,0.00314353057183325,0.0185187645256519,0,0.00975644960999489,0,0.0551071688532829,0.0551071688532829,13.1458143658398,0.0032071852543115
"RSG125376",1.4998767375946,12.0446214675903,21.3355178833008,11.9829111099243,19.8356399536133,1.63790035247803,2.13007593154907,2.33109784126282,1.68042933940887,81.2426300048828,68.2762680053711,68.1190338134766,74.7549438476562,0.724516808986664,0.213942140340805,0.00640643807128072,0.012544646859169,0,0.0083922641351819,0,0.0316601395606995,0.0316601395606995,12.9297434994656,0.00314497058280817
"RSG125377",0.930479407310486,10.9374265670776,20.024076461792,11.07848072052,19.0935955047607,1.92252802848816,2.60770511627197,2.84315824508667,1.92758524417877,80.8486404418945,69.285400390625,70.5960083007812,77.2921295166016,0.466831535100937,0.222304120659828,0.00280483160167933,0.00856567826122046,0,0.0815865397453308,0,0.217907249927521,0.217907249927521,12.3875049398599,0.00485344786482129
"RSG125381",1.12792754173279,11.2665166854858,20.5050792694092,11.3952007293701,19.3771514892578,1.85026454925537,2.48759841918945,2.7383759021759,1.91660809516907,81.3084335327148,68.8071365356445,69.2088851928711,76.856803894043,0.50000786781311,0.154181495308876,0.00195431336760521,0.0104024726897478,0,0.181173056364059,0,0.152280747890472,0.152280747890472,12.8451753823382,0.0039376965099662
"RSG125382",0.0745999962091446,9.48447132110596,18.5098781585693,9.97023963928223,18.4352779388428,2.03338551521301,2.84269857406616,3.04346489906311,2.05286169052124,81.1738662719727,71.7917175292969,73.78662109375,79.0526885986328,0.350271672010422,0.197473704814911,0.00647650752216578,0.00887388736009598,0.0017979146214202,0.145811960101128,0.0912231951951981,0.198071107268333,0.289294302463531,12.4661572100899,0.00403831255262989
"RSG125383",0.103088051080704,10.4555101394653,20.1132869720459,10.5787944793701,20.0101985931396,1.69783902168274,2.21559906005859,2.05658030509949,1.59601187705994,81.4906616210938,69.7010726928711,66.6728591918945,76.1787490844727,0.432815223932266,0.228470891714096,0.00344999507069588,0.0120745105668902,0,0.0657151192426682,0,0.257474333047867,0.257474333047867,12.5457279803576,0.00461503446113841
"RSG125384",0.028927568346262,9.44004726409912,19.0933055877686,10.0856046676636,19.0643787384033,1.73611354827881,2.39917898178101,1.95776796340942,1.72551870346069,79.0371551513672,69.3651504516602,65.5128936767578,74.8851699829102,0.229816421866417,0.131896197795868,0.0173110123723745,0.00429067015647888,0,0.32492184638977,0,0.291427880525589,0.291427880525589,12.3912452124547,0.00359027239369643
"RSG125386",-0.795901298522949,9.11622428894043,18.4769401550293,9.46317195892334,19.2728424072266,1.73345243930817,2.71540951728821,2.72787976264954,1.80609965324402,81.694938659668,71.8890914916992,71.2200469970703,78.1288986206055,0.245015904307365,0.218545138835907,0.0373101606965065,0.00150368467438966,0,0.157787948846817,0,0.33978533744812,0.33978533744812,11.5904439317343,0.00433830732145673
"RSG125387",1.44696617126465,11.8712940216064,21.11741065979,11.8533887863159,19.6704425811768,1.76273381710052,2.27400302886963,2.45639586448669,1.73336935043335,80.3998260498047,68.297004699707,68.5723495483398,75.0340042114258,0.673634886741638,0.231168478727341,0.0029715949203819,0.018666747957468,0,0.00666827568784356,0,0.0650955140590668,0.0650955140590668,12.0400649166549,0.00991156787574165
"RSG125388",0.512628376483917,10.9035806655884,20.2521686553955,10.9335441589355,19.7395401000977,1.87578392028809,2.3881950378418,2.41353964805603,1.74426293373108,81.9423828125,70.5525360107422,69.9661483764648,77.0563507080078,0.517228424549103,0.209460258483887,0.00308499671518803,0.00987880770117044,0,0.093744121491909,0,0.166603371500969,0.166603371500969,12.5266979942521,0.0046834226306145
"RSG125390",0.246471464633942,10.1817531585693,19.4564800262451,10.4335918426514,19.2100086212158,1.89020538330078,2.51751399040222,2.52613258361816,1.79033482074738,81.5301132202148,70.980598449707,70.579231262207,77.6937637329102,0.392502576112747,0.179980039596558,0.00504603749141097,0.0119938552379608,0,0.146784976124763,0,0.263692498207092,0.263692498207092,12.5558127237773,0.00463083632735993
"RSG125391",-0.437135338783264,8.82791709899902,17.9778709411621,9.4979829788208,18.4150047302246,2.1267557144165,2.88186049461365,2.94420099258423,2.10306477546692,81.3120956420898,72.3547668457031,73.3305816650391,78.9550247192383,0.231665939092636,0.204906776547432,0.0180619973689318,0.00856080371886492,0.00208607083186507,0.129528298974037,0.154178604483604,0.251011520624161,0.405190110206604,12.48493303044,0.00321830848763964
"RSG125392",1.02396416664124,11.6646499633789,21.1592712402344,11.3483839035034,20.1353073120117,1.38837015628815,1.82205271720886,2.01251935958862,1.58032727241516,82.5853500366211,66.9149780273438,64.4601211547852,75.643928527832,0.783371567726135,0.133792370557785,0.0015004575252533,0.00788781512528658,0,0.00446893228217959,0,0.0689788311719894,0.0689788311719894,11.9250657444671,0.00663422226395844
"RSG125393",1.03761148452759,11.7765893936157,21.2933921813965,11.5434370040894,20.2557792663574,1.385329246521,1.83313477039337,1.9581446647644,1.53035545349121,82.7370529174805,67.537483215332,64.8757781982422,75.120246887207,0.773388803005219,0.166862666606903,0.012083332054317,0.012617158703506,0,0.00165960134472698,0,0.0333883985877037,0.0333883985877037,12.3303709385063,0.00541876948493388
"RSG125394",1.29587578773499,12.0048093795776,21.4488677978516,11.8588438034058,20.1529903411865,1.46163713932037,1.93433880805969,2.09788584709167,1.57502472400665,82.3129043579102,67.8938140869141,66.1003265380859,74.8537063598633,0.773376226425171,0.193916484713554,0.00958888325840235,0.00720188720151782,0,0.00067152245901525,0,0.0150860724970698,0.0150860724970698,12.4012418505643,0.0038520417016566
"RSG125395",1.52562344074249,12.0413770675659,21.4825286865234,11.9752292633057,19.9569053649902,1.57696485519409,2.05335927009583,2.28485894203186,1.66999185085297,81.6754684448242,67.6035842895508,66.2721252441406,75.4011001586914,0.681621074676514,0.188932061195374,0.00166232988703996,0.0320331417024136,0,0.0165671873837709,0,0.079097144305706,0.079097144305706,13.3931597797258,0.00391393375110496
"RSG125396",1.10321772098541,11.3299360275269,20.5092639923096,11.3720235824585,19.4060459136963,1.84357285499573,2.45114183425903,2.64100551605225,1.80309391021729,80.7034912109375,69.19580078125,69.7423553466797,76.3438720703125,0.572234213352203,0.200459659099579,0.00420143315568566,0.0165064819157124,0,0.0511264726519585,0,0.155471667647362,0.155471667647362,12.5813981900792,0.00529321660175292
"RSG125397",0.314578920602798,10.1388006210327,19.5861034393311,10.4565582275391,19.2715263366699,1.78506481647491,2.42952656745911,2.35860180854797,1.71604406833649,81.0258255004883,70.1800537109375,68.292594909668,76.8930969238281,0.346552610397339,0.147825047373772,0.00188230630010366,0.0103425616398454,0,0.226362645626068,0,0.267034888267517,0.267034888267517,12.2517436645057,0.00562366164320786
"RSG125398",-0.380982428789139,10.1874313354492,19.831880569458,10.1903610229492,20.2128620147705,1.76129341125488,2.43600988388062,2.29851531982422,1.67983186244965,83.5358352661133,72.0340423583984,69.7330627441406,78.5477828979492,0.367520362138748,0.242862939834595,0.0144150611013174,0.00275474367663264,0,0.103916220366955,0,0.268010228872299,0.268010228872299,12.1603726432948,0.00331093124562544
"RSG125399",1.21286106109619,11.7354555130005,21.1757507324219,11.5011711120605,19.9628887176514,1.45323014259338,1.84240245819092,2.0717306137085,1.63781082630157,82.421257019043,67.3523864746094,65.5525283813477,76.1448364257812,0.749558866024017,0.160352945327759,0.00153907854110003,0.00762304430827498,0,0.0325481183826923,0,0.0483778864145279,0.0483778864145279,12.3312426358872,0.0050830154615101
"RSG125400",-0.788387179374695,8.0849552154541,17.1482849121094,8.97742652893066,17.936674118042,2.23934412002563,3.02229642868042,3.08715438842773,2.2651994228363,80.7040710449219,72.4911880493164,74.9163131713867,79.3908767700195,0.231857940554619,0.234815448522568,0.00454074610024691,0.00485509354621172,0.0105666546151042,0.0328957438468933,0.433132827281952,0.0473355650901794,0.480468392372131,12.9097048994628,0.00209583064303118
"SE110",-2.01061367988586,4.39953088760376,15.2740526199341,6.91415452957153,17.2846660614014,1.44384121894836,1.3112576007843,2.17297720909119,1.95825135707855,83.2365493774414,75.0636215209961,75.4214935302734,82.7085800170898,0.127958387136459,0.0132316090166569,0.00304131396114826,0.0490639992058277,0,0.325948685407639,0,0.191031619906425,0.191031619906425,14.1309006007789,0.00196037209745271
"SE121",-3.19484543800354,4.65523099899292,15.5104103088379,6.0723729133606,18.7052574157715,1.31535077095032,1.378777384758,2.37673783302307,1.91984713077545,83.7039947509766,71.6153717041016,71.8532104492188,82.8101577758789,0.2050911039114,0.0103057278320193,0.00343719311058521,0.00857929978519678,6.32368046815657e-11,0.382647633552551,0.0723231434822083,0.205467566847801,0.277790695428848,12.6498859909427,0.00146099938010211
"SE122",-2.27393960952759,4.97157955169678,15.7259731292725,6.67645692825317,17.9999122619629,1.41994917392731,1.44375777244568,2.29066920280457,1.97091019153595,83.8715744018555,72.8214111328125,73.1198883056641,83.1974411010742,0.199911028146744,0.00966315250843763,0.00283013819716871,0.00877047330141068,5.6632368065912e-13,0.338539630174637,0.0344075225293636,0.195558443665504,0.229965969920158,12.3861119123807,0.00175848099651108
"SE123",-1.97679781913757,4.90933561325073,15.5282363891602,6.79773616790771,17.5050354003906,1.48773372173309,1.48957312107086,2.33349919319153,1.94451797008514,85.3384094238281,73.9446182250977,73.6860961914062,83.9084320068359,0.181260228157043,0.0053891590796411,0.00236673722974956,0.00749963289126754,4.58188105512125e-11,0.405916541814804,0.078409805893898,0.17902198433876,0.25743180513382,12.8230376971481,0.00103650162183361
"SE124",-3.28778386116028,4.59948682785034,15.3244171142578,5.84354782104492,18.6122016906738,1.55730819702148,1.63371694087982,2.67047071456909,2.21796154975891,85.2903823852539,72.223030090332,72.9177856445312,84.0443115234375,0.121886722743511,0.00293968385085464,0.00120240042451769,0.00757489027455449,3.19273385507302e-10,0.015237052924931,0.728018403053284,0.00550534063950181,0.733523786067963,12.5453615589118,0.00130733464604746
"SE125",-3.55478119850159,4.86668491363525,15.5949401855469,5.68799304962158,19.1497211456299,1.36215007305145,1.52991461753845,2.531902551651,2.0086715221405,83.7868957519531,70.0770645141602,70.9444427490234,82.9508743286133,0.1916124522686,0.00457776105031371,0.00269103143364191,0.0144597925245762,7.7432571465863e-10,0.0246644578874111,0.676666498184204,0.010129070840776,0.6867955327034,12.2161196610657,0.00216646145197733
"SE211",-2.14052844047546,4.85338640213013,14.8773050308228,6.25809574127197,17.0178337097168,1.79649353027344,1.72747099399567,2.55511617660522,2.15548419952393,88.2223510742188,74.5193176269531,74.6931610107422,86.5125503540039,0.0898658558726311,0.00214441795833409,0.00212713005021214,0.00597442034631968,2.05713761997073e-11,0.531716167926788,0.167065516114235,0.111236952245235,0.278302490711212,12.6274574435844,0.00108003751388831
"SE212",-1.50021910667419,5.28092527389526,15.1175193786621,6.79442691802979,16.6177387237549,1.86178541183472,1.71819853782654,2.47812724113464,2.12819242477417,88.5245895385742,75.5684814453125,75.7785034179688,86.8935165405273,0.0604101791977882,0.00213815923780203,0.00111930689308792,0.00511113833636045,1.37834410551818e-10,0.39928874373436,0.348117500543594,0.0891132950782776,0.437230795621872,12.1930637866764,0.0013072952079078
"SE213",-0.857723593711853,5.18849325180054,15.6066675186157,7.51637363433838,16.464391708374,1.5674421787262,1.47521185874939,2.06438398361206,1.81441247463226,84.2798461914062,75.1215515136719,74.0863647460938,82.9875640869141,0.0838859751820564,0.00566952675580978,0.00287421979010105,0.0041425502859056,0,0.544815897941589,0,0.168302670121193,0.168302670121193,12.2102026210535,0.00103315166697897
"SE214",0.788356065750122,4.73519468307495,15.5145626068115,8.79241847991943,14.72620677948,1.72752594947815,1.26479721069336,1.69608092308044,1.96679973602295,81.1246795654297,78.9051666259766,77.7046966552734,80.5286407470703,0.14073084294796,0.00689548719674349,0.00318319466896355,0.00201520347036421,0,0.160755455493927,0,0.161395505070686,0.161395505070686,10.0398046245388,0.00320302714478358
"SE221",0.158988684415817,5.30549097061157,15.3826627731323,8.34557151794434,15.2236738204956,1.87065315246582,1.50160229206085,1.97688353061676,2.12942910194397,85.0442504882812,78.1327056884766,77.9475479125977,83.6533584594727,0.0650777742266655,0.00506722927093506,0.00145136320497841,0.00727649498730898,2.23461808952774e-12,0.43015119433403,0.025140194222331,0.183879360556602,0.209019556641579,11.4456716774979,0.00365753307794711
"SE224",0.00187168281991035,5.85973691940308,15.478253364563,8.12067699432373,15.4763813018799,1.94318866729736,1.6933479309082,2.35899996757507,2.23241424560547,87.276985168457,77.7730865478516,77.5210800170898,85.3978271484375,0.325811803340912,0.012095064856112,0.000881150481291115,0.0192270744591951,1.3368565976446e-10,0.0584819838404655,0.361476570367813,0.0528288967907429,0.414305448532104,13.7130456376875,0.00121252769116407
"SE231",-0.630218982696533,5.87928867340088,15.3936071395874,7.5073356628418,16.0238265991211,2.33012652397156,2.00108361244202,2.81198954582214,2.83035254478455,87.5735092163086,75.534782409668,75.8448028564453,85.7704238891602,0.139042943716049,0.00569083681330085,0.000961004116106778,0.00789334438741207,1.8329113227189e-10,0.000229767130804248,0.671263813972473,0.00114644481800497,0.672410249710083,12.1944973944276,0.00214538651634905
"SE232",-1.42644715309143,5.28863954544067,15.4499130249023,7.06323289871216,16.8763618469238,1.95750188827515,1.77350568771362,2.61786413192749,2.57754802703857,86.1930389404297,74.5065307617188,74.5256118774414,84.2131271362305,0.171176314353943,0.00489812577143312,0.0017988309264183,0.0080055482685566,0.00138350925408304,0.170032441616058,0.366295874118805,0.0686433166265488,0.434939175844193,13.9775962436255,0.000482098527433292
"SE311",-4.08688306808472,4.23658609390259,15.1360692977905,5.46749591827393,19.2229537963867,1.70919167995453,1.7849246263504,2.81566953659058,2.56146430969238,84.7331085205078,72.2602615356445,71.9124526977539,83.2389831542969,0.058512058109045,0.00338459829799831,0.00138687167782336,0.00677552027627826,0.00653337081894279,0.0137542113661766,0.74290931224823,0.00980072468519211,0.752710044384003,12.6201233954761,0.000579114911807796
"SEG226001",-8.02084159851074,1.29237985610962,12.2616271972656,1.82368433475494,20.2824687957764,1.39061844348907,1.7984299659729,3.11615252494812,2.33991360664368,83.0869064331055,71.9628219604492,71.8271713256836,82.6634521484375,0.00259929080493748,0.000342773419106379,0.00539405271410942,0.000138982475618832,0.01524175144732,0,0.957963466644287,0,0.957963466644287,8.96934860428144,0.00126412895277048
"SEG226002",-4.21244859695435,4.48609113693237,15.4290246963501,5.30121469497681,19.6414737701416,1.32311391830444,1.52205407619476,2.58204174041748,1.9903951883316,83.6157379150391,69.9150619506836,70.3659820556641,82.6387634277344,0.10840529948473,0.00272799306549132,0.00323540391400456,0.0038611360359937,1.79836634472963e-09,0,0.839586079120636,0,0.839586079120636,9.35237037554514,0.0139824918190645
"SEG226003",-4.97942447662354,3.93193697929382,14.8175296783447,4.62514209747314,19.7969532012939,1.37988722324371,1.66024351119995,2.71888589859009,2.1151385307312,83.6353225708008,69.7918090820312,70.8516464233398,82.960334777832,0.0502232387661934,0.00150918494910002,0.000663005863316357,0.00915301963686943,9.50516110265198e-10,0,0.882683396339417,0,0.882683396339417,10.0185184538482,0.0158751500147642
"SEG226004",-5.43137741088867,3.59827852249146,14.6843557357788,4.38696765899658,20.1157341003418,1.35694992542267,1.59097123146057,2.67988634109497,2.08684134483337,83.9503707885742,70.2784957885742,70.7607879638672,83.1782608032227,0.0321423262357712,0.00152389507275075,0.000871720374561846,0.00651863589882851,8.18854040129935e-10,0,0.883980333805084,0,0.883980333805084,10.9177902089405,0.00484932222849472
"SEG226005",-5.2695803642273,3.67867040634155,14.5762996673584,4.39152097702026,19.8458805084229,1.40944290161133,1.71156346797943,2.77867388725281,2.19253611564636,83.8184356689453,69.9610824584961,71.0159606933594,83.0918045043945,0.0240974966436625,0.00160534621682018,0.00108532304875553,0.00413586478680372,9.82593006959576e-10,0,0.904387056827545,0,0.904387056827545,9.3746026198782,0.0116045321997209
"SEG226006",-4.4486985206604,4.31667709350586,15.2479982376099,5.07448148727417,19.6966972351074,1.34511995315552,1.56425631046295,2.64377236366272,2.02878546714783,83.6021881103516,69.8582611083984,70.5160522460938,82.7534103393555,0.105389535427094,0.00224562198854983,0.00220693042501807,0.00538755254819989,1.63169178168943e-09,0,0.845791816711426,0,0.845791816711426,9.88237602994762,0.0106664296617788
"SEG226007",-5.61126661300659,3.48316097259521,14.5682249069214,4.41544246673584,20.1794910430908,1.33215606212616,1.6647869348526,2.6827278137207,2.17218112945557,83.3068542480469,69.9949569702148,70.8411560058594,82.5945739746094,0.0342413708567619,0.00275357649661601,0.00164297362789512,0.00458848522976041,1.42537404101972e-09,0,0.825133740901947,0,0.825133740901947,10.0419213374853,0.00691749227103224
"SEG226008",-5.0757851600647,3.77179169654846,14.5455760955811,4.34324789047241,19.6213607788086,1.4816370010376,1.75938379764557,2.85469698905945,2.23897409439087,84.2088470458984,70.0232543945312,71.1554412841797,83.4329223632812,0.0146323628723621,0.000360919686499983,0.000847623043227941,0.00351516529917717,2.01202762784014e-10,0,0.943313002586365,0,0.943313002586365,10.0274722382847,0.00606039051467192
"SEG226009",-6.87127065658569,2.64218354225159,13.5330801010132,2.96216750144958,20.4043502807617,1.57766103744507,1.90874195098877,3.06373524665833,2.50787544250488,83.977409362793,70.7766723632812,70.8413772583008,83.1264495849609,0.00399483134970069,0.000879403494764119,0.00545102171599865,0.000605962879490107,0.0194175466895103,0,0.940633654594421,0,0.940633654594421,9.42972805069806,0.00218024414787285
"SEG226010",-6.31556940078735,2.88914132118225,13.8867864608765,3.49488139152527,20.202356338501,1.43052172660828,1.80360019207001,2.9138720035553,2.36785531044006,83.1261444091797,70.055290222168,70.6159210205078,82.3939895629883,0.0100451139733195,0.000836418534163386,0.00282946019433439,0.0011656436836347,4.30338598089719e-10,0,0.937772154808044,0,0.937772154808044,9.74087015771286,0.00311945834410522
"SEG226011",-6.62884426116943,2.67039370536804,13.7276382446289,3.26229166984558,20.356481552124,1.42768061161041,1.79172515869141,2.88021540641785,2.39591813087463,82.9197006225586,69.998176574707,70.3921661376953,82.1564407348633,0.011242656968534,0.000382340047508478,0.00368332699872553,0.00177940609864891,2.8407801111463e-10,0,0.950397312641144,0,0.950397312641144,9.60600941272258,0.00532768193133679
"SEG226012",-6.08347940444946,3.27778387069702,14.381049156189,3.97371172904968,20.4645290374756,1.32706212997437,1.63654887676239,2.6307532787323,2.14924192428589,83.1352081298828,69.6226806640625,70.0774841308594,82.2581176757812,0.0227731689810753,0.00174041173886508,0.00268947868607938,0.00281762587837875,9.78416792030146e-10,0,0.917676210403442,0,0.917676210403442,9.9389484834509,0.00465251189649384
"SEG226013",-4.68785953521729,4.14620351791382,15.0381317138672,4.84451198577881,19.7259902954102,1.36693108081818,1.61527729034424,2.6923496723175,2.06976294517517,83.6132888793945,69.8060684204102,70.7534332275391,82.9332504272461,0.0916732177138329,0.00117840943858027,0.000773517356719822,0.007654860150069,1.01544084252225e-09,0,0.85120677947998,0,0.85120677947998,9.77552710885491,0.0153104732113395
"SEG226014",-4.53651237487793,4.19461631774902,15.0044136047363,4.89041614532471,19.5409259796143,1.41630172729492,1.65859520435333,2.72497487068176,2.11573100090027,83.7977294921875,69.9517364501953,71.0458526611328,83.0897674560547,0.0652369484305382,0.00104385882150382,0.000699161959346384,0.00783409085124731,5.80326453558655e-10,0,0.876171052455902,0,0.876171052455902,10.3721128519505,0.00984426992247892
"SEG226015",-5.46523809432983,3.51607584953308,14.3477210998535,4.09200191497803,19.8129596710205,1.51278734207153,1.8020144701004,2.8750638961792,2.33293223381042,84.1957473754883,70.1231994628906,70.9953536987305,83.288818359375,0.00844522658735514,0.000255764374742284,0.00171280687209219,0.000863123801536858,3.51163820244693e-10,0,0.950118184089661,0,0.950118184089661,8.67571521814819,0.00523956043419395
"SEG226016",-5.65330839157104,3.4215145111084,14.6497554779053,4.31975698471069,20.3030624389648,1.36369729042053,1.55975151062012,2.65292310714722,2.08982133865356,82.6864242553711,70.1935272216797,70.0833511352539,81.8048782348633,0.0549286901950836,0.00473386328667402,0.00513113290071487,0.00318754394538701,7.90144449869246e-10,0,0.87967586517334,0,0.87967586517334,10.1960532373578,0.0051287847503299
"SEG226017",-3.74612903594971,4.31448173522949,15.4357986450195,5.76145315170288,19.1819248199463,1.35165309906006,1.42881238460541,2.40945291519165,1.99825727939606,82.6166610717773,71.4905242919922,70.7219085693359,81.7914505004883,0.050541628152132,0.00244825822301209,0.00124940264504403,0.0103788431733847,2.83310402915404e-10,0.341995060443878,0.263877153396606,0.102094262838364,0.36597141623497,11.1021815264462,0.00625347927282922
"SEG226018",-4.5292911529541,4.1819577217102,15.1980628967285,5.03723621368408,19.7273540496826,1.35079872608185,1.53870439529419,2.62743830680847,2.02024388313293,83.6881103515625,70.2733688354492,70.5371322631836,82.7964630126953,0.0644492581486702,0.00159696443006396,0.00229830574244261,0.00277152378112078,8.9065288477741e-10,0,0.883109271526337,0,0.883109271526337,8.61647346292151,0.0192120971002502
"SEG226019",-5.52789926528931,2.95125198364258,14.3762407302856,4.61909294128418,19.9041404724121,1.43267095088959,1.5047219991684,2.41799569129944,2.15577745437622,81.9106903076172,72.4802474975586,71.7963027954102,80.9598922729492,0.0429780296981335,0.0047944700345397,0.00498201698064804,0.00247654970735312,1.72832681499813e-09,0.0126002673059702,0.756199836730957,0.00305232708342373,0.75925213098526,10.2814432166683,0.00373674276727701
"SEG226020",-6.84413433074951,2.7275185585022,13.9028081893921,3.27147531509399,20.7469444274902,1.30877411365509,1.6148533821106,2.71608710289001,2.12244558334351,82.4102249145508,69.6508560180664,69.7780609130859,81.5835952758789,0.0150310890749097,0.000912337040062994,0.00638473406434059,0.000378373952116817,7.27350346618749e-10,0,0.941969752311707,0,0.941969752311707,9.6834952807209,0.00172346776957995
"SEG226021",-5.71667385101318,2.71847772598267,14.2222948074341,4.45233488082886,19.9389667510986,1.50578212738037,1.51066625118256,2.42231822013855,2.19673180580139,81.9580917358398,72.9598159790039,71.8855895996094,80.9374771118164,0.0455617904663086,0.00735883601009846,0.00676828948780894,0.00687663163989782,2.38179476141909e-09,1.63034019351471e-05,0.784480631351471,6.88659520164947e-06,0.784487545490265,10.5344964540713,0.00726071145320156
"SEG226022",-4.74382162094116,3.93029117584229,15.0651245117188,4.88905715942383,19.8089466094971,1.380615234375,1.53675210475922,2.63874840736389,2.04580211639404,83.0043869018555,70.5857467651367,70.4293823242188,82.3645401000977,0.041733156889677,0.00209933542646468,0.0015758901135996,0.0053743994794786,7.46352701863628e-10,0,0.876039624214172,0,0.876039624214172,10.0177303881003,0.00884913385119854
"SEG226023",-6.16728687286377,3.15995335578918,14.3052186965942,3.858558177948,20.472505569458,1.31689035892487,1.59670197963715,2.65764784812927,2.09892916679382,83.057746887207,69.8263626098633,70.1223068237305,82.1815872192383,0.0240311659872532,0.00137439940590411,0.00387197220697999,0.0015897648409009,3.25187932137538e-10,0,0.914048433303833,0,0.914048433303833,9.51342352468712,0.00469598359206939
"SEG226024",-4.33633899688721,4.274094581604,15.3283958435059,5.21248435974121,19.6647357940674,1.34790110588074,1.50317168235779,2.57182765007019,1.99204564094543,83.3182830810547,70.4640197753906,70.4019165039062,82.5693969726562,0.0553010553121567,0.00147240329533815,0.00185375998262316,0.00448989914730191,6.82477518942903e-10,0,0.861673474311829,0,0.861673474311829,10.0013119695637,0.00769581735562003
"SEG226025",-4.28630876541138,3.46321749687195,14.8086004257202,5.44787836074829,19.0949096679688,1.4327164888382,1.48296058177948,2.40227866172791,2.16349744796753,81.3816452026367,72.8893966674805,72.0796813964844,80.593132019043,0.0487278886139393,0.00381978275254369,0.00237796036526561,0.00377646670676768,1.18781462443707e-09,0.16877281665802,0.557616889476776,0.0408840365707874,0.598500907421112,9.47284487600868,0.00805682041297458
"SEG226033",-7.12387704849243,0.350881367921829,10.9844598770142,1.74352443218231,18.1083374023438,2.62552666664124,2.24636244773865,3.53606867790222,3.13713574409485,83.1257171630859,75.8085403442383,76.9852752685547,84.2241516113281,0.00903748348355293,0.00166883296333253,0.0319293737411499,0.000401206460082904,0.012437135912478,0,0.850792229175568,0,0.850792229175568,9.4083716230341,0.00113993466629885
"SEG226034",-7.96376085281372,0.87782633304596,11.8098516464233,1.66050481796265,19.7736129760742,1.45588493347168,1.78452563285828,3.17506098747253,2.32507395744324,82.0905075073242,72.3114166259766,73.271354675293,82.2093048095703,0.0114126522094011,0.000670847832225263,0.0264955647289753,0.000425545295001939,9.88500045706608e-11,0.212238565087318,0.607482731342316,0.091804251074791,0.699287056922913,9.31397157096187,0.0015175825474781
"SEG226035",-7.63013172149658,2.17593312263489,13.4520626068115,2.88010287284851,21.0821933746338,1.30396819114685,1.54408264160156,2.73694205284119,2.04775261878967,82.9780731201172,70.4753723144531,70.8215179443359,82.1274490356445,0.00887125916779041,0.000980604789219797,0.00775586580857635,0.00051170343067497,1.19637008633156e-10,0.0567869730293751,0.846013724803925,0.0194069538265467,0.865420639514923,9.28719778361102,0.00245074004577925
"SEG226036",-8.09433650970459,0.976593852043152,11.9678106307983,1.61547756195068,20.0621471405029,1.36659479141235,1.77821934223175,3.14681816101074,2.28323197364807,82.4895095825195,72.0504837036133,72.3689117431641,82.3493423461914,0.00201323954388499,0.000735935056582093,0.0180333144962788,0.000219073423068039,0.00803358759731054,0.000154852532432415,0.950909435749054,7.49950122553855e-05,0.950984418392181,9.3294608808719,0.000785684875782667
"SEG226037",-7.62193918228149,0.899691700935364,11.9423789978027,1.99051690101624,19.5643177032471,2.030686378479,1.8629492521286,3.12325692176819,2.63500571250916,83.8562393188477,73.9281234741211,74.2868804931641,83.9931106567383,0.0126621350646019,0.000482513569295406,0.0192189067602158,0.000626037537585944,0.00866361521184444,0,0.875165641307831,0,0.875165641307831,9.75402796818006,0.00141076416190118
"SEG226038",-7.29330015182495,1.97572386264801,13.1543006896973,2.90370869636536,20.4476013183594,1.37839698791504,1.57311642169952,2.82290148735046,2.15303158760071,82.4728546142578,71.1357879638672,71.6927032470703,81.9905776977539,0.0419969670474529,0.00243420153856277,0.00722326058894396,0.00531139224767685,9.68103597287495e-10,0.0656238496303558,0.781637966632843,0.0224269591271877,0.804064929485321,10.8958577159781,0.00434490818579893
"SEG226039",-7.87147903442383,2.09557414054871,13.4671430587769,2.63924765586853,21.338623046875,1.36903429031372,1.53825378417969,2.77836465835571,2.09758186340332,83.4359741210938,70.4364852905273,70.2750091552734,82.3753890991211,0.0112422266975045,0.000561202527023852,0.0121827870607376,0.000291475735139102,1.69381023096271e-10,0,0.947226226329803,0,0.947226226329803,8.49737485696545,0.0032178645248891
"SEG226040",-8.52551555633545,0.6059330701828,12.1161546707153,1.66678750514984,20.6416702270508,2.10721516609192,1.83781099319458,3.10889959335327,2.63671684265137,84.2470169067383,73.7439041137695,73.3186264038086,83.9087219238281,0.00456214928999543,0.000488900986965746,0.0237735249102116,0.000275636179139838,0.00719564221799374,0,0.889995038509369,0,0.889995038509369,9.66244054591889,0.000824722141773484
"SEG226072",-10.1778602600098,0.909902811050415,13.7241792678833,1.1635570526123,23.9020404815674,1.28905189037323,1.2954980134964,2.53017783164978,1.97734105587006,81.7937088012695,69.7359924316406,68.0060348510742,81.3945770263672,0.00700348941609263,0.000609768147114664,0.0050686364993453,0.000517869717441499,1.74730979685123e-10,0,0.964232385158539,0,0.964232385158539,8.72020179459681,0.00483858851171486
"SEG226073",-11.3878898620605,-2.04196166992188,10.4074640274048,-0.883352875709534,21.795352935791,2.01106452941895,1.74167895317078,3.2181978225708,2.66816258430481,82.2687835693359,74.5873184204102,74.0511322021484,83.4094772338867,0.000298953498713672,5.54576436115894e-05,0.0259364079684019,4.02623663831037e-05,0.00504969339817762,0,0.875779271125793,0,0.875779271125793,8.45961362962285,0.000585872741705047
"SEG226074",-10.3831825256348,0.21373538672924,12.7304315567017,0.574665069580078,23.1136131286621,1.31283748149872,1.34587776660919,2.74046063423157,1.98236918449402,82.6973266601562,70.4773254394531,69.2968826293945,82.4952011108398,0.000335468474077061,0.000267026305664331,0.00566295860335231,0.000260483211604878,1.40990302766042e-10,0,0.948243796825409,0,0.948243796825409,9.02522934228023,0.00147733756505589
"SEG226075",-10.5956001281738,0.68512898683548,13.786717414856,1.03850936889648,24.3823184967041,1.31946814060211,1.29511415958405,2.386314868927,1.97118449211121,82.2757110595703,70.5424957275391,67.8161315917969,81.5727081298828,0.0128525104373693,0.00170827843248844,0.00574256619438529,0.00156641856301576,3.22362275761989e-10,0,0.948573648929596,0,0.948573648929596,10.2219130162097,0.00238107912045107
"SEG226076",-11.8952751159668,-1.72959458827972,11.1074314117432,-1.13157761096954,23.00270652771,1.65227699279785,1.55626773834229,2.86367321014404,2.2571234703064,81.2815933227539,72.1957168579102,71.3684616088867,82.1906967163086,0.000319851387757808,0.000257645617239177,0.0182828772813082,0.000392979272874072,0.00291076768189669,0,0.940996885299683,0,0.940996885299683,10.421226916538,0.000618458926510167
"SEG226077",-9.75090312957764,-0.306661128997803,13.1677198410034,2.47559332847595,22.9186229705811,1.52368104457855,1.29538989067078,2.15197229385376,2.16235327720642,84.1333618164062,76.2795333862305,73.567985534668,82.7033920288086,0.0275262799113989,0.00192683341447264,0.00527613749727607,0.00213173218071461,3.71166153367852e-10,0.121515423059464,0.409758001565933,0.0725067183375359,0.482264697551727,8.59103703829016,0.0091349983502759
"SEG226078",-11.749981880188,-2.00615310668945,10.6771583557129,-1.13946330547333,22.4271392822266,2.05716037750244,1.76895666122437,3.16846036911011,2.67109560966492,81.5403518676758,73.1376495361328,72.8170700073242,82.643310546875,0.000179636524990201,3.5070683225058e-05,0.0112659679725766,6.65203115204349e-05,0.00378153123892844,0,0.92484176158905,0,0.92484176158905,8.75784361485993,0.000451838891570456
"SEG226079",-9.92241477966309,-0.0763144269585609,13.3702735900879,2.2445752620697,23.292688369751,1.45789957046509,1.27753150463104,2.1743438243866,2.10280919075012,83.6010437011719,75.1378402709961,71.6556625366211,82.0349273681641,0.0106536662206054,0.00174005934968591,0.00443610921502113,0.0015541382599622,5.81105219499278e-10,0.00442735711112618,0.743510484695435,0.00264174793846905,0.746152222156525,9.19059524888598,0.00505395883941937
"SEG226080",-12.1233692169189,-2.61453175544739,10.2447881698608,-1.69031119346619,22.3681583404541,1.53095364570618,1.47454309463501,2.73386693000793,2.11905431747437,81.5747756958008,74.2789611816406,73.1923141479492,83.1118316650391,0.000845508824568242,0.0001370031532133,0.0280551202595234,0.000181958326720633,0.00800088327378035,0,0.925356566905975,0,0.925356566905975,9.71039167628487,0.000474516963540414
"SEG226081",-9.70210456848145,0.294327110052109,13.620156288147,2.33087658882141,23.3222599029541,1.39689660072327,1.25653910636902,2.19262480735779,2.09130549430847,82.7939453125,74.1374053955078,70.783203125,81.2167358398438,0.031027453020215,0.00411061570048332,0.00506197707727551,0.00744161009788513,3.20085152827332e-10,0.00733815366402268,0.717792570590973,0.00279113906435668,0.720583736896515,11.0303209646661,0.00511209286417152
"SEG226082",-11.210750579834,0.381696879863739,13.6955165863037,0.598466455936432,24.9062671661377,1.33530032634735,1.32168662548065,2.27479720115662,1.89932513237,83.0520172119141,70.8400344848633,67.4394836425781,82.5597839355469,0.00158250529784709,0.00052572536515072,0.00686427345499396,0.000149221188621596,5.96423632703846e-10,0,0.967704594135284,0,0.967704594135284,8.25749600677571,0.00281851640495364
"SEG226083",-11.4159669876099,0.211395487189293,13.582839012146,0.497482925653458,24.9988059997559,1.3405636548996,1.33584892749786,2.29515266418457,1.89068603515625,83.7556533813477,71.2852249145508,68.3849945068359,83.6726303100586,0.0105798412114382,0.000963518337812275,0.00889902748167515,0.00048241691547446,5.27116239545933e-10,0.000635070609860122,0.955224514007568,4.94047299071099e-06,0.955229461193085,8.89362298654053,0.00354276521266764
"SEG226084",-11.8296566009521,-0.335967838764191,12.9011068344116,-0.317933470010757,24.7307624816895,1.19455206394196,1.35286927223206,2.3770740032196,1.8373293876648,82.7102508544922,70.9362945556641,67.8200912475586,82.520393371582,0.000930381822399795,0.000351990223862231,0.00815009232610464,0.000119415388326161,5.21598209068941e-10,0,0.985646963119507,0,0.985646963119507,8.99683129002569,0.00110257878199334
"SEG226085",-9.26682949066162,0.872783958911896,13.6259822845459,1.97261369228363,22.8928127288818,1.33608174324036,1.28671360015869,2.44522547721863,2.05730533599854,82.2487945556641,71.810302734375,69.8930816650391,81.5213623046875,0.020465049892664,0.00230324547737837,0.00594512699171901,0.00235531968064606,8.87758366818758e-10,0.0218222700059414,0.846602082252502,0.00830031465739012,0.854902386665344,10.2877201130617,0.00320559621081263
"SEG226201",-9.05609321594238,1.13003408908844,13.0000457763672,1.47596144676208,22.0561389923096,1.43120801448822,1.50353312492371,2.82054424285889,2.09185075759888,84.2996978759766,71.0863800048828,70.329345703125,83.4899444580078,0.00232099508866668,0.000144035424455069,0.0151075571775436,0.000133226247271523,1.73959513460886e-10,0,0.958866477012634,0,0.958866477012634,8.117260092358,0.00178241797405998
"SEG226202",-8.33029556274414,1.70849001407623,13.8084850311279,2.37058734893799,22.1387805938721,1.56710314750671,1.45078706741333,2.63003182411194,2.21204209327698,84.202766418457,71.4044342041016,69.8238220214844,83.1552963256836,0.01310645788908,0.000420121330535039,0.00606277398765087,0.000457164278486744,1.58661903060242e-10,0,0.954815983772278,0,0.954815983772278,8.26949895316971,0.00601322624380113
"SEG226203",-9.35049247741699,0.424611151218414,12.153618812561,1.18555533885956,21.5041103363037,1.89936184883118,1.74849843978882,3.17935514450073,2.51791167259216,84.0747528076172,72.6962203979492,72.1381378173828,83.5914688110352,0.00218614283949137,0.000719143252354115,0.0189360845834017,0.00021865768940188,2.19631562936584e-10,0,0.936373114585876,0,0.936373114585876,7.93380291268361,0.00266638613805622
"SEG226204",-9.31742763519287,1.11370515823364,13.2208404541016,1.43532419204712,22.5382690429688,1.34864115715027,1.42444908618927,2.7953827381134,2.02526473999023,83.3947143554688,70.2509231567383,69.5360794067383,82.7411041259766,0.00188918132334948,0.000427068007411435,0.011388030834496,0.000428547355113551,3.36647126841783e-10,0,0.958244204521179,0,0.958244204521179,9.53867340869838,0.00161758475258365
"SEG226205",-10.0029363632202,0.637852072715759,12.9891967773438,0.963152348995209,22.9921340942383,1.34244608879089,1.36609613895416,2.79654335975647,2.00089001655579,83.2475357055664,70.2428665161133,69.2816162109375,82.7599334716797,0.000643658044282347,0.000676538329571486,0.00677676172927022,0.000236690902966075,6.2912917930813e-11,0,0.956086099147797,0,0.956086099147797,8.08083096282234,0.00460064750832891
"SEG226206",-7.48228168487549,1.83710718154907,13.9739437103271,3.14727330207825,21.4562244415283,1.6589812040329,1.44911515712738,2.53846287727356,2.31668829917908,83.8488464355469,72.8237686157227,70.8334503173828,82.5860137939453,0.0284993276000023,0.000769401842262596,0.0047767786309123,0.00163090461865067,3.15507037162988e-10,0.013920865021646,0.844054460525513,0.00117980048526078,0.845234274864197,9.07321066048187,0.00734555402832238
"SEG226207",-9.60945796966553,1.05794429779053,13.448070526123,1.39750897884369,23.0575275421143,1.29188370704651,1.3100825548172,2.60619688034058,1.9349799156189,83.5834655761719,70.4016189575195,69.167610168457,83.1544952392578,0.00200511328876019,0.00043188378913328,0.00499263685196638,0.000266632850980386,2.81387302347724e-10,0,0.946018099784851,0,0.946018099784851,8.08114772943099,0.00419545393942757
"SEG226208",-7.29282522201538,1.06114256381989,13.4624547958374,3.6820855140686,20.7552814483643,1.55510926246643,1.36220133304596,2.26297235488892,2.27389407157898,83.2724456787109,75.2726211547852,73.5249328613281,81.5740966796875,0.0460609085857868,0.000172698419191875,0.00181673117913306,0.00105643947608769,0,0.735129117965698,0,0.0709291473031044,0.0709291473031044,8.63211345268597,0.00660005020318292
"SEG226209",-8.6873025894165,1.03350436687469,13.5596008300781,2.37518119812012,22.2469043731689,1.37634301185608,1.31046962738037,2.44555926322937,2.08771276473999,83.0391540527344,72.3622360229492,70.7440185546875,82.1985549926758,0.0335817374289036,0.00141170097049326,0.00455872295424342,0.00248524779453874,5.03171282417725e-10,0.108457826077938,0.734775722026825,0.0101676359772682,0.744943380355835,11.2036362129969,0.00156676071713422
"SEG226210",-10.541410446167,-0.998674929141998,11.0815143585205,-0.12799409031868,21.6229267120361,1.98841106891632,1.72967922687531,3.23175883293152,2.58798551559448,82.8541412353516,73.4903793334961,73.2934494018555,83.3498229980469,0.000824614195153117,0.000149966159369797,0.0113631235435605,4.3958454625681e-05,0.00662873359397054,0,0.932410061359406,0,0.932410061359406,8.25808668110682,0.00103867117478896
"SEG226211",-10.0615453720093,-0.91563230752945,10.896369934082,0.120825558900833,20.957914352417,2.34797620773315,1.89497005939484,3.2631459236145,2.7845401763916,83.5740051269531,74.2371673583984,74.3439254760742,83.9946136474609,0.00202414742670953,0.000407549552619457,0.0250124223530293,6.99771990184672e-05,0.00995517149567604,0,0.890393316745758,0,0.890393316745758,8.64390422240005,0.00104837546032848
"SEG226212",-7.03300046920776,1.38990437984467,13.6079978942871,3.63958716392517,20.640998840332,1.61941075325012,1.38857543468475,2.34648942947388,2.32281923294067,83.5383148193359,74.9742431640625,73.1482391357422,82.0119400024414,0.0342942737042904,0.00212018610909581,0.0014031243044883,0.00742051191627979,1.04372920028961e-10,0.473064035177231,0.171923950314522,0.0658309459686279,0.237754881381989,11.1286288937098,0.0047112052231546
"SEG226213",-7.6728777885437,1.73487079143524,13.9154806137085,3.02255415916443,21.588357925415,1.6078999042511,1.42217302322388,2.47387790679932,2.25668048858643,83.7403717041016,72.7203063964844,70.827522277832,82.6377258300781,0.0396985337138176,0.00103552057407796,0.00316344830207527,0.00211786455474794,4.30942753704144e-10,0,0.863343179225922,0,0.863343179225922,8.57878756346112,0.0155729957821672
"SEG226214",-9.72228717803955,-0.320956617593765,11.3729343414307,0.600684523582458,21.0952224731445,1.99867677688599,1.77309036254883,3.23281335830688,2.5434422492981,83.8919219970703,73.3539733886719,73.4546279907227,83.8521270751953,0.00162345916032791,0.000338753423420712,0.0335806608200073,0.000117736133688595,0.00668697943910956,0,0.910346031188965,0,0.910346031188965,8.9611708167538,0.00102755175396505
"SEG226215",-9.02782154083252,1.42650103569031,13.6710109710693,1.88262498378754,22.6988334655762,1.39203011989594,1.3683750629425,2.56039452552795,2.01513409614563,84.0604095458984,70.8233947753906,69.4695205688477,83.3863754272461,0.0100345462560654,0.00039228203240782,0.004019929561764,0.000268402916844934,1.1500382590679e-10,0.0350454412400723,0.913787543773651,0.00279729859903455,0.916584849357605,8.88358072716765,0.0031100139402084
"SEG226216",-7.51981592178345,2.38385653495789,13.6380100250244,2.95661807060242,21.1578254699707,1.30269026756287,1.55441451072693,2.72114181518555,2.05099892616272,82.9260482788086,70.1324920654297,70.3628845214844,81.9762725830078,0.00871268007904291,0.000958608638029546,0.0081583559513092,0.000366280903108418,1.09445279228293e-10,0.0208321493119001,0.906616568565369,0.00711939018219709,0.913736045360565,8.89949035574134,0.00269315451708974
"SEG226217",-6.16994428634644,2.35164284706116,14.0231428146362,4.11389589309692,20.1930866241455,1.65809106826782,1.48112428188324,2.37666749954224,2.32058477401733,82.4347686767578,73.4196166992188,71.9511489868164,81.478759765625,0.0336903817951679,0.0031759669072926,0.00355816911906004,0.00574262766167521,6.99814428628542e-10,0.000348449422745034,0.811344683170319,0.000147185841342434,0.811491906642914,10.1274666921492,0.00899666365224267
"SEG226218",-6.34261465072632,2.175785779953,13.9162864685059,4.00668048858643,20.2589015960693,1.64424514770508,1.43818986415863,2.33755230903625,2.31080675125122,82.5525894165039,73.6095504760742,72.3277282714844,81.5042877197266,0.034934364259243,0.00209656939841807,0.00394327519461513,0.00232317671179771,8.1431333898152e-10,0,0.752189338207245,0,0.752189338207245,9.82629672328198,0.00552634316993838
"SEG226219",-7.68079996109009,1.78286588191986,13.6857423782349,2.87882590293884,21.3665428161621,1.58583378791809,1.44576036930084,2.5315375328064,2.25130462646484,83.7291488647461,72.3338317871094,71.0773696899414,82.6055526733398,0.0194462165236473,0.00124315184075385,0.0052725407294929,0.00135172170121223,4.4401357590651e-10,0.0191084761172533,0.842511594295502,0.00184357271064073,0.844355165958405,10.6354434210241,0.00158404011764491
"SEG226220",-8.22537803649902,2.09092378616333,13.7187414169312,2.54514408111572,21.9441204071045,1.41001570224762,1.46399283409119,2.65929961204529,2.07544755935669,83.5715560913086,70.4244155883789,69.9064102172852,82.6684722900391,0.0157000701874495,0.00117595039773732,0.00966248102486134,0.001044946257025,5.63860347302381e-10,0,0.942373335361481,0,0.942373335361481,10.1126640166217,0.00174934000286885
"SEG226221",-6.823570728302,2.57464385032654,14.0861988067627,3.65120244026184,20.9097690582275,1.48118424415588,1.50662159919739,2.49611449241638,2.13653540611267,82.7734146118164,71.5447692871094,70.6644973754883,81.8071212768555,0.0323961414396763,0.00450361659750342,0.0085914945229888,0.00535331293940544,1.46935441591722e-09,0.00185423099901527,0.872536957263947,0.000783231516834348,0.873320162296295,11.1290546915107,0.00319788491396843
"SEG226222",-6.80275249481201,2.42991018295288,14.0321378707886,3.66723012924194,20.834888458252,1.57943367958069,1.49421620368958,2.47971725463867,2.22106075286865,83.0117111206055,72.254280090332,71.1771850585938,82.0970001220703,0.0255607180297375,0.0022289133630693,0.00484459707513452,0.00371727254241705,4.86472251370884e-10,0.00775597523897886,0.83495968580246,0.00327614182606339,0.838235795497894,9.26488977549765,0.0113714958075219
"SI031",0.499115139245987,10.5390148162842,19.6053867340088,10.2804088592529,19.1062698364258,1.39267349243164,2.13972187042236,2.88099479675293,2.33521318435669,80.5787963867188,68.0798110961914,70.2292785644531,79.5607757568359,0.334497630596161,0.239475876092911,1.6569452782278e-05,0.0124019598588347,0.000156158755999058,0.00809423625469208,0.396712809801102,0.00864480528980494,0.405357629060745,11.6672161349984,0.00881321372365188
"SI032",0.324881315231323,10.0274486541748,19.0655555725098,9.96910381317139,18.7406749725342,1.6690069437027,2.5363028049469,3.320631980896,2.75319385528564,80.5539093017578,69.7668304443359,72.75390625,81.0211715698242,0.235922247171402,0.19980226457119,0.000376463402062654,0.0153046008199453,0.000146395788760856,0.0565912835299969,0.477833867073059,0.014022852294147,0.491856694221497,12.540612435822,0.00579044045890035
"SI033",-1.33121514320374,8.10363864898682,17.2103900909424,8.43539810180664,18.5416049957275,1.7803852558136,3.00249600410461,4.13843059539795,3.10632991790771,81.6305313110352,72.6718597412109,76.0220413208008,82.8863296508789,0.102940797805786,0.125426471233368,0.0082328449934721,0.0151704018935561,0.000239413246163167,0,0.747990071773529,0,0.747990071773529,11.479814871956,0.0111361416237295
"SI034",-0.0455301143229008,9.181960105896,18.2831935882568,9.46069622039795,18.3287258148193,1.96323919296265,2.96204829216003,3.83993983268738,3.27147674560547,81.1500396728516,72.1487503051758,75.1825714111328,82.5211791992188,0.111630260944366,0.214778110384941,0.0063709020614624,0.0157229024916887,0.000281386193819344,0,0.651216447353363,0,0.651216447353363,12.5923684195197,0.00548056146922144
"SI035",-0.358221590518951,8.7536735534668,17.8977489471436,9.17313194274902,18.2559700012207,2.07534122467041,3.09567904472351,3.98537349700928,3.46321964263916,81.5867462158203,73.0154800415039,75.940544128418,83.0086059570312,0.0726088583469391,0.180748477578163,0.0128845945000648,0.0166714303195477,0.000337261735694483,0,0.716749370098114,0,0.716749370098114,11.050431194779,0.0230352443828296
"SI036",0.735683560371399,9.97745227813721,19.1732349395752,10.2312707901001,18.4375534057617,2.13375568389893,2.88737344741821,3.51712441444397,3.19708728790283,81.5035629272461,72.1387557983398,74.3776016235352,82.2188873291016,0.150797158479691,0.200730159878731,0.000347179593518376,0.0210379287600517,0.00224983994849026,0,0.624837696552277,0,0.624837696552277,11.9407294014306,0.0124526474837077
"SI037",0.56337159872055,9.23333644866943,18.4443683624268,9.85050868988037,17.8809967041016,2.78460717201233,3.41603541374207,3.87323784828186,3.93794560432434,82.5056686401367,74.4939956665039,76.4870758056641,83.6268539428711,0.0778942704200745,0.142043352127075,0.00102692982181907,0.00441381288692355,0.000406219653086737,0,0.77289891242981,0,0.77289891242981,11.8388263967238,0.0043201162075961
"SI038",0.696992337703705,8.8089189529419,18.0712413787842,9.78226566314697,17.3742504119873,3.53755664825439,4.2617244720459,4.41470909118652,5.50110530853271,82.1248092651367,75.6702880859375,77.095832824707,83.7591171264648,0.0510600991547108,0.10601395368576,0.00292511004954576,0.00313529558479786,0.000450354476924986,0,0.827163517475128,0,0.827163517475128,11.0247692575981,0.0075339932122295
"SI041",-0.23275625705719,8.41358852386475,17.6441402435303,9.15310955047607,17.8768978118896,2.75042676925659,3.61706328392029,4.21110153198242,4.32910442352295,82.5001907348633,74.8418426513672,77.0225830078125,83.8497848510742,0.0511007606983185,0.128274694085121,0.00974959600716829,0.00997718423604965,0.000427334249252453,0,0.800470411777496,0,0.800470411777496,12.2764037565916,0.00531068236652581
"SI042",-1.2392293214798,7.49101734161377,16.8237781524658,8.4094934463501,18.0630073547363,2.79883527755737,3.9180474281311,4.67485809326172,4.72822141647339,82.9752197265625,75.8772430419922,78.1403350830078,84.2125473022461,0.0495606996119022,0.100985623896122,0.00557360239326954,0.0131313307210803,0.00908210501074791,0,0.821523725986481,0,0.821523725986481,12.4055873463834,0.0057810197764992
"SI043",0.199979200959206,8.38666439056396,17.7950115203857,9.61026477813721,17.5950317382812,3.36234664916992,4.40577173233032,4.76558685302734,5.63999080657959,80.5862350463867,75.8246002197266,77.0759963989258,82.1433868408203,0.0544096268713474,0.0701227486133575,0.00262862374074757,0.013770679011941,0.0194882359355688,0,0.781897246837616,0,0.781897246837616,12.2793981073615,0.00526163299376653
"SI044",3.3912296295166,10.6374311447144,20.0740203857422,12.2716455459595,16.6827907562256,3.45565342903137,3.93749165534973,3.80531001091003,5.62737607955933,77.4529647827148,74.2931823730469,74.2720947265625,78.7426986694336,0.122371703386307,0.156038388609886,0.00694420142099261,0.0285918153822422,0.000232957914704457,0,0.513650417327881,0,0.513650417327881,12.1092287120017,0.0114791646219538
"SK010",0.252617925405502,10.0955410003662,19.6136150360107,10.0324115753174,19.3609981536865,1.3979424238205,1.87485897541046,2.27759957313538,1.74958312511444,82.2788925170898,69.0393753051758,66.0331420898438,77.5109710693359,0.475979924201965,0.190631479024887,7.32379994587973e-05,0.0368984267115593,0,0.17995648086071,0,0.116102539002895,0.116102539002895,13.1283211570373,0.00649613669221148
"SK021",0.18064022064209,10.0549020767212,19.4986553192139,9.98000526428223,19.3180141448975,1.46450626850128,1.8563619852066,2.31506538391113,1.7763843536377,82.1996383666992,68.7752838134766,66.2776184082031,77.2434158325195,0.571227252483368,0.211904838681221,3.83165752282366e-05,0.0256887301802635,0,0.0565494410693645,0.0463809631764889,0.0881636440753937,0.134544610977173,13.3277326988327,0.00318682578328574
"SK022",-1.31736361980438,8.19211292266846,17.2031898498535,8.19881629943848,18.5205554962158,1.85490727424622,2.27729177474976,3.00000810623169,2.12504100799561,84.456298828125,72.9247817993164,73.958251953125,82.0527572631836,0.294956117868423,0.138824120163918,0.000851793098263443,0.0172484423965216,0,0.00218103500083089,0.542634546756744,0.00330401817336679,0.545938551425934,13.2012383265902,0.00294882748733918
"SK023",-0.125757426023483,9.95752334594727,19.2573051452637,9.77262496948242,19.3830623626709,1.5329008102417,1.98600614070892,2.27521014213562,1.84924900531769,82.8129653930664,69.5109786987305,67.9514083862305,78.0285491943359,0.545074284076691,0.201115161180496,0.000102094621979631,0.0212209653109312,0,0.000300382933346555,0.163512900471687,0.068674236536026,0.232187137007713,13.644448178081,0.00217130829561338
"SK031",-3.3487765789032,5.98655605316162,15.0509328842163,6.32989883422852,18.3997097015381,2.21331286430359,2.80220508575439,3.7968807220459,2.47578072547913,86.4105682373047,76.5174255371094,78.8076019287109,85.4165649414062,0.156664788722992,0.11776952445507,0.000612428353633732,0.0179314985871315,1.40783903632147e-11,0.00269384076818824,0.694489479064941,0.00766175333410501,0.702151238918304,13.567572459177,0.00198815054948354
"SK032",-2.19768333435059,7.7329044342041,16.7905254364014,7.5995774269104,18.988208770752,1.65786147117615,2.48898887634277,2.90682458877563,2.07381153106689,84.5638427734375,73.7785491943359,75.2672348022461,82.850715637207,0.240958452224731,0.123559936881065,0.000911029521375895,0.010462780483067,6.28218171927486e-11,0,0.624107837677002,0,0.624107837677002,13.3772850141013,0.0014202144223861
"SK041",-2.67780542373657,7.307053565979,16.3332557678223,7.24308061599731,19.0110607147217,1.66060185432434,2.5084388256073,3.4851930141449,2.03218913078308,84.5787658691406,74.8458023071289,77.2555694580078,83.4206848144531,0.254781037569046,0.143021777272224,0.00064638740150258,0.0116503359749913,0.000136400223709643,0.129028901457787,0.383887350559235,0.0760752335190773,0.459962576627731,13.517528286796,0.00150928972967299
"SK042",-2.07660746574402,8.39976978302002,17.5673713684082,8.11491107940674,19.6439800262451,1.53481316566467,2.39033651351929,2.97698354721069,1.87096261978149,83.8170852661133,72.6145935058594,73.7246170043945,81.1974029541016,0.314711838960648,0.138307392597198,0.000129267122247256,0.0182901676744223,0.000352549133822322,0.0254623424261808,0.46886619925499,0.0323513858020306,0.501217603683472,13.5163829006574,0.00201929042656281
"SM",3.87844777107239,10.6238288879395,20.4065418243408,12.620304107666,16.5280933380127,2.48635840415955,2.85479760169983,2.19644284248352,3.08764600753784,81.8492584228516,73.8605422973633,69.6188735961914,80.7246246337891,0.345631331205368,0.117614291608334,0.000159742281539366,0.00651846593245864,0,6.53644499637451e-12,0,0.52672290802002,0.52672290802002,8.13621447703771,0.135833170454536
"UKC1",3.69072651863098,6.97828722000122,13.9235582351685,9.18166637420654,10.2328319549561,2.44880747795105,2.26868104934692,2.21874499320984,2.39009618759155,84.5707168579102,79.2979278564453,79.0231170654297,83.4541549682617,0.255478113889694,0.401777893304825,0.0171127747744322,0.0881071537733078,2.74837583247312e-11,0,0.0788307711482048,0.0636717453598976,0.142502516508102,13.9804430474814,0.00463260462660207
"UKC2",3.721186876297,6.84317302703857,13.6099691390991,9.07558631896973,9.88878154754639,2.46247792243958,2.23795104026794,2.26806378364563,2.4596061706543,84.4062271118164,79.4643402099609,79.8984527587891,83.5319061279297,0.211091205477715,0.430050075054169,0.0469676963984966,0.0245376955717802,6.56068255278086e-12,1.78976156811617e-11,0.173017457127571,0.0148415993899107,0.187859043478966,13.4920645973159,0.00241118437234091
"UKD1",3.58412146568298,6.98877954483032,13.7146034240723,9.07620429992676,10.1304817199707,3.81215214729309,2.88738203048706,2.91020798683167,3.87503123283386,86.5121307373047,80.3231887817383,81.549919128418,85.3144989013672,0.0993667393922806,0.546949446201324,0.0523610226809978,0.00754124112427235,1.25128629679949e-10,0,0.174941837787628,0.00175319204572588,0.176695019006729,12.9449483886939,0.00191716855909233
"UKD3",3.74394583702087,7.51240062713623,14.394326210022,9.42498683929443,10.6503801345825,3.12282705307007,2.7139687538147,2.66389107704163,3.11604928970337,86.5602493286133,79.2045516967773,79.5121688842773,84.8137741088867,0.196341812610626,0.516259908676147,0.000222394795855507,0.175074264407158,0,0,0.106373369693756,0,0.106373369693756,13.8971506813973,0.0109087622009454
"UKD4",4.08466243743896,7.568115234375,14.3308362960815,9.70927715301514,10.2461748123169,3.62773275375366,2.84948325157166,2.85821270942688,3.76327753067017,85.6456527709961,79.4623107910156,80.4488754272461,84.1530685424805,0.193542718887329,0.524196326732635,0.00909812469035387,0.104548662900925,0,1.80767046624633e-18,0.115285493433475,0.00209724856540561,0.117382742464542,14.3190226277735,0.00466611539807757
"UKD6",4.21777534484863,8.05300235748291,14.9524946212769,9.93290424346924,10.7347192764282,2.51648592948914,2.43583536148071,2.41771721839905,2.62756013870239,85.3671340942383,78.1184997558594,77.9921722412109,83.4978637695312,0.255262941122055,0.442150592803955,4.14299611293245e-05,0.186043158173561,0,0,0.0948954224586487,0,0.0948954224586487,14.5305584084869,0.00641876025229777
"UKD7",4.68401527404785,8.22190380096436,15.0038805007935,10.3473529815674,10.3198642730713,2.67098665237427,2.43525004386902,2.44855833053589,2.91325998306274,84.2171020507812,78.2845687866211,78.4903793334961,82.4979629516602,0.234527513384819,0.377378344535828,0.000351566355675459,0.137309461832047,0,6.67427014055508e-18,0.0910424962639809,0.00774344801902771,0.0987859293818474,13.078323972984,0.0192576032970995
"UKE1",4.48225164413452,7.9169282913208,15.1216497421265,10.3651809692383,10.6393966674805,1.94879519939423,1.96509349346161,1.91478002071381,2.08716750144958,83.6316604614258,78.2463836669922,76.8020858764648,81.3710327148438,0.488826304674149,0.257655441761017,0.00238594389520586,0.0351152941584587,0,2.90832271460095e-11,0.0498754531145096,0.0279866326600313,0.0778620839118958,13.4452815824574,0.0038446299240379
"UKE2",3.65946531295776,7.14125347137451,14.1891889572144,9.31711006164551,10.5297231674194,2.51781058311462,2.30171918869019,2.21488642692566,2.47305011749268,85.4441375732422,79.4271469116211,78.8521041870117,83.8080368041992,0.334918081760406,0.408192008733749,0.027595616877079,0.0276993699371815,9.52012719959011e-14,7.91576613284883e-12,0.0880651623010635,0.0883003175258636,0.176365494728088,14.0481437399662,0.00169139417337581
"UKE3",3.85289525985718,7.7359471321106,14.9896287918091,9.7202730178833,11.1367340087891,2.17370176315308,2.2203860282898,2.12089157104492,2.21045017242432,85.4771118164062,77.9347534179688,76.2504653930664,82.9149169921875,0.401274293661118,0.355134636163712,0.0065176896750927,0.121748685836792,0,0,0.0581400692462921,0.0556052625179291,0.113745331764221,13.677732231297,0.00882290652922607
"UKE4",3.55195260047913,7.31873083114624,14.4195184707642,9.29347515106201,10.8675651550293,2.61239337921143,2.42803859710693,2.30509662628174,2.54010820388794,86.2698440551758,79.0385437011719,78.2681732177734,84.2030258178711,0.293843150138855,0.415013462305069,4.79343809089983e-09,0.179160594940186,0,0,0.096843309700489,0.0143219586461782,0.111165262758732,14.3099622577073,0.00721024983733678
"UKF1",3.85000014305115,7.81763458251953,15.123194694519,9.78847503662109,11.2731952667236,2.09997010231018,2.21453070640564,2.12665557861328,2.17671704292297,85.9462585449219,77.9952239990234,76.0159149169922,83.1412124633789,0.390663921833038,0.374379724264145,0.00989573914557695,0.0983628407120705,0,0,0.0673750787973404,0.0582557879388332,0.125630870461464,14.6088180691265,0.00305723190341258
"UKF2",4.10093545913696,8.19300937652588,15.6720085144043,10.1861963272095,11.5710735321045,1.78420782089233,2.00250267982483,1.91403257846832,1.94356560707092,85.8318557739258,77.4425888061523,74.6466979980469,82.6271438598633,0.539547383785248,0.284710794687271,3.5404688070173e-09,0.0829636827111244,0,0,0.00195661536417902,0.0884564369916916,0.090413048863411,14.4370309549056,0.00292855236377475
"UKF3",4.41363286972046,8.22324848175049,15.6508283615112,10.5275678634644,11.2371940612793,1.79381608963013,1.94236242771149,1.88635802268982,1.98493885993958,84.397705078125,77.6957931518555,75.3407669067383,81.5250930786133,0.549423694610596,0.255766063928604,0.00336370291188359,0.0160380229353905,0,2.56380250363009e-10,0.000156228037667461,0.0780474692583084,0.0782036930322647,13.3392957794047,0.00227144432927847
"UKG1",4.17355585098267,8.16913795471191,15.4363231658936,10.0748872756958,11.262767791748,2.04517936706543,2.10169339179993,1.94146537780762,2.15320897102356,86.1021499633789,77.7831726074219,75.7497787475586,83.419548034668,0.449353396892548,0.336798965930939,0.000150983440107666,0.0691001042723656,3.33717862371907e-12,6.0668579535128e-12,0.00947974342852831,0.128493323922157,0.137973055243492,14.5824602086598,0.0024670796475812
"UKG2",3.97864532470703,7.8966236114502,15.0049276351929,9.78283596038818,11.0262823104858,2.21024656295776,2.22671818733215,2.09283566474915,2.27476644515991,86.2368392944336,78.2583389282227,76.9043807983398,83.8125534057617,0.341565936803818,0.445171505212784,0.00362116377800703,0.0708686858415604,2.6464902318224e-12,0,0.116289481520653,0.0219485256820917,0.13823801279068,14.6356615760659,0.0023594278895261
"UKG3",4.14946365356445,8.18379974365234,15.4711484909058,10.0764894485474,11.3216848373413,1.9746241569519,2.11578464508057,2.01663708686829,2.09963893890381,85.8918762207031,77.4411010742188,75.3731307983398,83.0995559692383,0.444090932607651,0.324156612157822,4.5674264370632e-09,0.122876591980457,0,0,0.0478250607848167,0.0606475733220577,0.108472637832165,13.1809996708642,0.015669548976418
"UKH1",4.61485004425049,8.25745296478271,15.7777013778687,10.9202394485474,11.1628513336182,1.80144929885864,1.87267363071442,1.80233144760132,1.9820591211319,84.5694885253906,78.577392578125,76.6230392456055,81.9480133056641,0.525434076786041,0.247468709945679,0.00215657986700535,0.022565433755517,0,4.89620323451678e-11,0,0.0991559624671936,0.0991559624671936,14.3645821651812,0.00114213185011731
"UKH2",4.34628200531006,8.47774696350098,16.0514354705811,10.5214157104492,11.7051544189453,1.71765875816345,1.91619074344635,1.81352400779724,1.86282336711884,85.8346405029297,77.3758926391602,74.6523056030273,82.8816070556641,0.478401273488998,0.225690975785255,2.64920108072886e-09,0.224742785096169,0,0,0,0.0686615854501724,0.0686615854501724,15.0066364681952,0.00527171123966172
"UKH3",4.74365377426147,8.55721473693848,16.1279449462891,11.0519466400146,11.3842926025391,1.75632870197296,1.81885468959808,1.70406663417816,1.9028103351593,85.0724945068359,78.4149780273438,76.1684036254883,82.4287033081055,0.483535766601562,0.223615422844887,0.00376508641056716,0.109594151377678,0,5.15626263908331e-10,0,0.064318411052227,0.064318411052227,14.4157342146395,0.00405993297596523
"UKI3",4.51140785217285,8.58023071289062,16.1018905639648,10.6510810852051,11.590482711792,1.81333184242249,1.90516424179077,1.79737269878387,1.94975233078003,85.9995269775391,77.6408843994141,75.3923721313477,83.4911193847656,0.334056824445724,0.22029110789299,2.22813389960663e-09,0.358515530824661,0,0,0,0.0858813747763634,0.0858813747763634,12.2339277065732,0.110699641187925
"UKI4",4.50300359725952,8.57830047607422,16.1160869598389,10.6604557037354,11.6130838394165,1.78810942173004,1.89818406105042,1.79049384593964,1.92451345920563,85.965690612793,77.6532821655273,75.340690612793,83.4062728881836,0.364440590143204,0.222027853131294,2.39223663101029e-09,0.33051261305809,0,0,0,0.0808079391717911,0.0808079391717911,12.6948939080868,0.0662708611033767
"UKI5",4.50502252578735,8.58675765991211,16.1661930084229,10.7196645736694,11.6611709594727,1.72841382026672,1.8763884305954,1.77330839633942,1.86898732185364,85.895393371582,77.7937622070312,75.3803253173828,83.2632217407227,0.454884767532349,0.2452462464571,3.0598272804383e-09,0.21619713306427,0,0,0,0.0753710120916367,0.0753710120916367,12.9794489586931,0.0313920785935122
"UKI6",4.64229011535645,8.65674304962158,16.1461429595947,10.780179977417,11.5038537979126,1.87920808792114,1.89401054382324,1.79196751117706,2.02164959907532,86.0405349731445,77.9341812133789,76.0163421630859,83.839714050293,0.321397423744202,0.280282855033875,2.9598830053601e-09,0.269155025482178,0,0,0,0.122031658887863,0.122031658887863,13.0631916956528,0.0373405143505317
"UKI7",4.46215867996216,8.55066585540771,16.0888710021973,10.6122827529907,11.6267137527466,1.78420782089233,1.90842711925507,1.80173885822296,1.92146694660187,85.9971313476562,77.5829772949219,75.2190399169922,83.3794403076172,0.35025155544281,0.205116719007492,2.04464467579157e-09,0.369325280189514,0,1.12571390197772e-13,0,0.0738187953829765,0.0738187953829765,13.6831250086105,0.0299988446435624
"UKJ1",4.34610033035278,8.38529205322266,15.8313684463501,10.364972114563,11.4852695465088,1.85562098026276,1.97262394428253,1.84637415409088,2.01089715957642,86.1618423461914,77.7173233032227,75.3300018310547,83.5556106567383,0.533742547035217,0.288779050111771,3.9669356688421e-09,0.0710501670837402,0,6.90395796087984e-11,0,0.106116645038128,0.106116645038128,14.398547837369,0.00250337417433562
"UKJ2",5.48058795928955,8.72190189361572,15.8367929458618,11.5583868026733,10.3562049865723,2.26730513572693,1.86823546886444,1.70280349254608,2.50031590461731,84.1408920288086,79.083740234375,78.5363922119141,82.1912384033203,0.295232832431793,0.22681038081646,0.00125779490917921,0.146749034523964,0,3.44011708008907e-10,0,0.113657079637051,0.113657079637051,15.1161167798655,0.00276591224803446
"UKJ3",5.32740259170532,8.74038410186768,15.921929359436,11.2381172180176,10.5945262908936,2.22685384750366,1.94932341575623,1.77895927429199,2.38366341590881,84.8229064941406,78.5184555053711,77.1856918334961,82.8131790161133,0.376116424798965,0.230433195829391,0.00385010289028287,0.0721263512969017,0,1.21389648333192e-10,0,0.128796517848969,0.128796517848969,14.1225219839712,0.00343876162663569
"UKJ4",5.0621542930603,8.70111274719238,16.1323623657227,11.3686923980713,11.0702095031738,1.96213126182556,1.84712028503418,1.75488078594208,2.19849753379822,85.0053253173828,79.0933227539062,77.6934356689453,82.8747940063477,0.366864591836929,0.247682228684425,0.000880466133821756,0.0850218683481216,0,1.20587741181399e-11,0,0.0985846817493439,0.0985846817493439,14.147481428622,0.00385802070416652
"UKK1",4.63690662384033,8.45659351348877,15.693639755249,10.4588003158569,11.056734085083,2.11675786972046,2.0913348197937,1.91716277599335,2.2347617149353,85.9674987792969,78.2812271118164,76.5807800292969,83.909797668457,0.494303584098816,0.32708814740181,0.000471895415103063,0.0432559102773666,1.49615805855596e-10,1.54774235094912e-10,0.00809062551707029,0.112696342170238,0.120786964893341,14.3107155880286,0.00192062432043651
"UKK2",5.66981506347656,8.77945899963379,15.7065200805664,11.3226938247681,10.0367050170898,2.50201606750488,2.11952972412109,1.93294274806976,2.64490699768066,84.5867004394531,79.4124374389648,78.7947463989258,83.0675735473633,0.305327355861664,0.299686521291733,0.0031933942809701,0.0353831462562084,5.94465865422222e-10,0,0.0833507105708122,0.0213497765362263,0.104700483381748,13.943829781429,0.00227523262473419
"UKK3",7.24726676940918,9.19746589660645,15.3457202911377,12.0859117507935,8.09845352172852,3.23142719268799,2.34372043609619,2.0216600894928,3.10156559944153,82.3492889404297,80.5584869384766,82.0998306274414,82.5709533691406,0.1745575517416,0.314908921718597,0.0117148095741868,0.0168633386492729,1.74854880574671e-10,2.80829887122636e-10,0.056840606033802,0.0244053285568953,0.0812459364533424,12.4055250779043,0.00347668729894535
"UKK4",5.97899675369263,8.61243343353271,15.1913576126099,11.2762641906738,9.2123613357544,2.89654207229614,2.32077717781067,2.0485725402832,2.92303967475891,84.8321914672852,80.9939651489258,81.4037399291992,84.0833969116211,0.204456299543381,0.449702322483063,0.008841915987432,0.01470847427845,1.31543484872126e-12,3.98758933858878e-12,0.116367258131504,0.00768883060663939,0.124056093394756,13.2638173657229,0.00199575354060621
"UKL1",5.08420085906982,8.01748847961426,14.4818487167358,10.4790964126587,9.39764881134033,3.68158578872681,2.79716682434082,2.58799600601196,3.82551121711731,84.8534927368164,80.5378952026367,81.4479751586914,83.8122024536133,0.105253309011459,0.438527166843414,0.0249302554875612,0.020509198307991,1.85324228185735e-10,1.71531105291889e-11,0.149247571825981,0.00906847137957811,0.158316045999527,14.1098312335475,0.00107397304729647
"UKL2",3.93026685714722,7.57100629806519,14.4757928848267,9.58054065704346,10.5455265045166,3.06725549697876,2.61150598526001,2.34734463691711,3.03791356086731,87.5300369262695,80.3092575073242,79.7457809448242,85.6934204101562,0.173758745193481,0.526406407356262,0.0289552062749863,0.0288209542632103,2.26701799693751e-11,2.71859271205876e-12,0.168630361557007,0.0198238920420408,0.188454270362854,13.9175325945973,0.00182018133382558
"UKM50",3.59154796600342,6.3791708946228,12.7933807373047,8.70749187469482,9.20183277130127,2.57301473617554,2.32883858680725,2.36842346191406,2.8385534286499,82.0102005004883,78.8078689575195,80.371223449707,82.0601959228516,0.229302644729614,0.308298975229263,0.071942113339901,0.0118770785629749,7.27519225418582e-11,7.95911461737298e-11,0.17972594499588,0.0642219111323357,0.243947848677635,12.7717636029111,0.00196524125904731
"UKM61",3.56418919563293,6.36982774734497,12.4092111587524,8.46352005004883,8.84502220153809,4.05740404129028,3.17825269699097,3.1347861289978,4.33823537826538,83.7916488647461,79.7208251953125,82.121223449707,83.9484786987305,0.025083752349019,0.0764752700924873,0.339697927236557,0.000974495953414589,9.69552660379236e-10,5.33165074589892e-11,0.346953839063644,0.0142065184190869,0.36116036772728,10.9125515842814,0.000837707833026009
"UKM62",2.19004917144775,5.60966920852661,12.2853946685791,7.4927396774292,10.0953454971313,3.63768792152405,2.95247292518616,2.840989112854,3.55218410491943,85.9961471557617,79.9618301391602,80.3547515869141,85.2339553833008,0.0567953325808048,0.160124808549881,0.290515065193176,0.0036132528912276,1.69609692957096e-09,9.31803523229746e-11,0.35667023062706,0.0649175494909286,0.42158779501915,11.613587985749,0.00147662874948433
"UKM63",4.08209085464478,6.7397952079773,12.5693130493164,8.98507499694824,8.48722171783447,6.22727966308594,4.07023000717163,3.91193222999573,6.41821002960205,84.7028884887695,80.452880859375,83.910041809082,84.3165512084961,0.0416372530162334,0.0658110827207565,0.273486971855164,0.000700876349583268,6.44388153947517e-10,4.48408254971611e-11,0.296713262796402,0.0148627134039998,0.31157597899437,11.3532247114169,0.000779377432133428
"UKM64",6.11035394668579,7.52235221862793,12.553560256958,10.0560359954834,6.44320631027222,4.27376556396484,2.94847750663757,2.94438362121582,4.79579257965088,77.8771362304688,78.3016586303711,83.3818588256836,79.9644241333008,0.00582100311294198,0.0646760314702988,0.150440230965614,0.000272289180429652,4.83627859981794e-10,5.10191500158186e-10,0.0783782228827477,0.0957922115921974,0.174170434474945,9.17252492097936,0.00282535845092019
"UKM66",5.64811277389526,6.28960037231445,10.9980306625366,9.24326992034912,5.3499174118042,3.83926439285278,2.48216319084167,1.90677678585052,3.85650396347046,75.3870010375977,78.8349304199219,86.3308258056641,79.7271194458008,0.00557632325217128,0.146482571959496,0.0564550831913948,0.000151512853335589,0,9.37421876234801e-11,0,0.145815700292587,0.145815700292587,9.02045130838197,0.0062923607021054
"UKM71",2.85859680175781,6.29629325866699,13.0424423217773,8.2245922088623,10.1838464736938,2.82919764518738,2.44750142097473,2.45573472976685,2.95331501960754,84.7651748657227,78.6663284301758,79.049430847168,83.7172470092773,0.272015511989594,0.245617434382439,0.172483682632446,0.00940572284162045,6.91062485014271e-11,7.72528471314898e-13,0.234503626823425,0.00278660957701504,0.237290248274803,11.2998108498665,0.00511936452179479
"UKM72",4.05849027633667,7.34323072433472,13.9422121047974,9.30967044830322,9.88372230529785,2.71781659126282,2.27043032646179,2.2829372882843,2.85873985290527,83.0655517578125,77.2933578491211,77.8860015869141,81.9963912963867,0.278269916772842,0.255303651094437,0.0186261776834726,0.0403625294566154,6.63138774036238e-14,5.40414398799308e-17,0.0844267830252647,0.0159470867365599,0.100373864173889,12.4890807651875,0.00842749965338961
"UKM73",3.56351256370544,6.7257194519043,13.3590049743652,8.81399250030518,9.79549217224121,2.63226079940796,2.32602834701538,2.40907979011536,2.72525691986084,84.5603637695312,79.137939453125,79.8321685791016,83.5759201049805,0.255261480808258,0.359379321336746,0.0970373973250389,0.0282769612967968,2.40873748898196e-12,1.95047451360718e-17,0.161329448223114,0.00575565453618765,0.167085111141205,11.8520531014659,0.0115233537188515
"UKM75",3.11300182342529,6.57426261901855,13.237174987793,8.372971534729,10.1241731643677,2.96027159690857,2.58876776695251,2.64596128463745,2.9828372001648,86.1075210571289,79.4134979248047,80.2002563476562,85.0875854492188,0.192364796996117,0.351871579885483,0.142728105187416,0.0694959312677383,1.41086691369013e-16,0,0.209990888834,0,0.209990888834,11.4297475547125,0.0413079283749141
"UKM76",3.25998067855835,6.9015703201294,13.5283050537109,8.53402042388916,10.2683248519897,3.42038416862488,2.76883244514465,2.68050622940063,3.41140174865723,86.2460021972656,78.6043472290039,79.495979309082,85.0529327392578,0.234141454100609,0.47776585817337,0.0426393747329712,0.0437785424292088,5.54724433055043e-10,0,0.185616970062256,0,0.185616970062256,10.9803590947805,0.0372782613809379
"UKM77",2.16580128669739,5.95027351379395,12.6939897537231,7.62307500839233,10.5281887054443,4.19502735137939,3.18598055839539,2.92641115188599,4.00935554504395,88.0874862670898,80.0422668457031,80.583625793457,86.5942153930664,0.131192684173584,0.218706205487251,0.261877596378326,0.0111517021432519,9.09881892052766e-10,0,0.340342938899994,0,0.340342938899994,12.875089854016,0.00167813937380619
"UKM78",3.25766539573669,6.77037572860718,13.3707332611084,8.47121238708496,10.1130685806274,3.30149555206299,2.74709892272949,2.74369835853577,3.30570435523987,86.3706512451172,79.2269973754883,80.2978515625,85.4039459228516,0.209088400006294,0.485238581895828,0.0518385134637356,0.0570100620388985,7.21434523232034e-10,0,0.186588957905769,0,0.186588957905769,11.6500863372763,0.0274380927378545
"UKM81",3.15080404281616,6.71245288848877,13.1283340454102,8.42317295074463,9.97752952575684,5.20641899108887,3.74395155906677,3.47521018981934,5.21930074691772,87.3463973999023,79.9645767211914,81.9669189453125,86.2427825927734,0.102920904755592,0.247833132743835,0.224845826625824,0.0568261481821537,2.50342768737255e-09,0,0.30438956618309,0,0.30438956618309,12.2739452751972,0.0172840560335347
"UKM82",3.91694712638855,7.32632541656494,13.7309665679932,9.02007293701172,9.81401920318604,3.93376064300537,2.98794293403625,2.86802268028259,4.00489616394043,85.4130783081055,78.5172500610352,80.3650131225586,84.6545562744141,0.144696608185768,0.50104683637619,4.38479430542316e-09,0.161911264061928,1.30307570289645e-10,0,0.192345291376114,0,0.192345291376114,11.8761797021893,0.070377847975263
"UKM83",4.33949375152588,7.4527702331543,13.6911945343018,9.36880970001221,9.35170078277588,4.46735095977783,3.20691204071045,3.05746054649353,4.67060422897339,84.5586090087891,78.8110580444336,81.1267852783203,83.9096374511719,0.105337135493755,0.428543597459793,0.0129197519272566,0.090725339949131,3.30932364844827e-10,0,0.15249340236187,0,0.15249340236187,12.5244836484631,0.0218818381258193
"UKM84",3.46990585327148,6.97465229034424,13.4995784759521,8.64646339416504,10.0296726226807,3.64123487472534,2.89069724082947,2.82187151908875,3.65540552139282,86.2183151245117,78.9894790649414,80.3739242553711,85.3037185668945,0.188989728689194,0.51703667640686,0.0194170568138361,0.0839936062693596,6.89716228574611e-10,0,0.189103484153748,0,0.189103484153748,12.2033259862878,0.0259477139628535
"UKM91",3.4001784324646,6.69691514968872,13.3769359588623,8.69881916046143,9.97675704956055,2.75260329246521,2.4124743938446,2.46665525436401,2.79104471206665,85.4010696411133,79.4549789428711,80.1394577026367,84.3747787475586,0.225160837173462,0.390546560287476,0.102086700499058,0.0179522484540939,5.72063195425354e-11,0,0.223240256309509,0,0.223240256309509,12.9287427508677,0.0027622827494007
"UKM92",4.12598085403442,7.14305448532104,13.4725389480591,9.31784534454346,9.34655857086182,3.91343832015991,3.01150345802307,2.92559337615967,4.11284351348877,85.4461364746094,80.302734375,82.2022323608398,84.582275390625,0.084044486284256,0.360325634479523,0.11434617638588,0.00327335391193628,4.62691190916686e-10,2.0069885423718e-12,0.242455065250397,0.00841767340898514,0.250872731208801,11.8247013808469,0.00185101945617776
"UKM93",4.02891635894775,7.24609851837158,13.5367870330811,9.1076078414917,9.5078706741333,4.34734296798706,3.25135231018066,3.11869525909424,4.50980567932129,85.6229858398438,79.4932022094727,81.7316513061523,84.9495468139648,0.102031663060188,0.390371710062027,0.0694251358509064,0.0607299283146858,1.85791632079102e-10,0,0.26128488779068,0,0.26128488779068,13.2344570369881,0.0076435528780697
"UKM94",4.88394212722778,7.4262170791626,13.3918190002441,9.80821418762207,8.5078763961792,4.62249851226807,3.24977779388428,3.133704662323,4.85930013656616,83.8353500366211,80.1227340698242,83.2248611450195,83.4000625610352,0.0804448574781418,0.315865010023117,0.0635571405291557,0.0154419196769595,3.75839186161908e-11,1.51597044108481e-14,0.260425716638565,0.000935026968363672,0.261360734701157,11.5333594033643,0.00952515346519093
"UKM95",3.41934561729431,6.92682313919067,13.4641008377075,8.61007881164551,10.0447559356689,3.62726926803589,2.9054274559021,2.83962154388428,3.65544295310974,86.4567260742188,79.2655563354492,80.6153182983398,85.5488967895508,0.179341748356819,0.512743175029755,0.0390522070229053,0.0685713216662407,8.67801774884214e-10,0,0.198536291718483,0,0.198536291718483,13.3194928784138,0.00750610881087873
"UKN06",5.78461647033691,7.85361337661743,13.5145568847656,10.4681568145752,7.72993993759155,3.22185707092285,2.55645346641541,2.65705847740173,3.44303560256958,82.5948333740234,80.2872009277344,82.8070831298828,82.1784286499023,0.0621053464710712,0.393153041601181,0.00769650610163808,0.0571914985775948,6.06076855369508e-11,0,0.0925755202770233,0,0.0925755202770233,10.4693555182048,0.0800117277083589
"UKN07",5.12540149688721,8.15961265563965,14.38694190979,9.9372034072876,9.26154041290283,2.70848846435547,2.43021631240845,2.4362416267395,2.72804045677185,85.1540756225586,79.3460083007812,79.7752914428711,84.0546340942383,0.0509942956268787,0.78924435377121,0.000975568953435868,0.020068334415555,7.47879314033639e-10,0,0.11110708117485,0,0.11110708117485,11.7128472152702,0.0083728424965312
"UKN08",5.6905369758606,8.17692375183105,14.1869812011719,10.4159345626831,8.49644470214844,2.93109369277954,2.38820958137512,2.41462469100952,2.98670077323914,83.3388214111328,79.5550537109375,80.7488174438477,82.6705780029297,0.059989221394062,0.58744865655899,0.00660519581288099,0.0183190330862999,4.85861961774248e-10,0,0.105507463216782,0,0.105507463216782,11.722960283552,0.00726624224519356
"UKN09",6.10141849517822,7.92390489578247,13.5090351104736,10.7400550842285,7.40761756896973,3.27895855903625,2.48537731170654,2.57532262802124,3.48541283607483,81.7145309448242,80.3454132080078,83.1050338745117,81.4928512573242,0.0563094206154346,0.313378185033798,0.0090813422575593,0.0442573018372059,1.51782877932938e-10,2.10304668644967e-12,0.0764670744538307,0.00116548791993409,0.0776325538754463,11.4337527173134,0.0257040770237573
"UKN10",4.81736087799072,7.8469066619873,13.826774597168,9.55175113677979,9.00941467285156,3.16248464584351,2.81911301612854,2.87012696266174,3.26388025283813,85.7811965942383,80.3056182861328,81.7991333007812,84.9015121459961,0.0580846779048443,0.64434552192688,0.0106169981881976,0.00844759959727526,1.49967538387585e-10,0,0.242270782589912,0,0.242270782589912,11.1976838643543,0.00893660101713603
"UKN11",4.8879280090332,8.00832462310791,14.1581048965454,9.69095611572266,9.27017688751221,2.80029487609863,2.56205773353577,2.59542179107666,2.87440013885498,85.6631546020508,79.6728515625,80.4787750244141,84.565544128418,0.0424771793186665,0.754811763763428,0.014708248898387,0.0111916325986385,2.56377252760842e-10,0,0.152210757136345,0,0.152210757136345,11.5642687659199,0.00591528545619952
"UKN12",5.85731363296509,7.75170850753784,13.1849546432495,10.4102430343628,7.32764101028442,3.75644707679749,2.75713801383972,2.80497050285339,4.0288200378418,82.0843124389648,80.5305862426758,83.656852722168,81.7542495727539,0.0446611270308495,0.468772798776627,0.022393086925149,0.0107298800721765,4.04271671694545e-10,3.60172286960336e-13,0.15569294989109,6.35028700344265e-05,0.155756458640099,11.262555534707,0.00560173945913581
"UKN13",5.22513771057129,8.00724124908447,14.033579826355,10.0241975784302,8.80844211578369,2.81228876113892,2.49947237968445,2.56523847579956,2.97062683105469,84.3867721557617,79.6072311401367,80.9670867919922,83.5053939819336,0.0470220521092415,0.616171658039093,0.00852236431092024,0.0292825624346733,3.28705118679551e-10,0,0.107137680053711,0,0.107137680053711,11.5103397812193,0.0158266731545397
"UKN14",5.50008106231689,8.06236934661865,14.0371704101562,10.2543172836304,8.53708934783936,2.91468191146851,2.45645451545715,2.50692963600159,3.0348846912384,83.6941223144531,79.6721878051758,81.0940017700195,82.9643249511719,0.0580130890011787,0.575695037841797,0.00688577257096767,0.0306052472442389,2.47944581532877e-10,0,0.109179988503456,0,0.109179988503456,11.1785456626806,0.0214579174365001
"UKN15",5.41073560714722,7.94992113113403,13.8472156524658,10.1668834686279,8.43648052215576,2.97134947776794,2.52469253540039,2.59681868553162,3.15195798873901,83.7744369506836,79.8434753417969,81.614387512207,83.0503158569336,0.0498412027955055,0.542241990566254,0.00950643606483936,0.0356217995285988,2.72512928889412e-10,4.85811694692084e-12,0.102854833006859,0.00085654656868428,0.103711374104023,12.0722423689586,0.0116097780393588
"UKN16",4.76766681671143,7.96604585647583,14.0680027008057,9.53876209259033,9.30033493041992,3.11279320716858,2.78153538703918,2.81638169288635,3.13189578056335,86.5759124755859,80.3060760498047,81.2535705566406,85.539176940918,0.0609310753643513,0.614505708217621,0.0208021868020296,0.00452496204525232,1.6405292055377e-11,0,0.287241011857986,0,0.287241011857986,11.6081881294412,0.00393138691743922
"VA",10.3461427688599,13.9405374526978,22.7750282287598,17.7923946380615,12.4288854598999,2.84380173683167,2.05277609825134,0.885510087013245,4.23690176010132,75.425422668457,76.9289321899414,77.566276550293,76.7263641357422,0.277330160140991,0.0371653363108635,0.00166841340251267,0.164375796914101,0,3.10441006234896e-10,0,0.083958700299263,0.083958700299263,5.3131516322227,15.61786323913
"XKG125378",0.503891289234161,9.73999404907227,19.4438819885254,10.4751434326172,18.9399890899658,1.84533023834229,2.43844842910767,2.04920148849487,1.81356871128082,79.3862838745117,69.7533569335938,65.4719696044922,75.3989486694336,0.292480945587158,0.236994102597237,0.00213073962368071,0.0275960583239794,1.31546084958245e-05,0.170084729790688,0.0620210468769073,0.20867919921875,0.270700246095657,13.3234045610454,0.00417093375153153
"XKG125379",0.215995579957962,9.38689613342285,18.9109039306641,10.1361036300659,18.6949081420898,1.87658965587616,2.40727543830872,2.17780232429504,1.81494331359863,79.1791839599609,69.8698043823242,67.2167129516602,75.8318481445312,0.270544826984406,0.274152219295502,0.00852847751230001,0.0149391498416662,2.44899401877774e-05,0.0815602540969849,0.16995096206665,0.18029959499836,0.350250542163849,12.4894639241156,0.00619724067449941
"XKG125380",0.587373375892639,10.0073108673096,19.7919521331787,10.651273727417,19.2045783996582,1.81903743743896,2.35592031478882,1.84368467330933,1.76405918598175,79.5041580200195,69.3372268676758,64.2555313110352,74.8747329711914,0.319567412137985,0.18829932808876,0.0017179548740387,0.0222697965800762,0,0.215869471430779,0,0.252276062965393,0.252276062965393,12.4025589665934,0.00891304280738351
"XKG125385",-0.330425351858139,8.28097248077393,17.9924011230469,9.54056739807129,18.322826385498,2.91748785972595,3.11429715156555,2.54680156707764,2.82049012184143,79.1745986938477,71.8379440307617,68.6564788818359,76.6482086181641,0.212689682841301,0.268516331911087,0.0359186306595802,0.0126958107575774,0.0254557877779007,0,0.44454687833786,0,0.44454687833786,12.5585535567964,0.00508190847988295
"XKG125389",0.193378016352654,8.92682456970215,18.8988380432129,10.2128372192383,18.7054595947266,2.38270044326782,2.82900905609131,2.05439925193787,2.32462310791016,78.7786636352539,70.8557205200195,64.7966079711914,74.8489685058594,0.202654093503952,0.314742147922516,0.012556429952383,0.0182546060532331,0.000543604313861579,0,0.45102196931839,0,0.45102196931839,12.7208101391963,0.00676785889928699
