"nutM_code","year","year_start","year_end","response","temperature_winter","temperature_spring","temperature_summer","temperature_fall","seasonal_variation","precipitation_winter","precipitation_spring","precipitation_summer","precipitation_fall","relative_humidity_winter","relative_humidity_spring","relative_humidity_summer","relative_humidity_fall","croplands","pastures","rangelands","urbanAreas","primaryForest","primaryNonForest","secondaryForest","secondaryNonForest","population"
"ES300",NA,2018,2019,1,5.49565887451172,12.2531805038452,24.2020835876465,14.8063793182373,21.9043674468994,1.18752086162567,2.25901961326599,0.499283313751221,2.02173161506653,72.9020538330078,60.3396911621094,39.4162979125977,65.5598220825195,0.354519695043564,0.0678505823016167,0.084824912250042,0.144548326730728,0,0.132776632905006,0,0.214702814817429,14.6686578484577
"ES511",NA,2018,2023,1,6.4958438873291,12.2002239227295,21.9751415252686,14.8014335632324,17.2609043121338,1.53073155879974,2.70293283462524,2.49437212944031,2.86183214187622,76.0367126464844,72.7345657348633,70.9448928833008,76.9405364990234,0.223638400435448,0.0567653216421604,0.0514127984642982,0.0170317851006985,0.000206876735319383,0.0935473367571831,0.426391333341599,0.0426809974014759,13.7573711852002
"ES620",2018,NA,NA,1,9.0401611328125,15.0592060089111,25.0989112854004,17.2378444671631,17.63307762146,0.951617181301117,1.1460599899292,0.669120252132416,2.26826643943787,66.3106918334961,57.5286865234375,55.0620002746582,74.1307601928711,0.364627778530121,0,0.0122516183182597,0.178181529045105,0,0.110379673540592,0,0.313915193080902,13.0225525724634
"FR101",NA,2021,2024,1,5.88631343841553,10.9866876602173,19.6048603057861,12.9079170227051,14.8752746582031,2.30892848968506,2.2415087223053,2.21465826034546,2.66471195220947,85.8330688476562,73.4807434082031,69.5745391845703,82.7450942993164,0.191405951976776,0.0201632156968117,0.584239900112152,1.4383989832556e-10,0,0,0,0.204190969467163,11.996636667809
"FR103",2024,NA,NA,1,6.68035984039307,11.3976135253906,18.7049713134766,12.0455474853516,16.0518321990967,2.44257569313049,3.1075131893158,1.91072559356689,3.10966205596924,86.7337188720703,80.7994537353516,73.2587432861328,87.1469345092773,0.377574265003204,0.0997712910175323,0.17278541624546,1.56296875442052e-09,0,5.19619125505244e-10,0,0.349869072437286,14.0175752018832
"FR105",2024,NA,NA,1,6.79436635971069,11.7160682678223,19.1199893951416,12.2253150939941,16.2677612304688,2.4728991985321,3.1697096824646,2.12997031211853,3.20875120162964,86.3818893432617,80.0629119873047,72.6982040405273,86.899040222168,0.188358500599861,0.0202324278652668,0.587596118450165,1.70099961893655e-10,0,0,0,0.20381298661232,12.7520418118817
"FR106",2024,NA,NA,1,6.7586498260498,11.7540340423584,19.188871383667,12.2490463256836,16.3553810119629,2.62513136863708,3.24205088615417,2.23384165763855,3.18708205223083,86.4730834960938,80.0709075927734,72.8070373535156,86.8545379638672,0.26989221572876,0.047536164522171,0.412457764148712,1.30204536041845e-09,0,0,0,0.270113855600357,12.6832446610179
"FR107",NA,2023,2024,1,6.05365324020386,11.3799886703491,19.5725002288818,13.2384824752808,14.4273223876953,2.13962030410767,2.78441047668457,2.40623569488525,3.07588815689087,85.6035842895508,77.4937515258789,70.8107299804688,83.3146514892578,0.253976792097092,0.0417632274329662,0.448300451040268,8.35979230284778e-10,0,0,0,0.255959540605545,12.7981961600516
"FRI11",2023,NA,NA,1,6.20375061035156,13.0545663833618,21.6892166137695,15.8183698654175,14.3698692321777,2.15851807594299,2.60496425628662,2.21859908103943,4.5321741104126,81.7106246948242,72.2126770019531,69.5039901733398,75.7765274047852,0.326237678527832,0.149372264742851,0.011487421579659,0.000374745257431641,0,2.4858086509344e-12,0.0685954838991165,0.443932473659515,12.219312501172
"FRJ12",NA,2015,2023,1,7.00751447677612,13.1792879104614,23.1856956481934,14.7479801177979,18.2993297576904,2.11741042137146,2.4099223613739,1.53624951839447,3.79954648017883,73.5816650390625,64.4365692138672,58.1173400878906,71.4272918701172,0.327663660049438,0.0894805416464806,0.0312654078006744,0.00129335990641266,2.96344754291411e-10,0,0.392058670520782,0.127370864152908,12.842387039375
"FRJ13",NA,2014,2024,1,7.34645938873291,12.7096118927002,22.1051368713379,14.7973384857178,16.5876808166504,2.20386219024658,2.63282012939453,1.45574629306793,3.89946818351746,77.3957824707031,69.6135101318359,64.2998809814453,75.9005126953125,0.308641999959946,0.0859034135937691,0.0271570514887571,0.000455035537015647,1.35760835906495e-09,1.02075618790831e-10,0.377464771270752,0.112677969038486,12.7795365681857
"FRJ14",2024,NA,NA,1,4.16012144088745,8.46698665618896,18.1379203796387,10.4893112182617,16.575252532959,2.2555422782898,5.93870115280151,1.88765263557434,5.04465579986572,80.116569519043,76.311164855957,70.7675399780273,82.768798828125,0.198495745658875,0.109669499099255,0.00405579432845116,0.00779226841405034,7.21156800942424e-10,0,0.679986715316772,0,10.6559804124141
"FRJ15",NA,2022,2024,1,6.12328338623047,11.6574993133545,21.4869346618652,14.3703622817993,15.8504886627197,1.40225875377655,2.83939218521118,2.45506739616394,2.25321459770203,70.4237442016602,68.9855880737305,66.1888732910156,73.9707946777344,0.211943075060844,0.0506551004946232,0.0179333779960871,0.010456470772624,1.16391292976914e-05,0.144939199090004,0.0179939065128565,0.542981803417206,12.0147927700512
"FRJ23",2022,NA,NA,1,6.10991191864014,12.6367845535278,22.9144954681396,15.5450239181519,15.9937171936035,3.06369590759277,2.77657008171082,1.98687744140625,2.7504825592041,78.4613418579102,72.0352096557617,62.1031494140625,72.3818130493164,0.424016267061234,0.195440635085106,0.0295033417642117,0.00775712123140693,0,0.0500931777060032,0,0.293189436197281,12.9754887875165
"FRJ26",NA,2022,2024,1,4.08515644073486,9.58800411224365,18.8671340942383,12.2905712127686,14.9490404129028,3.22484493255615,4.02361536026001,3.92223453521729,4.06741952896118,76.8634796142578,74.0563354492188,71.9258880615234,77.8733673095703,0.265933692455292,0.123817518353462,0.0134362485259771,0.0272406470030546,0,0.14329007267952,0,0.426281780004501,11.4924421060288
"FRJ28",2022,NA,NA,1,6.52983856201172,14.0735807418823,24.6041679382324,16.5965747833252,17.2547702789307,2.28012657165527,2.111971616745,1.61696588993073,2.44002175331116,82.8007965087891,68.4869003295898,55.3703575134277,73.0000534057617,0.450446844100952,0.205050110816956,0.0321351699531078,3.14833537018444e-09,0,0,0,0.312367886304855,12.4405046790033
"FRK21",2023,NA,NA,1,4.66959381103516,11.2246437072754,21.541820526123,13.9719552993774,16.7934284210205,2.84408855438232,3.97415065765381,2.68506622314453,5.43906259536743,80.2929916381836,72.4491119384766,62.3920288085938,74.9662704467773,0.301300406455994,0.165248185396194,0.0370873622596264,0.000642092432826757,1.07553153883e-10,1.89910676300376e-16,0.252000063657761,0.238120391964912,13.0210287746507
"FRK23",NA,2023,2024,1,4.85844421386719,11.0428247451782,21.0979690551758,12.9987678527832,17.9206867218018,2.41238713264465,3.77675008773804,2.18305540084839,3.8937554359436,78.3903884887695,70.3443222045898,63.6824493408203,76.1687088012695,0.304757207632065,0.103962227702141,0.0162618048489094,0.00379040068946779,9.32454738422628e-11,0,0.529275834560394,0.0419525466859341,12.314691036046
"FRK24",2023,NA,NA,1,2.19571232795715,8.93147659301758,19.4139976501465,11.8285503387451,17.1182975769043,2.51112794876099,4.03340339660645,3.21613526344299,5.12608337402344,77.3712005615234,73.987548828125,64.7646331787109,75.7219390869141,0.264619946479797,0.113890551030636,0.0396101251244545,0.00747955497354269,5.50879841743068e-10,0,0.426896393299103,0.145385250449181,13.3165502001942
"FRK26",NA,2019,2023,1,4.92155408859253,11.4648504257202,21.3621120452881,13.0505056381226,17.9783916473389,2.54094123840332,2.34502792358398,2.54446291923523,3.25429224967957,81.5723724365234,66.9037170410156,61.5870132446289,76.8338317871094,0.370540350675583,0.209010928869247,0.11165289580822,2.75482681111328e-09,0,2.73069128513802e-16,0.178805738687515,0.129990100860596,13.505771849847
"FRL01",2023,NA,NA,1,2.18773365020752,8.82525157928467,19.09840965271,11.6608057022095,17.1670322418213,2.13661670684814,2.82584071159363,2.74700117111206,3.71647310256958,69.989875793457,67.9456939697266,63.2300910949707,71.0256729125977,0.255638897418976,0.05002636089921,0.0066984505392611,0.0192430466413498,3.46614070778628e-10,0,0.665963113307953,0,11.6443460572035
"FRL03",NA,2010,2024,1,3.10004663467407,9.06047534942627,18.7657432556152,11.5086345672607,17.0936145782471,2.74690842628479,3.36878395080566,2.52765154838562,3.8896541595459,70.4715957641602,72.598747253418,73.8849563598633,75.7640380859375,0.134432688355446,0.0284235216677189,0.0406850501894951,0.0248757507652044,1.21673204844797e-09,9.94723729519928e-17,0.601148784160614,0.0459779351949692,12.734652015981
"FRL04",NA,2013,2023,1,7.68324279785156,14.0005807876587,24.0400867462158,15.9723901748657,18.0774631500244,1.90353417396545,1.91184365749359,1.10342669487,2.84617924690247,73.1754760742188,63.6400108337402,56.9331550598145,70.1978073120117,0.381248474121094,0.116614192724228,0.0496120862662792,4.79190202895552e-06,4.41584657728811e-10,0,0.169462144374847,0.214276850223541,12.7480415861622
"FRL05",NA,2010,2024,1,6.82719707489014,12.7517004013062,22.3822746276855,15.0067920684814,16.9852809906006,2.31660604476929,2.32810568809509,1.25533723831177,3.1561279296875,72.4679489135742,68.0047912597656,63.5823440551758,72.3737258911133,0.228678375482559,0.0400675907731056,0.0274463389068842,0.00440938118845224,3.90568938302138e-10,5.7949484100206e-10,0.297023206949234,0.268139690160751,12.6978382443276
"FRL06",2024,NA,NA,1,6.96055030822754,12.9139528274536,22.9024543762207,14.1757392883301,18.7900161743164,2.01623296737671,4.1517219543457,1.11748993396759,3.87790417671204,76.2371139526367,67.0675354003906,60.8959426879883,76.6646575927734,0.385948568582535,0.117670223116875,0.0356548726558685,0.000463041942566633,7.43565209404551e-10,0,0.43292698264122,0.01984260417521,12.3088633699135
"FRM01",2022,NA,NA,1,9.51502799987793,13.6581716537476,25.1148109436035,18.2818222045898,14.0406703948975,1.74242305755615,1.98480033874512,0.594837129116058,3.07417583465576,74.5728607177734,70.583251953125,65.9670028686523,73.3435668945312,0.046084575355053,0.01911960542202,0.00475945230573416,0.022174159064889,0,2.34410357791148e-09,0,0.585509419441223,10.4990309484274
"HR033",2024,NA,NA,1,7.39247465133667,13.8048067092896,24.3541164398193,14.3697032928467,20.6435165405273,3.76412844657898,4.2352180480957,1.73901355266571,5.08306312561035,78.144157409668,72.4295272827148,64.6308135986328,76.5853652954102,0.0984961166977882,0.0658659189939499,0.00311709567904472,0.0469045117497444,1.44785872180364e-09,0,0.653991401195526,0,10.4380564435897
"HR037",2010,NA,NA,1,5.38098907470703,11.7461214065552,22.3784523010254,13.851357460022,18.0483989715576,10.5103521347046,5.90003442764282,1.37523674964905,8.94666957855225,78.5416412353516,72.2590484619141,63.8529167175293,76.1708526611328,0.172325640916824,0.289580851793289,0.00553120393306017,0.0214893817901611,2.63971466907265e-09,0,0.367257654666901,0,9.76465249980195
"ITC33",2023,NA,NA,1,5.83374977111816,12.8406600952148,23.0135307312012,15.1775884628296,17.8146648406982,2.27349805831909,2.51449012756348,3.28065896034241,3.99518251419067,81.4420852661133,69.8465270996094,68.4619979858398,75.868766784668,0.267224341630936,0.0564212836325169,0.0176651328802109,0.000665080384351313,0,0,0.646284759044647,0,10.2867872637364
"ITC42",2024,NA,NA,1,3.55641222000122,9.83971405029297,20.6870365142822,10.8713111877441,21.0063171386719,3.6014187335968,7.09098672866821,5.45398569107056,5.67850017547607,76.5630569458008,74.714241027832,74.1879577636719,79.4071578979492,0.0965307429432869,0.0420612655580044,0.206431433558464,0.0201025195419788,2.57054543908453e-05,0,0.589936256408691,0,13.1194186710091
"ITC43",2024,NA,NA,1,3.95196342468262,10.3940801620483,21.2317638397217,11.3151836395264,21.1777591705322,3.65976786613464,7.00955486297607,5.49010038375854,5.72823429107666,76.7579116821289,74.5305023193359,74.2212829589844,79.4704208374023,0.105202183127403,0.0364063456654549,0.255179971456528,0.0156774539500475,2.77550534519833e-05,0,0.544398903846741,0,12.8309234196044
"ITC44",2024,NA,NA,1,-2.57187867164612,3.31212162971497,14.2595663070679,5.14958143234253,20.8131542205811,3.68341970443726,5.98629140853882,4.70583868026733,4.69029426574707,73.2115707397461,77.2218856811523,76.7176971435547,78.5640640258789,0.0150049570947886,0.0709931552410126,0.00852917786687613,0.0750100836157799,9.55378936851048e-07,0,0.801873683929443,0,11.0602178928242
"ITC46",2023,NA,NA,1,2.83832383155823,10.0680322647095,20.0218982696533,12.1086149215698,18.0053558349609,1.81943142414093,4.03329563140869,5.79904174804688,5.41782808303833,75.0376663208008,72.1074371337891,72.8132781982422,77.2997741699219,0.202239766716957,0.0631231293082237,0.100907027721405,0.0110303340479732,5.88804823564715e-07,0,0.615746915340424,0,13.3271809286715
"ITC47",2023,NA,NA,1,2.82197880744934,9.85643005371094,20.0020942687988,12.1333904266357,18.3088989257812,1.83049333095551,3.68117713928223,5.1421103477478,4.46820449829102,75.9935684204102,71.9416580200195,72.7621231079102,77.5675506591797,0.237696707248688,0.0628780946135521,0.0521054938435555,0.0129948537796736,1.53873719321851e-11,0,0.60638415813446,0,13.1706506770634
"ITC49",2023,NA,NA,1,6.25261449813843,14.3440160751343,25.0389175415039,16.0208492279053,19.7217102050781,1.82299101352692,2.65827250480652,3.88379240036011,3.52460074424744,81.7810211181641,68.0442276000977,64.3124084472656,75.3898239135742,0.612595438957214,0.0919737964868546,0.0833575055003166,9.47183109722971e-10,1.73720603874328e-11,0,0.207908779382706,0,12.1073638297122
"ITC4B",2022,NA,NA,1,4.98034048080444,13.770133972168,26.1789436340332,16.1286029815674,20.9272556304932,1.10049664974213,1.50542891025543,2.70620536804199,2.54254341125488,80.4667434692383,64.5841598510742,59.385570526123,77.1743698120117,0.593862175941467,0.0981299206614494,0.0653705075383186,0.00359400454908609,0,3.85388847223494e-16,0.177050799131393,0.0382867678999901,12.7076302031475
"ITC4C",NA,2022,2024,1,5.45769834518433,13.6782264709473,24.6449565887451,14.7194356918335,21.0960388183594,1.97969484329224,3.76139307022095,3.8069314956665,4.38669157028198,77.880256652832,66.8366165161133,64.2130966186523,77.3194580078125,0.433691591024399,0.0539664663374424,0.159863904118538,0.0004330511437729,1.54514200403355e-05,0,0.32859593629837,0,13.3435796727533
"ITF31",2017,NA,NA,1,6.9666600227356,13.4884872436523,23.9162788391113,14.8824224472046,19.88330078125,2.51430821418762,1.78648269176483,0.389116764068604,4.09046030044556,75.8691177368164,73.6531829833984,66.042839050293,75.5129928588867,0.360179334878922,0.092749148607254,0.0361613482236862,6.38646024953005e-10,0,9.36833458031749e-11,0,0.429033219814301,12.4728741661838
"ITF35",2024,NA,NA,1,9.74223327636719,14.1904344558716,24.708324432373,16.5478248596191,16.9725360870361,3.5923855304718,2.91565632820129,0.690019845962524,3.32947397232056,79.7644119262695,75.8877716064453,64.7697906494141,77.0072021484375,0.212793275713921,0.0644467771053314,0.0358082093298435,8.54729009791555e-10,0,2.91858204271023e-10,0,0.568931758403778,12.6200013156068
"ITF48",2023,NA,NA,1,9.86765956878662,14.1908416748047,25.6988124847412,19.8713493347168,17.028377532959,1.39953362941742,3.02619457244873,1.05847465991974,1.45747756958008,77.5233917236328,72.822998046875,61.4771385192871,67.9268341064453,0.311938285827637,0.123742312192917,0.0493824705481529,6.33081087553222e-11,0,2.42958899526746e-11,0,0.256993800401688,11.6165025866384
"ITF63",2017,NA,NA,1,8.47562503814697,13.5261373519897,23.7012214660645,16.1228122711182,17.9575958251953,3.0848388671875,1.53443574905396,0.385780602693558,2.97006273269653,76.6700210571289,74.3645324707031,66.4674301147461,75.277473449707,0.168114855885506,0.0904780104756355,0.0230662375688553,2.1499495239663e-10,0,4.64203762234883e-12,0,0.57632452249527,11.0914544667351
"ITF65",NA,2017,2024,1,11.2206134796143,14.4451713562012,24.5831069946289,19.3195953369141,14.6367120742798,2.90736079216003,2.09992933273315,0.781828224658966,3.17822909355164,76.7322769165039,76.2383117675781,71.1325988769531,77.0850677490234,0.0930725261569023,0.0394744165241718,0.0384512655436993,4.75072148287126e-10,0,3.67568531167706e-10,0,0.431719124317169,11.9671751816768
"ITH10",2017,NA,NA,1,-5.07707023620605,3.95479679107666,13.3720712661743,3.14492034912109,22.7632865905762,1.22774744033813,3.32319593429565,5.26006650924683,3.73157978057861,64.0541687011719,68.2125244140625,71.7430877685547,74.7433776855469,0.0240209717303514,0.0972045361995697,0.0125470692291856,0.0491776168346405,1.05340673683951e-10,0,0.787604987621307,0,12.2737637117028
"ITH32",2020,NA,NA,1,4.70448970794678,12.0712194442749,20.9633865356445,12.4884262084961,18.4481773376465,1.32317364215851,3.13613057136536,5.73610877990723,3.77446532249451,74.9328460693359,66.0557174682617,72.0254135131836,78.0933151245117,0.307266145944595,0.0771707147359848,0.0642405077815056,0.00665117986500263,0,0,0.543512225151062,0,12.8113405157371
"ITH34",NA,2020,2024,1,4.99612951278687,12.2785310745239,22.9284534454346,13.994236946106,19.6724185943604,2.91947388648987,3.7978343963623,3.87462782859802,4.10351610183716,78.9271392822266,71.4337844848633,71.0614929199219,77.718864440918,0.495504826307297,0.060800313949585,0.0885110273957253,0.000834845064673573,0,0,0.328309118747711,0,13.0282855005028
"ITH35",2024,NA,NA,1,6.5180139541626,14.1482191085815,24.9143524169922,14.7360181808472,22.0935668945312,3.50543284416199,6.16534662246704,2.51111936569214,6.26744842529297,81.6485214233398,76.7268371582031,70.1070938110352,77.0775375366211,0.563649356365204,0.0630557239055634,0.0501234382390976,1.31064680886084e-07,5.47140551114089e-15,0,0.200102746486664,0,12.026838131413
"ITH36",2023,NA,NA,1,6.09197664260864,13.7236089706421,24.4873523712158,16.0296306610107,20.3379974365234,1.84643185138702,3.09580373764038,3.53081107139587,3.0419659614563,80.6057739257812,69.7390213012695,67.770751953125,75.056884765625,0.549479782581329,0.0801662504673004,0.0816013291478157,0.000697341747581959,0,0,0.286796718835831,0,12.7500734009427
"ITH54",NA,2017,2023,1,4.68239974975586,12.5287666320801,23.5606250762939,14.2940320968628,20.6954536437988,2.37395477294922,3.16661286354065,2.40266585350037,3.47987627983093,79.5179901123047,69.2278442382812,65.601188659668,78.7074813842773,0.394076645374298,0.0942387282848358,0.0462903492152691,0.000955838651861995,0,9.2482350021807e-16,0,0.462864935398102,12.5296562644279
"ITH57",2007,NA,NA,1,7.7286171913147,15.1785879135132,23.9691066741943,13.6915254592896,17.2894458770752,1.05750024318695,2.23118543624878,1.39412760734558,2.32167220115662,81.6174011230469,67.2012176513672,58.8432388305664,71.8825225830078,0.469036400318146,0.104630887508392,0.0329006761312485,0.00106397364288568,0,3.21029106076232e-11,0,0.268473893404007,11.9252147354261
"ITH57",2017,NA,NA,1,5.18328189849854,14.7456436157227,25.6108016967773,14.3819341659546,23.3823223114014,1.6652467250824,1.33169448375702,0.969453930854797,3.72409462928772,77.984130859375,65.3181762695312,56.316162109375,75.6007080078125,0.446090131998062,0.0973807573318481,0.0372259095311165,0.000382646423531696,0,3.21029106076232e-11,0,0.295026361942291,11.9809898126807
"ITI14",2023,NA,NA,1,6.65613746643066,12.4034337997437,23.4177188873291,16.288553237915,17.8640193939209,3.51617980003357,3.42462873458862,1.75075221061707,3.88110041618347,83.5110473632812,74.779655456543,67.0700531005859,73.8985137939453,0.29401221871376,0.0610033720731735,0.0770649462938309,0.000251752120675519,0,1.65033817774857e-12,0.060250636190176,0.507018148899078,13.2356120371879
"ITI16",2023,NA,NA,1,10.32981300354,14.3600244522095,24.4026165008545,19.2197189331055,14.6843900680542,2.75593209266663,2.26721906661987,1.29539740085602,2.82859516143799,78.5662460327148,75.7410507202148,74.0721130371094,74.0861206054688,0.173502624034882,0.0404442958533764,0.00745694804936647,0.00410390784963965,0,2.39081410918773e-11,0,0.460529297590256,9.29345198353172
"ITI18",2023,NA,NA,1,6.22489070892334,11.8020162582397,22.7748489379883,15.8042402267456,17.484281539917,3.71692585945129,3.49422073364258,2.11791753768921,3.40928173065186,83.6497955322266,75.2157974243164,67.4123916625977,74.7079238891602,0.285515010356903,0.0633325800299644,0.0190101936459541,0.000576138496398926,5.94409937937357e-11,6.45249749898352e-13,0.172443360090256,0.455007463693619,11.7756885681602
"ITI19",NA,2017,2024,1,6.83731889724731,12.900426864624,23.9028625488281,15.5171566009521,19.0313358306885,2.46619343757629,2.56605553627014,1.24765431880951,3.5128743648529,78.7544937133789,71.3008270263672,63.8444862365723,76.8382110595703,0.367317408323288,0.0917226374149323,0.0194863267242908,0.000606434186920524,5.4362851026335e-11,2.35772318335492e-10,0.117640636861324,0.394085019826889,11.8757253009041
"ITI32",NA,2017,2024,1,6.17290115356445,12.2554111480713,23.4244136810303,14.9637289047241,18.9500503540039,2.31880640983582,2.59519672393799,1.60806727409363,2.7778058052063,77.7438888549805,70.5356979370117,62.3455581665039,75.9671249389648,0.420415461063385,0.100128971040249,0.0188979785889387,1.00526253987709e-09,0,1.65136498225804e-11,0,0.415160775184631,10.79241013874
"ITI33",2024,NA,NA,1,8.10555362701416,13.5457429885864,24.2733612060547,15.0142984390259,18.7110176086426,1.42114996910095,2.65095782279968,1.58562898635864,3.48433542251587,76.0434875488281,70.9407653808594,60.8619766235352,77.3077545166016,0.431341916322708,0.076589547097683,0.0190266370773315,0.000412758847232908,0,5.47078604219759e-18,0,0.41125363111496,11.7018705455326
"ITI43",NA,2017,2024,1,8.5034236907959,13.6137914657593,24.3151092529297,16.8970947265625,17.558780670166,3.18698263168335,2.65626263618469,1.06772637367249,4.14281272888184,76.27490234375,73.7466049194336,66.684928894043,76.3391494750977,0.353778630495071,0.0717945173382759,0.121536649763584,0.000494297011755407,0,5.89369317238742e-11,0.0665242597460747,0.272548884153366,14.0054637529193
"ITI44",NA,2017,2023,1,8.2709493637085,13.4170703887939,24.0760669708252,16.9305667877197,17.4368743896484,3.84953045845032,2.76264119148254,1.13659799098969,4.72275018692017,76.1130905151367,74.245849609375,68.4712600708008,76.4653167724609,0.320510923862457,0.0818022638559341,0.115611620247364,0.000506167009007186,0,1.36328240363248e-10,0.0881240516901016,0.265947371721268,12.4651104097679
"NO073",2010,NA,NA,0,-12.2744359970093,-1.53074026107788,9.50247097015381,-0.406060844659805,23.8059730529785,1.16603589057922,1.42194163799286,3.39624214172363,1.81983292102814,83.5398864746094,78.1446151733398,77.2699966430664,86.2302322387695,0.00208554603159428,8.89318180270493e-05,0.000381074263714254,0.00103420321829617,0.473616153001785,0.0255361162126064,0.394208937883377,0.00329820136539638,10.6296484786792
"NO073",2023,NA,NA,0,-7.16327953338623,-1.63516104221344,11.7331418991089,-0.537556648254395,22.6950397491455,1.75483381748199,1.69815492630005,2.08902978897095,2.23927593231201,83.7075576782227,74.1284790039062,76.4274444580078,86.0205001831055,0.00191174261271954,7.72018975112587e-05,0.00044986794819124,0.00107204727828503,0.472969770431519,0.0255356971174479,0.394923716783524,0.003309132065624,10.6472323216693
"NO073",2024,NA,NA,0,-9.95733737945557,-1.51215875148773,13.8203601837158,2.85097575187683,25.8374767303467,1.36621999740601,1.45269918441772,2.59934759140015,2.5740852355957,82.1537628173828,75.8096923828125,75.4054565429688,83.6045761108398,0.00190856831613928,7.63791540521197e-05,0.000455523579148576,0.00107138266321272,0.472914606332779,0.0255356915295124,0.394977539777756,0.00330948899500072,10.6373432211747
"NO073",2024,NA,NA,0,-9.95733737945557,-1.51215875148773,13.8203601837158,2.85097575187683,25.8374767303467,1.36621999740601,1.45269918441772,2.59934759140015,2.5740852355957,82.1537628173828,75.8096923828125,75.4054565429688,83.6045761108398,0.00190856831613928,7.63791540521197e-05,0.000455523579148576,0.00107138266321272,0.472914606332779,0.0255356915295124,0.394977539777756,0.00330948899500072,10.6373432211747
"NO073",2023,NA,NA,0,-7.16327953338623,-1.63516104221344,11.7331418991089,-0.537556648254395,22.6950397491455,1.75483381748199,1.69815492630005,2.08902978897095,2.23927593231201,83.7075576782227,74.1284790039062,76.4274444580078,86.0205001831055,0.00191174261271954,7.72018975112587e-05,0.00044986794819124,0.00107204727828503,0.472969770431519,0.0255356971174479,0.394923716783524,0.003309132065624,10.6472323216693
"NO073",2017,NA,NA,0,-6.68717813491821,-2.81836271286011,9.60204124450684,0.63401871919632,18.8447322845459,2.05123686790466,1.55525386333466,3.3822877407074,1.57318830490112,84.0485610961914,76.1425704956055,78.7049942016602,87.1722946166992,0.00192142534069717,7.25161517038941e-05,0.00041551687172614,0.00111477950122207,0.473281145095825,0.0255358181893826,0.394601672887802,0.00330633344128728,10.6549915279829
"NO073",2013,NA,NA,0,-8.24298477172852,-1.75720238685608,12.2763891220093,1.30315136909485,19.2420787811279,1.44516944885254,1.0574996471405,2.73633241653442,1.92787790298462,83.9493103027344,72.851432800293,74.6865844726562,82.7794952392578,0.00200860528275371,7.69400576245971e-05,0.000395362760173157,0.00115756771992892,0.473444163799286,0.0255361162126064,0.394327580928802,0.00330285681411624,10.6470594423649
"NO072",2024,NA,NA,0,-8.70090579986572,-0.439522325992584,13.1417617797852,2.69702529907227,23.4112911224365,3.14694952964783,1.95477902889252,3.49951362609863,4.69391059875488,78.4861755371094,73.6383361816406,76.3603363037109,82.0080490112305,0.00913681928068399,0.000234789011301473,0.0018989018863067,0.000848119263537228,0.388792812824249,0.000281226995866746,0.463116019964218,5.84499211981893e-05,11.4936798090992
"NO072",2022,NA,NA,0,-8.32894134521484,-0.0481273904442787,10.9518642425537,1.63737511634827,19.8433208465576,3.42422318458557,3.64804863929749,4.8800220489502,2.70547866821289,79.2184677124023,76.5935440063477,78.14599609375,82.8428497314453,0.0091618187725544,0.00023564015282318,0.001840480719693,0.00086172268493101,0.389040589332581,0.000281226995866746,0.462887316942215,5.84154804528225e-05,11.4925498313498
"NO072",2024,NA,NA,0,-8.70090579986572,-0.439522325992584,13.1417617797852,2.69702529907227,23.4112911224365,3.14694952964783,1.95477902889252,3.49951362609863,4.69391059875488,78.4861755371094,73.6383361816406,76.3603363037109,82.0080490112305,0.00913681928068399,0.000234789011301473,0.0018989018863067,0.000848119263537228,0.388792812824249,0.000281226995866746,0.463116019964218,5.84499211981893e-05,11.4936798090992
"NO072",2024,NA,NA,0,-8.70090579986572,-0.439522325992584,13.1417617797852,2.69702529907227,23.4112911224365,3.14694952964783,1.95477902889252,3.49951362609863,4.69391059875488,78.4861755371094,73.6383361816406,76.3603363037109,82.0080490112305,0.00913681928068399,0.000234789011301473,0.0018989018863067,0.000848119263537228,0.388792812824249,0.000281226995866746,0.463116019964218,5.84499211981893e-05,11.4936798090992
"NO073",2023,NA,NA,0,-7.16327953338623,-1.63516104221344,11.7331418991089,-0.537556648254395,22.6950397491455,1.75483381748199,1.69815492630005,2.08902978897095,2.23927593231201,83.7075576782227,74.1284790039062,76.4274444580078,86.0205001831055,0.00191174261271954,7.72018975112587e-05,0.00044986794819124,0.00107204727828503,0.472969770431519,0.0255356971174479,0.394923716783524,0.003309132065624,10.6472323216693
"FI1D7",2023,NA,NA,0,-8.12731456756592,-0.991104543209076,13.4152612686157,-0.862215459346771,24.8039588928223,1.51639878749847,1.28558874130249,2.64235067367554,2.59442329406738,87.0055923461914,69.9590148925781,74.2145690917969,88.0851516723633,0.00295863370411098,7.69239522924181e-06,0.000591184303630143,0.000630260969046503,0.0553720630705357,0.151112794876099,0.738306045532227,0.00379309384152293,11.6744592022943
"FI1D7",2022,NA,NA,0,-10.5162210464478,0.333699643611908,13.9771738052368,1.21189534664154,25.0755062103271,1.3091676235199,1.34553301334381,3.17909812927246,1.64854431152344,85.4485168457031,72.6551284790039,73.7292709350586,89.0212326049805,0.00287738512270153,7.59677595851826e-06,0.000585860514547676,0.000624670647084713,0.0554299540817738,0.151147603988647,0.738303005695343,0.00379569013603032,11.6738954963256
"NO073",2024,NA,NA,0,-9.95733737945557,-1.51215875148773,13.8203601837158,2.85097575187683,25.8374767303467,1.36621999740601,1.45269918441772,2.59934759140015,2.5740852355957,82.1537628173828,75.8096923828125,75.4054565429688,83.6045761108398,0.00190856831613928,7.63791540521197e-05,0.000455523579148576,0.00107138266321272,0.472914606332779,0.0255356915295124,0.394977539777756,0.00330948899500072,10.6373432211747
"NO072",2023,NA,NA,0,-5.82210540771484,-1.76404941082001,11.5588626861572,-0.431949615478516,22.4159526824951,3.58547306060791,3.28871273994446,2.05040812492371,2.98140573501587,80.6078109741211,75.2480697631836,77.6477127075195,83.5579299926758,0.00914931762963533,0.000236192863667384,0.00186969118658453,0.000853933684993535,0.388916194438934,0.000281226995866746,0.463002234697342,5.84326990065165e-05,11.4990042472898
"NO072",2024,NA,NA,0,-8.70090579986572,-0.439522325992584,13.1417617797852,2.69702529907227,23.4112911224365,3.14694952964783,1.95477902889252,3.49951362609863,4.69391059875488,78.4861755371094,73.6383361816406,76.3603363037109,82.0080490112305,0.00913681928068399,0.000234789011301473,0.0018989018863067,0.000848119263537228,0.388792812824249,0.000281226995866746,0.463116019964218,5.84499211981893e-05,11.4936798090992
"NO072",2023,NA,NA,0,-5.82210540771484,-1.76404941082001,11.5588626861572,-0.431949615478516,22.4159526824951,3.58547306060791,3.28871273994446,2.05040812492371,2.98140573501587,80.6078109741211,75.2480697631836,77.6477127075195,83.5579299926758,0.00914931762963533,0.000236192863667384,0.00186969118658453,0.000853933684993535,0.388916194438934,0.000281226995866746,0.463002234697342,5.84326990065165e-05,11.4990042472898
"NO072",2010,NA,NA,0,-11.3568601608276,-1.61305201053619,8.90806674957275,-0.296893745660782,23.275032043457,2.17753219604492,2.35053730010986,4.18240118026733,3.20536088943481,79.0020446777344,75.6295471191406,77.7453308105469,84.4432525634766,0.00974605046212673,0.000279533589491621,0.00153585523366928,0.00103975890669972,0.390340000391006,0.000281257322058082,0.46108677983284,5.79306142753921e-05,11.4294516303111
"NO073",2017,NA,NA,0,-6.68717813491821,-2.81836271286011,9.60204124450684,0.63401871919632,18.8447322845459,2.05123686790466,1.55525386333466,3.3822877407074,1.57318830490112,84.0485610961914,76.1425704956055,78.7049942016602,87.1722946166992,0.00192142534069717,7.25161517038941e-05,0.00041551687172614,0.00111477950122207,0.473281145095825,0.0255358181893826,0.394601672887802,0.00330633344128728,10.6549915279829
"NO073",2023,NA,NA,0,-7.16327953338623,-1.63516104221344,11.7331418991089,-0.537556648254395,22.6950397491455,1.75483381748199,1.69815492630005,2.08902978897095,2.23927593231201,83.7075576782227,74.1284790039062,76.4274444580078,86.0205001831055,0.00191174261271954,7.72018975112587e-05,0.00044986794819124,0.00107204727828503,0.472969770431519,0.0255356971174479,0.394923716783524,0.003309132065624,10.6472323216693
"NO073",2010,NA,NA,0,-12.2744359970093,-1.53074026107788,9.50247097015381,-0.406060844659805,23.8059730529785,1.16603589057922,1.42194163799286,3.39624214172363,1.81983292102814,83.5398864746094,78.1446151733398,77.2699966430664,86.2302322387695,0.00208554603159428,8.89318180270493e-05,0.000381074263714254,0.00103420321829617,0.473616153001785,0.0255361162126064,0.394208937883377,0.00329820136539638,10.6296484786792
"NO071",2022,NA,NA,0,-6.6619291305542,0.863135933876038,10.9411172866821,3.14745926856995,18.962158203125,5.88510990142822,5.39089107513428,6.4290509223938,3.5510983467102,80.09228515625,77.4407501220703,79.9241561889648,82.4791717529297,0.00760962208732963,0.000700622622389346,0.00141676608473063,0.00119259476196021,0.276975303888321,0.00155712838750333,0.55915093421936,0.006351662799716,11.2931930811905
"NO071",2024,NA,NA,0,-7.32658338546753,1.256711602211,12.89328956604,3.50359010696411,20.8010425567627,5.2079610824585,2.42655062675476,5.63923406600952,7.07433366775513,80.3074798583984,72.9008636474609,77.7240219116211,85.1845779418945,0.00758699607104063,0.000711448839865625,0.00146173872053623,0.00117522687651217,0.275216609239578,0.00155682326294482,0.560889959335327,0.00635586958378553,11.2866363465431
"NO071",2023,NA,NA,0,-4.7919979095459,-1.21939265727997,12.3438301086426,-0.123656824231148,22.713623046875,5.27287006378174,3.52402973175049,3.24920272827148,3.99233818054199,82.0373077392578,75.2041015625,77.1125869750977,83.8015747070312,0.00759830046445131,0.000706035643815994,0.00143925228621811,0.0011839116923511,0.276092350482941,0.00155697588343173,0.560024082660675,0.00635376572608948,11.2956743821953
"NO072",2023,NA,NA,0,-5.82210540771484,-1.76404941082001,11.5588626861572,-0.431949615478516,22.4159526824951,3.58547306060791,3.28871273994446,2.05040812492371,2.98140573501587,80.6078109741211,75.2480697631836,77.6477127075195,83.5579299926758,0.00914931762963533,0.000236192863667384,0.00186969118658453,0.000853933684993535,0.388916194438934,0.000281226995866746,0.463002234697342,5.84326990065165e-05,11.4990042472898
"NO072",2018,NA,NA,0,-9.36466884613037,-1.37712359428406,10.230019569397,2.66662263870239,21.409875869751,1.36192429065704,2.12491154670715,4.6184344291687,3.61715149879456,78.3985061645508,76.0433731079102,79.3765029907227,84.0828094482422,0.00916619133204222,0.000238141539739445,0.00172993261367083,0.000884182809386402,0.389513224363327,0.000281240209005773,0.462495863437653,5.83774854021613e-05,11.4840293876093
"NO072",2024,NA,NA,0,-8.70090579986572,-0.439522325992584,13.1417617797852,2.69702529907227,23.4112911224365,3.14694952964783,1.95477902889252,3.49951362609863,4.69391059875488,78.4861755371094,73.6383361816406,76.3603363037109,82.0080490112305,0.00913681928068399,0.000234789011301473,0.0018989018863067,0.000848119263537228,0.388792812824249,0.000281226995866746,0.463116019964218,5.84499211981893e-05,11.4936798090992
"SEG226080",2017,NA,NA,0,-7.68884086608887,-3.36429262161255,9.8301591873169,-0.452780157327652,19.5083808898926,2.10878610610962,1.52598917484283,3.81992077827454,2.20766735076904,82.2297668457031,72.5590515136719,74.5907897949219,87.7236633300781,0.000591577845625579,2.76567470791633e-06,0.000246279465500265,0.000585794623475522,0.00797475501894951,0,0.953175842761993,0,9.46662534760079
"FI1D7",2017,NA,NA,0,-8.56910037994385,-2.12421417236328,11.4522171020508,0.678873896598816,22.844274520874,1.26882004737854,1.30709946155548,3.25831842422485,1.95658552646637,87.3466415405273,73.2191467285156,76.2714462280273,90.9189224243164,0.0024572943802923,6.9018437898194e-06,0.000559027423150837,0.000610137998592108,0.0556399002671242,0.151332005858421,0.738359928131104,0.00380656169727445,11.6926164163162
"NO073",2023,NA,NA,0,-7.16327953338623,-1.63516104221344,11.7331418991089,-0.537556648254395,22.6950397491455,1.75483381748199,1.69815492630005,2.08902978897095,2.23927593231201,83.7075576782227,74.1284790039062,76.4274444580078,86.0205001831055,0.00191174261271954,7.72018975112587e-05,0.00044986794819124,0.00107204727828503,0.472969770431519,0.0255356971174479,0.394923716783524,0.003309132065624,10.6472323216693
"NO073",2024,NA,NA,0,-9.95733737945557,-1.51215875148773,13.8203601837158,2.85097575187683,25.8374767303467,1.36621999740601,1.45269918441772,2.59934759140015,2.5740852355957,82.1537628173828,75.8096923828125,75.4054565429688,83.6045761108398,0.00190856831613928,7.63791540521197e-05,0.000455523579148576,0.00107138266321272,0.472914606332779,0.0255356915295124,0.394977539777756,0.00330948899500072,10.6373432211747
"NO071",2023,NA,NA,0,-4.7919979095459,-1.21939265727997,12.3438301086426,-0.123656824231148,22.713623046875,5.27287006378174,3.52402973175049,3.24920272827148,3.99233818054199,82.0373077392578,75.2041015625,77.1125869750977,83.8015747070312,0.00759830046445131,0.000706035643815994,0.00143925228621811,0.0011839116923511,0.276092350482941,0.00155697588343173,0.560024082660675,0.00635376572608948,11.2956743821953
"SEG226080",2023,NA,NA,0,-8.61258029937744,-2.55172514915466,11.8347291946411,-2.13122296333313,24.7040119171143,1.86498284339905,1.80684173107147,2.44178175926208,2.34653258323669,81.9816131591797,69.7084350585938,74.5491180419922,84.1567153930664,0.000585466797929257,3.27891393681057e-06,0.000275034282822162,0.000492986058816314,0.00797444954514503,0,0.95324581861496,0,9.4492306188802
"SEG226080",2024,NA,NA,0,-11.7763929367065,-1.39495253562927,13.1674671173096,1.35538899898529,25.9734535217285,1.69334721565247,1.31658291816711,3.64190483093262,2.85290145874023,81.0223999023438,72.2390518188477,74.4627838134766,81.5735473632812,0.000583847577217966,3.2980142350425e-06,0.000279482395853847,0.00047485827235505,0.00797444395720959,0,0.953261137008667,0,9.44095206095036
"SEG226080",2022,NA,NA,0,-10.9670419692993,-0.788383364677429,11.5219230651855,0.492505729198456,22.8056926727295,1.81981813907623,2.0220034122467,3.68805623054504,2.06172108650208,80.897331237793,72.790168762207,73.8483657836914,84.3115768432617,0.000587202433962375,3.02036642096937e-06,0.000270586140686646,0.000511352089233696,0.00797445513308048,0,0.953230381011963,0,9.45192195573469
"NO071",2023,NA,NA,0,-4.7919979095459,-1.21939265727997,12.3438301086426,-0.123656824231148,22.713623046875,5.27287006378174,3.52402973175049,3.24920272827148,3.99233818054199,82.0373077392578,75.2041015625,77.1125869750977,83.8015747070312,0.00759830046445131,0.000706035643815994,0.00143925228621811,0.0011839116923511,0.276092350482941,0.00155697588343173,0.560024082660675,0.00635376572608948,11.2956743821953
"NO071",2023,NA,NA,0,-4.7919979095459,-1.21939265727997,12.3438301086426,-0.123656824231148,22.713623046875,5.27287006378174,3.52402973175049,3.24920272827148,3.99233818054199,82.0373077392578,75.2041015625,77.1125869750977,83.8015747070312,0.00759830046445131,0.000706035643815994,0.00143925228621811,0.0011839116923511,0.276092350482941,0.00155697588343173,0.560024082660675,0.00635376572608948,11.2956743821953
"SEG226078",2024,NA,NA,0,-11.8907680511475,-0.576654434204102,12.9921760559082,1.94579684734344,25.7802982330322,2.14081406593323,1.47878444194794,4.69191408157349,3.45796942710876,80.5791854858398,70.7819595336914,75.7313079833984,81.6992111206055,7.2486545832362e-05,2.04245898203226e-05,7.5847732659895e-05,0.00021219284099061,0.00377912260591984,0,0.936010420322418,0,8.29079587823437
"SEG226078",2022,NA,NA,0,-10.712495803833,-0.200220465660095,11.6108570098877,1.03460490703583,22.9578380584717,2.26083540916443,2.40200901031494,4.00973129272461,2.22627401351929,79.7976226806641,71.3269729614258,74.490119934082,84.1244583129883,7.38211165298708e-05,1.9301449356135e-05,7.40886680432595e-05,0.000222565024159849,0.00377912260591984,0,0.936001658439636,0,8.3024554353527
"SEG226076",2017,NA,NA,0,-7.80076885223389,-2.57835674285889,10.5855493545532,0.0216960292309523,20.3593139648438,2.22617888450623,1.64907741546631,3.9003541469574,2.49611806869507,82.7991180419922,71.2556686401367,73.9204254150391,87.7445831298828,0.000294987927190959,1.06474553831504e-05,0.000474235392175615,0.00066209927899763,0.00290063116699457,0,0.958818435668945,0,10.1189549203191
"NO071",2024,NA,NA,0,-7.32658338546753,1.256711602211,12.89328956604,3.50359010696411,20.8010425567627,5.2079610824585,2.42655062675476,5.63923406600952,7.07433366775513,80.3074798583984,72.9008636474609,77.7240219116211,85.1845779418945,0.00758699607104063,0.000711448839865625,0.00146173872053623,0.00117522687651217,0.275216609239578,0.00155682326294482,0.560889959335327,0.00635586958378553,11.2866363465431
"FI1D7",2023,NA,NA,0,-8.12731456756592,-0.991104543209076,13.4152612686157,-0.862215459346771,24.8039588928223,1.51639878749847,1.28558874130249,2.64235067367554,2.59442329406738,87.0055923461914,69.9590148925781,74.2145690917969,88.0851516723633,0.00295863370411098,7.69239522924181e-06,0.000591184303630143,0.000630260969046503,0.0553720630705357,0.151112794876099,0.738306045532227,0.00379309384152293,11.6744592022943
"FI1D7",2023,NA,NA,0,-8.12731456756592,-0.991104543209076,13.4152612686157,-0.862215459346771,24.8039588928223,1.51639878749847,1.28558874130249,2.64235067367554,2.59442329406738,87.0055923461914,69.9590148925781,74.2145690917969,88.0851516723633,0.00295863370411098,7.69239522924181e-06,0.000591184303630143,0.000630260969046503,0.0553720630705357,0.151112794876099,0.738306045532227,0.00379309384152293,11.6744592022943
"FI1D7",2023,NA,NA,0,-8.12731456756592,-0.991104543209076,13.4152612686157,-0.862215459346771,24.8039588928223,1.51639878749847,1.28558874130249,2.64235067367554,2.59442329406738,87.0055923461914,69.9590148925781,74.2145690917969,88.0851516723633,0.00295863370411098,7.69239522924181e-06,0.000591184303630143,0.000630260969046503,0.0553720630705357,0.151112794876099,0.738306045532227,0.00379309384152293,11.6744592022943
"NO071",2023,NA,NA,0,-4.7919979095459,-1.21939265727997,12.3438301086426,-0.123656824231148,22.713623046875,5.27287006378174,3.52402973175049,3.24920272827148,3.99233818054199,82.0373077392578,75.2041015625,77.1125869750977,83.8015747070312,0.00759830046445131,0.000706035643815994,0.00143925228621811,0.0011839116923511,0.276092350482941,0.00155697588343173,0.560024082660675,0.00635376572608948,11.2956743821953
"NO071",2014,NA,NA,0,-4.35325908660889,0.998086035251617,12.7389974594116,2.68049263954163,21.3552761077881,3.66512274742126,4.91172409057617,2.84782552719116,4.06041049957275,76.5625076293945,75.8851013183594,74.9412155151367,82.7364883422852,0.00771162752062082,0.000630163413006812,0.00123750953935087,0.00123503303620964,0.283457368612289,0.00156025495380163,0.552782833576202,0.00633982196450233,11.3015304025343
"NO071",2023,NA,NA,0,-4.7919979095459,-1.21939265727997,12.3438301086426,-0.123656824231148,22.713623046875,5.27287006378174,3.52402973175049,3.24920272827148,3.99233818054199,82.0373077392578,75.2041015625,77.1125869750977,83.8015747070312,0.00759830046445131,0.000706035643815994,0.00143925228621811,0.0011839116923511,0.276092350482941,0.00155697588343173,0.560024082660675,0.00635376572608948,11.2956743821953
"NO071",2019,NA,NA,0,-5.59919023513794,0.074873648583889,11.6394567489624,0.296721905469894,20.8820037841797,6.11255598068237,4.20365047454834,3.834627866745,3.44058728218079,81.3886947631836,72.8426132202148,77.7373123168945,81.9967498779297,0.00760346278548241,0.000703489931765944,0.00135097559541464,0.00121409317944199,0.27947986125946,0.00155728578101844,0.556696534156799,0.00634894007816911,11.2989110147562
"NO071",2023,NA,NA,0,-4.7919979095459,-1.21939265727997,12.3438301086426,-0.123656824231148,22.713623046875,5.27287006378174,3.52402973175049,3.24920272827148,3.99233818054199,82.0373077392578,75.2041015625,77.1125869750977,83.8015747070312,0.00759830046445131,0.000706035643815994,0.00143925228621811,0.0011839116923511,0.276092350482941,0.00155697588343173,0.560024082660675,0.00635376572608948,11.2956743821953
"NO071",2023,NA,NA,0,-4.7919979095459,-1.21939265727997,12.3438301086426,-0.123656824231148,22.713623046875,5.27287006378174,3.52402973175049,3.24920272827148,3.99233818054199,82.0373077392578,75.2041015625,77.1125869750977,83.8015747070312,0.00759830046445131,0.000706035643815994,0.00143925228621811,0.0011839116923511,0.276092350482941,0.00155697588343173,0.560024082660675,0.00635376572608948,11.2956743821953
"NO071",2023,NA,NA,0,-4.7919979095459,-1.21939265727997,12.3438301086426,-0.123656824231148,22.713623046875,5.27287006378174,3.52402973175049,3.24920272827148,3.99233818054199,82.0373077392578,75.2041015625,77.1125869750977,83.8015747070312,0.00759830046445131,0.000706035643815994,0.00143925228621811,0.0011839116923511,0.276092350482941,0.00155697588343173,0.560024082660675,0.00635376572608948,11.2956743821953
"NO071",2022,NA,NA,0,-6.6619291305542,0.863135933876038,10.9411172866821,3.14745926856995,18.962158203125,5.88510990142822,5.39089107513428,6.4290509223938,3.5510983467102,80.09228515625,77.4407501220703,79.9241561889648,82.4791717529297,0.00760962208732963,0.000700622622389346,0.00141676608473063,0.00119259476196021,0.276975303888321,0.00155712838750333,0.55915093421936,0.006351662799716,11.2931930811905
"NO071",2024,NA,NA,0,-7.32658338546753,1.256711602211,12.89328956604,3.50359010696411,20.8010425567627,5.2079610824585,2.42655062675476,5.63923406600952,7.07433366775513,80.3074798583984,72.9008636474609,77.7240219116211,85.1845779418945,0.00758699607104063,0.000711448839865625,0.00146173872053623,0.00117522687651217,0.275216609239578,0.00155682326294482,0.560889959335327,0.00635586958378553,11.2866363465431
"NO071",2023,NA,NA,0,-4.7919979095459,-1.21939265727997,12.3438301086426,-0.123656824231148,22.713623046875,5.27287006378174,3.52402973175049,3.24920272827148,3.99233818054199,82.0373077392578,75.2041015625,77.1125869750977,83.8015747070312,0.00759830046445131,0.000706035643815994,0.00143925228621811,0.0011839116923511,0.276092350482941,0.00155697588343173,0.560024082660675,0.00635376572608948,11.2956743821953
"SEG226073",2022,NA,NA,0,-10.0444602966309,-0.295550733804703,11.3048915863037,1.32661962509155,22.2962112426758,2.19781875610352,2.19987082481384,4.11775588989258,2.13823485374451,80.8631057739258,72.9154052734375,75.0972213745117,84.9143981933594,0.000193781655980274,0,6.86650237184949e-05,0.000332092604367062,0.00503891613334417,0,0.901526629924774,0,8.11650068509343
"SEG226075",2023,NA,NA,0,-7.25678586959839,0.891487240791321,15.1070957183838,-0.0227849278599024,26.2177085876465,1.69791841506958,1.19724202156067,2.79956293106079,2.48097491264343,84.0918273925781,63.9571304321289,71.5802459716797,84.0843658447266,0.00498351780697703,0.000734122120775282,0.000607426511123776,0.000782753282692283,3.06629222013299e-10,0,0.965751469135284,0,8.59173993448342
"NO071",2017,NA,NA,0,-3.08840274810791,-0.9410280585289,10.3474559783936,2.79187512397766,14.1254682540894,7.78888845443726,4.3365626335144,5.10827875137329,3.28383326530457,83.9739761352539,74.8966903686523,77.6952133178711,82.1052398681641,0.00762721104547381,0.000680000928696245,0.00130251690279692,0.00127129640895873,0.281112372875214,0.00155821046791971,0.555064797401428,0.00633823638781905,11.3024912366585
"NO071",2024,NA,NA,0,-7.32658338546753,1.256711602211,12.89328956604,3.50359010696411,20.8010425567627,5.2079610824585,2.42655062675476,5.63923406600952,7.07433366775513,80.3074798583984,72.9008636474609,77.7240219116211,85.1845779418945,0.00758699607104063,0.000711448839865625,0.00146173872053623,0.00117522687651217,0.275216609239578,0.00155682326294482,0.560889959335327,0.00635586958378553,11.2866363465431
"SEG226074",2014,NA,NA,0,-7.09893894195557,1.99729812145233,14.4140977859497,1.40680193901062,26.6060428619385,1.8591216802597,1.03360974788666,2.59709787368774,1.30078399181366,89.3239593505859,68.3164443969727,71.4613189697266,86.5209045410156,0.000366942695109174,1.29591726363287e-05,0.000281510408967733,1.60083927767118e-05,1.40990302766042e-10,0,0.954092264175415,0,8.61539257059225
"SEG226074",2021,NA,NA,0,-8.88940620422363,0.827600717544556,14.2856512069702,0.875148952007294,25.3850803375244,2.13333630561829,1.27327406406403,2.76842069625854,2.71462655067444,86.2027587890625,68.8936996459961,67.4992828369141,86.0625457763672,0.000401583616621792,1.70222228916828e-05,0.000309106544591486,1.75553250301164e-05,1.40990302766042e-10,0,0.954024434089661,0,8.60278513701043
"FI1D9",2019,NA,NA,0,-8.4028491973877,2.15083408355713,13.8916721343994,1.7881668806076,26.843879699707,1.56852269172668,1.76187014579773,2.26722931861877,2.61657571792603,88.4660491943359,73.0200653076172,73.1647872924805,90.6144104003906,0.0545152239501476,0.000249846110818908,0.00266433414071798,0.000377723394194618,8.967168370691e-13,0.256681084632874,0.615463674068451,0.0159594565629959,12.2229610274717
"NO071",2024,NA,NA,0,-7.32658338546753,1.256711602211,12.89328956604,3.50359010696411,20.8010425567627,5.2079610824585,2.42655062675476,5.63923406600952,7.07433366775513,80.3074798583984,72.9008636474609,77.7240219116211,85.1845779418945,0.00758699607104063,0.000711448839865625,0.00146173872053623,0.00117522687651217,0.275216609239578,0.00155682326294482,0.560889959335327,0.00635586958378553,11.2866363465431
"NO071",2023,NA,NA,0,-4.7919979095459,-1.21939265727997,12.3438301086426,-0.123656824231148,22.713623046875,5.27287006378174,3.52402973175049,3.24920272827148,3.99233818054199,82.0373077392578,75.2041015625,77.1125869750977,83.8015747070312,0.00759830046445131,0.000706035643815994,0.00143925228621811,0.0011839116923511,0.276092350482941,0.00155697588343173,0.560024082660675,0.00635376572608948,11.2956743821953
"SEG226214",2017,NA,NA,0,-5.79781913757324,-0.810812532901764,10.765625,1.36714601516724,17.4409198760986,2.1697952747345,1.59792733192444,3.51183104515076,3.05528521537781,86.8059158325195,73.1670761108398,75.6844787597656,89.0529174804688,0.00126284710131586,5.52666767604469e-19,0.000155978719703853,0.00015283259563148,0.00654265936464071,0,0.944579362869263,0,8.56628093035352
"FI1D9",2020,NA,NA,0,-3.72147464752197,1.07824718952179,14.9502696990967,4.87075710296631,18.0772819519043,2.29565739631653,1.30195927619934,2.9038679599762,3.2963535785675,90.9092788696289,70.7555389404297,73.1592025756836,90.4465026855469,0.0544667579233646,0.000229025608859956,0.00268476223573089,0.000363258208381012,8.967168370691e-13,0.25668066740036,0.61547315120697,0.0160137210041285,12.2266875194579
"NO062",2018,NA,NA,0,-5.13129234313965,2.15808296203613,12.5239315032959,4.72987937927246,18.9348316192627,3.07900977134705,2.26540350914001,4.37849950790405,5.07683944702148,81.7370071411133,71.234375,78.2749099731445,85.6907424926758,0.0219789706170559,0.00373270595446229,0.00165481620933861,0.000779075198806822,0.186055600643158,0,0.710582494735718,0,11.1975270907882
"NO062",2020,NA,NA,0,-0.694109320640564,1.75605285167694,13.0416812896729,5.32778072357178,10.5580902099609,7.12049007415771,4.56079483032227,3.25657677650452,4.74669504165649,85.1331481933594,77.2659225463867,75.8805084228516,85.5198593139648,0.0220168195664883,0.00369747262448072,0.00171868421602994,0.000772171188145876,0.179838806390762,0,0.71673971414566,0,11.201933503213
"NO062",2018,NA,NA,0,-5.13129234313965,2.15808296203613,12.5239315032959,4.72987937927246,18.9348316192627,3.07900977134705,2.26540350914001,4.37849950790405,5.07683944702148,81.7370071411133,71.234375,78.2749099731445,85.6907424926758,0.0219789706170559,0.00373270595446229,0.00165481620933861,0.000779075198806822,0.186055600643158,0,0.710582494735718,0,11.1975270907882
"FI1D9",2023,NA,NA,0,-5.87194490432739,0.943145751953125,14.9246377944946,1.63241684436798,23.8551597595215,1.63322818279266,1.3957701921463,3.11365389823914,2.59359431266785,89.0351104736328,69.5067367553711,75.4863586425781,89.6372375488281,0.0547025538980961,0.000190864579053596,0.00275422167032957,0.000356459902832285,8.967168370691e-13,0.256523877382278,0.615114390850067,0.0162689201533794,12.250919031314
"FI1D8",2024,NA,NA,0,-10.9351205825806,1.96192240715027,16.0897102355957,4.85352468490601,29.8511180877686,1.75397348403931,1.48108720779419,3.08900952339172,2.23819661140442,86.5473098754883,73.5612869262695,76.0986938476562,89.3013153076172,0.0100191477686167,7.68508652981836e-06,0.00123011413961649,0.000128666855744086,8.40163103476253e-14,0.321052998304367,0.56447172164917,0.00569675769656897,10.8726842231002
"NO062",2022,NA,NA,0,-3.7917537689209,2.82135605812073,12.4441108703613,4.92672967910767,18.5031890869141,5.73899936676025,4.59781265258789,5.20235395431519,3.20809102058411,82.8473205566406,75.1135482788086,79.5586547851562,83.6704864501953,0.0219762437045574,0.00365115026943386,0.00177710701245815,0.000763188349083066,0.173525705933571,0,0.723090291023254,0,11.2061962672587
"NO062",2023,NA,NA,0,-3.43494057655334,0.887734532356262,13.469654083252,1.71488749980927,21.9660167694092,4.20200490951538,2.78902006149292,3.71415972709656,3.97095847129822,84.3092956542969,73.5400695800781,77.9189682006836,84.2936859130859,0.0219536758959293,0.00362784904427826,0.00180770666338503,0.000763628864660859,0.170178771018982,0,0.726452052593231,0,11.2125121725332
"NO062",2022,NA,NA,0,-3.7917537689209,2.82135605812073,12.4441108703613,4.92672967910767,18.5031890869141,5.73899936676025,4.59781265258789,5.20235395431519,3.20809102058411,82.8473205566406,75.1135482788086,79.5586547851562,83.6704864501953,0.0219762437045574,0.00365115026943386,0.00177710701245815,0.000763188349083066,0.173525705933571,0,0.723090291023254,0,11.2061962672587
"SEG226208",2024,NA,NA,0,-7.86989212036133,2.28573203086853,15.2000341415405,5.56975221633911,25.4049625396729,1.53620302677155,1.18694448471069,3.20006442070007,2.39094233512878,83.9819488525391,74.0089340209961,79.5350952148438,83.6659088134766,0.0473504960536957,0.00251069222576916,0.00129194464534521,0.00928052607923746,0,0.799378454685211,0,0.0869279876351357,8.12085931331942
"FI1D9",2024,NA,NA,0,-10.2694063186646,2.24127531051636,16.0533809661865,4.76928043365479,29.1874561309814,1.55272626876831,1.38742887973785,3.3812985420227,2.33837461471558,86.1900634765625,73.0921096801758,76.8516387939453,89.034294128418,0.0548325590789318,0.000176653993548825,0.00277830008417368,0.000357185577740893,8.967168370691e-13,0.256445467472076,0.614936411380768,0.0163847208023071,12.2493299722203
"FI1D8",2023,NA,NA,0,-6.32685041427612,0.805400490760803,14.6223106384277,1.67593395709991,23.8047180175781,1.79724681377411,1.6363205909729,3.69782185554504,2.73555541038513,89.3486022949219,68.8823623657227,76.1188049316406,89.8614273071289,0.00987308099865913,7.68242534832098e-06,0.00121940032113343,0.000125768216094002,8.40163103476253e-14,0.321149110794067,0.564542531967163,0.00568955950438976,10.8873576365159
"NO061",2023,NA,NA,0,-4.2898473739624,0.857172131538391,12.605320930481,1.8498021364212,20.3328971862793,3.25278878211975,2.62423753738403,4.36059951782227,3.68034744262695,81.1767501831055,71.984619140625,78.9144592285156,82.1345443725586,0.0379979647696018,0.00401030434295535,0.00589200761169195,0.00111608684528619,0.233161002397537,0,0.626267790794373,0,12.2443530880416
"NO062",2014,NA,NA,0,-2.03404831886292,3.5200047492981,14.1701555252075,4.79504919052124,19.681568145752,2.87551140785217,3.79941415786743,2.81624364852905,3.07342910766602,76.1206512451172,75.2436294555664,73.4704895019531,83.6934051513672,0.0221794173121452,0.00383893353864551,0.0015437543625012,0.000735064561013132,0.198505565524101,0,0.697980880737305,0,11.1820057221847
"SEG226033",2023,NA,NA,0,-5.62123346328735,-0.829090535640717,12.4327697753906,0.275899320840836,22.4304504394531,2.58240008354187,2.2274763584137,4.29477548599243,3.30827975273132,84.0590744018555,73.4728622436523,77.0442962646484,85.074333190918,0.00655847089365125,0.000604750239290297,0.000449928891612217,0.0011441494571045,0.00929334759712219,0,0.888215661048889,0,9.10802523613972
"SEG226219",2018,NA,NA,0,-7.62724542617798,2.10085821151733,15.5427350997925,4.16209697723389,25.1062145233154,2.14177131652832,0.908107757568359,1.79401862621307,1.36020994186401,88.7578506469727,68.8811569213867,66.9434661865234,85.1446685791016,0.0163357853889465,0.00222588120959699,0.00161880941595882,0.00222037453204393,4.66652827491032e-10,0,0.89069789648056,0,10.2221335947072
"FI1D5",2024,NA,NA,0,-8.50008773803711,3.92256689071655,16.3839550018311,5.88403749465942,27.5064582824707,1.4920746088028,1.27555251121521,3.3625316619873,2.29609274864197,86.5634994506836,71.3457870483398,76.6559371948242,88.8484802246094,0.109430953860283,0.000490915728732944,0.00292190373875201,0.000281379441730678,0,0.794195890426636,0.00521890120580792,0.0493065342307091,10.4291012988331
"NO053",2018,NA,NA,0,-3.34623765945435,2.93980526924133,12.1107387542725,4.61059331893921,15.4451589584351,4.2779746055603,2.25230622291565,4.14031028747559,6.63184595108032,78.2083282470703,69.5036926269531,76.4341735839844,79.8951797485352,0.0309252589941025,0.000744585646316409,0.00387124042026699,0.00146591302473098,0.375266373157501,0,0.433685183525085,0,11.5457179591606
"NO061",2018,NA,NA,0,-5.07740068435669,2.67293739318848,12.2426204681396,4.4471173286438,17.588171005249,2.72727036476135,1.79385554790497,3.62135672569275,3.951664686203,80.3566055297852,68.9368286132812,75.4628067016602,81.573600769043,0.038030955940485,0.00411231908947229,0.00546280527487397,0.00116046867333353,0.248402819037437,0,0.611275732517242,0,12.2020388174492
"NO061",2023,NA,NA,0,-4.2898473739624,0.857172131538391,12.605320930481,1.8498021364212,20.3328971862793,3.25278878211975,2.62423753738403,4.36059951782227,3.68034744262695,81.1767501831055,71.984619140625,78.9144592285156,82.1345443725586,0.0379979647696018,0.00401030434295535,0.00589200761169195,0.00111608684528619,0.233161002397537,0,0.626267790794373,0,12.2443530880416
"NO061",2024,NA,NA,0,-5.55505561828613,4.56362915039062,12.3246660232544,4.520751953125,18.0069236755371,3.06494498252869,1.48014974594116,5.00479698181152,4.75716114044189,79.4529495239258,70.3831100463867,77.0600051879883,84.1591644287109,0.0379650332033634,0.00398177793249488,0.00597699545323849,0.00111478136386722,0.229970559477806,0,0.629435956478119,0,12.2444822575943
"NO061",2023,NA,NA,0,-4.2898473739624,0.857172131538391,12.605320930481,1.8498021364212,20.3328971862793,3.25278878211975,2.62423753738403,4.36059951782227,3.68034744262695,81.1767501831055,71.984619140625,78.9144592285156,82.1345443725586,0.0379979647696018,0.00401030434295535,0.00589200761169195,0.00111608684528619,0.233161002397537,0,0.626267790794373,0,12.2443530880416
"NO062",2022,NA,NA,0,-3.7917537689209,2.82135605812073,12.4441108703613,4.92672967910767,18.5031890869141,5.73899936676025,4.59781265258789,5.20235395431519,3.20809102058411,82.8473205566406,75.1135482788086,79.5586547851562,83.6704864501953,0.0219762437045574,0.00365115026943386,0.00177710701245815,0.000763188349083066,0.173525705933571,0,0.723090291023254,0,11.2061962672587
"SEG226033",2024,NA,NA,0,-7.82377862930298,2.82512068748474,12.0866546630859,3.75887107849121,20.1660938262939,2.4432065486908,1.41449296474457,4.71582126617432,3.36900115013123,81.3196105957031,71.6203994750977,77.3886260986328,85.1975250244141,0.00653575360774994,0.000624370703008026,0.000458120252005756,0.00113370013423264,0.00917787291109562,0,0.888336479663849,0,9.10272721251342
"FI1D3",2024,NA,NA,0,-10.2364101409912,3.27551651000977,17.1947898864746,6.2533540725708,29.8293113708496,1.98692739009857,1.54794645309448,2.79159712791443,1.84625196456909,86.2563705444336,74.2459411621094,75.534553527832,87.6977081298828,0.0368450284004211,0.0002017800725298,0.00369200762361288,0.000437783251982182,1.70353390682026e-12,0.0417340099811554,0.750285565853119,0.00135829136706889,11.6066609681218
"FI1D3",2023,NA,NA,0,-5.44604396820068,2.29937744140625,15.5474872589111,3.24398827552795,24.1838092803955,2.01095151901245,1.72601699829102,3.9057445526123,3.25254273414612,89.1019439697266,69.418701171875,76.0857162475586,87.8279876708984,0.0366672165691853,0.000199470217921771,0.00366441835649312,0.00043068325612694,1.70353390682026e-12,0.0417341440916061,0.750518500804901,0.00134000496473163,11.6156781926779
"NO053",2022,NA,NA,0,-2.2124388217926,2.72429203987122,11.5233726501465,5.61365938186646,17.8869190216064,7.46649599075317,3.66076421737671,5.70037889480591,4.35818290710449,80.5642242431641,71.8158569335938,80.196044921875,79.5615081787109,0.0309517439454794,0.000751028012018651,0.00416138581931591,0.0014299558242783,0.37420517206192,0,0.434459269046783,0,11.5547163399742
"NO053",2022,NA,NA,0,-2.2124388217926,2.72429203987122,11.5233726501465,5.61365938186646,17.8869190216064,7.46649599075317,3.66076421737671,5.70037889480591,4.35818290710449,80.5642242431641,71.8158569335938,80.196044921875,79.5615081787109,0.0309517439454794,0.000751028012018651,0.00416138581931591,0.0014299558242783,0.37420517206192,0,0.434459269046783,0,11.5547163399742
"NO053",2019,NA,NA,0,-1.92702889442444,2.77752923965454,12.4845399856567,2.29786682128906,16.6275310516357,5.68578863143921,3.96723008155823,4.62585163116455,4.61905717849731,80.3380279541016,72.8584442138672,77.3068466186523,81.4206237792969,0.0308819804340601,0.00075443385867402,0.00394349778071046,0.00144513405393809,0.374978840351105,0,0.433954656124115,0,11.5484044359282
"NO061",2023,NA,NA,0,-4.2898473739624,0.857172131538391,12.605320930481,1.8498021364212,20.3328971862793,3.25278878211975,2.62423753738403,4.36059951782227,3.68034744262695,81.1767501831055,71.984619140625,78.9144592285156,82.1345443725586,0.0379979647696018,0.00401030434295535,0.00589200761169195,0.00111608684528619,0.233161002397537,0,0.626267790794373,0,12.2443530880416
"SEG226036",2023,NA,NA,0,-7.28191375732422,0.191131323575974,13.1185941696167,0.804247319698334,23.5107135772705,1.40780389308929,1.69036543369293,4.73424673080444,2.5577392578125,82.6081161499023,66.4121627807617,72.3286514282227,82.2575073242188,0.00182741833850741,1.03492702692165e-05,0.000227275071665645,0.000217531996895559,0.00803358666598797,0.000153174682054669,0.969626069068909,7.900275522843e-05,8.78325344182442
"SEG226034",2024,NA,NA,0,-8.67818832397461,3.36637091636658,12.6031999588013,3.6279673576355,21.6299629211426,1.40725755691528,1.31258344650269,3.76352429389954,2.11419916152954,80.3784561157227,68.6757736206055,74.1291427612305,82.2649383544922,0.00940993428230286,0.000774113112129271,0.000467695208499208,0.00146089715417475,9.88500045706608e-11,0.21045757830143,0.63131594657898,0.0966440737247467,8.81972798824859
"FI195",2023,NA,NA,0,-3.11224937438965,2.37110304832458,15.7979850769043,4.13852834701538,22.4971370697021,1.5054202079773,1.36458265781403,3.06648111343384,2.69719433784485,87.9148025512695,70.9270553588867,75.6158905029297,86.1912078857422,0.165941089391708,0.00138159329071641,0.00491097383201122,0.000488016026793048,0,0.538926422595978,0,0.0728589743375778,11.1011699889161
"FI193",2021,NA,NA,0,-6.1855788230896,2.91723537445068,17.2550773620605,4.39247560501099,21.2446899414062,2.14959597587585,1.93450772762299,2.67966222763062,2.17491364479065,90.6540222167969,73.7057876586914,71.0994033813477,88.1862258911133,0.0453280247747898,8.15309540485032e-05,0.00509713171049953,3.39222933689598e-05,8.3204703706357e-14,0.66588819026947,0.109954878687859,0.0176809839904308,12.1874790542428
"FI1D3",2023,NA,NA,0,-5.44604396820068,2.29937744140625,15.5474872589111,3.24398827552795,24.1838092803955,2.01095151901245,1.72601699829102,3.9057445526123,3.25254273414612,89.1019439697266,69.418701171875,76.0857162475586,87.8279876708984,0.0366672165691853,0.000199470217921771,0.00366441835649312,0.00043068325612694,1.70353390682026e-12,0.0417341440916061,0.750518500804901,0.00134000496473163,11.6156781926779
"NO053",2024,NA,NA,0,-4.08869552612305,4.83047580718994,11.9847097396851,4.93495225906372,16.4406356811523,5.15833711624146,2.2807502746582,5.99009037017822,6.69233131408691,78.9727783203125,71.0653305053711,78.6595230102539,84.3851470947266,0.0309489294886589,0.000761875766329467,0.00430412124842405,0.0014337197644636,0.373535722494125,0,0.434974193572998,0,11.5562148130686
"NO053",2017,NA,NA,0,-0.280280023813248,2.44787836074829,10.9658842086792,4.46675825119019,12.1368350982666,7.38258934020996,4.40215635299683,5.24261331558228,5.33636856079102,80.4611282348633,74.7739562988281,78.4713973999023,79.826286315918,0.0308327227830887,0.000738490023650229,0.00380630884319544,0.0014624398900196,0.375493049621582,0,0.433625519275665,0,11.5431255967102
"NO053",2023,NA,NA,0,-3.34296274185181,1.24020624160767,12.5297298431396,2.68910193443298,18.3096370697021,5.25722551345825,3.52489113807678,5.01111888885498,5.17571067810059,79.9284744262695,72.6228103637695,80.6575088500977,80.6293640136719,0.0309503357857466,0.000756501278374344,0.00423275353386998,0.00143178889993578,0.373869121074677,0,0.434718042612076,0,11.5611840146434
"NO053",2017,NA,NA,0,-0.280280023813248,2.44787836074829,10.9658842086792,4.46675825119019,12.1368350982666,7.38258934020996,4.40215635299683,5.24261331558228,5.33636856079102,80.4611282348633,74.7739562988281,78.4713973999023,79.826286315918,0.0308327227830887,0.000738490023650229,0.00380630884319544,0.0014624398900196,0.375493049621582,0,0.433625519275665,0,11.5431255967102
"NO053",2024,NA,NA,0,-4.08869552612305,4.83047580718994,11.9847097396851,4.93495225906372,16.4406356811523,5.15833711624146,2.2807502746582,5.99009037017822,6.69233131408691,78.9727783203125,71.0653305053711,78.6595230102539,84.3851470947266,0.0309489294886589,0.000761875766329467,0.00430412124842405,0.0014337197644636,0.373535722494125,0,0.434974193572998,0,11.5562148130686
"NO022",2024,NA,NA,0,-9.56361389160156,2.39977765083313,10.8285913467407,2.5531222820282,21.1507778167725,2.49382591247559,2.04875111579895,5.1075553894043,3.51059770584106,82.1244812011719,72.6603546142578,76.6877746582031,84.436653137207,0.0259366631507874,0.00727650802582502,0.00329246534965932,0.00116305728442967,0.433095812797546,0,0.4865762591362,0,11.7699648200269
"NO022",2018,NA,NA,0,-8.69930267333984,0.556366801261902,12.7148475646973,1.94494462013245,20.1859951019287,2.72155356407166,1.39517021179199,2.90062069892883,3.31175017356873,83.986572265625,67.8729019165039,66.295539855957,81.8638229370117,0.0259684231132269,0.00722928205505013,0.00300269690342247,0.00126149074640125,0.446628928184509,0,0.473249942064285,0,11.7693402756176
"NO021",2023,NA,NA,0,-7.21769571304321,0.791508138179779,13.3664989471436,1.5951737165451,23.015926361084,1.91237199306488,1.95413565635681,4.78150510787964,2.36407470703125,83.8789138793945,66.5440368652344,74.113166809082,82.4720077514648,0.0349921435117722,0.00711835362017155,0.0026947888545692,0.000736044603399932,0.203296288847923,0,0.721445620059967,0,11.7948578364006
"SEG226020",2024,NA,NA,0,-7.30187559127808,4.60274362564087,14.7020778656006,5.03781700134277,22.7457237243652,1.3008508682251,1.35860574245453,3.07114028930664,1.72511219978333,81.3587646484375,68.6471786499023,70.7022857666016,80.7376174926758,0.0117035899311304,0.00284978374838829,0.000516685075126588,0.0028964658267796,7.27350346618749e-10,0,0.946709752082825,0,9.2031325241466
"NO052",2024,NA,NA,0,-4.73847961425781,4.06509590148926,11.0557699203491,4.58892917633057,16.3570976257324,7.23608541488647,3.51607799530029,7.41983461380005,7.58901119232178,81.9004745483398,72.5847625732422,79.3507308959961,86.1001586914062,0.0243833791464567,0.000395714421756566,0.00241308775730431,0.000797349959611893,0.36084645986557,0,0.437052190303802,0,11.1772538452697
"NO052",2023,NA,NA,0,-3.7441234588623,0.638200521469116,12.0858144760132,2.59721803665161,17.8632373809814,6.60158729553223,3.39174437522888,5.99397706985474,6.39521360397339,83.2828063964844,72.5789184570312,78.2170639038086,81.8633575439453,0.0243806838989258,0.00039603904588148,0.00237112655304372,0.00079435930820182,0.360973000526428,0,0.436972975730896,0,11.1846661597083
"NO052",2023,NA,NA,0,-3.7441234588623,0.638200521469116,12.0858144760132,2.59721803665161,17.8632373809814,6.60158729553223,3.39174437522888,5.99397706985474,6.39521360397339,83.2828063964844,72.5789184570312,78.2170639038086,81.8633575439453,0.0243806838989258,0.00039603904588148,0.00237112655304372,0.00079435930820182,0.360973000526428,0,0.436972975730896,0,11.1846661597083
"NO052",2024,NA,NA,0,-4.73847961425781,4.06509590148926,11.0557699203491,4.58892917633057,16.3570976257324,7.23608541488647,3.51607799530029,7.41983461380005,7.58901119232178,81.9004745483398,72.5847625732422,79.3507308959961,86.1001586914062,0.0243833791464567,0.000395714421756566,0.00241308775730431,0.000797349959611893,0.36084645986557,0,0.437052190303802,0,11.1772538452697
"NO052",2014,NA,NA,0,-1.91975486278534,3.35576891899109,12.577410697937,5.44254779815674,16.1695690155029,6.2797679901123,5.35310459136963,4.4311318397522,6.76392221450806,75.6016387939453,72.1851654052734,73.0665435791016,80.6191024780273,0.0243803560733795,0.000397079536924139,0.00200767116621137,0.000779298134148121,0.362142831087112,0,0.436180979013443,0,11.1720427979336
"NO022",2023,NA,NA,0,-8.25120067596436,-1.18143057823181,11.6421146392822,0.0848714038729668,22.0378131866455,2.52541780471802,2.30425214767456,5.65038108825684,2.86322951316833,83.2659530639648,69.3007202148438,76.4674987792969,82.9524154663086,0.0259549543261528,0.00724130449816585,0.00324503262527287,0.00116819341201335,0.435435622930527,0,0.484295636415482,0,11.7763871438851
"NO022",2024,NA,NA,0,-9.56361389160156,2.39977765083313,10.8285913467407,2.5531222820282,21.1507778167725,2.49382591247559,2.04875111579895,5.1075553894043,3.51059770584106,82.1244812011719,72.6603546142578,76.6877746582031,84.436653137207,0.0259366631507874,0.00727650802582502,0.00329246534965932,0.00116305728442967,0.433095812797546,0,0.4865762591362,0,11.7699648200269
"NO022",2023,NA,NA,0,-8.25120067596436,-1.18143057823181,11.6421146392822,0.0848714038729668,22.0378131866455,2.52541780471802,2.30425214767456,5.65038108825684,2.86322951316833,83.2659530639648,69.3007202148438,76.4674987792969,82.9524154663086,0.0259549543261528,0.00724130449816585,0.00324503262527287,0.00116819341201335,0.435435622930527,0,0.484295636415482,0,11.7763871438851
"NO021",2017,NA,NA,0,-4.78212594985962,1.98143005371094,11.5096883773804,2.4788064956665,18.6452217102051,1.53113448619843,1.66667938232422,3.60073518753052,2.8129301071167,84.4714508056641,71.3092727661133,74.0217819213867,85.8150482177734,0.034777007997036,0.00715086283162236,0.00246715592220426,0.000814374070614576,0.226187974214554,0,0.698885917663574,0,11.7865661750901
"SEG226001",2014,NA,NA,0,-3.98833060264587,3.09940886497498,12.9658479690552,3.96404719352722,19.9105377197266,2.76400232315063,2.08723282814026,3.39600467681885,2.96964168548584,87.4448852539062,70.8487777709961,74.0473556518555,86.7881164550781,0.00248925504274666,6.26786713837646e-05,0.000150701554957777,1.39445955937845e-05,0.0143366968259215,0,0.964627027511597,0,8.43566851051159
"FI196",2007,NA,NA,0,-3.43995094299316,5.400954246521,15.7370672225952,5.61163139343262,26.069787979126,1.95361697673798,1.36908221244812,2.920001745224,2.2093780040741,87.0041046142578,73.870491027832,74.4001770019531,86.2176055908203,0.170715719461441,0.00306504592299461,0.00802704878151417,0.000273213430773467,0,0.692337512969971,0,0.0666975751519203,11.8137898381585
"FI197",2023,NA,NA,0,-3.42721366882324,3.43972325325012,16.0077514648438,4.63995122909546,22.6833953857422,1.89329469203949,1.57147145271301,3.52812814712524,2.73383355140686,90.7633056640625,68.2429351806641,74.7563095092773,88.2132186889648,0.128055736422539,0.000771610473748296,0.0136549603193998,0.000234380015172064,0,0.693488240242004,0,0.0497232191264629,12.7600170242418
"FI193",2023,NA,NA,0,-4.36657285690308,2.59489440917969,15.8197498321533,3.75032734870911,23.5081577301025,1.87123811244965,1.56685388088226,3.61382126808167,2.86090707778931,90.0666732788086,69.0701141357422,75.3568115234375,88.5876541137695,0.0458407737314701,7.5103271228727e-05,0.00517359003424644,3.74249939341098e-05,8.3204703706357e-14,0.665327370166779,0.10986652225256,0.0177438966929913,12.1972478052935
"FI193",2017,NA,NA,0,-4.40982818603516,1.94503343105316,13.7340383529663,4.60305643081665,19.253116607666,0.958446085453033,1.4862447977066,2.94646048545837,2.52005743980408,90.0860443115234,74.7249984741211,78.2279434204102,92.7282562255859,0.0442698560655117,9.29813395487145e-05,0.00493830908089876,3.0755272746319e-05,8.3204703706357e-14,0.667088687419891,0.110121168196201,0.0175229143351316,12.1873783662893
"NO052",2024,NA,NA,0,-4.73847961425781,4.06509590148926,11.0557699203491,4.58892917633057,16.3570976257324,7.23608541488647,3.51607799530029,7.41983461380005,7.58901119232178,81.9004745483398,72.5847625732422,79.3507308959961,86.1001586914062,0.0243833791464567,0.000395714421756566,0.00241308775730431,0.000797349959611893,0.36084645986557,0,0.437052190303802,0,11.1772538452697
"NO052",2024,NA,NA,0,-4.73847961425781,4.06509590148926,11.0557699203491,4.58892917633057,16.3570976257324,7.23608541488647,3.51607799530029,7.41983461380005,7.58901119232178,81.9004745483398,72.5847625732422,79.3507308959961,86.1001586914062,0.0243833791464567,0.000395714421756566,0.00241308775730431,0.000797349959611893,0.36084645986557,0,0.437052190303802,0,11.1772538452697
"NO052",2017,NA,NA,0,-1.10393917560577,1.99973917007446,10.2054882049561,4.027184009552,12.6718330383301,8.21264362335205,5.2513952255249,5.9104151725769,7.74909543991089,82.6461029052734,76.3444213867188,78.6379318237305,82.5723876953125,0.0242555625736713,0.000404085119953379,0.00211432529613376,0.000793337356299162,0.361762076616287,0,0.436558812856674,0,11.1801220213401
"NO052",2020,NA,NA,0,-0.863288998603821,1.17401516437531,11.8035192489624,5.06299114227295,9.04722213745117,11.877799987793,5.70028638839722,4.62124967575073,9.03633689880371,83.872673034668,74.5959396362305,74.7515487670898,83.9397277832031,0.0243953168392181,0.000399155745981261,0.00224554329179227,0.000794607040006667,0.361332327127457,0,0.436721235513687,0,11.1804335307999
"NO022",2020,NA,NA,0,-4.38484716415405,-0.00717249279841781,11.4219245910645,2.92677974700928,11.9666547775269,3.38139414787292,2.00004887580872,3.534836769104,3.88957667350769,82.4133605957031,67.9797210693359,72.8527984619141,83.9538040161133,0.0260128956288099,0.00721470778807998,0.0031017183791846,0.00119592016562819,0.44224089384079,0,0.477574616670609,0,11.7695637518883
"NO022",2022,NA,NA,0,-6.87520599365234,0.536093533039093,11.2518615722656,2.76105189323425,23.2058696746826,2.72930550575256,1.46388423442841,3.4017641544342,3.72220396995544,81.2412796020508,65.0251007080078,73.6532363891602,84.957405090332,0.0259732455015182,0.00720609771087766,0.00319759990088642,0.00117332651279867,0.437795132398605,0,0.48199537396431,0,11.7712215497394
"NO021",2024,NA,NA,0,-8.569167137146,4.24397373199463,12.6280603408813,3.81090021133423,22.1051597595215,1.78982090950012,1.67163598537445,4.49335718154907,2.64845514297485,82.6404266357422,69.9372253417969,75.0405731201172,83.8896255493164,0.0350052714347839,0.00712808780372143,0.00273325107991695,0.000746550154872239,0.199248805642128,0,0.72542130947113,0,11.7890904540716
"NO021",2023,NA,NA,0,-7.21769571304321,0.791508138179779,13.3664989471436,1.5951737165451,23.015926361084,1.91237199306488,1.95413565635681,4.78150510787964,2.36407470703125,83.8789138793945,66.5440368652344,74.113166809082,82.4720077514648,0.0349921435117722,0.00711835362017155,0.0026947888545692,0.000736044603399932,0.203296288847923,0,0.721445620059967,0,11.7948578364006
"FI1C2",2024,NA,NA,0,-6.51037740707397,5.39616060256958,17.109260559082,7.57398986816406,26.1745204925537,1.66007316112518,1.36498844623566,3.21068954467773,2.38641500473022,88.2617645263672,74.5248184204102,76.3301620483398,88.8210372924805,0.194497331976891,0.00173067208379507,0.0143276890739799,0.000329551170580089,4.77231101064506e-17,0.578197002410889,0.0533501766622066,0.0689016282558441,11.8366174976539
"FI1C3",2024,NA,NA,0,-7.13029146194458,5.09586668014526,17.3641757965088,7.69347095489502,27.025297164917,1.75124537944794,1.34221363067627,2.99465990066528,2.07887053489685,87.7210693359375,74.2400360107422,75.6588439941406,88.1626434326172,0.137473493814468,0.00114349054638296,0.00987845100462437,0.000261181383393705,3.22624448044571e-14,0.0141696417704225,0.662411332130432,0.00067123508779332,11.5617930814973
"NO051",2020,NA,NA,0,-0.144434854388237,1.68589460849762,11.7083873748779,5.54433631896973,8.60179901123047,13.2760829925537,5.69757318496704,5.12598848342896,9.49727153778076,85.8934478759766,76.4230651855469,77.6711502075195,85.4369430541992,0.0195057895034552,0.000306173111312091,0.00141208851709962,0.000776162603870034,0.345248281955719,2.01395541807869e-05,0.48827263712883,0.000171624662471004,11.1261306797405
"NO051",2023,NA,NA,0,-3.02114939689636,1.02150237560272,12.0934238433838,3.40335822105408,16.3900756835938,7.63337278366089,3.4135844707489,6.06964254379272,6.77867269515991,84.6289901733398,74.4999542236328,79.2741241455078,81.8690414428711,0.0194721575826406,0.00030331322341226,0.0015748665900901,0.000761076458729804,0.343550264835358,2.01395541807869e-05,0.489859580993652,0.000171473060618155,11.1569140285403
"NO051",2024,NA,NA,0,-4.10423231124878,4.32072162628174,11.1428909301758,5.22008323669434,16.5911064147949,8.59291553497314,4.26228475570679,7.37493562698364,7.19398593902588,82.8964004516602,74.8884887695312,81.0344619750977,86.7330551147461,0.0194627251476049,0.000302998290862888,0.00163203093688935,0.000756360474042594,0.342966109514236,2.01395541807869e-05,0.490401089191437,0.000171444655279629,11.1582475212343
"NO051",2017,NA,NA,0,-0.944716393947601,2.44726824760437,10.3724126815796,4.5329704284668,12.8617792129517,8.23299026489258,5.64884853363037,6.64251565933228,9.05783271789551,83.6229476928711,78.9469985961914,80.5607223510742,83.6504058837891,0.0194446351379156,0.000307589129079133,0.00123713188804686,0.000813393446151167,0.34686154127121,2.01499569811858e-05,0.48685684800148,0.000171616047737189,11.1025781064874
"NO052",2023,NA,NA,0,-3.7441234588623,0.638200521469116,12.0858144760132,2.59721803665161,17.8632373809814,6.60158729553223,3.39174437522888,5.99397706985474,6.39521360397339,83.2828063964844,72.5789184570312,78.2170639038086,81.8633575439453,0.0243806838989258,0.00039603904588148,0.00237112655304372,0.00079435930820182,0.360973000526428,0,0.436972975730896,0,11.1846661597083
"NO032",2020,NA,NA,0,-2.49429321289062,1.76884198188782,12.5232715606689,4.47325277328491,11.6914339065552,3.48117256164551,1.80766427516937,3.75670742988586,4.37519788742065,82.7069091796875,66.6568908691406,73.3867645263672,84.0061721801758,0.0254165828227997,0.00636962335556746,0.00817246548831463,0.000723931472748518,0.237499892711639,0,0.686401009559631,0,12.270097436098
"NO022",2017,NA,NA,0,-5.24453115463257,0.367416739463806,9.8481855392456,0.903918027877808,17.1524295806885,2.28741526603699,2.24928188323975,3.88574051856995,3.55080223083496,82.3018646240234,72.4707183837891,74.3986282348633,85.0931549072266,0.0259889867156744,0.0072635356336832,0.00295572564937174,0.00126483209896833,0.448955863714218,0,0.470911800861359,0,11.7691284801704
"SEG226009",2023,NA,NA,0,-5.84363460540771,1.65452992916107,14.3909482955933,2.75762367248535,22.6537551879883,1.93053650856018,1.80925726890564,4.61020851135254,2.23589777946472,86.2144165039062,67.3270950317383,72.8268890380859,82.8363494873047,0.00490601547062397,0.000491334882099181,0.000741948082577437,7.73889769334346e-05,0.0113560426980257,0,0.953409671783447,0,8.90113183962594
"SEG226017",2022,NA,NA,0,-2.16833567619324,5.3059196472168,17.157585144043,7.64908027648926,21.4498462677002,1.4363865852356,0.963446617126465,3.24942111968994,1.52594089508057,80.6900253295898,63.990104675293,69.731086730957,84.6471939086914,0.0495698191225529,0.00834725797176361,0.0133890612050891,0.00542440731078386,2.92857960104698e-10,0.326951384544373,0.267179578542709,0.1061702221632,10.7292516452107
"FI1C1",2023,NA,NA,0,-1.84776616096497,4.351722240448,16.478328704834,6.4021201133728,20.8705711364746,2.06470346450806,1.47311806678772,3.05867910385132,2.65834927558899,89.3525772094727,68.8115386962891,74.2207717895508,85.7274627685547,0.278032034635544,0.00259495549835265,0.0124652339145541,0.00047511889715679,0,0.475006580352783,0,0.113727286458015,12.2689865566877
"NO051",2007,NA,NA,0,-1.32546865940094,2.89103126525879,11.6435174942017,3.21248459815979,15.7491073608398,10.9051132202148,6.58709478378296,5.72543907165527,8.26656818389893,84.5370178222656,78.0294418334961,76.1335754394531,84.5578384399414,0.0205759294331074,0.000366158725228161,0.0009548524976708,0.000955421011894941,0.351760685443878,2.01525399461389e-05,0.480914741754532,0.000164929399034008,11.0101781264216
"NO051",2020,NA,NA,0,-0.144434854388237,1.68589460849762,11.7083873748779,5.54433631896973,8.60179901123047,13.2760829925537,5.69757318496704,5.12598848342896,9.49727153778076,85.8934478759766,76.4230651855469,77.6711502075195,85.4369430541992,0.0195057895034552,0.000306173111312091,0.00141208851709962,0.000776162603870034,0.345248281955719,2.01395541807869e-05,0.48827263712883,0.000171624662471004,11.1261306797405
"NO051",2022,NA,NA,0,-2.13181853294373,2.12502026557922,11.2548055648804,5.65702629089355,16.9597148895264,9.98183250427246,3.31120896339417,5.70043849945068,6.87684154510498,84.205207824707,72.80712890625,81.0801315307617,82.02685546875,0.0194815937429667,0.000303628068650141,0.00151770247612149,0.000765792734455317,0.344139248132706,2.01395541807869e-05,0.489313304424286,0.00017150146595668,11.1438153767903
"NO051",2024,NA,NA,0,-4.10423231124878,4.32072162628174,11.1428909301758,5.22008323669434,16.5911064147949,8.59291553497314,4.26228475570679,7.37493562698364,7.19398593902588,82.8964004516602,74.8884887695312,81.0344619750977,86.7330551147461,0.0194627251476049,0.000302998290862888,0.00163203093688935,0.000756360474042594,0.342966109514236,2.01395541807869e-05,0.490401089191437,0.000171444655279629,11.1582475212343
"NO032",2019,NA,NA,0,-4.65565919876099,2.31742024421692,12.8294343948364,1.77925431728363,20.2963371276855,2.291344165802,2.94998955726624,3.92916560173035,4.00012826919556,82.879638671875,68.2563171386719,74.8566741943359,84.3792572021484,0.0253373682498932,0.00639336230233312,0.0080542229115963,0.000732377637177706,0.240932658314705,0,0.683133542537689,0,12.2648311890698
"SE121",2020,NA,NA,0,2.15048718452454,5.58314275741577,16.9168300628662,8.74942111968994,12.2406196594238,1.39049661159515,1.41692364215851,1.87819004058838,1.8280531167984,83.1788558959961,64.4769668579102,67.5337829589844,84.3546524047852,0.188712522387505,0.0292489118874073,0.0128801912069321,0.0099350493401289,6.6354970129634e-11,0.369687348604202,0.0734704807400703,0.231172502040863,12.4934798364555
"FI1C1",2023,NA,NA,0,-1.84776616096497,4.351722240448,16.478328704834,6.4021201133728,20.8705711364746,2.06470346450806,1.47311806678772,3.05867910385132,2.65834927558899,89.3525772094727,68.8115386962891,74.2207717895508,85.7274627685547,0.278032034635544,0.00259495549835265,0.0124652339145541,0.00047511889715679,0,0.475006580352783,0,0.113727286458015,12.2689865566877
"NO051",2022,NA,NA,0,-2.13181853294373,2.12502026557922,11.2548055648804,5.65702629089355,16.9597148895264,9.98183250427246,3.31120896339417,5.70043849945068,6.87684154510498,84.205207824707,72.80712890625,81.0801315307617,82.02685546875,0.0194815937429667,0.000303628068650141,0.00151770247612149,0.000765792734455317,0.344139248132706,2.01395541807869e-05,0.489313304424286,0.00017150146595668,11.1438153767903
"NO051",2024,NA,NA,0,-4.10423231124878,4.32072162628174,11.1428909301758,5.22008323669434,16.5911064147949,8.59291553497314,4.26228475570679,7.37493562698364,7.19398593902588,82.8964004516602,74.8884887695312,81.0344619750977,86.7330551147461,0.0194627251476049,0.000302998290862888,0.00163203093688935,0.000756360474042594,0.342966109514236,2.01395541807869e-05,0.490401089191437,0.000171444655279629,11.1582475212343
"NO051",2017,NA,NA,0,-0.944716393947601,2.44726824760437,10.3724126815796,4.5329704284668,12.8617792129517,8.23299026489258,5.64884853363037,6.64251565933228,9.05783271789551,83.6229476928711,78.9469985961914,80.5607223510742,83.6504058837891,0.0194446351379156,0.000307589129079133,0.00123713188804686,0.000813393446151167,0.34686154127121,2.01499569811858e-05,0.48685684800148,0.000171616047737189,11.1025781064874
"NO034",2010,NA,NA,0,-9.29196357727051,2.07039928436279,12.709397315979,1.78174018859863,21.947244644165,2.14239096641541,1.87339401245117,3.73893451690674,3.58693528175354,82.4485702514648,70.8247604370117,72.0700454711914,80.7163619995117,0.0178406033664942,0.00211850996129215,0.00226815533824265,0.000124028912978247,0.29344454407692,0,0.657468676567078,0,11.1948216628538
"NO034",2014,NA,NA,0,-2.33836936950684,4.1505241394043,13.1866140365601,5.56561231613159,17.1745014190674,6.80970478057861,2.68042182922363,3.77158784866333,5.27865219116211,86.7481460571289,71.6704635620117,71.5670852661133,85.2028656005859,0.0176994018256664,0.00228070165030658,0.0024114646948874,0.000132754430524074,0.279592216014862,0,0.671148002147675,0,11.2211551512032
"NO032",2010,NA,NA,0,-10.685923576355,1.68699181079865,12.4299201965332,0.424529731273651,22.4918746948242,1.66773152351379,1.90647578239441,4.25848484039307,2.7124752998352,82.390625,70.4782180786133,72.2923049926758,79.9731369018555,0.0255267396569252,0.00515274237841368,0.00703828316181898,0.000629895424935967,0.270928233861923,0,0.655307590961456,0,12.1845306329426
"SE121",2023,NA,NA,0,-1.49224889278412,4.8009238243103,16.3858680725098,6.7100076675415,20.2657928466797,1.58556282520294,1.37233102321625,3.32481169700623,2.35438227653503,85.0317916870117,65.8869781494141,72.4755706787109,84.4268646240234,0.187816992402077,0.029020631685853,0.0134168928489089,0.0101738702505827,6.6354970129634e-11,0.369407087564468,0.0736263915896416,0.231645122170448,12.517675691472
"SE121",2024,NA,NA,0,-3.39146900177002,6.31761312484741,16.9343299865723,7.72742938995361,22.2314167022705,1.7527791261673,1.42962622642517,2.44516921043396,1.90199661254883,86.3983306884766,73.8061294555664,71.1009140014648,82.8588027954102,0.187367036938667,0.0288841910660267,0.0136023936793208,0.0103154201060534,6.6354970129634e-11,0.369288504123688,0.0737143531441689,0.231935083866119,12.5218158884103
"NO043",2023,NA,NA,0,-0.633226156234741,2.78678894042969,12.8393974304199,5.68094873428345,13.791467666626,7.5709867477417,3.27032208442688,6.24289703369141,6.74474287033081,86.5089111328125,75.5138702392578,80.9459686279297,82.2279052734375,0.0603790357708931,0.0111154289916158,0.012436437420547,0.000434525194577873,0.258893489837646,0.0015272208256647,0.495363503694534,0.0130031295120716,12.1367621733903
"NO043",2024,NA,NA,0,-1.80216908454895,5.80925130844116,12.0130882263184,6.9711127281189,16.234094619751,8.31286334991455,4.5053129196167,6.55733108520508,5.87895774841309,84.2973098754883,75.763671875,83.1579666137695,87.1838684082031,0.0602888390421867,0.0110737001523376,0.0125915575772524,0.000403442536480725,0.258266568183899,0.0015272208256647,0.496000498533249,0.013000974431634,12.1412477500581
"NO043",2022,NA,NA,0,0.0213915482163429,3.75687098503113,12.4277334213257,7.61239576339722,14.8946113586426,8.61731243133545,2.83661389350891,4.60834407806396,7.09522914886475,86.017951965332,74.2423629760742,81.9199829101562,83.272346496582,0.0604692250490189,0.0111571541056037,0.0122813154011965,0.000465606834040955,0.259525656700134,0.0015272208256647,0.494721293449402,0.0130052836611867,12.1207316624283
"NO041",2017,NA,NA,0,-0.721457660198212,3.90787720680237,12.0791416168213,5.4791431427002,13.8869934082031,3.50468397140503,3.03008365631104,4.69737672805786,7.34692716598511,84.4376525878906,76.1462554931641,77.1520385742188,85.5471954345703,0.011670833453536,6.9039364461787e-05,0.00256564281880856,1.52189504660782e-05,0.286358833312988,0,0.632901012897491,0,10.5815628337868
"NO034",2020,NA,NA,0,-1.25595664978027,2.17387437820435,12.6674575805664,5.35437202453613,10.9057674407959,4.86919736862183,2.0148606300354,3.93896222114563,4.88080501556396,83.7954940795898,69.1740036010742,74.6579360961914,85.4689407348633,0.0178598165512085,0.0026233100797981,0.00271045113913715,0.000168011640198529,0.255675554275513,0,0.694227397441864,0,11.2367849690447
"NO034",2017,NA,NA,0,-2.75985074043274,2.823397397995,11.4886541366577,3.88697671890259,15.9582033157349,2.32161974906921,2.51396322250366,4.1892147064209,5.76442766189575,83.2624053955078,73.4445266723633,74.6917419433594,85.0943756103516,0.0175946112722158,0.00236319354735315,0.00255875382572412,0.000134616973809898,0.267583698034286,0,0.683029651641846,0,11.2323150997841
"NO031",2018,NA,NA,0,-1.4114066362381,6.23654747009277,18.0683078765869,8.09231567382812,20.1270771026611,2.47296595573425,1.0505838394165,1.70253098011017,2.65074896812439,87.8606948852539,67.8474273681641,65.2614440917969,82.2808074951172,0.0784340351819992,0.0281130895018578,0.0239488519728184,0.00192477705422789,0.0336469113826752,0,0.625504970550537,0,12.2234592131209
"NO031",2023,NA,NA,0,-0.683337569236755,5.64140939712524,16.470287322998,6.89296579360962,19.8792457580566,2.71163296699524,1.93067288398743,4.14770841598511,2.40433239936829,86.3701477050781,66.842041015625,74.3772583007812,82.0839767456055,0.0783989578485489,0.0279943943023682,0.0255472604185343,0.00196365732699633,0.0296993348747492,0,0.627969086170197,0,12.2733570271291
"SE311",2022,NA,NA,0,-1.62392687797546,5.15246200561523,16.2949829101562,7.66140508651733,20.9504013061523,1.77935993671417,1.0299471616745,2.95822429656982,2.42065072059631,82.9790802001953,64.6810836791992,72.14453125,85.8619232177734,0.0510197840631008,0.0126956449821591,0.00882183760404587,0.00184350158087909,0.00388719025067985,0.011861220933497,0.743069231510162,0.00985830649733543,12.1474403151263
"SE311",2024,NA,NA,0,-4.65131998062134,6.41863107681274,15.4454078674316,7.34588956832886,22.343578338623,2.31862497329712,1.79216408729553,4.22703266143799,1.84680783748627,86.592170715332,73.372428894043,75.4799728393555,83.6143951416016,0.0508056543767452,0.0127952033653855,0.00903476029634476,0.00190880300942808,0.00367664662189782,0.0118598742410541,0.74308431148529,0.00989147461950779,12.1425277139523
"SE311",2023,NA,NA,0,-2.15607070922852,4.3636622428894,15.9737091064453,5.80041122436523,20.6486377716064,2.3032910823822,1.77627789974213,4.29865169525146,2.10479331016541,86.3502655029297,66.7257995605469,74.1312713623047,83.1432342529297,0.0509127266705036,0.0127460695803165,0.00892829895019531,0.00187552196439356,0.0037814739625901,0.0118605475872755,0.743077218532562,0.00987488683313131,12.1469597125674
"SE122",2023,NA,NA,0,-0.522268295288086,5.3762059211731,16.4928035736084,7.35567855834961,19.0082492828369,1.75745713710785,1.38202738761902,2.91920256614685,2.32068657875061,85.8393325805664,66.900016784668,72.7122039794922,85.0385513305664,0.176149383187294,0.0313169993460178,0.011807169765234,0.0113231372088194,5.71736885265905e-13,0.316047251224518,0.0331083685159683,0.213847145438194,12.1079230477663
"SE122",2018,NA,NA,0,-1.17921876907349,6.3467583656311,18.5007438659668,8.24898338317871,21.7841873168945,1.76747381687164,0.863971412181854,1.78165817260742,1.34535777568817,89.6721343994141,68.579231262207,66.2365036010742,83.980094909668,0.17693130671978,0.0301474183797836,0.011144426651299,0.0112865697592497,5.71736885265905e-13,0.316872298717499,0.0331301055848598,0.214087307453156,12.0781926642693
"NO043",2023,NA,NA,0,-0.633226156234741,2.78678894042969,12.8393974304199,5.68094873428345,13.791467666626,7.5709867477417,3.27032208442688,6.24289703369141,6.74474287033081,86.5089111328125,75.5138702392578,80.9459686279297,82.2279052734375,0.0603790357708931,0.0111154289916158,0.012436437420547,0.000434525194577873,0.258893489837646,0.0015272208256647,0.495363503694534,0.0130031295120716,12.1367621733903
"NO043",2024,NA,NA,0,-1.80216908454895,5.80925130844116,12.0130882263184,6.9711127281189,16.234094619751,8.31286334991455,4.5053129196167,6.55733108520508,5.87895774841309,84.2973098754883,75.763671875,83.1579666137695,87.1838684082031,0.0602888390421867,0.0110737001523376,0.0125915575772524,0.000403442536480725,0.258266568183899,0.0015272208256647,0.496000498533249,0.013000974431634,12.1412477500581
"NO042",2017,NA,NA,0,0.711075603961945,4.82162714004517,12.4446287155151,6.89588451385498,12.8261632919312,4.2897629737854,3.3032283782959,5.29191207885742,8.54039573669434,86.1809158325195,79.0450592041016,80.8134918212891,85.9268112182617,0.0205362271517515,0.00049357203533873,0.00540539342910051,1.2587872788572e-06,0.242694586515427,0,0.622630178928375,0,11.2767060736009
"NO042",2024,NA,NA,0,-1.83054566383362,6.13282632827759,12.8963985443115,7.4880838394165,17.2879867553711,6.46715974807739,4.33742713928223,5.76001214981079,4.3050971031189,86.704963684082,77.930549621582,82.2756271362305,86.6349487304688,0.0212619248777628,0.000505742209497839,0.00616023596376181,3.08150015371211e-06,0.219258561730385,0,0.644571661949158,0,11.3222466458404
"NO041",2024,NA,NA,0,-3.74165630340576,4.9633617401123,12.5306253433228,6.34521722793579,18.6584453582764,5.64282608032227,3.96428680419922,5.16288280487061,3.81719541549683,85.6424255371094,77.6609878540039,79.5653533935547,86.1832504272461,0.0122731421142817,0.000167633057571948,0.00277739437296987,3.87089276046026e-05,0.262728720903397,0,0.655595004558563,0,10.6277006666415
"NO041",2023,NA,NA,0,-2.22145652770996,2.55239200592041,13.3382940292358,4.73898839950562,16.093563079834,4.97909212112427,3.39570093154907,4.68021249771118,5.44754648208618,86.6132354736328,72.3642959594727,76.2063674926758,83.4027786254883,0.0122000500559807,0.000153650951688178,0.00274530402384698,3.42325802193955e-05,0.266274988651276,0,0.652172386646271,0,10.628706776956
"NO041",2024,NA,NA,0,-3.74165630340576,4.9633617401123,12.5306253433228,6.34521722793579,18.6584453582764,5.64282608032227,3.96428680419922,5.16288280487061,3.81719541549683,85.6424255371094,77.6609878540039,79.5653533935547,86.1832504272461,0.0122731421142817,0.000167633057571948,0.00277739437296987,3.87089276046026e-05,0.262728720903397,0,0.655595004558563,0,10.6277006666415
"EE006",2023,NA,NA,0,-2.45038652420044,5.7326774597168,16.7978439331055,6.90779161453247,19.8874645233154,2.08246636390686,1.1993682384491,2.63188552856445,2.96569776535034,90.2440872192383,66.9276885986328,74.2353744506836,86.3322219848633,0.204006791114807,0.0557893216609955,0.00983834732323885,0.016554094851017,3.00957647692002e-10,0.101171493530273,0.268279433250427,0.332453936338425,12.2183752509319
"UKM61",2023,NA,NA,0,4.20463037490845,6.96062088012695,13.8554401397705,8.8975715637207,9.16368389129639,3.97958946228027,2.46399402618408,3.91712117195129,4.51752281188965,85.2258834838867,80.1822128295898,81.9925003051758,85.8402709960938,0.0245031528174877,0.0591882988810539,0.000944397412240505,0.39274850487709,1.11403575253632e-09,0,0.38818359375,0,10.5389159255921
"NO042",2023,NA,NA,0,-0.413932681083679,3.72466850280762,13.6861238479614,6.0736813545227,14.167670249939,6.19140815734863,3.74118089675903,4.90328502655029,6.0742654800415,87.3950042724609,73.6526641845703,78.6777648925781,83.799430847168,0.0211663693189621,0.000502615584991872,0.00605251826345921,2.85179771708499e-06,0.222842529416084,0,0.64119428396225,0,11.3227878169626
"NO042",2018,NA,NA,0,-1.34318959712982,4.53647899627686,15.0223426818848,6.96030282974243,17.0725841522217,5.82112455368042,1.930628657341,3.49811601638794,6.57147216796875,86.5777969360352,72.8194885253906,72.4670333862305,84.8680267333984,0.0209540650248528,0.000504770665429533,0.00551509065553546,2.43281920120353e-06,0.239945247769356,0,0.624839603900909,0,11.2839738686318
"NO042",2017,NA,NA,0,0.711075603961945,4.82162714004517,12.4446287155151,6.89588451385498,12.8261632919312,4.2897629737854,3.3032283782959,5.29191207885742,8.54039573669434,86.1809158325195,79.0450592041016,80.8134918212891,85.9268112182617,0.0205362271517515,0.00049357203533873,0.00540539342910051,1.2587872788572e-06,0.242694586515427,0,0.622630178928375,0,11.2767060736009
"UKM61",2024,NA,NA,0,3.99497294425964,8.14566802978516,12.4017848968506,8.91126918792725,9.74318695068359,5.39512014389038,2.90133452415466,4.04312372207642,3.08209300041199,86.9192428588867,81.3345260620117,81.3530654907227,85.4881057739258,0.0245525352656841,0.0590263791382313,0.00095187546685338,0.389543265104294,1.11403575253632e-09,0,0.391493916511536,0,10.5365561474775
"UKM61",2024,NA,NA,0,3.99497294425964,8.14566802978516,12.4017848968506,8.91126918792725,9.74318695068359,5.39512014389038,2.90133452415466,4.04312372207642,3.08209300041199,86.9192428588867,81.3345260620117,81.3530654907227,85.4881057739258,0.0245525352656841,0.0590263791382313,0.00095187546685338,0.389543265104294,1.11403575253632e-09,0,0.391493916511536,0,10.5365561474775
"SE232",2017,NA,NA,0,0.932877421379089,6.38993310928345,15.2681941986084,7.97417068481445,16.0124187469482,1.20655906200409,1.6914484500885,3.08437204360962,2.97753262519836,87.7742156982422,76.1794204711914,76.3907775878906,87.8748550415039,0.158284619450569,0.0243442561477423,0.0085105849429965,0.00477855745702982,0.000963673577643931,0.161752089858055,0.371538311243057,0.0793801099061966,13.44700212364
"UKM64",2023,NA,NA,0,6.83128547668457,8.27506256103516,14.2438716888428,10.8508615493774,6.9033203125,4.11507701873779,2.65165686607361,2.99409198760986,4.24146890640259,78.636344909668,78.3287200927734,82.3527221679688,80.4434432983398,0.00548954913392663,0.0770411640405655,0.000130892178276554,0.209126994013786,1.0823717477848e-09,2.72186405358976e-11,0.166549265384674,0.0423243716359138,7.54899573434284
"UKM63",2018,NA,NA,0,3.21548438072205,7.01687860488892,13.4720964431763,8.7741756439209,10.2117376327515,6.02789783477783,3.21305227279663,4.12029981613159,7.49731922149658,87.7135238647461,80.6800155639648,83.5998229980469,85.9494857788086,0.0473914779722691,0.0610082410275936,0.0010110855801031,0.343714624643326,8.8611284976281e-10,2.02511293324881e-12,0.358073860406876,0.00725982757285237,10.6577002503509
"UKM63",2023,NA,NA,0,4.53025913238525,7.49899005889893,14.0772523880005,9.29514980316162,8.54006958007812,5.47869491577148,3.14828538894653,4.73951864242554,6.08906364440918,87.0128326416016,80.1115493774414,82.7785263061523,86.2785415649414,0.0480222925543785,0.0598737969994545,0.00105006096418947,0.335683524608612,8.8611284976281e-10,2.02511293324881e-12,0.366335064172745,0.00749441841617227,10.6538517172694
"UKM63",2023,NA,NA,0,4.53025913238525,7.49899005889893,14.0772523880005,9.29514980316162,8.54006958007812,5.47869491577148,3.14828538894653,4.73951864242554,6.08906364440918,87.0128326416016,80.1115493774414,82.7785263061523,86.2785415649414,0.0480222925543785,0.0598737969994545,0.00105006096418947,0.335683524608612,8.8611284976281e-10,2.02511293324881e-12,0.366335064172745,0.00749441841617227,10.6538517172694
"UKM50",2017,NA,NA,0,4.78408002853394,7.75042057037354,13.0788288116455,8.7768383026123,9.37787246704102,1.99289441108704,1.49993026256561,3.73098182678223,3.0758912563324,84.9564666748047,77.6810150146484,81.5117797851562,83.9953689575195,0.212746888399124,0.317483872175217,0.0151765272021294,0.112647786736488,9.86892928489524e-11,1.04238596920769e-10,0.244464486837387,0.060282189399004,12.32206205972
"SE211",2023,NA,NA,0,-0.104067020118237,5.73613023757935,15.5399770736694,7.50596475601196,15.7445554733276,2.36986064910889,1.49825298786163,3.66446948051453,2.28868246078491,89.7045364379883,66.4573669433594,74.8716506958008,88.1169204711914,0.0824206173419952,0.0102360146120191,0.00840084254741669,0.00428386917337775,2.05713761997073e-11,0.515921652317047,0.165718391537666,0.123149074614048,12.2244927305453
"SE213",2022,NA,NA,0,0.622009336948395,6.24896812438965,17.6735591888428,9.33016300201416,18.2938461303711,1.5867931842804,0.969124853610992,1.81256294250488,1.70557963848114,82.9434356689453,67.9437026977539,70.280158996582,84.6522598266602,0.0756922513246536,0.00932059530168772,0.00548886274918914,0.00353075191378593,0,0.608949542045593,0,0.192762807011604,11.5794829671011
"UKM63",2023,NA,NA,0,4.53025913238525,7.49899005889893,14.0772523880005,9.29514980316162,8.54006958007812,5.47869491577148,3.14828538894653,4.73951864242554,6.08906364440918,87.0128326416016,80.1115493774414,82.7785263061523,86.2785415649414,0.0480222925543785,0.0598737969994545,0.00105006096418947,0.335683524608612,8.8611284976281e-10,2.02511293324881e-12,0.366335064172745,0.00749441841617227,10.6538517172694
"UKM63",2015,NA,NA,0,3.72486591339111,6.25480031967163,11.834324836731,9.17328548431396,8.94361591339111,7.86785507202148,5.94536972045898,5.36924123764038,4.94328832626343,87.0142440795898,81.5022811889648,84.1592254638672,85.7399597167969,0.0457169413566589,0.0604523159563541,0.000987314386293292,0.351210922002792,8.8611284976281e-10,2.02511293324881e-12,0.352801084518433,0.0072905458509922,10.6590998476662
"UKM63",2023,NA,NA,0,4.53025913238525,7.49899005889893,14.0772523880005,9.29514980316162,8.54006958007812,5.47869491577148,3.14828538894653,4.73951864242554,6.08906364440918,87.0128326416016,80.1115493774414,82.7785263061523,86.2785415649414,0.0480222925543785,0.0598737969994545,0.00105006096418947,0.335683524608612,8.8611284976281e-10,2.02511293324881e-12,0.366335064172745,0.00749441841617227,10.6538517172694
"UKM77",2024,NA,NA,0,3.45232820510864,7.93530416488647,12.5269365310669,8.17625427246094,10.8389511108398,5.20868873596191,3.89828014373779,3.52513146400452,2.40694260597229,89.4053649902344,83.0586853027344,81.0710372924805,87.3428955078125,0.123500809073448,0.192709907889366,0.0129834320396185,0.2760149538517,9.09881892052766e-10,0,0.358062028884888,0,12.4376648438038
"UKM77",2018,NA,NA,0,1.89507341384888,6.42332887649536,13.8316459655762,8.11437034606934,11.5535306930542,3.45386624336243,2.69561004638672,2.76660656929016,4.42276954650879,89.5285491943359,81.9192581176758,80.2837905883789,87.2565155029297,0.12239183485508,0.19573675096035,0.0124115208163857,0.284683227539062,9.09881892052766e-10,0,0.348047822713852,0,12.4331420431156
"DK05",2023,NA,NA,0,3.2198486328125,7.19751214981079,16.0412445068359,10.1903533935547,12.617226600647,2.59737992286682,1.91939806938171,3.2613251209259,3.3902325630188,86.4427795410156,74.7030029296875,78.4181289672852,84.0033569335938,0.477627277374268,0.0525770485401154,0.0325352102518082,0.000300498824799433,1.09244979729084e-09,0.0250012390315533,0.151539951562881,0.0719238817691803,12.3958934862286
"SE231",2024,NA,NA,0,0.539052069187164,8.54674625396729,15.7137260437012,9.50300979614258,18.2161693572998,2.92423272132874,2.22706460952759,4.11783838272095,2.18640685081482,89.5514373779297,76.141357421875,79.4556655883789,85.0256042480469,0.127745270729065,0.00982261076569557,0.0106239132583141,0.00101084006018937,1.84900816879718e-10,0,0.697160005569458,0,11.8384560279579
"SE213",2023,NA,NA,0,0.804938077926636,6.12815141677856,16.3892726898193,8.64338302612305,15.9412822723389,2.07709240913391,1.10660243034363,2.55574440956116,2.03771162033081,86.7158050537109,67.2556228637695,73.6734161376953,85.7058334350586,0.075802780687809,0.00953540485352278,0.00555070070549846,0.0036103050224483,0,0.608527481555939,0,0.192718133330345,11.5779172281047
"SE213",2023,NA,NA,0,0.804938077926636,6.12815141677856,16.3892726898193,8.64338302612305,15.9412822723389,2.07709240913391,1.10660243034363,2.55574440956116,2.03771162033081,86.7158050537109,67.2556228637695,73.6734161376953,85.7058334350586,0.075802780687809,0.00953540485352278,0.00555070070549846,0.0036103050224483,0,0.608527481555939,0,0.192718133330345,11.5779172281047
"LV008",2018,NA,NA,0,-3.50210475921631,6.73884010314941,17.9076747894287,7.68935632705688,26.570520401001,1.58833062648773,1.09490478038788,1.99154388904572,1.67563998699188,89.0170288085938,66.965217590332,71.5210494995117,84.8091583251953,0.156274974346161,0.087936669588089,0.00552273821085691,0.00515825161710382,8.0152707387926e-12,0.332190334796906,0.253867834806442,0.150097951292992,11.7316222063642
"LV005",2018,NA,NA,0,-3.32727813720703,7.13516759872437,17.9613285064697,7.58228206634521,26.0716171264648,1.64687252044678,1.00369012355804,2.20031332969666,1.40215623378754,87.6067047119141,66.5111083984375,72.6013259887695,84.4425659179688,0.231866121292114,0.0844524577260017,0.00435160519555211,0.00951193645596504,6.95291567376355e-12,0.371477782726288,0.0509284622967243,0.221806585788727,11.7699497760773
"UKM63",2024,NA,NA,0,4.48864364624023,8.40167236328125,12.2999963760376,9.21836185455322,9.44735622406006,7.80603218078613,4.09898805618286,5.77865076065063,3.83435583114624,88.141731262207,81.7798461914062,84.2399215698242,86.1557006835938,0.0483376309275627,0.0595883466303349,0.00105866976082325,0.333253085613251,8.8611284976281e-10,2.02511293324881e-12,0.368671208620071,0.00755017157644033,10.6448131030147
"UKM81",2024,NA,NA,0,4.41269111633301,8.67950820922852,12.8833456039429,9.03204536437988,10.3431539535522,6.52624177932739,4.45346975326538,4.7136082649231,2.93949747085571,89.3395767211914,82.1526107788086,82.9697036743164,86.8578033447266,0.0944138020277023,0.22590634226799,0.0722103267908096,0.225235670804977,2.50342768737255e-09,0,0.319049447774887,0,11.7069883041146
"DK04",2017,NA,NA,0,3.21310329437256,7.66037130355835,15.3254976272583,10.2320547103882,13.5108060836792,1.50038909912109,1.90400385856628,3.38918137550354,3.09249258041382,87.8805618286133,80.9898986816406,81.1506958007812,86.3151397705078,0.473941385746002,0.0387654788792133,0.0421280823647976,0.000448528327979147,4.77249795238777e-10,0.0592427365481853,0.114903427660465,0.106872998178005,13.4040669265473
"DK04",2024,NA,NA,0,2.89684224128723,9.08497714996338,15.6341981887817,10.505054473877,15.7486991882324,3.55146265029907,2.53672623634338,4.09153366088867,1.86724734306335,88.451789855957,80.304573059082,80.1480026245117,85.2174758911133,0.470263421535492,0.0398382879793644,0.0451318807899952,0.000446891324827448,4.77249795238777e-10,0.058542113751173,0.115456327795982,0.106623701751232,13.4402934259705
"DK04",2023,NA,NA,0,3.2495973110199,7.24734354019165,15.963604927063,10.3293952941895,12.5626802444458,2.6328022480011,1.83375132083893,3.368088722229,3.50429606437683,87.8066635131836,74.9972991943359,78.3905029296875,85.3857116699219,0.470775991678238,0.0394948869943619,0.0447057336568832,0.000445952115114778,4.77249795238777e-10,0.0585998557507992,0.115475982427597,0.106804221868515,13.4410927069058
"SE224",2023,NA,NA,0,1.72225451469421,6.69326877593994,16.137149810791,9.34099769592285,14.3089914321899,2.43402981758118,1.32943117618561,3.6802499294281,2.53136086463928,89.9486999511719,71.5010147094727,78.1213531494141,87.7546157836914,0.303701400756836,0.0168000776320696,0.0225060153752565,0.000721088203135878,1.42909836742255e-10,0.0590626671910286,0.501306176185608,0.0618564523756504,13.0300922375366
"SE221",2024,NA,NA,0,1.29578447341919,7.49961137771606,16.2953224182129,10.3140859603882,17.8725166320801,2.4983184337616,1.07171535491943,2.32994818687439,1.84703052043915,87.7077789306641,80.1051940917969,79.3243942260742,83.7223815917969,0.0652513206005096,0.00271362205967307,0.00982066057622433,0.000306398869724944,2.2555915468736e-12,0.427411824464798,0.0252382084727287,0.192127287387848,10.9828793920657
"LV003",2014,NA,NA,0,-0.32962754368782,7.45760345458984,16.831823348999,8.10109519958496,22.239896774292,1.62098443508148,1.60729742050171,2.91677927970886,1.59990847110748,85.6684265136719,74.0676574707031,77.0243377685547,83.5541076660156,0.201013877987862,0.078205905854702,0.00425138929858804,0.0142201194539666,2.79876730928663e-05,0.438372850418091,0.0449298433959484,0.178104504942894,11.8751346293221
"LV005",2022,NA,NA,0,-2.56777358055115,5.36092090606689,18.3147201538086,6.24404335021973,21.5279445648193,2.07997679710388,1.4300365447998,2.82612180709839,1.72304964065552,85.1212844848633,63.388801574707,75.1068725585938,87.8064193725586,0.244735896587372,0.0779051706194878,0.00443110708147287,0.00891901552677155,6.95291567376355e-12,0.367466151714325,0.0505901202559471,0.220347568392754,11.7319582034595
"UKM93",2024,NA,NA,0,5.3232684135437,9.11858463287354,13.3425064086914,9.75982761383057,10.0063972473145,5.54245471954346,4.28354215621948,4.070472240448,2.58906602859497,87.906494140625,82.4476547241211,82.516731262207,85.5587921142578,0.0895337238907814,0.358096837997437,0.0774649530649185,0.0706759989261627,1.85791632079102e-10,0,0.288071811199188,0,12.6592468773448
"UKM91",2024,NA,NA,0,4.93484401702881,8.59312152862549,13.5115385055542,9.21835803985596,10.5745105743408,3.68422317504883,3.4241316318512,2.81448173522949,2.22519993782043,87.0039443969727,83.5958251953125,79.5408325195312,85.8355331420898,0.211823984980583,0.363481849431992,0.0204860344529152,0.118085458874702,5.72063195425354e-11,0,0.245109230279922,0,12.5775594748813
"UKM91",2023,NA,NA,0,4.41276168823242,7.71368217468262,14.4050664901733,9.76999855041504,8.78316497802734,2.26835703849792,2.41750192642212,2.86839652061462,3.59170293807983,85.9460906982422,80.8345642089844,79.8214797973633,86.6225738525391,0.211494192481041,0.363253057003021,0.0203682146966457,0.119063951075077,5.72063195425354e-11,0,0.244807183742523,0,12.5796629183366
"DK03",2023,NA,NA,0,3.48055410385132,7.61461544036865,16.3914909362793,10.8534851074219,12.6211986541748,2.47155427932739,1.77601504325867,3.14824271202087,3.41987681388855,88.0467147827148,74.8587875366211,77.6688461303711,85.4051666259766,0.502343475818634,0.0563921183347702,0.0375941209495068,0.000695618393365294,1.49836601459619e-10,0.00809892825782299,0.190243005752563,0.0441254787147045,13.1144318810827
"DK03",2020,NA,NA,0,5.41579961776733,7.77627086639404,16.6782703399658,10.978949546814,9.19401550292969,3.28326892852783,1.22604942321777,2.99580764770508,1.95904469490051,88.5807342529297,73.5030670166016,76.4888610839844,85.8572692871094,0.505948126316071,0.0540293864905834,0.0364375412464142,0.00066272245021537,1.49836601459619e-10,0.00814622081816196,0.190035760402679,0.0442329160869122,13.097811814241
"UKM94",2023,NA,NA,0,5.89664793014526,8.4975118637085,14.8309059143066,10.8222579956055,7.28742694854736,3.94543552398682,3.0198061466217,3.78562259674072,4.66498565673828,84.5884094238281,80.735466003418,82.2654418945312,84.7360534667969,0.075146347284317,0.284411668777466,0.0200750846415758,0.0563123896718025,3.83871372189315e-11,0,0.314298242330551,0,10.932735807095
"UKM92",2010,NA,NA,0,1.05209195613861,7.0942587852478,13.6547708511353,8.28466510772705,11.810471534729,2.27862977981567,2.36991190910339,3.05444312095642,3.99253726005554,90.0926513671875,79.2024002075195,82.8534164428711,86.5078582763672,0.0878661796450615,0.376176536083221,0.00338285765610635,0.156780481338501,6.27374818762405e-10,0,0.352540969848633,0,10.970246298684
"UKC2",2019,NA,NA,0,4.93832302093506,7.74957799911499,14.5644588470459,8.62709140777588,12.4450035095215,1.43160617351532,2.2979907989502,3.53770875930786,3.05070972442627,85.8321304321289,79.4363174438477,81.6505889892578,86.5545959472656,0.201386138796806,0.44875755906105,0.0275031458586454,0.0705936029553413,3.97207136973443e-12,0,0.196295499801636,0.0130849340930581,12.8304293615729
"LT011",2023,NA,NA,0,-1.26488506793976,7.75885915756226,18.3802661895752,8.62489128112793,18.0099487304688,2.57450389862061,1.45460844039917,2.37212371826172,2.23605751991272,87.5804138183594,67.1806793212891,68.9847412109375,82.5058288574219,0.298655152320862,0.0706275701522827,0.0211924593895674,0.00229610642418265,3.95645113893117e-11,0.0373325608670712,0.126653298735619,0.430946081876755,13.0289984730742
"IEG11586",2024,NA,NA,0,6.70822525024414,9.25785160064697,13.3393659591675,10.7298154830933,8.66952037811279,4.45711612701416,3.32674288749695,3.87629055976868,2.78054356575012,85.350227355957,82.5727767944336,81.9827651977539,85.2204971313477,0.0394491478800774,0.274364531040192,0.00400651525706053,0.0108878128230572,3.29028082557414e-10,0,0.402893483638763,0.0561237782239914,11.2410376908141
"IEG11586",2017,NA,NA,0,6.79501247406006,9.37480068206787,13.6199607849121,10.3602161407471,7.37845134735107,2.72192645072937,2.58798360824585,4.29057741165161,4.72709560394287,85.1224670410156,79.6336517333984,83.2952270507812,84.701789855957,0.0422164648771286,0.284612119197845,0.00369210820645094,0.0117465294897556,3.29028082557414e-10,0,0.391663879156113,0.0537941418588161,11.1952971548168
"UKN11",2019,NA,NA,0,6.60047006607056,8.58329200744629,14.504545211792,9.33670043945312,10.3065214157104,2.0583667755127,3.14085912704468,3.64435195922852,3.1455442905426,87.3028259277344,80.3376235961914,82.0293273925781,86.3444519042969,0.0398275256156921,0.763230085372925,0.0132979806512594,0.0149318613111973,2.56377252760842e-10,0,0.144112110137939,0,11.321829084269
"UKN15",2023,NA,NA,0,6.17584753036499,9.05156326293945,15.0515356063843,11.3984870910645,6.87188911437988,1.93339145183563,2.80419397354126,3.56645226478577,3.59254240989685,84.5088958740234,81.3277359008789,81.9975738525391,84.9829940795898,0.0456181690096855,0.538978815078735,0.0500417873263359,0.0067937052808702,2.55134524618228e-10,0,0.113078713417053,0,11.7493805237326
"LT011",2018,NA,NA,0,-2.56801581382751,8.24288749694824,18.6156330108643,8.16698551177979,25.4183311462402,1.70293939113617,1.15983629226685,2.55719685554504,1.36920011043549,87.7819366455078,67.0004806518555,71.4326400756836,83.3367538452148,0.271915346384048,0.097347728908062,0.0208435077220201,0.00274661811999977,3.95645113893117e-11,0.0374709106981754,0.125888541340828,0.431490480899811,12.965994687527
"IEG11597",2024,NA,NA,0,7.01885271072388,9.53350639343262,13.5251045227051,11.0344905853271,8.77982711791992,4.42395877838135,3.52030658721924,3.50424146652222,3.1581928730011,85.6666870117188,82.3799362182617,81.880256652832,85.7138061523438,0.0534769147634506,0.290720820426941,0.00545536447316408,0.00416016764938831,1.88547840535014e-11,0,0.442821800708771,0,11.0073131164602
"UKD1",2018,NA,NA,0,3.34176540374756,7.60148191452026,15.177640914917,9.51276969909668,12.3040685653687,3.67887997627258,2.54334163665771,2.66103100776672,3.81437730789185,87.6918334960938,81.687255859375,80.0976715087891,85.8644943237305,0.0931708365678787,0.543863952159882,0.00872550997883081,0.0684414580464363,1.28016874878512e-10,0,0.180055469274521,0,12.3995234481324
"UKD1",2023,NA,NA,0,4.4712700843811,8.14921379089355,14.8589897155762,10.3214750289917,8.50494956970215,3.56386470794678,3.09097933769226,4.00942373275757,4.39203357696533,87.8038940429688,81.3435974121094,80.3886108398438,87.8378219604492,0.094011664390564,0.536992788314819,0.00908207055181265,0.0650600865483284,1.28016874878512e-10,0,0.189110592007637,0,12.403481250588
"UKE2",2023,NA,NA,0,4.68092250823975,8.23075580596924,15.0614633560181,10.7779397964478,8.85063552856445,1.99366986751556,2.57086181640625,3.34761166572571,3.48673272132874,86.0584182739258,80.6372222900391,79.0518035888672,86.9921493530273,0.317626804113388,0.413980275392532,0.034586526453495,0.0289438385516405,0,0,0.0970413312315941,0.104329690337181,13.572511098247
"DEF0",2018,NA,NA,0,2.24195766448975,9.07353687286377,18.4613380432129,10.7688627243042,19.3488292694092,2.22259950637817,1.7004269361496,1.19664084911346,1.18719458580017,86.2458419799805,75.6173706054688,70.4272003173828,81.1631622314453,0.345852792263031,0.206628784537315,0.069344274699688,7.85145603003912e-05,5.31658217450826e-10,2.26708998525282e-05,0.109747424721718,0.166485518217087,14.491649731387
"DE80",2024,NA,NA,0,3.75324654579163,10.8033065795898,18.0012798309326,10.9558658599854,17.4412860870361,2.81969738006592,2.2412805557251,2.31716632843018,2.06724882125854,86.062629699707,76.568717956543,73.7884674072266,82.6529846191406,0.371994972229004,0.155985400080681,0.0220414400100708,0.000385060528060421,0,1.09488507149536e-09,0,0.374926418066025,13.4718227012574
"IEG11597",2020,NA,NA,0,6.61995363235474,9.24869632720947,13.797308921814,10.7150382995605,6.403883934021,5.42730522155762,2.03290629386902,4.59140062332153,4.93399143218994,84.2511672973633,77.3326187133789,84.4340972900391,84.7787017822266,0.0563607476651669,0.305280297994614,0.00514829531311989,0.00424770079553127,1.88547840535014e-11,0,0.42559802532196,0,10.9904460003056
"IEG11602",2024,NA,NA,0,6.42397451400757,9.70601463317871,13.8702449798584,10.6244611740112,9.92250633239746,3.56877374649048,3.45993375778198,2.8352541923523,2.56203126907349,88.0364303588867,82.3674621582031,80.8308715820312,86.9640960693359,0.0441768132150173,0.66479355096817,0.00551441358402371,0.0016345864860341,3.39351333492055e-12,0,0.278334528207779,0,10.6027930752709
"IEG11598",2024,NA,NA,0,6.61964654922485,9.88912105560303,14.3454942703247,10.6860828399658,10.1931018829346,2.63909840583801,3.18988156318665,2.20492887496948,2.1652524471283,86.4623336791992,81.5743789672852,78.4107971191406,85.8430328369141,0.0760201066732407,0.685715138912201,0.0299877170473337,1.2077961741852e-08,0,0,0.19994381070137,0,11.7862485719452
"UKD4",2021,NA,NA,0,4.07581758499146,7.37588453292847,15.5539140701294,11.4210500717163,12.2646293640137,5.0584397315979,3.0011637210846,2.5998752117157,3.89949917793274,88.2179107666016,77.7994766235352,80.7973403930664,85.3720550537109,0.171790331602097,0.508562207221985,0.138898313045502,0.0123344110324979,0,0,0.135893866419792,0,13.7966914593452
"DE93",2023,NA,NA,0,3.77434062957764,8.95720958709717,18.1745872497559,11.8873291015625,13.211932182312,2.54913258552551,2.01797103881836,3.35148143768311,3.27167510986328,85.6911926269531,72.7405548095703,72.0268020629883,82.9413833618164,0.317282110452652,0.167371615767479,0.0453387275338173,0.000225177122047171,9.6920116376964e-10,1.17816301159479e-09,0.0895568877458572,0.353207588195801,14.1287958648498
"DE80",2014,NA,NA,0,3.18124485015869,9.77082347869873,17.5343189239502,11.52712059021,16.2119808197021,1.5025315284729,1.69578790664673,2.74542021751404,1.65640676021576,85.8157501220703,78.103874206543,74.6273803710938,86.8884887695312,0.38255500793457,0.152599275112152,0.0201629344373941,0.000374211958842352,0,1.09488507149536e-09,0,0.369641840457916,13.5046491585776
"UKL1",2024,NA,NA,0,6.86839580535889,9.6728048324585,14.6047077178955,11.0190753936768,10.3069410324097,4.9888596534729,3.98470020294189,2.43435645103455,4.03017044067383,87.1370086669922,83.3751373291016,81.1988525390625,86.1167068481445,0.11460642516613,0.421246647834778,0.0307596828788519,0.0385086722671986,2.37018932258692e-10,1.32678554761226e-14,0.200065284967422,0.000110215594759211,13.5464353000703
"DE93",2022,NA,NA,0,4.39562463760376,9.1445140838623,18.7389698028564,11.2425937652588,16.1877098083496,2.91062498092651,1.33044743537903,1.62326776981354,2.10591721534729,85.7695083618164,67.6648864746094,67.0983200073242,81.7957153320312,0.318369358778,0.167183205485344,0.0450891442596912,0.000224429764784873,9.6920116376964e-10,1.17816301159479e-09,0.0893759727478027,0.35274001955986,14.1240003590463
"DE80",2022,NA,NA,0,3.41504144668579,8.35419082641602,18.5933284759521,10.6456441879272,17.0867252349854,2.30910277366638,1.16376674175262,1.9549822807312,1.48402774333954,86.0530319213867,69.7108154296875,70.0832901000977,83.2429428100586,0.374539971351624,0.155474990606308,0.021657919511199,0.000383595586754382,0,1.09488507149536e-09,0,0.373276770114899,13.4809134871203
"PL411",2020,NA,NA,0,3.6714882850647,8.12450408935547,18.4342555999756,10.4431076049805,14.6415538787842,1.87422275543213,1.13436019420624,2.46624231338501,1.70647859573364,84.5269165039062,63.640983581543,71.1996841430664,84.924934387207,0.336454272270203,0.0910785645246506,0.00746499327942729,0.000207208766369149,0,8.18193068852224e-10,0,0.5599125623703,12.3329136310379
"IEG11591",2024,NA,NA,0,6.88290214538574,9.84140014648438,14.3233966827393,10.9701595306396,10.3384037017822,3.04243063926697,3.46591138839722,1.77401280403137,2.51819896697998,86.7521743774414,82.7504501342773,79.8301696777344,86.5082778930664,0.0596942789852619,0.65037351846695,0.0100930612534285,6.1294289643854e-09,8.39692149146032e-10,0,0.173677802085876,0.0085214814171195,10.9781080100274
"IEG11607",2023,NA,NA,0,6.91806840896606,9.76943016052246,15.4729986190796,12.1561985015869,6.61735677719116,1.72871851921082,2.59095788002014,3.50861978530884,4.25192642211914,83.6949005126953,81.2231597900391,81.9587631225586,84.7956466674805,0.093592643737793,0.389316380023956,0.00939800310879946,8.12234279834456e-09,1.46021264524343e-10,0,0.175940588116646,0.0595988184213638,10.7951937011408
"NL31",2024,NA,NA,0,6.25693130493164,11.5976362228394,17.7073726654053,11.7412109375,15.406138420105,3.54866433143616,3.51292037963867,2.77257251739502,2.69539380073547,86.2577438354492,80.33349609375,77.0565948486328,86.1840972900391,0.129838719964027,0.159740120172501,0.221834555268288,2.14330619918712e-09,9.31619337229961e-10,0,0.242779657244682,0.160565748810768,13.4974932394164
"NL22",2017,NA,NA,0,3.51452398300171,10.7006950378418,18.0410690307617,11.2545309066772,17.1419792175293,1.78677093982697,1.5839124917984,3.05975127220154,2.62271451950073,87.2446746826172,73.6254730224609,74.4511413574219,85.7163009643555,0.292513936758041,0.170505747199059,0.092337928712368,1.24848176241699e-09,1.79482644024898e-11,1.56241436455318e-10,0.0040249889716506,0.435653626918793,13.8760549412676
"DE40",2024,NA,NA,0,3.94052457809448,11.8216361999512,19.3640918731689,11.0684795379639,19.2781982421875,2.92002868652344,1.67502617835999,2.12952470779419,1.80591034889221,84.2476501464844,71.2898178100586,68.7686614990234,80.5791244506836,0.306870073080063,0.110453613102436,0.040896050632,0.000677983975037932,0,1.174691788286e-09,0,0.527071714401245,14.8986241939353
"PL912",2021,NA,NA,0,-0.801001727581024,7.42113828659058,19.705509185791,9.1920108795166,18.6907806396484,1.5250061750412,1.84556496143341,3.56518983840942,1.52146768569946,85.717155456543,72.1239776611328,71.8169937133789,81.861701965332,0.342132419347763,0.0905867889523506,0.0754725188016891,0.000270369957434013,0,1.14489997343759e-11,0,0.487613439559937,13.4904156904234
"IEG11585",2022,NA,NA,0,7.43968820571899,9.3692512512207,15.1524276733398,11.7487125396729,10.9889421463013,2.8628237247467,2.27361869812012,1.78374123573303,5.32216930389404,86.5698471069336,79.6461791992188,79.099739074707,85.6427307128906,0.0578171275556087,0.553082406520844,0.00634402176365256,0.00365590653382242,1.47156842267293e-09,0,0.301819264888763,0,11.7782407195379
"UKL1",2020,NA,NA,0,6.5634880065918,9.46080589294434,14.9254570007324,10.938364982605,7.81944704055786,5.20752096176147,1.52642548084259,4.43518018722534,3.80627775192261,86.5910720825195,74.4562606811523,83.4057998657227,85.5198822021484,0.112581878900528,0.429376721382141,0.0299011841416359,0.0393647514283657,2.37018932258692e-10,1.32678554761226e-14,0.193961560726166,0.000110833512735553,13.5382824848829
"UKL1",2013,NA,NA,0,4.62963962554932,6.30269813537598,15.3423557281494,11.0251893997192,11.1991815567017,4.07998418807983,2.56486654281616,2.15207052230835,3.79622745513916,86.1167678833008,79.308723449707,81.1938705444336,85.2632369995117,0.112008430063725,0.423283874988556,0.0283629205077887,0.0410941652953625,2.37018932258692e-10,1.32678554761226e-14,0.20043258368969,0.0001149685413111,13.5154730538885
"UKL2",2018,NA,NA,0,4.00783681869507,8.27134418487549,16.1590175628662,9.90038108825684,12.7794628143311,2.97604584693909,3.39291763305664,1.65768468379974,2.91408348083496,86.9234313964844,82.4540710449219,77.416374206543,86.2568817138672,0.163009479641914,0.516139984130859,0.0342822596430779,0.0466108359396458,2.36856593366364e-11,2.84573579978353e-12,0.179198816418648,0.0240028519183397,13.3435090342559
"NL41",2023,NA,NA,0,5.07791423797607,9.91548347473145,18.793888092041,13.1581726074219,11.6171770095825,2.12742900848389,2.83201932907104,2.94210004806519,3.77369332313538,85.9814071655273,76.2095565795898,70.9533386230469,83.8691711425781,0.220391377806664,0.188039615750313,0.156116187572479,1.6842189864974e-09,0,2.50609588636763e-10,0,0.418121635913849,14.231417212893
"DE91",2024,NA,NA,0,4.37162637710571,11.1992044448853,18.2478942871094,10.7238807678223,17.9255867004395,3.62715125083923,2.37425708770752,2.64201974868774,2.6036970615387,83.2337417602539,73.9606857299805,71.8693237304688,82.8307037353516,0.374604433774948,0.0995921492576599,0.0621151924133301,6.58236012895941e-06,0,7.0431832588369e-10,0,0.463622361421585,13.5440468374844
"DE40",2024,NA,NA,0,3.94052457809448,11.8216361999512,19.3640918731689,11.0684795379639,19.2781982421875,2.92002868652344,1.67502617835999,2.12952470779419,1.80591034889221,84.2476501464844,71.2898178100586,68.7686614990234,80.5791244506836,0.306870073080063,0.110453613102436,0.040896050632,0.000677983975037932,0,1.174691788286e-09,0,0.527071714401245,14.8986241939353
"PL432",2023,NA,NA,0,2.76633501052856,9.15591239929199,19.7650985717773,11.9100332260132,16.9137001037598,2.05049204826355,1.97221028804779,2.58924627304077,2.41211819648743,83.87548828125,70.5293197631836,64.538948059082,79.0945053100586,0.266009092330933,0.052081186324358,0.0144928870722651,9.73829955910333e-05,0,1.06382569420305e-09,0,0.663589060306549,12.8348434584716
"UKJ3",2023,NA,NA,0,5.80817699432373,9.85612678527832,17.0548057556152,13.2822093963623,8.21451091766357,1.97002291679382,2.72052764892578,2.00514435768127,3.48328685760498,85.9272079467773,79.8159713745117,76.9755859375,83.8999938964844,0.342697978019714,0.222721263766289,0.0897812470793724,2.75984390896156e-09,0,1.21389648333192e-10,0,0.156122088432312,13.6806512125721
"DEA1",2020,NA,NA,0,5.91730880737305,10.7825946807861,18.9824180603027,11.8507537841797,12.2823467254639,3.340815782547,1.29169511795044,2.1136302947998,2.10801076889038,84.256217956543,62.4529762268066,68.5989761352539,80.946647644043,0.321609228849411,0.130242362618446,0.320145308971405,1.5522600982365e-09,0,0,0,0.228003144264221,14.7166250104725
"DEA1",2023,NA,NA,0,4.73171377182007,9.88523769378662,18.9610919952393,12.9851703643799,12.2313766479492,2.62272620201111,3.14794278144836,3.54465889930725,3.64467597007751,84.8736419677734,74.6227722167969,69.839729309082,82.4454116821289,0.301145941019058,0.130690217018127,0.322081536054611,9.20173437446437e-10,0,0,0,0.246082365512848,14.731971075424
"DEA5",2017,NA,NA,0,1.57147121429443,9.68056678771973,17.3700847625732,9.71650314331055,19.4042682647705,1.9299601316452,2.2097647190094,3.59738802909851,3.31361317634583,86.1860275268555,73.338981628418,75.5081253051758,87.2757873535156,0.235509052872658,0.0835372060537338,0.120623849332333,9.07568187269447e-10,0,0,0.0792778804898262,0.480279505252838,14.2821425721987
"PL921",2024,NA,NA,0,2.5089967250824,11.3940734863281,20.3640308380127,10.1687669754028,20.9769306182861,2.54328799247742,1.41611051559448,2.47754144668579,1.46780645847321,83.7723007202148,68.2733306884766,70.0673370361328,78.8651428222656,0.368826419115067,0.0958760157227516,0.0176345054060221,0.00029589093173854,0,2.56336063486629e-10,0,0.512425243854523,12.7781319408982
"BE22",2017,NA,NA,0,3.56316018104553,10.9579658508301,18.4949817657471,11.1156177520752,17.8595485687256,1.68795931339264,1.74330174922943,2.85581254959106,2.50938177108765,85.5339813232422,71.1220245361328,71.6652145385742,84.1567153930664,0.322080284357071,0.206386432051659,0.157071441411972,1.34678679319933e-09,0,0,0,0.314461827278137,13.1654828506979
"UKK3",2023,NA,NA,0,7.419358253479,10.4749822616577,16.4671001434326,13.6127223968506,6.24664545059204,2.56754732131958,2.7856616973877,2.40029358863831,4.0337085723877,83.149787902832,81.6350784301758,81.6144409179688,84.3452377319336,0.16719688475132,0.365274608135223,0.0178807899355888,4.26531565622668e-09,0,0,0.106496177613735,0,11.2394591596549
"FRE23",2023,NA,NA,0,5.31837558746338,10.1194000244141,18.4416122436523,13.5966577529907,10.8834886550903,2.05505800247192,2.78610563278198,2.62704300880432,3.28973531723022,85.6391220092773,77.8102035522461,73.9769515991211,82.6793518066406,0.483263224363327,0.19899308681488,0.028954541310668,1.98311744803448e-09,0,2.75872625589478e-17,0,0.273664653301239,12.6459226745834
"DEB2",2018,NA,NA,0,1.54045987129211,10.0434894561768,18.6842269897461,10.0997371673584,20.728723526001,3.414883852005,2.22011923789978,1.65086209774017,1.26196646690369,86.0752563476562,72.7432708740234,67.1496276855469,79.0742416381836,0.228050351142883,0.131243750452995,0.0312107391655445,1.15751741525116e-09,1.05062920169319e-11,0,0.538888216018677,0.0706069096922874,12.6575425939796
"BE34",2020,NA,NA,0,4.44892930984497,9.90786552429199,17.6306915283203,10.6997060775757,13.149115562439,4.3526406288147,1.80899393558502,1.92176330089569,2.64108943939209,88.0408325195312,64.9081039428711,68.8451538085938,82.3958892822266,0.144134476780891,0.213179543614388,0.0389040112495422,3.61801937742712e-07,5.00338437348091e-10,0,0.521909773349762,0.0818717926740646,12.203377454263
"PL219",2019,NA,NA,0,-1.79079806804657,7.33327341079712,17.9056453704834,8.92340755462646,21.3606147766113,2.60047841072083,3.40204930305481,3.01154947280884,2.35479974746704,81.9720153808594,73.8668823242188,75.6408996582031,83.0932006835938,0.213572025299072,0.0749221220612526,0.0229303296655416,5.74926161789335e-05,2.42567466113286e-10,0.00366336945444345,0.616294205188751,0.06598911434412,12.2386152351726
"FRF32",2024,NA,NA,0,5.23163795471191,10.9237356185913,18.5283470153809,11.3680744171143,17.3302459716797,3.87381267547607,3.54177951812744,2.59503674507141,3.18552994728088,87.7441635131836,79.7038040161133,75.4978485107422,86.9943084716797,0.348450779914856,0.163267597556114,0.0114260204136372,0.00167490018066019,6.29890722914084e-11,0,0.474973618984222,0,11.7468103708295
"DEB3",2024,NA,NA,0,4.88170433044434,11.3017129898071,19.4049491882324,11.1004285812378,18.9905834197998,2.80895066261292,3.41497898101807,2.18620920181274,2.53265118598938,83.6377105712891,75.6657333374023,71.1450729370117,84.6117248535156,0.303490847349167,0.090485654771328,0.132892325520515,1.53306400907383e-09,0,0,0,0.473131150007248,14.0074278035254
"SK022",2023,NA,NA,0,1.35181176662445,8.74514293670654,19.2136821746826,11.3604612350464,18.8576507568359,2.44197535514832,2.38391017913818,3.38275480270386,3.07771968841553,84.1881637573242,70.6023559570312,72.3205947875977,80.6273040771484,0.242288708686829,0.0846035704016685,0.0236799772828817,7.07141662132926e-05,0,0.000514416838996112,0.641469478607178,0.00737326499074697,12.4844231105237
"SK041",2024,NA,NA,0,1.37828016281128,10.4873247146606,19.7240772247314,8.56215000152588,21.3487663269043,2.42008328437805,2.18090033531189,3.22267293930054,1.7139298915863,84.1982574462891,72.1416397094727,74.8540725708008,81.565185546875,0.209519132971764,0.0838812291622162,0.0162291750311852,0.000523262599017471,1.84464207797497e-10,0.027076480910182,0.456571012735367,0.205423936247826,12.9595924308588
"SK041",2017,NA,NA,0,-3.66247177124023,8.78132057189941,18.3060989379883,8.10583591461182,25.7581386566162,1.36746788024902,2.57825517654419,2.83664321899414,3.30113172531128,82.9869766235352,73.3686676025391,72.0953598022461,84.0449981689453,0.209479048848152,0.0809753611683846,0.0150013398379087,0.000570411502849311,1.84464207797497e-10,0.123337537050247,0.45905876159668,0.110801786184311,12.9421227539659
"DE22",2019,NA,NA,0,1.33800733089447,9.38960075378418,20.092041015625,9.89327716827393,20.4849815368652,3.61559724807739,2.91536068916321,2.6951642036438,2.21440196037292,81.4819030761719,68.1322555541992,67.3072967529297,82.3752517700195,0.32892769575119,0.163430020213127,0.0320111624896526,0.000998316099867225,0,1.87044530974845e-08,0.171130999922752,0.303501784801483,13.3124654208922
"CZ03",2023,NA,NA,0,1.20952653884888,7.8854398727417,18.4281024932861,10.6196327209473,17.4059581756592,1.66683351993561,2.37312459945679,2.89927935600281,2.07217907905579,83.4540634155273,72.5702896118164,68.1573028564453,79.4346389770508,0.272912383079529,0.122899048030376,0.0148367043584585,0.00121578352991492,0,0.018113499507308,0.0534646771848202,0.515199780464172,13.406557059993
"SK022",2024,NA,NA,0,2.73753929138184,11.4829502105713,20.7323780059814,9.51976108551025,21.5523300170898,2.84802293777466,2.27487349510193,2.84274458885193,2.90890502929688,82.8378524780273,70.9802703857422,70.6929321289062,80.1832733154297,0.242132991552353,0.0847470909357071,0.0239890739321709,6.9684290792793e-05,0,0.000446840276708826,0.641176581382751,0.00743780052289367,12.4806913246992
"FRF22",2017,NA,NA,0,3.13281965255737,11.5977659225464,19.862922668457,11.1467113494873,19.9798488616943,1.53407275676727,1.59601581096649,2.62146639823914,2.51805210113525,86.4474029541016,71.7633590698242,70.3374481201172,83.3232040405273,0.459702879190445,0.149760454893112,0.0126967271789908,0.000212936545722187,0,3.52287476967916e-10,0.00396413868293166,0.371371865272522,11.9476899363287
"FRF34",2015,NA,NA,0,2.20641899108887,10.0035762786865,19.8486785888672,10.1444997787476,19.5190277099609,3.39558911323547,2.74300718307495,1.58030271530151,2.88137674331665,87.5639801025391,70.5202407836914,64.0184936523438,81.9376983642578,0.232439875602722,0.147087246179581,0.0174133889377117,4.30262080044486e-05,0,0,0.199345394968987,0.403671115636826,12.2286703824732
"DE13",2014,NA,NA,0,2.91374254226685,10.0911045074463,17.1853713989258,11.2078533172607,12.8456077575684,2.67008256912231,2.33984398841858,5.09493064880371,2.78744292259216,84.0730667114258,71.0151062011719,73.574821472168,87.1457672119141,0.22418475151062,0.110195554792881,0.0675975307822227,0.000861887994688004,1.76357609071864e-10,0.00903604086488485,0.408353984355927,0.17446506023407,13.9666346623292
"SK032",2020,NA,NA,0,0.62145209312439,8.1894941329956,18.4920616149902,9.18042755126953,20.1573791503906,1.83047533035278,1.48840057849884,4.79082202911377,3.18033933639526,83.3141098022461,61.5265274047852,76.8478851318359,86.5026321411133,0.199507907032967,0.0689094662666321,0.013379342854023,8.00422712927684e-05,6.28218171927486e-11,0,0.718123316764832,0,12.6851841832858
"FRH03",2020,NA,NA,0,7.90303182601929,12.4396371841431,17.8369407653809,12.941596031189,10.6320390701294,2.89990043640137,1.99118113517761,2.23758316040039,2.38629198074341,86.5738143920898,71.8954391479492,74.8954772949219,83.055549621582,0.408266097307205,0.284457474946976,0.0287926755845547,2.37627273413921e-09,0,6.73466433415687e-17,0.0250651352107525,0.253261566162109,13.0117311434027
"AT12",2023,NA,NA,0,1.91837549209595,8.8081693649292,19.5536518096924,11.9245014190674,18.4512519836426,1.77894139289856,2.85651636123657,3.14152765274048,2.10185027122498,80.7473754882812,70.6771774291992,68.3576126098633,75.8203125,0.284629851579666,0.132223695516586,0.0249078366905451,0.000352658651536331,9.09828462569706e-12,0.171628072857857,0.0791489332914352,0.306765615940094,14.2865629339578
"HU120",2023,NA,NA,0,3.31637597084045,11.4120807647705,22.2700290679932,13.6609258651733,21.1838817596436,2.06293106079102,2.04217648506165,2.1373233795166,2.54550218582153,82.7443923950195,66.9829559326172,65.3042144775391,74.9645767211914,0.413550645112991,0.0808023661375046,0.0541282594203949,0.000975024711806327,0,3.68599717148754e-06,0.00521983066573739,0.445089817047119,13.756908646901
"HU323",2023,NA,NA,0,3.62029147148132,11.4483213424683,22.3997936248779,13.6940069198608,20.3782768249512,2.48310852050781,2.078537940979,2.67288756370544,2.97686052322388,81.5714950561523,65.7068099975586,65.5641098022461,73.5567016601562,0.510646462440491,0.0943732038140297,0.0271656718105078,0.000244680413743481,1.04152531044122e-09,0.021366348490119,0.100595444440842,0.245595350861549,12.5729702687517
"RO115",2023,NA,NA,0,3.28598093986511,10.9902143478394,21.6697616577148,13.2470073699951,19.445779800415,2.92807245254517,2.13010692596436,3.06840682029724,3.12673306465149,82.1264190673828,67.7525939941406,69.2309494018555,74.3123016357422,0.483563601970673,0.152363196015358,0.0103352470323443,0.001334028551355,4.89708995576876e-10,0.054285317659378,0.155585005879402,0.142533630132675,12.004701192442
"RO114",2022,NA,NA,0,-1.8987545967102,6.69805335998535,18.9264125823975,8.54667091369629,18.1530990600586,3.42085337638855,2.24841809272766,2.25489115715027,3.81744599342346,86.375846862793,68.662971496582,70.1589889526367,87.5537872314453,0.124736823141575,0.146579191088676,0.00976351462304592,0.0186545867472887,2.67299765654982e-10,0.0136193828657269,0.677393555641174,0.00925299432128668,12.3481030049487
"RO212",2024,NA,NA,0,2.68189239501953,12.2346115112305,23.4498424530029,10.8180837631226,24.2719745635986,1.08595550060272,1.38491487503052,1.99556076526642,2.39262342453003,77.6260833740234,64.0914688110352,61.0984191894531,75.3058853149414,0.577625095844269,0.140376910567284,0.00833174865692854,0.00141672301106155,0,0.080084353685379,0,0.1915682554245,12.1337103483182
"FRG02",2018,NA,NA,0,5.86121654510498,11.9535226821899,20.5302639007568,12.9014158248901,17.4305400848389,2.50310063362122,2.96889591217041,1.77426767349243,1.78064155578613,85.7918548583984,77.0918884277344,68.9629058837891,77.6859817504883,0.471965372562408,0.248344108462334,0.0277632549405098,3.02725378098501e-09,0,1.33939194095148e-18,0,0.25192728638649,12.8921566593023
"FRB04",2017,NA,NA,0,4.82648086547852,12.4257802963257,20.6763935089111,12.3648891448975,18.4356079101562,1.38371849060059,1.88606071472168,1.69616949558258,1.45422518253326,85.2180404663086,71.6449508666992,65.7349548339844,81.1263656616211,0.459067404270172,0.177305072546005,0.0255535989999771,3.02879034279613e-05,0,0,0,0.338043689727783,12.6559201025682
"FRC21",2023,NA,NA,0,3.40334033966064,9.75835609436035,19.7234058380127,12.5203809738159,15.5620985031128,2.72781419754028,4.23608207702637,3.361088514328,4.95457315444946,82.6076583862305,74.7707366943359,65.9061431884766,77.7541580200195,0.20195446908474,0.172369167208672,0.0238049179315567,0.000303644425002858,1.59071182875142e-12,0,0.600682973861694,0,12.3708449522342
"CH02",2019,NA,NA,0,-0.192584961652756,6.19551610946655,17.2920684814453,8.57205581665039,20.9478397369385,4.11546087265015,4.2618670463562,4.61527490615845,4.56440591812134,79.0351791381836,73.0500030517578,72.3711242675781,83.5367050170898,0.152629151940346,0.241645410656929,0.0404016003012657,0.0198739469051361,1.03606893897545e-10,2.7542006364456e-07,0.506354928016663,2.42738542510779e-06,13.7457563923021
"CH06",2014,NA,NA,0,-1.45077264308929,5.65176057815552,13.1160745620728,7.90685892105103,13.8274660110474,3.74068760871887,4.04576015472412,6.68537998199463,5.02412366867065,79.1876220703125,73.7960052490234,79.6523284912109,85.3715133666992,0.0834441483020782,0.221566140651703,0.0552775301039219,0.057634212076664,1.67218761060184e-09,0,0.515034139156342,0,13.2354281886139
"HU120",2022,NA,NA,0,2.52272605895996,11.1261806488037,23.5613327026367,11.7847785949707,21.3041687011719,0.944835722446442,1.28496968746185,1.46814870834351,2.1383421421051,75.0853118896484,56.7027587890625,54.8442001342773,82.418830871582,0.417505264282227,0.0812874436378479,0.0537253804504871,0.000981564400717616,0,4.5259307626111e-06,0.00522819207981229,0.441037237644196,13.7540419863724
"RO215",2024,NA,NA,0,0.725868165493011,9.09774875640869,19.694149017334,8.20849227905273,22.5414257049561,1.50583934783936,2.01387214660645,2.87216544151306,2.33246660232544,77.9022521972656,70.2098007202148,69.6007919311523,77.5589294433594,0.194354057312012,0.114990241825581,0.00742833456024528,0.0107505582273006,1.61078830829275e-10,0.422450602054596,0.137902304530144,0.111450172960758,12.4266404449418
"RO213",2023,NA,NA,0,1.94150519371033,10.3667936325073,22.4327449798584,13.3677501678467,20.8142795562744,0.98339831829071,1.83290922641754,1.59719681739807,1.25734400749207,81.6947860717773,66.5198440551758,62.3546295166016,67.8561172485352,0.529044091701508,0.150340303778648,0.010114942677319,0.00039049013867043,0,0.116168729960918,0,0.193826481699944,12.4895038207069
"HU233",2024,NA,NA,0,4.72530508041382,13.8836126327515,24.2893142700195,11.5188884735107,23.725528717041,1.88524270057678,1.58323562145233,1.42236983776093,2.52697896957397,80.5626754760742,66.5405731201172,61.4194488525391,76.7827453613281,0.509322106838226,0.0708095282316208,0.0233046840876341,0.000480523012811318,0,0,0,0.383720934391022,11.8157027557265
"HU333",2023,NA,NA,0,4.11460113525391,11.9107580184937,23.2603721618652,14.6547985076904,21.282585144043,2.16366672515869,1.93411898612976,2.10736775398254,1.95754146575928,83.7133941650391,70.0200729370117,63.2324600219727,72.1904144287109,0.575865566730499,0.0952000916004181,0.023014422506094,0.00539091136306524,0,0.00264779408462346,0,0.297881245613098,12.0763288032155
"RO124",2023,NA,NA,0,-0.392866224050522,6.90644884109497,17.8277721405029,9.39692687988281,18.4005699157715,1.88867247104645,2.00317072868347,3.11946868896484,1.68325579166412,84.4994583129883,71.8318481445312,75.0334014892578,78.3839340209961,0.147347703576088,0.159125924110413,0.00357434083707631,0.0280165039002895,1.33986233219474e-09,0.035993430763483,0.619176030158997,0.00673591950908303,11.7540635761879
"RO216",2018,NA,NA,0,0.492366224527359,11.8837385177612,22.0752372741699,11.1076068878174,24.3198490142822,1.48996472358704,1.08409118652344,2.74153423309326,0.985793828964233,83.6260528564453,65.8123092651367,68.5316848754883,72.7118988037109,0.550954461097717,0.167143613100052,0.00622756266966462,8.08665578944101e-10,0,0.121033929288387,0,0.154640451073647,11.7911473446347
"ITH44",2023,NA,NA,0,5.53656387329102,11.8103885650635,22.1360931396484,15.3088121414185,16.3476867675781,4.0199294090271,3.8585216999054,5.32815408706665,6.76775789260864,79.2672271728516,71.6744537353516,73.9883041381836,78.2017059326172,0.111914686858654,0.134522750973701,0.0496895425021648,1.38230693558228e-09,0,0,0.483771622180939,0,10.030847843411
"SI038",2017,NA,NA,0,0.298865228891373,11.2504796981812,20.8057327270508,9.90454387664795,24.120626449585,2.63795518875122,3.5122013092041,3.62226986885071,8.27068138122559,76.3839492797852,69.2391204833984,68.5516510009766,82.9370193481445,0.0558033548295498,0.126555278897285,0.00422074412927032,0.00279123056679964,2.95624791313287e-09,0,0.801377713680267,0,10.3995613464454
"RSG125394",2019,NA,NA,0,2.05927228927612,13.2873039245605,23.8165111541748,14.9794435501099,23.2706966400146,1.67151296138763,2.2813036441803,1.98837518692017,1.13718795776367,82.1885528564453,61.5801315307617,64.9316787719727,70.1017074584961,0.578427016735077,0.141207754611969,0.00965350307524204,0.00723561691120267,0,0.000171053077792749,0,0.263146132230759,11.3412069034729
"RSG125394",2024,NA,NA,0,5.73791217803955,15.0434312820435,25.9293117523193,12.7400751113892,24.4065322875977,1.22647905349731,1.53338170051575,1.49177408218384,1.80925250053406,79.5380783081055,64.1713790893555,56.3342475891113,72.5921936035156,0.585167706012726,0.136797159910202,0.0110725490376353,0.00720457313582301,0,0.000171050793142058,0,0.259428054094315,11.2841896458779
"RO424",2018,NA,NA,0,2.73445916175842,13.6947364807129,22.1550884246826,13.359806060791,22.0193672180176,2.14256739616394,2.18119835853577,2.75843000411987,1.00487387180328,82.8465957641602,70.2412109375,72.3611221313477,69.8767547607422,0.516911685466766,0.190736040472984,0.00837849918752909,0.0016221166588366,0,0.122613154351711,0.000820999499410391,0.158917427062988,12.7115972436541
"ITC11",2013,NA,NA,0,-2.45720815658569,5.68279647827148,16.987377166748,8.68004417419434,19.3993663787842,2.12218642234802,6.87438058853149,3.65629005432129,4.01576805114746,68.2538757324219,76.4905242919922,68.3862991333008,77.2149887084961,0.199207231402397,0.0993209481239319,0.0657437220215797,0.0448973961174488,2.54050058767774e-10,0,0.581183552742004,0,13.774870708313
"HR036",2024,NA,NA,0,8.49092483520508,14.0258207321167,24.7119159698486,15.5057802200317,19.847993850708,3.68741798400879,4.28302621841431,1.72812974452972,6.18577146530151,78.1651611328125,74.946662902832,68.541618347168,74.6034622192383,0.131426110863686,0.0944717228412628,0.0124374609440565,0.00169446913059801,2.25095364569938e-09,0,0.539782822132111,0,11.1085503875627
"HR031",2019,NA,NA,0,3.16210651397705,10.1885271072388,21.8655090332031,13.0810918807983,20.6790752410889,2.80778241157532,5.4534592628479,2.98137331008911,5.97796249389648,76.1064682006836,75.2625885009766,71.1317977905273,82.8251113891602,0.0233741905540228,0.0442569404840469,0.00588514609262347,0.00314292358234525,1.98060179368298e-10,0,0.768405079841614,0,11.0292780562295
"RSG125375",2018,NA,NA,0,3.05687499046326,14.320330619812,22.8664436340332,14.2226324081421,23.1213417053223,1.8837685585022,1.98480904102325,3.07528376579285,0.935589730739594,82.4835586547852,67.5216522216797,70.0218734741211,66.0095825195312,0.534511744976044,0.100771114230156,0.0244211461395025,0.00174120010342449,0,0.00451877759769559,0,0.333929657936096,12.3875280721333
"RO315",2017,NA,NA,0,-0.799495220184326,12.0381870269775,23.3886585235596,13.2551412582397,27.7993183135986,1.0736483335495,1.97209465503693,1.94047284126282,1.94068837165833,79.6479568481445,71.4271011352539,64.4461135864258,73.9130554199219,0.667892515659332,0.146952494978905,0.00433597294613719,0.0167297422885895,0,0.0263417568057775,0,0.1308254301548,11.6884830517755
"RSG125377",2024,NA,NA,0,5.32557106018066,14.0597229003906,24.1041870117188,12.092869758606,22.8710670471191,1.36794519424438,1.81897616386414,1.80777192115784,2.33240103721619,78.8343887329102,69.5580291748047,66.6925506591797,78.6929626464844,0.342190772294998,0.0212344508618116,0.0131483059376478,4.13054149248637e-05,0,0.0772326812148094,0,0.546152412891388,11.4120961609054
"RSG125388",2021,NA,NA,0,3.51943778991699,9.83756446838379,22.0504188537598,11.1575326919556,19.6387901306152,2.41649794578552,2.25859904289246,1.45589423179626,1.60356914997101,82.2920761108398,68.5383148193359,65.877685546875,76.5327301025391,0.369164645671844,0.0649333000183105,0.0146036390215158,0.00136840390041471,0,0.0907702744007111,0,0.459159672260284,11.4444343927842
"BG332",2014,NA,NA,0,2.92203187942505,12.0350389480591,21.9315853118896,12.1721830368042,20.594310760498,1.2697606086731,2.32559895515442,3.47695422172546,2.14153695106506,84.7461929321289,77.1864700317383,74.063117980957,81.6719741821289,0.550098598003387,0.198772415518761,0.00642135553061962,2.41524689137407e-09,0,0.00363830896094441,0,0.235770866274834,11.3420501184062
"ES111",2023,NA,NA,0,9.81069469451904,13.5721502304077,19.0198612213135,16.1782989501953,8.63666152954102,5.97859334945679,2.53505420684814,2.01347017288208,7.73078775405884,80.4609603881836,78.2040557861328,79.5988235473633,83.7401657104492,0.182734832167625,0.046173095703125,0.0234472341835499,1.91847496222586e-10,0.000270125514362007,0,0.599350035190582,0,12.7319308061614
"ES111",2017,NA,NA,0,9.71786308288574,13.2747116088867,18.2083969116211,14.4762926101685,10.0898857116699,3.00942993164062,3.23394441604614,0.945221543312073,1.7970780134201,82.1389236450195,77.8688278198242,79.2151107788086,80.2975692749023,0.178953096270561,0.0437068790197372,0.0225459858775139,4.02972433199977e-10,0.000355669384589419,0,0.606413662433624,0,12.78254089748
"ES112",2017,NA,NA,0,7.21005058288574,11.9583969116211,17.9937839508057,12.8786401748657,12.5311470031738,2.64652633666992,3.03376507759094,1.2875634431839,1.6437019109726,82.7225494384766,75.5196228027344,75.6856460571289,77.7388305664062,0.216792091727257,0.0798056200146675,0.00579495448619127,0.00371174397878349,0.000383565144147724,0,0.69335150718689,0,11.6594023793072
"ES120",2018,NA,NA,0,5.36601829528809,9.20101928710938,17.0657482147217,12.3341426849365,14.4709491729736,5.65670442581177,5.09848308563232,3.95412659645081,3.57156705856323,83.4383087158203,79.8433609008789,83.5186386108398,81.4234237670898,0.131165623664856,0.0312192048877478,0.00820075627416372,0.00667007314041257,0.000145171070471406,0.492336481809616,0.24838949739933,0.0656524524092674,12.4165710200284
"ES213",2023,NA,NA,0,8.9373950958252,12.9480409622192,19.6479816436768,16.9319458007812,9.48586845397949,3.72662568092346,2.36166834831238,2.47838449478149,5.09977102279663,75.9357223510742,77.2301483154297,80.1854248046875,77.4306869506836,0.0947758108377457,0.0653526932001114,0.0553154982626438,0.00963021721690893,0.000206128883291967,0.104794107377529,0.469140857458115,0.0183313433080912,12.5927081465544
"ES213",2023,NA,NA,0,8.9373950958252,12.9480409622192,19.6479816436768,16.9319458007812,9.48586845397949,3.72662568092346,2.36166834831238,2.47838449478149,5.09977102279663,75.9357223510742,77.2301483154297,80.1854248046875,77.4306869506836,0.0947758108377457,0.0653526932001114,0.0553154982626438,0.00963021721690893,0.000206128883291967,0.104794107377529,0.469140857458115,0.0183313433080912,12.5927081465544
"ES212",2018,NA,NA,0,7.25081205368042,11.7298746109009,19.4221420288086,14.6101751327515,14.5507173538208,7.18515729904175,4.6035532951355,3.70520782470703,3.04759383201599,82.4163208007812,77.7564926147461,82.8101043701172,80.797607421875,0.10823730379343,0.0629949122667313,0.0222473423928022,0.00194788258522749,0.00030010606860742,0,0.521767914295197,0,11.7950593622228
"RSG125400",2024,NA,NA,0,3.22663450241089,11.1416511535645,21.3558807373047,9.92373561859131,21.782039642334,1.82757925987244,2.49850654602051,1.79170978069305,2.71212410926819,79.6582717895508,73.1464157104492,68.6005783081055,80.3608016967773,0.176756039261818,0.0763477757573128,0.00773313967511058,0.00327584007754922,0.0022706245072186,0.0316021181643009,0.60827761888504,0.09373689442873,11.7387874430121
"BG333",2021,NA,NA,0,4.13784074783325,9.9883337020874,22.2211589813232,12.1670122146606,20.7638702392578,2.55959677696228,2.21019530296326,2.54486489295959,1.68256568908691,84.8595657348633,72.8145980834961,70.6188659667969,76.5498504638672,0.452293455600739,0.180767953395844,0.00750029692426324,0.000190235688933171,0,3.12972842948511e-05,0,0.35906308889389,11.1528172904843
"ES111",2024,NA,NA,0,10.6409559249878,12.3435564041138,18.2704849243164,15.5186252593994,9.00344944000244,5.09088373184204,5.10841369628906,1.32612144947052,4.95737361907959,84.2676620483398,79.2085952758789,80.4948883056641,83.2590866088867,0.183519288897514,0.0466669052839279,0.0235946048051119,5.05061048539091e-10,0.00025621399981901,0,0.597938358783722,0,12.7220771171338
"ES114",2010,NA,NA,0,7.22355794906616,11.7834949493408,18.5434989929199,13.0804824829102,12.582691192627,8.29753684997559,3.77908563613892,1.29180121421814,5.35838985443115,83.6549453735352,75.4879150390625,74.4042587280273,82.3592834472656,0.182426288723946,0.114324346184731,0.0049966974183917,0.000364024977898225,0.000489122117869556,0,0.668487966060638,0,11.5257027059985
"ES112",2023,NA,NA,0,7.13607835769653,12.1111507415771,18.4688014984131,14.4752044677734,10.9186010360718,5.29649591445923,2.29051876068115,1.98409807682037,7.20916843414307,81.2801284790039,74.9832763671875,75.4205169677734,81.7785415649414,0.21664035320282,0.086285263299942,0.00614173803478479,0.0032481774687767,0.000291832198854536,0,0.687232136726379,0,11.5785027286545
"ES413",2024,NA,NA,0,5.4205174446106,9.23044109344482,18.8200836181641,11.7077884674072,15.3552360534668,2.45410108566284,3.06330966949463,1.35751569271088,2.86973881721497,81.4955139160156,72.5718307495117,64.2385177612305,78.1241989135742,0.258611410856247,0.110207617282867,0.00540821487084031,0.0128641529008746,0.000584353168960661,0.0542794652283192,0.528433918952942,0.0247992426156998,12.1751649644292
"ES220",2020,NA,NA,0,7.40802907943726,12.762882232666,19.8680191040039,13.2698993682861,15.3403615951538,2.1354193687439,3.59300851821899,1.45117092132568,2.41094660758972,79.1298828125,73.8397369384766,66.8923950195312,73.3358459472656,0.336657851934433,0.160617783665657,0.0133361723273993,0.0219046156853437,0.000204899391974322,0.0062729874625802,0.407625257968903,0.0305331740528345,12.8455074073214
"MEG125358",2024,NA,NA,0,2.50445294380188,9.72061061859131,20.427417755127,9.63315486907959,20.7004108428955,4.99313545227051,4.2780122756958,1.89737987518311,5.37535953521729,80.1363677978516,75.5579528808594,65.4122543334961,79.0936431884766,0.0836922526359558,0.0597204752266407,0.00160117784980685,0.0595233216881752,6.74446165582765e-10,0,0.795462787151337,0,8.70397411012109
"BG344",2018,NA,NA,0,3.3218994140625,13.4027042388916,22.4963035583496,13.210991859436,20.9555511474609,2.30901455879211,2.13321185112,2.87856554985046,1.64663541316986,82.3127365112305,72.7459182739258,68.4005508422852,72.3509750366211,0.340719610452652,0.132174879312515,0.00889454036951065,0.0018524790648371,0,7.99862536950968e-05,0,0.516073524951935,11.8140648227921
"BG341",2023,NA,NA,0,6.25717401504517,11.1980743408203,23.0627975463867,16.4635524749756,17.4874839782715,1.31041371822357,2.54847621917725,0.871347427368164,1.73557603359222,79.638801574707,77.4040985107422,70.6436996459961,72.1179046630859,0.257474511861801,0.101239584386349,0.00560642126947641,0.00182915665209293,0,0.0772499814629555,0,0.432987332344055,11.8936049952294
"ES114",2022,NA,NA,0,8.85459232330322,12.2211742401123,19.2783889770508,14.9381294250488,10.8167695999146,2.642498254776,3.42405009269714,1.59901034832001,6.5949296951294,81.6315307617188,77.2999114990234,76.2792663574219,83.5625381469727,0.182480946183205,0.115344494581223,0.00596881890669465,1.31413302462136e-09,0.000302596163237467,0,0.666991531848907,0,11.3270598228185
"ES113",2024,NA,NA,0,7.34192085266113,10.6668653488159,18.7952041625977,13.2318115234375,13.0401592254639,4.44629621505737,4.68892908096313,1.22803795337677,4.17830419540405,84.7664337158203,76.8434829711914,71.8188323974609,81.1869506835938,0.146907836198807,0.120098784565926,0.00828694645315409,0.00916732661426067,0.000512181897647679,0,0.71323812007904,0,11.8089034993236
"ES414",2023,NA,NA,0,4.72850608825684,11.5260047912598,20.26735496521,13.7132320404053,16.3819694519043,2.33210134506226,0.984699547290802,1.25046360492706,2.91161417961121,78.6241607666016,62.4004211425781,59.521369934082,72.5672225952148,0.48678594827652,0.190963640809059,0.00517122354358435,0.0695153921842575,7.04732156009413e-05,0.0155678372830153,0.186891138553619,0.042413093149662,11.4609317608794
"MEG125365",2022,NA,NA,0,3.25471782684326,10.4202795028687,22.629207611084,13.7015857696533,15.6866111755371,6.33600568771362,3.86632919311523,1.76793467998505,9.12571048736572,74.6499786376953,68.4572143554688,63.1345100402832,75.234130859375,0.128722503781319,0.0980359092354774,0.0146813411265612,0.0274975541979074,0.00227254838682711,0,0.608711898326874,0,10.9109142101485
"AL015",2023,NA,NA,0,4.75647926330566,10.5068702697754,21.5011672973633,14.3717527389526,18.2946968078613,7.9034423828125,5.38098859786987,2.83945441246033,7.39075660705566,78.4959487915039,72.8411254882812,68.8068237304688,74.3354644775391,0.140295818448067,0.0712309405207634,0.0105614895001054,0.00219572195783257,0.120713569223881,0,0.611387252807617,0,11.4658248492721
"AL013",2024,NA,NA,0,3.75377202033997,11.2567205429077,22.6443061828613,11.1021785736084,21.7815914154053,3.48227787017822,4.15017700195312,1.68998920917511,4.63451480865479,77.0315093994141,73.5360641479492,58.4643592834473,75.5599517822266,0.13751383125782,0.123230025172234,0.0136862313374877,0.00313242757692933,0.0910826325416565,0,0.629741847515106,0,11.1015538854517
"MK007",2019,NA,NA,0,0.509569764137268,11.0455131530762,21.4761524200439,13.8228626251221,23.1691417694092,1.83576965332031,1.80071008205414,1.65551829338074,1.19455206394196,75.8801040649414,62.3711547851562,61.569019317627,69.536506652832,0.218518882989883,0.192264392971992,0.00761723471805453,0.0394547507166862,0,0.133016586303711,0,0.409128218889236,10.9529405073376
"BG421",2018,NA,NA,0,2.64729642868042,12.6719369888306,21.1579856872559,12.2734804153442,20.0438766479492,2.32288289070129,2.41972303390503,3.64435124397278,1.48631644248962,80.9421081542969,72.6971435546875,69.3122253417969,71.6728973388672,0.318520128726959,0.114962458610535,0.0154321752488613,0.00164508353918791,0,0.000799140834715217,0,0.547987520694733,12.6008354797302
"BG343",2023,NA,NA,0,5.83097267150879,11.509373664856,23.6201248168945,16.3823013305664,18.877836227417,1.50134336948395,2.53467512130737,0.945114254951477,1.38381612300873,79.8190231323242,74.8944625854492,64.1083297729492,69.1752090454102,0.451433628797531,0.171242579817772,0.00561909936368465,0.00853233225643635,0,0.00228023366071284,0,0.360744804143906,10.5942363514643
"PT111",2023,NA,NA,0,9.48299503326416,13.6888332366943,19.1605110168457,15.9228782653809,9.40341949462891,7.81474828720093,3.25733542442322,1.83266294002533,10.5073547363281,79.8113632202148,76.8113327026367,78.6879806518555,83.9776306152344,0.0910802409052849,0.150929868221283,0.0230616256594658,1.61224322781095e-09,0.000103517435491085,0,0.579809069633484,0,11.5875626274352
"PT112",2024,NA,NA,0,9.79436779022217,12.6714086532593,19.2763957977295,15.3326501846313,10.8583841323853,7.19744443893433,6.1689281463623,1.35945510864258,5.70812273025513,84.5358276367188,77.6680068969727,76.0045471191406,81.0616607666016,0.0871873199939728,0.142775312066078,0.0260375533252954,8.01907873437813e-10,7.40636678528972e-05,0,0.634579539299011,0,11.0627136786488
"ES419",2024,NA,NA,0,6.12066459655762,11.1674070358276,21.7018737792969,13.4772577285767,17.5550212860107,1.81886756420135,2.22872853279114,0.902929902076721,2.03824830055237,82.3813018798828,67.5213470458984,52.3901786804199,73.2358703613281,0.372868061065674,0.182322427630424,0.0030501747969538,0.0626779720187187,0.000340551254339516,0.0983913019299507,0.15548400580883,0.122769691050053,11.1326607292401
"AL014",2024,NA,NA,0,7.05930137634277,13.6646823883057,24.5279445648193,14.2868204116821,19.9706363677979,3.81715083122253,4.45037794113159,1.09873151779175,5.39256763458252,73.5961608886719,73.4077453613281,62.6727752685547,73.4860153198242,0.19639864563942,0.0855527296662331,0.00873793382197618,3.41321748642542e-10,0.11297020316124,0,0.522274971008301,0,10.7049899593473
"PT11C",2023,NA,NA,0,8.78428840637207,14.0156831741333,20.3171005249023,15.8817873001099,11.844672203064,5.96379518508911,2.66855978965759,1.38048923015594,8.7908878326416,79.5153503417969,72.2298278808594,72.8342437744141,82.2795715332031,0.159980922937393,0.186492472887039,0.0344169586896896,2.2107971009433e-09,1.31521833354742e-11,0,0.619109690189362,0,12.3683362416519
"PT11D",2023,NA,NA,0,7.32243824005127,13.6532611846924,21.0841064453125,15.2789335250854,14.8207635879517,3.53548908233643,1.66043651103973,0.962229073047638,4.72254467010498,79.744026184082,65.6476058959961,64.0112152099609,78.1782455444336,0.161971181631088,0.223685130476952,0.00763019220903516,0.00400266656652093,8.62978808413573e-08,0.201160565018654,0.28790545463562,0.113644704222679,11.2453406046882
"AL022",2023,NA,NA,0,8.31015777587891,13.2936182022095,23.8727722167969,17.7891330718994,16.7720851898193,4.57235145568848,4.19873666763306,2.03942179679871,5.21568822860718,74.362434387207,72.389762878418,69.8154602050781,70.4600219726562,0.325026124715805,0.123558849096298,0.0308646354824305,6.00164806741077e-10,0.0994775667786598,0,0.415960967540741,0,12.6674476511375
"AL021",2023,NA,NA,0,5.68725633621216,10.9870471954346,21.9871520996094,15.4936895370483,17.5227375030518,4.19036245346069,4.45933818817139,2.2903323173523,4.77109956741333,77.288932800293,73.2975082397461,67.78173828125,71.1981430053711,0.190161824226379,0.127857267856598,0.0130595844238997,0.00765690300613642,0.1160778850317,0,0.539014518260956,0,12.036649791638
"MK004",2018,NA,NA,0,4.21028900146484,14.6232433319092,22.8476428985596,14.5225772857666,19.3095722198486,3.05620265007019,2.55919814109802,2.89846587181091,1.19284117221832,77.0839462280273,65.9320831298828,61.5628395080566,65.2482070922852,0.21700544655323,0.226361349225044,0.00321743171662092,0.0372064709663391,0,0.280069559812546,0,0.231286838650703,10.9070993920742
"EL514",2022,NA,NA,0,3.39317440986633,10.078293800354,21.6684608459473,13.3573141098022,16.3168048858643,3.30875778198242,2.17492604255676,3.13996267318726,1.46201813220978,73.4144973754883,68.1920394897461,66.5953750610352,72.9627838134766,0.242666453123093,0.081748329102993,0.00321817537769675,0.0162522476166487,0,0.203729003667831,0,0.45147168636322,10.9899813301661
"PT16G",2023,NA,NA,0,8.34387493133545,14.0014982223511,20.6943473815918,15.7335824966431,12.7673788070679,4.75512456893921,2.16512775421143,1.11603426933289,6.45738220214844,80.4359741210938,69.3124847412109,68.8568878173828,80.4442977905273,0.101647913455963,0.189341530203819,0.0202744454145432,7.08808584022336e-05,1.18020759723274e-13,0.0201142206788063,0.662563145160675,0.00598785607144237,11.6848471009283
"ES242",2024,NA,NA,0,6.76628875732422,12.1485795974731,22.2395610809326,13.4972686767578,16.9820213317871,1.02463459968567,1.18637180328369,1.48282027244568,3.08009886741638,68.5707778930664,56.9897575378418,52.8380699157715,73.1944274902344,0.304693937301636,0.0475711636245251,0.00157223548740149,0.107699930667877,0,0.258285939693451,0,0.280124723911285,11.0055810144667
"ITG25",2023,NA,NA,0,10.4259061813354,14.199390411377,24.2932071685791,19.3741416931152,14.9758577346802,2.64045095443726,1.84586930274963,1.00405561923981,1.50502955913544,80.9203109741211,78.0559539794922,69.403564453125,71.1242904663086,0.282407850027084,0.113272421061993,0.0152000654488802,0.00272406055592,0,2.69244820882975e-10,0,0.377430707216263,11.5587211949361
"AL032",2017,NA,NA,0,6.58237648010254,14.7350521087646,25.7666835784912,15.7766275405884,21.9890422821045,1.38224923610687,2.29464054107666,0.394503325223923,3.71249890327454,68.7427749633789,68.6770553588867,56.9651222229004,71.2902297973633,0.510156095027924,0.220419555902481,0.0202663596719503,0.0023783459328115,0.0326597429811954,0,0.200517430901527,0,11.6259469044213
"AL021",2020,NA,NA,0,4.85519504547119,11.5293216705322,20.9429836273193,13.8647165298462,19.1115226745605,3.51909875869751,3.36567234992981,1.86078417301178,2.75368356704712,73.4928359985352,67.970458984375,68.993766784668,73.1822052001953,0.191943868994713,0.140085577964783,0.0125054670497775,0.00813526846468449,0.118093803524971,0,0.523063957691193,0,12.0446926811359
"EL522",2020,NA,NA,0,6.90866041183472,14.1898632049561,25.0562553405762,17.4812049865723,21.7797012329102,1.46776139736176,3.58714604377747,1.19707858562469,0.648145020008087,72.6740112304688,69.2730178833008,61.4442481994629,65.7286376953125,0.327981501817703,0.129850670695305,0.0113914702087641,0.0592115595936775,0,0.0549213252961636,0,0.334238409996033,12.3648704571233
"PT16H",2019,NA,NA,0,8.82047367095947,14.7392501831055,22.2521800994873,16.3313064575195,16.0782604217529,0.975232899188995,1.56305503845215,0.359140157699585,2.07025980949402,76.9655456542969,61.9877319335938,55.7178993225098,70.7500991821289,0.159900650382042,0.205484434962273,0.0047549488954246,0.0341505594551563,0,0.434847205877304,0,0.160728290677071,10.5149364891116
"ES522",2024,NA,NA,0,9.9790678024292,14.4579095840454,23.4557666778564,16.4252490997314,15.328293800354,0.646028935909271,0.896505236625671,1.30383479595184,4.73127508163452,62.918025970459,58.9218826293945,63.056713104248,73.6388702392578,0.228523284196854,0.0240573491901159,0.0142194200307131,0.0490945242345333,0,0.295132458209991,0,0.253956615924835,12.2982858471444
"ITG26",2017,NA,NA,0,8.35366249084473,13.7627477645874,24.5671920776367,15.2679738998413,18.5911865234375,2.55934286117554,0.605784058570862,0.288558810949326,1.00241684913635,80.643684387207,64.7065048217773,53.8374137878418,68.8868179321289,0.249009847640991,0.131146833300591,0.00747600523754954,0.0137396836653352,0,3.78963554981127e-10,0,0.597724258899689,10.7003852228888
"ITF45",2023,NA,NA,0,12.4193563461304,15.6823263168335,26.7738380432129,21.4312076568604,16.3111877441406,1.81339848041534,2.59573721885681,0.800607979297638,1.69318521022797,77.1931991577148,73.9813613891602,64.7435073852539,71.9257049560547,0.319897294044495,0.120387427508831,0.0613107681274414,0.000230185629334301,0,0,0,0.284624308347702,12.1504721443521
"AL035",2014,NA,NA,0,8.93026638031006,13.1950130462646,22.516960144043,16.278736114502,14.6320466995239,3.95814895629883,4.25522947311401,0.934644997119904,6.4082202911377,75.7575454711914,76.9977340698242,70.7130279541016,77.5480270385742,0.237754240632057,0.202040016651154,0.00236741476692259,0.040049072355032,0.0233353320509195,0.000868894916493446,0.322232037782669,0.00330874533392489,10.3774844796823
"AL033",2023,NA,NA,0,6.8082423210144,11.4611167907715,22.6144313812256,16.3054218292236,17.1399936676025,5.32262468338013,4.17190742492676,1.84667384624481,5.51782178878784,76.5247116088867,75.0324478149414,66.8760528564453,73.0549850463867,0.230343714356422,0.196962803602219,0.00269913859665394,0.0250397473573685,0.0455992110073566,0.00916584860533476,0.429728329181671,0.00960444752126932,10.0411433383024
"ES432",2023,NA,NA,0,8.72243690490723,16.067195892334,25.834020614624,17.3569679260254,18.7447032928467,3.18845295906067,1.11400175094604,0.538574814796448,3.45139932632446,75.5610427856445,55.1435470581055,44.1905212402344,69.2762908935547,0.334220886230469,0.162059143185616,0.00322559219785035,0.0722023025155067,0,0.261097997426987,0,0.164088621735573,11.8312914649678
"ES432",2023,NA,NA,0,8.72243690490723,16.067195892334,25.834020614624,17.3569679260254,18.7447032928467,3.18845295906067,1.11400175094604,0.538574814796448,3.45139932632446,75.5610427856445,55.1435470581055,44.1905212402344,69.2762908935547,0.334220886230469,0.162059143185616,0.00322559219785035,0.0722023025155067,0,0.261097997426987,0,0.164088621735573,11.8312914649678
"ES523",2023,NA,NA,0,8.19153213500977,15.4895162582397,24.8452110290527,17.5528945922852,17.6625270843506,0.788838922977448,1.37656676769257,0.945946156978607,1.5620219707489,67.4610595703125,53.989688873291,60.2044563293457,65.823356628418,0.272975206375122,0.00188152294140309,0.0132887838408351,0.12002831697464,0,0.249144896864891,0,0.317471027374268,12.652980155666
"EL622",2022,NA,NA,0,11.6920719146729,14.8089027404785,25.0606536865234,20.0025177001953,10.3671264648438,5.79278326034546,1.54382920265198,0.673187255859375,5.26260137557983,67.7051315307617,73.9293975830078,77.9868469238281,73.4384384155273,0.0572987198829651,0.048962090164423,0.00381608167663217,1.01244701511405e-09,0,0.025457352399826,0,0.103343978524208,8.92184768460655
"AL035",2017,NA,NA,0,6.89415216445923,13.9606733322144,24.3803596496582,15.6462097167969,20.4006595611572,2.38418889045715,2.43197774887085,0.51645839214325,5.04585075378418,68.890510559082,72.1830062866211,63.1757736206055,72.4310607910156,0.235514894127846,0.20509660243988,0.00252966373227537,0.0407353229820728,0.0224548988044262,0.000864946399815381,0.32137256860733,0.00338685978204012,10.333134535615
"EL543",2023,NA,NA,0,5.28699254989624,10.0918855667114,21.6307716369629,14.6874828338623,17.6222534179688,4.79643440246582,4.36674928665161,1.64875340461731,5.76916360855103,78.4715576171875,77.0085144042969,65.2082672119141,76.2808303833008,0.156376972794533,0.0598221123218536,0.00336778699420393,0.0188210569322109,0.000950168410781771,0.144419804215431,0.416092246770859,0.175316363573074,11.2498794994474
"EL611",2022,NA,NA,0,4.63889265060425,11.1837120056152,23.4684867858887,15.075511932373,16.2389659881592,4.32576560974121,2.60951972007751,2.2864294052124,2.55306792259216,73.5009384155273,66.3841552734375,55.2612915039062,66.7455062866211,0.263262778520584,0.106460899114609,0.0030660240445286,0.0426990352571011,1.28956489583998e-11,0.131224155426025,0.0627174228429794,0.387617498636246,11.3653205026143
"EL612",2024,NA,NA,0,8.63173294067383,15.1354551315308,26.9088115692139,16.1354446411133,19.750186920166,2.29440522193909,2.14422202110291,0.954998433589935,2.22316217422485,73.0040588378906,68.3031692504883,53.6450614929199,69.3326416015625,0.307054251432419,0.0465068183839321,0.00449200579896569,0.166686207056046,0,0.0481980182230473,0,0.334580808877945,11.6590001843391
"EL612",2018,NA,NA,0,7.36212062835693,15.7118253707886,24.3116035461426,16.4679126739502,16.9277610778809,4.60749912261963,1.75033104419708,2.84024620056152,2.25039124488831,75.6120681762695,66.6183090209961,60.4349174499512,69.8737869262695,0.280075401067734,0.0482492707669735,0.00420951470732689,0.177245274186134,0,0.0493394136428833,0,0.348399251699448,11.6992202378685
"EL541",2018,NA,NA,0,6.92934799194336,14.5480012893677,22.3298683166504,15.8473796844482,15.8321113586426,8.62147331237793,4.43224954605103,2.4911630153656,3.44138121604919,79.6364822387695,74.2686462402344,70.5554656982422,71.7475814819336,0.184672743082047,0.105809666216373,0.00168663903605193,0.0359567292034626,2.06158409787882e-10,0.00241134827956557,0.570520639419556,0.00335017126053572,10.2100772919541
"EL541",2014,NA,NA,0,7.130295753479,12.2265720367432,21.7695751190186,14.8637886047363,15.6153583526611,3.94273805618286,4.20110273361206,0.986937284469604,5.24727392196655,79.5414505004883,78.5657348632812,70.0850601196289,79.8692016601562,0.204986244440079,0.110829085111618,0.00158556911628693,0.0406983494758606,2.06158409787882e-10,0.00241267075762153,0.540622532367706,0.00327353808097541,10.2231005546222
"EL644",2023,NA,NA,0,7.59375905990601,12.5785694122314,24.8016166687012,16.910982131958,18.5495090484619,2.1349618434906,3.03107833862305,1.21381783485413,5.97073268890381,78.2149276733398,73.5134658813477,54.7214241027832,74.5071411132812,0.231949359178543,0.0940634161233902,0.00261374213732779,0.106035433709621,0,0.0939576029777527,0,0.402763456106186,10.7312981019812
"PT170",2023,NA,NA,0,12.7677249908447,16.7093677520752,21.6667709350586,18.8123645782471,8.67333984375,2.88377141952515,0.490989744663239,0.259446680545807,2.03736114501953,78.9939804077148,70.9810409545898,70.7836380004883,79.3231430053711,0.17888368666172,0.178295359015465,0.136458307504654,0.000237387852394022,0,0.183895066380501,0.0042510237544775,0.101187653839588,13.5967821673427
"ES431",2007,NA,NA,0,8.59937953948975,14.2299928665161,23.9533214569092,16.8401851654053,15.0751352310181,1.38252794742584,1.83920538425446,0.566166400909424,1.35334622859955,81.4004745483398,65.8969573974609,48.2218894958496,61.8607368469238,0.411538690328598,0.189754769206047,0.00460475962609053,0.0466143302619457,0,0.205002754926682,0,0.139998078346252,12.5826837862757
"ES422",2017,NA,NA,0,7.61652851104736,15.596529006958,27.2623291015625,17.3715171813965,21.8900928497314,1.43243324756622,1.53113639354706,0.624319970607758,0.736448228359222,76.7053298950195,55.5224952697754,33.2200469970703,47.4494094848633,0.387391716241837,0.0248055700212717,0.00412203185260296,0.193898811936378,0,0.187896624207497,0,0.201152473688126,12.2954332725884
"ES422",2023,NA,NA,0,7.77817153930664,16.145336151123,27.0636348724365,17.185791015625,21.697826385498,1.77995324134827,0.907954633235931,0.524627029895782,1.85209035873413,72.2783050537109,46.1084899902344,35.1837921142578,62.8142852783203,0.387034595012665,0.0264989323914051,0.00434275483712554,0.203802704811096,0,0.183813139796257,0,0.193775102496147,12.2901543249877
"ES422",2014,NA,NA,0,7.1752438545227,15.178671836853,24.8334503173828,17.1549625396729,18.327564239502,2.46929240226746,0.921785533428192,0.20070381462574,1.93094480037689,78.8871536254883,56.8515090942383,38.1552505493164,66.1571197509766,0.392135471105576,0.0233669746667147,0.00400473736226559,0.197269409894943,0,0.18916030228138,0,0.193330302834511,12.3194607598748
"EL631",2023,NA,NA,0,8.29743385314941,12.8495798110962,24.0626735687256,17.7093048095703,16.2431392669678,4.28593635559082,3.87310028076172,1.35521483421326,5.85320043563843,79.2002105712891,77.4337921142578,66.3329086303711,76.0503005981445,0.154348984360695,0.112417593598366,0.00402464438229799,0.0288008954375982,1.33586483888615e-11,0.12807497382164,0.0652160942554474,0.410781413316727,11.15983349184
"EL643",2023,NA,NA,0,6.26364707946777,11.1506547927856,22.8529987335205,15.665075302124,17.4449920654297,3.53773021697998,3.90108156204224,1.62712180614471,7.29530572891235,79.2646102905273,76.929443359375,61.4771118164062,76.022590637207,0.153173834085464,0.0573330819606781,0.00184066442307085,0.0330644212663174,1.44323502801469e-11,0.207138165831566,0.0704578310251236,0.449173510074615,9.76889711718091
"PT184",2024,NA,NA,0,11.9536399841309,16.2024230957031,24.2060604095459,18.4193382263184,13.7788391113281,1.65164852142334,1.64073193073273,0.15898460149765,1.57059729099274,82.1531372070312,68.009033203125,55.9595565795898,74.0327987670898,0.308919429779053,0.252079516649246,0.00368729652836919,0.0503194145858288,0,0.246713235974312,0,0.12661537528038,10.8607141724444
"ES431",2017,NA,NA,0,9.01628494262695,16.3878936767578,26.5102977752686,18.6757278442383,19.5920295715332,1.57874476909637,1.37954163551331,0.27939435839653,0.663647353649139,77.66943359375,58.675724029541,38.897274017334,48.9298439025879,0.400534152984619,0.193727731704712,0.00513414014130831,0.0373552888631821,0,0.198475688695908,0,0.162286356091499,12.5088172685496
"ES431",2022,NA,NA,0,9.89143943786621,15.5430450439453,27.047212600708,18.6400756835938,17.8324222564697,0.818023800849915,1.91664493083954,0.091001458466053,1.13613522052765,71.0685577392578,60.98583984375,38.4289741516113,62.3595581054688,0.39982408285141,0.213099926710129,0.00537362461909652,0.0369729846715927,0,0.190509259700775,0,0.151733458042145,12.4793391629148
"ES613",2024,NA,NA,0,10.2928943634033,16.3606815338135,27.0207271575928,18.3403739929199,18.6317310333252,1.8951188325882,2.13648533821106,0.473801910877228,2.1950843334198,76.4924850463867,59.1745719909668,43.1281242370605,66.7983016967773,0.407357454299927,0.227454587817192,0.00917677022516727,0.00850610807538033,0,0.194909408688545,0,0.150989130139351,12.6283045273909
"ES616",2024,NA,NA,0,8.93777942657471,15.1426877975464,26.7729911804199,17.4150524139404,19.3542900085449,2.01234865188599,2.18342995643616,0.426497519016266,1.45707011222839,72.8648376464844,57.0285720825195,37.8368377685547,63.8870658874512,0.359589904546738,0.03294937312603,0.00734421610832214,0.182891458272934,0,0.212114214897156,0,0.204909980297089,12.3786248271027
"EL632",2020,NA,NA,0,7.6594934463501,13.2400646209717,23.2728576660156,16.7013893127441,18.9603424072266,2.40737509727478,1.98913466930389,0.826526582241058,2.09631943702698,77.3135070800781,68.5492477416992,63.3281898498535,71.2249450683594,0.19232639670372,0.151503592729568,0.00674174353480339,0.037507988512516,0,0.0786168053746223,0,0.411917120218277,11.0230463070211
"PT184",2023,NA,NA,0,11.3553314208984,17.7550449371338,25.4891967773438,18.8849315643311,14.6751050949097,1.87675046920776,0.46109738945961,0.229188933968544,1.98858094215393,78.2722091674805,58.8133697509766,49.7247924804688,71.9148254394531,0.309082955121994,0.246898949146271,0.00364790833555162,0.0493108034133911,0,0.250369518995285,0,0.129024103283882,10.8728888640343
"ES615",2019,NA,NA,0,11.0211801528931,17.0501766204834,24.4012489318848,18.7669105529785,15.3239231109619,0.541549682617188,0.774926424026489,0.0342934429645538,0.809004485607147,72.8119277954102,59.5792121887207,50.5349464416504,65.2372589111328,0.227723374962807,0.129189163446426,0.00754550751298666,0.0183380469679832,0,0.306676089763641,0,0.215358763933182,12.3621659238976
"ES613",2024,NA,NA,0,10.2928943634033,16.3606815338135,27.0207271575928,18.3403739929199,18.6317310333252,1.8951188325882,2.13648533821106,0.473801910877228,2.1950843334198,76.4924850463867,59.1745719909668,43.1281242370605,66.7983016967773,0.407357454299927,0.227454587817192,0.00917677022516727,0.00850610807538033,0,0.194909408688545,0,0.150989130139351,12.6283045273909
"ES613",2023,NA,NA,0,9.94810390472412,17.9556903839111,27.9784336090088,18.6362190246582,20.5132484436035,1.92817401885986,0.925685882568359,0.411573171615601,1.59044933319092,71.3460693359375,48.1311912536621,38.1430587768555,63.2653350830078,0.407722115516663,0.223227217793465,0.00909977499395609,0.00932526029646397,0,0.195675924420357,0,0.153343141078949,12.6301138324628
"ITG12",2023,NA,NA,0,10.1179904937744,13.6029682159424,24.5736236572266,19.8944282531738,16.5157680511475,2.14235663414001,2.77190184593201,0.9989373087883,0.955373048782349,81.8259124755859,77.4431533813477,62.7664794921875,69.9166412353516,0.494845002889633,0,0.00505937077105045,0.167294234037399,0,2.78531855748881e-15,0,0.324059903621674,11.4807094800749
"EL621",2023,NA,NA,0,14.3093719482422,15.8195333480835,24.8008766174316,22.1251773834229,10.3947143554688,3.17433333396912,2.47617816925049,0.149114787578583,2.43240284919739,72.6165008544922,78.7409744262695,82.4190444946289,75.0450057983398,0.0484486520290375,0.0451713837683201,0.00126620451919734,0.000520807458087802,0,0.00339919375255704,0,0.0676599219441414,7.74696277866139
"EL633",2024,NA,NA,0,9.94719696044922,15.245080947876,26.8024883270264,17.294921875,17.9116668701172,2.98421740531921,1.98678278923035,0.537876427173615,2.44709420204163,77.7872161865234,70.2189712524414,53.9532585144043,70.6793823242188,0.270906895399094,0.142656654119492,0.000312570395180956,0.0438658371567726,0,0.0607348792254925,0,0.416171252727509,9.48486091730003
"EL412",2014,NA,NA,0,13.343581199646,16.3084354400635,24.4799537658691,19.6715545654297,12.0073862075806,3.08563852310181,2.8353750705719,0.208120241761208,1.65416145324707,72.5157318115234,75.6154937744141,76.2503509521484,73.7903747558594,0.0322893187403679,0.0274682082235813,0.00129175814799964,0.00362140592187643,0,0.0472533777356148,0,0.111145846545696,7.85163011359963
"ES615",2023,NA,NA,0,11.6947832107544,18.2585258483887,26.6298828125,19.1826267242432,16.1218948364258,2.11251091957092,0.551215589046478,0.322277188301086,1.79418873786926,75.5553207397461,57.2043914794922,47.9049186706543,70.9049530029297,0.227307364344597,0.132462814450264,0.00788426958024502,0.0180576182901859,0,0.303908258676529,0,0.215210616588593,12.3554225118357
"ES618",2014,NA,NA,0,10.9413709640503,17.5210227966309,25.2900371551514,19.4576892852783,15.4391479492188,2.13702440261841,1.15641832351685,0.158012092113495,2.79605555534363,75.899284362793,59.178897857666,49.164608001709,70.6631851196289,0.435137301683426,0.205634415149689,0.0192015096545219,0.00740736164152622,0,0.160548940300941,0,0.164736807346344,13.5329117106712
"EL653",2018,NA,NA,0,9.7105188369751,15.884934425354,23.8582534790039,18.2057666778564,15.233362197876,4.22168588638306,1.32202005386353,1.59637796878815,2.80573105812073,77.7341918945312,70.3162841796875,66.3689346313477,70.9160766601562,0.154848799109459,0.143429383635521,0.00248000794090331,0.0471513494849205,0,0.0503044649958611,0,0.349589198827744,10.665622539466
"ES612",2017,NA,NA,0,11.8981199264526,16.9008598327637,25.4167003631592,19.7411231994629,15.3122797012329,2.49750876426697,1.52864909172058,0.175239652395248,1.11220598220825,78.6386032104492,67.5562744140625,56.0210342407227,65.056396484375,0.331752985715866,0.204146787524223,0.00850656442344189,0.0141334030777216,0,0.181707322597504,0,0.149752497673035,12.19155012422
"ES617",2024,NA,NA,0,11.7698726654053,15.8565683364868,24.5568561553955,18.514476776123,14.7461013793945,1.70826292037964,2.20375347137451,0.358721882104874,2.214026927948,75.0175399780273,66.1122512817383,59.4380493164062,73.5099639892578,0.336301207542419,0.180280908942223,0.0200983788818121,0.00282899662852287,0,0.172477409243584,0,0.172666192054749,12.9999663385878
"ES617",2024,NA,NA,0,11.7698726654053,15.8565683364868,24.5568561553955,18.514476776123,14.7461013793945,1.70826292037964,2.20375347137451,0.358721882104874,2.214026927948,75.0175399780273,66.1122512817383,59.4380493164062,73.5099639892578,0.336301207542419,0.180280908942223,0.0200983788818121,0.00282899662852287,0,0.172477409243584,0,0.172666192054749,12.9999663385878
"ITG18",2023,NA,NA,0,12.9034204483032,15.2182722091675,25.3211441040039,21.6687240600586,13.5980644226074,2.35391736030579,1.09032678604126,0.297247856855392,0.899213135242462,78.7064895629883,77.4626998901367,68.7929229736328,73.6392593383789,0.352576076984406,0,0.0255676526576281,0.0953180566430092,0,2.36003686719958e-15,0,0.171381175518036,10.9589364440018
"EL653",2023,NA,NA,0,10.0529479980469,13.5000009536743,24.5347805023193,19.1552562713623,14.9747972488403,2.34205865859985,2.67714738845825,0.66357946395874,2.54983258247375,77.4305801391602,76.0476226806641,65.0240631103516,71.2086868286133,0.16953219473362,0.135770812630653,0.00262726400978863,0.0437365621328354,0,0.0492660142481327,0,0.346870303153992,10.6023988503262
"EL431",2014,NA,NA,0,12.6457433700562,16.0967712402344,25.0615081787109,19.5710716247559,13.4898767471313,2.50014042854309,1.4274080991745,0.235230535268784,1.1328090429306,78.7861633300781,69.3972091674805,60.1490173339844,72.4263534545898,0.235135361552238,0.207711771130562,0.00574512593448162,0.012595908716321,0,0.00424935016781092,0,0.226583644747734,11.2590814560677
