"NUTM","temperature_winter","temperature_spring","temperature_summer","temperature_fall","seasonal_variation","precipitation_winter","precipitation_spring","precipitation_summer","precipitation_fall","relative_humidity_winter","relative_humidity_spring","relative_humidity_summer","relative_humidity_fall","croplands","pastures","rangelands","urbanAreas","primaryForest","primaryNonForest","secondaryForest","secondaryNonForest","total_population","population_density"
"AD",2.27403855323792,7.61767101287842,18.3016567230225,10.8135051727295,16.0276184082031,2.35634088516235,2.97256827354431,1.71778118610382,2.71660614013672,73.3805618286133,73.27734375,68.9026947021484,75.9021224975586,0.0941915065050125,0.0601658821105957,0.0389862917363644,0.0165985282510519,9.6698226116132e-05,0.0314617678523064,0.165037631988525,0.593461692333221,18944.328125,39.9825718275239
"AL013",0.0419871658086777,8.67826461791992,19.645715713501,10.8457708358765,19.6037292480469,4.09309387207031,3.14478421211243,1.87606430053711,4.30038213729858,79.5189971923828,70.1953735351562,62.2784042358398,73.7355041503906,0.15328124165535,0.168993338942528,0.00510628800839186,0.0192447789013386,0.079556904733181,0,0.572204411029816,0,147462.234375,63.5216385323846
"AL015",1.01686465740204,9.0506477355957,20.0908985137939,11.5090579986572,19.0740337371826,5.5582447052002,3.96209931373596,1.80073142051697,5.96395397186279,77.1651840209961,70.235725402832,63.1942672729492,73.1883239746094,0.158022284507751,0.129737228155136,0.00613437965512276,0.0137719362974167,0.110737852752209,0,0.537981152534485,0,201972.84375,56.4952085364254
"AL014",5.44179391860962,13.1159563064575,23.9727993011475,15.4910850524902,18.5310039520264,4.42621326446533,3.35734534263611,1.60231459140778,4.70747804641724,75.3185882568359,69.8254089355469,63.5623092651367,72.7311935424805,0.206124663352966,0.119124017655849,5.29534194271264e-10,0.0176426116377115,0.107192017138004,0,0.475851207971573,0,91400.28125,55.1756054596411
"AL011",2.29238724708557,10.3756761550903,21.3661441802979,12.7685813903809,19.0737571716309,3.61333298683167,2.94225597381592,1.58656072616577,3.85711336135864,79.9639587402344,71.4864120483398,64.0179214477539,74.6508865356445,0.180373772978783,0.168322339653969,0.00163301837164909,0.0120655791833997,0.103184290230274,0,0.521476030349731,0,122749.90625,48.707702564338
"AL012",7.35130548477173,14.230767250061,24.9400100708008,16.9293918609619,17.5887050628662,3.83758449554443,2.95838284492493,1.24973690509796,4.01606798171997,72.9772262573242,68.885498046875,63.5246925354004,71.5428085327148,0.303784966468811,0.119763344526291,4.93267426904254e-10,0.0331254377961159,0.0899699032306671,0,0.412602871656418,0,230406.734375,299.40764974433
"AL021",3.61468553543091,10.9155292510986,21.8344039916992,13.6549301147461,18.2197189331055,3.12983226776123,2.56327700614929,1.26114618778229,3.28831887245178,78.2246246337891,70.0661849975586,62.8638572692871,73.2803268432617,0.19488462805748,0.161146447062492,0.00932514760643244,0.0164901949465275,0.0987251549959183,0,0.513256371021271,0,361039.34375,109.103247463841
"AL022",6.99940633773804,13.6848888397217,24.3891868591309,16.5323009490967,17.3897800445557,3.32188057899475,2.65363216400146,1.10006070137024,3.43092846870422,73.68994140625,69.0560989379883,63.610912322998,71.7084884643555,0.331411302089691,0.134852454066277,6.481362113675e-10,0.0371618792414665,0.0849700346589088,0,0.406492471694946,0,705756.0625,426.390015289704
"AL034",1.69856059551239,9.55079746246338,20.5847263336182,12.1229639053345,18.8861637115479,2.67116451263428,2.2028968334198,1.06552767753601,2.86629724502563,80.7785110473633,70.6433410644531,60.8808250427246,73.3947372436523,0.199656113982201,0.105069987475872,0.023998562246561,0.00851318426430225,0.0142941940575838,0.36380672454834,0.0964170098304749,0.130898326635361,152994.359375,41.4064807687155
"AL031",5.01483535766602,11.8393383026123,22.6226863861084,14.6929693222046,17.6078510284424,3.23344683647156,2.44904375076294,1.06248497962952,3.39706659317017,76.3881301879883,69.0207290649414,61.724925994873,72.4016952514648,0.280104637145996,0.179013758897781,0.0151804117485881,0.0144009850919247,0.0764723345637321,0,0.43242546916008,0,89296.921875,49.128931962648
"AL032",9.23172950744629,15.2450590133667,25.6678810119629,18.2417984008789,16.4361534118652,3.25723266601562,2.40303802490234,0.947748899459839,3.61167883872986,73.5855102539062,68.1111068725586,62.2577438354492,71.9681930541992,0.50700569152832,0.185002148151398,0.00161175755783916,0.0281470902264118,0.0381116569042206,0,0.226519241929054,0,201888.53125,108.96208413326
"AL035",7.92497491836548,14.1878890991211,24.6783103942871,17.0950813293457,16.7533359527588,4.67195796966553,2.6669237613678,0.776964426040649,4.7304310798645,75.1969909667969,71.1810684204102,64.5212707519531,73.8710479736328,0.230157062411308,0.178231775760651,0.0341623090207577,0.00575437163934112,0.0304716415703297,0.00476441532373428,0.347383409738541,0.00103079481050372,57584.03125,21.1076502774219
"AL033",4.28943252563477,11.1245765686035,22.0191955566406,13.9839782714844,17.7297611236572,4.6689829826355,2.72065138816833,0.898071467876434,4.50633382797241,76.3655471801758,69.910774230957,61.3173637390137,72.5963821411133,0.234476611018181,0.174679920077324,0.0219957940280437,0.00597825041040778,0.0564489848911762,0.0137515971437097,0.438588321208954,0.00322378263808787,46785.8125,16.2946909591115
"AT11",1.12434434890747,11.4216241836548,21.1175231933594,11.4508008956909,19.9931774139404,1.33761322498322,1.82921373844147,2.8061032295227,2.08004641532898,79.7320251464844,65.9984817504883,63.7807846069336,77.5802917480469,0.299166262149811,0.153049543499947,0.000184729680768214,0.0182048492133617,0,0.0353728868067265,0.230196356773376,0.244131371378899,378985.0625,95.8644192847834
"AT12",0.266761481761932,10.1572103500366,19.783576965332,10.488094329834,19.5168151855469,2.06602764129639,2.3014805316925,3.01713705062866,1.9854987859726,81.6376571655273,69.4684371948242,67.3628845214844,78.6442031860352,0.270737558603287,0.124852545559406,0.00297457026317716,0.0246395450085402,0,0.144854202866554,0.0773849114775658,0.354213327169418,3395085.75,177.768220449747
"AT13",1.59837102890015,11.7236585617065,21.4833564758301,11.7737474441528,19.8849830627441,1.61035287380219,1.9335275888443,2.33809638023376,1.8380651473999,80.2823257446289,67.2617645263672,63.4622535705566,76.2459030151367,0.260276347398758,0.0870762020349503,2.47817016907348e-10,0.129283249378204,0,0.126945942640305,0,0.396418273448944,473392.6875,1116.65937073637
"AT21",-2.15661191940308,6.07744216918945,15.7822303771973,7.7668628692627,17.9388408660889,2.02312898635864,2.89952397346497,4.21595478057861,3.81998586654663,80.4249496459961,73.1585159301758,73.4156112670898,81.8575973510742,0.0875404924154282,0.0835728198289871,0.0453551858663559,0.01388278324157,0,0,0.765515148639679,0,631982.875,66.8521909351487
"AT22",-1.54348826408386,7.29548025131226,16.7788410186768,8.49061679840088,18.3223285675049,2.33099699020386,2.80525684356689,4.36181116104126,2.93309307098389,81.6434555053711,72.3002166748047,73.5705337524414,81.9210510253906,0.0989342778921127,0.0834867358207703,0.0242017656564713,0.0183459799736738,0,0.0538454949855804,0.709728479385376,0.0105127990245819,1342887.75,82.0266258321578
"AT31",-0.122665084898472,8.88872337341309,18.220365524292,9.84277820587158,18.3430328369141,3.27472734451294,3.23136830329895,4.19617319107056,2.68808531761169,83.3219375610352,72.5385437011719,72.7313537597656,81.0173187255859,0.203054949641228,0.19244858622551,0.00986796896904707,0.0245135389268398,0,0.0808908492326736,0.348780542612076,0.135719820857048,1535941,128.75140802488
"AT32",-2.56414389610291,4.10122776031494,13.3025875091553,6.4566798210144,15.8667316436768,3.25869536399841,3.86662793159485,5.3649435043335,3.58979725837708,81.5356140136719,76.465934753418,77.9457168579102,82.4584503173828,0.0793823823332787,0.116491809487343,0.117515653371811,0.0125044118613005,0,0,0.657358646392822,0,535567.125,74.7708414812011
"AT33",-3.14434838294983,3.29101586341858,12.2504281997681,5.63802099227905,15.3947763442993,2.838534116745,3.32295656204224,4.73581171035767,3.1618185043335,77.7666702270508,74.7354202270508,77.0316009521484,80.1692276000977,0.0769104212522507,0.113221116364002,0.145230561494827,0.0116268238052726,0,0,0.631814241409302,0,880510.6875,69.888964172921
"AT34",-1.38596856594086,4.99915838241577,13.7859210968018,7.15263271331787,15.1718902587891,3.76332569122314,4.06104135513306,5.27484226226807,3.48841595649719,77.6654357910156,73.9157943725586,76.322021484375,79.0879974365234,0.0979238897562027,0.137123689055443,0.105728507041931,0.0313392989337444,0.000454720429843292,0,0.618923544883728,0,432392.65625,164.665437906376
"BAG1652",1.25192010402679,9.48352241516113,20.1366443634033,11.3411359786987,18.8847236633301,3.0501697063446,3.13626718521118,2.57804083824158,3.60070514678955,80.4708099365234,70.8272018432617,65.9337158203125,77.0685424804688,0.185531452298164,0.149939090013504,0.0288759116083384,0.0122553193941712,0.00110614497680217,0.116291031241417,0.458461999893188,0.039545938372612,1572050.875,58.781685675334
"BAG1653",1.66861021518707,10.3894834518433,20.9969272613525,11.9646902084351,19.3283157348633,2.96237945556641,3.0815372467041,2.81470561027527,3.35422778129578,80.5468292236328,69.8825531005859,66.4384918212891,76.8066864013672,0.222821205854416,0.122673019766808,0.0262317545711994,0.0103325396776199,0.00219157291576266,0.141283467411995,0.39442566037178,0.0709390640258789,1145689.875,46.742157995555
"BE10",4.16460752487183,10.5204610824585,18.4950790405273,12.2819480895996,14.3304719924927,2.7455837726593,2.21634292602539,2.19884753227234,1.97171652317047,85.5780258178711,75.0363235473633,73.1214141845703,80.1858596801758,0.287974387407303,0.0934383496642113,7.14613257457586e-10,0.264846056699753,0,0,0,0.353741258382797,187751.046875,1241.97696595143
"BE21",4.17447805404663,10.4761304855347,18.4372272491455,12.0937738418579,14.2627506256104,2.60186409950256,1.9941201210022,2.29723572731018,2.17049431800842,85.21875,74.4557113647461,73.4550628662109,80.9832153320312,0.190158575773239,0.0914821326732635,1.39280897926142e-09,0.129401028156281,0,3.56452312111344e-10,0,0.569969415664673,1478644.75,518.846384360797
"BE22",3.78885960578918,10.4910764694214,18.5299243927002,12.0304126739502,14.7410640716553,2.65904641151428,2.2034604549408,2.34015250205994,1.99094724655151,85.0128021240234,73.6246109008789,72.4047241210938,80.0932846069336,0.186284050345421,0.102331891655922,7.23819393311231e-10,0.112276211380959,0,0,0,0.599107801914215,1050054.125,432.353481372922
"BE23",4.27701234817505,10.2827224731445,18.4017486572266,12.4016790390015,14.1247367858887,2.66368722915649,2.01726913452148,2.29415416717529,2.20357465744019,85.5649566650391,75.908821105957,74.391716003418,81.0203704833984,0.256359577178955,0.142358303070068,1.29170163454262e-09,0.122195988893509,0,2.89358870197987e-10,0,0.403381198644638,1507560.875,499.064196065779
"BE24",3.9303126335144,10.4825754165649,18.6064014434814,12.2230129241943,14.6760883331299,2.65552067756653,2.18769145011902,2.19335126876831,1.90130066871643,85.4590301513672,74.710205078125,72.9226608276367,80.1761474609375,0.311105161905289,0.103613898158073,1.60340363208888e-09,0.175482153892517,0,2.85424548579494e-11,0,0.408278346061707,1511568.25,714.778101915535
"BE25",4.36701250076294,9.97836208343506,17.9195461273193,12.3714084625244,13.5525331497192,2.80533003807068,2.1590211391449,2.29659414291382,2.3619441986084,84.9640045166016,76.5575942993164,74.7687683105469,80.3038787841797,0.355069577693939,0.15084370970726,3.99082572544174e-10,0.10528277605772,0,7.71480139789302e-30,0,0.268746495246887,1284896.75,407.780096450229
"BE31",3.90568375587463,10.4842872619629,18.6459579467773,12.246335029602,14.7402744293213,2.65382242202759,2.1784336566925,2.1608464717865,1.86412632465363,85.505500793457,74.7401962280273,72.8681335449219,80.1292953491211,0.328513234853745,0.10224637389183,1.92275995125613e-09,0.175170451402664,0,0,0,0.394069999456406,742685.4375,690.143323955236
"BE32",3.98445224761963,10.3651695251465,18.5466194152832,12.2129755020142,14.5621652603149,2.98267221450806,2.32582306861877,2.25443005561829,2.10951137542725,86.219856262207,75.8008499145508,73.7025833129883,80.8468017578125,0.298510372638702,0.136891156435013,8.31857693839311e-10,0.113676682114601,0,3.0979592558437e-36,0.241081193089485,0.20984061062336,1853838.875,487.69821783715
"BE33",2.96858644485474,9.92361259460449,18.1718254089355,11.5015859603882,15.2032375335693,3.09330677986145,2.47039341926575,2.46368217468262,2.16513705253601,86.8860168457031,75.3040924072266,73.726318359375,81.3710174560547,0.153442174196243,0.0823510736227036,1.42255263124724e-09,0.091649241745472,0,2.73772649515835e-13,0.312616854906082,0.359940677881241,1247551.125,322.792625129532
"BE34",2.59807801246643,9.45097351074219,17.8979625701904,10.9545345306396,15.2998857498169,3.66167688369751,2.72505712509155,2.45380854606628,2.43133401870728,88.309196472168,76.3119049072266,74.269775390625,82.6362838745117,0.116525448858738,0.135425299406052,0.000394039030652493,0.0312699265778065,2.66030225626324e-10,7.44762405801891e-29,0.604215323925018,0.112169943749905,404321.03125,90.6848780611663
"BE35",3.36311841011047,10.0704746246338,18.3982830047607,11.7705144882202,15.0351657867432,3.28350186347961,2.52904272079468,2.35390472412109,2.17761492729187,87.0866851806641,75.9728622436523,74.0857467651367,81.6002044677734,0.216553181409836,0.125514313578606,2.45601822825847e-05,0.0543381199240685,0,1.03950251151916e-28,0.107658945024014,0.495910912752151,710207.6875,193.218888025183
"BG311",1.63157153129578,11.996452331543,22.8414974212646,12.7789278030396,21.209924697876,1.77103543281555,1.99681663513184,2.10051965713501,1.6174179315567,82.6640930175781,69.2480316162109,63.0255508422852,75.4443588256836,0.384243309497833,0.174677178263664,0.00465985713526607,0.00578860705718398,0,0.0390040725469589,0,0.389315843582153,86970.828125,28.9603913065805
"BG312",1.15197706222534,11.6259231567383,22.5413951873779,12.5200958251953,21.3894176483154,1.65685212612152,2.22433853149414,2.2756040096283,1.69872224330902,81.779296875,68.9600677490234,62.7400321960449,74.4496536254883,0.383956551551819,0.165740802884102,0.0160209946334362,0.00647955806925893,0,0.0341149680316448,0,0.391786485910416,103342.78125,28.3355761323911
"BG313",1.29822015762329,12.1166038513184,23.3263702392578,13.1257696151733,22.0281505584717,1.68675327301025,2.41293168067932,2.40398216247559,1.67713689804077,81.9473648071289,69.2097396850586,62.9350090026855,74.2567825317383,0.424358785152435,0.148038014769554,0.0235737357288599,0.00795725733041763,0,0.00347768538631499,0,0.390955299139023,121081.96875,33.1417334748009
"BG314",1.44861018657684,12.6037111282349,24.1812362670898,13.7054462432861,22.7326259613037,1.65823006629944,2.1480758190155,2.24687337875366,1.49450659751892,81.7338409423828,69.1786727905273,62.5367431640625,73.908447265625,0.511645495891571,0.171834081411362,0.0102786617353559,0.00818941369652748,0,0.00578540051355958,0,0.291114956140518,199558.125,43.5539145165043
"BG315",0.363423943519592,10.8726806640625,22.404577255249,12.3269510269165,22.0411548614502,1.78597319126129,2.71446132659912,2.85708260536194,1.76872420310974,80.5578384399414,71.3628463745117,66.4179992675781,75.4284820556641,0.301647514104843,0.112975396215916,0.00564698502421379,0.00955284107476473,0,5.8205499954056e-05,0,0.570107221603394,159034.390625,38.4471896105399
"BG321",1.44835364818573,11.8547067642212,23.5696754455566,13.3248500823975,22.1213207244873,1.72632718086243,2.24593782424927,2.22248578071594,1.54212331771851,81.1646499633789,70.9444732666016,65.182258605957,75.3769836425781,0.401954352855682,0.150459542870522,0.00311012775637209,0.0100106643512845,0,0.00255787628702819,0,0.431528180837631,195354.078125,41.9035688027206
"BG322",-0.120263695716858,10.0649738311768,21.7235679626465,11.6973323822021,21.8438320159912,1.87022960186005,2.61149072647095,2.69345378875732,1.67494213581085,80.6305084228516,72.081413269043,67.0500869750977,76.0077362060547,0.244013667106628,0.0950490981340408,0.000532335310708731,0.0115381199866533,0,7.16420618118718e-05,0,0.648229956626892,88972.0546875,44.7525036786941
"BG323",1.76216554641724,12.4910526275635,24.1970348358154,13.6568164825439,22.4348697662354,1.86390244960785,2.18400454521179,2.15678524971008,1.65748047828674,82.0646286010742,69.7278900146484,63.7406578063965,74.7683639526367,0.513329446315765,0.172795861959457,0.00579481804743409,0.0132688926532865,0,0.0108239129185677,0,0.281843543052673,183089.265625,63.5411686913206
"BG324",1.74604153633118,12.0646505355835,23.7842082977295,13.4625024795532,22.0381679534912,1.79459035396576,2.2158694267273,2.05742168426514,1.80079472064972,81.8050308227539,70.8467178344727,65.0078048706055,75.6179733276367,0.439095467329025,0.164069786667824,0.00142943463288248,0.00866942573338747,0,0.00361559703014791,0,0.383037447929382,84444.625,35.5136759667792
"BG325",1.9053658246994,12.2448930740356,23.9521484375,13.6267881393433,22.046781539917,1.78301906585693,2.03469181060791,1.83578324317932,1.64129841327667,81.8915252685547,70.7848739624023,64.3097457885742,75.4638671875,0.501513302326202,0.152327314019203,0.00634236680343747,0.00872091390192509,0,0.00942014157772064,0,0.314313471317291,144367.0625,50.3430078563016
"BG331",3.44612812995911,11.707275390625,23.6746025085449,14.6892204284668,20.2284755706787,1.5706512928009,1.80579519271851,1.35017371177673,1.84250974655151,79.7969207763672,73.6912536621094,67.5517120361328,76.7888031005859,0.345829010009766,0.127818152308464,0.000513499020598829,0.0131332613527775,0,6.82946629240178e-05,0,0.418968826532364,371232.65625,97.6970126375858
"BG332",2.83579397201538,11.6887893676758,23.6275997161865,14.1943988800049,20.7918071746826,1.53613150119781,1.72385013103485,1.41493368148804,1.68800342082977,80.5944366455078,72.6859512329102,66.2566375732422,76.0732116699219,0.518674492835999,0.182068884372711,2.80941181429739e-09,0.00684305280447006,0,0.00561181781813502,0,0.281503289937973,151868.5,31.8591184772144
"BG333",2.36832499504089,11.6951742172241,23.5367660522461,13.8219976425171,21.1684436798096,1.63510751724243,2.04972243309021,1.77695143222809,1.65537869930267,80.9840927124023,72.5759811401367,66.3368835449219,76.5625,0.412734925746918,0.162979543209076,0.00063727714587003,0.00813274458050728,0,2.16481275856495e-05,0,0.415340185165405,130273.5546875,38.1698375146963
"BG334",1.87683594226837,11.7134141921997,23.4755001068115,13.4606313705444,21.5986633300781,1.59667313098907,2.19957447052002,1.99407660961151,1.56740689277649,81.1482315063477,72.0504608154297,66.6278686523438,76.5252685546875,0.346808284521103,0.153013706207275,0.000301749038044363,0.00783935002982616,0,0.000342864252161235,0,0.491686940193176,80658.84375,30.0419216003475
"BG341",4.07263374328613,12.1575679779053,23.7626190185547,15.2282152175903,19.6899852752686,1.85691201686859,1.90850245952606,1.24755501747131,2.07162976264954,78.8514633178711,73.9016876220703,67.9290161132812,76.0634384155273,0.231838345527649,0.11109135299921,0.00297071179375052,0.00710583245381713,0,0.0784829705953598,0,0.444897770881653,297035.125,38.2811344551888
"BG342",1.53456461429596,10.7923135757446,22.5464668273926,12.9104270935059,21.0119018554688,1.66139149665833,1.91450417041779,1.68777084350586,1.58284735679626,80.0623016357422,72.4837341308594,65.2339553833008,75.4792709350586,0.263290047645569,0.118546418845654,0.00465657701715827,0.00945876818150282,0,5.72841672692448e-05,0,0.603990852832794,141280.46875,40.3972941484025
"BG343",3.7299017906189,12.4099922180176,24.1316680908203,14.8582248687744,20.4017639160156,1.66207337379456,1.79922425746918,1.3904036283493,1.66209363937378,79.1800003051758,71.4751892089844,62.1646461486816,73.5157241821289,0.405869871377945,0.176672264933586,0.0119650969281793,0.00777930673211813,0,0.00230879266746342,0,0.395257294178009,81565.4765625,24.3974058336444
"BG344",1.71554327011108,11.272572517395,22.9926166534424,13.1658163070679,21.2770729064941,1.7804239988327,2.12462186813354,2.03242182731628,1.54887163639069,79.8550109863281,71.1820678710938,63.2951583862305,74.0068435668945,0.329775273799896,0.125989750027657,0.00208597513847053,0.0119088785722852,0,4.7359753807541e-05,0,0.529987752437592,256241.671875,49.5473794192827
"BG411",0.198828652501106,10.0221843719482,20.8035621643066,11.6115045547485,20.6047344207764,1.79284250736237,2.6593713760376,2.89699602127075,1.90785038471222,79.2943572998047,69.3027572631836,65.7723007202148,74.0669860839844,0.212193876504898,0.0306859575212002,0.00557848764583468,0.053960420191288,0,8.61153530422598e-05,0,0.696809411048889,603064.375,457.986359428612
"BG412",-0.406898349523544,9.39199161529541,20.3774185180664,11.0579214096069,20.7843170166016,1.95327639579773,2.96043109893799,2.85215735435486,1.96154379844666,79.7442932128906,70.6926193237305,67.1051559448242,75.1025619506836,0.182100802659988,0.0447026081383228,0.00510782795026898,0.0164825487881899,0,0.0101318964734674,0,0.739241719245911,779058.375,109.496916341013
"BG413",0.232254356145859,9.32073974609375,20.4666938781738,11.4644842147827,20.2344398498535,1.80635809898376,2.1381356716156,1.64084780216217,1.7018780708313,77.4884719848633,69.8787994384766,63.9469795227051,72.8917922973633,0.178405568003654,0.067669540643692,0.00814562570303679,0.00840303208678961,0,0.0681333914399147,0,0.666248977184296,226280.625,35.2440426890397
"BG414",-0.0222918912768364,9.6779956817627,20.3302612304688,11.347900390625,20.3525543212891,1.73975551128387,2.21372580528259,2.38442277908325,1.74149894714355,78.9230117797852,68.6752090454102,65.1554794311523,73.6241149902344,0.209299996495247,0.0333720557391644,0.00948843080550432,0.0173460803925991,0,0.108871594071388,0,0.621600210666656,261026.765625,109.666539670153
"BG415",-0.140752509236336,9.3060188293457,19.998815536499,11.1974821090698,20.1395664215088,1.88597106933594,2.24368119239807,2.16088628768921,1.72272872924805,76.8333435058594,66.9520034790039,61.828010559082,71.3232345581055,0.194733381271362,0.068043626844883,0.0155877163633704,0.0103036323562264,0,0.145243436098099,0,0.56606787443161,101887.046875,33.3432705148747
"BG421",1.1715635061264,10.8334197998047,22.4702014923096,12.6249761581421,21.2986373901367,1.98655724525452,2.48494338989258,2.30769681930542,1.68579685688019,79.0926818847656,70.9151611328125,64.2084655761719,74.2446594238281,0.314609318971634,0.104444973170757,0.00226336088962853,0.0164481494575739,0,0.0015968072693795,0,0.559983909130096,621243.1875,103.728994437908
"BG422",3.67650747299194,12.3482666015625,24.0077342987061,14.5553073883057,20.3312244415283,2.01571345329285,1.92004120349884,1.19323432445526,1.73432040214539,79.0889587402344,69.9526519775391,58.6178436279297,71.1758499145508,0.396284222602844,0.159493461251259,0.0139286667108536,0.00807326380163431,0,0.0520201474428177,0,0.3684042096138,205077.390625,37.0418603234726
"BG423",0.180731117725372,9.67094039916992,20.9999160766602,11.5389680862427,20.819185256958,1.94921481609344,2.53896594047546,2.03324031829834,1.68174350261688,78.6445236206055,71.1146697998047,66.1269683837891,74.8279342651367,0.216997683048248,0.0678094178438187,0.000890844385139644,0.00991265010088682,0,0.0520036816596985,0,0.646421670913696,214915.734375,48.2878379021014
"BG424",-0.0805283710360527,8.70656299591064,20.1539821624756,10.8766946792603,20.2345123291016,2.36271977424622,2.42065739631653,1.87308824062347,2.02474737167358,78.6694488525391,72.7846374511719,67.497200012207,75.1826553344727,0.112603813409805,0.020404975861311,0.0050372863188386,0.00432532653212547,0,0.151261210441589,0,0.698868155479431,86333.265625,27.076841308754
"BG425",3.00601029396057,11.3705759048462,22.9769306182861,13.6022682189941,19.9709205627441,2.20597243309021,2.08188796043396,1.14499652385712,1.80838632583618,79.1018905639648,71.4504623413086,60.6433639526367,72.1935348510742,0.311233580112457,0.0858658403158188,0.0347658582031727,0.0058131474070251,0,0.115938551723957,0,0.440665394067764,126181.4296875,39.1633252031613
"CH01",-1.752321600914,3.98640918731689,13.0483436584473,6.4860372543335,14.8006658554077,3.98814010620117,4.16926145553589,3.37246203422546,3.54416370391846,75.1383056640625,73.2151184082031,75.2579040527344,78.9061431884766,0.0740088224411011,0.128832772374153,0.0377255007624626,0.0282044690102339,0,0,0.645300984382629,0,1343386.75,154.444225653768
"CH02",0.574245750904083,7.34208679199219,16.3058738708496,9.10885238647461,15.7316284179688,4.22708463668823,4.30303287506104,4.12834405899048,3.61240100860596,78.7975845336914,72.930305480957,74.6545333862305,80.1959686279297,0.120088830590248,0.181614652276039,0.0198871362954378,0.0403337106108665,0,4.25769883349858e-07,0.598979830741882,3.17865760735003e-06,2100569.25,208.598729784926
"CH03",2.13063192367554,9.63216972351074,18.422534942627,10.7681493759155,16.2919025421143,3.90180802345276,3.90207052230835,3.79378247261047,3.07021737098694,81.2325668334961,71.5093154907227,71.960075378418,80.1241073608398,0.146933808922768,0.147351667284966,0.00564724346622825,0.0725946873426437,0,0.0101615395396948,0.526994049549103,0.0758627131581306,880258.0625,448.979994366287
"CH04",1.89229667186737,9.4449987411499,18.2470874786377,10.5462713241577,16.3547916412354,3.99432039260864,4.21384286880493,4.50219249725342,3.28267598152161,81.1494216918945,72.2723083496094,73.0912704467773,80.4954833984375,0.121013522148132,0.155473351478577,0.00604250142350793,0.0975075513124466,0,0,0.59071695804596,0,1005586.6875,588.503470599225
"CH05",-2.28507161140442,3.47906827926636,12.3933687210083,6.07583951950073,14.6784391403198,3.80199265480042,4.11709308624268,4.44090366363525,3.91314721107483,76.7505645751953,73.6393966674805,75.3488922119141,79.6223449707031,0.0586724616587162,0.150431975722313,0.108981333673,0.0233841128647327,2.34166927839397e-05,0,0.633856415748596,0,1349433.875,118.001359102656
"CH06",-0.620109736919403,5.66563415527344,14.5003290176392,7.72074794769287,15.1204385757446,5.20281600952148,5.60880184173584,5.06829786300659,4.51263427734375,77.9638671875,73.8465194702148,75.6940383911133,80.2813949584961,0.0703733190894127,0.158293470740318,0.0495880730450153,0.055150467902422,0,0,0.599550902843475,0,1363259,306.74366102665
"CH07",-1.22771441936493,4.67481899261475,13.8194398880005,7.11302137374878,15.0471544265747,3.20000219345093,6.20990324020386,5.0061411857605,5.9845552444458,73.5401840209961,71.5982131958008,72.4425888061523,78.4838180541992,0.0395365506410599,0.0721800625324249,0.073756068944931,0.0313137136399746,1.05760652378785e-14,0,0.743721663951874,0,430931.875,150.715269837604
"CZ01",0.445892542600632,10.15305519104,19.5894622802734,10.4563703536987,19.1435718536377,1.32461202144623,1.71028017997742,2.47424554824829,1.32769644260406,81.9356994628906,69.6219253540039,64.5134811401367,76.8628768920898,0.49987205862999,0.077761135995388,1.16122211846204e-09,0.0528713837265968,0,0.00322125223465264,0.142128646373749,0.22403621673584,258416.859375,538.045501806911
"CZ02",0.0499042123556137,9.59712600708008,19.0820236206055,10.0240345001221,19.0321197509766,1.54737377166748,1.86464655399323,2.53049492835999,1.41977202892303,82.7378005981445,70.4639892578125,66.1878051757812,77.9343643188477,0.450220167636871,0.0987528190016747,9.4805691333022e-05,0.0243374686688185,0,0.00521792564541101,0.0968468263745308,0.324287503957748,2361456.25,216.601238532483
"CZ03",-0.265465974807739,9.00780963897705,18.4284896850586,9.65385627746582,18.6939544677734,2.07294178009033,2.20861530303955,2.77002620697021,1.69788265228271,84.4440994262695,72.0262832641602,69.2181701660156,79.9243698120117,0.297470033168793,0.125410720705986,0.00106885004788637,0.0113663272932172,0,0.0117549318820238,0.0522572472691536,0.499313712120056,1288253.625,72.7560364856664
"CZ04",-0.107977375388145,9.10094261169434,18.3942470550537,9.67563343048096,18.5022239685059,2.1086437702179,2.18576455116272,2.62756514549255,1.78175282478333,85.4557495117188,72.6087341308594,68.4733200073242,80.366455078125,0.328025847673416,0.0801255777478218,0.00281745288521051,0.0224387533962727,0,0.0115350913256407,0.0201480146497488,0.534433901309967,1278500.375,147.974319693936
"CZ05",-0.541172564029694,8.91521167755127,18.4700412750244,9.50840187072754,19.0112133026123,2.90760850906372,2.51681208610535,2.93649554252625,2.25328969955444,85.3815612792969,72.4817962646484,69.072883605957,80.7040405273438,0.353788495063782,0.102077022194862,0.000301122927339748,0.0202073492109776,0,0.00294599286280572,0.244448393583298,0.276190727949142,1526645.5,123.213140896304
"CZ06",-0.203719109296799,9.6823844909668,19.3558330535889,10.102952003479,19.5595531463623,1.66853678226471,1.90331923961639,2.40646839141846,1.59579169750214,83.4020919799805,69.643440246582,65.5725555419922,78.1082534790039,0.435478955507278,0.106804668903351,0.000109980326669756,0.0165193043649197,0,0.0040875137783587,0.101880721747875,0.33503332734108,1639040.375,117.520165468658
"CZ07",-0.977321982383728,8.82273006439209,18.5070705413818,9.46565246582031,19.4843921661377,2.16830205917358,2.30494999885559,2.8538978099823,2.08614921569824,84.5458908081055,71.3522567749023,68.2526931762695,79.2289810180664,0.356353253126144,0.0895902365446091,0.000328916648868471,0.022966468706727,0,0.00708450516685843,0.337529331445694,0.185373306274414,1138010.25,124.146551665697
"CZ08",-1.04895782470703,8.5844316482544,18.2182579040527,9.32650947570801,19.2672157287598,2.31414079666138,2.56030654907227,3.28833031654358,2.2483115196228,84.4461822509766,72.2296981811523,70.3413848876953,79.6545562744141,0.349759072065353,0.0900031998753548,0.000192677558516152,0.028865534812212,0,0.0082039600238204,0.0588309913873672,0.462339341640472,1209133,222.936442845955
"DE11",1.25173485279083,9.76401233673096,18.8311195373535,10.6104917526245,17.5793838500977,2.50539112091064,2.54622530937195,2.54178047180176,2.05361580848694,84.5474853515625,71.1879196166992,68.3598709106445,78.862907409668,0.225451841950417,0.0630486607551575,9.43953637033701e-07,0.0553958490490913,0,1.13269810197991e-12,0,0.656102776527405,3858599,365.158747498231
"DE12",2.19585037231445,10.4977216720581,19.496675491333,11.3874225616455,17.3008251190186,2.82303690910339,2.75524377822876,2.5311222076416,2.23157477378845,83.7688140869141,70.7377243041992,67.6485900878906,77.8465118408203,0.166754484176636,0.0331932343542576,4.75613114758744e-06,0.0600738748908043,0,0,0.0654284656047821,0.674545168876648,2535802.25,370.21166248203
"DE13",1.87839162349701,9.59970188140869,18.5034675598145,10.7228221893311,16.6250762939453,3.23549270629883,3.22710180282593,3.02990794181824,2.60233974456787,83.3639907836914,71.9445648193359,70.2434844970703,79.5683441162109,0.15431872010231,0.0592121221125126,0.000464397016912699,0.0413652881979942,0,0.0138067025691271,0.470294654369354,0.255232930183411,2546292.25,271.213245706548
"DE14",1.27384316921234,9.49327850341797,18.5497570037842,10.5277633666992,17.2759132385254,2.25476598739624,2.78515553474426,3.21887755393982,2.12390899658203,83.6711044311523,72.2236862182617,71.3774795532227,80.2507553100586,0.193398639559746,0.107253432273865,0.000631942064501345,0.0358150713145733,0,2.20007253517659e-13,0.386485785245895,0.243608817458153,2111031.5,230.945526910852
"DE21",0.253157615661621,8.84288215637207,18.0072135925293,9.82276248931885,17.7540550231934,2.60795831680298,3.08757281303406,4.26911687850952,2.63951659202576,81.8766326904297,72.0923614501953,72.2820510864258,80.4472503662109,0.215779528021812,0.125976130366325,0.0066775749437511,0.0344047248363495,0,4.21847279330478e-11,0.351727783679962,0.256475031375885,4750403,271.449140714703
"DE22",0.314759433269501,9.52056407928467,18.7958488464355,10.1022100448608,18.4810886383057,2.64884257316589,2.45416283607483,3.16158032417297,2.11602807044983,83.4974136352539,70.8132934570312,69.1297225952148,79.5702819824219,0.281982988119125,0.159088805317879,0.000687005289364606,0.0185285937041044,0,6.61945236402062e-08,0.188135996460915,0.351576536893845,1214090.75,118.701454417845
"DE23",0.0586125925183296,9.19478130340576,18.4656085968018,9.73649501800537,18.4069957733154,2.33186078071594,2.21655488014221,2.56798362731934,1.91504275798798,85.2373657226562,71.1282806396484,67.6300277709961,79.5029067993164,0.238150358200073,0.0974303781986237,0.000107555737486109,0.0192367248237133,0,2.63631960706334e-08,0.00731958588585258,0.637755453586578,1271985.375,131.672641026464
"DE24",0.389625400304794,8.95889949798584,18.07080078125,9.7774600982666,17.6811752319336,2.5868353843689,2.26637840270996,2.48819303512573,2.12695145606995,85.7068099975586,71.8365783691406,68.6265640258789,80.0177841186523,0.241319790482521,0.073620393872261,4.33210300965214e-10,0.0243017394095659,0,0,0,0.660758137702942,1025497.5625,142.113225130551
"DE25",0.703415870666504,9.37166404724121,18.5637760162354,10.1252546310425,17.8603572845459,2.06151413917542,2.10656189918518,2.32700896263123,1.81538820266724,84.4986724853516,70.5813751220703,67.1524276733398,78.685188293457,0.297764182090759,0.0966751724481583,1.68750224904812e-09,0.0342392064630985,0,0,0,0.571321427822113,1613722.25,223.593579070402
"DE26",1.10299611091614,9.57107162475586,18.4445323944092,10.3729314804077,17.3415355682373,2.42066025733948,2.1291515827179,2.17983651161194,1.93533539772034,85.0918884277344,71.5868301391602,68.6445846557617,79.4878921508789,0.278401374816895,0.0573890879750252,1.09679776869598e-05,0.0253150053322315,0,8.0349086759024e-12,0.0423350930213928,0.596548438072205,1197173.25,140.631812688268
"DE27",0.648015737533569,9.00380992889404,18.0579986572266,9.97465324401855,17.4099826812744,2.42105913162231,2.91309809684753,3.78631687164307,2.42723774909973,81.870361328125,72.0337142944336,71.8046569824219,80.1326522827148,0.242592960596085,0.155380576848984,0.0109684504568577,0.0278850737959146,4.97786167841241e-08,0,0.210041150450706,0.350280165672302,1942235.25,194.35083755947
"DE30",1.65001118183136,10.5849666595459,19.5648422241211,11.0626373291016,17.9148292541504,1.59169054031372,1.53993475437164,1.93115985393524,1.40498912334442,84.0567474365234,69.9316101074219,66.1477127075195,77.9900054931641,0.220350429415703,0.0492489188909531,0.00104490946978331,0.0971497595310211,0,0,0,0.617740154266357,707101.9375,783.076750722366
"DE40",1.59342086315155,10.3677043914795,19.3974761962891,11.0526599884033,17.8040561676025,1.60921323299408,1.60979378223419,1.99370765686035,1.41304111480713,84.1272048950195,70.3793487548828,67.0590362548828,78.3916854858398,0.328203141689301,0.0798692554235458,0.000723436765838414,0.0264468658715487,0,9.42083910882019e-11,0,0.55072671175003,5546090.5,188.373898839055
"DE50",2.53606605529785,9.63116073608398,17.5591125488281,11.1318626403809,15.023045539856,2.62826204299927,2.07882404327393,2.8031280040741,2.38558554649353,86.4388656616211,74.8620910644531,75.8640289306641,82.2541732788086,0.231597065925598,0.125446379184723,0.000395216600736603,0.076201431453228,0,2.16608217473713e-10,0.433696389198303,0.0740405917167664,169550.0625,401.897680888204
"DE60",2.24140453338623,9.32958793640137,17.6199893951416,10.9520206451416,15.3785848617554,2.51362204551697,2.0632438659668,2.69223427772522,2.15880393981934,86.9546585083008,74.3805313110352,73.9951248168945,81.8462295532227,0.312830477952957,0.104382127523422,7.9276469477918e-05,0.073094367980957,0,1.03226108216781e-10,0.146904900670052,0.347099334001541,381144,512.707347668063
"DE71",1.93409597873688,10.389476776123,19.029956817627,11.1042728424072,17.0958614349365,2.45911931991577,2.29657816886902,2.29741835594177,1.97742056846619,84.3173675537109,71.1088409423828,67.8449401855469,78.3622436523438,0.166152536869049,0.0195316858589649,1.80706956598442e-05,0.084343709051609,0,0,0.138940379023552,0.591013669967651,3798008.25,516.342335051671
"DE72",1.48111200332642,9.54803848266602,18.009973526001,10.4622869491577,16.5288639068604,2.7047746181488,2.30131149291992,2.31835293769836,2.03839540481567,85.7531967163086,72.8517990112305,70.8789443969727,80.4853210449219,0.176848605275154,0.0206226631999016,2.38766619986563e-06,0.0444867871701717,0,0,0.621428787708282,0.136610761284828,1385918.75,255.803417968701
"DE73",0.874815404415131,8.85903930664062,17.3491954803467,9.93333148956299,16.4743785858154,2.54248023033142,2.23957681655884,2.29940533638,1.94888234138489,86.0493698120117,73.600227355957,71.8667373657227,80.7619934082031,0.209153220057487,0.0236606355756521,6.72596922601798e-10,0.0262850280851126,0,3.16669162680333e-13,0.235160186886787,0.505740940570831,1197974.5,145.634398591449
"DE80",1.90331983566284,9.32672595977783,18.2698612213135,10.970757484436,16.3665390014648,1.83409953117371,1.6813360452652,2.29230284690857,1.65549290180206,86.1911010742188,73.9827728271484,72.528938293457,81.0492324829102,0.41560834646225,0.113228924572468,0.000473055843031034,0.0110323568806052,0,7.67676547330787e-11,0,0.384990572929382,1257921,54.4870483324123
"DE91",1.48248541355133,9.19926261901855,17.7058563232422,10.420373916626,16.2233715057373,2.75722336769104,2.31040644645691,2.41658735275269,2.10764646530151,85.821044921875,72.9871215820312,70.7390213012695,79.8308792114258,0.347887247800827,0.067142091691494,2.13277744478546e-05,0.0281880181282759,0,6.00339569722941e-11,0,0.556702077388763,1418640.125,174.661918721749
"DE92",2.03925061225891,9.54368114471436,17.7423439025879,10.8216772079468,15.7030944824219,2.50183343887329,2.11154913902283,2.37764883041382,1.95512783527374,85.5745239257812,73.0105743408203,71.7403030395508,79.9138412475586,0.366501957178116,0.0800557434558868,5.00511887366883e-05,0.0417881533503532,0,1.02403439894427e-10,0.00323992059566081,0.505704939365387,2287604.25,253.256221445001
"DE93",2.25834918022156,9.5202169418335,17.7584953308105,10.9944763183594,15.5001468658447,2.36521887779236,1.97834098339081,2.53861474990845,2.03115057945251,86.0317230224609,73.150032043457,72.7109375,80.8459701538086,0.293770849704742,0.11191613972187,0.000337116158334538,0.0286830682307482,0,1.28351065886712e-10,0.140772223472595,0.397502720355988,2456428.5,158.881107796334
"DE94",2.76964902877808,9.56295967102051,17.3528804779053,11.0526828765869,14.5832328796387,2.55411171913147,2.06303954124451,2.58889937400818,2.20412969589233,86.5589218139648,74.4865798950195,75.0759735107422,82.1830139160156,0.356313347816467,0.162889569997787,1.65227868365037e-06,0.0296145733445883,0,2.12482434425176e-10,0.0681932270526886,0.365065693855286,2166119,146.334349958695
"DEA1",3.8462221622467,10.6421709060669,18.5022640228271,12.0550374984741,14.656042098999,2.80265045166016,2.29438853263855,2.51163983345032,2.16146206855774,85.0665283203125,73.0058059692383,72.58203125,80.1578750610352,0.252527207136154,0.000605562410783023,9.63588533409165e-08,0.141303092241287,0,2.25858262647982e-10,0,0.605564117431641,4768492,904.744598561525
"DEA2",3.00566530227661,10.2080907821655,18.3828125,11.601372718811,15.3771476745605,2.8546462059021,2.3567042350769,2.52561926841736,2.06546902656555,85.4073486328125,73.6357803344727,72.3719787597656,80.0896377563477,0.201689958572388,0.000839412503410131,7.44882839853744e-08,0.10407530516386,0,6.39814590197574e-13,0.106700107455254,0.58668839931488,4801989.5,653.718209464518
"DEA3",3.21255397796631,10.1084318161011,17.8935832977295,11.4501438140869,14.6810302734375,2.72613024711609,2.21029758453369,2.47618460655212,2.13480758666992,85.5070571899414,72.9371566772461,72.4057083129883,80.5375518798828,0.355667620897293,0.0614212863147259,2.2240840280574e-09,0.064528152346611,0,1.57345234064188e-10,0,0.518314063549042,3192457.75,461.902011434893
"DEA4",1.84583902359009,9.39391231536865,17.5262355804443,10.6297569274902,15.6803970336914,2.85360431671143,2.30523705482483,2.54544687271118,2.15084648132324,85.8723754882812,73.4857482910156,72.3024597167969,80.3378219604492,0.335217148065567,0.0521235093474388,1.07956210637639e-09,0.0405406318604946,0,2.65618430028702e-11,0.00564088299870491,0.565908968448639,1934065.375,297.818793599494
"DEA5",2.14242577552795,9.56186962127686,17.6537628173828,10.8206300735474,15.5113363265991,3.81224298477173,2.78306078910828,2.88714694976807,2.66875910758972,87.2366714477539,74.8314666748047,74.1691513061523,81.7599639892578,0.183234423398972,0.00984470918774605,7.83563491868478e-10,0.0593384839594364,0,0,0.0949217155575752,0.651888132095337,3029192.25,379.481921054402
"DEB1",2.40309071540833,10.0766439437866,18.4679279327393,11.1495409011841,16.0648365020752,2.67354202270508,2.28649473190308,2.26797842979431,1.93845796585083,86.0799560546875,73.1375732421875,70.6962051391602,80.3227462768555,0.162755087018013,0.00174638151656836,2.83068746220749e-09,0.0460764206945896,0,0,0.180478170514107,0.608943939208984,1809178.5,225.845600066671
"DEB2",2.24476504325867,9.73562717437744,18.1741390228271,10.957293510437,15.9293746948242,2.97209858894348,2.3765435218811,2.25701546669006,2.07715845108032,87.8006286621094,74.6852493286133,71.9989395141602,81.8117141723633,0.129134029150009,0.00278044189326465,1.10491971128113e-09,0.0365170277655125,4.734234185233e-11,0,0.73648339509964,0.0950850620865822,632900.75,129.084925794948
"DEB3",2.76606249809265,10.9969520568848,19.7914924621582,11.7456007003784,17.0254287719727,2.342853307724,2.17427158355713,2.04519844055176,1.81251084804535,84.6419296264648,70.7872924804688,66.416374206543,77.9107894897461,0.158480495214462,0.0184783991426229,5.98713578714438e-10,0.0591606199741364,0,2.28490727485706e-17,0,0.763880491256714,2408264.25,350.735890794958
"DEC0",2.69366478919983,10.4229593276978,19.0370121002197,11.4333238601685,16.3433456420898,3.00986385345459,2.45268082618713,2.21888446807861,2.21449947357178,86.276123046875,72.6263275146484,68.437126159668,79.6742706298828,0.144541725516319,0.00520382076501846,8.1150902664362e-10,0.0487182885408401,8.80574259343181e-12,0,0.121239453554153,0.680296719074249,724692.8125,278.833239450997
"DED2",0.874655604362488,10.1316061019897,19.4542331695557,10.669469833374,18.5795783996582,1.9821001291275,2.04212832450867,2.56883811950684,1.73948836326599,83.052978515625,70.7790603637695,67.2429962158203,78.3072814941406,0.356350302696228,0.0799568742513657,0.000555785838514566,0.0275417994707823,0,0.00180237251333892,0,0.529407978057861,1425972.25,181.238344960295
"DED4",0.263863235712051,9.19208145141602,18.3941535949707,9.86847496032715,18.1302909851074,2.2519896030426,2.39197874069214,2.85610342025757,1.99651992321014,84.7121505737305,72.6037292480469,69.3256988525391,79.6688690185547,0.353072941303253,0.0880753397941589,6.56858755974099e-05,0.0378877036273479,0,0.0010010382393375,0,0.519802272319794,1386173.125,211.113991039842
"DED5",1.572829246521,10.5230283737183,19.6549224853516,11.0980443954468,18.0820941925049,1.5865615606308,1.72844171524048,2.04617547988892,1.39052975177765,82.0586090087891,70.2283401489258,65.9078216552734,76.3874130249023,0.496788889169693,0.104179464280605,1.3514294128214e-09,0.0283720921725035,0,0,0,0.369506657123566,784762.6875,198.98727538396
"DEE0",1.79395127296448,10.0278339385986,18.8477764129639,10.981987953186,17.053825378418,1.71281909942627,1.71227490901947,1.89392554759979,1.44382643699646,83.7578735351562,70.9046783447266,67.1736831665039,77.6569290161133,0.432465523481369,0.100052878260612,0.00101515150163323,0.0219021178781986,0,2.05179189610716e-11,0,0.44295346736908,2455531.5,119.736765290857
"DEF0",2.31166434288025,8.96043872833252,17.3762092590332,10.9873046875,15.0645446777344,2.5857949256897,1.98214268684387,2.8490617275238,2.47257566452026,87.338493347168,76.4764785766602,76.0515213012695,82.7251510620117,0.349420428276062,0.135332718491554,5.68765208299737e-05,0.0362437143921852,0,6.79177658557961e-10,0.152662694454193,0.224443554878235,3564601,229.083484251757
"DEG0",0.774478316307068,9.03728008270264,17.883472442627,9.97303009033203,17.1089935302734,2.08921027183533,2.10352516174316,2.23811078071594,1.80256366729736,85.3851089477539,72.9732055664062,69.81005859375,79.7417297363281,0.155285239219666,0.075311653316021,1.43210554526263e-09,0.0294480193406343,0,2.59586704345546e-13,0,0.739768743515015,2176638.5,135.270576810359
"DK01",2.05324053764343,7.78231620788574,17.1715030670166,10.8846006393433,15.1182622909546,1.77075576782227,1.36577308177948,2.3316023349762,1.93700730800629,85.3307647705078,77.2733306884766,76.7751846313477,81.3488159179688,0.29234105348587,0.00873396173119545,0.000239594097365625,0.149334982037544,0,1.6018197129597e-05,0,0.227669596672058,688499.4375,266.944485715446
"DK02",2.41473531723022,8.12719535827637,17.5260162353516,11.3136024475098,15.1112813949585,1.95786595344543,1.43411576747894,2.33441352844238,2.01779437065125,85.8016128540039,77.7215576171875,76.1686325073242,81.3310317993164,0.293042749166489,0.0162341445684433,0.000250127952313051,0.0368541292846203,0,2.64618824985519e-06,0,0.225701227784157,474425.1875,65.7224562629563
"DK03",2.0275707244873,8.13882732391357,16.5511913299561,10.6056528091431,14.5236206054688,2.59052777290344,1.85261142253876,2.81415748596191,2.88871693611145,87.5919036865234,77.5646133422852,77.5037155151367,83.1676635742188,0.469113737344742,0.0368007756769657,0.000356814503902569,0.0282967649400234,0,5.4719413355997e-07,0.225071206688881,0.0798529088497162,871002.0625,71.9101562423571
"DK04",1.73021113872528,7.83894777297974,16.2765960693359,10.2332553863525,14.5463848114014,2.35362386703491,1.87525546550751,2.82817983627319,2.95272922515869,86.7644424438477,77.6636123657227,78.2169494628906,82.8100662231445,0.481953144073486,0.025639122352004,0.000242062291363254,0.0335381291806698,0,4.80204471386969e-06,0.119979873299599,0.174945488572121,1205178.75,91.3678551427401
"DK05",1.45097935199738,7.62235355377197,16.2768135070801,9.97363376617432,14.8258361816406,2.05433106422424,1.82488322257996,2.79146718978882,2.71407866477966,85.3785858154297,76.4321441650391,77.2751541137695,81.6134414672852,0.4990593791008,0.0318486355245113,0.000206001655897126,0.0247268453240395,0,1.96930636775505e-06,0.158990919589996,0.0966713950037956,410078.9375,50.046295181629
"EE001",-2.788729429245,5.52763509750366,17.3293857574463,8.12506008148193,20.1181163787842,2.15971088409424,1.45586478710175,3.0010142326355,2.74065136909485,86.9744110107422,73.9099578857422,75.9560928344727,84.1689987182617,0.125637248158455,0.0559897273778915,0.012121750973165,0.0154821341857314,0.000263979833107442,0.0787847265601158,0.424568116664886,0.21792334318161,391514.125,90.2164432050746
"EE004",-2.22724080085754,5.70169496536255,17.3902683258057,8.70814514160156,19.6175098419189,2.05373287200928,1.44055306911469,2.70905160903931,2.57007431983948,85.9795989990234,75.37646484375,76.1127777099609,83.5299453735352,0.0903370007872581,0.0331635251641273,0.0236584339290857,0.00442358618602157,4.7892226575641e-05,0.26452249288559,0.0386200621724129,0.449859201908112,88718.671875,8.01738216490781
"EE006",-3.30681753158569,5.5076789855957,17.3166408538818,7.91973400115967,20.6234588623047,2.10318422317505,1.54637801647186,2.97680974006653,2.57237005233765,87.2298889160156,73.5544738769531,75.4911117553711,84.7649230957031,0.179678991436958,0.0480758622288704,0.0180320907384157,0.00799273792654276,0.000226012620260008,0.128407657146454,0.277682811021805,0.327997267246246,301492.65625,33.3914448366842
"EE007",-3.86658883094788,5.52708673477173,17.4540481567383,7.62412023544312,21.3206367492676,1.95799720287323,1.57679069042206,2.79717922210693,2.47633028030396,86.5761642456055,74.211540222168,74.0305633544922,83.7844085693359,0.0563416890799999,0.0291253719478846,0.00569574674591422,0.00735348416492343,5.36761690455023e-05,0.29441374540329,0.037857785820961,0.346001029014587,50701.62109375,12.658073132646
"EE008",-3.72044444084167,6.07565498352051,17.3737125396729,7.6599612236023,21.0941562652588,2.00620198249817,1.68132162094116,2.8382716178894,2.21683859825134,86.7662963867188,73.6700134277344,75.2359924316406,84.5730590820312,0.180710598826408,0.0351777113974094,0.0113882292062044,0.00493244035169482,0.000275924045126885,0.161253079771996,0.287013828754425,0.239229440689087,258232.125,15.5226054434561
"EL301",9.24628067016602,15.0381832122803,26.3717308044434,18.5858592987061,17.1254501342773,2.32291007041931,1.02245652675629,0.225304886698723,1.64171779155731,75.6920471191406,62.6734733581543,50.0754013061523,67.4755859375,0.228318378329277,0,0.29565566778183,0.0635066404938698,0,0.14418813586235,0,0.128828629851341,53977.2109375,653.690870724611
"EL302",9.24628067016602,15.0381832122803,26.3717288970947,18.5858592987061,17.1254501342773,2.32291007041931,1.02245664596558,0.225304886698723,1.64171779155731,75.6920471191406,62.6734733581543,50.0754013061523,67.4755783081055,0.228318393230438,0,0.29565566778183,0.0635066404938698,0,0.14418813586235,0,0.128828629851341,33630.96875,502.944313156925
"EL303",9.24628067016602,15.0381841659546,26.3717308044434,18.5858592987061,17.1254501342773,2.32291007041931,1.02245652675629,0.225304886698723,1.6417179107666,75.6920471191406,62.6734733581543,50.0754013061523,67.4755783081055,0.228318393230438,0,0.295655637979507,0.0635066404938698,0,0.14418813586235,0,0.128828629851341,19934.345703125,193.419593171464
"EL305",9.35149765014648,15.0994434356689,26.3687477111816,18.6460151672363,17.0172500610352,2.35392761230469,1.03746426105499,0.222707033157349,1.64722120761871,75.5165176391602,62.5679512023926,50.0095024108887,67.4076156616211,0.219466269016266,0,0.288791924715042,0.0592603832483292,0,0.13594463467598,0,0.124117307364941,578772.25,374.930696612943
"EL306",8.59482192993164,14.5161695480347,25.8648891448975,18.0220794677734,17.2700672149658,2.40690779685974,1.03452742099762,0.242398545145988,1.71756434440613,76.1228485107422,64.3731231689453,51.8945388793945,68.3225860595703,0.29681459069252,0.265589982271194,0.0979012697935104,0.0208182353526354,0,0.0750094130635262,0,0.126084163784981,209385.4375,201.619372873311
"EL411",9.701735496521,15.3483486175537,25.9220638275146,18.5696754455566,16.220329284668,3.53644061088562,1.69715106487274,0.106769315898418,1.5574803352356,74.120002746582,68.5496978759766,57.5449028015137,69.4970855712891,0.0712941810488701,0.0752651765942574,0.108942545950413,0.00956476759165525,0,0.297692120075226,0,0.0668830797076225,22308.951171875,9.85640387531423
"EL412",9.85683917999268,15.831636428833,26.9438781738281,19.5507678985596,17.0870399475098,5.16746950149536,1.89465939998627,0.0569104962050915,1.82639598846436,74.2911224365234,71.3899078369141,60.5328941345215,70.0218887329102,0.0239608939737082,0.0449924133718014,0.00580502022057772,0.00183336553163826,0,0.118885084986687,0,0.0275931339710951,5588.9453125,7.23181728827593
"EL431",11.7978172302246,16.059513092041,25.3662605285645,19.768238067627,13.5684423446655,4.26786613464355,1.27362322807312,0.047442726790905,2.08103632926941,78.0549163818359,64.7833480834961,54.5720176696777,70.0347061157227,0.194223448634148,0.273946523666382,0.0154788428917527,0.00586181133985519,0,0.0822603181004524,0,0.120250202715397,196192.09375,73.7261268267034
"EL432",14.3379688262939,16.7677536010742,24.9794063568115,21.4233016967773,10.6414375305176,2.21817111968994,0.942516267299652,0.19702023267746,1.17668104171753,71.7481994628906,73.5015640258789,71.6856994628906,73.1846313476562,0.078674353659153,0.0407768785953522,0.107824310660362,0.00160113559104502,0,0.0220869202166796,0,0.0509407967329025,14550.619140625,8.18660183256266
"EL433",11.8594360351562,15.9954872131348,25.398099899292,19.8621616363525,13.5386648178101,4.75134658813477,1.4578173160553,0.0484542772173882,2.54248118400574,78.7102279663086,66.2913436889648,55.8515625,70.2143630981445,0.14276559650898,0.2748843729496,0.0407087467610836,0.00288564525544643,0,0.0779264345765114,0,0.112211555242538,46177.953125,30.6698088825916
"EL434",12.6903696060181,16.5759086608887,26.0565643310547,20.6960372924805,13.3661947250366,4.89196300506592,1.55652260780334,0.0542475692927837,2.59159183502197,77.8224182128906,67.4050979614258,57.7312774658203,70.1829833984375,0.0800409764051437,0.19067856669426,0.0245130229741335,0.00135057396255434,0,0.102715544402599,0,0.0724139586091042,40612.96484375,17.0872953698968
"EL511",4.69413995742798,12.8622102737427,24.4210758209229,15.2774868011475,19.7269344329834,2.45484733581543,1.87244462966919,0.776701211929321,1.92221331596375,78.3686294555664,69.6903610229492,55.9270286560059,69.7446975708008,0.399845480918884,0.152618765830994,0.024664020165801,0.00561562459915876,0,0.258609086275101,0,0.158646985888481,53278.01953125,12.6190203861025
"EL512",3.69538354873657,11.623387336731,23.1220054626465,13.9584465026855,19.4266223907471,2.4612865447998,1.83650875091553,0.960549294948578,1.92118775844574,76.4010009765625,73.527473449707,65.5280838012695,73.0166091918945,0.251056522130966,0.0620592534542084,0.0178251154720783,0.00387555849738419,0,0.425769060850143,0,0.163159385323524,76528.9140625,43.0619437195492
"EL513",3.57606768608093,11.4570779800415,23.0401096343994,13.9101476669312,19.4640407562256,2.30184197425842,1.92163813114166,0.82582950592041,1.85127449035645,79.052619934082,72.1050415039062,59.3208312988281,71.5481185913086,0.328469574451447,0.0721010863780975,0.0663197338581085,0.00381933804601431,0,0.275903910398483,0,0.245742037892342,68895.53125,26.7516513035465
"EL514",2.54264092445374,11.0498161315918,22.4779739379883,13.3016090393066,19.9353351593018,2.10557794570923,1.72311651706696,1.10023760795593,1.78595352172852,77.1929321289062,71.8357620239258,65.7204666137695,73.9814605712891,0.330246537923813,0.0880138799548149,0.0236188489943743,0.00423578731715679,0,0.381866157054901,0,0.171104684472084,135166.921875,39.1841813595056
"EL515",5.14399194717407,12.7447214126587,24.1074352264404,15.1718883514404,18.9634437561035,2.67529392242432,1.73136734962463,0.869891703128815,2.06065058708191,74.9157562255859,73.7051467895508,66.3950424194336,72.3055114746094,0.199706211686134,0.0722118616104126,0.0184629820287228,0.00280509772710502,0,0.280734360218048,0,0.109912902116776,39980.72265625,18.9474565683304
"EL521",3.56459355354309,12.1246271133423,23.7229671478271,14.5695447921753,20.1583728790283,1.73400890827179,1.64338004589081,0.798882603645325,2.11940503120422,77.5359878540039,67.8686752319336,56.2255516052246,71.7669219970703,0.463415145874023,0.150624632835388,0.0573234036564827,0.00877426657825708,0,0.142756283283234,0,0.163883671164513,179909.40625,105.61321318187
"EL522",5.87048530578613,13.8872814178467,25.4310131072998,16.5001754760742,19.560525894165,1.54581093788147,1.39228272438049,0.841124951839447,1.64947271347046,76.275390625,68.3142547607422,57.7138977050781,71.5127716064453,0.418983221054077,0.169380322098732,0.0659273564815521,0.00981452688574791,0,0.115718670189381,0,0.137770846486092,535278.9375,146.200047432576
"EL523",4.35151290893555,13.1800889968872,24.6686782836914,15.466100692749,20.3171653747559,1.7949047088623,1.65907692909241,1.03742730617523,1.99120271205902,76.3551483154297,66.4508819580078,53.9582099914551,69.4892120361328,0.404895067214966,0.155549868941307,0.0761257335543633,0.0131470775231719,0,0.140555679798126,0,0.173001006245613,431295.71875,167.396787821327
"EL524",3.00509834289551,11.9112434387207,23.3443069458008,14.1685037612915,20.3392105102539,1.87603044509888,1.7565358877182,0.893785059452057,2.27053284645081,78.2224655151367,67.0459976196289,54.5308418273926,71.0478210449219,0.406818896532059,0.184029176831245,0.0599197000265121,0.00751996831968427,0,0.146547332406044,0,0.187253147363663,194077.03125,77.7040838040866
"EL525",2.41695094108582,10.4460258483887,22.1955184936523,13.2018928527832,19.7785682678223,1.4379471540451,1.41379988193512,0.731407523155212,1.74840342998505,77.3479690551758,68.9900894165039,59.2822113037109,73.0173950195312,0.329441130161285,0.110736012458801,0.0913774594664574,0.00375619623810053,0,0.27365580201149,0,0.169068068265915,43136.54296875,27.8101931738831
"EL526",4.00606107711792,12.5506687164307,23.944694519043,14.9039430618286,19.9386329650879,1.58316838741302,1.45011973381042,1.01886427402496,1.54388189315796,76.7476348876953,67.9324264526367,57.8538665771484,70.837760925293,0.34894186258316,0.14598123729229,0.0255784764885902,0.00547101208940148,0,0.258519530296326,0,0.147228494286537,141838.4375,35.7212386398262
"EL527",6.63560104370117,13.9683017730713,25.4638824462891,16.8964138031006,18.8282833099365,1.41688716411591,1.22067141532898,0.719898402690887,1.47093605995178,75.3871688842773,69.5606842041016,61.1997718811035,72.518669128418,0.273615449666977,0.218122899532318,0.0225605275481939,0.00311744539067149,0,0.0912291407585144,0,0.125112548470497,43221.83984375,14.6645009387074
"EL531",2.47834038734436,10.5675230026245,22.060941696167,13.1744260787964,19.5826034545898,1.83924949169159,1.58021426200867,0.827380418777466,2.12571215629578,78.9885330200195,67.628303527832,54.4471626281738,70.6722030639648,0.394518822431564,0.179086923599243,0.0551934204995632,0.00372802163474262,0,0.193619161844254,0,0.165992513298988,166890.578125,28.892756705016
"EL532",1.3868305683136,9.54398822784424,20.8116664886475,12.0379505157471,19.4248371124268,2.17601323127747,1.86478781700134,0.964417994022369,2.51036190986633,80.4270095825195,69.3022384643555,57.4494514465332,72.0799713134766,0.318876922130585,0.107056319713593,0.0328978933393955,0.00314234546385705,0,0.353670537471771,0,0.15048249065876,34329.1875,19.8799870193974
"EL533",1.06835639476776,9.7923526763916,21.0182342529297,12.0713310241699,19.949878692627,1.84701871871948,1.7606166601181,0.967391550540924,2.344313621521,80.8353500366211,68.9004135131836,57.3004302978516,72.3398818969727,0.322010517120361,0.146245747804642,0.0443635024130344,0.00364616769365966,0,0.2614506483078,0,0.166153222322464,54720.13671875,28.2987241503748
"EL541",7.82898569107056,14.2535953521729,24.9439868927002,17.2673797607422,17.1150016784668,4.41614818572998,2.33140301704407,0.560417711734772,3.82174706459045,78.8282318115234,73.7631683349609,66.0333938598633,75.8064117431641,0.174562513828278,0.156458914279938,0.0723109692335129,0.00220796349458396,0,0.00484110973775387,0.493530720472336,0.000495745800435543,60511.5625,22.9275822786756
"EL542",8.05434703826904,14.4754486083984,24.9787883758545,17.3580074310303,16.9244422912598,4.65222263336182,2.52414298057556,0.71689385175705,4.51995038986206,76.9398422241211,73.3884963989258,66.6226959228516,75.4533309936523,0.22743134200573,0.169127345085144,0.0337056256830692,0.00359084247611463,0.00646413443610072,0,0.430761575698853,0,37425.91015625,24.22724573185
"EL543",4.60031938552856,11.7585325241089,22.6197319030762,14.441593170166,18.0194129943848,3.66686582565308,2.29246997833252,0.826171636581421,3.67624568939209,79.1648254394531,71.6482391357422,61.3427047729492,73.9858779907227,0.205011561512947,0.0842353999614716,0.0343219302594662,0.00372269004583359,0.00128544901963323,0.249280974268913,0.354601234197617,0.0427073165774345,185895.78125,37.1183095293423
"EL611",5.58130836486816,12.8425445556641,24.1840286254883,15.7358932495117,18.6027221679688,2.64992666244507,1.76856911182404,0.61929327249527,2.5932788848877,78.7058410644531,68.4480972290039,55.1551513671875,71.2305145263672,0.320681065320969,0.140383288264275,0.072657473385334,0.00415788311511278,0,0.258806824684143,0.0543047413229942,0.146056473255157,202544.21875,33.5171822930801
"EL612",5.89933347702026,13.3612613677979,25.034086227417,16.332052230835,19.1347522735596,1.66145098209381,1.28683161735535,0.573430836200714,1.75582265853882,76.0295944213867,66.6842422485352,54.6480522155762,70.4958419799805,0.380593717098236,0.0583188273012638,0.239162266254425,0.00528459204360843,0,0.0958023518323898,0,0.128356382250786,276616.84375,51.6894732397645
"EL613",7.24788570404053,14.0142631530762,25.505578994751,17.2578678131104,18.2576923370361,2.07351016998291,1.22466659545898,0.522956311702728,1.84819102287292,76.6886596679688,68.0876770019531,57.5511932373047,71.6747894287109,0.216155678033829,0.0159764848649502,0.276296645402908,0.00477633252739906,0,0.0843655094504356,0,0.112455129623413,114073.2890625,43.7830400566541
"EL621",13.7868394851685,16.243335723877,24.7154560089111,21.2801170349121,10.9286165237427,4.0977783203125,1.67785143852234,0.324058055877686,3.87411880493164,70.3347091674805,76.740608215332,80.5179061889648,73.6653289794922,0.012878711335361,0.0723768100142479,0.00115260889288038,0.00097816763445735,0,0.0516157262027264,0,0.0274641327559948,5581.54052734375,15.3891985331154
"EL622",8.94148826599121,15.2781524658203,25.701379776001,18.1832180023193,16.7598915100098,5.13433122634888,2.66261076927185,0.635673224925995,5.13333749771118,75.2128067016602,75.1473922729492,71.6460342407227,75.9273910522461,0.0136409234255552,0.0454737022519112,1.17238815877663e-10,0.00438499031588435,0,0.144183993339539,0,0.0311946216970682,17280.00390625,27.1556056564399
"EL623",8.64409637451172,14.6841917037964,25.3152656555176,17.9709568023682,16.6711692810059,4.07078313827515,1.95841836929321,0.447286456823349,3.62037229537964,77.2717895507812,72.9671783447266,65.9185638427734,74.7497634887695,0.120867624878883,0.248359680175781,0.0591574721038342,0.00396913103759289,0,0.292872995138168,0,0.168648675084114,47.9429359436035,0.0525191110733105
"EL631",7.5684061050415,13.6881923675537,24.4050636291504,16.9542922973633,16.8366565704346,3.71862244606018,1.84758794307709,0.430929809808731,3.31153726577759,78.4595718383789,72.8790435791016,64.6601409912109,74.6379165649414,0.119052156805992,0.209545567631721,0.0813231095671654,0.00375852431170642,0,0.288785427808762,0.0562544725835323,0.144945353269577,168219.484375,30.8504617531906
"EL632",8.27347660064697,13.6668424606323,24.0112209320068,17.2700462341309,15.7377452850342,3.39941883087158,1.46221494674683,0.257075637578964,2.80016398429871,79.1579666137695,71.9765625,61.2602958679199,73.2292251586914,0.179004460573196,0.29509961605072,0.0914042443037033,0.00695082591846585,0,0.133469894528389,0,0.172684609889984,141299.296875,43.3740965641237
"EL633",9.25091743469238,14.1358442306519,24.2604560852051,18.0257053375244,15.0095386505127,4.0048975944519,1.42700600624084,0.22210992872715,3.26206564903259,79.1129760742188,72.7145385742188,61.8469352722168,73.5650634765625,0.184905424714088,0.284732311964035,0.122390381991863,0.000872270902618766,0,0.160999938845634,0,0.180747747421265,30495.107421875,11.4286493745912
"EL641",8.37686061859131,14.3700256347656,25.7038536071777,17.8547706604004,17.3269920349121,2.38997268676758,1.07095730304718,0.273959457874298,1.75687956809998,76.627067565918,65.0451507568359,52.8113441467285,69.0660629272461,0.296374887228012,0.257597595453262,0.11565363407135,0.012978233397007,0,0.0673157572746277,0,0.128811225295067,260146.125,86.9567976083537
"EL642",9.98772430419922,15.4599237442017,26.2562923431396,18.9800605773926,16.2685680389404,2.59654140472412,1.16032552719116,0.217122331261635,1.71119785308838,74.3716812133789,62.2098579406738,50.0673370361328,67.2142105102539,0.158586353063583,0.0260500404983759,0.218147367238998,0.0212819054722786,0,0.0664029195904732,0,0.0885111019015312,376137.6875,91.9782928549348
"EL643",5.41999816894531,12.0833292007446,23.2332611083984,15.1785306930542,17.8132629394531,3.09104752540588,1.77824819087982,0.5074383020401,2.89238214492798,79.9854049682617,71.6805801391602,60.9707336425781,73.882942199707,0.163613274693489,0.129387050867081,0.102014876902103,0.00264914683066308,0,0.375197350978851,0.0607759281992912,0.138543888926506,41624.8828125,22.5454727003814
"EL644",6.87153244018555,13.4195213317871,24.6885375976562,16.7031707763672,17.8170070648193,2.2426872253418,1.38197684288025,0.473314553499222,2.12434554100037,79.1087493896484,68.1666870117188,56.4956283569336,72.4078063964844,0.268690556287766,0.157238706946373,0.186578318476677,0.00340280355885625,0,0.163670003414154,0,0.151802614331245,107941.4375,24.0228616786389
"EL645",6.12771511077881,12.6202259063721,23.7403583526611,15.8818607330322,17.6126441955566,2.41086411476135,1.41568601131439,0.43525442481041,2.29646253585815,79.885124206543,69.9897994995117,59.4027633666992,73.680793762207,0.18763530254364,0.270226657390594,0.0767355635762215,0.00452474597841501,0,0.265810489654541,0,0.168304517865181,56719.31640625,26.8141985897924
"EL651",6.5727424621582,12.1620941162109,23.0170288085938,15.7975826263428,16.4442863464355,3.08072876930237,1.25141155719757,0.32171157002449,2.33951950073242,78.1157379150391,68.1952514648438,54.9694557189941,70.1894073486328,0.194203406572342,0.323918700218201,0.130574479699135,0.0079585574567318,0,0.112940654158592,0,0.147956281900406,182154.125,27.4900294834222
"EL652",5.94134426116943,11.8894424438477,23.017162322998,15.3416471481323,17.0758171081543,2.51794672012329,1.10064494609833,0.339861512184143,1.86811852455139,76.3863296508789,66.5142440795898,53.8027076721191,68.8093338012695,0.276809960603714,0.369954645633698,0.069075308740139,0.00892700627446175,0,0.0663345530629158,0,0.148866072297096,79868.359375,35.2521550991735
"EL653",9.43416976928711,14.145263671875,24.4253387451172,18.166618347168,14.9911680221558,3.64545845985413,1.32363879680634,0.264014720916748,2.7946720123291,77.3397979736328,70.3450393676758,59.0546112060547,71.1485595703125,0.108303755521774,0.257678717374802,0.114880904555321,0.00499655725434422,0,0.140008106827736,0,0.121935114264488,96327.7890625,14.21794530948
"ES111",9.54786777496338,12.2471990585327,18.8900051116943,15.2869138717651,9.34213638305664,5.48018884658813,3.8849470615387,1.21461689472198,4.90564155578613,82.8353424072266,79.1129379272461,78.2073211669922,81.823356628418,0.0743503794074059,0.0808583423495293,7.96176735651244e-10,0.0286896657198668,0.000415896938648075,0,0.667661070823669,0,755262.1875,95.8626628729877
"ES112",6.50459909439087,10.3313112258911,18.3991279602051,13.3940525054932,11.8945274353027,4.26829051971436,3.25357413291931,1.09620988368988,4.09638357162476,83.1177673339844,78.0286331176758,75.1516265869141,79.8127975463867,0.097415380179882,0.0926051065325737,0.00318984175100923,0.0069339363835752,0.00048362382221967,0,0.79921156167984,0,230515.015625,23.3568013536007
"ES113",5.87697219848633,10.4662685394287,19.5494709014893,13.4073696136475,13.6724987030029,4.65624237060547,3.23227000236511,0.904807388782501,4.19680833816528,82.8991775512695,74.9557723999023,68.3060684204102,76.8730316162109,0.0709729045629501,0.0933794304728508,0.0121171642094851,0.00937599129974842,0.000581368338316679,0,0.811784327030182,0,296179.78125,40.8330408622971
"ES114",8.35451889038086,11.8397274017334,19.3989448547363,14.7970170974731,11.0444278717041,5.86209630966187,4.06868410110474,1.17722678184509,5.23747158050537,83.9690170288086,78.4972991943359,75.5824813842773,80.989372253418,0.0800084173679352,0.131241142749786,1.7291459375457e-09,0.0102938758209348,0.000428597704740241,0,0.749116361141205,0,175404.34375,39.502840041467
"ES120",5.70158338546753,9.39544296264648,17.5623149871826,12.5879487991333,11.8607311248779,4.09480285644531,3.5680193901062,1.23685038089752,3.80298185348511,80.0649795532227,77.8648452758789,79.2005996704102,80.6308670043945,0.0304329339414835,0.0506373196840286,0.0125900898128748,0.0101994937285781,0.000182592470082454,0.56266450881958,0.263212651014328,0.0538597367703915,554745.5625,52.4768541558477
"ES130",6.8278694152832,10.3812570571899,18.0639381408691,13.536506652832,11.2360677719116,3.84094667434692,3.40209412574768,1.46475672721863,3.48848366737366,80.1983108520508,77.3907241821289,79.7122650146484,80.7941360473633,0.056285597383976,0.0773873701691628,0.0154511649161577,0.0179446395486593,2.44690018007532e-05,0.576308071613312,0.0645511597394943,0.0758902952075005,428321.90625,81.8925832737038
"ES211",5.37813329696655,9.99708461761475,19.0139694213867,13.1427936553955,13.6358375549316,2.85085391998291,2.84519076347351,1.0203572511673,2.52711391448975,80.58251953125,75.3953552246094,74.1148910522461,78.2525405883789,0.219188392162323,0.120603889226913,0.0179953426122665,0.0194668471813202,0.000238930428167805,0.035639688372612,0.550683677196503,0.00689569348469377,398768.34375,132.244772276146
"ES212",8.01247978210449,11.7167139053345,19.3080539703369,14.9199600219727,11.2955741882324,4.63825178146362,4.51046991348267,1.861163854599,4.15604496002197,79.2574691772461,76.9055023193359,79.2170104980469,80.0623779296875,0.0501087941229343,0.0826679244637489,0.00188268395140767,0.0229579824954271,0.000317288970109075,0,0.559560835361481,0,288470.4375,144.657567600784
"ES213",7.85233354568481,11.4862833023071,18.7369861602783,14.635347366333,10.8846530914307,3.82570886611938,3.57780647277832,1.33197700977325,3.48244619369507,78.6632690429688,77.2026596069336,80.4084777832031,80.0568695068359,0.0291288644075394,0.0835844799876213,0.00485992478206754,0.0553641282021999,0.000318804406560957,0.129151433706284,0.490852802991867,0.0242862123996019,664366,303.106772574407
"ES220",5.95595598220825,11.1879186630249,20.9622268676758,14.1635503768921,15.0062713623047,2.86241579055786,3.04477977752686,1.21170663833618,2.75498986244202,79.1484222412109,71.1261749267578,66.423095703125,75.4052429199219,0.262501567602158,0.133127495646477,0.0241161938756704,0.0149877471849322,0.000213475083000958,0.0143959727138281,0.47134131193161,0.0564689673483372,888850.3125,85.5729973346993
"ES230",4.31089735031128,9.52361392974854,19.7821617126465,12.5383682250977,15.4712648391724,1.9147824048996,2.30120301246643,0.935733675956726,1.81462860107422,78.2677459716797,71.267578125,65.539794921875,74.4307479858398,0.225908100605011,0.120091326534748,0.0316845923662186,0.0121783623471856,9.55733848968521e-05,0.272675901651382,0.227635324001312,0.10960303992033,307019.46875,60.9483998812782
"ES241",4.70150756835938,10.9521598815918,21.9767684936523,13.6826219558716,17.275260925293,1.71715772151947,2.35129618644714,1.18973338603973,2.45650792121887,74.7844009399414,65.28759765625,55.8992080688477,71.6130523681641,0.282278060913086,0.0789732113480568,0.0695888623595238,0.00666972482576966,0.000532538106199354,0.0872641652822495,0.314276099205017,0.159077137708664,320991.59375,20.615991546032
"ES242",4.84063577651978,10.6375112533569,21.6826114654541,13.4311637878418,16.8419742584229,0.971552312374115,1.53716635704041,1.06614458560944,1.54565477371216,72.0817260742188,62.2397041320801,55.3478889465332,68.7294235229492,0.256891876459122,0.0419695004820824,0.117322236299515,0.00305894296616316,0,0.337694346904755,0,0.2430110424757,141627.125,9.60384623333988
"ES243",6.27626848220825,12.5367441177368,23.4885635375977,15.0403661727905,17.2122974395752,0.952841281890869,1.58917927742004,0.759706079959869,1.48329257965088,73.4079666137695,59.8605995178223,50.6920013427734,67.4225387573242,0.370552539825439,0.0471970066428185,0.0972501263022423,0.00928722321987152,3.07677255477756e-05,0.172271311283112,0.0795336365699768,0.223411485552788,996778,57.3722824321098
"ES300",6.47772407531738,12.3455266952515,24.5758895874023,15.2286930084229,18.098165512085,1.64891469478607,1.74546456336975,0.471140325069427,1.92949461936951,76.1339492797852,61.054386138916,40.0185928344727,64.1489334106445,0.281898081302643,0.0653184354305267,0.105863228440285,0.0924071744084358,0,0.250660240650177,0,0.203075870871544,6065752,758.032955217539
"ES411",5.15767669677734,10.7546682357788,22.3578414916992,13.7746047973633,17.2001667022705,2.19844079017639,2.01668286323547,0.503345429897308,2.39237308502197,77.0899887084961,64.6435012817383,44.9474105834961,66.7188568115234,0.263214111328125,0.0790120959281921,0.174659252166748,0.00620545307174325,0,0.223428562283516,0,0.253158748149872,200359.03125,24.9554826627263
"ES412",5.06673240661621,9.90575504302979,19.610200881958,13.0045404434204,14.5434684753418,2.14489054679871,2.22032308578491,0.856462478637695,2.05177021026611,80.0636520385742,72.0010375976562,65.0312347412109,74.1338424682617,0.311737686395645,0.10542605817318,0.067851297557354,0.0102058537304401,7.38353337510489e-05,0.144873201847076,0.190439328551292,0.160022109746933,519805.28125,36.294256011111
"ES413",4.46882343292236,9.32103443145752,19.2056465148926,12.4836301803589,14.7368221282959,3.14882850646973,2.57385087013245,0.871390879154205,3.06173467636108,80.8190765380859,71.2138137817383,62.6584777832031,73.8858642578125,0.175911977887154,0.0894584953784943,0.0191928651183844,0.0073371478356421,0.000634449359495193,0.0728204473853111,0.563054978847504,0.0667779967188835,447157.65625,28.7244536390372
"ES414",5.31741094589233,10.1828937530518,20.0715999603271,13.3811540603638,14.7541904449463,2.03743720054626,1.96620941162109,0.757859468460083,2.13354778289795,80.3595199584961,69.39501953125,60.0778732299805,72.5545883178711,0.454188257455826,0.124303363263607,0.0538843460381031,0.00655141519382596,9.24182459129952e-05,0.0139759611338377,0.217874526977539,0.126508444547653,219227.15625,27.1618318921181
"ES415",6.30813455581665,11.9326486587524,22.8929328918457,14.8634414672852,16.5847988128662,2.12723541259766,1.84550607204437,0.483746349811554,2.34097623825073,79.4358291625977,66.0900955200195,49.0684852600098,67.9309844970703,0.238751649856567,0.192209541797638,0.0566764622926712,0.00612153206020594,0,0.218761429190636,0,0.284927725791931,323031.8125,26.1439056383619
"ES416",5.09399795532227,10.4176807403564,22.0252666473389,13.5648946762085,16.9312686920166,1.69144856929779,1.88216459751129,0.622503280639648,1.8789347410202,77.4717178344727,64.9006958007812,47.0532302856445,66.880973815918,0.317221909761429,0.0810581967234612,0.127871200442314,0.0113369440659881,0,0.218844905495644,0,0.243542984127998,273982.65625,39.7224835172359
"ES417",4.6087532043457,10.112548828125,21.3326053619385,13.0252304077148,16.7238540649414,1.54458844661713,1.9114590883255,0.814774572849274,1.73059010505676,76.7319030761719,65.0930557250977,52.1664657592773,68.9717864990234,0.262702256441116,0.0702944695949554,0.107445426285267,0.00839585531502962,9.41761845751898e-06,0.274327099323273,0.0218910090625286,0.254389345645905,126200.6328125,12.3422784027941
"ES418",5.84483528137207,11.3521909713745,22.147029876709,14.4159927368164,16.3021945953369,1.3662383556366,1.48365223407745,0.567955672740936,1.60195565223694,78.8073272705078,64.0478057861328,48.9177169799805,67.2554702758789,0.556155920028687,0.049369566142559,0.179371327161789,0.00941645074635744,0,0.0298410709947348,0,0.175845667719841,416671.71875,51.3955091573801
"ES419",5.63580989837646,11.2580375671387,21.9324855804443,14.2088890075684,16.2966747283936,2.20197153091431,1.84333693981171,0.591596901416779,2.20619297027588,79.9864120483398,65.8397979736328,51.6313552856445,68.8509826660156,0.328776210546494,0.143402561545372,0.0585122667253017,0.00436591682955623,0.000251307588769123,0.10838671028614,0.153215929865837,0.200993284583092,156816.5,14.8954941800393
"ES421",6.96468877792358,13.0283842086792,24.8367614746094,16.0110988616943,17.8720741271973,1.24107813835144,1.42967212200165,0.486471682786942,1.62802875041962,73.4951171875,59.5997657775879,48.0467796325684,66.6079330444336,0.440158247947693,0,0.18808601796627,0.00657937815412879,0,0.169832646846771,0,0.195338413119316,453272.3125,30.549273159051
"ES422",7.55998039245605,13.9578800201416,26.3722610473633,16.7410087585449,18.8122806549072,1.68797791004181,1.66761541366577,0.276821076869965,1.73661375045776,75.7866363525391,59.3536071777344,38.3466796875,62.7843475341797,0.43333300948143,0.0299126282334328,0.213548347353935,0.00489079626277089,0,0.123763635754585,0,0.193818792700768,532300.75,26.956453082033
"ES423",5.9275598526001,11.8653631210327,23.8218383789062,14.7138938903809,17.8942794799805,1.55890130996704,1.73064887523651,0.651948094367981,1.80578291416168,74.9824295043945,61.3423309326172,46.288257598877,66.7559432983398,0.383145719766617,0.00383059377782047,0.184428289532661,0.00620070332661271,0,0.236243903636932,0,0.185937479138374,271242.15625,15.7923144828041
"ES424",5.09354829788208,10.8000326156616,22.4134902954102,13.6000003814697,17.3199405670166,1.50791072845459,1.8630348443985,0.750047743320465,1.85126543045044,75.7148361206055,62.4472694396973,45.2427215576172,66.2572937011719,0.26533704996109,0.0214940700680017,0.145198866724968,0.0112985577434301,0,0.307624965906143,0,0.248099759221077,407522.34375,33.3443435450208
"ES425",7.41873693466187,13.6663646697998,25.9313774108887,16.4012985229492,18.5126419067383,1.7017582654953,1.67245244979858,0.315367460250854,1.81986510753632,76.7133712768555,60.6241645812988,38.8519630432129,64.3492279052734,0.44849357008934,0.00301039614714682,0.201792657375336,0.0162501893937588,0,0.153628677129745,0,0.175782188773155,2137401,138.734941221016
"ES431",9.55981349945068,15.4653701782227,26.7705574035645,18.415340423584,17.2107429504395,2.07812547683716,1.67940723896027,0.18262767791748,2.03442144393921,77.0945434570312,61.0072441101074,42.7195625305176,63.8458480834961,0.31902477145195,0.198361679911613,0.0544575527310371,0.00636013317853212,0,0.148773729801178,0,0.270535469055176,623595.5,28.6561977916277
"ES432",8.73134994506836,14.4546527862549,25.8504219055176,17.4647178649902,17.1190719604492,2.71499872207642,2.01068711280823,0.270146369934082,2.78387379646301,77.4717102050781,62.8272972106934,43.2952003479004,64.827880859375,0.155879840254784,0.146850779652596,0.0945840328931808,0.00461626099422574,0,0.355854272842407,0,0.239109367132187,320129.125,16.1548044314214
"ES511",7.36259269714355,11.949878692627,22.1365051269531,15.3439102172852,14.7739133834839,1.38996350765228,1.89180314540863,1.3077894449234,2.63510155677795,76.2497329711914,71.8334655761719,69.1094741821289,78.6086883544922,0.148617967963219,0.0644793957471848,0.0234475899487734,0.0640543326735497,0.000271271914243698,0.106873258948326,0.458081662654877,0.0458493568003178,2288902.75,296.73819745424
"ES512",6.84996271133423,11.6196231842041,21.9380950927734,14.908182144165,15.0881309509277,1.92311644554138,2.39789605140686,1.52420938014984,2.99802684783936,74.6145401000977,71.9258575439453,68.2693939208984,77.2593078613281,0.107850253582001,0.0501100085675716,0.0135267544537783,0.0249248910695314,4.22034718212672e-05,0.529551148414612,0.0687550008296967,0.122504241764545,599955.8125,102.169011719812
"ES513",5.15837621688843,10.9789161682129,21.7048110961914,13.878978729248,16.5464344024658,1.2980272769928,2.03011155128479,1.22759890556335,2.21011018753052,73.7791748046875,66.4209594726562,60.2548599243164,73.4947280883789,0.239620134234428,0.0950123742222786,0.0563284941017628,0.0100822458043694,0.000233566839597188,0.110359869897366,0.286288529634476,0.199963539838791,526482.3125,43.2967472360072
"ES514",9.48862838745117,14.7704439163208,24.90651512146,17.7256698608398,15.4178876876831,1.1356258392334,1.60275864601135,0.653943419456482,2.24086594581604,73.2743453979492,64.6497573852539,61.5436325073242,72.7732315063477,0.22395384311676,0.0799506977200508,0.0638684555888176,0.0194571409374475,0,0.237784251570702,0,0.201455697417259,592035.75,93.2308816518638
"ES521",10.880012512207,15.4522094726562,25.1656284332275,18.9978561401367,14.2856149673462,1.37094938755035,1.21074593067169,0.292962580919266,1.80179226398468,70.5964508056641,62.2016754150391,61.8188209533691,69.9305648803711,0.725846230983734,1.86819519853998e-07,0.0407646521925926,0.0279021877795458,0,0.0733611285686493,0,0.0557068698108196,1272939.25,215.649081460777
"ES522",8.26062679290771,13.447211265564,23.649543762207,16.4635944366455,15.388918876648,1.29061651229858,1.63017022609711,0.81861537694931,2.14266705513,69.25830078125,64.4104843139648,64.991340637207,70.6536331176758,0.178502082824707,0.0369991511106491,0.0898026078939438,0.0169061310589314,0,0.376186549663544,0,0.166587129235268,534334.0625,80.2378538779264
"ES523",8.56661796569824,13.7738599777222,24.2047576904297,16.8885707855225,15.6381406784058,1.31626665592194,1.41300940513611,0.53385055065155,1.93845450878143,70.8862991333008,62.0895080566406,61.1341743469238,69.8989868164062,0.308976143598557,0.00171041779685766,0.142865642905235,0.0178583860397339,0,0.337355256080627,0,0.166023910045624,761552.75,70.6188678906772
"ES532",10.3756046295166,14.1239995956421,23.9272994995117,18.642692565918,13.5516958236694,2.41332030296326,1.48238956928253,0.385577350854874,2.94004988670349,77.9953994750977,71.3656234741211,66.0820999145508,75.3275451660156,0.196053013205528,0.0751120001077652,0.00943842530250549,0.0320960693061352,0,0.154787734150887,0,0.134900480508804,442334.125,123.032075076775
"ES611",8.1774492263794,13.3384227752686,24.2598495483398,16.7025775909424,16.0824012756348,1.26738679409027,1.06210076808929,0.237558618187904,1.34730529785156,69.4945373535156,58.9900398254395,50.1683197021484,66.1970062255859,0.176577970385551,0.00524425646290183,0.0323396399617195,0.00659643625840545,0,0.554975569248199,0,0.12261687964201,218603.984375,25.0516460546274
"ES612",12.1567697525024,16.6006565093994,25.085033416748,19.6701965332031,12.9282608032227,3.43924522399902,1.92194867134094,0.0976599231362343,2.27062368392944,77.3420028686523,66.9743881225586,58.1650009155273,71.6452331542969,0.306449264287949,0.187565341591835,0.0248180627822876,0.0117498300969601,0,0.167893007397652,0,0.191524043679237,496483.53125,67.0474155865691
"ES613",9.43912696838379,15.6670036315918,27.1698570251465,18.4134750366211,17.7307300567627,2.17126488685608,1.71143770217896,0.15892918407917,2.06090998649597,74.8278045654297,59.5710182189941,42.2877655029297,63.352710723877,0.43030521273613,0.192641869187355,0.0383232980966568,0.0116141829639673,0,0.111191138625145,0,0.214317753911018,764642.875,55.2488577153411
"ES614",7.39794445037842,13.0963745117188,24.6642913818359,16.1944637298584,17.2663459777832,1.82787322998047,1.40655028820038,0.226677969098091,1.60956501960754,73.2494354248047,62.3005218505859,48.3092308044434,66.2644577026367,0.31156724691391,0.0600125044584274,0.0318783335387707,0.0122841000556946,0,0.332337439060211,0,0.181640386581421,863945.375,67.6653745956531
"ES615",11.6166391372681,16.6812229156494,26.1049823760986,19.6822509765625,14.4883422851562,2.62504124641418,1.91260743141174,0.105108417570591,2.0732729434967,75.1966781616211,62.3703422546387,49.211669921875,65.8517150878906,0.181099906563759,0.166225224733353,0.0244173146784306,0.0109647624194622,0,0.322328716516495,0,0.199795052409172,580859,56.9230798391139
"ES616",8.34602069854736,14.461895942688,26.7590999603271,17.3426628112793,18.4130783081055,2.12200593948364,1.8638414144516,0.26777458190918,1.85653507709503,74.2024307250977,60.3840637207031,42.662109375,63.5427742004395,0.400946617126465,0.020885867998004,0.157579064369202,0.00860181450843811,0,0.207028150558472,0,0.20475760102272,585006,43.45421892512
"ES617",10.6935329437256,15.6753540039062,25.2278385162354,18.5283546447754,14.5343074798584,2.69696235656738,1.68120169639587,0.0927671417593956,2.17314171791077,77.4604034423828,66.3284149169922,55.6646690368652,71.2413635253906,0.314823567867279,0.169285506010056,0.00792919378727674,0.0226478260010481,0,0.177458330988884,0,0.192508667707443,1122537.75,152.448473505637
"ES618",11.200704574585,16.8686676025391,27.1351432800293,19.8227806091309,15.9344396591187,2.51706957817078,1.76281034946442,0.0997421070933342,2.06168746948242,74.4865112304688,60.1334800720215,46.4316520690918,64.512321472168,0.459672838449478,0.202142238616943,0.0263123698532581,0.0236394610255957,0,0.0882630497217178,0,0.192636400461197,1940952.25,139.070567911701
"ES620",8.88131713867188,14.3191194534302,25.1132545471191,17.5947151184082,16.2319374084473,0.945753276348114,0.958063840866089,0.293360888957977,1.19478845596313,70.2188110351562,59.8363952636719,55.9174728393555,68.3070907592773,0.349839746952057,1.17683074396524e-09,0.0850193724036217,0.0164866801351309,0,0.341822803020477,0,0.186187207698822,1164113.5,102.93285184616
"FI193",-6.32827949523926,4.14479541778564,16.3326072692871,5.87836837768555,22.660888671875,1.6279091835022,1.34353148937225,2.74083852767944,2.28259825706482,88.3710479736328,71.4491729736328,73.6913299560547,87.3875427246094,0.0407850332558155,1.11784015643934e-06,4.65793345938437e-06,0.00434982962906361,0,0.470446228981018,0.112208425998688,0.216269388794899,276392.34375,13.9822359182093
"FI194",-5.69536924362183,4.20985412597656,15.9050359725952,6.08251190185547,21.6004047393799,1.54110145568848,1.28669893741608,2.51980066299438,2.2109522819519,87.6596527099609,69.6461029052734,72.5683135986328,86.4154510498047,0.183788225054741,2.06967088161036e-05,7.77465447754366e-06,0.00403493549674749,0,0.52156138420105,0,0.265407681465149,182960.296875,13.199831934402
"FI195",-5.24370861053467,3.77379417419434,15.7650327682495,6.362952709198,21.0087413787842,1.63010776042938,1.27406048774719,2.25685787200928,2.19230961799622,86.1344299316406,71.1828994750977,73.100715637207,84.7157363891602,0.179993242025375,5.03412920807023e-05,4.27015329478309e-05,0.0045118685811758,0,0.387993812561035,0,0.211915135383606,89935.296875,11.4008578954902
"FI196",-4.24418544769287,5.00931692123413,16.4719753265381,7.0102276802063,20.7161598205566,1.91920268535614,1.33824515342712,2.56644058227539,2.52434277534485,87.1455612182617,70.8794784545898,73.7000350952148,85.0366744995117,0.171725884079933,7.0529235927097e-06,4.34617959399475e-06,0.00810782052576542,0,0.496560513973236,0,0.264710485935211,188256.109375,23.0809789327585
"FI197",-5.30613660812378,4.63294315338135,16.3125019073486,6.36999320983887,21.6186370849609,1.70015251636505,1.2942613363266,2.68148422241211,2.28228378295898,88.8857650756836,70.9227905273438,73.8574829101562,86.8725814819336,0.12572069466114,2.41801285483234e-06,2.92304957838496e-06,0.00974828656762838,0,0.500984668731689,0,0.249469190835953,509893.75,34.8012601823903
"FI1B1",-4.30412101745605,4.9220724105835,16.7438182830811,7.20916366577148,21.0479393005371,2.13097071647644,1.37695527076721,2.6279730796814,2.60066199302673,87.8234329223633,72.1692504882812,73.1782379150391,84.9652099609375,0.231522232294083,2.77369463219657e-06,9.49537138694723e-07,0.034958153963089,0,0.244495645165443,0.194004774093628,0.144280582666397,1205009.625,127.600683750615
"FI1C1",-3.40156078338623,5.08518075942993,16.7681331634521,7.70048141479492,20.1696949005127,1.97926533222198,1.26249945163727,2.54069781303406,2.48855233192444,87.4284820556641,72.6685562133789,73.7025604248047,84.5249176025391,0.301349371671677,2.65613998635672e-05,2.81465372609091e-06,0.00894410815089941,0,0.350641191005707,0,0.221337199211121,318261.75,30.1249360373119
"FI1C2",-4.94293689727783,4.7699499130249,16.5508766174316,6.82365560531616,21.4938144683838,1.84789931774139,1.29515790939331,2.68441414833069,2.27387547492981,88.7304077148438,71.3145065307617,73.6442947387695,86.4097595214844,0.200250312685966,3.54826443071943e-06,1.26739928418829e-06,0.0117839388549328,0,0.417506366968155,0.0528781116008759,0.228910505771637,204148.890625,36.1468128266687
"FI1C3",-5.44491195678711,4.53761434555054,16.7635746002197,6.57122230529785,22.2084865570068,1.79109370708466,1.26040232181549,2.6756706237793,2.29953145980835,88.3533782958984,71.3285293579102,73.1968765258789,86.0866317749023,0.140219792723656,7.3519737497918e-07,3.72877070731192e-06,0.0085760448127985,2.03287175367517e-37,0.0100638661533594,0.662351667881012,0.00479297339916229,154519.828125,24.9327963827878
"FI1C4",-5.0352349281311,4.680251121521,17.4232711791992,6.97542333602905,22.4585056304932,2.26092576980591,1.36752128601074,2.5276882648468,2.70055150985718,87.8430023193359,71.8530502319336,71.9651031494141,85.0850372314453,0.1475680321455,3.77428909814626e-06,1.07064142866875e-05,0.00879604276269674,7.44237840990536e-05,0,0.753988146781921,0,129927.4140625,23.3379869020141
"FI1C5",-5.68864059448242,4.7317967414856,17.4841938018799,6.6575927734375,23.1728363037109,2.02669787406921,1.30126869678497,2.43970084190369,2.58028316497803,87.429817199707,72.9701766967773,71.9692840576172,85.2913208007812,0.0507813505828381,6.87174576796679e-07,5.53377321921289e-06,0.00432598404586315,0.00019633345073089,0.175226762890816,0.403394371271133,0.0776091665029526,111893.9921875,16.3329381118829
"FI1D1",-6.31595516204834,4.39323377609253,17.0924167633057,6.19349336624146,23.4083709716797,1.85318505764008,1.29100954532623,2.57717633247375,2.41689872741699,87.7985153198242,72.7083587646484,73.3953857421875,86.7074890136719,0.019533384591341,1.00437193850667e-06,4.99374891660409e-06,0.00311857252381742,1.61329189722892e-05,0.203886598348618,0.432952016592026,0.0939197912812233,168099.078125,8.85716008422725
"FI1D2",-7.07579374313354,3.91860103607178,16.7016696929932,5.70227909088135,23.7774620056152,1.86843633651733,1.45987248420715,2.71624255180359,2.50013732910156,87.580451965332,71.642822265625,73.4083480834961,87.2461166381836,0.0662807673215866,2.06253184842353e-06,1.10194241642603e-05,0.00280167860910296,0,0.463297694921494,0.0853367745876312,0.21758621931076,222280.265625,10.9760345271394
"FI1D3",-8.05152797698975,3.13015961647034,16.3377723693848,5.11666345596313,24.3892993927002,1.91849398612976,1.47070479393005,2.64517784118652,2.67334032058716,86.9601287841797,72.1772155761719,73.6012191772461,87.1892929077148,0.0307595282793045,8.38462983665522e-06,5.28175296494737e-05,0.00250549614429474,0.0003159211773891,0.0292713493108749,0.758143126964569,0.0134978163987398,151682.5625,7.08183491263347
"FI1D5",-6.70911884307861,3.50854468345642,15.5066633224487,5.34772968292236,22.2157821655273,1.51006770133972,1.33851182460785,2.45509743690491,2.13542866706848,87.2067184448242,69.6658554077148,72.0049285888672,86.4844970703125,0.113767296075821,1.07527387172013e-06,3.17578246722405e-06,0.00252695940434933,0,0.566689610481262,0.00525559624657035,0.273602664470673,45448.17578125,8.84453406927701
"FI1D7",-11.3306083679199,0.0533608645200729,13.5330591201782,1.63021171092987,24.8636665344238,1.27966618537903,1.2856513261795,2.1557788848877,1.84183216094971,84.6216049194336,72.6047821044922,71.3936920166016,85.6405181884766,0.00234169908799231,3.62309292540886e-05,0.00101907050702721,0.000469090329715982,0.0609474293887615,0.105720497667789,0.732839465141296,0.0493982173502445,136228.21875,1.38764979257193
"FI1D8",-8.87629699707031,2.46556878089905,15.7532663345337,4.3773021697998,24.6295623779297,1.76174092292786,1.49175918102264,2.56666779518127,2.555011510849,86.9610137939453,71.104621887207,72.5403289794922,87.4862594604492,0.00872428901493549,6.43740168015938e-06,0.000234204591833986,0.000899492064490914,0.000883818371221423,0.225309565663338,0.564107060432434,0.102442234754562,68973.8671875,3.06104074644095
"FI1D9",-8.62893772125244,2.29476118087769,15.2314252853394,4.04504060745239,23.8603649139404,1.6078097820282,1.36868107318878,2.37844014167786,2.24323153495789,86.5575256347656,71.0071640014648,72.1614151000977,86.7194671630859,0.0532550886273384,8.40351185615873e-06,0.000226670090341941,0.00220445659942925,0.000224264862481505,0.182839632034302,0.616933703422546,0.0902190580964088,269571.40625,6.92434470480751
"FI200",-1.92013800144196,4.87630414962769,16.6341381072998,8.22043895721436,18.5542774200439,1.55512225627899,1.00391459465027,1.96505391597748,2.26742053031921,82.7951889038086,75.4930877685547,74.2006530761719,79.6811828613281,0.043506596237421,0.000226158328587189,2.89806721411878e-05,0.00279063615016639,0,0.138858765363693,0,0.083307683467865,10245.0341796875,7.47037744734386
"FR101",5.73440885543823,12.0590114593506,20.5065879821777,13.8081493377686,14.7721786499023,2.12039494514465,2.26200366020203,1.84018409252167,1.63044154644012,85.7694396972656,74.4205322265625,68.3917617797852,78.8310165405273,0.191537514328957,0.0210601203143597,3.45104854204692e-05,0.390392303466797,0,1.73928252493628e-15,0,0.396975547075272,349893.25,4574.04966094734
"FR102",5.28335952758789,11.741491317749,20.3223667144775,13.5271606445312,15.0390062332153,2.32524037361145,2.37483549118042,1.95936679840088,1.79275763034821,85.7932052612305,74.3559722900391,67.9403610229492,78.6331481933594,0.52914035320282,0.121377475559711,1.07128783621846e-09,0.0572572238743305,0,7.56579357608198e-17,0,0.292224943637848,2175258,367.351491478251
"FR103",5.3149881362915,11.3145208358765,19.6950721740723,13.3262624740601,14.3800840377808,2.12177276611328,2.23661470413208,1.77414858341217,1.67243444919586,86.2940902709961,75.4695816040039,69.451042175293,79.3157653808594,0.401071578264236,0.100815907120705,6.99770362189156e-06,0.112135522067547,0,4.26713026024927e-10,0,0.385969936847687,2633853.75,1151.48564776652
"FR104",5.48668098449707,11.7771892547607,20.3173904418945,13.6293487548828,14.8307104110718,2.15035057067871,2.35915112495422,1.87003839015961,1.71454405784607,85.769775390625,74.3834609985352,67.8109664916992,78.5005798339844,0.390672981739044,0.088237039744854,1.72161107911961e-05,0.204115867614746,0,8.90957013027771e-12,0,0.316956907510757,4274845.5,2340.22615736114
"FR105",5.73440885543823,12.0590114593506,20.5065879821777,13.8081493377686,14.7721786499023,2.12039494514465,2.26200366020203,1.84018409252167,1.63044154644012,85.7694396972656,74.420539855957,68.3917617797852,78.8310241699219,0.191537514328957,0.0210601203143597,3.45104854204692e-05,0.390392303466797,0,1.73928241905717e-15,0,0.396975517272949,741024.3125,4572.91290328487
"FR106",5.67338562011719,12.0526504516602,20.5426464080811,13.807149887085,14.8692607879639,2.18065333366394,2.30849123001099,1.89876306056976,1.6616028547287,85.7162628173828,74.3305435180664,68.2197036743164,78.7619094848633,0.298299461603165,0.0406645983457565,1.90422924788436e-05,0.279720306396484,0,9.59658365448613e-16,0,0.38129660487175,692279.9375,2967.93782051673
"FR107",5.68735790252686,12.05588722229,20.5380840301514,13.809042930603,14.8507261276245,2.16767740249634,2.29920125007629,1.88648903369904,1.65496098995209,85.7264175415039,74.3464889526367,68.2467651367188,78.7734451293945,0.275921881198883,0.0364828631281853,2.22390553972218e-05,0.302951574325562,0,1.12078076091709e-15,0,0.384621411561966,777582.9375,3295.15423988263
"FR108",5.45635843276978,11.4100332260132,19.590160369873,13.4330625534058,14.1338024139404,2.49101519584656,2.33156704902649,1.8925724029541,1.8043429851532,86.2463684082031,75.7118759155273,71.115348815918,79.8824310302734,0.485207796096802,0.112776167690754,3.90979676012648e-06,0.0739616975188255,0,4.19603366699293e-16,0,0.328050374984741,1060778.625,825.953650103956
"FRB01",5.12220048904419,11.4175701141357,20.4160766601562,13.4521970748901,15.2938776016235,2.34463119506836,2.77906179428101,1.93610942363739,2.15881037712097,84.5208587646484,73.0524368286133,65.3849182128906,77.8110122680664,0.418516546487808,0.178379163146019,0.00463417731225491,0.00749941216781735,0,5.2366982972174e-10,0,0.390970677137375,296076.46875,40.5652234539109
"FRB02",4.89994096755981,10.7696285247803,19.198091506958,12.9105310440063,14.2981510162354,2.16129541397095,2.22753262519836,1.59861350059509,1.74108946323395,86.7854156494141,75.8479537963867,68.8292388916016,79.2218399047852,0.606581628322601,0.164923772215843,5.67449831123668e-07,0.0131543725728989,0,5.14140049978629e-11,0,0.215339750051498,525107.875,88.9208796340862
"FRB03",5.43594217300415,11.4348211288452,20.2676944732666,13.5257091522217,14.831750869751,2.43737006187439,2.73373913764954,1.85820996761322,2.26520395278931,84.2326354980469,73.4078063964844,65.8756484985352,77.6175765991211,0.482317239046097,0.216557651758194,0.00172358972486109,0.00698731420561671,0,1.57971546954627e-09,0,0.292414247989655,241868.8125,35.4346690340642
"FRB04",5.75752782821655,11.6044034957886,20.275821685791,13.6770029067993,14.5182933807373,2.32122683525085,2.30194282531738,1.46790313720703,2.03605961799622,85.2842483520508,73.8397445678711,66.0734329223633,77.9175186157227,0.500561892986298,0.183326721191406,0.000108141342934687,0.0157391354441643,0,4.58674730141606e-11,0,0.300264149904251,688331.375,111.729409019812
"FRB05",5.35571002960205,11.4126234054565,20.158239364624,13.4535694122314,14.8025302886963,2.27315020561218,2.37887692451477,1.59356200695038,1.94750761985779,85.4306945800781,73.6874160766602,65.6871948242188,77.878547668457,0.477370589971542,0.15927392244339,0.000797818065620959,0.0124181527644396,0,0,0,0.350139528512955,479931.59375,75.012544251243
"FRB06",5.22821235656738,11.5651922225952,20.3824329376221,13.5047225952148,15.1542205810547,2.22292327880859,2.51022911071777,1.82291758060455,1.94293105602264,85.4929122924805,73.6285247802734,66.0624237060547,78.0728759765625,0.46840289235115,0.140882432460785,0.00021430263586808,0.0124729359522462,0,5.07374376531661e-16,0,0.378027439117432,595252.25,87.3288118901334
"FRC11",3.67553186416626,10.9284801483154,20.0383968353271,12.4017295837402,16.362865447998,2.63922882080078,2.88095784187317,2.42656469345093,2.44195580482483,84.8024826049805,72.5095520019531,67.059700012207,79.0103988647461,0.318813502788544,0.148238018155098,0.000614712364040315,0.0101184826344252,0,0,0.126840054988861,0.395375281572342,554992.0625,63.3874617379785
"FRC12",4.51040077209473,11.0919628143311,20.2928695678711,13.0154247283936,15.7824697494507,2.70595955848694,2.94995188713074,2.03689289093018,2.4209041595459,84.3156280517578,72.6511840820312,65.5488739013672,78.3122940063477,0.279933094978333,0.172914803028107,0.00292773125693202,0.00678904773667455,0,1.74995038212881e-17,0.00952618382871151,0.527909159660339,203051.09375,29.7990150850113
"FRC13",3.92823386192322,11.0316982269287,20.3424911499023,12.6502456665039,16.4142551422119,2.5819456577301,2.99942064285278,2.38837933540344,2.63854694366455,82.5082015991211,70.8675384521484,65.5381469726562,77.9143753051758,0.224427908658981,0.197260305285454,0.00193297246005386,0.0122276786714792,0,7.18075945926877e-11,0.141407564282417,0.422743648290634,586213,67.9745528477025
"FRC14",4.73235988616943,11.4313974380493,20.417594909668,13.2236957550049,15.6852331161499,2.40141654014587,2.61400365829468,1.90698599815369,2.10196828842163,85.4072952270508,73.6434707641602,66.5759887695312,78.5091018676758,0.475448608398438,0.158503815531731,0.000427969003794715,0.00918961502611637,0,2.72058062342355e-16,0,0.35642996430397,331655.5625,44.4203747592534
"FRC21",1.91018950939178,8.96978569030762,17.8488216400146,10.5362644195557,15.9386320114136,4.64366483688354,4.13972997665405,3.68274760246277,3.66862177848816,81.8192825317383,72.4686508178711,71.5127639770508,79.8767547607422,0.116871736943722,0.110864877700806,0.000172258689417504,0.0243079997599125,0,0,0.746898293495178,0,504865.28125,96.8260171620965
"FRC22",2.86309051513672,10.0699510574341,19.1410903930664,11.6003532409668,16.2780017852783,4.72399616241455,4.51994323730469,3.50611567497253,3.92419123649597,80.8780136108398,71.4637222290039,69.5677490234375,78.6040954589844,0.169984504580498,0.122197903692722,0.000320210441714153,0.0116607472300529,0,0,0.607492804527283,0.0866673812270164,374892.59375,74.2832160539835
"FRC23",3.19320392608643,10.5204601287842,19.3347187042236,11.8632621765137,16.1415138244629,3.56066155433655,3.36107110977173,3.06721878051758,3.05871486663818,82.9617767333984,71.6346740722656,68.4131011962891,79.037727355957,0.183329716324806,0.123387157917023,1.94628155441023e-05,0.0182268582284451,0,0,0.674336075782776,0.000700518139638007,361262.90625,66.997277700554
"FRC24",2.04597520828247,9.30546474456787,18.1240558624268,10.6937370300293,16.0780792236328,5.12410354614258,4.05785274505615,3.38163161277771,3.62578916549683,83.7004928588867,72.3454132080078,70.2627029418945,80.3517303466797,0.117587812244892,0.042881578207016,2.77493722444788e-10,0.0284151062369347,0,0,0.811017572879791,0,93911.0546875,158.79037259563
"FRD11",5.76366996765137,10.3256578445435,17.9461002349854,13.1044301986694,12.182430267334,2.96032619476318,2.39909434318542,1.78281927108765,2.35782217979431,85.8192825317383,77.4185943603516,74.6801528930664,80.9345626831055,0.291598826646805,0.213157206773758,2.43160269697285e-09,0.0180891081690788,0,2.98898017447868e-10,0.0654440298676491,0.2465450912714,571249.75,103.213166826049
"FRD12",6.20910549163818,10.4645891189575,17.9746608734131,13.4282178878784,11.7655553817749,3.45418047904968,2.52972507476807,1.96218252182007,2.7088098526001,84.9169921875,78.2610092163086,76.9191741943359,80.659538269043,0.346642732620239,0.275295943021774,2.62972066344958e-09,0.0142301125451922,0,0,0.128497168421745,0.187580406665802,245133.65625,41.0567293421097
"FRD13",5.03932237625122,10.1563539505005,18.2109546661377,12.6189117431641,13.1716318130493,2.79255199432373,2.4933443069458,1.64347743988037,2.0699667930603,87.3092041015625,77.0414199829102,72.5891876220703,81.0707015991211,0.383726328611374,0.232344508171082,2.50042675453699e-09,0.0088924216106534,0,9.81492611662673e-17,0,0.375036776065826,282654.75,45.9199121987158
"FRD21",5.28522825241089,10.5348091125488,18.5179061889648,13.0084323883057,13.2326774597168,2.80686044692993,2.44793891906738,1.78812396526337,2.04765224456787,86.7479248046875,77.0409622192383,72.8152542114258,80.6648864746094,0.435611575841904,0.161239624023438,1.77679515545037e-09,0.0268327835947275,0,1.22718252226761e-10,0,0.368921875953674,940053.8125,156.889525715221
"FRD22",5.43328046798706,10.3576030731201,18.1741180419922,13.1068544387817,12.7408361434937,3.46061038970947,2.68986678123474,2.11813473701477,2.70734858512878,86.0842742919922,77.6848602294922,74.9458312988281,80.7739791870117,0.398226201534271,0.195958867669106,8.18635235191323e-05,0.0202476140111685,0,8.27068413755683e-10,0,0.302491545677185,603230.875,95.6217774195099
"FRE11",4.17202138900757,10.1995534896851,18.2408809661865,12.2357940673828,14.0688600540161,2.90123009681702,2.27708125114441,2.17254304885864,2.21294784545898,85.751708984375,76.0943450927734,73.7973785400391,80.4663162231445,0.430409789085388,0.147670954465866,1.21167009758949e-09,0.0786317214369774,0,3.63075311067789e-39,0.152708187699318,0.190537855029106,2060425.25,357.603502622993
"FRE12",4.80777549743652,10.0511617660522,17.857536315918,12.6272916793823,13.0497608184814,3.46000075340271,2.42096400260925,2.26152062416077,2.81829881668091,85.5079803466797,77.1700439453125,74.9822311401367,80.5812683105469,0.515987575054169,0.170589432120323,2.2755435313826e-09,0.0356948710978031,0,1.73569519867911e-10,0,0.217777460813522,1288116.125,192.807991899296
"FRE21",4.3347659111023,10.7768688201904,19.0687103271484,12.5398025512695,14.733943939209,2.76765322685242,2.40707993507385,2.22562146186829,1.86942827701569,86.1537628173828,75.2577819824219,71.4734573364258,79.8156967163086,0.55004745721817,0.166345611214638,1.65623981196461e-09,0.0203591734170914,0,0,0.0532349161803722,0.210012868046761,599158.8125,80.6645673444073
"FRE22",5.1748571395874,11.1613826751709,19.301778793335,13.1853075027466,14.1269235610962,2.56906509399414,2.33546113967896,2.02082681655884,1.86288821697235,86.1189727783203,75.8046188354492,71.7339935302734,79.9138641357422,0.569972574710846,0.138372585177422,1.53093093757661e-09,0.0282853506505489,0,1.14366547356953e-16,0,0.263369500637054,1235128.5,210.587123125987
"FRE23",5.00764608383179,10.587818145752,18.5228385925293,12.9100999832153,13.5151929855347,3.0355212688446,2.42396998405457,2.24100089073181,2.28935074806213,85.8235626220703,76.7724380493164,73.979606628418,80.3577880859375,0.622969746589661,0.175872609019279,1.7351107217678e-09,0.0209963414818048,0,2.52299721828448e-16,0,0.165036901831627,626337.9375,101.766078374513
"FRF11",2.85495209693909,10.8267679214478,19.7631053924561,11.74582862854,16.9081535339355,2.70815324783325,2.71449041366577,2.52298831939697,2.36845302581787,84.1455841064453,71.2927474975586,67.721305847168,78.6785354614258,0.172557801008224,0.00518977083265781,9.08977781932663e-10,0.0430573932826519,0,2.65225868120023e-18,0,0.779195070266724,1312506.5,272.93688619157
"FRF12",2.49042963981628,10.034104347229,18.9120769500732,11.1992597579956,16.4216461181641,3.27479290962219,3.11296653747559,2.81559109687805,2.65840411186218,83.641716003418,71.9348373413086,69.6846084594727,80.1174545288086,0.201275765895844,0.047106746584177,3.80732417397667e-05,0.0362033024430275,0,0.00562415830790997,0.422532379627228,0.286640286445618,871690.0625,244.281015386303
"FRF21",3.42635035514832,10.0664901733398,18.5025367736816,11.7399454116821,15.0761871337891,3.37831401824951,2.64279532432556,2.43108224868774,2.19851922988892,86.9848403930664,75.4678039550781,72.3408355712891,81.0428237915039,0.286593854427338,0.148651167750359,0.000396451243432239,0.0150608066469431,0,0,0.530691981315613,0.0186057481914759,337311.34375,64.6325603346712
"FRF22",4.45267200469971,11.3226137161255,20.092866897583,12.9562015533447,15.6401948928833,2.46018266677856,2.57563281059265,2.11554408073425,2.1136782169342,85.7016067504883,73.9731216430664,68.1487426757812,78.9534530639648,0.498282313346863,0.133113130927086,0.000453572109108791,0.0103249475359917,0,1.88273480727341e-16,0.00432377215474844,0.351211279630661,326577.34375,54.1751887979748
"FRF23",4.18902444839478,10.9129791259766,19.4551124572754,12.5515298843384,15.2660884857178,2.55215239524841,2.36183643341064,2.10145616531372,1.84241235256195,85.8833694458008,74.2828826904297,69.2576217651367,79.3931655883789,0.528955936431885,0.13927261531353,0.00013430202670861,0.0103857992216945,0,0,0.194129854440689,0.1250811368227,495445.84375,60.9925855936938
"FRF24",3.56145596504211,10.705620765686,19.5484962463379,12.1521244049072,15.98703956604,3.02127242088318,2.93391156196594,2.62613439559937,2.56786346435547,85.7158432006836,73.3030395507812,68.8741989135742,79.8867645263672,0.306558340787888,0.145956292748451,0.000693680834956467,0.00809371843934059,0,0,0.440563976764679,0.097565546631813,151589.140625,24.2425191720174
"FRF31",2.98772144317627,10.2502851486206,18.9209594726562,11.5070581436157,15.93323802948,2.91147875785828,2.61667203903198,2.3631284236908,2.30121469497681,86.0426330566406,73.5127105712891,68.9977645874023,79.9611740112305,0.25429892539978,0.057294212281704,3.67128777725156e-05,0.0243029203265905,1.71986574287741e-11,0,0.236581891775131,0.427485346794128,615043.5625,116.621190501592
"FRF32",3.28623652458191,10.3135862350464,18.9462375640869,11.7227363586426,15.6600008010864,3.33655452728271,2.73071002960205,2.34291434288025,2.34372210502625,86.5579605102539,74.2977447509766,70.370719909668,80.4222412109375,0.30118003487587,0.12896092236042,0.00179679912980646,0.00982735585421324,0,0,0.558027803897858,0,253634.65625,40.9467857688451
"FRF33",3.00513744354248,10.5922498703003,19.2500972747803,11.6511793136597,16.2449607849121,2.86628365516663,2.49943041801453,2.27177476882935,2.25238299369812,85.7616653442383,72.7837829589844,68.1225662231445,79.3840026855469,0.19754846394062,0.00912715960294008,2.46337439335775e-09,0.0412623286247253,1.23574612456885e-13,1.1987569679519e-18,0.229225844144821,0.522836267948151,1380884.25,222.475832725321
"FRF34",2.7023868560791,9.98011779785156,18.735424041748,11.2905263900757,16.0330371856689,3.6266565322876,3.2525942325592,2.87563538551331,2.98766136169434,85.5087280273438,73.1009063720703,69.4103775024414,80.1132202148438,0.138399317860603,0.0472019836306572,5.97877624386456e-06,0.0247155837714672,0,0,0.242077603936195,0.547599613666534,405821.125,68.9366671799077
"FRG01",6.75651597976685,11.6566562652588,19.6095237731934,14.065523147583,12.8530073165894,3.3341634273529,2.48627591133118,1.33716881275177,2.59662699699402,85.9869537353516,77.0148620605469,72.4633178710938,80.3871536254883,0.479860723018646,0.231546178460121,1.03237061921391e-05,0.0262527242302895,0,4.32550715284328e-16,0,0.184406951069832,1399212.75,202.031170842094
"FRG02",6.14412879943848,11.5938396453857,19.9473857879639,13.7844009399414,13.8032569885254,2.69617652893066,2.30357003211975,1.33871042728424,2.16680669784546,85.8901443481445,75.3294296264648,68.7811279296875,79.0176544189453,0.550887167453766,0.228414475917816,1.18270118036889e-05,0.0206075571477413,0,1.41179812053652e-16,0,0.20007897913456,863344.25,119.154654623766
"FRG03",5.64576721191406,10.8178205490112,18.9047451019287,13.1571493148804,13.258978843689,3.45610451698303,2.65582060813904,1.66394281387329,2.47454977035522,86.7285614013672,76.1736602783203,71.4424362182617,80.3870315551758,0.524773001670837,0.269977986812592,5.04664665612609e-09,0.00941914413124323,0,3.52933297541788e-16,0,0.195826962590218,351104.96875,67.3449655591503
"FRG04",5.46327018737793,11.0555562973022,19.4420642852783,13.2035942077637,13.9787931442261,2.68112230300903,2.36758756637573,1.51383280754089,2.03070974349976,86.4797058105469,75.191047668457,69.0050354003906,79.5424957275391,0.440619379281998,0.2189761698246,2.5858271079926e-09,0.013556819409132,0,1.03828974419632e-16,0,0.326847612857819,551543.4375,89.3537436039568
"FRG05",6.88781309127808,11.9673843383789,20.1162986755371,14.3934383392334,13.2284851074219,3.303955078125,2.59546995162964,1.28265929222107,2.85253643989563,85.3499069213867,76.006965637207,70.5075149536133,79.600959777832,0.587878525257111,0.23301038146019,6.99954543961212e-05,0.0118216592818499,0,6.94154352884536e-16,0,0.135901063680649,582779.25,86.1259683635367
"FRH01",6.82212209701538,10.4142303466797,17.469274520874,13.4065523147583,10.6471529006958,3.69287610054016,2.66801261901855,1.54750204086304,2.69248342514038,85.8547134399414,79.6606826782227,78.1715087890625,82.3038635253906,0.520173072814941,0.252675443887711,8.03508664830588e-05,0.010548759251833,0,0,0.13935387134552,0.00340293976478279,380616.40625,54.5128730422587
"FRH02",7.17798614501953,10.2049341201782,16.7706489562988,13.1542301177979,9.5926628112793,4.59456968307495,3.19390106201172,1.92366588115692,3.4545476436615,84.4994964599609,80.0509872436523,80.228141784668,82.9536895751953,0.468194425106049,0.254638284444809,1.03752928470868e-09,0.0146009279415011,3.5392634032072e-30,0,0.181510329246521,0,336582.875,50.3553375827524
"FRH03",6.27811002731323,11.0270357131958,18.7788352966309,13.5381803512573,12.5007257461548,3.1590371131897,2.43487977981567,1.587815284729,2.33260774612427,86.0101165771484,76.9274444580078,73.6452178955078,80.6044311523438,0.54932975769043,0.256287097930908,3.25661764222218e-09,0.0177624356001616,0,1.49880660219301e-17,0.0104118846356869,0.166051745414734,996043.375,145.937711834762
"FRH04",7.06002855300903,10.9221267700195,18.0936813354492,13.6889915466309,11.0336542129517,3.94594502449036,2.69841527938843,1.56898236274719,2.79976344108582,85.9237670898438,78.7097930908203,76.3536834716797,82.1420288085938,0.46572607755661,0.249058961868286,3.09896397432396e-09,0.0149701312184334,3.1034597624195e-29,0,0.139753848314285,0.043367151170969,684727.3125,98.9834870501025
"FRI11",6.47978258132935,12.2040424346924,21.1254634857178,14.5022563934326,14.6456813812256,2.64315295219421,3.12521624565125,1.68668854236603,2.4625563621521,82.0477142333984,71.7346572875977,66.4809036254883,76.9926147460938,0.268148273229599,0.174642860889435,0.00122379558160901,0.00829099677503109,0,1.99455577921948e-12,0.0867612063884735,0.460932970046997,429720.53125,46.6580740701283
"FRI12",7.67158651351929,13.0005741119385,21.4860553741455,15.3473901748657,13.8144693374634,2.8102650642395,2.86347532272339,1.33780288696289,2.68787217140198,82.3493728637695,71.7792358398438,66.4930877685547,77.0602798461914,0.224833846092224,0.119685955345631,0.00289676431566477,0.0245844181627035,0,8.21458854172348e-14,0,0.627200782299042,1425225.75,142.86516677952
"FRI13",8.46653366088867,13.2915487289429,21.5616245269775,15.9231214523315,13.0950889587402,3.14701151847839,3.32430076599121,1.4101904630661,3.10839486122131,80.7537689208984,72.2880020141602,68.8406219482422,76.9777450561523,0.20671658217907,0.0820523574948311,0.00876288954168558,0.00594082102179527,0,3.14085320252122e-11,0.241414308547974,0.365431278944016,404817.0625,43.3357184180463
"FRI14",7.21650314331055,12.9095687866211,21.9177532196045,15.313235282898,14.7012500762939,2.21054530143738,2.71209740638733,1.36557054519653,2.2052857875824,82.3199234008789,71.51806640625,64.6693954467773,75.798828125,0.420961052179337,0.18407367169857,0.000433360459282994,0.00933510903269053,0,1.11577003163849e-17,0,0.385196805000305,307022.6875,57.0149197348601
"FRI15",6.04960346221924,11.2147445678711,20.5397109985352,14.1412143707275,14.4901084899902,4.20267486572266,4.54866552352905,1.9697790145874,3.95288848876953,78.3682708740234,74.6035766601562,73.1472854614258,77.8728408813477,0.240956515073776,0.115732282400131,0.0135240526869893,0.0120985545217991,4.52879430667963e-05,0.0175961181521416,0.423629879951477,0.165770545601845,586189.5,76.0129449200217
"FRI21",4.59580945968628,10.4545984268188,19.5501327514648,12.8408975601196,14.9543237686157,3.46851563453674,4.01826286315918,2.50541973114014,3.2882399559021,81.9249114990234,73.4951248168945,70.284912109375,79.4847640991211,0.115064889192581,0.0811549574136734,0.00107513868715614,0.00776272779330611,0,8.59983681489318e-11,0.646568715572357,0.148373559117317,218041.59375,37.2386070996408
"FRI22",4.14836692810059,10.1027851104736,19.1355381011963,12.3903121948242,14.9871711730957,3.05382466316223,3.53229308128357,2.38953065872192,2.75334930419922,83.2973022460938,74.4404144287109,69.5538558959961,79.5573501586914,0.212501019239426,0.181453555822372,0.000397550320485607,0.00734782172366977,0,6.72029987214273e-10,0.0991491675376892,0.499150961637497,112753,20.1461790878828
"FRI23",5.24960231781006,11.0554914474487,19.9363021850586,13.2893152236938,14.6866998672485,3.35786080360413,3.63019394874573,2.2057638168335,2.9582884311676,83.4284362792969,74.1284408569336,69.1768112182617,79.2682342529297,0.294305831193924,0.188529923558235,9.75288785411976e-05,0.0114244809374213,0,4.29957232748733e-16,0.131188496947289,0.374453753232956,350448.5625,62.791885086062
"FRI31",6.56538915634155,12.1742134094238,20.8532562255859,14.4142580032349,14.2878665924072,2.87559938430786,2.9706437587738,1.67648196220398,2.64542484283447,83.4092102050781,73.1640090942383,67.2937164306641,77.8081817626953,0.486989885568619,0.199192151427269,1.03589181676966e-09,0.00976415071636438,0,7.09749203853249e-11,0,0.30405381321907,358916.46875,59.84314086294
"FRI32",7.23620986938477,12.5507936477661,20.9874992370605,14.9612035751343,13.7512903213501,3.03413558006287,2.78216171264648,1.42171716690063,2.81772780418396,83.5185546875,73.4770355224609,67.3715209960938,77.4978179931641,0.55544638633728,0.200029015541077,2.73037881193261e-09,0.0112774986773729,0,8.87219260766478e-16,0,0.221553727984428,418103.8125,61.2941465244797
"FRI33",6.28054237365723,11.7520170211792,20.2704830169678,14.0151653289795,13.9899406433105,2.91023230552673,2.59643578529358,1.44358623027802,2.55401349067688,85.4842376708984,74.8566665649414,68.0655517578125,78.8572006225586,0.608271658420563,0.233597353100777,3.66035490806382e-09,0.00961463525891304,0,6.77871578314004e-11,0,0.148516327142715,386796.59375,64.3548195282521
"FRI34",5.86822509765625,11.5714120864868,20.2853260040283,13.7037382125854,14.4171009063721,2.53186345100403,2.56822156906128,1.68860411643982,2.34690999984741,84.7788238525391,73.9947128295898,66.7567596435547,78.2072906494141,0.583090484142303,0.212225243449211,4.30676591349766e-05,0.00843678787350655,0,2.70538952351629e-10,0,0.196204409003258,429596.71875,61.0037193304146
"FRJ11",6.73976850509644,12.3036546707153,22.4772834777832,15.0717029571533,15.7375154495239,2.6592812538147,2.83966159820557,1.19602859020233,2.74701619148254,77.5852203369141,71.5435638427734,64.407585144043,76.1358795166016,0.240505173802376,0.0973144546151161,0.00848980620503426,0.010870199650526,0,6.69290404348155e-12,0,0.617272138595581,488260.15625,76.3549574465936
"FRJ12",6.48488712310791,12.6124477386475,22.8931140899658,15.0669555664062,16.4082279205322,2.69364881515503,2.99757266044617,1.19590258598328,5.41088104248047,72.9663238525391,64.5852737426758,55.6461410522461,71.9569244384766,0.184185311198235,0.089126706123352,0.00289117242209613,0.0225653108209372,0,0,0.455140650272369,0.215223327279091,908559.6875,154.759577740468
"FRJ13",6.97619676589966,12.8494186401367,23.0842609405518,15.3655853271484,16.1080646514893,3.05343079566956,2.89937734603882,1.07212281227112,4.58369588851929,76.4629516601562,68.9166107177734,60.2738990783691,75.4299240112305,0.213168203830719,0.0959425494074821,0.00335063808597624,0.0168115515261889,0,0,0.425877898931503,0.157149404287338,861645.875,138.124958344583
"FRJ14",2.25137543678284,8.03052616119385,18.2261753082275,10.8300466537476,15.9748010635376,2.93440198898315,3.914475440979,1.95749711990356,5.1087589263916,79.759033203125,72.5349578857422,66.436164855957,79.4451293945312,0.107208706438541,0.100822985172272,0.0110958442091942,0.00352922733873129,0,0,0.777343273162842,0,91453.8125,17.7719870244515
"FRJ15",6.22188091278076,11.429690361023,21.7714824676514,14.3921451568604,15.5496006011963,2.31781601905823,2.61446046829224,1.15266227722168,2.77321195602417,73.5012741088867,70.3197555541992,65.5985717773438,75.2963104248047,0.117345400154591,0.0503722317516804,0.0189808327704668,0.0136609505861998,1.06654133560369e-05,0.14287343621254,0.0186082702130079,0.635062754154205,389078.75,94.1617216080598
"FRJ21",3.774090051651,9.34947395324707,19.7671661376953,12.3497657775879,15.9930753707886,2.5902841091156,3.24090123176575,1.77233350276947,2.71546125411987,75.9932250976562,74.0232315063477,69.2587127685547,76.3273468017578,0.196092069149017,0.0934214517474174,0.031140835955739,0.0125625161454082,0,0.0773791670799255,0,0.589403986930847,245473.359375,50.7095623240991
"FRJ22",4.59027194976807,10.4898414611816,20.3830490112305,13.0717868804932,15.7927770614624,3.1021933555603,3.69427347183228,1.87803673744202,3.59538149833679,81.3538284301758,73.1506423950195,67.2815475463867,79.4626235961914,0.257977336645126,0.157503753900528,0.00277743092738092,0.00567167159169912,0,1.14217827903995e-11,0.559128820896149,0.0168544575572014,284922.0625,32.5232463304715
"FRJ23",6.30114841461182,12.1293592453003,22.0349731445312,14.8488254547119,15.7338237762451,2.28369760513306,2.98548030853271,1.65163946151733,2.19500589370728,79.1367492675781,72.7720947265625,66.9169769287109,75.8144149780273,0.415977388620377,0.162308111786842,0.00859756488353014,0.0170577801764011,0,0.0570583902299404,0,0.339000761508942,1038660.25,161.605960844963
"FRJ24",7.29241132736206,13.068434715271,22.5405521392822,15.6892738342285,15.248140335083,2.19804215431213,2.81841254234314,1.47317671775818,2.14836573600769,81.1499633789062,72.3758773803711,65.9781646728516,75.6700897216797,0.579635739326477,0.207411110401154,2.6787301976583e-06,0.0072931838221848,0,2.88855935698384e-11,0,0.205657362937927,345786.1875,55.1794830540135
"FRJ25",6.08946800231934,11.9809398651123,21.2432441711426,14.4141836166382,15.1537761688232,2.5479793548584,3.20655798912048,1.81955718994141,2.54540252685547,81.1035079956055,71.2596588134766,66.7372894287109,76.9956970214844,0.241583302617073,0.212731167674065,0.00147233775351197,0.006678466219455,0,1.82434445328283e-09,0.0741903185844421,0.463344424962997,216145.484375,41.3656839774456
"FRJ26",3.3762104511261,9.07106685638428,19.5061511993408,12.1009693145752,16.129940032959,2.97582411766052,3.65661191940308,1.96811234951019,3.18263459205627,77.3509674072266,74.4528427124023,69.4892578125,76.7863540649414,0.241349622607231,0.08559200912714,0.0372151061892509,0.00947744678705931,0,0.148550763726234,0,0.47781503200531,217713.328125,48.0246389123445
"FRJ27",6.5469012260437,12.4396390914917,22.2641162872314,14.9666633605957,15.7172136306763,2.76351547241211,3.21143555641174,1.64771950244904,2.53715372085571,81.6171340942383,72.6964569091797,65.2703018188477,77.7061996459961,0.401685923337936,0.175365820527077,0.00149899302050471,0.0104845007881522,0,5.85901490817517e-17,0.127009809017181,0.28388512134552,463509.46875,80.8834551361983
"FRJ28",7.00101137161255,12.8450298309326,22.1612758636475,15.3526449203491,15.1602649688721,2.11653280258179,2.74042391777039,1.5300201177597,2.03840970993042,81.5260009765625,71.1896591186523,64.5920257568359,75.5528869628906,0.442133754491806,0.21677528321743,0.000700256845448166,0.0176681969314814,0,3.09129994526157e-16,0,0.322722524404526,597416.125,160.214467145398
"FRK11",4.47900247573853,10.7598848342896,19.9528255462646,12.902961730957,15.4738235473633,2.04924869537354,2.81715106964111,2.14737153053284,2.23026657104492,82.5956497192383,72.1535110473633,65.825080871582,77.8230133056641,0.316761881113052,0.221288487315178,0.000627153960522264,0.00810309965163469,0,1.11841458316775e-09,0,0.453219443559647,309865.15625,42.0901475957091
"FRK12",2.94104385375977,8.79903984069824,18.3582706451416,11.3885107040405,15.4172277450562,3.17741537094116,3.92515778541565,2.39821529388428,3.39639854431152,81.5496826171875,73.8479614257812,70.4114837646484,80.3376083374023,0.142491951584816,0.115762159228325,0.00566031783819199,0.00592555478215218,0,0,0.643926978111267,0.086232990026474,137084.890625,23.7326878313215
"FRK13",2.51221036911011,8.62892723083496,18.4249706268311,11.1335954666138,15.9127597808838,1.86294221878052,2.95749711990356,2.20038509368896,3.10702395439148,80.6711730957031,72.5087127685547,67.9593505859375,79.3499145507812,0.132300198078156,0.126900613307953,0.00499131716787815,0.0119443889707327,0,0,0.598196983337402,0.12566651403904,366938.6875,73.8323565818472
"FRK14",2.95187783241272,9.01164531707764,18.3593902587891,11.429988861084,15.4075126647949,2.25312352180481,3.22589898109436,2.50716614723206,2.65290307998657,82.1732330322266,73.4340057373047,69.4979782104492,79.5454483032227,0.183376908302307,0.126174986362457,0.00262703699991107,0.0125696416944265,0,7.26685768850932e-12,0.0850153490900993,0.590236067771912,719925.6875,90.0630781459899
"FRK21",3.53772377967834,10.707010269165,20.0547981262207,12.3443441390991,16.5170745849609,3.51327729225159,3.80729579925537,2.96177101135254,3.44645810127258,80.2588500976562,70.2855911254883,67.7964401245117,77.9923934936523,0.217497631907463,0.137906521558762,0.000361129728844389,0.0219640806317329,0,0,0.298032224178314,0.318636953830719,996437.875,172.896446403093
"FRK22",4.04561424255371,10.4326934814453,20.6103324890137,12.8396978378296,16.5647163391113,2.60018992424011,3.26323556900024,1.90127277374268,5.37865304946899,76.8925247192383,68.1219024658203,61.1483383178711,75.4925765991211,0.135292515158653,0.112544812262058,0.00159724045079201,0.0164318215101957,0,0,0.73413360118866,0,548530.5625,98.3168160708693
"FRK23",3.79364538192749,10.0747289657593,20.209939956665,12.5816059112549,16.416296005249,2.30801463127136,2.88037371635437,1.73265314102173,4.13613605499268,76.9868927001953,68.7674331665039,61.7060394287109,75.1475448608398,0.185981437563896,0.102755002677441,0.0115295890718699,0.0132904434576631,0,0,0.62964254617691,0.0568010322749615,496093.875,76.2739178089307
"FRK24",2.79105973243713,9.26443099975586,18.9742012023926,11.5407791137695,16.183141708374,2.87123560905457,3.36470723152161,2.5964949131012,3.67168498039246,77.022087097168,71.2582702636719,68.4636077880859,77.1854248046875,0.162678465247154,0.0878977030515671,0.00882810447365046,0.0249455478042364,0,0,0.50692892074585,0.206603094935417,1386405.625,176.815529104342
"FRK25",3.46038627624512,10.0456438064575,19.5831775665283,12.1669244766235,16.1227912902832,1.85500311851501,2.8417603969574,2.44942259788513,2.7427339553833,81.6571197509766,71.4346923828125,66.895393371582,78.5930099487305,0.185752838850021,0.175911322236061,0.000664852617774159,0.0197404213249683,0,3.83222065192257e-10,0.362609595060349,0.255320966243744,581660.9375,120.72146888142
"FRK26",3.91263866424561,10.9277591705322,20.4702529907227,12.764497756958,16.5576133728027,1.94170987606049,2.77095985412598,2.36517977714539,2.80233240127563,81.6603469848633,70.0981140136719,65.4356002807617,77.7884216308594,0.247424975037575,0.16059510409832,2.31929742078307e-09,0.0618281774222851,0,8.96582829680581e-13,0.34188175201416,0.188270032405853,1681319.875,514.937592549014
"FRK27",-0.621103823184967,5.20806121826172,14.7150573730469,7.85844993591309,15.33616065979,3.23533463478088,3.21799540519714,3.03093099594116,3.17428708076477,72.9952239990234,72.9778442382812,73.27734375,77.6825714111328,0.0522325932979584,0.0665974766016006,0.037412017583847,0.0133361872285604,0,0,0.809520363807678,0,527037.375,84.2971700163651
"FRK28",0.996752619743347,7.59317827224731,16.816858291626,9.54583358764648,15.820107460022,4.39363813400269,4.19242525100708,3.75522804260254,3.74739336967468,76.6113357543945,72.7472686767578,74.6921920776367,78.9228897094727,0.0747347846627235,0.0706048160791397,0.0162369664758444,0.0301305744796991,0,0,0.731633961200714,0,1147313.125,238.245473631424
"FRL01",3.1471221446991,8.40087795257568,18.6029262542725,11.570387840271,15.4558038711548,2.19616866111755,2.47808218002319,1.41065669059753,3.6613597869873,70.1152496337891,68.2464981079102,62.5485992431641,73.0917739868164,0.0839391052722931,0.0654029175639153,0.0349975042045116,0.0109197739511728,0,0,0.802310585975647,0,254754.5,36.4250278654682
"FRL02",-0.194159895181656,5.15736532211304,15.2827587127686,8.29051494598389,15.4769191741943,2.3306770324707,2.5526614189148,1.73959958553314,3.42898106575012,70.4431610107422,71.3048858642578,65.8731842041016,74.4317092895508,0.067780964076519,0.06330955773592,0.0444631576538086,0.00924223009496927,0,0,0.808686971664429,0,146667.375,25.7989138302754
"FRL03",4.79260444641113,9.82299709320068,19.8177604675293,13.0415821075439,15.0251560211182,2.69749617576599,2.72181248664856,1.39418053627014,4.50639915466309,70.5528564453125,71.6876525878906,70.3287887573242,76.4324645996094,0.0344914831221104,0.041206955909729,0.0390995405614376,0.0279329977929592,0,0,0.687751650810242,0.0450611263513565,790207.8125,184.138259253573
"FRL04",8.05440521240234,13.8629150390625,24.0584926605225,16.5571155548096,16.0040874481201,1.96862018108368,1.94576394557953,0.6753870844841,3.58667159080505,73.0715179443359,63.7366561889648,54.5228233337402,70.8023986816406,0.189145758748055,0.102133989334106,0.000174946006154642,0.0368577837944031,0,0,0.245890721678734,0.357015371322632,811013.375,154.589398781103
"FRL05",7.78677225112915,12.6972904205322,22.7636737823486,15.9590559005737,14.9769020080566,2.6721134185791,2.3655846118927,0.897929787635803,4.19399499893188,72.7140426635742,67.1147537231445,60.1451301574707,72.9175262451172,0.0764692053198814,0.0522185042500496,0.00587429525330663,0.0247053112834692,0,0,0.382411062717438,0.324086219072342,785442.9375,130.251648148891
"FRL06",6.41422605514526,12.4088163375854,22.6722812652588,15.0776166915894,16.2580547332764,1.97966766357422,2.21611213684082,0.958583474159241,3.81974005699158,73.9548492431641,64.5007019042969,55.0212554931641,71.431770324707,0.230124071240425,0.114931650459766,0.00783355999737978,0.0255668256431818,0,0,0.577371060848236,0.03667913377285,506134.25,140.661400116224
"FRM01",8.60153770446777,12.1279850006104,21.6640663146973,16.2847023010254,13.0625295639038,3.62416791915894,2.83027482032776,0.564505159854889,3.9177360534668,78.8314819335938,72.6619873046875,66.138298034668,77.1479415893555,0.0144809130579233,0.011692363768816,0.00721727171912789,0.00496902130544186,0,6.88776535806568e-11,0,0.639287650585175,85680.671875,21.3935659544285
"FRM02",6.69191932678223,10.1157636642456,19.7915344238281,14.324200630188,13.0996131896973,3.33850789070129,2.79631209373474,0.670967519283295,3.6896710395813,78.5144348144531,72.3704452514648,67.8242797851562,77.7624816894531,0.0256146192550659,0.0234241336584091,0.00423489976674318,0.00443428475409746,0,5.52615314619587e-11,0,0.853643774986267,41991.39453125,9.07666332846475
"HR031",2.2543671131134,10.2079238891602,20.388162612915,11.923376083374,18.1337947845459,3.26239919662476,3.22126626968384,2.62591814994812,5.0512809753418,80.5476608276367,71.0280685424805,67.6934814453125,80.366569519043,0.0302480980753899,0.0326424725353718,0.00264645274728537,0.00710845226421952,0,0,0.772418797016144,0,120943.5625,34.248638085663
"HR032",0.793485283851624,9.18504905700684,19.4897766113281,10.7787866592407,18.6962928771973,3.70095086097717,3.4845883846283,2.29276037216187,4.73175096511841,80.5365829467773,70.2079849243164,64.4580841064453,78.7211456298828,0.0922325327992439,0.0411838218569756,0.020586621016264,0.00725304801017046,7.16252784352826e-20,0,0.804270327091217,0,108404.2109375,20.2702991866197
"HR033",2.60956835746765,10.6394920349121,21.1411209106445,12.4662475585938,18.531551361084,2.8807270526886,2.67153000831604,1.56921219825745,3.65740656852722,76.247444152832,67.3541107177734,59.3994522094727,74.3354644775391,0.115070216357708,0.0509171225130558,0.0543178468942642,0.00556401070207357,5.03294347344928e-37,0,0.642505824565887,0,70158.1171875,20.1404920675334
"HR034",3.41361260414124,10.9007482528687,21.5462665557861,13.0877714157104,18.1326541900635,3.02709197998047,2.75325107574463,1.62593448162079,3.57560205459595,74.4368133544922,67.7752456665039,58.9264907836914,72.5007629394531,0.16493459045887,0.089873380959034,0.0492100641131401,0.015588004142046,8.79803245377323e-37,0,0.658169984817505,0,129285.828125,42.9344143319835
"HR035",4.25533151626587,11.3340158462524,22.1200714111328,13.8161582946777,17.8647403717041,3.65691995620728,3.07440137863159,1.57874286174774,4.13464689254761,75.0373687744141,68.8492813110352,59.6807327270508,73.0179290771484,0.203382700681686,0.15084134042263,0.0228165201842785,0.0104289297014475,0,0,0.528977274894714,0,188256.828125,42.0547226798767
"HR036",5.9870023727417,13.1253280639648,23.4512958526611,15.1305723190308,17.4642925262451,2.50627827644348,2.67613506317139,2.11630034446716,4.14582061767578,74.2548370361328,68.3495864868164,64.3322601318359,75.0402755737305,0.14104850590229,0.0783094838261604,0.0017155276145786,0.0258284136652946,1.39852775136765e-28,0,0.532910645008087,0,132219.484375,48.0104699954793
"HR037",5.10391426086426,12.0679779052734,23.1668796539307,14.7910585403442,18.0629653930664,5.00290584564209,3.90299582481384,1.69827115535736,5.23115110397339,74.5649795532227,69.0789642333984,60.0228881835938,72.5138626098633,0.204658821225166,0.291374355554581,0.0193425193428993,0.00791099015623331,0,0,0.332898080348969,0,31115.900390625,17.9821497181718
"HR041",2.70491361618042,12.8896722793579,22.8201332092285,13.0010766983032,20.1152191162109,1.9881329536438,2.340651512146,2.95428943634033,3.25241088867188,80.7722091674805,66.599723815918,63.235652923584,78.1628646850586,0.217064186930656,0.061657689511776,3.07902264466975e-05,0.0348623804748058,0,0,0.686384916305542,0,148059.890625,245.498550906641
"HR042",2.61283159255981,12.7787437438965,22.7123718261719,12.9264669418335,20.0995407104492,1.99758338928223,2.3558714389801,2.96443772315979,3.24787497520447,80.7351684570312,66.5692291259766,63.3158111572266,78.1168060302734,0.216694861650467,0.0649364367127419,4.04894017265178e-05,0.0296388827264309,8.50182668724697e-27,0.0493712462484837,0.613362371921539,0.025923352688551,643614.25,208.534244609306
"HR043",2.2667293548584,12.2960271835327,22.0186939239502,12.5835199356079,19.7519645690918,1.93701660633087,2.4360818862915,3.34088063240051,3.30091905593872,80.1952362060547,66.1192398071289,65.5484771728516,78.8787231445312,0.211954414844513,0.110028095543385,4.02312753067235e-06,0.0214016065001488,0,0.115105733275414,0.454590022563934,0.0869160741567612,159151.984375,125.712073059697
"HR044",2.67758870124817,12.9516658782959,22.6433620452881,13.0296869277954,19.9657726287842,1.78285014629364,2.16151976585388,2.98793435096741,2.95390772819519,80.2611618041992,65.2356033325195,64.4070892333984,78.357307434082,0.225993409752846,0.0837921127676964,1.2491857548369e-09,0.0224882047623396,0,0.324131548404694,0.0434773154556751,0.300117343664169,123535.75,99.3195449404737
"HR045",2.25176119804382,12.6818113327026,22.4120540618896,12.7167854309082,20.1602935791016,1.73638582229614,1.964510679245,2.62527799606323,2.60105729103088,80.4445495605469,64.9133148193359,62.9225158691406,77.4755706787109,0.247682616114616,0.0537293292582035,0.000161820556968451,0.0160865131765604,0,0.229417145252228,0.00502113811671734,0.447874695062637,110925.7578125,62.4816185659631
"HR046",2.47665190696716,12.8668756484985,22.5407791137695,12.8915033340454,20.0641250610352,1.71272480487823,2.01201605796814,2.80172181129456,2.7519416809082,80.3006820678711,64.9017944335938,63.7604598999023,77.9663314819336,0.233386054635048,0.073676198720932,2.76856468417463e-07,0.0214362647384405,0,0.28105616569519,0.0295554045587778,0.360889613628387,63958.23828125,86.5577149499407
"HR047",2.16370224952698,12.4287233352661,22.4058380126953,12.6699857711792,20.2421360015869,1.92392575740814,2.2835910320282,2.7990984916687,2.84178137779236,80.5728073120117,66.0566482543945,63.1302909851074,77.3948440551758,0.24299481511116,0.0588384307920933,0.000848910887725651,0.00948796235024929,0,0.426243990659714,0.00168492458760738,0.259725868701935,101991.0625,39.3675449297031
"HR048",2.0205180644989,12.2658700942993,22.3639183044434,12.531195640564,20.3434009552002,1.86650562286377,2.16937756538391,2.71152758598328,2.44891786575317,81.2364959716797,66.6937637329102,63.4995002746582,77.8159255981445,0.280881941318512,0.0505423843860626,0.000839635904412717,0.0059470129199326,0,0.33153510093689,0,0.330253899097443,51810.2578125,26.431807893337
"HR049",2.4717423915863,12.3735208511353,22.6116237640381,12.9008865356445,20.1398811340332,1.95940327644348,2.38943409919739,2.78056645393372,2.57428336143494,81.1128921508789,67.0480880737305,64.334342956543,77.7005920410156,0.270979642868042,0.0600745901465416,0.000904739310499281,0.0072173266671598,0,0.466022223234177,0.0087399436160922,0.186059013009071,73319.2265625,40.0743620492655
"HR04A",2.5934796333313,12.4911975860596,22.7582473754883,13.0357122421265,20.1647682189941,1.95384585857391,2.3872811794281,2.75717568397522,2.52423453330994,81.0491333007812,67.0478973388672,64.1786346435547,77.5342254638672,0.300556629896164,0.0610422492027283,0.000695299822837114,0.00952891353517771,0,0.451939553022385,0,0.17623732984066,94601.8671875,47.0639394180349
"HR04B",2.29789876937866,12.6866912841797,22.9252262115479,12.987343788147,20.6273288726807,1.65128123760223,2.04857611656189,2.50856351852417,2.10278272628784,81.2718353271484,66.5335464477539,62.6486434936523,76.7800674438477,0.391189187765121,0.0502910539507866,0.00205307663418353,0.0148598412051797,0,0.25771152973175,0,0.283895313739777,255396.609375,62.3435217878992
"HR04C",2.62742304801941,12.8764724731445,23.2815685272217,13.3865041732788,20.654146194458,1.73037397861481,2.21426248550415,2.54445624351501,2.10421991348267,81.2762069702148,66.4922485351562,62.4387016296387,75.8585586547852,0.474531412124634,0.0708926320075989,0.00057266850490123,0.0147436130791903,0,0.215311288833618,0,0.223873645067215,166250.4375,69.8308870448308
"HR04D",1.66583907604218,11.0675582885742,21.0594959259033,11.8632860183716,19.3936576843262,2.99135947227478,3.16528010368347,2.91068744659424,4.24903249740601,82.1627807617188,70.022087097168,67.1507110595703,80.7196426391602,0.10801662504673,0.0445180758833885,0.00134393398184329,0.0105862999334931,9.90761394799071e-21,0,0.834464907646179,0,189282.421875,52.1643484086595
"HR04E",2.74350190162659,12.5879316329956,22.6222457885742,13.0289030075073,19.8787441253662,2.32340931892395,2.6724910736084,2.88018560409546,3.22610688209534,81.0295181274414,67.9565277099609,65.2355880737305,78.6496124267578,0.185268625617027,0.0501512587070465,0.00190978811588138,0.0070315576158464,1.59517067410841e-25,0.0690247789025307,0.658508837223053,0.0280745215713978,231324.703125,51.9020037682717
"HU110",0.892115712165833,11.7202024459839,21.6978950500488,11.8548250198364,20.805778503418,1.27441048622131,1.6507214307785,2.32978820800781,1.58840072154999,82.1720199584961,66.3977355957031,62.5160751342773,75.7183151245117,0.305325567722321,0.0218799337744713,0.000620247854385525,0.0667919591069221,0,1.73975854522723e-06,0,0.605221569538116,263500.46875,503.777081277391
"HU120",0.917087614536285,11.7496089935303,21.7506618499756,11.8890628814697,20.8335723876953,1.2567036151886,1.65899658203125,2.29737973213196,1.56581377983093,82.147331237793,66.1812210083008,62.1677474975586,75.3766784667969,0.355407655239105,0.0273467339575291,0.000515349674969912,0.0400632806122303,0,2.78237894235644e-06,0.0055780066177249,0.570855796337128,1887474.25,295.996732181999
"HU211",1.40501630306244,12.1628160476685,22.1869087219238,12.1933145523071,20.7818927764893,1.28196167945862,1.64354872703552,2.15454435348511,1.63185012340546,82.0436019897461,66.5817489624023,62.6149635314941,76.5934295654297,0.420132547616959,0.0245501361787319,1.13467203846085e-05,0.0214911941438913,0,7.57467489620467e-07,0,0.52067643404007,513896.46875,117.791895198336
"HU212",1.06005787849426,11.7445278167725,21.7248649597168,11.7629909515381,20.6648082733154,1.38246381282806,1.66362631320953,2.17308187484741,1.68886601924896,81.839714050293,66.4915771484375,62.3504104614258,75.8927688598633,0.380603313446045,0.0479164719581604,0.000133705296320841,0.024296386167407,0,9.12721225176938e-05,0,0.54434460401535,268763.375,119.765208705068
"HU213",1.66976010799408,12.2260255813599,22.1440563201904,12.1944284439087,20.4742965698242,1.42887198925018,1.7416445016861,2.32472467422485,1.96224439144135,81.6318359375,66.1241073608398,62.4786949157715,77.1707305908203,0.36288857460022,0.0483708009123802,0.00148186285514385,0.0107391476631165,0,5.1356386165935e-07,0,0.549543678760529,269075.3125,61.1439415141106
"HU221",1.64641070365906,12.236909866333,22.1415615081787,12.1503171920776,20.4951515197754,1.26620876789093,1.62381935119629,2.18587708473206,1.82374179363251,80.1302185058594,64.8517150878906,60.2629432678223,75.2919845581055,0.452880948781967,0.0936535894870758,0.00184243754483759,0.0134860118851066,0,0.00500498898327351,0,0.42295715212822,383422.09375,90.7442752603999
"HU222",1.6114376783371,12.0368404388428,21.7321491241455,12.0029983520508,20.1207103729248,1.26604354381561,1.72943687438965,2.62096261978149,2.0839729309082,80.0639801025391,64.7980117797852,62.2268409729004,77.1066360473633,0.431404143571854,0.078118123114109,5.92007745581213e-05,0.0142246279865503,0,2.89545596388052e-07,0.0900815054774284,0.386112153530121,240800.109375,72.0359468394465
"HU223",2.02318954467773,12.5327758789062,22.3038120269775,12.4256896972656,20.2806224822998,1.38845765590668,1.70601975917816,2.5606062412262,2.2092342376709,80.2189254760742,64.4953994750977,62.4402503967285,77.3628158569336,0.296179801225662,0.0677634254097939,0.0013855395372957,0.011463051661849,0,0.0253087896853685,0.0236662272363901,0.557141304016113,201608.53125,53.4820328313318
"HU231",1.96417045593262,12.4917345046997,22.5909080505371,12.6201438903809,20.6267375946045,1.62804329395294,1.9237288236618,2.44650506973267,2.02825450897217,81.4415435791016,66.1025238037109,62.6467437744141,77.16259765625,0.385172069072723,0.0392746552824974,0.000825635914225131,0.0143632432445884,0,0.0979316979646683,0,0.462432682514191,315290.84375,70.511470987777
"HU232",1.98592233657837,12.538516998291,22.446605682373,12.5041122436523,20.4606857299805,1.57925164699554,1.76188147068024,2.3686830997467,2.0951509475708,81.1225662231445,65.199333190918,62.0267333984375,77.1829833984375,0.348267644643784,0.0482449866831303,0.00116874871309847,0.0081086615100503,0,0.0157879609614611,0,0.536966621875763,267927.71875,44.0901109365322
"HU233",1.69021737575531,12.391770362854,22.4983386993408,12.4370794296265,20.8081226348877,1.40218460559845,1.68227338790894,2.19497442245483,1.75924348831177,81.6767883300781,66.0176467895508,62.395336151123,76.889274597168,0.444691002368927,0.0243604090064764,0.000159741684910841,0.0143156144768,0,2.17871175323125e-07,0,0.504110813140869,272273.1875,73.8663795112296
"HU311",0.0753398835659027,11.0079364776611,20.8094253540039,11.1644086837769,20.7340850830078,1.20404469966888,1.95091533660889,2.59457325935364,1.5498503446579,81.4556579589844,66.0647659301758,63.0027503967285,75.1604690551758,0.363118261098862,0.0698166191577911,0.000365865358617157,0.0181801524013281,1.09432266981457e-06,0.00121399958152324,0.413806736469269,0.131291136145592,651415.5,89.632084718672
"HU312",0.539776623249054,11.3453073501587,21.3439254760742,11.5688285827637,20.8041496276855,1.24311399459839,1.80922973155975,2.42005705833435,1.57810413837433,81.8782730102539,66.1990203857422,62.9245185852051,75.3285751342773,0.396129280328751,0.0606793686747551,9.17320139706135e-05,0.0147057203575969,0,3.12439738081594e-07,0.0842951014637947,0.442847669124603,291409.34375,80.7640603153333
"HU313",-0.0198928434401751,10.7395715713501,20.5562477111816,10.987663269043,20.5761394500732,1.39618945121765,1.8748095035553,2.52409243583679,1.70108544826508,82.4785690307617,67.9192657470703,65.9326095581055,77.3170928955078,0.294328302145004,0.0566459856927395,0.000104721075331327,0.0362243726849556,0,4.52267329364986e-07,0.281384229660034,0.331311911344528,559195.1875,222.487730882086
"HU321",1.10730028152466,12.1655054092407,22.1841411590576,12.3139047622681,21.0768413543701,1.2591757774353,1.76543915271759,2.21580481529236,1.32080614566803,81.8818893432617,65.1317443847656,60.2816314697266,72.6493301391602,0.473827302455902,0.0791894942522049,0.00313371373340487,0.0153179066255689,0,0.0202619601041079,0,0.407838433980942,652963.8125,105.84916371654
"HU322",1.2741014957428,12.1657772064209,22.2278957366943,12.3886623382568,20.9537925720215,1.15914368629456,1.64038956165314,2.22796273231506,1.42079675197601,82.1803512573242,65.4170989990234,60.2310256958008,73.4050369262695,0.51820307970047,0.0656614601612091,0.00318977143615484,0.0113299544900656,0,1.21838638733607e-07,0,0.399690896272659,349812.8125,63.0280256554471
"HU323",0.58150714635849,11.8187665939331,21.7362747192383,11.8850135803223,21.1547698974609,1.37396240234375,1.9252393245697,2.46464490890503,1.40771210193634,81.3713150024414,65.3948364257812,61.5551490783691,72.8011093139648,0.492898732423782,0.0853446945548058,0.000296673446428031,0.0154546061530709,2.92710938083474e-05,0.0271025560796261,0.108704030513763,0.270156621932983,570725.75,96.139351097037
"HU331",1.71689295768738,12.4771413803101,22.7065372467041,12.6510000228882,20.9896450042725,1.27815365791321,1.63075685501099,2.19312977790833,1.59816110134125,82.1428756713867,65.8604507446289,61.2589874267578,75.814338684082,0.435504347085953,0.0323373638093472,0.00316354911774397,0.0133494483307004,0,0.00492449011653662,0,0.510716497898102,613266.0625,72.7880579522077
"HU332",1.67485785484314,12.4018898010254,22.6127166748047,12.7869453430176,20.937858581543,1.25546169281006,1.76130270957947,2.27867937088013,1.31729769706726,82.8319778442383,66.642219543457,61.8188934326172,73.4955215454102,0.563502490520477,0.0796157866716385,0.00585016421973705,0.00978203862905502,0,0.0131170088425279,0,0.327939063310623,320994.90625,56.7259084617922
"HU333",1.96140921115875,12.6713609695435,22.9827308654785,13.0143566131592,21.0213222503662,1.23628413677216,1.64175319671631,2.15425825119019,1.41484212875366,82.6301956176758,66.2000579833984,60.8709259033203,74.3432922363281,0.547430098056793,0.084496296942234,0.00546704512089491,0.0154141075909138,0,0.00624280842021108,0,0.340949654579163,354064.46875,83.3576005327668
"IEG11582",5.42729711532593,8.42987155914307,14.8797311782837,10.6997785568237,9.4524335861206,3.23470306396484,2.32241868972778,2.25693798065186,3.37433362007141,87.4259643554688,79.2147827148438,79.5986862182617,85.99951171875,0.316545873880386,0.311978846788406,5.5243671859273e-09,0.0200283695012331,0,0,0.0339795164763927,0.309158772230148,59514.68359375,65.9972450067756
"IEG11583",4.78137254714966,8.24464321136475,14.5411834716797,10.2139177322388,9.75980949401855,3.77135634422302,2.60126948356628,2.71943998336792,3.64759492874146,87.7446365356445,79.7890548706055,81.2302551269531,86.5425109863281,0.0885513201355934,0.50296288728714,0.0161297172307968,0.00879892148077488,7.26033469455878e-12,0,0.375091701745987,0,89893.8046875,47.2903015700422
"IEG11584",5.67136907577515,8.79536151885986,14.8592195510864,10.8797950744629,9.18785095214844,4.43969678878784,2.74062752723694,2.81793069839478,4.31705045700073,86.752815246582,79.951416015625,82.014289855957,85.8399047851562,0.0898781344294548,0.436770588159561,0.000390613015042618,0.0165601875633001,2.26336352437961e-10,0,0.37001296877861,0,183436.203125,56.8114902313336
"IEG11585",5.97459983825684,8.64183902740479,14.6783885955811,10.9634790420532,8.70378875732422,5.20677423477173,3.30837202072144,2.93752646446228,4.77602100372314,87.6061325073242,81.3376998901367,82.6976089477539,86.8689880371094,0.118020810186863,0.480426579713821,0.01696558855474,0.00679693091660738,4.88321015568172e-11,0,0.300508856773376,0,259124.375,35.4575196648541
"IEG11586",4.59407949447632,7.53500986099243,13.4078588485718,9.82205486297607,8.81377983093262,4.826828956604,2.88166213035583,3.47317838668823,4.6940860748291,85.6074676513672,80.1605834960938,83.6782913208008,85.4868850708008,0.0856681913137436,0.247441247105598,0.0168022122234106,0.00579837802797556,6.95045930532157e-12,0,0.385637521743774,0.0463777184486389,137801.25,28.5302638201336
"IEG11587",5.42645788192749,8.33543872833252,14.8396501541138,10.8037433624268,9.41319274902344,3.52681517601013,2.57006168365479,2.40505385398865,3.56312584877014,86.4951477050781,79.6014785766602,80.3125228881836,85.325065612793,0.121539540588856,0.102156229317188,4.81606843294458e-09,0.189073905348778,0,0,0.411870628595352,0,646775.6875,697.49152293954
"IEG11588",5.39284515380859,8.59234142303467,14.6177425384521,10.6028251647949,9.22489738464355,4.30233573913574,2.76118469238281,2.90240359306335,4.29730367660522,87.214241027832,79.8317184448242,81.9614181518555,86.1528396606445,0.105815201997757,0.378938585519791,0.00239428831264377,0.0122525757178664,1.27704817207142e-11,0,0.426263779401779,0,214930.203125,36.4983963206573
"IEG11589",6.13919401168823,8.68266868591309,14.395209312439,11.0213890075684,8.25601482391357,5.95868492126465,3.61603379249573,3.33944487571716,5.55176734924316,87.2599639892578,81.3467254638672,83.5766906738281,86.7575378417969,0.0849876925349236,0.355865746736526,0.0216171368956566,0.00574418995529413,2.49601617152706e-10,0,0.387063890695572,0,112897.375,30.1995856998653
"IEG11590",5.49104022979736,8.73294734954834,15.1705770492554,10.8411026000977,9.67953681945801,3.05150747299194,2.26320004463196,2.30923461914062,3.17653465270996,87.3413467407227,78.6200408935547,79.1649398803711,85.7950592041016,0.205474212765694,0.339496225118637,5.20679366289301e-09,0.0430402718484402,0,0,0.372912377119064,0.0379505008459091,221657.265625,131.54650810804
"IEG11591",5.43923902511597,8.52947807312012,14.9496374130249,10.6394996643066,9.51039791107178,3.23567891120911,2.22431588172913,2.23346877098083,3.37320423126221,87.1788711547852,79.8330001831055,80.3308868408203,85.8184585571289,0.143685951828957,0.378319531679153,4.14867118436746e-09,0.0146374478936195,1.55635521831288e-11,0,0.356432735919952,0.00928445998579264,112497.625,54.2933308790714
"IEG11592",5.29093170166016,8.52092742919922,14.9491758346558,10.5348806381226,9.6582441329956,3.1072051525116,2.18685698509216,2.26505708694458,3.21638202667236,87.7182006835938,79.3164520263672,79.9027557373047,86.1027374267578,0.145330294966698,0.391301453113556,5.61553115119295e-09,0.0150164216756821,1.17502466090436e-11,0,0.434453815221786,0.0131787853315473,97326.4921875,57.0581700073653
"IEG11593",4.54529762268066,7.97127819061279,14.0909805297852,9.9738073348999,9.54568195343018,4.28207159042358,2.80313754081726,3.01131463050842,4.10275506973267,88.1786727905273,80.3349304199219,82.6102066040039,87.1551208496094,0.142740085721016,0.300920188426971,0.0240475945174694,0.00412460556253791,6.7126394720507e-11,0,0.496179312467575,0,52901.40234375,33.0494182439286
"IEG11594",5.67657661437988,8.69675731658936,14.85338306427,10.858283996582,9.17680549621582,4.33155584335327,2.78477883338928,2.69795060157776,4.16058588027954,87.9317245483398,80.7471389770508,82.1524505615234,86.7682189941406,0.099859394133091,0.489950984716415,0.00155679218005389,0.0116426339372993,9.31921900759747e-11,0,0.379405170679092,0,143721.453125,53.445027111655
"IEG11595",5.12213277816772,8.49621677398682,14.8293161392212,10.4764032363892,9.70718288421631,3.46650409698486,2.42635035514832,2.46661972999573,3.43049144744873,88.02490234375,79.6549530029297,80.9207229614258,86.5239791870117,0.0846087113022804,0.428076535463333,1.67229996517193e-09,0.00522616505622864,1.26970420288863e-10,0,0.470184564590454,0,39362.53515625,36.5679092327916
"IEG11596",4.9313759803772,8.29750442504883,14.7235355377197,10.3843240737915,9.79216003417969,3.0508553981781,2.28527069091797,2.48022794723511,3.19661855697632,86.2406234741211,78.9468002319336,80.1594848632812,85.2737121582031,0.13302980363369,0.533461689949036,4.6356349869825e-09,0.0204488653689623,0,0,0.29866823554039,0,53400.43359375,64.0526395697064
"IEG11597",5.32821130752563,8.25509548187256,13.9138469696045,10.3775081634521,8.58563613891602,4.88582420349121,2.99373769760132,3.14018845558167,4.8836817741394,85.7790908813477,80.2791061401367,83.5032348632812,85.4076309204102,0.124082922935486,0.201066017150879,0.00503951450809836,0.00617147330194712,1.26169734382398e-11,0,0.460275113582611,0,111116.90625,20.5391416325671
"IEG11598",5.29728126525879,8.66055488586426,15.0883855819702,10.6850566864014,9.79110431671143,3.0336287021637,2.24350118637085,2.38203287124634,3.13096189498901,86.9260635375977,78.5888671875,79.3490371704102,85.4729156494141,0.182934999465942,0.382588356733322,8.53229398245503e-09,0.0295686237514019,0,0,0.396574825048447,0,261968.390625,112.78898136462
"IEG11599",4.65929841995239,8.16555500030518,14.5028553009033,10.1251516342163,9.84355640411377,3.25763821601868,2.37305045127869,2.52930212020874,3.28564381599426,87.1749649047852,79.5720672607422,81.0531387329102,86.2519073486328,0.0647319182753563,0.693863213062286,8.00798982680817e-09,0.00917079858481884,0,0,0.232234075665474,0,78450.046875,61.5393944910348
"IEG11600",6.31339693069458,8.62213134765625,14.194091796875,11.024432182312,7.88069534301758,7.1497631072998,4.41759634017944,3.89525461196899,6.50869226455688,87.0037155151367,81.5855712890625,84.0603942871094,86.9317321777344,0.0822775885462761,0.179670289158821,0.081379808485508,0.000681013625580817,1.99282552265645e-11,0,0.407573997974396,0,0.771357655525208,8.49476017964052
"IEG11601",5.37702178955078,8.63053035736084,14.9740037918091,10.6092662811279,9.59698104858398,3.14362144470215,2.21080589294434,2.37604331970215,3.20463562011719,87.5162963867188,78.8609008789062,79.7848434448242,85.8675765991211,0.121841631829739,0.359129786491394,4.02244060282442e-09,0.0144360875710845,4.93473447868431e-12,0,0.500775039196014,0,110593.3125,55.4060790070442
"IEG11602",5.10704231262207,8.4286470413208,14.5903739929199,10.3987646102905,9.48333168029785,3.78128814697266,2.5560896396637,2.6742205619812,3.76384425163269,88.0431213378906,80.0169372558594,81.7825393676758,86.7314987182617,0.101187370717525,0.476722478866577,0.00106378202326596,0.00612928066402674,5.73496389266737e-11,0,0.409351021051407,0,74119,29.2800315784947
"IEG11603",4.85100841522217,8.11139678955078,13.9674263000488,10.1464939117432,9.11641788482666,4.30751276016235,2.71491360664368,3.00457572937012,4.20861339569092,87.053840637207,80.2515640258789,83.2164154052734,86.3153381347656,0.0948621481657028,0.171247750520706,0.0124240079894662,0.00285079702734947,2.49656770950901e-11,0,0.470942109823227,0,43626.93359375,23.4746654251531
"IEG11604",5.35587549209595,8.43042945861816,14.8036394119263,10.5346641540527,9.44776439666748,3.70716667175293,2.51036167144775,2.51307678222656,3.71601557731628,88.1485214233398,80.413330078125,81.1994323730469,86.6832046508789,0.107716992497444,0.446139991283417,0.00138215941842645,0.00911701563745737,2.03365328049765e-11,0,0.417098015546799,0,159341.578125,37.2172110550853
"IEG11605",5.55778694152832,8.48997116088867,14.8278074264526,10.7002658843994,9.27002048492432,3.73253631591797,2.4787859916687,2.46483778953552,3.78785920143127,86.859016418457,80.3973159790039,81.0701599121094,85.7020568847656,0.138820320367813,0.338674366474152,0.000631353061180562,0.0131415408104658,1.17955766681943e-11,0,0.395179241895676,0,82953.703125,45.3122423847976
"IEG11606",5.23914527893066,8.61194324493408,14.9404144287109,10.5666255950928,9.70126914978027,3.25380444526672,2.299565076828,2.44932174682617,3.27458834648132,87.5667495727539,79.1304397583008,80.1633987426758,85.9989318847656,0.0899326130747795,0.409004330635071,8.24346813033117e-09,0.012366434559226,1.84786110024593e-11,0,0.483730584383011,0,97233.5703125,53.7663327424095
"IEG11607",6.05438137054443,8.78335380554199,15.0833120346069,11.2611722946167,9.0289306640625,3.43943691253662,2.37313079833984,2.3054039478302,3.52674674987793,85.356330871582,79.5000076293945,80.530891418457,84.4504089355469,0.222550109028816,0.227590590715408,0.000426835962571204,0.0111819533631206,5.16554301503019e-14,0,0.201148554682732,0.0649484023451805,93728.3125,40.0819798841231
"IEG11608",5.62029695510864,8.50123405456543,14.9422130584717,10.94739818573,9.3219165802002,3.44802117347717,2.49742341041565,2.39175772666931,3.59665179252625,86.7301025390625,79.4719161987305,80.0331802368164,85.4906158447266,0.181742191314697,0.211594372987747,0.000528504489921033,0.0808653756976128,0,0,0.3086356818676,0.0609724409878254,747446.875,369.768925468247
"ITC11",1.65709114074707,8.51843070983887,18.5328102111816,10.6683950424194,16.8757190704346,1.50638115406036,2.87549138069153,2.0945987701416,2.62051105499268,69.4505767822266,69.3089904785156,67.3457717895508,75.2910079956055,0.179470539093018,0.090645931661129,0.0434026792645454,0.057166576385498,0,0,0.619667172431946,0,2033304,296.951711064065
"ITC12",3.20992612838745,11.3692283630371,21.5801849365234,12.7865152359009,18.3702583312988,1.67669534683228,3.26908087730408,2.33543038368225,3.28150486946106,73.2753219604492,68.2277297973633,65.5413970947266,75.7763214111328,0.342662245035172,0.0854606926441193,0.0107858562842011,0.040960319340229,0,0,0.508867263793945,0,225151.78125,110.245721911313
"ITC13",2.03239679336548,9.6269474029541,19.6724414825439,11.2649192810059,17.6400451660156,1.80760681629181,3.51175570487976,2.68072724342346,3.50897908210754,70.1689453125,68.7506103515625,67.5582733154297,75.4594802856445,0.172009721398354,0.0888051241636276,0.0208178013563156,0.0445389710366726,0,0,0.652841866016388,0,104324.6171875,115.912857631886
"ITC14",-0.84728592634201,5.28675746917725,14.7154817581177,7.632643699646,15.5627679824829,3.23509407043457,5.95233154296875,3.91543316841125,5.36301946640015,71.6411895751953,71.6327972412109,72.0609817504883,77.7834091186523,0.046600665897131,0.0673130750656128,0.0768468677997589,0.0340490117669106,1.44602601783892e-14,0,0.743442535400391,0,248384.53125,110.739784440912
"ITC15",3.75642704963684,12.1009321212769,22.4113883972168,13.4176483154297,18.6549606323242,1.9268571138382,3.68189096450806,2.60509920120239,3.93246793746948,75.0477066040039,67.0103378295898,63.4877510070801,75.88916015625,0.300851315259933,0.0494536757469177,0.0030297648627311,0.067731149494648,6.67073682533367e-14,0,0.554339349269867,0,481235.1875,353.972666713117
"ITC16",3.59870672225952,10.0664253234863,20.2744827270508,12.5216703414917,16.6757755279541,1.72903847694397,2.73770713806152,1.61308145523071,3.27053332328796,72.5820159912109,70.5428237915039,68.394889831543,77.1191482543945,0.208587661385536,0.0876192525029182,0.0535083897411823,0.02220200560987,0,0,0.448082774877548,0.166948243975639,629544.0625,92.0504085257159
"ITC17",4.80372142791748,13.2572965621948,23.6178779602051,14.6003141403198,18.8141555786133,1.3953310251236,2.440105676651,1.37675642967224,2.77590990066528,78.1380081176758,69.0594711303711,64.1930160522461,77.79052734375,0.411760061979294,0.125049397349358,1.10461828572994e-09,0.0524740889668465,0,0,0.41051658987999,0,229001.171875,149.797597725512
"ITC18",4.70605945587158,12.5580425262451,22.7979145050049,14.2183094024658,18.091854095459,1.99671804904938,2.58256220817566,1.29037284851074,3.64257264137268,78.1629180908203,68.9891510009766,63.0568161010742,77.7591247558594,0.396800518035889,0.081835612654686,0.000193421859876253,0.0428309924900532,0,0,0.477316588163376,0,458716.0625,129.424893942086
"ITC20",-2.91222977638245,2.41862082481384,11.943564414978,5.37428617477417,14.8557949066162,2.71944403648376,3.11884546279907,2.62349247932434,2.85082840919495,67.9477767944336,72.0899353027344,71.681640625,76.0253219604492,0.0191856436431408,0.134799718856812,0.0674411803483963,0.0153648983687162,0,0,0.686194896697998,0,103981.7890625,32.09578579683
"ITC31",3.9451687335968,9.82350444793701,19.9144096374512,12.6211223602295,15.9692420959473,1.87662732601166,2.72218632698059,1.5156033039093,3.65323209762573,73.8280029296875,72.0038528442383,71.2563629150391,78.3543243408203,0.123051814734936,0.0975635200738907,0.0479402504861355,0.0187392830848694,0,0,0.0304216854274273,0.672298014163971,24558.396484375,21.1978534723614
"ITC32",6.17701625823975,12.5043449401855,22.5600776672363,14.9558448791504,16.3830604553223,2.09656453132629,2.66016936302185,0.981385588645935,3.40508913993835,74.5435180664062,72.9248428344727,72.8704528808594,79.1485900878906,0.0290359240025282,0.0453661158680916,2.79817995760823e-05,0.0372109636664391,0,0,0.670077383518219,0.000392397196264938,133252.171875,85.9808199238203
"ITC33",3.87225985527039,10.9561195373535,21.0736560821533,12.9957447052002,17.2013969421387,2.46120071411133,2.81458854675293,1.2329922914505,4.31843900680542,77.8040390014648,69.5696868896484,64.3696365356445,78.740104675293,0.248067751526833,0.0678521245718002,0.00107272155582905,0.0335824005305767,0,0,0.637685596942902,0,61817.96484375,33.2790723849351
"ITC34",6.28906583786011,12.0789585113525,22.1392707824707,14.7867889404297,15.8502054214478,3.92590761184692,3.74466419219971,1.33884131908417,5.71888494491577,76.7189102172852,72.9507598876953,70.4853134155273,80.0793914794922,0.0249204691499472,0.017936309799552,0.00074247014708817,0.0344177857041359,0,0,0.661323428153992,0.0287759508937597,94053.3515625,108.585488022789
"ITC41",3.40797758102417,11.6155614852905,21.8065719604492,12.8786954879761,18.3985958099365,2.2353093624115,4.57938575744629,3.43373966217041,4.8694314956665,75.8566513061523,66.5655212402344,64.0043869018555,76.4737777709961,0.141345515847206,0.0286533646285534,0.00557807181030512,0.10241723805666,1.81032096323135e-13,0,0.656262814998627,0,778819.3125,658.153001379486
"ITC42",1.69701170921326,9.07268333435059,18.9196186065674,10.7734260559082,17.2226066589355,2.34294176101685,4.41132831573486,3.82699847221375,4.89658784866333,74.3571090698242,68.0206832885742,66.4124374389648,77.4165878295898,0.0721098557114601,0.0445500016212463,0.0292752850800753,0.177419945597649,1.63928505508447e-14,0,0.631732881069183,0,1062028,832.037391222325
"ITC43",2.23675084114075,9.87562465667725,19.8352756500244,11.4241733551025,17.5985240936279,2.26481771469116,4.25834846496582,3.65484189987183,4.81027889251709,74.4680557250977,67.729248046875,65.730827331543,77.3471755981445,0.077009417116642,0.0387798100709915,0.0224970486015081,0.214326038956642,0,0,0.604280352592468,0,795691.875,995.46921360748
"ITC44",-4.53763866424561,0.37285390496254,9.50182342529297,3.67906785011292,14.0394611358643,2.50481224060059,4.19805574417114,3.8813681602478,4.23207855224609,70.6737289428711,71.6167221069336,73.5358352661133,77.6062850952148,0.0149530954658985,0.100350640714169,0.106710441410542,0.0193033181130886,6.40029167454926e-32,0,0.7300945520401,0,130732.0703125,40.8274798717601
"ITC46",1.3834183216095,9.32876396179199,19.5283298492432,10.9474897384644,18.1449108123779,2.10622954368591,3.89454627037048,3.08506083488464,4.17418003082275,73.3265228271484,70.1331405639648,68.4257431030273,78.3065032958984,0.170978277921677,0.0792978927493095,0.0163343548774719,0.0957211628556252,9.33683554851429e-33,0,0.630716025829315,0,1318488.25,477.469466073028
"ITC47",0.465335696935654,8.42150020599365,18.6620960235596,10.2081136703491,18.1967601776123,2.08650684356689,3.50982332229614,2.75163006782532,3.79070162773132,75.31201171875,69.7631912231445,67.2951049804688,78.0340881347656,0.222261041402817,0.0857920125126839,0.0272130202502012,0.0497916974127293,2.96565969354054e-32,0,0.587001502513885,0,1118248.25,235.497181132332
"ITC48",4.29195880889893,12.7089052200317,23.226053237915,14.1989030838013,18.9340934753418,1.88608336448669,2.79311847686768,1.54163062572479,3.47484660148621,78.6715469360352,66.893669128418,60.0405960083008,76.6831283569336,0.476953476667404,0.0553539395332336,0.000382672849809751,0.0736896395683289,0,0,0.390887916088104,0,1392949.5,465.503740877378
"ITC49",4.48408937454224,13.7195358276367,24.4778213500977,14.91783618927,19.9937324523926,1.78115737438202,2.65761852264404,1.60479891300201,3.22613215446472,79.5755157470703,66.8824234008789,59.3119506835938,76.7838287353516,0.560597777366638,0.0858396664261818,1.32264366126122e-09,0.0823993161320686,0,0,0.266998797655106,0,388994.4375,493.745052035433
"ITC4A",4.19567680358887,13.8397884368896,24.7097320556641,14.9507789611816,20.5140552520752,1.86772203445435,2.65576338768005,1.60971343517303,3.2119505405426,79.9743499755859,67.3185348510742,59.8114204406738,77.0133361816406,0.601852357387543,0.0869630351662636,8.95970697456505e-06,0.0457518212497234,0,2.91740381649246e-17,0.249247327446938,0.0127441650256515,438098.78125,247.276925356655
"ITC4B",3.84828591346741,13.8664722442627,24.7887802124023,14.8217554092407,20.9404945373535,1.63836896419525,2.41887974739075,1.54925286769867,2.76879048347473,80.0246124267578,67.2433700561523,59.1624946594238,76.4413070678711,0.547181308269501,0.0823163390159607,0.00208151247352362,0.0572872459888458,0,6.74477984314972e-18,0.238213583827019,0.0492141656577587,711456.75,307.523770664887
"ITC4C",4.31804895401001,13.0235385894775,23.5466804504395,14.2531147003174,19.2286319732666,1.85976016521454,3.24346661567688,2.22334480285645,3.76665234565735,77.6483306884766,66.2893447875977,60.3607406616211,76.3465805053711,0.380038499832153,0.0418538935482502,0.000533444457687438,0.146278858184814,2.91376691112684e-14,0,0.407861739397049,0,1337073.375,863.200383490485
"ITC4D",3.89590740203857,12.2984924316406,22.5698890686035,13.4006109237671,18.6739807128906,2.07342386245728,3.9567654132843,3.23254680633545,4.64615297317505,75.2010345458984,66.5715637207031,63.4423828125,76.9408874511719,0.0978047773241997,0.0206063948571682,0.00181958544999361,0.286221534013748,0,0,0.547791421413422,0,526626.6875,1342.63752212206
"ITF11",4.98081207275391,10.6291780471802,21.5966796875,14.0352163314819,16.6158676147461,2.56517148017883,2.14466166496277,1.19990015029907,3.25091767311096,78.8431701660156,72.8005599975586,65.6997451782227,78.0721435546875,0.172060385346413,0.107855394482613,0.00452541327103972,0.0295318104326725,0,5.81970884718365e-15,0.395377337932587,0.2875796854496,332759.65625,65.4301417696922
"ITF12",5.16361474990845,11.2014570236206,22.1353244781494,14.286618232727,16.9717082977295,2.18195486068726,1.82588231563568,1.37342095375061,2.8942015171051,77.424201965332,71.4519958496094,67.2540283203125,77.5721130371094,0.352430611848831,0.0793754681944847,0.0013557868078351,0.0314431414008141,0,1.57576728786159e-16,0.00045629232772626,0.467587321996689,266361.78125,138.052603622661
"ITF13",5.20250368118286,11.0310344696045,21.9626922607422,14.2877817153931,16.7601890563965,2.32806348800659,1.86175858974457,1.23464167118073,3.02873611450195,78.2317199707031,70.8497772216797,64.4362945556641,77.5258102416992,0.261119991540909,0.0943135172128677,0.00470597995445132,0.0290361680090427,0,0,0,0.552499771118164,144293.359375,119.269723671887
"ITF14",6.54327058792114,12.4345703125,23.259614944458,15.638521194458,16.716344833374,2.33963251113892,1.86974048614502,1.32827651500702,3.13541960716248,77.4660797119141,70.1956634521484,64.2162704467773,77.0461349487305,0.30824276804924,0.0971138402819633,1.22479271169595e-09,0.036445863544941,0,2.56653847480193e-11,0,0.470873445272446,324532.40625,124.113035541059
"ITF21",5.08524131774902,10.8573274612427,22.0400886535645,14.2950086593628,16.9548454284668,2.79172301292419,2.21942639350891,1.38303160667419,3.415602684021,79.4330139160156,73.5356903076172,68.46533203125,78.9915771484375,0.172999173402786,0.126715928316116,3.00577540635061e-09,0.0200784038752317,0,1.44723057322882e-12,0.006918681319803,0.671874463558197,84379.609375,56.0569167521396
"ITF22",7.27581930160522,12.9950580596924,23.9502601623535,16.4079914093018,16.6744422912598,2.23244428634644,1.74182951450348,1.031867146492,2.68746638298035,77.8344650268555,70.0349960327148,62.41943359375,75.6018524169922,0.451013803482056,0.135613828897476,1.24553580462816e-05,0.0272042639553547,0,1.61062038706028e-10,0,0.363783478736877,214366.421875,72.6186377211986
"ITF31",8.38786029815674,13.8395862579346,24.4722785949707,17.2898101806641,16.0844192504883,3.3048620223999,2.52617979049683,0.999593138694763,3.79934597015381,78.2422866821289,74.1104583740234,69.7807464599609,78.2364654541016,0.320161014795303,0.0966398939490318,6.68578803431075e-10,0.0388925038278103,0,6.09564621001368e-11,0,0.46242967247963,586176.5625,218.870704485474
"ITF32",7.61405563354492,13.2236099243164,24.0461101531982,16.694091796875,16.4320545196533,2.92535376548767,2.33353328704834,1.0562596321106,3.06256461143494,80.0528717041016,72.3367385864258,63.8000984191895,77.4336547851562,0.444771438837051,0.107949823141098,1.941437455244e-09,0.0307576023042202,0,0,0,0.416496872901917,254788.265625,123.314023610819
"ITF33",7.84992837905884,12.8667888641357,23.4388561248779,16.6872520446777,15.5889282226562,3.22938561439514,2.31180572509766,0.987302005290985,3.71843934059143,76.8880081176758,73.9209671020508,69.3367919921875,76.1721496582031,0.120340049266815,0.032976508140564,5.25813038942946e-11,0.14940333366394,0,0,0,0.480368465185165,129724.21875,108.720678711625
"ITF34",7.00781679153442,12.4114103317261,23.1532077789307,16.0200939178467,16.145393371582,2.65053558349609,1.97336387634277,0.980623006820679,3.0158269405365,78.5614242553711,71.5706176757812,63.6116409301758,75.8265838623047,0.360140204429626,0.0961102917790413,1.02088881792639e-09,0.053898885846138,0,0,0,0.432577013969421,505626.28125,183.291601878564
"ITF35",7.22971963882446,12.2472639083862,22.7979469299316,16.1034545898438,15.5682258605957,3.03419232368469,2.0595555305481,0.862522721290588,3.46426510810852,78.9498672485352,73.6205291748047,68.296745300293,77.1256637573242,0.185501620173454,0.0868619754910469,0.000662203063257039,0.0373926796019077,0,1.83613110826819e-10,0,0.571561515331268,688028.375,139.202144218848
"ITF43",9.11592388153076,14.2980461120605,24.8184337615967,17.7476444244385,15.7025079727173,2.27157139778137,1.62391924858093,0.815999746322632,2.91445398330688,76.2057571411133,68.9020767211914,59.9714088439941,75.5436553955078,0.368204414844513,0.222155570983887,2.28888397124649e-09,0.0382521711289883,0,2.89642836904269e-16,0,0.301163733005524,244818.671875,99.8868111213283
"ITF44",9.36369132995605,14.4515409469604,24.9982891082764,17.9272384643555,15.6345977783203,2.35476398468018,1.69113719463348,0.801842331886292,3.09617209434509,76.1579208374023,69.6677551269531,61.0823249816895,76.1298370361328,0.333064764738083,0.208463355898857,1.72756535903318e-05,0.0440638586878777,0,0,0,0.303603321313858,59105.42578125,32.441201677245
"ITF45",10.886079788208,15.6138925552368,26.052698135376,19.2060070037842,15.1666164398193,2.53543376922607,1.66126608848572,0.666714668273926,3.5703387260437,74.1422119140625,69.9297485351562,62.7106170654297,74.8569717407227,0.319932609796524,0.145111218094826,0.000658435863442719,0.0531161427497864,0,0,0,0.267631560564041,440546.4375,160.032647852322
"ITF46",8.39687061309814,14.0639209747314,25.0523948669434,17.4581909179688,16.6555233001709,1.59283351898193,1.36505377292633,0.931045591831207,2.1171772480011,75.6133117675781,65.2485733032227,54.9220199584961,72.058952331543,0.404675990343094,0.101409435272217,2.77359595202142e-05,0.0236849095672369,0,2.15976195261369e-12,0,0.357360273599625,451594.40625,64.5353307150493
"ITF47",8.78520965576172,14.068263053894,24.6123332977295,17.5167503356934,15.8271245956421,2.13796830177307,1.52706634998322,0.837763428688049,2.6486828327179,76.2611083984375,67.9626312255859,58.5808486938477,74.531623840332,0.403624147176743,0.214134812355042,2.24364260503762e-09,0.0316121727228165,0,9.64395185447896e-16,0,0.289263546466827,368250.4375,97.2606894926772
"ITF48",9.35625171661377,14.7360925674438,25.426944732666,18.1108360290527,16.0706939697266,1.95365536212921,1.37322723865509,0.896606028079987,2.26043939590454,74.6684951782227,66.1392211914062,57.3694725036621,72.720703125,0.293832719326019,0.185397103428841,3.84583520585124e-09,0.0354115664958954,0,3.16653632331245e-16,0,0.227415502071381,251480.578125,160.966457311239
"ITF51",6.30743312835693,11.7232933044434,22.4166107177734,15.4035301208496,16.1091766357422,2.29683709144592,1.65059459209442,0.91940176486969,2.6700439453125,79.2277984619141,70.5715942382812,61.731330871582,75.3282241821289,0.332613825798035,0.122540175914764,0.000867720926180482,0.0255943778902292,0,1.83504461626072e-10,0,0.505572557449341,372720.125,56.9792588283498
"ITF52",7.77350568771362,13.0836009979248,23.6856098175049,16.6684589385986,15.9121036529541,2.18870544433594,1.54169499874115,0.892029166221619,2.60890483856201,77.3632736206055,68.2004470825195,58.5348358154297,74.0285110473633,0.402594298124313,0.168865323066711,2.42512165904429e-09,0.0246257930994034,0,3.51366907791473e-10,0,0.402035921812057,123294.046875,35.5960204500083
"ITF61",8.68599224090576,13.2502965927124,23.9754390716553,17.4629039764404,15.2894477844238,3.62194204330444,2.01947140693665,0.721242785453796,3.75531673431396,78.7211685180664,72.9532089233398,68.1174774169922,76.4202651977539,0.207925409078598,0.0810977444052696,2.20963713104538e-07,0.0246464777737856,0,2.54213400330272e-10,0,0.646258175373077,407134.375,60.7020415747878
"ITF62",8.36700916290283,12.94362449646,23.9639472961426,17.2725257873535,15.5969390869141,3.73149275779724,2.13129806518555,0.594957590103149,3.98834776878357,77.9442977905273,70.5275421142578,63.8804702758789,75.9932174682617,0.181229248642921,0.0905276462435722,5.99243094381863e-12,0.0154868410900235,0,0,0,0.708851993083954,37951.42578125,21.3021720135111
"ITF63",9.77446269989014,13.9924516677856,24.5662307739258,18.4485244750977,14.7917699813843,4.0012469291687,2.05802822113037,0.713008522987366,4.01201105117798,78.6771240234375,74.7374114990234,71.0008163452148,77.710319519043,0.171104341745377,0.0959447845816612,1.8455262318362e-10,0.0251927431672812,0,1.22596446883172e-10,0,0.565741777420044,137624.359375,57.2364362239421
"ITF64",10.9610433578491,14.9406890869141,25.3069705963135,19.4977989196777,14.3459281921387,4.07749080657959,1.97288596630096,0.732572913169861,4.05118560791016,78.8201065063477,76.7504806518555,73.8701705932617,78.7521286010742,0.172558963298798,0.106313124299049,1.03161007514174e-10,0.0247763637453318,0,0,0,0.474444359540939,81333.8828125,70.8181205506554
"ITF65",11.5578985214233,15.3255910873413,25.7633953094482,19.9785041809082,14.2054967880249,3.008629322052,1.47698509693146,0.495584696531296,3.32268786430359,78.4412231445312,74.6534729003906,69.8928451538086,78.0786819458008,0.0927303582429886,0.046167153865099,1.01414243669495e-09,0.034141581505537,0,0,0,0.429678231477737,364285.21875,115.765715377259
"ITG11",12.5776987075806,16.0673313140869,25.8864440917969,20.8549613952637,13.3087434768677,2.58318257331848,1.36614942550659,0.186957478523254,3.01794934272766,77.3839721679688,70.6937561035156,62.043514251709,74.9592514038086,0.253205269575119,0,0.277555823326111,0.0239764545112848,0,4.50764888265611e-15,0,0.269050568342209,156468.265625,62.743642925378
"ITG12",10.678050994873,14.3122730255127,24.7715530395508,19.1532192230225,14.0935020446777,2.82903504371643,1.56548583507538,0.430963784456253,2.86071133613586,81.0756988525391,71.4651641845703,60.6881294250488,76.1224746704102,0.466067016124725,0,0.224381729960442,0.00776388542726636,0,3.87496143435277e-15,0,0.293045878410339,227081.078125,44.8854578928259
"ITG13",9.62197971343994,13.4716424942017,24.1369781494141,18.2427501678467,14.5149974822998,2.43903732299805,1.23178029060364,0.506058752536774,2.31786847114563,80.4451141357422,71.2035064697266,62.480339050293,76.1791000366211,0.285569310188293,0.129316195845604,0.0978053510189056,0.023099148645997,0,1.56387788342768e-15,0,0.428311616182327,86466.171875,26.0180037419263
"ITG14",11.7568264007568,15.3306493759155,25.6096591949463,20.2142124176025,13.8528318405151,2.57479643821716,1.38046729564667,0.33195623755455,2.75077199935913,79.8786010742188,70.2575531005859,60.5572853088379,75.7565841674805,0.390380382537842,0,0.181763619184494,0.0222636945545673,0,1.79110114191311e-15,0,0.218381404876709,240274.203125,77.9437804034789
"ITG15",11.590573310852,15.2851419448853,25.5873966217041,20.1521263122559,13.996823310852,2.32486867904663,1.15312385559082,0.399598747491837,2.27132415771484,79.9664611816406,69.761100769043,60.5035972595215,75.9983291625977,0.416348546743393,0,0.198626205325127,0.0234003961086273,0,1.90593784549534e-15,0,0.243988767266273,183107.28125,85.1539174773321
"ITG16",10.2922992706299,14.0984296798706,24.6230163574219,18.9098968505859,14.330717086792,2.35578799247742,1.1689977645874,0.479241013526917,2.18710160255432,80.3620376586914,70.3786468505859,61.1842727661133,76.0499801635742,0.357367783784866,0.0694933980703354,0.164846211671829,0.0204725060611963,0,1.84616273040761e-15,0,0.358210653066635,187220,72.0799103537453
"ITG17",10.7574405670166,14.6588106155396,25.069616317749,19.4613189697266,14.3121747970581,2.21301198005676,0.937962174415588,0.400258511304855,2.1823947429657,79.4604263305664,69.7521438598633,60.5050010681152,75.9392471313477,0.381404012441635,0.0895360931754112,0.141717031598091,0.0185615476220846,0,1.09190805472315e-15,0,0.359297275543213,207235.625,58.8246911419925
"ITG18",12.5037260055542,16.1065216064453,26.2171688079834,21.0600337982178,13.7134408950806,2.21753787994385,0.794372737407684,0.262034893035889,2.31341671943665,78.5848846435547,70.5204849243164,61.0862998962402,77.0031509399414,0.329189091920853,0,0.117913618683815,0.0244204364717007,0,6.28264612829689e-16,0,0.173319801688194,135079.75,85.3178735212126
"ITG19",11.9457225799561,15.7519607543945,25.9306602478027,20.6227378845215,13.984938621521,2.18458557128906,0.821305572986603,0.316858768463135,2.20346212387085,78.7033538818359,69.4281311035156,59.5329475402832,76.1898193359375,0.420929461717606,0,0.187595158815384,0.0162289030849934,0,1.54471016310603e-15,0,0.243721500039101,71538.484375,32.8543869016928
"ITG25",10.3524398803711,13.8613510131836,23.9434509277344,18.2170696258545,13.5910110473633,2.82326340675354,2.05852246284485,0.39322030544281,2.87010908126831,79.642219543457,74.8464736938477,65.6599197387695,76.3980255126953,0.252344131469727,0.151966646313667,0.012969609349966,0.0117428209632635,0,1.7642075300639e-10,0,0.362011879682541,238731.609375,55.4422627173777
"ITG26",8.92258358001709,12.3421220779419,22.9775257110596,16.860969543457,14.0549430847168,3.19052171707153,2.35385751724243,0.538958191871643,2.9539623260498,81.098876953125,73.304443359375,59.9957084655762,76.0633850097656,0.236905053257942,0.146404325962067,0.0178210213780403,0.0108446190133691,0,2.02394906390069e-10,0,0.587121605873108,90885.765625,23.0188434221457
"ITG27",10.6883611679077,14.3036212921143,24.6603450775146,18.9870624542236,13.9719848632812,2.51641654968262,2.043616771698,0.354228049516678,2.52188205718994,79.1021423339844,71.0936660766602,58.9572601318359,74.7894668579102,0.175187811255455,0.0613146796822548,0.0350625850260258,0.0249528475105762,0,2.60300133303723e-16,0,0.544309914112091,372536.21875,81.1670085879699
"ITG28",10.4451026916504,13.9946336746216,24.259635925293,18.519079208374,13.8145322799683,2.92922854423523,2.152752161026,0.397590547800064,2.93261456489563,80.4034729003906,73.5719146728516,62.1888580322266,75.6116714477539,0.366962820291519,0.181718274950981,0.0108448145911098,0.0120172761380672,0,2.92829843706599e-10,0,0.408353596925735,117971.1640625,38.4754730874513
"ITG29",8.7811803817749,12.1656284332275,22.6606216430664,16.5772228240967,13.8794403076172,3.01534056663513,2.3633394241333,0.52438622713089,3.16864991188049,79.7822189331055,73.3352813720703,63.0048866271973,76.4579620361328,0.170981094241142,0.124496273696423,0.0253268778324127,0.00912768766283989,0,7.37803390024648e-16,0,0.654838681221008,79443.734375,23.5170027588788
"ITG2A",9.62493515014648,13.0879430770874,23.697774887085,17.7071533203125,14.0728406906128,3.29124045372009,2.50193548202515,0.60000479221344,2.95156860351562,80.7681732177734,72.1965789794922,57.7725944519043,75.649543762207,0.197283044457436,0.104944542050362,0.017873166128993,0.0127274403348565,0,2.68659938046367e-11,0,0.667171716690063,18703.474609375,10.0651366223214
"ITG2B",10.7098808288574,14.3429937362671,24.5698299407959,18.9681606292725,13.8599481582642,2.58565282821655,1.9714732170105,0.303753167390823,2.68644976615906,79.7762069702148,72.3350448608398,60.8696556091309,74.9432067871094,0.351632446050644,0.146027192473412,0.0117674758657813,0.0165588539093733,0,3.46099283522108e-17,0,0.444558352231979,78110.4140625,53.9273523339829
"ITG2C",10.6374177932739,14.396821975708,24.5811500549316,19.1094264984131,13.9437303543091,2.12095212936401,1.66787111759186,0.16708816587925,2.2884156703949,79.7133178710938,71.2308120727539,59.3434104919434,74.8877792358398,0.254192501306534,0.114936172962189,0.0180682577192783,0.0195625107735395,0,0,0,0.575270593166351,70238.0703125,47.3085699591195
"ITH10",-4.7248592376709,1.18590307235718,10.3645868301392,3.99469232559204,15.0894451141357,1.55788898468018,2.37714982032776,3.49988746643066,2.63714456558228,72.860107421875,71.3171157836914,72.3473739624023,76.9817276000977,0.0237148571759462,0.123547077178955,0.0815481245517731,0.0146312993019819,0,0,0.727113783359528,0,439314.375,59.3589345647933
"ITH20",-2.89009165763855,3.72520470619202,13.2333717346191,6.13185596466064,16.1234645843506,1.58711278438568,3.13880085945129,3.17020344734192,3.28719997406006,71.5982131958008,69.8725509643555,70.9427719116211,76.6934280395508,0.0398053526878357,0.0760098099708557,0.0336729027330875,0.0253167729824781,3.00775071159593e-34,0,0.795591711997986,0,659508.1875,106.939274697474
"ITH31",2.43194508552551,11.7483940124512,22.2953395843506,12.8821821212769,19.863395690918,1.74777233600616,2.81630301475525,2.09493231773376,3.06911134719849,77.9440536499023,68.1282043457031,62.5051879882812,76.897087097168,0.387193530797958,0.0758113339543343,0.00496784085407853,0.0453642047941685,0,0,0.443049907684326,0,692011.5625,223.964918082064
"ITH32",1.76570188999176,10.5784406661987,20.810998916626,11.7543210983276,19.045295715332,1.76894426345825,3.02234888076782,2.65123414993286,3.46955871582031,76.3127899169922,69.8596649169922,66.5463027954102,78.0434036254883,0.288983941078186,0.0813794508576393,0.00993212591856718,0.0615808628499508,0,0,0.55696439743042,0,773202.75,286.253195221398
"ITH33",-3.47317171096802,2.9697573184967,12.5286340713501,5.62188720703125,16.0018062591553,1.87571859359741,3.235276222229,3.50119352340698,3.61275172233582,76.1387481689453,74.9372100830078,75.2863845825195,80.4283752441406,0.0591956116259098,0.0776080191135406,0.0465641357004642,0.0160117447376251,0,0,0.799544632434845,0,241527.953125,65.1472548669101
"ITH34",3.30023646354675,12.1097345352173,22.2140941619873,13.1837291717529,18.9138584136963,1.9663188457489,3.22025871276855,3.09621000289917,3.713458776474,77.3687744140625,71.0864334106445,67.3414840698242,77.934814453125,0.467245906591415,0.0522202104330063,0.00158591405488551,0.0765429809689522,0,0,0.376365214586258,0,966679.1875,394.833790483943
"ITH35",5.18413257598877,13.8563709259033,24.0319004058838,15.025785446167,18.8477668762207,2.11445903778076,3.27048897743225,3.04290723800659,3.78487849235535,76.911994934082,70.7138061523438,66.4018478393555,76.7990493774414,0.531870007514954,0.0471857525408268,2.29547467256452e-07,0.0469447113573551,0,0,0.250930637121201,0,352161.09375,173.473478062855
"ITH36",3.72759628295898,13.0407733917236,23.5700035095215,14.1558151245117,19.8424091339111,1.67520117759705,2.64232993125916,2.08539056777954,2.86965990066528,79.3835067749023,68.8217010498047,63.0109481811523,77.1546096801758,0.510603964328766,0.0665712505578995,0.0011575894895941,0.0695766657590866,0,0,0.350832015275955,0,734288.0625,345.26294324685
"ITH37",4.64051485061646,14.0450448989868,24.7445182800293,15.2152433395386,20.10400390625,1.44203162193298,2.04783606529236,1.53494596481323,2.30914402008057,79.5738067626953,67.7112808227539,60.0106353759766,75.8774185180664,0.518269538879395,0.0737293362617493,6.8072669723307e-10,0.0433533973991871,0,0,0.160165339708328,0.095919243991375,310915.8125,186.134397506099
"ITH41",1.66738724708557,9.73125267028809,19.5092906951904,11.3965873718262,17.8419036865234,2.3947422504425,3.81759715080261,3.48096680641174,4.15778684616089,76.4462127685547,72.9710311889648,71.6172180175781,79.0113067626953,0.262326598167419,0.068591758608818,0.0171533823013306,0.0162595249712467,0,0,0.598270297050476,0,235425.546875,103.705253611
"ITH42",1.20640802383423,8.98858070373535,18.8173751831055,10.8564500808716,17.6109676361084,3.15048789978027,4.35985946655273,4.08039045333862,5.483238697052,76.4423446655273,72.0390167236328,70.2058868408203,78.5940399169922,0.200252458453178,0.0625278279185295,0.0249373000115156,0.0206654071807861,0,0,0.601071894168854,0,469074.28125,97.2317678645192
"ITH43",5.73539543151855,13.6746578216553,23.8482151031494,15.1576414108276,18.1128196716309,2.82111024856567,3.48308682441711,3.07602906227112,4.74064445495605,75.5126342773438,69.5622482299805,66.1338806152344,76.4359436035156,0.216373443603516,0.075697273015976,0.00037227850407362,0.0403225757181644,0,0,0.342601418495178,0,59103.0234375,157.157378032614
"ITH44",4.89650392532349,12.6814098358154,22.7275848388672,14.1992931365967,17.8310794830322,3.41298460960388,3.8245804309845,3.39973831176758,5.3424391746521,76.8005752563477,70.0388793945312,67.9224395751953,77.9383239746094,0.0960416421294212,0.114671379327774,1.88196103145799e-09,0.0621920712292194,0,0,0.506993472576141,0,47956.0234375,225.192996014341
"ITH51",3.64111018180847,11.4014806747437,21.8178806304932,13.2426118850708,18.1767692565918,2.34849047660828,3.04693746566772,1.4972140789032,4.08031320571899,78.9076995849609,68.9042053222656,63.2427749633789,78.965705871582,0.306759178638458,0.091384768486023,0.000854267971590161,0.0351338125765324,0,4.10084053096024e-18,0.563598394393921,0.00150798889808357,315364.59375,120.091053750874
"ITH52",3.94413423538208,11.9969043731689,22.6315155029297,13.7867488861084,18.6873817443848,2.4950897693634,3.12747955322266,1.41392469406128,3.9794933795929,79.120002746582,68.9000549316406,62.5328788757324,78.6386260986328,0.349903702735901,0.0930656790733337,0.000246287032496184,0.0392786264419556,0,5.21778754134872e-16,0.231212258338928,0.261463850736618,528987,155.397037177506
"ITH53",3.61793613433838,11.9139070510864,22.7580299377441,13.6696844100952,19.1400928497314,2.24164152145386,2.6636962890625,1.35355412960052,3.29475903511047,79.5160446166992,68.8629531860352,62.2531700134277,78.208137512207,0.371372312307358,0.0825220197439194,0.000218555302126333,0.060385774821043,0,1.22395665308205e-16,0,0.479328244924545,677553,292.492990922872
"ITH54",3.52520823478699,11.7100076675415,22.6313724517822,13.5232954025269,19.106164932251,2.10368490219116,2.34975814819336,1.45472931861877,2.99561929702759,79.5825576782227,68.6588287353516,61.8475875854492,78.0852203369141,0.379963338375092,0.0922710001468658,0.00110697711352259,0.0454139597713947,0,5.76363701308087e-17,0,0.479671239852905,605089.9375,224.902940587756
"ITH55",4.00949287414551,12.3099145889282,23.2561874389648,14.0311393737793,19.2466926574707,1.99382948875427,2.34403228759766,1.39116370677948,2.81844639778137,79.3787002563477,67.3586196899414,59.2653961181641,77.0193405151367,0.391426116228104,0.0874093025922775,0.000530167308170348,0.0433027856051922,0,1.28631662155723e-15,0,0.475595861673355,743141.875,202.567661718722
"ITH56",5.10433101654053,14.4666080474854,25.2741394042969,15.6921119689941,20.169807434082,1.29043424129486,1.68932640552521,1.27727770805359,2.04433441162109,79.5140533447266,66.8661270141602,58.0842170715332,75.2722549438477,0.535266935825348,0.0875821858644485,6.65498878227311e-10,0.0279706828296185,0,0,0,0.208280712366104,338120.875,126.812594098908
"ITH57",5.24080038070679,13.6394300460815,24.3275527954102,15.3270845413208,19.0867519378662,1.70290958881378,1.99029910564423,1.4069527387619,2.58622431755066,78.9313659667969,66.3621826171875,57.728572845459,76.285514831543,0.435653507709503,0.0868240520358086,0.000431769556598738,0.0384484976530075,0,0,0,0.314748048782349,343246.59375,181.371182279365
"ITH58",4.51124048233032,11.9750566482544,22.6920833587646,14.0787944793701,18.1808414459229,1.87509322166443,2.08808636665344,1.46880662441254,2.89223074913025,79.3264083862305,67.7465133666992,59.846435546875,77.6382522583008,0.332382649183273,0.0778595358133316,0.000924544525332749,0.0351754203438759,0,0,0,0.470257341861725,379361.59375,161.062729822703
"ITH59",4.43536567687988,11.3096199035645,22.1874771118164,13.6662874221802,17.7521114349365,1.9940904378891,2.09896898269653,1.51484310626984,3.06345796585083,79.7077713012695,69.0555419921875,61.1620979309082,78.0419921875,0.366292268037796,0.092922642827034,0.00176452996674925,0.0272167380899191,0,1.53251161760792e-10,0,0.449014037847519,97800.75,113.524302546994
"ITI11",4.28284502029419,10.0347175598145,20.3034534454346,12.8289432525635,16.0206089019775,3.5978856086731,3.40627694129944,1.35281157493591,5.19430637359619,77.6960678100586,72.8942108154297,69.8400955200195,80.3882217407227,0.0307110454887152,0.0320844016969204,0.000349760317476466,0.0328919030725956,0,0,0.311533898115158,0.47535914182663,117140.9765625,100.666697785305
"ITI12",3.7829442024231,9.76858997344971,20.2086200714111,12.5257444381714,16.4256763458252,2.92378902435303,2.83349514007568,1.48515057563782,4.21479034423828,78.4810943603516,72.5370178222656,68.9534683227539,80.0625228881836,0.160154014825821,0.0600870177149773,0.000449508603196591,0.0393320173025131,0,0,0.151804283261299,0.580617070198059,196969.34375,109.29937694799
"ITI13",5.15219068527222,11.4727449417114,21.9218082427979,14.0726528167725,16.7696170806885,2.51074409484863,2.55790233612061,1.61068904399872,3.64820241928101,78.4159698486328,72.033073425293,68.1691436767578,79.3002853393555,0.288515597581863,0.075249433517456,0.000825777242425829,0.0503574311733246,0,1.18727205318316e-16,0.28620782494545,0.298820555210114,220651.640625,233.427873519198
"ITI14",5.32816123962402,12.0110836029053,22.6426372528076,14.3440990447998,17.3144760131836,2.32350611686707,2.52722239494324,1.59894585609436,3.32707643508911,78.8421630859375,70.7162246704102,64.6197280883789,78.3698272705078,0.277934521436691,0.0658944323658943,0.000228627483011223,0.0671902000904083,0,4.43389851803206e-16,0.0662371590733528,0.522116184234619,1225333.25,345.51749848958
"ITI15",5.06121921539307,11.9090881347656,22.6339626312256,14.1507396697998,17.5727443695068,2.38985824584961,2.61765217781067,1.63229715824127,3.35073161125183,78.7966461181641,70.2484588623047,63.654914855957,78.2011184692383,0.257604211568832,0.0714132934808731,0.000199471935047768,0.073167972266674,0,1.15303641082324e-15,0.00933533255010843,0.5880526304245,130833.9453125,385.75553718678
"ITI16",9.27505016326904,13.7037372589111,23.4809455871582,17.2785320281982,14.2058954238892,2.2100076675415,2.13619804382324,1.06890058517456,3.06398820877075,74.5142135620117,73.507209777832,71.963005065918,76.0381851196289,0.166337639093399,0.0546345263719559,0.00526444287970662,0.0129412701353431,0,0,0,0.446859240531921,23243.92578125,18.46283853989
"ITI17",7.35040235519409,12.9942693710327,23.1914939880371,15.9039936065674,15.8410930633545,2.26819562911987,2.39172649383545,1.40879988670349,3.33959007263184,77.2298736572266,72.6735534667969,69.6021499633789,78.0475006103516,0.297943234443665,0.071582593023777,0.0046209879219532,0.0381930135190487,0,1.60258152821783e-19,0.203786358237267,0.365189731121063,302002.4375,123.169674441655
"ITI18",4.44090843200684,10.5526809692383,21.269100189209,13.1782417297363,16.8281917572021,2.06860613822937,2.25121831893921,1.43367910385132,3.26689624786377,79.6980361938477,70.502685546875,63.338005065918,78.8534469604492,0.27019676566124,0.0716626569628716,0.000649471126962453,0.0240701772272587,0,1.15296166430155e-18,0.180967375636101,0.448338359594345,280206.625,87.5458337616401
"ITI19",7.22222137451172,13.0096626281738,23.5443000793457,15.7220401763916,16.3220767974854,2.07609844207764,2.18120813369751,1.32713282108307,3.25545310974121,78.6680068969727,70.8203964233398,63.7163047790527,77.9680938720703,0.350985735654831,0.0925897136330605,0.000737416150514036,0.0275386143475771,0,4.12164855705403e-16,0.125540748238564,0.393466234207153,304660.78125,79.5891982510333
"ITI1A",8.36225128173828,13.6849193572998,24.0334300994873,16.8845729827881,15.671178817749,2.05683922767639,2.05329203605652,0.910983443260193,3.11464953422546,77.2855606079102,72.4289169311523,66.5589981079102,77.3727188110352,0.369060605764389,0.113446235656738,0.00152584200259298,0.0190682057291269,0,1.2492599094967e-16,0,0.432408064603806,155270.046875,34.4486458320921
"ITI21",5.36936664581299,11.3757801055908,22.3770523071289,14.1592502593994,17.0076866149902,2.12133097648621,2.234534740448,1.41184222698212,3.30558347702026,79.394645690918,70.3390502929688,61.1052284240723,77.2824096679688,0.300633937120438,0.0887389108538628,0.00158694933634251,0.0237641874700785,0,2.16876377967523e-10,0.171443477272987,0.397618234157562,640286.25,100.995270174318
"ITI22",7.19557189941406,13.0421667098999,23.8854713439941,15.9806222915649,16.6898994445801,2.1881468296051,2.25100684165955,1.21802389621735,3.40922570228577,79.0462188720703,71.3307342529297,61.5097045898438,77.0199203491211,0.37954306602478,0.0924097672104836,0.00139051547739655,0.0198429357260466,0,2.40981151700126e-10,0,0.500289559364319,182295.234375,86.8076180464362
"ITI31",4.72729301452637,11.4190311431885,22.3939571380615,13.8588161468506,17.6666660308838,2.12907576560974,2.18736433982849,1.55967402458191,3.16011953353882,79.7537460327148,69.6786651611328,61.5561866760254,77.8466644287109,0.414210379123688,0.0922428220510483,0.00101394823286682,0.0257221385836601,0,2.79721829032908e-10,0,0.415560036897659,308050.59375,121.083240471466
"ITI32",5.04880475997925,11.3026733398438,22.3846740722656,13.9638519287109,17.3358688354492,2.0699028968811,2.12857055664062,1.58488702774048,3.0488703250885,79.2392349243164,69.7509689331055,60.8361473083496,77.1076431274414,0.396516710519791,0.0946540236473083,7.0764016868452e-10,0.0196665246039629,0,5.07580748265735e-11,0,0.443765968084335,103437.6796875,52.6097333460617
"ITI33",5.08808326721191,11.2719736099243,22.2685489654541,14.030104637146,17.1804656982422,1.91218543052673,1.97247326374054,1.51818954944611,2.90270018577576,78.2346954345703,69.7974624633789,61.3113594055176,76.6980133056641,0.40041720867157,0.0817768648266792,0.000688194297254086,0.0180148221552372,0,2.94119416321958e-11,0,0.437727391719818,263086.875,94.4921513634796
"ITI34",4.42356538772583,10.3427171707153,21.3061752319336,13.499490737915,16.8826084136963,2.09371399879456,1.89182484149933,1.38239574432373,2.98263001441956,77.4949111938477,71.4879379272461,66.3173141479492,77.4069290161133,0.254641860723495,0.0640517473220825,0.00248347083106637,0.0224569160491228,0,5.68342725312809e-12,0,0.567823827266693,129281.734375,104.071671938706
"ITI35",6.41988372802734,12.7458429336548,23.4534873962402,15.4468870162964,17.0336036682129,1.85416805744171,1.74239921569824,1.50903570652008,2.57105469703674,76.0802230834961,70.9481964111328,64.0355911254883,75.8678970336914,0.302353292703629,0.0477944239974022,0.000953547831159085,0.0231433566659689,0,4.1649059201454e-11,0,0.284094661474228,96295.34375,112.739178322359
"ITI41",8.61416149139404,13.98890209198,24.6634941101074,17.2733173370361,16.0493335723877,2.54666090011597,2.3145260810852,0.936619758605957,4.00316429138184,78.2938690185547,72.7784042358398,65.5708389282227,77.9214324951172,0.390642315149307,0.100845463573933,0.00132405234035105,0.0172515958547592,0,1.01267362822167e-15,0,0.360217779874802,325019.375,89.3712275158813
"ITI42",5.40047264099121,11.0079307556152,22.06662940979,14.304762840271,16.6661567687988,2.39932489395142,2.3123025894165,1.25676918029785,3.61846590042114,77.7150955200195,71.8033905029297,63.1157760620117,76.7617416381836,0.23530912399292,0.086424894630909,0.00278254598379135,0.0180131904780865,0,5.75044838135863e-11,0.18893438577652,0.465467393398285,268496.84375,97.2434066691346
"ITI43",8.92293453216553,14.255618095398,24.7614078521729,17.6733131408691,15.8384742736816,2.89736127853394,2.35998678207397,0.927749216556549,4.89544820785522,77.317497253418,73.345817565918,66.4968490600586,77.3255767822266,0.335951954126358,0.0771681591868401,0.000625942659098655,0.109998352825642,0,1.86952559315878e-16,0.0662007480859756,0.296732068061829,2755371,509.489548799224
"ITI44",9.25470542907715,14.601390838623,24.9627628326416,18.0325164794922,15.7080574035645,3.14221525192261,2.41850137710571,0.933431565761566,4.10543775558472,77.160026550293,73.9916076660156,68.1914367675781,77.4737854003906,0.307677239179611,0.08621896058321,0.000462272088043392,0.117557235062122,0,8.87031975649322e-11,0.0879856869578362,0.272601008415222,589973.1875,259.81990803296
"ITI45",8.59176826477051,14.3521337509155,24.7686901092529,17.6198692321777,16.1769237518311,3.10981488227844,2.43537473678589,1.10055363178253,3.68660497665405,78.5229797363281,74.0136413574219,67.4253540039062,78.2310180664062,0.236457020044327,0.085329182446003,0.00127326184883714,0.0527904629707336,0,4.97796005805018e-11,0.496368169784546,0.0611159391701221,336243.53125,105.033748493616
"LI000",-0.33376345038414,6.43452262878418,15.2335109710693,8.2906322479248,15.5672740936279,3.94977974891663,4.36425065994263,5.4673867225647,3.63467597961426,77.8763961791992,73.7928085327148,76.1993103027344,79.104866027832,0.0955659821629524,0.129727587103844,0.063504658639431,0.0451908521354198,0.000710449006874114,0,0.661923885345459,0,38069.0859375,238.542402587468
"LT011",-2.93447113037109,7.67555809020996,18.0768795013428,8.21473503112793,21.0113506317139,1.93779563903809,1.98298537731171,2.81842494010925,2.04968190193176,86.3334274291992,73.2478713989258,74.3007431030273,84.0041809082031,0.305929899215698,0.0111760627478361,0.000326850946294144,0.0212101079523563,0.000145206649904139,0.0452323779463768,0.129375994205475,0.474306672811508,697004.75,71.8706191995955
"LT021",-2.5369815826416,7.92971277236938,18.2552146911621,8.55123329162598,20.7921962738037,1.83741879463196,1.9610937833786,2.93111705780029,1.92729020118713,86.3618774414062,73.8552780151367,74.3733520507812,83.9101104736328,0.265602082014084,0.019653232768178,1.15999228000874e-05,0.0069374036975205,0,0.190572693943977,0,0.497241258621216,110851.875,20.4471578643832
"LT022",-2.48670387268066,7.8163743019104,18.1109218597412,8.50325870513916,20.5976257324219,1.86390364170074,1.84658777713776,2.84287261962891,2.07497215270996,85.6601257324219,72.8070297241211,74.2716369628906,83.6325302124023,0.39571750164032,0.0224000215530396,0.000422467885073274,0.0128126703202724,6.93003357810085e-06,0.0400405526161194,0.0214879065752029,0.499270290136337,390952.96875,48.6760563056107
"LT023",-1.14816474914551,7.31636810302734,17.7310771942139,9.42976379394531,18.8792419433594,2.65362000465393,1.70823168754578,3.06140327453613,3.39264941215515,85.5104293823242,75.1106338500977,76.2196273803711,83.4068145751953,0.349297016859055,0.0562404133379459,0.00413170410320163,0.0138363800942898,0.000424401718191803,0.0524924956262112,0.419251263141632,0.028478829190135,230950.546875,48.0057699331864
"LT024",-2.26323103904724,7.90078115463257,18.0876216888428,8.62598037719727,20.35085105896,1.83057248592377,1.7963947057724,2.93570303916931,2.02584481239319,85.9983139038086,73.5186080932617,74.7371139526367,83.7826385498047,0.440787017345428,0.0415904261171818,0.000249964534305036,0.0146196465939283,9.57004340307321e-06,0.0147355003282428,0.0296179484575987,0.452848494052887,177149.4375,40.0898335815665
"LT025",-2.84453964233398,7.44172048568726,17.9083690643311,8.25256729125977,20.7529106140137,1.80127096176147,1.82202517986298,2.74572968482971,2.00513124465942,85.0794677734375,71.7756805419922,73.4895401000977,83.1303863525391,0.401556134223938,0.031078614294529,0.00101168965920806,0.00741528812795877,6.82806494296528e-05,0.135890901088715,0.0236842799931765,0.396242678165436,177765.28125,22.6857356729245
"LT026",-2.28594636917114,7.34527540206909,17.7769660949707,8.53203678131104,20.0629119873047,1.69441258907318,1.6739649772644,2.74084281921387,2.13831090927124,86.0953826904297,73.1308135986328,74.9189987182617,84.176383972168,0.445742040872574,0.0543476119637489,0.000942745478823781,0.00803056545555592,8.2645368820522e-05,0.0419107191264629,0.16074027121067,0.286487013101578,211428.84375,24.7009415606711
"LT027",-2.02463269233704,7.67704772949219,17.8647556304932,8.74623012542725,19.8893909454346,2.36893463134766,1.83939564228058,3.13616514205933,2.68348336219788,86.5832443237305,74.2114944458008,75.8583297729492,84.4932098388672,0.361854285001755,0.0432761907577515,0.00091182894539088,0.00574712734669447,0.000197842178749852,2.13022946504715e-10,0.534717440605164,0.0518966987729073,105290.171875,24.1217648823895
"LT028",-1.82263612747192,7.18237495422363,17.5906887054443,8.80545043945312,19.4133262634277,2.42815780639648,1.77836775779724,2.99604511260986,2.96524691581726,86.8704986572266,74.5943374633789,76.4420776367188,84.8947219848633,0.353212624788284,0.0518760904669762,0.00235251220874488,0.00686794146895409,0.000388530228519812,0,0.581181764602661,0,100108.6171875,23.2617842045253
"LT029",-3.29890203475952,7.2856125831604,17.8227996826172,7.90784502029419,21.1217002868652,1.90643584728241,1.95258343219757,2.75610208511353,2.02469062805176,86.0254364013672,72.7220077514648,74.2911529541016,84.0360107421875,0.29830014705658,0.0247507281601429,0.00482427189126611,0.00425315694883466,0.000233693994232453,0.0781543329358101,0.209912091493607,0.353222101926804,110815.5859375,15.5537602461244
"LU000",2.42773532867432,9.87554264068604,18.3499889373779,11.0768957138062,15.9222545623779,3.13042259216309,2.42448234558105,2.20979428291321,2.11914873123169,87.7870788574219,74.9951705932617,72.1709365844727,81.8889999389648,0.146110534667969,0.0411032289266586,0.000404946797061712,0.0792281031608582,5.6669841042023e-10,0,0.733153164386749,0,543451.0625,208.060842566941
"LV003",-1.063511967659,6.54300546646118,17.3346004486084,9.31190586090088,18.3981113433838,2.16193723678589,1.61685657501221,2.82296967506409,2.90896606445312,85.2289352416992,75.4600448608398,76.7526397705078,83.3254318237305,0.189269289374352,0.0596302263438702,0.0107843521982431,0.00467351172119379,9.39411256695166e-05,0.545981228351593,0.0492296479642391,0.0994643047451973,198081.765625,14.6058804034599
"LV005",-3.96510434150696,6.80338621139526,17.7671318054199,7.5155987739563,21.7322330474854,1.88211977481842,1.84379649162292,2.60364890098572,1.95719158649445,85.5845947265625,71.7895660400391,74.3069915771484,83.9911651611328,0.218253314495087,0.076454870402813,0.00789822265505791,0.00470951618626714,0.000175331791979261,0.49230346083641,0.0524633973836899,0.122136883437634,186309.15625,12.8557039622398
"LV006",-2.26333570480347,7.12847995758057,17.6965026855469,8.54318809509277,19.9598388671875,1.80799221992493,1.69325888156891,2.7940890789032,2.20045709609985,85.2132873535156,73.1297607421875,74.4626007080078,83.0200042724609,0.166129484772682,0.0668525919318199,0.00683226715773344,0.0274552833288908,0,0.582824289798737,0,0.136252164840698,60786.52734375,202.341627368627
"LV007",-2.49554753303528,6.69008684158325,17.5935688018799,8.46806049346924,20.0891170501709,2.1197612285614,1.77451634407043,2.84728908538818,2.45769429206848,86.1794281005859,73.90087890625,75.6662673950195,84.0894317626953,0.163604572415352,0.0697478950023651,0.00652692234143615,0.00882725790143013,0.00073191529372707,0.431048035621643,0.224894642829895,0.0836619734764099,440779.625,43.6826293515399
"LV008",-3.59839868545532,6.45795679092407,17.4500331878662,7.66891527175903,21.0484313964844,2.07127833366394,1.81432914733887,2.69075465202332,2.18642115592957,86.4039001464844,72.9267349243164,75.1781768798828,84.5470352172852,0.141112715005875,0.0622234866023064,0.00407296093180776,0.00574434781447053,0.000858242332469672,0.420460730791092,0.26487398147583,0.0917023345828056,181151,11.8989154510322
"LV009",-2.7519702911377,7.04832601547241,17.6713752746582,8.24527168273926,20.4233436584473,1.89778864383698,1.78102600574493,2.70580315589905,2.14376544952393,85.5540313720703,72.6659088134766,74.4980773925781,83.631706237793,0.250210136175156,0.0791160389780998,0.00583196105435491,0.00747976265847683,0.000760641414672136,0.271997898817062,0.253059595823288,0.123843915760517,403807.6875,37.8676915834153
"MC",7.7338547706604,12.5242595672607,22.2401676177979,15.7549505233765,14.5063123703003,3.21948289871216,2.56905198097229,1.06741333007812,5.08479404449463,71.4056777954102,72.0861511230469,72.8250350952148,77.2882766723633,0.00942212715744972,0.02366803586483,0.00858219247311354,0.0537245124578476,0,0,0.568982541561127,0,6542.1328125,414.810537908153
"MEG125350",-2.07629203796387,6.31523180007935,17.3079242706299,8.62746334075928,19.3842163085938,5.68766593933105,4.18993234634399,2.15324258804321,5.96560764312744,81.0919952392578,73.6673736572266,67.8145751953125,76.9772796630859,0.102204330265522,0.0736824795603752,0.0568863898515701,0.00454513356089592,0,0,0.762681663036346,0,8968.49609375,25.9990652834407
"MEG125351",6.57079029083252,14.0308818817139,25.3380527496338,16.6697044372559,18.7672634124756,5.82776260375977,4.07631540298462,1.54771852493286,6.24787855148315,73.2590255737305,68.5729370117188,61.9506340026855,70.7102890014648,0.19060280919075,0.296814233064651,0.000987519626505673,0.0226175040006638,0,0,0.272956937551498,0,74912.6875,114.970235807683
"MEG125352",-1.95573568344116,6.536057472229,17.5043506622314,8.78821468353271,19.4600868225098,5.07856178283691,3.79938626289368,2.11092400550842,5.32842826843262,81.005859375,73.1042633056641,67.6236953735352,76.842155456543,0.108643569052219,0.108576878905296,0.0604823492467403,0.00873347464948893,0,0,0.713563740253448,0,29929.912109375,41.9903623872951
"MEG125353",-0.279594600200653,8.43802833557129,19.3211479187012,10.4471645355225,19.6007423400879,3.68073034286499,3.10870218276978,2.47045254707336,4.13858222961426,81.0312194824219,72.4197387695312,69.0959854125977,77.1080474853516,0.186121538281441,0.134089022874832,0.0146636236459017,0.0052232937887311,0,0,0.659902513027191,0,29772.490234375,29.7397101001796
"MEG125355",1.98825407028198,9.59121131896973,20.6857662200928,12.1383476257324,18.6975116729736,7.75171995162964,5.32464933395386,2.06919240951538,7.67334508895874,76.2429351806641,70.7362899780273,64.3169021606445,74.0631332397461,0.230950206518173,0.215139657258987,0.0983166694641113,0.0114382207393646,0,0,0.401907920837402,0,24826.72265625,27.439396595475
"MEG125356",0.391168981790543,8.26097011566162,19.3681564331055,10.8081874847412,18.9769859313965,6.84428119659424,4.90452480316162,2.13033866882324,6.95484113693237,78.3112564086914,71.7704696655273,65.076286315918,74.8821334838867,0.150317698717117,0.179895341396332,0.112107612192631,0.00463412702083588,0,0,0.533171713352203,0,12010.5595703125,22.8080904382485
"MEG125357",2.18214440345764,9.6455545425415,20.7084732055664,12.2415027618408,18.5263290405273,7.36548662185669,5.17159223556519,2.05554914474487,7.26775693893433,75.8278198242188,70.7259368896484,64.3174133300781,74.2002639770508,0.222925409674644,0.246458664536476,0.0909375250339508,0.00842190906405449,0,0,0.379368871450424,0,2865.9697265625,17.2386941912588
"MEG125358",-0.941533029079437,7.15254592895508,18.2130336761475,9.61824703216553,19.1545677185059,6.41438913345337,4.66671276092529,2.17696809768677,6.58519268035889,79.7408676147461,72.6869201660156,66.2298431396484,75.8905792236328,0.122780352830887,0.134693175554276,0.10185182094574,0.00280652241781354,0,0,0.637868106365204,0,13150.5517578125,14.9028168703721
"MEG125359",0.908580601215363,8.54519748687744,19.5896587371826,11.0707321166992,18.6810779571533,8.20501613616943,5.61876440048218,2.19205498695374,8.00919437408447,76.9459609985352,71.2459945678711,64.8744049072266,74.8530960083008,0.24045629799366,0.195896625518799,0.121248014271259,0.0088043138384819,0,0,0.43228954076767,0,4389.01025390625,20.3141790957817
"MEG125360",-1.03475093841553,7.23424816131592,18.2000198364258,9.54504108428955,19.234769821167,5.24185132980347,4.01569652557373,2.33029794692993,5.59436321258545,80.5588760375977,72.7948608398438,67.5275955200195,76.556884765625,0.13022518157959,0.119299724698067,0.0607970803976059,0.00344894221052527,0,0,0.686229109764099,0,5458.30078125,17.2106834541577
"MEG125361",0.582806348800659,8.2907133102417,19.3342056274414,10.8146209716797,18.7513980865479,7.62102890014648,5.33144092559814,2.20894837379456,7.54490089416504,77.604621887207,71.4604339599609,65.0260467529297,74.9895248413086,0.206424579024315,0.185301586985588,0.115897752344608,0.00694701028987765,0,0,0.481480419635773,0,48512.21875,23.8950349664366
"MEG125362",-1.90137696266174,6.58214902877808,17.5513401031494,8.84025859832764,19.4527149200439,5.06418371200562,3.78213620185852,2.09610342979431,5.32234048843384,80.8642272949219,72.9478149414062,67.4282684326172,76.6930618286133,0.11075459420681,0.110977157950401,0.0584968030452728,0.00914910901337862,0.00655185896903276,0,0.703794300556183,0,21439.6953125,43.4270387686424
"MEG125363",-0.988085329532623,7.3628306388855,18.1828708648682,9.51703834533691,19.170955657959,3.63497376441956,3.17571353912354,2.60489416122437,4.25906133651733,81.4908599853516,72.5587768554688,68.8390502929688,77.1706390380859,0.125824689865112,0.103627577424049,0.0117015661671758,0.00334301474504173,0.00105631502810866,0,0.754446864128113,0,15965.7890625,12.5121015093232
"MEG125364",-0.916739881038666,6.97562885284424,17.8780879974365,9.3946943283081,18.7948265075684,5.06632089614868,4.1302490234375,2.50807404518127,5.51997947692871,80.7478103637695,71.9563217163086,65.751579284668,75.789306640625,0.0921433791518211,0.104621104896069,0.0717286095023155,0.00256942491978407,0,0,0.728832840919495,0,6208.9609375,7.36836145901247
"MEG125365",3.23169136047363,10.973385810852,22.1706600189209,13.5360326766968,18.9389686584473,6.08368492126465,4.33296298980713,1.82307112216949,6.39744806289673,76.1146392822266,70.3736190795898,63.8146743774414,72.9821929931641,0.160753503441811,0.224168613553047,0.0445465631783009,0.0139017067849636,0.0020815315656364,0,0.434469819068909,0,125535.4140625,79.3872268719655
"MEG125366",-1.55322587490082,7.27334356307983,18.1601753234863,9.32492351531982,19.713399887085,3.04490113258362,2.49544191360474,1.96963346004486,3.20103192329407,80.7182693481445,71.2241973876953,66.9864044189453,76.3910522460938,0.130142763257027,0.225081354379654,0.0724884569644928,0.0227173939347267,0,0,0.549570024013519,0,39214.27734375,95.1742571292519
"MEG125367",-0.706561744213104,7.37285757064819,18.3549194335938,9.77264308929443,19.0614795684814,5.53354406356812,4.23273420333862,2.36341953277588,5.87070846557617,80.1179122924805,72.4048690795898,66.7392883300781,76.0956573486328,0.127583593130112,0.137700125575066,0.0793207883834839,0.00251288479194045,0,0,0.652875900268555,0,5510.41748046875,10.2382858011586
"MEG125369",6.57079076766968,14.0308828353882,25.3380527496338,16.6697044372559,18.7672634124756,5.82776260375977,4.07631540298462,1.54771852493286,6.24787855148315,73.2590255737305,68.5729370117188,61.9506340026855,70.7102813720703,0.19060280919075,0.296814262866974,0.000987519626505673,0.0226175040006638,0,0,0.272956937551498,0,12378.5947265625,46.9115489474739
"MEG125370",-1.14209043979645,7.17526149749756,18.002269744873,9.35460376739502,19.144359588623,3.733234167099,3.23020601272583,2.60321307182312,4.38185787200928,81.5693664550781,72.7927093505859,68.9158020019531,77.2865524291992,0.127442434430122,0.103909887373447,0.0125638730823994,0.00336314528249204,0,0,0.752720654010773,0,5314.27294921875,11.9870432023411
"MK001",1.92997252941132,11.4923105239868,22.6694488525391,13.3757982254028,20.7394790649414,1.55262100696564,1.68820977210999,1.38948488235474,2.0003674030304,77.4621124267578,63.3456878662109,50.8671913146973,68.1663513183594,0.196276441216469,0.30622535943985,0.142134696245193,0.0082966610789299,0,0.13196749985218,0,0.215099290013313,214990.40625,52.5520246549532
"MK002",1.58542513847351,11.096061706543,22.0485057830811,13.0468969345093,20.4630794525146,1.47686195373535,1.77672970294952,1.6534149646759,1.89602506160736,76.9557342529297,65.3117904663086,55.8049583435059,69.52783203125,0.204461082816124,0.283689171075821,0.0770736858248711,0.00502670742571354,0,0.170980215072632,0,0.258769065141678,128737.8828125,36.1895002584579
"MK003",0.793064117431641,9.3461275100708,20.3268814086914,11.6711196899414,19.5338172912598,2.30022573471069,2.10972046852112,1.46177971363068,2.91336941719055,81.8578872680664,70.3086624145508,61.6639595031738,74.2049560546875,0.104281105101109,0.170417055487633,0.061635211110115,0.0146390479058027,0.000328410445945337,0.0913522467017174,0.390720278024673,0.109781347215176,285663.625,80.1472997620441
"MK004",2.42819619178772,11.7327661514282,22.9839515686035,13.808295249939,20.5557556152344,1.7995433807373,1.78528881072998,1.31323218345642,2.08388614654541,77.1846084594727,65.6724090576172,53.5889701843262,69.2513580322266,0.242617815732956,0.263061255216599,0.0452212803065777,0.005478385835886,0,0.207288801670074,0,0.231479555368423,119348.1171875,43.3649567849991
"MK005",1.42883706092834,10.4572582244873,21.5381450653076,12.611647605896,20.1093101501465,1.84876143932343,1.79493844509125,1.26883399486542,2.37476778030396,80.4041213989258,67.3977432250977,56.0588798522949,71.285270690918,0.221076861023903,0.192019149661064,0.13899202644825,0.00768785551190376,0,0.199720606207848,0.0215992424637079,0.20200090110302,216356.15625,44.2477639119888
"MK006",-0.431667029857635,8.52544498443604,19.4596099853516,10.5857419967651,19.8912773132324,2.50677824020386,2.33003425598145,1.79516422748566,3.08203959465027,81.4995269775391,70.7589111328125,63.0752449035645,74.8676605224609,0.115672886371613,0.294476956129074,0.0370608493685722,0.0244738608598709,0,0.0530085414648056,0.377217650413513,0.0966174080967903,327315.65625,134.821047156079
"MK007",1.07398104667664,10.4397811889648,21.1368293762207,12.2184181213379,20.0628490447998,1.55280041694641,1.81340503692627,1.84734261035919,1.84936857223511,77.4926147460938,65.3112640380859,57.2591552734375,70.2932357788086,0.234772428870201,0.221360236406326,0.0453637279570103,0.0117406789213419,0,0.0995155274868011,0,0.38724747300148,127423.109375,55.3487675778385
"MK008",0.961994588375092,10.4898920059204,21.4684104919434,12.2693710327148,20.5064144134521,1.69486904144287,1.84339022636414,1.72549915313721,2.24943494796753,78.7114410400391,65.8217391967773,56.4890251159668,70.7754745483398,0.195011779665947,0.266882330179214,0.0824039131402969,0.0271892845630646,0,0.135756701231003,0,0.292755991220474,254730.3125,142.87691772819
"NL11",2.89189171791077,9.1999626159668,16.8613452911377,10.9383115768433,13.9694538116455,2.57999491691589,2.00435948371887,2.81890630722046,2.56144714355469,87.0604858398438,77.284912109375,78.4891052246094,84.00048828125,0.243574976921082,0.198380917310715,3.46543926887932e-09,0.0524564795196056,0,3.63884211651566e-09,0,0.382921516895294,506252.25,213.158042678579
"NL12",3.62185454368591,9.13970375061035,16.8435955047607,11.346643447876,13.2217397689819,2.72681355476379,2.07042264938354,2.79250168800354,2.72412705421448,85.9421844482422,78.4242630004883,78.9433746337891,83.0242233276367,0.187864974141121,0.260104238986969,0.00148274004459381,0.0457151532173157,0,4.08968331422344e-10,0.116024442017078,0.140442654490471,583450.5,148.187159270766
"NL13",3.15828633308411,9.44284057617188,17.0756950378418,11.0913639068604,13.9174089431763,2.64062929153442,2.09473657608032,2.65330219268799,2.43720149993896,86.9728546142578,76.1922073364258,77.2479400634766,83.4333190917969,0.273512333631516,0.199519336223602,2.29929519868222e-09,0.0474582053720951,0,1.90592230886466e-09,0.134622469544411,0.315612733364105,519471.40625,192.145712686731
"NL21",3.54641222953796,9.77914810180664,17.3542041778564,11.3202981948853,13.8077926635742,2.64498400688171,2.11542701721191,2.62223744392395,2.38247990608215,86.4694290161133,75.2523651123047,75.7676849365234,82.8670349121094,0.252765476703644,0.19899682700634,4.01554078877098e-09,0.0672334805130959,0,1.07764341894523e-09,0.113734051585197,0.355135947465897,957739.125,278.641510233279
"NL22",3.76472973823547,9.9628734588623,17.6735725402832,11.477689743042,13.908842086792,2.73088645935059,2.13162899017334,2.54538798332214,2.36819839477539,86.1088714599609,74.8980560302734,74.9951553344727,82.4140167236328,0.232523545622826,0.11129130423069,1.8695449632844e-09,0.10234273225069,0,2.41574760195817e-10,0.00297507178038359,0.545903623104095,2079243,407.356104184423
"NL23",3.89563393592834,9.42146682739258,17.1823043823242,11.6520357131958,13.2866697311401,2.83460736274719,2.15136051177979,2.7851459980011,2.68483281135559,85.5427627563477,77.6317596435547,77.9521560668945,82.4805068969727,0.233410134911537,0.157965674996376,2.49782616812411e-09,0.0885906144976616,0,1.59973284619142e-10,0.0655077546834946,0.201583668589592,885178.6875,371.983325274395
"NL31",3.84981751441956,9.71117115020752,17.4414596557617,11.5734376907349,13.5916423797607,2.81672406196594,2.10200905799866,2.60434174537659,2.6506199836731,85.9769668579102,76.810920715332,76.978645324707,82.9736709594727,0.308792263269424,0.0982285067439079,1.6677673686516e-09,0.201140150427818,0,2.77364882363823e-13,0.1542579382658,0.152339905500412,1400529.75,957.814259344198
"NL32",4.09111070632935,9.33791351318359,17.1159229278564,11.9828186035156,13.0248117446899,3.04145121574402,2.14247298240662,2.75713753700256,3.01323056221008,84.8003387451172,78.8717727661133,78.866081237793,81.7606430053711,0.314534455537796,0.0948988646268845,8.97484531137138e-10,0.122397817671299,0,4.35751288567834e-13,0.049715481698513,0.0754137188196182,2056546.375,608.665241718481
"NL33",4.20332145690918,9.81686210632324,17.6113033294678,11.8848514556885,13.4079809188843,2.71245265007019,1.9427342414856,2.4613184928894,2.61392450332642,85.6476440429688,76.8564758300781,76.0529174804688,81.9462203979492,0.20157590508461,0.103452861309052,1.41784095575304e-09,0.174552068114281,0,2.89734874980851e-10,0,0.439006447792053,2319200.5,722.115410197212
"NL34",4.4570689201355,10.166690826416,18.2022438049316,12.4731292724609,13.7451753616333,2.62374234199524,1.92317235469818,2.36817479133606,2.36705040931702,85.555549621582,76.4189529418945,75.2964096069336,81.4961395263672,0.200503870844841,0.129130199551582,2.05473105197029e-09,0.123487941920757,0,4.30487645530775e-10,0,0.413190811872482,728223.125,393.293844004687
"NL41",4.02538967132568,10.1744518280029,18.0050945281982,11.7898769378662,13.9797048568726,2.64669179916382,2.01130032539368,2.34426307678223,2.25686883926392,85.4826507568359,74.71337890625,73.9792709350586,81.3103637695312,0.17901711165905,0.101394563913345,9.7097030415938e-10,0.129152253270149,0,1.01053353185332e-10,0,0.573104918003082,2915196.5,575.549153474232
"NL42",3.77711987495422,10.4625329971313,18.4095973968506,11.9503545761108,14.6324787139893,2.6839747428894,2.17233085632324,2.39538025856018,2.04548668861389,84.9725189208984,73.2620162963867,72.2919158935547,80.0176849365234,0.167257368564606,0.0659317001700401,6.14593376191408e-10,0.114738069474697,0,8.8749278759348e-11,0,0.652072906494141,1063780.375,486.136766154735
"NO011",-3.68452787399292,5.23175287246704,15.5756645202637,6.73228979110718,19.2601928710938,2.34611988067627,2.23668909072876,2.88774657249451,3.31472229957581,84.9129486083984,70.8349990844727,71.7963943481445,82.3884658813477,0.0584792420268059,0.0228267665952444,0.000106241328467149,0.112166829407215,0.198630377650261,0,0.493366658687592,0,208752.734375,457.718065319748
"NO012",-3.72665286064148,5.35631465911865,15.604495048523,6.7295503616333,19.331148147583,2.19843554496765,2.03199219703674,2.81130743026733,3.04937958717346,84.7292175292969,70.0265884399414,71.6784515380859,82.539436340332,0.101606801152229,0.0444008074700832,0.000732321874238551,0.050986897200346,0.168198078870773,0,0.560806930065155,0,852041.375,173.704492065926
"NO021",-7.36727237701416,2.00139665603638,12.5750961303711,3.47381043434143,19.9423694610596,1.60590410232544,1.67372298240662,2.81528115272522,2.36184620857239,83.6670074462891,71.0528106689453,73.4326248168945,82.8902740478516,0.0352046191692352,0.00710863061249256,0.000737887225113809,0.00476473243907094,0.234859749674797,0,0.687607645988464,0,199880.53125,7.34402797733225
"NO022",-7.87217092514038,0.688279747962952,11.0008745193481,2.47110438346863,18.8730449676514,1.91968619823456,1.73552060127258,2.56906199455261,2.55140161514282,81.9814453125,72.7496109008789,73.9881820678711,82.6483383178711,0.0259119085967541,0.00649956054985523,0.00104913720861077,0.00423699617385864,0.355963170528412,0,0.563679993152618,0,193881.125,7.77250823966439
"NO031",-1.8984180688858,6.3082070350647,16.3066654205322,7.91007137298584,18.2050838470459,2.50104928016663,2.0715639591217,2.7815363407135,3.24268817901611,84.6148223876953,70.6076049804688,72.5795822143555,82.0917739868164,0.078170120716095,0.0251949951052666,0.00162953604012728,0.0366941839456558,0.0927205830812454,0,0.557163238525391,0,356851.1875,85.1857290030537
"NO032",-5.33440828323364,3.16604852676392,13.3262100219727,4.88162851333618,18.6606178283691,1.88031125068665,1.92668998241425,2.7486081123352,2.83255100250244,82.5963363647461,72.6137924194336,72.7890853881836,82.2534790039062,0.0249408688396215,0.00481973867863417,0.000396900752093643,0.0101218605414033,0.281567126512527,0,0.642737030982971,0,359082,24.1903780755101
"NO033",-1.70745968818665,6.33452367782593,16.2922019958496,8.12446212768555,17.999662399292,3.21551036834717,2.74663758277893,3.06494760513306,4.13369178771973,83.0540542602539,71.1469116210938,72.5618057250977,80.9031219482422,0.132992640137672,0.0252575017511845,1.89494567166548e-05,0.0622070468962193,0.154749989509583,0,0.457923531532288,0,289228.78125,128.465643672398
"NO034",-5.31346940994263,2.41230750083923,12.4201965332031,4.48377704620361,17.7336673736572,2.64173150062561,2.35328698158264,3.05229592323303,3.71157455444336,83.3680267333984,73.9558944702148,73.6029815673828,83.2123947143555,0.0181273128837347,0.00152674433775246,6.63209648337215e-05,0.00514319445937872,0.287616640329361,0,0.660784304141998,0,119998.765625,7.84257579656097
"NO041",-2.84634304046631,4.06778240203857,13.5903377532959,6.34078121185303,16.4366817474365,4.77593040466309,3.16805601119995,3.74094128608704,5.38329648971558,84.5156784057617,75.4767379760742,74.7770767211914,84.3402099609375,0.0118076484650373,1.97446170204785e-05,1.87121349881636e-05,0.00445785606279969,0.300006926059723,0,0.61726975440979,0,69677.2421875,7.59877543072946
"NO042",-1.01664173603058,5.02664470672607,14.0430355072021,7.59063911437988,15.0596790313721,7.69329833984375,4.17985677719116,4.36818790435791,7.6288652420044,85.3880004882812,77.0902099609375,77.1822509765625,85.5094451904297,0.01967160589993,8.85760455275886e-05,2.22785383812152e-05,0.00714969681575894,0.254571050405502,0,0.610257983207703,0,140292.03125,18.917819149527
"NO043",-0.510629713535309,4.63544797897339,13.1923904418945,7.25291872024536,13.7030200958252,7.49100875854492,4.00515556335449,4.58619689941406,8.16776657104492,83.9970397949219,78.3355712890625,80.2371673583984,85.3746109008789,0.0613655969500542,0.00900599732995033,0.000177548077772371,0.0147190196439624,0.268472969532013,0.0109647111967206,0.485459446907043,0.00298754591494799,320805.78125,33.6261653570086
"NO051",-1.52714943885803,3.88293719291687,12.5464792251587,6.30031394958496,14.0736284255981,7.78286933898926,4.7237720489502,4.48996686935425,8.2678804397583,82.9221038818359,77.7137756347656,78.3520584106445,84.6767730712891,0.0209480132907629,0.000772533880081028,0.000598809157963842,0.00378858880139887,0.351575434207916,0.000144592311698943,0.477845519781113,3.93969494325574e-05,109479.453125,6.90643233595501
"NO052",-2.22078394889832,3.38386130332947,12.1097888946533,5.70706796646118,14.3305740356445,7.33169364929199,4.55081033706665,3.94480466842651,7.42014598846436,81.4254837036133,76.0871887207031,77.1848373413086,83.3979110717773,0.023327898234129,0.000211680278880522,0.000233042737818323,0.00443030754104257,0.395063728094101,0,0.402621537446976,0,105786.8203125,5.46406680435903
"NO053",-3.83200216293335,2.23141741752625,11.1181755065918,4.39123201370239,14.950177192688,6.34994268417358,4.07956409454346,3.47035646438599,5.77947330474854,78.4268035888672,74.5410079956055,79.2063064575195,81.013557434082,0.0293443668633699,0.000561482098419219,0.000879246508702636,0.00598663929849863,0.365103125572205,0,0.444083720445633,0,152270.890625,9.9227583397621
"NO061",-4.39131879806519,2.37460613250732,11.7957334518433,4.41772842407227,16.1870517730713,3.81613039970398,2.80699944496155,3.05709743499756,3.52427649497986,80.1958618164062,73.9690017700195,77.8541870117188,81.5300903320312,0.0392227284610271,0.00494332239031792,0.00104050408117473,0.00734921917319298,0.258004784584045,0,0.597884595394135,0,306519.34375,16.3017752169967
"NO062",-4.39718866348267,2.13321805000305,11.9393920898438,4.80323791503906,16.3365802764893,4.67213916778564,3.3348126411438,3.12285733222961,4.54193305969238,82.7375335693359,76.2093124389648,78.0927276611328,84.2081298828125,0.0240583959966898,0.00703243119642138,0.000762621406465769,0.00258042034693062,0.227694571018219,0,0.662655234336853,0,101097.25,4.4457810546262
"NO071",-6.79146575927734,-0.00247457297518849,10.5585336685181,2.92396378517151,17.3500003814697,5.21596479415894,3.71102905273438,3.15724110603333,5.90192317962646,80.0193634033203,75.6740875244141,77.919807434082,83.1829376220703,0.00727694388478994,0.000264273257926106,0.000945692067034543,0.00213795178569853,0.331202477216721,0.0079986359924078,0.505016386508942,0.000112280635221396,97473.9296875,2.52512369947737
"NO072",-9.96816158294678,-2.35462117195129,9.89613723754883,0.517886936664581,19.8642997741699,3.18698930740356,2.09433078765869,2.28476214408875,3.50877666473389,78.9319458007812,74.2370223999023,77.1273574829102,82.6345367431641,0.00960770715028048,0.000319837592542171,0.000995347276329994,0.00244708033278584,0.410618215799332,0.000338135258061811,0.440039247274399,1.62167623329879e-06,110773.3046875,4.26810721919272
"NO073",-12.0757551193237,-2.18645334243774,11.3302927017212,0.0750270038843155,23.4060478210449,1.67172014713287,1.36006772518158,1.88289499282837,1.93042087554932,81.547607421875,75.9504776000977,74.9041061401367,83.8231964111328,0.00205081817694008,8.57874038047157e-05,0.000120449432870373,0.000667190819513053,0.595674633979797,0.0288565307855606,0.272781491279602,1.22620376714622e-05,44569.8125,0.929051704147421
"PL213",-0.586217164993286,9.39439964294434,18.834098815918,9.81611442565918,19.420316696167,1.75152552127838,2.238041639328,3.09070205688477,1.75576078891754,83.8931198120117,72.0190353393555,71.4553298950195,79.9719161987305,0.22002537548542,0.102621361613274,7.08001324234431e-10,0.0631594955921173,0,0,0.0523751266300678,0.561818659305573,99555.234375,297.819184494977
"PL214",-0.985059797763824,9.02065277099609,18.480749130249,9.48702335357666,19.4658088684082,1.83750462532043,2.4481372833252,3.33139109611511,1.89353907108307,83.4154815673828,72.2389221191406,72.3427658081055,80.2743606567383,0.202072471380234,0.107492201030254,6.9211292252902e-10,0.0501020662486553,0,0,0.112399742007256,0.527900457382202,971561.8125,239.881016055231
"PL217",-0.926862418651581,9.35472679138184,18.8799095153809,9.70937728881836,19.8067722320557,1.64830565452576,2.38083028793335,3.43144989013672,1.82672941684723,82.8883743286133,71.7335205078125,71.4730377197266,79.4906539916992,0.214800104498863,0.13319930434227,1.76272962892909e-09,0.0318655520677567,0,0,0,0.619727432727814,416033.75,157.73648023087
"PL218",-1.80341255664825,8.38401985168457,17.8811111450195,8.89163970947266,19.6845245361328,1.84543466567993,2.6945333480835,3.89017677307129,2.06986308097839,82.9185333251953,72.3778762817383,73.7068786621094,80.7813034057617,0.19016432762146,0.114190638065338,0.000434698013123125,0.028495080769062,0,0,0.146529033780098,0.520089983940125,528896.0625,152.723635703071
"PL219",-2.85922122001648,6.80884885787964,16.2760543823242,7.63898134231567,19.135274887085,3.28701090812683,3.7007417678833,4.62150192260742,2.99356651306152,84.2073364257812,74.1582260131836,75.6493301391602,82.4252624511719,0.141873687505722,0.0891598463058472,7.01990647939965e-05,0.0338320061564445,0,0.0010137123754248,0.654441773891449,0.0770374834537506,408948.46875,155.402043565821
"PL21A",-0.9478440284729,8.8569860458374,18.2493553161621,9.41826915740967,19.1972007751465,2.50565814971924,2.72497057914734,3.61309576034546,2.24584102630615,84.3497695922852,72.7062759399414,73.0038146972656,80.654296875,0.165421798825264,0.0618909820914268,7.77539310714559e-10,0.0856753215193748,0,0.00754678621888161,0.120543152093887,0.558921933174133,762048,385.105856031862
"PL224",-0.112743116915226,9.52023029327393,18.9527111053467,9.97342395782471,19.0654544830322,2.16975045204163,2.162677526474,2.76226592063904,1.72138774394989,85.4167251586914,71.3239593505859,68.2759399414062,79.603630065918,0.237988397479057,0.0696545094251633,8.50770232041498e-10,0.028503181412816,0,0,0,0.663853943347931,430736.71875,141.218142882061
"PL225",-1.62309980392456,8.08308029174805,17.5445709228516,8.82284355163574,19.1676712036133,3.39384889602661,3.38999032974243,4.35186672210693,2.94603657722473,84.6434936523438,73.4931335449219,74.3948364257812,81.2036743164062,0.160151466727257,0.0653429701924324,0.000102273530501407,0.0528224520385265,0,0.0150788817554712,0.0595048628747463,0.643230080604553,635153.375,270.506762618589
"PL227",-0.0352910272777081,9.66877937316895,19.1350631713867,10.2300271987915,19.170352935791,2.05040621757507,2.23200440406799,3.0960910320282,1.95204734802246,83.343620300293,70.975944519043,69.2535018920898,78.2958908081055,0.281545460224152,0.0623943619430065,4.16346956626512e-05,0.093077078461647,0,0.000572912744246423,0,0.560856521129608,519180,382.983036975147
"PL228",0.00508384685963392,9.6193151473999,19.0316848754883,10.0941934585571,19.0266017913818,2.21475839614868,2.15628027915955,2.82932066917419,1.80360054969788,85.0600967407227,71.2207412719727,68.6288909912109,79.1643676757812,0.194806531071663,0.0518174692988396,1.541751865064e-10,0.0770021229982376,0,0,0,0.675617694854736,491546.25,312.441509227254
"PL229",0.124615095555782,9.81305503845215,19.2157516479492,10.3136796951294,19.091136932373,2.07584524154663,2.13559055328369,2.95458912849426,1.86935234069824,83.7896347045898,70.9407348632812,69.291389465332,78.4071350097656,0.211624145507812,0.0430037006735802,1.03206151957913e-10,0.163535118103027,0,3.33000077165635e-12,0,0.57988178730011,510169.40625,592.671263533145
"PL22A",0.00518433377146721,9.73311138153076,19.0563220977783,10.1958284378052,19.0511379241943,2.17872881889343,2.22694373130798,3.13302421569824,1.91955864429474,84.2540817260742,71.5167694091797,70.7436294555664,79.2276153564453,0.143427535891533,0.0317705050110817,7.32826022087352e-11,0.185150444507599,0,0,0,0.638336837291718,269070.0625,691.791403074845
"PL22B",-0.204329535365105,9.56047916412354,18.9244613647461,9.9989709854126,19.128791809082,2.10435271263123,2.23624968528748,3.06887149810791,1.82183218002319,84.7264022827148,71.7829971313477,70.5419464111328,79.8353729248047,0.176816895604134,0.0564014911651611,5.0150245067826e-10,0.0930430814623833,0,0,0,0.673729360103607,710173.0625,390.595478988316
"PL22C",-0.403798490762711,9.29911422729492,18.6812992095947,9.85380458831787,19.0850982666016,2.51748085021973,2.54237055778503,3.45062255859375,2.20965480804443,84.2463607788086,71.8696823120117,71.3866958618164,79.4551162719727,0.157905235886574,0.0435441918671131,5.86609385209158e-05,0.154374063014984,0,0.00137473468203098,0,0.639211237430573,562252.375,598.712306230093
"PL411",0.608681261539459,9.42012119293213,18.7184162139893,10.1305646896362,18.109733581543,1.77587103843689,1.61387181282043,2.22880482673645,1.48937892913818,86.4614028930664,72.0739517211914,69.6303863525391,81.3046188354492,0.351088434457779,0.0400869995355606,0.000144817808177322,0.0121564697474241,0,7.03991639289248e-12,0,0.591640830039978,407082.3125,62.9677073886651
"PL414",0.494047731161118,9.74799251556396,19.1975383758545,10.2237119674683,18.7034912109375,1.57819497585297,1.556804895401,2.27979779243469,1.41704547405243,85.6956024169922,71.7351760864258,68.0312957763672,80.1846237182617,0.481695413589478,0.043863233178854,1.19506637918931e-09,0.0190872345119715,0,0,0,0.448262989521027,600172.4375,93.6998775418832
"PL415",0.755425691604614,10.0644292831421,19.489143371582,10.3144464492798,18.7337169647217,1.636634349823,1.54924619197845,2.14632058143616,1.36004364490509,84.9470291137695,70.9554901123047,66.8821487426758,79.5459289550781,0.4403495490551,0.0442106015980244,4.32356067614492e-10,0.0899232402443886,0,0,0,0.421813607215881,97233.8125,385.934836342072
"PL416",0.437232464551926,9.84982681274414,19.3670616149902,10.258189201355,18.9298286437988,1.79156303405762,1.72731697559357,2.36287713050842,1.54156863689423,84.9368743896484,70.6886901855469,65.9956130981445,79.1010894775391,0.453910529613495,0.0812692642211914,1.4015589799854e-09,0.0215241145342588,0,8.88003592099812e-13,0,0.440506041049957,584541.1875,100.838209589305
"PL417",0.871194958686829,10.1644306182861,19.5926475524902,10.5106077194214,18.7214527130127,1.72216665744781,1.61237263679504,2.20291018486023,1.41449546813965,84.6913986206055,70.352165222168,65.7782821655273,79.0453262329102,0.405739992856979,0.0585421025753021,1.51205686051981e-05,0.0248467922210693,0,1.57460364191842e-11,0,0.5063316822052,695660.125,116.454944781489
"PL418",0.768747687339783,9.93438339233398,19.3445377349854,10.3273439407349,18.5757904052734,1.67684257030487,1.57416927814484,2.17167687416077,1.40761756896973,85.3217926025391,71.0883331298828,67.2934112548828,79.9602890014648,0.430756062269211,0.0441672317683697,2.03158142539905e-05,0.0387154147028923,0,1.95567433775024e-12,0,0.483207404613495,872081.375,178.096139049874
"PL424",1.2600154876709,9.91282749176025,18.9877758026123,10.7107925415039,17.7277603149414,1.795170545578,1.50826287269592,1.99247550964355,1.43008196353912,85.7096557617188,71.9562225341797,70.1352005004883,80.1584014892578,0.310184508562088,0.0648150742053986,1.28881394445557e-09,0.049491673707962,0,5.61443946889284e-11,0,0.535514652729034,59300.7421875,199.864540483078
"PL426",0.750183641910553,8.57419395446777,18.0006580352783,10.167573928833,17.2504749298096,2.31735825538635,1.7540225982666,2.63285231590271,2.2070369720459,86.2021484375,74.5817260742188,74.9232635498047,82.146858215332,0.224921032786369,0.0377877689898014,0.000204361553187482,0.0149759175255895,0,5.93878895713273e-12,0,0.602792143821716,207553.203125,47.7841730528093
"PL427",0.788641929626465,9.24044895172119,18.4347534179688,10.2287969589233,17.646110534668,2.13514375686646,1.73957669734955,2.30007791519165,1.73724126815796,86.7117004394531,72.4744415283203,71.129753112793,81.4744644165039,0.252440512180328,0.0428434796631336,0.00105034711305052,0.0120450910180807,0,6.04949814200784e-12,0,0.679148018360138,540454.6875,52.4645260874155
"PL428",1.23214960098267,9.679931640625,18.8261756896973,10.6377611160278,17.5940265655518,1.92113161087036,1.57642829418182,2.09096145629883,1.55805838108063,85.5921859741211,72.2506408691406,70.3622817993164,80.1125564575195,0.317953616380692,0.070666953921318,0.000100970391940791,0.0206237342208624,0,7.08529623860699e-11,0,0.556637167930603,573250.8125,76.9401438674068
"PL431",1.16885364055634,10.1729135513306,19.4379844665527,10.6973104476929,18.2691307067871,1.7399297952652,1.56690335273743,2.03840494155884,1.39602744579315,84.6930313110352,69.7651290893555,66.1111755371094,79.0136642456055,0.200679019093513,0.047619916498661,0.00052420177962631,0.0145807759836316,0,4.99587524127598e-12,0,0.730974435806274,390862,64.6220721164717
"PL432",1.14100027084351,10.3416051864624,19.6474075317383,10.8073244094849,18.5064086914062,1.81199216842651,1.69008231163025,2.2711067199707,1.48132050037384,83.6736602783203,69.2312622070312,64.6534729003906,78.0699081420898,0.215828880667686,0.0418266840279102,0.000141220123623498,0.0218909364193678,0,1.28910998629245e-12,0,0.71658182144165,684398.1875,86.921333788452
"PL514",0.653361618518829,10.1763753890991,19.7809562683105,10.5726585388184,19.1275959014893,1.68280386924744,1.78429532051086,2.43998122215271,1.52299380302429,83.3444061279297,70.2583084106445,65.8643188476562,78.2037887573242,0.377157926559448,0.0589523203670979,8.59650184370508e-10,0.0481326766312122,0,0,0,0.515591859817505,73543.34375,254.487592641089
"PL515",0.266991347074509,9.53645896911621,18.8706588745117,10.0842838287354,18.6036682128906,2.97825407981873,2.62703537940979,3.09322738647461,2.35342383384705,84.6443328857422,72.2076187133789,68.8202285766602,80.205940246582,0.265862792730331,0.066145084798336,0.000163829230586998,0.0261232443153858,0,0.00220024888403714,0,0.639011144638062,574139.1875,103.259867113125
"PL516",0.856436133384705,10.2779312133789,19.719820022583,10.6566572189331,18.8633842468262,1.71202373504639,1.78615272045135,2.46266055107117,1.50683510303497,83.53564453125,70.3344039916992,65.6033630371094,78.4244155883789,0.381908029317856,0.0652063637971878,4.45407886218163e-06,0.0304293911904097,0,0,0,0.52006471157074,394514.4375,115.813867740273
"PL517",-0.998993992805481,8.39419460296631,18.0484294891357,9.07433223724365,19.0474224090576,2.3008303642273,2.44504618644714,3.02594089508057,2.03647065162659,85.1459350585938,73.169807434082,69.8977279663086,80.8801116943359,0.34460061788559,0.0733934789896011,0.00127722218167037,0.0270215980708599,0,0.000219426714465953,0.0386435948312283,0.514816522598267,496420.78125,118.292726954239
"PL518",0.437717765569687,9.9603910446167,19.5742321014404,10.3911619186401,19.1365127563477,1.68313002586365,1.83501124382019,2.50303983688354,1.55509734153748,83.3363418579102,70.5025024414062,66.1939239501953,78.3462753295898,0.415101885795593,0.0667549222707748,1.11458886564719e-09,0.0369108282029629,0,3.1080327114047e-12,0,0.480438888072968,1203713.125,188.532114212705
"PL523",-0.241712555289268,9.32826042175293,18.9934959411621,9.92835140228271,19.2352104187012,2.04272770881653,2.26829791069031,2.88701105117798,1.9291398525238,83.4952697753906,71.347541809082,67.7257461547852,78.600471496582,0.441185474395752,0.0724816396832466,0.000179599068360403,0.0204467214643955,0,0.0093051865696907,0,0.454899847507477,360399.875,88.4089341487625
"PL524",0.232561647891998,9.85934829711914,19.4061603546143,10.3515701293945,19.1735973358154,1.89166235923767,1.99091422557831,2.68994522094727,1.69759941101074,83.8530197143555,70.5913619995117,66.8034515380859,78.304069519043,0.326378762722015,0.0635243877768517,7.58429985481257e-10,0.0268553737550974,0,2.29373356246121e-12,0,0.580124974250793,549129.9375,103.765797921777
"PL613",0.378996998071671,9.34343814849854,18.6026439666748,10.0223217010498,18.2236461639404,1.49746942520142,1.48572146892548,2.37572526931763,1.41411089897156,86.7741851806641,73.1545715332031,71.4411849975586,81.7226791381836,0.432624161243439,0.0296568889170885,8.70229666105615e-10,0.0390086509287357,0,0,0,0.489729225635529,483420,166.749011664292
"PL616",0.154432758688927,9.33987045288086,18.6609020233154,9.95186519622803,18.5064697265625,1.59513187408447,1.53720903396606,2.48894453048706,1.51039814949036,87.3977508544922,73.879020690918,72.9563598632812,82.2185211181641,0.453098177909851,0.0254137758165598,6.31646435067523e-06,0.0269053317606449,0,0,0,0.485691875219345,500733.53125,122.982686018119
"PL617",0.456294685602188,9.45028972625732,18.7953681945801,10.0824689865112,18.3390731811523,1.47939467430115,1.46789884567261,2.2807765007019,1.37935066223145,86.4041595458984,72.6386642456055,70.0079040527344,81.2370071411133,0.478851348161697,0.0408026874065399,1.52665380337424e-09,0.0214034840464592,0,0,0,0.448727816343307,409101.46875,102.284412938224
"PL618",0.309058010578156,8.91712474822998,18.1992340087891,9.88086318969727,17.8901748657227,1.76501321792603,1.61877131462097,2.36927247047424,1.56649899482727,87.5126190185547,73.8815002441406,72.7007217407227,82.4183731079102,0.316794812679291,0.0272587481886148,3.28795722452924e-05,0.0222395099699497,0,1.25152535904172e-12,0,0.624198794364929,355748.40625,106.74627117267
"PL619",0.273280203342438,9.59122180938721,19.0496768951416,10.0882110595703,18.7763957977295,1.56168174743652,1.54248631000519,2.35249185562134,1.44665563106537,86.2563095092773,72.6511840820312,69.9721374511719,81.2151412963867,0.43705940246582,0.0245358925312757,1.60446300689898e-09,0.0203329026699066,0,0,0,0.500305354595184,340419.25,93.997836940971
"PL621",-0.345703095197678,8.8529691696167,18.4488067626953,9.66808319091797,18.7945098876953,1.92355847358704,1.73316156864166,2.64964365959167,1.99196493625641,87.5670394897461,74.6037902832031,74.6542510986328,82.9164428710938,0.290385574102402,0.0550264120101929,0.000232768172281794,0.0147954905405641,0,0.00875528622418642,0,0.563678562641144,467404.25,64.2949790292977
"PL622",-1.18841004371643,8.30758762359619,18.1431064605713,9.1294116973877,19.3315162658691,1.97819030284882,1.84194993972778,2.7923150062561,1.99663817882538,87.410270690918,74.2304840087891,74.4698486328125,83.4643859863281,0.265094518661499,0.092480905354023,0.000170747502124868,0.012521693482995,1.54692970681936e-05,0.0070461081340909,0.356902092695236,0.243645891547203,572076.5,55.6739210012076
"PL623",-1.70582175254822,8.11706352233887,18.0719909667969,8.80915069580078,19.7778129577637,1.80553925037384,1.87149119377136,2.90719676017761,1.8935524225235,87.4348526000977,74.3846054077148,74.7799987792969,84.0385131835938,0.257640242576599,0.0870118588209152,0.000996788847260177,0.00949841365218163,1.69065660884371e-05,0.0164507012814283,0.0894894525408745,0.484537750482559,280351.625,44.1807039556135
"PL633",0.313902288675308,8.43920993804932,18.1240825653076,9.97049045562744,17.8101806640625,1.81155705451965,1.55529296398163,2.42803764343262,1.99171996116638,85.8102874755859,75.4088821411133,75.2126159667969,81.9564056396484,0.29898127913475,0.0797080025076866,1.02171782145888e-09,0.0716786980628967,0,0,0,0.360931813716888,129913.03125,294.811978529949
"PL634",0.326937764883041,8.14699172973633,17.8280830383301,9.90346240997314,17.5011444091797,2.14864468574524,1.65830063819885,2.5175256729126,2.15639019012451,86.0594711303711,75.9677200317383,76.1854248046875,82.3060760498047,0.247088521718979,0.0612929724156857,0.000285597081528977,0.0333164185285568,0,1.67917496582959e-05,0,0.444716274738312,683760.25,160.552222919833
"PL636",0.447931498289108,8.12982177734375,17.6108646392822,9.93329620361328,17.162935256958,2.74315810203552,1.90836369991302,2.71133947372437,2.40498065948486,86.7116241455078,75.1816864013672,75.791259765625,82.799186706543,0.229876786470413,0.0355038195848465,3.49779147654772e-05,0.0122109400108457,0,0,0,0.661291658878326,249944,48.0184572716663
"PL637",0.199678912758827,8.33079147338867,17.7270622253418,9.69941806793213,17.5273838043213,2.32681155204773,1.84637272357941,2.45578575134277,1.91331589221954,88.2261810302734,74.6284942626953,74.2084503173828,83.3794784545898,0.248323574662209,0.0348393097519875,9.82624187599868e-05,0.00817265268415213,0,3.03342041155924e-13,0,0.694500923156738,237959,58.1655086480038
"PL638",0.182190239429474,8.8361988067627,18.2693195343018,9.86134052276611,18.0871295928955,1.67747437953949,1.57536172866821,2.44667315483093,1.72928011417389,87.0968627929688,74.7670745849609,74.2761917114258,82.2329864501953,0.321442514657974,0.0355073548853397,0.000226366231800057,0.0249800905585289,0,1.11391462460225e-12,0,0.557769536972046,494708.25,121.171933736749
"PL711",0.00997500866651535,9.59710884094238,19.1710872650146,9.95230674743652,19.1611137390137,1.94778740406036,1.82540762424469,2.39354205131531,1.46170079708099,85.6127014160156,72.0714569091797,68.1446304321289,80.3553009033203,0.335668295621872,0.0793398320674896,1.10025599742158e-09,0.0837388262152672,0,0,0,0.501253068447113,89856.8203125,308.744856072178
"PL712",-0.00282222917303443,9.59335994720459,19.1736793518066,9.94586181640625,19.1765022277832,1.94526970386505,1.8269419670105,2.39611530303955,1.46029758453369,85.6183395385742,72.1326217651367,68.2854309082031,80.4072647094727,0.342341482639313,0.0783251598477364,1.00886421439128e-09,0.0755760967731476,0,0,0,0.503502011299133,622937.8125,280.662935108513
"PL713",-0.104769319295883,9.62771320343018,19.2215518951416,9.96411895751953,19.3263206481934,2.00742030143738,1.99902653694153,2.52016544342041,1.55957281589508,85.3498687744141,71.92529296875,68.0999755859375,80.1771469116211,0.280829846858978,0.09233358502388,5.6846394258514e-10,0.0242834892123938,0,0,0,0.602553069591522,571338.0625,96.8164324968846
"PL714",0.295634925365448,9.8351411819458,19.3626899719238,10.2550458908081,19.0670566558838,1.91985511779785,1.80822932720184,2.4140145778656,1.56036972999573,85.1046142578125,71.0965957641602,66.5792083740234,79.3023071289062,0.358491212129593,0.089335985481739,1.49771495205897e-09,0.0302040278911591,0,0,0,0.521926760673523,664914.25,118.628601106793
"PL715",-0.000839570304378867,9.65284252166748,19.2378311157227,9.95310306549072,19.2386703491211,1.73973500728607,1.77130198478699,2.36690902709961,1.44735896587372,85.4005432128906,72.4852752685547,69.33544921875,80.7780227661133,0.379670888185501,0.0651156306266785,0.000155347093823366,0.0190223380923271,0,0,0,0.531785488128662,350740.6875,86.1065115810453
"PL721",-0.630625605583191,9.40288734436035,19.0335140228271,9.66241455078125,19.6641407012939,1.91699385643005,2.12174081802368,2.69792032241821,1.63032376766205,85.1179656982422,72.5268096923828,69.817497253418,80.8016357421875,0.197841122746468,0.113144308328629,1.14354137270567e-09,0.0308247189968824,0,0,0,0.657939195632935,603376.125,120.445931547501
"PL722",-0.516775190830231,9.56272602081299,19.1353187561035,9.84577941894531,19.6520938873291,1.75087857246399,2.12577962875366,2.8081476688385,1.62911927700043,84.3078994750977,71.923957824707,69.7516860961914,79.9741134643555,0.224138200283051,0.127312913537025,1.52539525455353e-09,0.0262167546898127,0,0,0,0.621285200119019,719911.5,108.469799264241
"PL811",-1.23383092880249,9.15696811676025,19.1748523712158,9.27952671051025,20.4086837768555,1.7952321767807,2.03213047981262,2.67130446434021,1.64752328395844,85.3458404541016,73.1188354492188,69.9504089355469,81.4937515258789,0.292949825525284,0.12371364980936,0.00126263953279704,0.00788519252091646,0,0,0,0.572103679180145,186180.75,31.2801108892803
"PL812",-1.24036610126495,9.20937442779541,19.1005268096924,9.46902847290039,20.340892791748,1.73980593681335,2.12851357460022,3.04252767562866,1.6099853515625,84.621696472168,73.215690612793,71.5360870361328,80.5151824951172,0.303715348243713,0.115879029035568,6.65450570522808e-05,0.0141849853098392,0,0.00694750342518091,0,0.558311283588409,511652.4375,55.0424911724846
"PL814",-1.04936039447784,9.20911979675293,19.0781917572021,9.41763019561768,20.1275539398193,1.92983961105347,2.2533757686615,2.73521304130554,1.70238673686981,84.8989181518555,72.9345092773438,70.4354553222656,81.1227416992188,0.339124232530594,0.119327858090401,0.000179367125383578,0.0426574908196926,0,0,0,0.497093886137009,670788.875,159.92914984475
"PL815",-0.821004569530487,9.34767532348633,19.1560840606689,9.52816677093506,19.977087020874,1.88683462142944,2.16916275024414,2.67860555648804,1.66915559768677,84.6213302612305,72.4547729492188,69.9594421386719,80.9623641967773,0.284660518169403,0.124337874352932,3.19307400786784e-05,0.0179224479943514,0,0,0,0.56946849822998,480853.15625,85.3874946905583
"PL821",-1.36045229434967,9.04998111724854,18.5731372833252,9.42945194244385,19.9335880279541,2.12573933601379,2.7738184928894,3.94902944564819,2.11636590957642,85.227180480957,74.1798248291016,74.8908309936523,81.4460983276367,0.162696942687035,0.0767168700695038,0.000136073096655309,0.0192969851195812,0,0.04417834430933,0.00830760411918163,0.688635051250458,395475.84375,71.0636665714301
"PL822",-0.834771156311035,9.48240375518799,19.0924453735352,9.83523941040039,19.9272155761719,2.0369131565094,2.54322838783264,3.42665147781372,1.79921662807465,84.0039367675781,73.1794662475586,72.7291412353516,79.8176498413086,0.223616302013397,0.0958903431892395,0.000221740308916196,0.0156246870756149,0,0.0877580791711807,0,0.576888859272003,341213.59375,79.8622842170456
"PL823",-0.681323945522308,9.61761856079102,19.185131072998,9.91770267486572,19.8664569854736,2.04485821723938,2.48871898651123,3.33687448501587,1.85688638687134,83.7131271362305,72.306396484375,71.2033309936523,79.5074920654297,0.17447492480278,0.110356852412224,4.76325021736557e-06,0.0342652052640915,0,0,0,0.680898249149323,506152.9375,144.454228659088
"PL824",-0.626012206077576,9.63290023803711,19.2374439239502,9.87961578369141,19.8634548187256,1.89000606536865,2.32253837585449,3.09471440315247,1.72940421104431,83.5062408447266,71.9374313354492,70.1819534301758,79.4508743286133,0.200834572315216,0.11629681289196,1.50288656186603e-06,0.0330357663333416,0,0,0,0.64910352230072,618397.5625,138.023542519462
"PL841",-1.94023537635803,8.46780204772949,18.458324432373,8.7334041595459,20.3985595703125,1.68941271305084,1.95865476131439,2.74380874633789,1.742027759552,86.8612289428711,74.1850433349609,73.0668869018555,83.3230819702148,0.2516268491745,0.0942207723855972,0.0057678921148181,0.023360338062048,0,0.00695391604676843,0,0.616398811340332,444710.34375,87.0619376369719
"PL842",-1.50468873977661,8.75105476379395,18.6915130615234,8.9758825302124,20.1962032318115,1.81200814247131,1.99326968193054,2.776535987854,1.75734543800354,86.6700210571289,73.9427642822266,72.2428588867188,82.9577102661133,0.287224441766739,0.120517246425152,0.00310119241476059,0.00914637558162212,0,3.68246579063314e-12,0,0.579715609550476,379744.875,43.1457157961653
"PL843",-1.95351707935333,8.1866455078125,18.190896987915,8.68847751617432,20.1444129943848,1.75136864185333,1.91178691387177,2.84067440032959,1.82988917827606,87.2382888793945,74.5739974975586,74.4734497070312,84.0351638793945,0.278071463108063,0.0897818803787231,0.00428916001692414,0.00836683809757233,0,0.0175732094794512,0,0.588367462158203,252621.4375,40.8927301499469
"PL911",-0.37498214840889,9.5762825012207,19.3230419158936,9.69919013977051,19.6980247497559,1.77212178707123,1.78266632556915,2.47632384300232,1.43978011608124,84.8812484741211,72.2528915405273,69.9093322753906,81.3513031005859,0.210069015622139,0.051850862801075,7.72316821606722e-10,0.163066074252129,0,0,0,0.56652158498764,392567.5,777.100899591238
"PL912",-0.626446664333344,9.38869476318359,19.1564083099365,9.53680801391602,19.7828540802002,1.72208750247955,1.83547854423523,2.47685122489929,1.50044095516205,85.1416625976562,72.5375442504883,70.2084274291992,81.6583709716797,0.25533390045166,0.08354052901268,0.000541370420251042,0.0889014974236488,0,0,0,0.56775826215744,1373224.375,436.38814523585
"PL913",-0.332568913698196,9.57032871246338,19.3263664245605,9.73352432250977,19.658935546875,1.72849524021149,1.78302597999573,2.45063972473145,1.43630373477936,84.9824142456055,72.3740921020508,69.8862075805664,81.271240234375,0.244781821966171,0.0683064833283424,0.000291886972263455,0.102984145283699,0,0,0,0.573019504547119,1227378,497.214615038105
"PL921",-0.589768290519714,9.44801330566406,19.2238464355469,9.62200832366943,19.8136138916016,1.72612035274506,2.05409717559814,2.545001745224,1.569664478302,84.3860549926758,72.4080200195312,69.6140441894531,80.9026489257812,0.222412601113319,0.1193677932024,0.000369164132280275,0.0243589449673891,0,0,0,0.628549575805664,647857.5,112.838037492487
"PL922",-0.490819603204727,9.22801113128662,18.8983154296875,9.61845111846924,19.3891334533691,1.76483988761902,1.77599728107452,2.42601633071899,1.58488762378693,86.7369384765625,73.4851531982422,71.6078720092773,82.4023208618164,0.345693707466125,0.101210288703442,9.52913542278111e-05,0.0114138564094901,0,4.80242419182569e-13,0,0.539609909057617,352443.875,67.1440755849728
"PL923",-0.0896746292710304,9.50870513916016,19.0605926513672,9.90415573120117,19.1502666473389,1.6532393693924,1.65470039844513,2.32349991798401,1.46634817123413,86.2393112182617,72.9449310302734,70.3962020874023,81.5089874267578,0.374214947223663,0.039616085588932,1.17690468481868e-09,0.0193280205130577,0,0,0,0.556321442127228,314538.75,95.0090685701805
"PL924",-0.978686988353729,8.93780517578125,18.7223415374756,9.28378009796143,19.7010288238525,1.85205054283142,1.95686781406403,2.67198133468628,1.73048651218414,86.4249267578125,73.2499008178711,71.5288925170898,82.5894927978516,0.256671339273453,0.11503579467535,0.000149539962876588,0.00856456719338894,0,5.24686414107856e-12,0,0.619278132915497,354244.5,54.5031314056564
"PL925",-0.953588604927063,9.23305130004883,19.0838928222656,9.36614990234375,20.0374813079834,1.71555423736572,1.94602394104004,2.55994987487793,1.63168263435364,85.7391891479492,73.2922439575195,70.89111328125,82.215576171875,0.310123920440674,0.126765578985214,0.000157903938088566,0.0130636086687446,0,0,0,0.547471821308136,436222.40625,73.0470774652347
"PL926",-0.302016764879227,9.56089401245117,19.3111000061035,9.74327182769775,19.6131191253662,1.70576906204224,1.89405429363251,2.43467497825623,1.47472333908081,84.7217025756836,72.3418426513672,69.4765472412109,80.9495697021484,0.287909120321274,0.115239106118679,0.0014539702096954,0.0143649792298675,0,0,0,0.575035810470581,227848.203125,90.0063071995608
"PT111",8.72851085662842,12.4318799972534,19.9122200012207,15.3529491424561,11.1837091445923,6.21028804779053,4.17744922637939,1.06372106075287,5.55189752578735,82.1366424560547,76.3293304443359,73.2687530517578,78.8543319702148,0.0721442550420761,0.101808346807957,4.97717034253498e-10,0.0285226572304964,0.000153197863255627,0,0.642355799674988,0,233153.03125,105.492714510624
"PT112",8.08753204345703,11.8929653167725,19.5878677368164,14.8390941619873,11.5003356933594,6.12984371185303,4.1602201461792,1.00757491588593,5.45311832427979,82.2430725097656,75.8515548706055,72.1545257568359,78.361198425293,0.0764459073543549,0.0907433703541756,3.66742386459507e-10,0.0323205068707466,0.000118676383863203,0,0.69102531671524,0,140934.859375,114.537112629588
"PT119",7.44110250473022,11.566409111023,19.82151222229,14.5632057189941,12.3804082870483,5.53213977813721,3.76799201965332,0.83735203742981,4.74802255630493,82.5489044189453,74.4495391845703,68.9491806030273,76.8451843261719,0.110172912478447,0.099160298705101,0.000124473794130608,0.0334695056080818,8.91150993993506e-05,0,0.75594562292099,0,247970.859375,169.721266403862
"PT11A",9.6259765625,13.6391973495483,21.187536239624,16.5660972595215,11.5615606307983,5.4283275604248,3.70563316345215,0.764473736286163,4.63182592391968,81.9365005493164,74.2919082641602,69.5761184692383,76.6829605102539,0.105887770652771,0.0714796259999275,1.27621502254982e-09,0.0478754788637161,3.43205429353954e-11,0,0.774757146835327,0,213511.171875,106.604954046716
"PT11B",6.07062530517578,10.8288278579712,20.2026634216309,13.7898664474487,14.1320381164551,4.75061750411987,3.2432119846344,0.810805797576904,4.11816740036011,82.2358551025391,72.3720321655273,63.6282196044922,74.1399154663086,0.104186430573463,0.0924540162086487,0.000596079626120627,0.00729509256780148,0.00021299249783624,0.00861441530287266,0.780979335308075,0.00188354402780533,87653.0234375,29.9565429332516
"PT11C",8.55813598632812,12.6283979415894,20.5959510803223,15.6216764450073,12.0378141403198,5.13713455200195,3.52629971504211,0.726140975952148,4.35634851455688,82.0761947631836,73.8950119018555,68.6759643554688,76.3860092163086,0.150808230042458,0.115122489631176,1.85486881409958e-09,0.0463771224021912,3.61581320440507e-11,0,0.687692105770111,0,519372.84375,283.119341542521
"PT11D",7.06231069564819,11.8956956863403,21.4280185699463,14.8845081329346,14.3657083511353,3.33086919784546,2.28653812408447,0.537890076637268,2.99798846244812,81.6790008544922,69.9728927612305,59.492000579834,72.1380844116211,0.139218330383301,0.110011711716652,0.00213256943970919,0.00928068999201059,1.60471657295602e-07,0.307059228420258,0.348277151584625,0.084020160138607,164647.296875,40.6304931488008
"PT11E",6.52030611038208,11.999116897583,22.2118587493896,14.8369855880737,15.6915531158447,3.16067242622375,2.213791847229,0.613097369670868,2.82839179039001,80.7485275268555,67.9969635009766,54.5868034362793,69.9159927368164,0.161185279488564,0.139125257730484,0.0102972630411386,0.00482346536591649,0.000144554593134671,0.214306727051735,0.368438839912415,0.100758068263531,94358.1875,17.1725409044445
"PT150",11.8849802017212,15.8494701385498,23.3887672424316,18.9246616363525,11.5037870407104,3.03490328788757,1.9709564447403,0.11944667994976,2.06657266616821,78.4393920898438,68.3627777099609,58.2128219604492,70.771125793457,0.115019105374813,0.0952859967947006,0.011138335801661,0.0129127791151404,0,0.468277454376221,0,0.0890769958496094,303422.4375,61.138173694163
"PT16B",11.9038143157959,15.4119138717651,21.9297351837158,18.3863487243652,10.0259218215942,3.07578086853027,1.98267638683319,0.267553120851517,2.47967505455017,80.120719909668,74.4214324951172,72.42919921875,77.2440948486328,0.221182182431221,0.20092511177063,2.08854222805144e-09,0.0246326979249716,1.08049003771926e-11,0.0718195140361786,0.192934259772301,0.0206001847982407,314374.875,141.38561475215
"PT16D",10.4557933807373,14.4230308532715,21.881893157959,17.3702125549316,11.4260997772217,4.9183874130249,3.37943363189697,0.681998014450073,4.30500507354736,81.414176940918,74.1552810668945,69.6799240112305,76.4005737304688,0.0791206434369087,0.0500051975250244,7.96003651881705e-10,0.0423081368207932,3.21583523699154e-11,0,0.785309970378876,0,80912.4140625,48.1852825046203
"PT16E",10.5851650238037,14.508638381958,22.350658416748,17.6066932678223,11.7654943466187,3.96031332015991,2.78919887542725,0.494188994169235,3.67061948776245,80.5422668457031,73.3238754272461,68.1967926025391,75.2998657226562,0.0882369577884674,0.0714186355471611,8.46168024537519e-10,0.0355673357844353,2.4029408671189e-11,0.180791407823563,0.51336395740509,0.0137487603351474,345377.15625,78.3220142947904
"PT16F",11.1351318359375,14.9817676544189,22.4592838287354,18.0789031982422,11.3241510391235,3.46818923950195,2.3791036605835,0.349911779165268,3.05011963844299,80.2538986206055,73.2328872680664,69.5876541137695,75.9220123291016,0.141052812337875,0.13260306417942,1.28239951990849e-09,0.0555422455072403,1.87708420855415e-12,0.540455996990204,0.0394677743315697,0.0590149946510792,237839.15625,98.8907777703561
"PT16G",9.24069690704346,13.5653743743896,21.9884910583496,16.5670528411865,12.7477931976318,4.72020578384399,3.17532658576965,0.605246543884277,4.07179164886475,82.1239471435547,72.8694381713867,65.2046585083008,74.5680236816406,0.0906084552407265,0.0548212081193924,1.4282088844908e-09,0.028833270072937,2.91488534698292e-11,0.0265014432370663,0.794948637485504,0.0042869858443737,258065.78125,80.4526888434163
"PT16H",9.47308731079102,14.3312730789185,24.0723876953125,17.4516086578369,14.5993003845215,3.09478712081909,2.10785293579102,0.258449465036392,3.12103247642517,78.9759750366211,66.3762817382812,51.9894065856934,68.0941696166992,0.117351561784744,0.141874253749847,0.0294599235057831,0.00661783805117011,0,0.57175475358963,0,0.132807776331902,79139.453125,17.3594191232549
"PT16I",10.8620977401733,14.9546232223511,22.9295272827148,18.1004009246826,12.0674295425415,3.31948328018188,2.29014134407043,0.300798565149307,3.04134821891785,80.1477279663086,70.7137145996094,63.2923774719238,73.2140731811523,0.131961435079575,0.132409140467644,0.00886997394263744,0.0319486446678638,0,0.609429776668549,0,0.0789683535695076,178810.59375,53.1574736187244
"PT16J",7.98522996902466,12.8619613647461,22.7511596679688,15.9595155715942,14.7659301757812,3.43627667427063,2.41779088973999,0.40747457742691,3.38225150108337,80.7580184936523,68.744758605957,55.2748184204102,70.187385559082,0.126313075423241,0.143022462725639,0.0109985340386629,0.00936912000179291,9.78269765541939e-13,0.516977250576019,0.0281982198357582,0.165007203817368,168820.015625,26.7207815154814
"PT170",12.5666103363037,16.2960968017578,22.8842639923096,19.2379207611084,10.3176527023315,2.82250237464905,1.81615877151489,0.207761406898499,2.28231620788574,80.1091537475586,72.6131439208984,68.5623245239258,75.5687484741211,0.174207791686058,0.164267957210541,0.000135352631332353,0.139540448784828,3.12276327843128e-13,0.22660881280899,0.00557606341317296,0.0728720724582672,1918881.75,656.310325491258
"PT181",12.2020807266235,16.1770648956299,23.4160118103027,19.2908897399902,11.2139310836792,2.73203539848328,1.88167059421539,0.143078580498695,2.07738351821899,79.3364486694336,71.0094757080078,65.3014678955078,73.6801376342773,0.179021030664444,0.161798790097237,0.0411629676818848,0.00639304984360933,0,0.27932408452034,0,0.0884319022297859,92345.25,17.6029625727746
"PT184",11.548752784729,16.125452041626,24.5389137268066,19.2184219360352,12.9901609420776,2.45839548110962,1.85760796070099,0.12658417224884,1.91032588481903,78.1962738037109,66.2379455566406,54.7298927307129,68.4755706787109,0.287399083375931,0.242255672812462,0.0443440563976765,0.00670583825558424,0,0.219283849000931,0,0.18834576010704,122542.5078125,14.4486972371378
"PT185",11.9669961929321,15.9169626235962,23.4266109466553,19.0756893157959,11.4596157073975,2.71851515769958,1.95010828971863,0.213783010840416,2.53086376190186,79.9124145507812,69.8147048950195,62.3910140991211,72.7071990966797,0.262188464403152,0.260959535837173,0.0153590152040124,0.0293507631868124,0,0.298295795917511,0,0.128068819642067,347703.375,80.8407906423916
"PT186",10.719765663147,15.4970998764038,24.8709621429443,18.6790313720703,14.1511964797974,2.71848630905151,1.90976536273956,0.187963873147964,2.76521015167236,78.6689453125,65.9795684814453,52.7096824645996,67.8622360229492,0.237360894680023,0.254705607891083,0.0262174569070339,0.00745850568637252,0,0.285944312810898,0,0.188313215970993,109661.84375,18.0326980598296
"PT187",11.373685836792,16.0139007568359,24.7586708068848,19.1751823425293,13.3849868774414,2.44707751274109,1.85087788105011,0.151854246854782,2.19903254508972,78.3357086181641,66.0009765625,54.0767364501953,68.2333679199219,0.295221090316772,0.28777676820755,0.0320085845887661,0.00956376548856497,0,0.182559296488762,0,0.192129641771317,173549.1875,23.4851515168557
"RO111",0.233178302645683,11.0168466567993,21.0768051147461,11.555438041687,20.8436260223389,2.25964426994324,2.65777516365051,3.27043008804321,1.78728127479553,83.214729309082,69.2942504882812,67.0207061767578,74.9005889892578,0.354984641075134,0.172039285302162,0.0108119994401932,0.00530626717954874,0,0.241007417440414,0.0163647718727589,0.199485599994659,366954.375,49.275337039598
"RO112",-3.00895071029663,8.28058338165283,17.9231281280518,8.799880027771,20.9320793151855,1.9647570848465,2.59273386001587,3.61444020271301,1.77773773670197,85.1454391479492,73.3204193115234,74.6112747192383,78.6881866455078,0.227213889360428,0.175756886601448,0.0190288480371237,0.00585767161101103,0.000130088839796372,0.00625660363584757,0.545500159263611,0.0202558450400829,272894.15625,50.9619405783267
"RO113",-1.45962941646576,9.47166347503662,19.2703685760498,10.0937366485596,20.7299976348877,2.09398293495178,2.65566635131836,3.47486114501953,1.68096888065338,84.4270782470703,72.0541610717773,72.2385864257812,77.4567337036133,0.296984940767288,0.211556240916252,0.0191428624093533,0.0103550320491195,0,0.225332751870155,0.0928325951099396,0.143795609474182,640736.5625,95.8626205846134
"RO114",-3.135573387146,7.88410997390747,17.6781883239746,8.46922016143799,20.8137607574463,2.42049217224121,2.84719324111938,3.88316369056702,2.12609481811523,85.4118194580078,74.0504455566406,75.2510299682617,79.3671035766602,0.12091164290905,0.158411949872971,0.0212060194462538,0.0105800982564688,0.000718023744411767,0.0132642490789294,0.665135324001312,0.00977269001305103,439646.59375,69.8574184563171
"RO115",0.0239336155354977,11.2857637405396,21.2208271026611,11.5141906738281,21.1968936920166,1.84678471088409,2.19438600540161,2.88097667694092,1.57799482345581,82.4574661254883,67.956901550293,66.2293472290039,74.1057510375977,0.434462696313858,0.179329216480255,0.00138768227770925,0.00900890305638313,8.20241257315502e-06,0.0540489219129086,0.154958203434944,0.166796207427979,313137.28125,69.7993468485273
"RO116",-0.733640253543854,10.322380065918,20.1641902923584,10.7285604476929,20.8978309631348,1.69384169578552,2.28645348548889,3.12249279022217,1.5108345746994,83.5153961181641,70.3403549194336,69.6402206420898,76.2087097167969,0.307064473628998,0.224888160824776,0.004965347237885,0.00718768034130335,0,0.216754212975502,0.0500931739807129,0.189046993851662,189042.6875,49.5345228596282
"RO121",-1.67868113517761,8.76123523712158,18.6267623901367,9.69220161437988,20.3054428100586,1.62054777145386,2.36050629615784,3.26620388031006,1.44076406955719,83.2240447998047,72.7298355102539,73.2417144775391,77.0946197509766,0.205133736133575,0.189346447587013,0.0367863029241562,0.00524402735754848,0,0.122499942779541,0.342329621315002,0.0986599326133728,278646.46875,44.7504303630988
"RO122",-1.93390023708344,8.85128211975098,18.6066799163818,9.49159336090088,20.5405807495117,1.72425055503845,2.52829051017761,3.59165692329407,1.73615705966949,83.9385147094727,74.4165878295898,74.9086074829102,79.4942245483398,0.208339601755142,0.165199622511864,0.0363125689327717,0.0091360742226243,0,0.363918393850327,0.0504533238708973,0.166640400886536,412052.59375,76.4512680599101
"RO123",-2.75990176200867,8.19338512420654,18.3190002441406,8.91029834747314,21.0789012908936,1.59715056419373,2.43421006202698,3.37392210960388,1.55280983448029,84.5720825195312,75.1757659912109,75.4749374389648,80.2663726806641,0.169045597314835,0.120117008686066,0.0272239577025175,0.0116780027747154,0,0.336675703525543,0.258764266967773,0.0764954388141632,277733.59375,75.2335787589588
"RO124",-4.15450000762939,7.04837226867676,16.9092445373535,7.75413274765015,21.06374168396,1.60778558254242,2.32533097267151,3.24534249305725,1.50917685031891,85.1660766601562,74.6530838012695,75.7483215332031,79.2839736938477,0.15088751912117,0.183263123035431,0.043900728225708,0.00417038798332214,7.27059995023141e-30,0.0330511145293713,0.578015983104706,0.00668104877695441,247210.203125,37.3758645780869
"RO125",-2.0609335899353,9.32942390441895,18.9748554229736,9.75147533416748,21.0357875823975,1.51415944099426,2.2094452381134,3.09727549552917,1.49759376049042,84.2099990844727,71.5058517456055,72.4716033935547,76.7859344482422,0.326030731201172,0.225162088871002,0.0128604220226407,0.00798312854021788,1.00409166390742e-30,0.0743906944990158,0.270226150751114,0.0833467915654182,457362.84375,68.368591932075
"RO126",-1.52217650413513,9.19041347503662,18.9195175170898,9.89080810546875,20.4416942596436,1.54947102069855,2.43848419189453,3.5061604976654,1.66089284420013,83.5306167602539,72.8435821533203,73.2242660522461,77.6886825561523,0.236573472619057,0.194756627082825,0.0388411767780781,0.00782054010778666,0,0.326761394739151,4.73981235700194e-05,0.195199340581894,351522.40625,64.6811469410336
"RO211",-1.80853426456451,9.49257278442383,20.2866306304932,10.2662401199341,22.0951652526855,1.37859046459198,2.14496612548828,2.94496488571167,1.33573818206787,82.8149490356445,71.8291244506836,70.0121307373047,76.939453125,0.284495204687119,0.11740680038929,0.00804275181144476,0.0105366390198469,2.05336161354003e-32,0.297080904245377,0.120423682034016,0.161578938364983,471434.125,71.7924612449168
"RO212",-0.666377007961273,10.7871017456055,21.974536895752,11.5439176559448,22.6409130096436,1.41232740879059,1.98229682445526,2.79289054870605,1.30380237102509,82.0988235473633,68.6318359375,66.4221801757812,74.6868286132812,0.54851508140564,0.124648869037628,0.00165791250765324,0.00878706201910973,0,0.0953702852129936,0,0.220423921942711,352535.75,70.7805953156193
"RO213",-0.615481615066528,10.9827690124512,22.1039638519287,11.6565895080566,22.7194442749023,1.61617648601532,2.09731674194336,2.60636520385742,1.41320860385895,82.4320526123047,68.3993911743164,65.0011291503906,74.2078018188477,0.495917528867722,0.137584820389748,0.000535726663656533,0.0110000586137176,0,0.121474102139473,0,0.233372807502747,500759.6875,91.8932031927109
"RO214",-2.89289665222168,8.43029975891113,18.9601097106934,9.20441436767578,21.853006362915,1.51087152957916,2.40244054794312,3.31412315368652,1.37657821178436,83.1185989379883,72.8123550415039,71.9783020019531,77.8571243286133,0.237298771739006,0.119765669107437,0.0101985381916165,0.0120576163753867,2.24886645442254e-30,0.398804605007172,0.0592194050550461,0.160191431641579,428820.28125,72.9824127675276
"RO215",-3.65848898887634,7.48891735076904,17.735746383667,8.34471035003662,21.3942356109619,1.51225399971008,2.50895237922668,3.81024718284607,1.45752203464508,83.2104644775391,74.3736572265625,74.8187484741211,78.7045974731445,0.187529429793358,0.120788499712944,0.0184787195175886,0.00830743834376335,3.53508903572219e-06,0.413578718900681,0.128340199589729,0.12229973077774,468709.625,54.8943018714135
"RO216",-0.459772735834122,10.9728088378906,22.2721538543701,11.7374877929688,22.7319259643555,1.61168396472931,1.91711294651031,2.34482645988464,1.38120234012604,82.4595031738281,68.2354354858398,63.3880882263184,73.6527557373047,0.512547612190247,0.14633709192276,1.2966465678943e-09,0.00779030378907919,0,0.100291237235069,0,0.233033806085587,229650.953125,42.8899802398601
"RO221",1.4276008605957,12.4480247497559,24.2125778198242,13.5017499923706,22.7849769592285,1.5863790512085,1.65446031093597,1.73403036594391,1.1546665430069,81.3251190185547,68.5618743896484,60.4267654418945,73.2330551147461,0.640531003475189,0.15781258046627,0.0209718849509954,0.0106629710644484,0,0.0214253626763821,0,0.130650475621223,373652,78.7393570787664
"RO222",-0.115417949855328,10.9479732513428,21.9998111724854,11.7287740707397,22.1152286529541,1.68599593639374,2.11115431785583,2.66320323944092,1.53997766971588,81.0306015014648,69.9395904541016,65.0324020385742,75.166877746582,0.461946487426758,0.158785223960876,0.00869861803948879,0.0113738123327494,0,0.150902956724167,0.090714693069458,0.116064168512821,413418.1875,67.6470515584875
"RO223",2.50500893592834,11.88893699646,23.9562377929688,14.1079406738281,21.451229095459,1.54121840000153,1.6600866317749,1.42924308776855,1.38682425022125,80.6916961669922,71.469596862793,63.7677268981934,75.0052795410156,0.618602216243744,0.151903256773949,0.0188692416995764,0.00315735070034862,0,0.0217852238565683,0,0.145680919289589,201931.234375,28.6933365239669
"RO224",0.461908996105194,11.7974185943604,23.4268226623535,12.6716175079346,22.9649124145508,1.66967213153839,1.83296597003937,2.06185483932495,1.36375617980957,81.3630905151367,67.9302368164062,60.7706832885742,72.885856628418,0.630433976650238,0.152082934975624,0.0196319669485092,0.00693287886679173,0,0.030063807964325,0,0.156249105930328,239936.46875,54.5138065826579
"RO225",1.81268966197968,11.7729721069336,23.9101009368896,13.5460062026978,22.097412109375,1.52442622184753,1.43330371379852,1.15630757808685,1.14748787879944,81.2151031494141,70.9075927734375,62.322582244873,74.3602676391602,0.384537160396576,0.159405931830406,0.109831087291241,0.00749702705070376,0,0.0724568590521812,0,0.116896912455559,220959.578125,26.1884889789774
"RO226",-1.07546186447144,9.98893547058105,21.0704288482666,10.8154945373535,22.1458911895752,1.79743528366089,2.30926179885864,2.81836891174316,1.61825013160706,80.8635864257812,70.1983337402344,66.0719299316406,75.2365493774414,0.349057197570801,0.139868944883347,0.00391538441181183,0.00979568436741829,0,0.349630087614059,0.00330631085671484,0.143786653876305,295299.75,60.6733935245056
"RO311",-0.702854931354523,9.87928771972656,20.2753677368164,10.7696752548218,20.9782257080078,1.82479703426361,2.50952410697937,3.42410397529602,1.86965537071228,83.6307983398438,73.343864440918,72.3004760742188,79.1915740966797,0.279044985771179,0.0950171127915382,0.0226226635277271,0.0101964306086302,0,0.12966825067997,0.411926627159119,0.0515239126980305,539514.875,79.2230839626989
"RO312",1.85831272602081,12.7409219741821,24.3869743347168,13.7088050842285,22.5286617279053,1.86043608188629,1.96784043312073,1.8917829990387,1.50995683670044,82.3862075805664,69.8112030029297,62.7630729675293,74.7799530029297,0.631995379924774,0.132479548454285,0.0222552325576544,0.0156100206077099,0,0.0246825646609068,0,0.152074247598648,749304.125,148.667997748472
"RO313",0.0974031612277031,10.8716793060303,21.570011138916,11.619626045227,21.4726085662842,1.85167217254639,2.41892337799072,3.20111584663391,1.81923115253448,83.3935546875,72.6541442871094,70.6953430175781,78.9008712768555,0.391614228487015,0.0869675800204277,0.00944535247981548,0.0116567248478532,0,0.188365310430527,0.267741084098816,0.0442097671329975,442115.25,109.093547247434
"RO314",1.60638380050659,12.7270059585571,24.2701015472412,13.5829811096191,22.6637172698975,2.20652461051941,2.12378120422363,2.21183156967163,1.65790283679962,83.7441482543945,69.7892303466797,63.6656799316406,75.2958602905273,0.592134356498718,0.119855605065823,0.0110282311215997,0.0260180067270994,0,0.0215073712170124,0.0120566114783287,0.21602164208889,1041308.3125,292.242594196404
"RO315",1.59717273712158,12.5978584289551,24.2522583007812,13.5382213592529,22.655086517334,1.56897795200348,1.737908244133,1.7966992855072,1.24664068222046,81.891357421875,69.1461410522461,61.6923637390137,74.4113311767578,0.669313907623291,0.141347900032997,0.0222967099398375,0.00574033753946424,0,0.00978662073612213,0,0.14459240436554,228772.109375,51.5297789196362
"RO316",-0.470534980297089,10.0564422607422,20.6718120574951,10.9180612564087,21.1423473358154,1.94952607154846,2.37343502044678,3.27217626571655,1.79503524303436,82.4110946655273,72.5723342895508,70.3384246826172,78.0543594360352,0.287602603435516,0.1065593957901,0.0219735819846392,0.0130602559074759,0,0.238981559872627,0.203124418854713,0.128698259592056,527883.1875,112.39584155581
"RO317",1.53390526771545,12.8780660629272,24.382495880127,13.7749042510986,22.8485908508301,1.86273598670959,1.99399447441101,2.12532258033752,1.48372578620911,83.48388671875,68.8080978393555,62.1337547302246,74.4036178588867,0.630294919013977,0.137090012431145,0.00957397557795048,0.0073497612029314,0,0.0163578875362873,9.22498584259301e-05,0.19765704870224,324317.3125,56.5121255545603
"RO321",1.58296573162079,12.737135887146,24.3440132141113,13.4981842041016,22.7610492706299,2.47379803657532,2.21118474006653,2.17286252975464,1.70029592514038,83.6816024780273,69.9363021850586,63.4436798095703,75.3913803100586,0.560665607452393,0.0948934927582741,0.0259360652416945,0.0702963247895241,0,0.0208668056875467,0.000752827036194503,0.226302489638329,188410.125,780.267224396685
"RO322",1.35798299312592,12.6368141174316,24.041316986084,13.2835092544556,22.6833324432373,2.11867380142212,2.16052079200745,2.31040954589844,1.63249051570892,83.4822311401367,69.9599227905273,64.154655456543,75.9738693237305,0.57868629693985,0.0951664596796036,0.00950039364397526,0.0369856990873814,0,0.0252510346472263,0.0221830625087023,0.232122138142586,609636.3125,394.880231676062
"RO411",1.72118663787842,12.7948389053345,23.8328895568848,13.4248285293579,22.111701965332,2.03407001495361,2.23365187644958,2.23601007461548,1.68917977809906,83.0092010498047,67.6034317016602,60.3676300048828,73.5450210571289,0.556416034698486,0.152524560689926,0.00916589424014091,0.0104499282315373,0,0.0207801926881075,0.039336021989584,0.209794759750366,552942.875,74.8149881901863
"RO412",-0.729910910129547,9.35959625244141,19.7963943481445,10.4888162612915,20.5263061523438,2.06474661827087,2.50688815116882,3.21416163444519,1.93815553188324,83.6191558837891,72.7081527709961,71.4578018188477,78.4853820800781,0.21540230512619,0.0907026007771492,0.0231959652155638,0.00683928793296218,0,0.156503364443779,0.481114566326141,0.0260669160634279,277626.75,49.8720077999845
"RO413",1.42818367481232,11.7983245849609,22.5430126190186,12.616114616394,21.1148300170898,2.11292934417725,2.30317544937134,2.5220410823822,1.89355862140656,83.8854751586914,70.5540542602539,66.1210250854492,77.0842971801758,0.360714912414551,0.142321929335594,0.00365784275345504,0.00679396186023951,0,0.00839322619140148,0.381058722734451,0.093180313706398,232074.8125,47.1387511697222
"RO414",1.24750590324402,12.7432613372803,23.9626903533936,13.4864311218262,22.7151851654053,1.94760203361511,2.17783904075623,2.39985203742981,1.64484941959381,83.5695495605469,68.611946105957,62.7045974731445,74.7957992553711,0.579816281795502,0.121528677642345,0.00603480776771903,0.0101152360439301,0,0.0178225766867399,0.102245360612869,0.16188433766365,379063.75,68.789888545046
"RO415",-0.932023167610168,9.55840110778809,19.8668346405029,10.4925584793091,20.7988586425781,2.02591252326965,2.50097680091858,3.27532982826233,1.8802717924118,83.4737701416016,72.7396392822266,72.2774505615234,78.8285217285156,0.225870758295059,0.0824066773056984,0.0222157277166843,0.00882904604077339,0,0.301093369722366,0.315293788909912,0.0442906729876995,300063.4375,52.2253179625859
"RO421",1.11688196659088,11.5413818359375,21.7872753143311,12.2676467895508,20.6703948974609,1.75172567367554,2.23527812957764,2.89740538597107,1.4972071647644,83.4289627075195,69.8518218994141,68.0067749023438,75.6464385986328,0.369117736816406,0.142421051859856,0.0065097389742732,0.00719755841419101,0,0.247136384248734,0.0286583621054888,0.19895912706852,368414.875,47.3779043540485
"RO422",0.434876561164856,10.0708103179932,20.5992431640625,11.3820161819458,20.1643695831299,2.34712052345276,2.67304635047913,3.27341771125793,1.99008703231812,84.1129913330078,73.0509872436523,72.1767959594727,78.5252456665039,0.176331326365471,0.109512388706207,0.0102717326954007,0.00845088064670563,0,0.382008939981461,0.192080974578857,0.11832919716835,242820.96875,28.4267167976434
"RO423",-1.22412729263306,8.68460083007812,18.8028945922852,9.9154806137085,20.0270233154297,1.66741609573364,2.33660578727722,3.23138856887817,1.51231670379639,83.2802200317383,74.025146484375,74.645866394043,78.5295486450195,0.1196164265275,0.0951202362775803,0.0173834823071957,0.00805897265672684,0,0.108117491006851,0.63008463382721,0.0216187629848719,321459.03125,45.6630703559343
"RO424",1.99050271511078,12.3248910903931,22.8060626983643,13.1498308181763,20.8155632019043,1.51294851303101,2.0207405090332,2.45704865455627,1.43586277961731,82.1950759887695,68.5010299682617,65.880485534668,74.6525650024414,0.544335961341858,0.179025366902351,0.00162132107652724,0.0103935115039349,0,0.115094117820263,0.000921292055863887,0.148608431220055,661034.875,76.227111976089
"RSG125371",1.18022835254669,11.1515970230103,21.8966789245605,12.2014617919922,20.7164516448975,2.08138823509216,2.25765228271484,2.47800517082214,1.90630054473877,85.0024185180664,71.7086410522461,66.7902069091797,78.1624069213867,0.291273981332779,0.119751714169979,0.00642399117350578,0.00606635585427284,0,0.0772839561104774,0.137685641646385,0.357024431228638,89082.890625,25.5825154448802
"RSG125372",1.67216968536377,11.5524988174438,22.3967781066895,12.6863861083984,20.7246074676514,2.02772521972656,2.22426986694336,2.40099382400513,1.8106107711792,83.0397109985352,70.2889251708984,67.1175155639648,76.4384384155273,0.353873163461685,0.107241690158844,0.00913554709404707,0.0125917065888643,0,0.229680433869362,0.000262637186096981,0.281842201948166,131592.921875,33.9591070646127
"RSG125373",2.92481780052185,13.052417755127,23.9358100891113,14.0131616592407,21.0109939575195,1.73399293422699,2.1069872379303,2.67033410072327,1.79491209983826,80.9418029785156,66.5935897827148,62.3328552246094,73.8107376098633,0.581035196781158,0.141784176230431,0.000287846778519452,0.0855188220739365,0,0.00612041680142283,0,0.185237795114517,1266193.875,396.915471723716
"RSG125374",0.886329293251038,10.6591835021973,21.3603782653809,12.0545454025269,20.4740505218506,1.6936559677124,1.93922197818756,2.00612449645996,1.86395299434662,80.6517562866211,68.5794296264648,62.9350051879883,74.1513366699219,0.249794498085976,0.10784899443388,0.004287991207093,0.0183560159057379,0,0.18389119207859,0,0.435554921627045,217668.28125,80.5063435432369
"RSG125375",2.68432283401489,13.0652093887329,23.6612567901611,13.6269359588623,20.976936340332,1.45475125312805,1.91426181793213,2.35433888435364,1.7483503818512,81.6651840209961,65.8426895141602,61.0231437683105,74.6658630371094,0.668500185012817,0.129260793328285,0.00329365627840161,0.0239112302660942,0,0.00878048036247492,0,0.16614730656147,498980.03125,121.736193276806
"RSG125376",2.83361887931824,13.0717725753784,23.8729000091553,13.9728336334229,21.0392799377441,1.6569629907608,2.048659324646,2.51181149482727,1.65790820121765,81.1045150756836,66.9701690673828,63.5683670043945,73.402961730957,0.657317042350769,0.169610485434532,0.00713731860741973,0.0177693068981171,0,0.00356252281926572,0,0.142065733671188,381902.71875,92.8922384278431
"RSG125377",1.63689637184143,11.2173795700073,21.9964294433594,12.4646978378296,20.3595314025879,1.99285244941711,2.48770046234131,2.94832634925842,2.06538462638855,81.0549240112305,68.1396102905273,65.6159515380859,76.1156387329102,0.434246391057968,0.107614897191525,0.000704030448105186,0.0164622105658054,0,0.117864400148392,0,0.323108017444611,187304.234375,73.3861532901724
"RSG125381",2.61590003967285,12.348518371582,23.0280113220215,13.4366264343262,20.412109375,2.08906245231628,2.54538178443909,2.91266059875488,2.18701791763306,81.3377456665039,67.7310943603516,64.3364791870117,75.5578079223633,0.456624150276184,0.0958744660019875,0.00184526806697249,0.0166602004319429,0,0.203567534685135,0,0.225428402423859,228728.5625,70.1168832248273
"RSG125382",1.02833318710327,10.4948501586914,21.2953338623047,11.9161853790283,20.2670001983643,2.01150965690613,2.34502053260803,2.69829654693604,2.11235570907593,81.5554885864258,70.3372344970703,68.9145965576172,77.3766326904297,0.33291819691658,0.116092368960381,0.00377311697229743,0.0181317571550608,0.000100759934866801,0.167452499270439,0.108193203806877,0.253338038921356,211481.96875,68.5079030101407
"RSG125383",1.03574442863464,10.9664468765259,21.6348686218262,12.1111192703247,20.5991230010986,1.76738405227661,2.10627961158752,2.19679641723633,1.78541040420532,81.5080108642578,68.4601974487305,62.9439697265625,74.5985107421875,0.390380442142487,0.129279851913452,0.00335395825095475,0.0197015404701233,0,0.0517864003777504,0,0.405497848987579,242031.1875,89.0328781822441
"RSG125384",0.730210721492767,10.2387857437134,20.9131927490234,11.898775100708,20.1829814910889,1.62772583961487,1.86531317234039,1.92628490924835,1.82609117031097,79.2687225341797,67.6941757202148,61.6891174316406,72.8556900024414,0.187578126788139,0.134354695677757,0.0249402355402708,0.0102848084643483,0,0.221234321594238,0,0.421271860599518,170706.359375,49.460915265922
"RSG125386",-0.111831776797771,9.73378086090088,20.3472557067871,11.0909395217896,20.4590873718262,1.63082873821259,2.0808093547821,2.18035173416138,1.73024928569794,81.6372528076172,70.3544387817383,67.4006195068359,76.1751174926758,0.224040135741234,0.10101705044508,0.0249129701405764,0.00441253837198019,0,0.150892570614815,0,0.494672924280167,62456.45703125,23.3774742716326
"RSG125387",2.66047310829163,12.6743631362915,23.5924415588379,13.701229095459,20.9319686889648,1.7631516456604,2.05199933052063,2.47019934654236,1.72674536705017,80.4236602783203,67.056640625,63.8188819885254,73.7836532592773,0.599196553230286,0.159665495157242,0.00278607825748622,0.0261028297245502,0,0.00843499135226011,0,0.202019512653351,156888.921875,129.153389859631
"RSG125388",1.88013350963593,11.7895812988281,22.6020374298096,12.8867664337158,20.7219047546387,1.90024209022522,2.18089389801025,2.44305801391602,1.77773320674896,81.9430847167969,69.1953201293945,65.4839477539062,75.5523681640625,0.456050276756287,0.112842924892902,0.00299055664800107,0.020120644941926,0,0.0885395258665085,0,0.319456040859222,189523.96875,70.8583255295937
"RSG125390",1.14403390884399,10.9400291442871,21.6795291900635,12.1501064300537,20.535493850708,1.97756278514862,2.39224100112915,2.61808037757874,2.02488660812378,81.6250381469727,69.5109100341797,65.9936676025391,76.0043106079102,0.353898078203201,0.102392472326756,0.00606641080230474,0.0221356879919767,0,0.100117370486259,0,0.415389984846115,211485.71875,78.0001876939988
"RSG125391",0.285467177629471,9.70746231079102,20.4823017120361,11.219051361084,20.196834564209,2.25480651855469,2.59757328033447,2.67307138442993,2.40102338790894,81.5397109985352,70.650276184082,68.2426300048828,76.979248046875,0.222692251205444,0.14087837934494,0.0177422892302275,0.0180982239544392,0,0.0912182554602623,0.180684968829155,0.328685641288757,262672.96875,67.7106271007235
"RSG125392",2.22530817985535,12.8216180801392,23.248571395874,13.1889543533325,21.0232639312744,1.37869644165039,1.74829125404358,2.18154621124268,1.64498341083527,81.9056015014648,65.3584518432617,60.2577247619629,74.9930191040039,0.676925480365753,0.0980188101530075,0.000688639585860074,0.011009837500751,0,0.00390265067107975,0,0.209454610943794,104874.1171875,58.3441817485252
"RSG125393",2.4139711856842,12.9762306213379,23.4962177276611,13.4789457321167,21.0822467803955,1.31254649162292,1.75778877735138,2.17292356491089,1.47658228874207,82.155517578125,66.0291442871094,60.7801933288574,74.1465148925781,0.686533689498901,0.137570187449455,0.0143843991681933,0.0137214716523886,0,0.0027658857870847,0,0.145024389028549,158640.890625,69.7171578591309
"RSG125394",2.74868750572205,13.1864566802979,23.8762664794922,13.8539562225342,21.1275806427002,1.39308559894562,1.86086595058441,2.3229558467865,1.53257262706757,81.8656616210938,66.4293670654297,61.7315368652344,73.8234634399414,0.711008906364441,0.173689931631088,0.0115515673533082,0.0100779542699456,0,7.49601094867103e-05,0,0.0934377089142799,163308.703125,50.7265274124409
"RSG125395",3.07152032852173,13.2912578582764,23.9687271118164,14.0491037368774,20.8972072601318,1.6709908246994,2.11926531791687,2.56011390686035,1.86498594284058,81.4293594360352,66.3471450805664,61.6564254760742,74.4714050292969,0.613317668437958,0.129428207874298,0.00150751019828022,0.0390537604689598,0,0.0152372112497687,0,0.201368600130081,630972.0625,184.391352902505
"RSG125396",2.1701123714447,11.9992828369141,22.8720149993896,13.1099662780762,20.7019023895264,1.79367005825043,2.11536049842834,2.55822086334229,1.78178381919861,80.8050994873047,67.9141845703125,64.9473266601562,75.0745849609375,0.518018901348114,0.149860173463821,0.00312356231734157,0.0254057254642248,0,0.0458202548325062,0,0.257771372795105,256219.078125,107.79589498141
"RSG125397",0.765241861343384,10.5578155517578,21.2764549255371,11.8037919998169,20.5112133026123,1.86792385578156,2.22582983970642,2.37756061553955,2.01681756973267,81.1076736450195,68.8186264038086,63.9971084594727,75.2287368774414,0.321233063936234,0.106650553643703,0.00259761838242412,0.020087705925107,0,0.146310165524483,0,0.403120905160904,186513.75,85.6115056377304
"RSG125398",0.800019979476929,10.7004613876343,21.4318141937256,11.8314685821533,20.6317958831787,1.83495593070984,2.14180564880371,2.28809547424316,1.77373552322388,83.454833984375,70.5647964477539,65.8603210449219,77.0452270507812,0.328522562980652,0.13239286839962,0.009345768019557,0.00672507286071777,0,0.0881674885749817,0,0.434325754642487,104659.59375,28.4958964059717
"RSG125399",2.29321122169495,12.8408069610596,23.2258949279785,13.1979827880859,20.9326839447021,1.45605528354645,1.84807002544403,2.17529916763306,1.78944528102875,81.6409683227539,65.8779830932617,61.1944389343262,75.5164260864258,0.685380160808563,0.118695288896561,0.000720256066415459,0.0122983055189252,0,0.031719334423542,0,0.151186615228653,137421.75,56.646106205461
"RSG125400",0.381978571414948,9.45045948028564,20.2021980285645,11.1641139984131,19.820219039917,2.47087860107422,2.61203527450562,2.75223636627197,2.7631676197052,81.2917251586914,70.7483901977539,69.3703308105469,77.0670394897461,0.228055685758591,0.134020298719406,0.005905631929636,0.00998518895357847,0.00354794855229557,0.0399944707751274,0.518722355365753,0.0597684234380722,266029.5625,43.1886641392459
"SE110",-1.09043395519257,6.09855079650879,17.1003894805908,8.47965240478516,18.1908226013184,1.57330071926117,1.11004984378815,2.24790382385254,2.00098633766174,84.5161361694336,71.8980560302734,73.8257598876953,82.5544128417969,0.109000615775585,0.0130154145881534,0.0036514257080853,0.0691047385334969,0,0.412873864173889,0,0.14873993396759,2437144.75,338.103755757084
"SE121",-1.85279011726379,5.95828676223755,16.6806926727295,7.83509540557861,18.5334815979004,1.76588380336761,1.28656685352325,2.44405055046082,2.00855588912964,84.7979888916016,69.3548965454102,71.517936706543,82.4412307739258,0.190539225935936,0.0212083980441093,0.00681640487164259,0.0144968898966908,0,0.470181375741959,0.0741119161248207,0.137752771377563,446978.4375,51.6238028211545
"SE122",-1.52961468696594,6.59980869293213,16.800745010376,8.02355670928955,18.330358505249,1.56413924694061,1.23560047149658,2.36177039146423,1.8936105966568,84.992561340332,70.5110168457031,72.7701568603516,82.9031219482422,0.177952110767365,0.0206374321132898,0.00776435388252139,0.0165069308131933,0,0.391937613487244,0.0338998809456825,0.144901126623154,294046.03125,41.7463011565221
"SE123",-1.34230375289917,6.5947060585022,16.6816082000732,8.25332069396973,18.0239124298096,1.63486433029175,1.32487106323242,2.43755578994751,1.84131693840027,86.4538650512695,71.7564849853516,73.9607162475586,83.6145401000977,0.162053912878036,0.0119043113663793,0.00226498208940029,0.0120666325092316,2.94982171037154e-29,0.482695311307907,0.0798214673995972,0.109064415097237,446450.3125,36.0871178813808
"SE124",-2.82349467277527,5.88145923614502,15.7922067642212,7.00174474716187,18.615701675415,1.94582843780518,1.59272921085358,2.7590491771698,2.35342597961426,86.3070068359375,70.5745239257812,74.1038513183594,84.0012054443359,0.113443180918694,0.0122484071180224,0.00197678036056459,0.0097060389816761,4.9835088795947e-28,0.0174336358904839,0.724258720874786,0.00329779111780226,323369.625,33.6978980045072
"SE125",-2.63574528694153,5.84873580932617,15.6786775588989,6.87308502197266,18.3144226074219,1.57681286334991,1.39651739597321,2.5875518321991,2.01774382591248,84.8028335571289,68.3288726806641,71.6233291625977,82.8762054443359,0.176232069730759,0.0222647823393345,0.00641896389424801,0.0194683093577623,2.01692127498179e-27,0.0247994773089886,0.666101336479187,0.00951604265719652,228500.40625,40.5232869058686
"SE211",-1.36099791526794,6.33917903900146,15.9750556945801,8.03249835968018,17.3360538482666,2.04437518119812,1.66414189338684,2.85494613647461,2.28955125808716,89.0319595336914,73.0988235473633,76.2142715454102,85.8572692871094,0.0784460976719856,0.0038323737680912,0.00139617756940424,0.00863750465214252,2.7334774482044e-30,0.589639246463776,0.166904106736183,0.0612749382853508,343728.59375,29.399408194774
"SE212",-0.536766052246094,6.86557054519653,16.4088363647461,8.76062774658203,16.9456024169922,2.0763566493988,1.62941586971283,2.71674752235413,2.20361065864563,88.9552612304688,74.1977157592773,76.831657409668,85.9158325195312,0.0551235191524029,0.00415444932878017,0.00087498250650242,0.00766968633979559,1.0523691824396e-26,0.445637345314026,0.347458630800247,0.0443796962499619,231372.734375,24.8069289377031
"SE213",-0.493753254413605,6.6037483215332,16.8324718475342,8.84412860870361,17.3262233734131,1.64073014259338,1.21763908863068,2.2709596157074,1.77016282081604,85.4743881225586,72.3902130126953,73.3921966552734,82.7179946899414,0.0758130997419357,0.00648391246795654,0.00284851691685617,0.00633908435702324,0,0.725051522254944,0,0.0792086645960808,181718.65625,15.3759063999601
"SE214",1.36788642406464,6.00886535644531,17.3839092254639,10.0439796447754,16.0160217285156,1.52433347702026,0.923823237419128,1.74978506565094,1.80485451221466,81.9862213134766,74.6559143066406,73.5519027709961,80.0101928710938,0.162626191973686,0.0359538644552231,0.00586941186338663,0.00267280195839703,0,0.247867345809937,0,0.107317954301834,11820.8447265625,3.77123738453136
"SE221",0.486677438020706,7.22159624099731,16.9448871612549,9.64491271972656,16.4582080841064,2.10214066505432,1.36816203594208,2.27060294151306,1.98391211032867,86.011833190918,75.0181045532227,76.8150405883789,83.3092346191406,0.0655217319726944,0.00235158205032349,9.75779767031781e-05,0.00857287179678679,8.62560728329351e-26,0.531631708145142,0.0253582410514355,0.0893356278538704,103114.3359375,32.950804909372
"SE224",0.640085101127625,7.66172409057617,16.9007568359375,9.73857116699219,16.2606716156006,2.4046151638031,1.68836224079132,2.71989512443542,2.33193922042847,88.3115081787109,75.7439270019531,77.8501129150391,84.9163131713867,0.284749776124954,0.0147146610543132,0.000109856060589664,0.0282540414482355,5.01654892038475e-25,0.0729925185441971,0.517487585544586,0.0476454868912697,865258.5,76.5074308789367
"SE231",0.113893032073975,7.41131687164307,16.5335330963135,9.23762035369873,16.419641494751,3.07778906822205,2.19657778739929,3.43941450119019,3.20025157928467,88.4666137695312,74.4108734130859,77.4897842407227,85.2989501953125,0.12343917787075,0.00625993125140667,0.000284240260953084,0.0108243254944682,1.21567568646927e-31,0,0.705554962158203,0,239581.484375,42.1497393061799
"SE232",-1.1417008638382,6.68172740936279,16.264253616333,8.29657459259033,17.4059543609619,2.53281235694885,1.90924286842346,2.94087791442871,2.83269953727722,86.9191436767578,73.3120193481445,76.0503234863281,83.8940734863281,0.160228848457336,0.0191368889063597,0.00387223670259118,0.0103143090382218,0.00181595841422677,0.181765243411064,0.372188001871109,0.0602307319641113,1220650,42.1011994662403
"SE311",-3.85852241516113,5.46330404281616,15.572208404541,6.56751775741577,19.4307308197021,2.01634430885315,1.81044840812683,2.81726551055908,2.60688614845276,85.4548034667969,71.1814804077148,73.6664047241211,83.0958786010742,0.0527402646839619,0.0104942256584764,0.00160089356359094,0.00963611714541912,0.00672286469489336,0.0136767933145165,0.740169107913971,0.00801640842109919,297807.53125,13.665855458859
"SEG226001",-8.32447242736816,1.93878889083862,12.8097858428955,3.14937329292297,21.1342582702637,1.64678752422333,1.75742983818054,2.97586941719055,2.38538885116577,83.9560470581055,71.2299041748047,73.3890380859375,83.1918106079102,0.00263137766160071,7.33923734514974e-05,0.000254088517976925,0.000502600916661322,0.0113384323194623,0,0.966880440711975,0,6822.3564453125,0.961534520413565
"SEG226002",-3.34998059272766,5.01173114776611,14.8335199356079,6.06781673431396,18.183500289917,1.4686461687088,1.34414458274841,2.53711223602295,1.97602355480194,84.5511703491211,68.2698440551758,70.8815689086914,82.417594909668,0.108622126281261,0.0113224172964692,0.00920394621789455,0.00557349249720573,0,0,0.823093891143799,0,11015.833984375,16.4694940834952
"SEG226003",-4.88716268539429,4.42831754684448,14.6271867752075,5.48779296875,19.5143489837646,1.66063737869263,1.55964291095734,2.83666586875916,2.15786170959473,84.6188507080078,68.582389831543,72.0594787597656,83.0599746704102,0.0460901483893394,0.00371160870417953,0.00137398194056004,0.0099164554849267,1.24590078244784e-29,0,0.883139669895172,0,23238.607421875,36.8234465660714
"SEG226004",-4.84497308731079,4.21680736541748,14.5034942626953,5.4590425491333,19.3484668731689,1.57439625263214,1.42116415500641,2.67571115493774,2.11962342262268,84.9860153198242,69.0268402099609,71.7890777587891,83.2004776000977,0.0282771922647953,0.00235856813378632,0.000806387979537249,0.00802254490554333,1.8898457209492e-28,0,0.885572135448456,0,55283.16796875,24.5549593976382
"SEG226005",-5.32084178924561,4.37144374847412,14.7102460861206,5.38147401809692,20.0310878753662,1.66960537433624,1.63778829574585,2.90084600448608,2.22026181221008,84.7728500366211,69.0053634643555,72.4967956542969,83.2836456298828,0.0201909504830837,0.0026865100953728,0.000759093789383769,0.00500320643186569,0,0,0.906671285629272,0,11753.2724609375,14.5490144228443
"SEG226006",-3.68830752372742,4.91187047958374,14.7708969116211,5.93964099884033,18.4592037200928,1.52316451072693,1.41338276863098,2.62464904785156,2.04430818557739,84.5611190795898,68.3072052001953,71.2559280395508,82.6546249389648,0.109488882124424,0.0113218873739243,0.00720354495570064,0.00677876034751534,4.73554623056445e-31,0,0.826228320598602,0,18274.2265625,19.7240776571977
"SEG226007",-5.72424936294556,4.21145915985107,14.6456232070923,5.19943618774414,20.369873046875,1.43738949298859,1.52128660678864,2.79703211784363,2.01379156112671,84.1974868774414,69.1893844604492,72.3016357421875,82.7978363037109,0.0279809534549713,0.00440226076170802,0.00123378448188305,0.00550005165860057,4.23898143724603e-29,0,0.829243183135986,0,22715.197265625,15.6476232225976
"SEG226008",-5.20030641555786,4.37389993667603,14.668306350708,5.39970636367798,19.8686122894287,1.8495454788208,1.75079524517059,2.98968505859375,2.3585159778595,85.1788177490234,68.9807815551758,72.7058029174805,83.6126022338867,0.0125474529340863,0.000545375514775515,0.000307250360492617,0.00439481530338526,1.86595383776534e-28,0,0.944874286651611,0,23298.962890625,14.0813966220654
"SEG226009",-6.88608503341675,3.67329502105713,14.2958707809448,4.52707481384277,21.1819553375244,1.93536782264709,1.97620832920074,3.11644411087036,2.61567878723145,84.6734237670898,70.0603485107422,72.8150787353516,83.4571075439453,0.0042506717145443,0.00014807510888204,0.000261875189607963,0.001175063312985,0.0108983032405376,0,0.954248368740082,0,11101.625,2.56680286090935
"SEG226010",-6.71504259109497,3.57598423957825,14.1806802749634,4.53049516677856,20.8957233428955,1.62027108669281,1.74157631397247,2.9554078578949,2.25107550621033,83.9982528686523,69.4796905517578,72.3498229980469,82.7812805175781,0.00879452377557755,0.000691613822709769,0.00041827853419818,0.0020725205540657,2.6782582080494e-25,0,0.940671801567078,0,15829.1904296875,5.06920833219618
"SEG226011",-6.93849992752075,3.31158781051636,13.9388637542725,4.36247110366821,20.8773632049561,1.65594708919525,1.76235616207123,2.94553828239441,2.4315071105957,83.9572525024414,69.549919128418,72.0343856811523,82.7694931030273,0.00907493475824594,0.00129179959185421,0.000404916965635493,0.00276473327539861,2.54600499743582e-28,0,0.953948736190796,0,14424.794921875,8.00027524090576
"SEG226012",-6.10519027709961,3.76840305328369,14.287766456604,4.89143228530884,20.3929557800293,1.51971101760864,1.533442735672,2.74927067756653,2.14463376998901,84.2093811035156,68.9027404785156,71.3223419189453,82.6629409790039,0.0193738341331482,0.00301923719234765,0.000788379402365535,0.00376396393403411,1.70799878365439e-29,0,0.920751452445984,0,20288.7265625,9.49733685147018
"SEG226013",-4.15562391281128,4.78411865234375,14.783543586731,5.85885858535767,18.9391689300537,1.59744346141815,1.50776350498199,2.74778628349304,2.11444902420044,84.6347808837891,68.4692001342773,71.8623733520508,83.0134201049805,0.0992960035800934,0.00883179530501366,0.0046835825778544,0.00824556220322847,1.82823022664746e-29,0,0.831429839134216,0,16812.328125,26.3315416664231
"SEG226014",-4.26802968978882,4.78466558456421,14.8419542312622,5.82388591766357,19.1099834442139,1.71928215026855,1.57764899730682,2.82525110244751,2.18316960334778,84.7976455688477,68.5473785400391,72.2111968994141,83.1730499267578,0.0643606930971146,0.00513817882165313,0.00245807413011789,0.00871046632528305,6.27196804945192e-28,0,0.870317757129669,0,32726.314453125,31.0608530434474
"SEG226015",-5.80963134765625,4.12331533432007,14.52907371521,5.09839200973511,20.3387050628662,1.85370934009552,1.84033048152924,3.03831219673157,2.37769222259521,85.0705718994141,69.257438659668,72.7665939331055,83.4955673217773,0.00791924446821213,0.000292778597213328,0.000332965777488425,0.00174555496778339,7.3686989327487e-25,0,0.951104581356049,0,5224.0302734375,3.15497012516934
"SEG226016",-5.48015880584717,3.39594030380249,14.1859998703003,5.225182056427,19.6661586761475,1.70821213722229,1.49686288833618,2.67016816139221,2.19483923912048,83.794807434082,69.1006698608398,70.8642272949219,81.8900985717773,0.0482082329690456,0.00402521109208465,0.00416119396686554,0.00495105935260653,1.89380986255373e-27,0,0.88631147146225,0,25323.58203125,12.7381839150989
"SEG226017",-2.43767428398132,5.22172260284424,15.8046569824219,7.34393310546875,18.2423305511475,1.7362459897995,1.30180859565735,2.57841324806213,2.0896635055542,83.8991928100586,68.9565124511719,70.3282318115234,81.6116180419922,0.04887655377388,0.00398295512422919,0.00420730840414762,0.0109896110370755,3.6183709756729e-31,0.368604391813278,0.270017772912979,0.0703531503677368,70231.65625,39.5590907615459
"SEG226018",-3.56815624237061,4.81537771224976,14.875244140625,6.11710214614868,18.4433994293213,1.60120642185211,1.36065149307251,2.62820386886597,2.0725679397583,84.6932067871094,68.6733016967773,71.1195755004883,82.5754241943359,0.0648989528417587,0.00638051284477115,0.00576793262735009,0.00461767660453916,7.003470739798e-32,0,0.872560203075409,0,5213.85107421875,11.6252911977484
"SEG226019",-5.55149364471436,3.35753512382507,14.5579109191895,5.51950550079346,20.1094055175781,1.74423813819885,1.46413385868073,2.54110646247864,2.20971274375916,82.9515228271484,70.8256301879883,72.1948547363281,81.1343841552734,0.0358411259949207,0.00519213639199734,0.00242404849268496,0.00364658888429403,1.32476685586521e-24,0,0.787489056587219,0,26559.203125,9.65281897594775
"SEG226020",-7.1978006362915,2.91449594497681,13.7727184295654,4.20785427093506,20.9705200195312,1.48328232765198,1.51707875728607,2.69973468780518,2.0670485496521,83.6291351318359,68.9085540771484,71.017936706543,82.1753387451172,0.0120845455676317,0.00112725759390742,0.00158546911552548,0.00142450688872486,3.73507149694683e-25,0,0.94845449924469,0,14657.3759765625,2.60871868575334
"SEG226021",-5.79553174972534,3.38071727752686,14.752326965332,5.55300951004028,20.5478572845459,1.7242945432663,1.46131801605225,2.50216197967529,2.28099131584167,82.8683776855469,71.3792724609375,72.4870758056641,81.2738494873047,0.032879427075386,0.00517094228416681,0.00232886546291411,0.00712996395304799,1.1573357041253e-23,0,0.804558753967285,0,36868.4453125,25.4109101758488
"SEG226022",-3.76748824119568,4.47085475921631,14.9179077148438,6.30539989471436,18.6853942871094,1.79067480564117,1.42281854152679,2.7039270401001,2.23503804206848,84.1672668457031,69.1612014770508,71.1055145263672,82.1751022338867,0.0409905835986137,0.00356664694845676,0.00225338363088667,0.00715119857341051,2.03092779309534e-28,0,0.872860670089722,0,21636.765625,19.1127758189692
"SEG226023",-6.30111408233643,3.29970359802246,13.9626293182373,4.66105079650879,20.263744354248,1.53458571434021,1.49753820896149,2.68080854415894,2.12303566932678,84.2383575439453,69.0914535522461,71.2578887939453,82.6373138427734,0.0213840752840042,0.0017665324267,0.0012510190717876,0.00279868952929974,5.17847702713734e-28,0,0.91771537065506,0,12334.580078125,6.08855324391184
"SEG226024",-3.22957515716553,4.87391185760498,15.1447563171387,6.5720624923706,18.3743324279785,1.6839771270752,1.35447144508362,2.63990473747253,2.1152036190033,84.4608764648438,68.9653167724609,71.01220703125,82.3045501708984,0.0566562674939632,0.00407157884910703,0.00521581573411822,0.00597263080999255,8.2218927337191e-31,0,0.852874219417572,0,21745.0703125,16.7324137092603
"SEG226025",-4.27428674697876,3.92753911018372,14.7479772567749,6.21217823028564,19.0222644805908,1.86076247692108,1.52590572834015,2.63746380805969,2.32602524757385,82.9294509887695,69.8106994628906,71.1044464111328,81.1170425415039,0.0547765642404556,0.00745974108576775,0.00386808114126325,0.00344945234246552,0,0,0.852263271808624,0,6565.671875,5.58421887825545
"SEG226033",-7.00544309616089,0.611301183700562,10.9924097061157,3.12548065185547,17.9978523254395,3.1153609752655,2.41466164588928,2.93730473518372,3.00674915313721,83.6841354370117,75.8189163208008,77.818603515625,84.4909362792969,0.00698299892246723,0.000441774929640815,0.00225851940922439,0.000391385925468057,0.010088624432683,0,0.88610303401947,0,12720.0576171875,1.54118430012384
"SEG226034",-7.74615335464478,1.25195944309235,11.8438119888306,2.93891263008118,19.5899639129639,1.50564134120941,1.53236997127533,2.85965275764465,2.13859415054321,83.1069412231445,71.9773330688477,74.4650802612305,82.8500747680664,0.0097876526415348,0.000381683348678052,0.0018294487381354,0.00060494156787172,9.55681912493778e-25,0.3025963306427,0.630153179168701,0.00517697259783745,9593.4453125,1.56311891930459
"SEG226035",-7.34597635269165,2.78030705451965,13.720531463623,4.10409784317017,21.0665073394775,1.39080846309662,1.42022395133972,2.73643136024475,1.99515879154205,84.1477127075195,69.9417114257812,71.90087890625,82.9573745727539,0.00680073630064726,8.68474817252718e-05,0.000407804967835546,0.000872830802109092,8.84751484200831e-25,0.0760685577988625,0.85515284538269,0.00093743042089045,8977.7421875,2.3690797603573
"SEG226036",-8.28519439697266,1.16593790054321,11.92626953125,2.71787595748901,20.2114639282227,1.45078432559967,1.54991352558136,2.87726044654846,2.14568328857422,83.5191955566406,71.4953460693359,73.7082748413086,82.9878997802734,0.00179882429074496,2.71169374173041e-05,0.000990237109363079,0.000534964434336871,0.00637734215706587,0.000228385484660976,0.970213115215302,4.4729908950103e-06,9422.515625,0.793521524225148
"SEG226037",-6.76192235946655,1.86498260498047,12.4191064834595,3.93988633155823,19.1810283660889,2.52647519111633,2.06756615638733,2.85191869735718,2.84510064125061,84.7053451538086,73.8237686157227,75.364616394043,84.7771072387695,0.0099184550344944,0.000257723178947344,0.00175011355895549,0.000766365556046367,0.0071815955452621,0,0.896944522857666,0,17284.818359375,2.499972561687
"SEG226038",-6.46547889709473,3.07989597320557,13.6475887298584,4.55843305587769,20.1130695343018,1.62410569190979,1.541130900383,2.76570916175842,2.26739263534546,83.5044479370117,70.8317108154297,73.0215759277344,83.0065765380859,0.034313153475523,0.00224312604404986,0.001845070743002,0.00612240703776479,2.63408039991369e-23,0.0879059359431267,0.793141603469849,0.00108330824878067,53462.54296875,21.3190963606207
"SEG226039",-7.71273231506348,2.51639103889465,13.6280364990234,3.9473123550415,21.3407688140869,1.5039449930191,1.42589342594147,2.77497005462646,2.14687061309814,84.6693420410156,69.9335021972656,71.4871826171875,83.558349609375,0.00930902268737555,8.22157671791501e-05,0.000867830065544695,0.000853890436701477,2.43379800352284e-24,0,0.960390985012054,0,4131.46142578125,1.56454003521705
"SEG226040",-7.83645677566528,1.53663051128387,12.5635223388672,3.41858053207397,20.3999786376953,2.12021565437317,1.77640092372894,2.7775297164917,2.77629518508911,85.2000350952148,73.4206314086914,74.2346038818359,85.0639495849609,0.00372289516963065,3.06110705423634e-05,0.00118149584159255,0.000456919020507485,0.00664957659319043,0,0.914249420166016,0,12547.15234375,1.07094209841905
"SEG226072",-10.3243074417114,1.29090905189514,13.8826637268066,2.44969844818115,24.2069702148438,1.42068588733673,1.37280404567719,2.41184973716736,2.11421132087708,82.6566314697266,68.5322036743164,68.5555801391602,82.8108367919922,0.00612460309639573,4.9773294449551e-05,0.00022046864614822,0.00122072012163699,9.66357112604667e-28,0,0.969816565513611,0,5015.50634765625,2.7829598403605
"SEG226073",-12.7289915084839,-1.86192274093628,10.6638708114624,0.486701935529709,23.3928623199463,1.87496984004974,1.71472823619843,2.74979901313782,2.76425099372864,82.9020843505859,73.9225921630859,74.5764999389648,84.4870300292969,0.000210931961191818,2.05128299057833e-06,0.0014498473610729,0.000152847889694385,0.00625994149595499,0,0.899084448814392,0,4144.6689453125,0.287040125561651
"SEG226074",-10.9544591903687,0.634743690490723,13.1235418319702,1.94813072681427,24.0780010223389,1.48310482501984,1.52226781845093,2.70397782325745,2.30272126197815,83.6740036010742,69.5064849853516,69.9072341918945,83.9491882324219,0.000323693820973858,1.03757347460487e-05,0.000281235697912052,0.000380996410967782,1.4140805504853e-27,0,0.953773379325867,0,6990.7470703125,1.14431366374206
"SEG226075",-10.5721559524536,1.20792579650879,13.9394998550415,2.41971778869629,24.5116558074951,1.55676198005676,1.39767229557037,2.34035658836365,2.2722020149231,83.3208084106445,68.9341735839844,68.3207321166992,83.1712875366211,0.00486206915229559,0.000166106605320238,0.000279059575404972,0.00083582429215312,1.76481693740942e-25,0,0.966716229915619,0,6853.88671875,1.59653545613949
"SEG226076",-12.1158752441406,-1.39568793773651,11.4689331054688,0.467460155487061,23.5848083496094,1.39433479309082,1.34131503105164,2.53662824630737,2.18070220947266,81.9352416992188,71.1979522705078,72.0956039428711,83.3501052856445,0.000218319037230685,1.59323262778344e-05,0.0010421744082123,0.000531878729816526,0.00351501908153296,0,0.957837760448456,0,29113.509765625,1.72777256850801
"SEG226077",-9.51411819458008,1.90827679634094,14.8711528778076,3.56055331230164,24.3852710723877,1.66095423698425,1.48630487918854,2.2266001701355,2.23572731018066,85.4604873657227,70.5368881225586,69.7375793457031,85.6914825439453,0.0294881761074066,0.000717988470569253,0.00106553849764168,0.00164005730766803,2.45501205098605e-24,0,0.938032984733582,0,1583.41015625,1.68366741997339
"SEG226078",-12.6161937713623,-2.07058620452881,10.5817079544067,0.0957083404064178,23.1979007720947,1.67949020862579,1.52793478965759,2.6530237197876,2.5249514579773,82.0401458740234,72.3890228271484,73.435188293457,83.6675720214844,8.44014357426204e-05,1.99954092749977e-06,0.000632796727586538,0.000118606454634573,0.00462367758154869,0,0.934709072113037,0,4900.66796875,0.252837625371352
"SEG226079",-8.9948034286499,1.73780393600464,14.7213773727417,3.79122805595398,23.7161808013916,1.39806020259857,1.33631718158722,2.09496784210205,2.14176964759827,84.6782608032227,70.6347961425781,69.0849609375,84.0279159545898,0.00423933519050479,8.94468830665573e-05,0.000216829983401112,0.00164604198653251,2.38650224238077e-23,0,0.863905847072601,0,2150.95947265625,1.1828244358146
"SEG226080",-12.7698278427124,-2.5029125213623,10.6849212646484,-0.292602002620697,23.4547500610352,1.28733992576599,1.26405823230743,2.42654156684875,1.9723733663559,81.9375915527344,73.0566711425781,73.4521102905273,83.8671722412109,0.000630484195426106,8.28855536383344e-06,0.00161482754629105,0.000523623079061508,0.00974761787801981,0,0.950052261352539,0,14838.650390625,0.725119187889553
"SEG226081",-8.6344575881958,2.0569314956665,14.994776725769,3.97850155830383,23.6292343139648,1.34681582450867,1.22618198394775,2.01455521583557,2.07178020477295,84.2091445922852,71.6372604370117,70.109260559082,82.8962936401367,0.0176898371428251,0.000316182791721076,0.00028146748081781,0.00900277588516474,2.27120075475186e-23,0,0.732443153858185,0,45846.76171875,21.2480583455886
"SEG226082",-9.90537261962891,1.49185144901276,14.3621988296509,2.90511965751648,24.2675724029541,1.47273302078247,1.42418777942657,2.32981824874878,2.16898036003113,84.152214050293,69.3507232666016,68.3634948730469,84.1626815795898,0.00123470718972385,5.61183333047666e-05,0.000341053557349369,0.000300700397929177,1.10844987426703e-26,0,0.974893748760223,0,2906.32958984375,0.992012302573952
"SEG226083",-9.73288726806641,1.90257835388184,14.8255634307861,3.20470809936523,24.5584506988525,1.40979218482971,1.34704256057739,2.26952266693115,2.00643515586853,84.9593658447266,69.893196105957,69.1930694580078,85.2886199951172,0.00862643122673035,0.000171147912624292,0.000847359595354646,0.000782725925091654,5.19322072960385e-25,0.000443236087448895,0.965719640254974,0.000198771347641014,5204.56201171875,2.07323171560042
"SEG226084",-11.4040670394897,0.627910256385803,13.7977561950684,1.58915901184082,25.2018222808838,1.29410600662231,1.37478768825531,2.37606859207153,1.92883825302124,83.6165542602539,69.5203247070312,68.7312622070312,83.9266357421875,0.000747385842259973,1.9984658138128e-05,0.000390077009797096,0.00023353383585345,4.31191524868201e-27,0,0.993807852268219,0,6042.59326171875,0.740531294165016
"SEG226085",-8.81248378753662,1.7474285364151,14.2749891281128,3.55371165275574,23.0874729156494,1.40538227558136,1.33410835266113,2.30578589439392,2.17843818664551,83.1543731689453,69.7859344482422,69.620964050293,83.0885696411133,0.017966503277421,0.000617056561168283,0.000369467423297465,0.00293681933544576,3.52084260551286e-27,0,0.953613758087158,0,23842.56640625,7.42921071801761
"SEG226201",-10.0041170120239,1.4028902053833,13.3148965835571,2.77068877220154,23.3190155029297,1.55492532253265,1.47359478473663,2.69907093048096,2.41042876243591,85.5924758911133,70.437873840332,71.1208572387695,84.9967269897461,0.00265670428052545,1.30121588881593e-05,0.000831086188554764,0.000321026949677616,4.14365275834232e-26,0,0.972750425338745,0,2592.61474609375,0.569295928758154
"SEG226202",-7.9493727684021,2.12056756019592,14.2884531021118,4.07359552383423,22.2378273010254,1.79037368297577,1.51373565196991,2.50141000747681,2.59601855278015,85.4430084228516,70.2827529907227,70.7117080688477,84.1730117797852,0.0107059702277184,0.000117832787509542,0.00139734032563865,0.00134388590231538,2.88933303020609e-24,0,0.961297512054443,0,3556.7236328125,2.58629743009738
"SEG226203",-9.09863948822021,1.17383575439453,12.6165590286255,2.92487740516663,21.7152004241943,1.89502048492432,1.65859925746918,2.90774416923523,2.79135918617249,85.2143859863281,72.3071746826172,73.0316162109375,85.03857421875,0.00199726200662553,2.5677745725261e-05,0.000916452496312559,0.000229849028983153,1.20746224085676e-26,0,0.95526397228241,0,2233.28198242188,0.750559622647117
"SEG226204",-10.0210781097412,1.26747846603394,13.4644784927368,2.73262405395508,23.4855575561523,1.42839765548706,1.45109152793884,2.70362210273743,2.25096774101257,84.4697647094727,69.3506088256836,70.1876754760742,84.2243499755859,0.00178280251566321,1.724714456941e-05,0.000611854426097125,0.00057406013365835,1.40524708020237e-26,0,0.969390988349915,0,12534.1474609375,2.12556242893888
"SEG226205",-10.3529405593872,1.14000451564789,13.4572248458862,2.57011485099792,23.8101673126221,1.47581684589386,1.5024288892746,2.76190805435181,2.39038705825806,84.3607406616211,69.4665985107422,69.9702377319336,84.3298034667969,0.000646697997581214,3.43668543791864e-05,0.000325970380799845,0.000347896973835304,8.96681685745101e-28,0,0.963064789772034,0,2740.33984375,1.56015361936486
"SEG226206",-6.85247945785522,2.40463185310364,14.6221446990967,4.78449058532715,21.4746246337891,1.58421468734741,1.32047975063324,2.36420822143555,2.5150580406189,85.4123001098633,70.5440444946289,70.806770324707,83.6576614379883,0.0273686982691288,0.00252899597398937,0.00256160320714116,0.00264635169878602,2.11183318141294e-23,0,0.905616581439972,0,8129.9833984375,6.58192943350165
"SEG226207",-8.83713340759277,1.74399411678314,13.9890384674072,3.34238767623901,22.826171875,1.52362835407257,1.48666334152222,2.51440048217773,2.29424953460693,84.4153213500977,69.361930847168,69.7920837402344,84.4931640625,0.00175665318965912,2.21245991269825e-05,0.000317102996632457,0.000457516318419948,1.74653557896899e-26,0,0.951160967350006,0,2909.87573242188,1.51070739127469
"SEG226208",-5.58761835098267,2.37636947631836,14.653356552124,5.82862949371338,20.2409744262695,2.4406054019928,1.93829941749573,2.31383728981018,2.91080784797668,84.1446838378906,72.4485015869141,72.3708038330078,82.9761047363281,0.0473889373242855,6.86597923049703e-05,0.00196059746667743,0.00165908096823841,0,0.85828423500061,0,0.0373785682022572,4559.15185546875,3.48589384221604
"SEG226209",-7.65835571289062,2.08117747306824,14.4484186172485,4.32012367248535,22.1067733764648,1.73006451129913,1.55974912643433,2.38096475601196,2.41782021522522,83.9778213500977,70.1159362792969,70.2382278442383,83.6970672607422,0.0279102716594934,0.000577121623791754,0.000950684538111091,0.00281671597622335,6.13464462218524e-27,0.102306261658669,0.838347852230072,0.003117406507954,56559.13671875,7.90945295984915
"SEG226210",-12.3148746490479,-1.06739270687103,11.241003036499,0.990027010440826,23.5558776855469,1.93900966644287,1.78000795841217,2.78269171714783,2.76831293106079,83.6375198364258,73.0062408447266,73.8796768188477,84.6395797729492,0.000760790193453431,8.37198786030058e-06,0.000663741724565625,0.000230443401960656,0.00806210935115814,0,0.941694974899292,0,3125.70190429688,0.393139064088994
"SEG226211",-11.1541128158569,-0.804852426052094,11.0696744918823,1.37307524681091,22.2237873077393,2.26707196235657,1.95378255844116,2.74443006515503,2.91515159606934,84.2869033813477,73.8744354248047,74.9462509155273,85.2384262084961,0.0014435201883316,1.83905576705001e-05,0.00116193003486842,0.000188803867786191,0.0108056906610727,0,0.914244294166565,0,4663.537109375,0.565616848360039
"SEG226212",-5.59944009780884,2.65380811691284,14.9258909225464,5.7363486289978,20.5253314971924,1.77655029296875,1.50848889350891,2.28259897232056,2.47891044616699,84.8605117797852,71.0512084960938,71.2090225219727,83.3337173461914,0.0341281555593014,0.00243846699595451,0.00112415035255253,0.010189319960773,1.00705501955362e-23,0.529320478439331,0.191516369581223,0.027284162119031,74906.4296875,31.7109651298626
"SEG226213",-6.60351371765137,2.28264951705933,14.5251865386963,4.93902206420898,21.1287002563477,1.560879945755,1.39642202854156,2.27314949035645,2.40736818313599,85.1621398925781,70.6360778808594,70.8484497070312,83.7611312866211,0.0389775335788727,0.00483725219964981,0.00310381408780813,0.00266126496717334,3.61354177497749e-23,0,0.859778642654419,0,5125.64892578125,9.30454432069616
"SEG226214",-10.3240222930908,0.0942220613360405,11.8030691146851,2.05596971511841,22.1270923614502,1.99315226078033,1.76315069198608,2.86483383178711,2.75508666038513,84.8417739868164,72.9454727172852,74.2215576171875,85.2075042724609,0.00130960054229945,1.2879489986517e-05,0.00147894863039255,0.00013872240378987,0.00628096563741565,0,0.943472564220428,0,6951.84619140625,0.797148262581884
"SEG226215",-8.04946899414062,1.84829843044281,14.0406723022461,3.94107222557068,22.0901432037354,1.58355486392975,1.56728959083557,2.40419626235962,2.32106232643127,84.9921722412109,69.7889404296875,70.250846862793,84.7340469360352,0.00916903465986252,6.95210619596764e-05,0.000910277070943266,0.000451688101748005,4.19471708059196e-25,0.0372859761118889,0.91781359910965,0.000645427033305168,6445.7412109375,2.25656136153364
"SEG226216",-7.36485767364502,2.84668684005737,13.806095123291,4.18228673934937,21.1709537506104,1.38281118869781,1.39460027217865,2.67811226844788,1.97885382175446,84.0984268188477,69.5179977416992,71.5428237915039,82.7659072875977,0.00665310490876436,0.00023818900808692,0.000526443938724697,0.000808324897661805,2.06823078814302e-24,0.0279055498540401,0.916288495063782,0.000343893887475133,6056.51123046875,1.83281513054496
"SEG226217",-6.94571924209595,3.32308459281921,15.0681819915771,5.0988564491272,22.0139026641846,1.67162072658539,1.36639356613159,2.37158966064453,2.43240022659302,83.4869842529297,71.6874237060547,72.2332992553711,81.9241943359375,0.0269562713801861,0.00264847162179649,0.0005129823111929,0.00654370151460171,1.75927404570193e-23,0,0.863909244537354,0,21706.72265625,19.2830140712469
"SEG226218",-7.64132499694824,2.96758556365967,14.7183675765991,4.60112714767456,22.3596935272217,1.90961277484894,1.55440306663513,2.47294116020203,2.57209205627441,84.1487503051758,71.0383911132812,71.8568801879883,82.8809432983398,0.0305058564990759,0.00191766140051186,0.00143142289016396,0.00363685213960707,1.94224796608523e-23,0,0.889505922794342,0,15506.8994140625,8.72113371671145
"SEG226219",-8.25536918640137,2.50933027267456,14.4289379119873,4.06082201004028,22.6843070983887,1.93287181854248,1.57044219970703,2.53037595748901,2.63341307640076,85.0558395385742,70.8246307373047,71.4863586425781,83.8294982910156,0.0159964337944984,0.000851187214720994,0.00105248123873025,0.00208181259222329,9.04344146402488e-24,0,0.893116772174835,0,37945.609375,5.65160897943034
"SEG226220",-8.39479160308838,2.47112703323364,13.9481515884399,3.84190249443054,22.3429431915283,1.53474164009094,1.40865874290466,2.64099550247192,2.21665453910828,84.8281097412109,69.8424377441406,70.9694290161133,83.9245910644531,0.0124571584165096,0.000252643483690917,0.000672165246214718,0.00160212151240557,5.37490417215382e-24,0,0.954972684383392,0,20842.33203125,3.60541249223867
"SEG226221",-6.96076774597168,2.92487215995789,14.3508901596069,4.78591299057007,21.3116588592529,1.70933175086975,1.47876012325287,2.55483627319336,2.26675033569336,83.9116439819336,70.4317398071289,71.6612014770508,82.4051818847656,0.0234312228858471,0.00323923188261688,0.00216873548924923,0.00565236061811447,1.12735299438402e-23,0,0.907544314861298,0,67266.5859375,19.3287575941001
"SEG226222",-7.36475324630737,2.91782116889954,14.6417617797852,4.62634229660034,22.0065155029297,1.82676160335541,1.52519226074219,2.51518869400024,2.42017960548401,84.268913269043,70.6441879272461,71.8568267822266,82.6842346191406,0.021863279864192,0.00307111535221338,0.00108245317824185,0.00427773082628846,1.26875149959337e-23,0,0.919714331626892,0,9988.0068359375,12.2590317437708
"SI031",1.57742357254028,12.1217851638794,21.8298301696777,12.1157026290894,20.2524070739746,1.45089900493622,1.91823124885559,3.07994771003723,2.51826906204224,79.5473861694336,64.3748321533203,63.7320747375488,77.7929306030273,0.268426924943924,0.187659367918968,7.65928689361317e-06,0.0177471674978733,0,0.00672508683055639,0.506075501441956,0.0133584141731262,92848.875,70.1364378534974
"SI032",1.63963973522186,11.7452926635742,21.4227504730225,12.0729808807373,19.7831115722656,1.81921434402466,2.40904116630554,3.59375095367432,3.25947618484497,79.8590087890625,66.2367935180664,66.7037811279297,79.188232421875,0.203788161277771,0.13924752175808,8.40341817820445e-05,0.0222850721329451,0,0.0468785166740417,0.552318751811981,0.0353978611528873,248025.34375,114.521997440911
"SI033",-0.0180633310228586,9.91464614868164,19.629695892334,10.5698337554932,19.6477603912354,1.84905755519867,2.63131666183472,4.20536279678345,3.59677910804749,80.7508544921875,69.1066436767578,69.9325408935547,80.9418563842773,0.0858543440699577,0.0740857869386673,0.00449820933863521,0.0221858527511358,0,0,0.81337583065033,0,101759.3125,98.7129259637846
"SI034",1.00132215023041,10.3348808288574,19.9952011108398,11.1776580810547,18.9938774108887,2.159912109375,2.81752419471741,4.12739658355713,3.97686409950256,80.5769348144531,68.5275650024414,68.9213409423828,80.5039672851562,0.0906911715865135,0.11004351824522,0.00385846709832549,0.0281688887625933,0,0,0.767237961292267,0,304391.53125,132.479962636742
"SI035",0.70497053861618,10.0668954849243,19.7453784942627,10.9454154968262,19.0404071807861,2.29013752937317,2.99798560142517,4.34850406646729,4.22000503540039,80.9679336547852,69.4309387207031,69.7717819213867,80.9460906982422,0.0574693977832794,0.0882171913981438,0.00817947927862406,0.0305996648967266,0,0,0.815534293651581,0,72942.3359375,152.052395472914
"SI036",1.48676431179047,11.1051912307739,20.9633197784424,11.7218456268311,19.4765548706055,2.12662124633789,2.66493511199951,3.48604941368103,3.77454948425293,80.8086318969727,68.0471038818359,66.8767013549805,79.9320220947266,0.125150457024574,0.107212588191032,8.69557843543589e-05,0.0290921423584223,0,0,0.738457798957825,0,142844.515625,148.968487456552
"SI037",0.859205901622772,10.1664247512817,20.1632251739502,11.0850486755371,19.3040199279785,2.62193870544434,3.17088770866394,3.47205471992493,4.45242929458618,81.6685104370117,69.7576065063477,68.375617980957,81.1865310668945,0.0623770505189896,0.102100059390068,0.000327062705764547,0.0103645110502839,0,0,0.823514878749847,0,149141.40625,54.4233173773543
"SI038",0.78142899274826,9.12445163726807,19.2015266418457,10.588207244873,18.4200992584229,3.3851945400238,3.86990690231323,3.51596856117249,5.40908670425415,80.829460144043,70.5400772094727,69.1551132202148,81.4372406005859,0.0421077720820904,0.096101775765419,0.00357621861621737,0.00705135567113757,0,0,0.841911137104034,0,72128.8984375,49.2907033731521
"SI041",0.546785354614258,9.61388683319092,19.4591808319092,10.6921463012695,18.9123954772949,2.90391612052917,3.56536602973938,4.11339473724365,4.95993900299072,81.6030578613281,70.5857620239258,70.1393432617188,81.6346893310547,0.0404410026967525,0.07850182056427,0.00775944907218218,0.0197223089635372,0,0,0.85357540845871,0,267550.21875,115.74026539432
"SI042",-0.528168320655823,7.63958883285522,17.3740692138672,9.24110507965088,17.9022388458252,3.8071084022522,4.55351305007935,4.88500213623047,6.46409749984741,82.0678253173828,72.4360809326172,72.1213912963867,82.088249206543,0.0391568690538406,0.050779215991497,0.00908545218408108,0.0245282370597124,0,0,0.876307308673859,0,279757.53125,130.367372025503
"SI043",-0.33079868555069,6.77559471130371,16.6681385040283,9.01204013824463,16.9989376068115,4.38355541229248,5.10221385955811,4.80917692184448,7.29026126861572,79.78076171875,72.2407760620117,71.0722808837891,80.5121536254883,0.0429918393492699,0.0503722168505192,0.00156562519259751,0.0235210787504911,0,0,0.823866367340088,0,205866.203125,88.2121743422075
"SI044",4.32166337966919,12.1143465042114,22.2108612060547,13.6996479034424,17.889196395874,3.23207139968872,3.63175344467163,3.20351481437683,5.13444375991821,76.985107421875,69.7819290161133,67.4666366577148,77.9765243530273,0.0995386391878128,0.108888506889343,0.00074291171040386,0.046297624707222,3.25233023507543e-29,0,0.572361767292023,0,170956.515625,162.061352768899
"SK010",0.734291315078735,11.2462959289551,21.1534175872803,11.3963260650635,20.4191265106201,1.68229019641876,1.8030641078949,2.13481330871582,1.85871374607086,81.2515563964844,66.5501022338867,61.7324829101562,75.2599029541016,0.361787348985672,0.104745395481586,2.51557286112813e-09,0.0564492791891098,0,0.0268454700708389,0,0.449814587831497,551212.125,272.749978277682
"SK021",0.770719408988953,11.2395477294922,21.1211776733398,11.3986740112305,20.3504581451416,1.53957366943359,1.79634916782379,2.14254260063171,1.79604649543762,81.1865615844727,66.0969696044922,61.394458770752,74.9002151489258,0.447195917367935,0.115569733083248,9.8777272796724e-05,0.0366851165890694,0,0.00864668097347021,0.0653353780508041,0.326421558856964,622672.375,148.888668765361
"SK022",-0.966402053833008,9.17533779144287,18.8652744293213,9.71465873718262,19.8316764831543,2.15729689598083,2.24620485305786,2.86154794692993,2.18841171264648,83.8777923583984,70.7822265625,69.2713851928711,79.4871063232422,0.227255031466484,0.0723776295781136,9.56887088250369e-05,0.0292298942804337,0,0.000320522696711123,0.662948369979858,0.00777285266667604,514690.125,114.968940830725
"SK023",0.504794001579285,11.1670866012573,20.9406032562256,11.2860078811646,20.4358100891113,1.63316321372986,1.87009310722351,2.33984065055847,1.81921577453613,81.7758560180664,66.9132995605469,63.2287788391113,75.5672454833984,0.406337976455688,0.101753309369087,3.20555614052864e-06,0.030038308352232,0,0.000105435581644997,0.279871344566345,0.181890398263931,722332.9375,114.948400911375
"SK031",-2.75956797599792,7.012535572052,16.5243301391602,7.85659551620483,19.283899307251,2.86728286743164,3.11829018592834,4.04665470123291,2.76371669769287,85.7502899169922,74.3032302856445,74.911018371582,82.7955703735352,0.112412296235561,0.0607786104083061,0.000267216062638909,0.0309273693710566,0,0.000522169575560838,0.778703987598419,0.014211667701602,793378.75,116.259294174187
"SK032",-1.61620235443115,8.64371395111084,18.2783889770508,9.19680786132812,19.8945922851562,2.10852885246277,2.49901103973389,3.05272388458252,2.24239730834961,83.8587036132812,71.3540115356445,71.316047668457,80.6150588989258,0.185259476304054,0.0713092759251595,0.000397445081034675,0.0194961633533239,0,0,0.723537683486938,0,636778.4375,67.6042948811122
"SK041",-2.13796162605286,8.144775390625,17.6793003082275,8.65529155731201,19.8172607421875,2.25163960456848,2.85558462142944,3.95093035697937,2.29808187484741,83.9890289306641,72.758415222168,73.7083053588867,81.4722061157227,0.205983832478523,0.082274816930294,0.000640545797068626,0.0220785122364759,4.81562856293749e-05,0.0275734011083841,0.452103495597839,0.208521485328674,839834.75,93.7711344784561
"SK042",-1.44885766506195,9.08782863616943,18.7884407043457,9.46645355224609,20.2372970581055,1.68541646003723,2.32867455482483,3.08869314193726,1.92930257320404,82.7223129272461,70.0673065185547,69.4932556152344,79.2220840454102,0.266389489173889,0.079938642680645,0.000269816926447675,0.0288721192628145,0.000124035170301795,0.00466272793710232,0.524340450763702,0.0938738435506821,828788,123.817421151094
"SM",3.36409759521484,9.77674293518066,20.7037982940674,12.324405670166,17.3397006988525,1.95518445968628,2.12000703811646,1.42455589771271,3.13274645805359,80.3717346191406,69.9754791259766,62.7939186096191,79.2918853759766,0.254354298114777,0.104986898601055,0.0036367631983012,0.0150913456454873,0,1.83019311511545e-11,0,0.618577480316162,3769.90673828125,62.9381619700249
"UKC1",3.32240676879883,7.2521562576294,14.1403665542603,9.62468719482422,10.8179597854614,2.9243426322937,2.16456317901611,2.36248993873596,2.77468991279602,86.1699905395508,79.177604675293,79.8481826782227,84.3759994506836,0.205081909894943,0.399082064628601,0.035724826157093,0.0621186718344688,0,0,0.0913377553224564,0.20494045317173,824824.8125,273.316605886254
"UKC2",3.45570921897888,7.21114635467529,14.0275630950928,9.61259746551514,10.5718545913696,2.7828528881073,2.15807914733887,2.39737010002136,2.70209217071533,85.2967834472656,78.8967208862305,80.0872039794922,83.9779891967773,0.193024158477783,0.381659179925919,0.0708179920911789,0.0222949106246233,0,0,0.263607800006866,0.0262168440967798,687055.0625,122.784501785388
"UKD1",3.64376521110535,7.48464822769165,14.2511587142944,9.83687686920166,10.6073932647705,4.51355743408203,2.74022197723389,2.96628880500793,4.22270727157593,87.2254791259766,79.94677734375,82.1498336791992,85.7164916992188,0.0890770256519318,0.48759588599205,0.0723000317811966,0.00818612240254879,0,0,0.23709811270237,0,434300.625,64.3206506849701
"UKD3",4.20270586013794,8.41075229644775,15.3900337219238,10.6953201293945,11.1873273849487,3.63334321975708,2.50534319877625,2.66456747055054,3.45544838905334,86.9048385620117,78.4482498168945,79.9390716552734,84.5051651000977,0.166851714253426,0.372187942266464,0.000263555673882365,0.160265117883682,0,0,0.294703423976898,0,1276642.25,1002.1181348758
"UKD4",4.12042236328125,8.16157913208008,15.0572671890259,10.5200710296631,10.9368457794189,3.93375372886658,2.55916690826416,2.81271195411682,3.83711934089661,86.2849349975586,78.7310180664062,80.7578201293945,84.2752227783203,0.171152263879776,0.408735364675522,0.01183907315135,0.100176319479942,0,0,0.275576144456863,0,1863824.25,607.361218590915
"UKD6",4.50328874588013,8.80444717407227,15.8206214904785,11.0242786407471,11.3173332214355,2.67802715301514,2.08252596855164,2.13860535621643,2.68394160270691,85.634407043457,77.3501586914062,78.3376617431641,83.098876953125,0.212722942233086,0.301827788352966,4.3881191231776e-05,0.172600999474525,0,0,0.291197866201401,0,2299848.75,1015.9401536953
"UKD7",4.51556015014648,8.61251354217529,15.5592126846313,10.9405393600464,11.0436515808105,2.59080624580383,1.98891639709473,2.04575085639954,2.67138338088989,84.8924942016602,77.3648147583008,78.4352722167969,82.6443176269531,0.210867509245872,0.285859644412994,9.44906597410977e-10,0.138582125306129,0,0,0.277331084012985,0,492861.09375,725.72933990765
"UKE1",4.28885555267334,8.66678047180176,15.8944511413574,11.1119184494019,11.6055955886841,1.76449275016785,1.64776360988617,1.85290670394897,1.79108273983002,84.2568969726562,76.9503479003906,76.1036224365234,80.4663238525391,0.476775020360947,0.204242557287216,0.00162834429647774,0.0386313609778881,0,3.14742112580979e-12,0.107003398239613,0.0845054611563683,773564.125,221.19788008141
"UKE2",3.48126101493835,7.68430519104004,14.7592840194702,10.0252676010132,11.2780227661133,2.78458714485168,2.02603459358215,2.23686027526855,2.5506854057312,86.0011367797852,78.8006591796875,79.1152954101562,83.578742980957,0.30839866399765,0.358290702104568,0.034037496894598,0.0308868493884802,0,0,0.117919087409973,0.1469756513834,1477793.625,177.92610703903
"UKE3",3.94852042198181,8.31724739074707,15.5399188995361,10.6398992538452,11.5913982391357,2.34859442710876,1.98040246963501,2.00619697570801,2.22674441337585,85.7634429931641,77.1484069824219,76.6674575805664,82.1582794189453,0.348419189453125,0.226106867194176,0.00772416405379772,0.12068135291338,0,1.02789088005095e-12,0.100222915410995,0.19526618719101,1053263.5,679.414193376434
"UKE4",3.91076588630676,8.13514614105225,15.2313175201416,10.5028400421143,11.3205509185791,3.09478187561035,2.28972840309143,2.34290790557861,2.81425833702087,86.5860366821289,78.3260726928711,78.7759780883789,83.5748291015625,0.252255856990814,0.277525722980499,5.04132025014314e-09,0.169200763106346,0,0,0.234054014086723,0.066146120429039,2050965.5,1033.4040996365
"UKF1",3.99559688568115,8.47270488739014,15.7572402954102,10.7539739608765,11.761643409729,2.39685535430908,2.01150941848755,2.04319000244141,2.26236176490784,86.1815338134766,77.0785217285156,76.1593475341797,82.0852279663086,0.344493746757507,0.262941032648087,0.01172751840204,0.0995418503880501,0,2.44481882655245e-11,0.108460500836372,0.171768441796303,2708701.25,566.858170122226
"UKF2",4.26825761795044,8.95502281188965,16.387035369873,11.258957862854,12.1187782287598,1.87412583827972,1.7331999540329,1.7702488899231,1.795086145401,86.0081405639648,76.3376770019531,74.2117156982422,80.7150192260742,0.489406675100327,0.201853647828102,2.13969686413407e-09,0.0773647949099541,0,0,0.00523522263392806,0.223774597048759,2425588.25,492.030683127963
"UKF3",4.31792163848877,8.90451049804688,16.2290668487549,11.3508749008179,11.9111461639404,1.76624798774719,1.67379820346832,1.77531230449677,1.72293424606323,84.5968551635742,76.5629653930664,74.9736099243164,80.0550842285156,0.516009986400604,0.20634414255619,3.04689096175537e-09,0.0169974360615015,0,3.86230741833415e-10,0.000318927923217416,0.164485916495323,815797.125,138.915710699206
"UKG1",4.35543251037598,8.82736873626709,16.1969966888428,11.0804586410522,11.8415641784668,2.47868657112122,1.9958016872406,1.86899888515472,2.2562050819397,86.3012542724609,76.9755249023438,75.6355590820312,82.0577926635742,0.406697452068329,0.282379299402237,0.000121085526188836,0.0675917416810989,0,0,0.0192491803318262,0.217337802052498,2580260.75,436.531880813728
"UKG2",4.19419002532959,8.56280994415283,15.7833528518677,10.8197336196899,11.5891628265381,2.56892371177673,2.04102063179016,1.99557566642761,2.42400765419006,86.4788131713867,77.4684753417969,76.9126739501953,82.8422241210938,0.310116350650787,0.370154470205307,0.00473938602954149,0.0700132548809052,0,0,0.218009635806084,0.0264321714639664,2652542.5,427.618712015585
"UKG3",4.3506588935852,8.86631202697754,16.2452716827393,11.118447303772,11.8946132659912,2.25205063819885,1.96233427524567,1.97812831401825,2.15656638145447,86.1471633911133,76.5295562744141,75.2106399536133,81.6811370849609,0.400342255830765,0.237747743725777,5.52345857940395e-09,0.119437821209431,0,0,0.110600270330906,0.131468698382378,638438.5625,758.974628126345
"UKH1",4.49481201171875,9.12204742431641,16.5705699920654,11.7307262420654,12.0757570266724,1.78784120082855,1.52871739864349,1.78018760681152,1.75256216526031,84.7122268676758,76.9237213134766,75.0990905761719,79.7528610229492,0.544650375843048,0.217021271586418,1.89961410796968e-05,0.0267697237432003,0,1.22381840772512e-10,0,0.160621255636215,2159296.5,171.686254298072
"UKH2",4.65600824356079,9.36553382873535,16.9715175628662,11.8065242767334,12.3155088424683,1.89085578918457,1.62744355201721,1.58748173713684,1.77862727642059,85.8827590942383,76.1438751220703,73.5091323852539,80.1632385253906,0.376629322767258,0.110544711351395,2.33540453642433e-09,0.198675528168678,0,4.69213279341574e-11,0,0.311647087335587,4852390.5,1704.60593166846
"UKH3",4.93664503097534,9.62763404846191,17.3103790283203,12.2148141860962,12.3737335205078,1.80427634716034,1.42791378498077,1.51282429695129,1.64191567897797,85.0309371948242,77.0752944946289,74.3892593383789,79.6182708740234,0.460714727640152,0.1505037099123,0.00154878746252507,0.100775875151157,0,5.43391720508879e-10,0,0.205518454313278,2460893,693.066374023172
"UKI3",4.72223281860352,9.36906147003174,17.0478610992432,11.8649616241455,12.3256273269653,2.1883544921875,1.68492376804352,1.54876315593719,1.95827400684357,86.0867767333984,76.4571685791016,74.028564453125,80.4985122680664,0.207839295268059,0.0663728713989258,1.43513989581123e-09,0.314286023378372,0,0,0,0.410246640443802,302232.0625,2734.77019618649
"UKI4",4.75011301040649,9.41340732574463,17.0927677154541,11.9019823074341,12.3426542282104,2.13782262802124,1.65085732936859,1.54477596282959,1.91641366481781,86.0035552978516,76.4635925292969,73.9580993652344,80.4080810546875,0.249899923801422,0.077518105506897,1.67258973338136e-09,0.290145516395569,0,0,0,0.380225479602814,479005.5625,2500.54166108163
"UKI5",4.85299110412598,9.54773998260498,17.2004890441895,12.0175533294678,12.3474988937378,2.04951453208923,1.55409812927246,1.52488839626312,1.8420501947403,85.7378234863281,76.5970153808594,73.9334259033203,80.209846496582,0.386285334825516,0.132131919264793,2.89905965900061e-09,0.191127702593803,0,0,0,0.28215417265892,627286.25,1517.15371918318
"UKI6",4.74542045593262,9.33488273620605,16.9395008087158,11.8355398178101,12.1940803527832,2.41805648803711,1.7118479013443,1.52823603153229,2.13074541091919,86.0078659057617,76.7917938232422,74.6714019775391,80.7328567504883,0.227289721369743,0.121396541595459,1.62186053476177e-09,0.235313907265663,0,0,0,0.408866822719574,664396.25,1899.14519250455
"UKI7",4.73744869232178,9.40389537811279,17.0962467193604,11.8979082107544,12.3587980270386,2.106440782547,1.66447758674622,1.55114912986755,1.89923298358917,86.0888671875,76.3849334716797,73.8305358886719,80.4109497070312,0.220560863614082,0.0601921789348125,1.93000015968892e-09,0.324233680963516,0,1.20559342877183e-14,0,0.393525689840317,1299418.875,2848.84227349436
"UKJ1",4.67519521713257,9.28100872039795,16.8883647918701,11.6728429794312,12.2131690979004,2.2044985294342,1.80619704723358,1.611172914505,2.01559448242188,86.48193359375,76.6503753662109,74.2110061645508,81.0506057739258,0.370182186365128,0.128230974078178,3.42948358600381e-09,0.0701688900589943,0,1.25975452291982e-10,0,0.431106358766556,2257294,392.459820761711
"UKJ2",5.15063333511353,9.4850549697876,17.0648803710938,12.2287340164185,11.9142456054688,2.63646745681763,1.80005526542664,1.57956528663635,2.32034707069397,85.8626251220703,76.9106750488281,74.6239471435547,80.6643676757812,0.203968062996864,0.103132799267769,2.32068873629032e-06,0.145529106259346,0,9.15942183210561e-11,0,0.36590901017189,4782864,875.157443603765
"UKJ3",5.248854637146,9.43226432800293,16.9173469543457,12.1549663543701,11.668493270874,2.79424595832825,1.90952241420746,1.61877036094666,2.4492290019989,85.5590744018555,77.2703323364258,75.25537109375,80.7375717163086,0.249376237392426,0.0968443304300308,3.78618892682425e-07,0.0722155347466469,0,3.01422026227627e-10,0,0.392886072397232,1751136.75,426.392811831067
"UKJ4",5.23402261734009,9.67145347595215,17.2938442230225,12.4906558990479,12.0598220825195,2.3368022441864,1.66495394706726,1.51979672908783,2.16637587547302,85.3087539672852,77.7834854125977,75.5412521362305,80.3149871826172,0.330970823764801,0.174709334969521,1.86261883694527e-09,0.0868253111839294,0,0,0,0.21851097047329,1795858.125,489.730830392088
"UKK1",4.75900268554688,9.12591648101807,16.6542797088623,11.5267028808594,11.8952770233154,2.74372577667236,2.04444932937622,1.8175276517868,2.38589429855347,86.4429244995117,77.5613174438477,75.9696502685547,81.9617538452148,0.340019047260284,0.202560409903526,3.26584315146761e-09,0.0424766577780247,0,1.87736848636377e-12,0.0298704877495766,0.370979934930801,2017863.125,270.815038517644
"UKK2",5.46359634399414,9.24824619293213,16.4987850189209,11.9499206542969,11.0351877212524,3.11099290847778,2.21798038482666,1.86286473274231,2.65893173217773,85.6510238647461,78.4791412353516,77.3194198608398,82.0631790161133,0.231023848056793,0.199660375714302,2.21421525559151e-09,0.0326395109295845,0,2.12596433513124e-11,0.249299168586731,0.0687147676944733,1222174.75,199.423824581526
"UKK3",6.80439043045044,9.46151447296143,15.8369426727295,12.3763246536255,9.03255271911621,3.89509463310242,2.54165506362915,2.05189847946167,3.37919163703918,83.7828140258789,80.221076965332,80.8886566162109,83.3206634521484,0.138969242572784,0.332777678966522,3.68340047351978e-09,0.0159213617444038,0,0,0.169180169701576,0,148719.390625,41.6790755123907
"UKK4",5.84491729736328,9.05553913116455,15.9099426269531,11.8546667098999,10.0650262832642,4.34717416763306,2.76805329322815,2.20078897476196,3.5353741645813,86.1216583251953,80.7365264892578,80.9433670043945,84.2526092529297,0.15361624956131,0.379392087459564,0.00393880577757955,0.0182867683470249,1.19444686582201e-20,0,0.291052490472794,0,575215.9375,86.5504411155002
"UKL1",4.76787042617798,8.22923278808594,14.9911117553711,10.883810043335,10.2232418060303,4.8087682723999,2.94216752052307,2.70098376274109,4.31821441650391,86.3078765869141,79.8848342895508,80.8775405883789,84.3930282592773,0.098827950656414,0.354575335979462,0.0390186235308647,0.0263306125998497,0,0,0.286337345838547,0.000207085016882047,1457275.5,110.920859617681
"UKL2",4.00668811798096,7.88349533081055,14.9278364181519,10.3390016555786,10.9211492538452,4.48957395553589,2.79504990577698,2.436439037323,3.79467368125916,87.881706237793,79.6510848999023,79.7330093383789,85.0983352661133,0.144476294517517,0.42729189991951,0.0443007610738277,0.0325154736638069,0,0,0.269989460706711,0.044670358300209,1209601.875,158.19576776778
"UKM50",2.9886531829834,6.78730154037476,13.1975708007812,8.56625461578369,10.2089185714722,2.50892043113708,2.07910537719727,2.42988562583923,2.84257411956787,83.1629791259766,78.1583557128906,79.865592956543,83.2448120117188,0.167160168290138,0.287458628416061,0.0972604230046272,0.015025844797492,0,2.60185238154867e-13,0.326470583677292,0.0694261193275452,394084.71875,60.6393582692861
"UKM61",3.12738800048828,6.48317527770996,12.5781326293945,8.63840866088867,9.45074462890625,4.88754463195801,3.12088704109192,3.10387682914734,4.99303817749023,84.9162979125977,79.8333206176758,82.7354354858398,85.2733688354492,0.0257089734077454,0.06176782771945,0.409401834011078,0.000929197354707867,2.23617395005346e-24,0,0.367760121822357,0,62651.8984375,4.80950634411136
"UKM62",1.6690913438797,5.55164051055908,12.2656679153442,7.65833473205566,10.5965766906738,4.00761842727661,2.62967729568481,2.73948621749878,3.98380923271179,87.2882461547852,80.1545562744141,81.5930557250977,86.5951766967773,0.0335167422890663,0.0963735207915306,0.383653223514557,0.00388245633803308,3.75281288009764e-24,2.80984735262155e-13,0.390848368406296,0.0749761164188385,105860.890625,13.4598570859159
"UKM63",2.7239043712616,6.06439876556396,12.209734916687,8.24608898162842,9.48583030700684,7.90471744537354,4.4031286239624,4.55291557312012,7.68797588348389,86.2007446289062,80.3588104248047,84.5263748168945,86.0870666503906,0.0494810119271278,0.0625121518969536,0.336016625165939,0.00105769094079733,1.73076619030906e-23,6.06795586000075e-11,0.361591041088104,0.00780061446130276,71433.953125,4.90380595547588
"UKM64",5.72005271911621,7.60189771652222,12.6775970458984,10.1534004211426,6.95754480361938,5.26283264160156,3.09559154510498,3.37630844116211,5.29041576385498,78.2343139648438,78.0387420654297,83.7477798461914,81.0551071166992,0.00489828921854496,0.0763100236654282,0.226198777556419,0.000344004627550021,0,9.19460285686569e-10,0.153349041938782,0.0395620912313461,3112.44482421875,0.958707919889774
"UKM66",6.60967016220093,7.35396385192871,12.172833442688,10.4304790496826,5.56316375732422,4.81644821166992,2.77541732788086,2.75160217285156,4.6848292350769,74.83154296875,78.3407287597656,85.9948577880859,79.6558685302734,0.00527190882712603,0.224052473902702,0.0777603015303612,0.000928482913877815,0,5.95880367271207e-09,0,0.136424168944359,8631.3232421875,6.02091816912114
"UKM71",2.81677055358887,6.61183071136475,13.3257837295532,8.76403141021729,10.5090131759644,2.64153575897217,2.09996056556702,2.35449886322021,2.78421640396118,84.9424514770508,78.3482971191406,79.8301696777344,84.1362915039062,0.199932917952538,0.198153719305992,0.169348642230034,0.00828708428889513,0,2.82387932482031e-11,0.367639303207397,0.00396182714030147,92639.3984375,41.9701582603883
"UKM72",3.70175719261169,7.73918294906616,14.3734912872314,9.8045654296875,10.6717329025269,2.66407251358032,1.96282076835632,2.45074319839478,2.69205927848816,83.3320846557617,76.8587417602539,78.748664855957,82.3336486816406,0.195639997720718,0.194099992513657,0.0133959762752056,0.0322975404560566,0,2.88256168934353e-10,0.217061072587967,0.0404415689408779,291065.46875,196.407900879444
"UKM73",3.51891922950745,7.32052659988403,13.9952211380005,9.52804565429688,10.4763021469116,2.63753795623779,2.03691005706787,2.41649794578552,2.72481870651245,85.0856552124023,78.6810150146484,80.3879623413086,84.081413269043,0.226623132824898,0.304591000080109,0.105219036340714,0.0241051726043224,0,1.04037993498007e-10,0.231905668973923,0.014596251770854,177370.140625,172.451038827315
"UKM75",3.41711401939392,7.2741265296936,13.8979501724243,9.39335441589355,10.4808359146118,3.1311719417572,2.23211789131165,2.56225371360779,3.10932016372681,86.326416015625,79.2223129272461,81.2660751342773,85.3217849731445,0.167998939752579,0.27069228887558,0.149908602237701,0.0584317184984684,0,0,0.319419741630554,0,119437.1875,431.654571803469
"UKM76",3.24969410896301,7.37078523635864,14.0080938339233,9.31290340423584,10.7583999633789,3.58559703826904,2.34686517715454,2.7371039390564,3.47698378562927,86.4685974121094,78.4695587158203,80.8251800537109,85.3776397705078,0.181682050228119,0.379319071769714,0.0431362241506577,0.0339281819760799,3.41909326136055e-25,0,0.345876723527908,0,67955.515625,230.708618167994
"UKM77",1.95519959926605,5.96465873718262,12.7505159378052,8.05850028991699,10.795316696167,4.81511545181274,2.84683966636658,3.08263373374939,4.50747871398926,88.125129699707,79.9611434936523,81.9843978881836,86.9350738525391,0.104326538741589,0.168713003396988,0.265636712312698,0.00968042388558388,2.576681302728e-23,0,0.414914488792419,0,433608.21875,56.5165006955947
"UKM78",3.39699816703796,7.39907312393188,14.0047187805176,9.38742351531982,10.607720375061,3.39004278182983,2.30350947380066,2.67399954795837,3.38006091117859,86.5994567871094,79.0389404296875,81.4767608642578,85.6692657470703,0.177645400166512,0.388310045003891,0.0548322349786758,0.0455574989318848,0,0,0.323419362306595,0,139004.578125,327.381308186235
"UKM81",2.79840612411499,6.55825281143188,13.0596952438354,8.68088531494141,10.2612895965576,7.15307855606079,4.04293632507324,4.1777081489563,6.72717189788818,87.5464324951172,79.9409255981445,83.3397674560547,86.7286605834961,0.0962500348687172,0.185849606990814,0.227391839027405,0.0491572953760624,2.31081912434909e-24,0,0.378166824579239,0,217145.25,305.781929466491
"UKM82",3.72830986976624,7.56398916244507,14.0546531677246,9.63656902313232,10.326343536377,4.56939601898193,2.77856302261353,3.13408446311951,4.58893299102783,85.7394180297852,78.5968246459961,81.7857131958008,85.215705871582,0.125619649887085,0.370268702507019,5.98186389311195e-10,0.140135616064072,0,0,0.363976031541824,0,148094.984375,877.60597747787
"UKM83",4.27687311172485,7.79195165634155,14.1229486465454,10.000904083252,9.8460750579834,4.98964738845825,3.02922534942627,3.39126300811768,5.05345392227173,85.0455169677734,78.732421875,82.2193603515625,84.7198257446289,0.0894929617643356,0.312831699848175,0.0205935388803482,0.07997976988554,0,0,0.287121266126633,0,273479.8125,477.803409367598
"UKM84",3.44886064529419,7.43562602996826,14.0058336257935,9.42100524902344,10.5569725036621,3.92932558059692,2.51207613945007,2.88356351852417,3.91874599456787,86.4712982177734,78.8927230834961,81.6737670898438,85.6756286621094,0.16077384352684,0.408677309751511,0.0197148863226175,0.0697265639901161,3.64680417393223e-24,0,0.339647978544235,0,215663.65625,458.561778227184
"UKM91",3.4221351146698,7.25423049926758,13.9844636917114,9.4823112487793,10.5623292922974,3.20340776443481,2.29180550575256,2.63474106788635,3.12582182884216,85.9095916748047,79.000862121582,80.7557983398438,84.7688751220703,0.203741386532784,0.326074481010437,0.120448306202888,0.017012057825923,0,0,0.291710376739502,0,522170.3125,111.563983773374
"UKM92",3.26121425628662,7.03146743774414,13.6211967468262,9.22243881225586,10.3599824905396,5.10972785949707,3.08003997802734,3.30953788757324,4.87530040740967,87.4914474487305,79.9192504882812,82.9363555908203,86.5843048095703,0.0901370570063591,0.35416916012764,0.150578945875168,0.00711472192779183,0,0,0.37474712729454,0,100027.6640625,15.6581672866263
"UKM93",3.71342968940735,7.30651903152466,13.7242822647095,9.52227401733398,10.0108528137207,5.13356494903564,3.07765626907349,3.35390138626099,5.16154956817627,86.0474395751953,79.3972244262695,82.9497680664062,85.6322402954102,0.093075267970562,0.29717031121254,0.0678237155079842,0.0555174313485622,0,0,0.37025660276413,0,560157.1875,323.518454192773
"UKM94",4.26204633712769,7.57805919647217,13.7707948684692,9.91915798187256,9.50874900817871,4.57433462142944,2.80488467216492,3.1423671245575,4.81841230392456,84.8270874023438,79.9242553710938,84.2859497070312,84.6622009277344,0.0791341662406921,0.255822122097015,0.0576556883752346,0.0191613677889109,0,0,0.338470429182053,0,97376.9609375,80.4215375992731
"UKM95",3.46230864524841,7.41945934295654,13.991457939148,9.43208408355713,10.5291500091553,4.0772647857666,2.59934139251709,2.93434000015259,4.02027320861816,86.7136535644531,79.1013717651367,81.895622253418,85.8833312988281,0.153234824538231,0.413065046072006,0.0438121668994427,0.0573392733931541,0,0,0.330793499946594,0,663063.5,373.664885364224
"UKN06",5.25836038589478,8.34725284576416,14.4070329666138,10.6800966262817,9.14867210388184,3.24771118164062,2.40856313705444,2.75925970077515,3.47583842277527,83.6290512084961,79.9306488037109,82.7441329956055,83.5421600341797,0.0576513968408108,0.312362909317017,0.00484618218615651,0.0541181676089764,0,0,0.183743253350258,0,44147.6875,337.397344570205
"UKN07",4.62119293212891,8.05148315429688,14.4357986450195,10.1317501068115,9.81460666656494,3.16948080062866,2.35315489768982,2.55375862121582,3.31562113761902,86.2175521850586,79.4477615356445,81.0545959472656,85.5377731323242,0.0538872741162777,0.679765224456787,0.00110331014730036,0.0183032061904669,0,0,0.219330593943596,0,181152.171875,129.495294793609
"UKN08",4.65242958068848,8.00217628479004,14.4114904403687,10.1542921066284,9.75906085968018,3.13262796401978,2.3542628288269,2.5630190372467,3.30255913734436,85.8914031982422,79.4241104125977,81.014762878418,85.3024063110352,0.0660157948732376,0.654473543167114,1.437365670931e-09,0.0221797227859497,0,0,0.232065990567207,0,139442.75,86.4307970280831
"UKN09",5.43798303604126,8.45438480377197,14.4680843353271,10.8212585449219,9.03010177612305,3.1095666885376,2.35792875289917,2.72227430343628,3.35986804962158,83.2521133422852,79.9867095947266,82.9024963378906,83.2457809448242,0.0613266825675964,0.26208770275116,0.00385143305175006,0.0604798644781113,0,0,0.180799707770348,0,109310.28125,245.739081315271
"UKN10",4.14141750335693,7.48030042648315,13.579475402832,9.60765361785889,9.43805694580078,4.01629638671875,2.71495246887207,2.94752836227417,3.95704984664917,87.052360534668,80.5598449707031,83.1815948486328,86.4793395996094,0.0769579634070396,0.590447127819061,0.00748219341039658,0.0101783452555537,2.53955038422016e-12,0,0.278699904680252,0,84189.9140625,67.1899368438653
"UKN11",4.31875514984131,7.86660575866699,14.0859804153442,9.86742210388184,9.76722526550293,3.52705526351929,2.53663468360901,2.68925166130066,3.60988855361938,86.6662063598633,79.8081741333008,81.8078308105469,85.9248657226562,0.042638260871172,0.67755526304245,0.0155233889818192,0.0106839071959257,0,0,0.228998720645905,0,151266.390625,77.3748776155047
"UKN12",4.33001708984375,7.74633550643921,13.8792114257812,9.84279537200928,9.54919338226318,3.65791964530945,2.55476570129395,2.78285384178162,3.72861695289612,86.2448348999023,79.8863372802734,82.2399520874023,85.6830596923828,0.0442591495811939,0.619556427001953,0.0162197258323431,0.0120125552639365,3.34135518732792e-12,0,0.232199564576149,0,51351.91796875,25.5412782917154
"UKN13",4.46380090713501,7.87335920333862,14.1369705200195,10.0556678771973,9.67317008972168,3.85879158973694,2.63254427909851,2.92286467552185,3.9888322353363,85.2964553833008,79.6826858520508,82.0436096191406,84.8532104492188,0.0413938127458096,0.534754753112793,0.00924644619226456,0.0259773079305887,0,0,0.196764022111893,0,135611.1875,186.464863892501
"UKN14",4.68136596679688,7.99166917800903,14.2696180343628,10.2099685668945,9.5882511138916,3.49980401992798,2.5008556842804,2.77788782119751,3.66705632209778,85.0959167480469,79.640869140625,81.8346862792969,84.6947402954102,0.0553922764956951,0.525433957576752,0.00521058402955532,0.0309818740934134,0,0,0.208954572677612,0,93002.75,178.52459444075
"UKN15",4.68184185028076,8.00340366363525,14.2110795974731,10.2270221710205,9.5292387008667,3.69110035896301,2.57107973098755,2.87796854972839,3.84805774688721,84.8388824462891,79.750732421875,82.2358474731445,84.4934387207031,0.045855175703764,0.473726511001587,0.00803893711417913,0.0336996503174305,0,0,0.193190887570381,0,229365.5625,220.579010022592
"UKN16",4.2059645652771,7.6588544845581,13.8559436798096,9.69269180297852,9.64997863769531,4.30352973937988,2.88581275939941,3.0031008720398,4.09510660171509,87.8173217773438,80.5457916259766,82.7467803955078,87.0306625366211,0.0948491990566254,0.561821401119232,0.027952553704381,0.00666284188628197,2.14407137877348e-12,0,0.296718925237656,0,136544.734375,46.2440973889463
"VA",10.2524089813232,15.0665321350098,25.0644721984863,18.8153381347656,14.8120613098145,2.71973156929016,2.1031002998352,0.658270418643951,7.89767169952393,76.2330017089844,74.1128768920898,69.407958984375,77.1551895141602,0.215808868408203,0.0300867073237896,1.16741338818116e-12,0.173507288098335,0,0,0,0.145095556974411,229.645614624023,675.036974460211
"XKG125378",0.725544810295105,10.3733606338501,21.2118186950684,11.8931303024292,20.4862728118896,1.8657523393631,1.97144496440887,1.97306251525879,2.2394335269928,79.5707473754883,67.5841827392578,60.518196105957,73.1913604736328,0.239063382148743,0.224202543497086,0.00502586551010609,0.0445722639560699,0,0.0660454332828522,0.0784392058849335,0.342651307582855,662676.5625,207.452984574332
"XKG125379",0.613731384277344,10.2007179260254,21.0421981811523,11.7139892578125,20.4284648895264,2.1892101764679,2.39860153198242,2.31820845603943,2.45003366470337,79.3315505981445,67.6356964111328,61.7653388977051,73.5156021118164,0.231520429253578,0.219286099076271,0.010161223821342,0.0284798555076122,0,0.0372478254139423,0.230373173952103,0.242931380867958,255625.734375,126.840848265608
"XKG125380",1.01172029972076,10.7204942703247,21.5306434631348,12.2254285812378,20.5189247131348,1.72617697715759,1.88966882228851,1.88705945014954,2.1129846572876,79.7100219726562,67.4222869873047,59.8335723876953,72.7807083129883,0.25968998670578,0.203693896532059,0.00682208314538002,0.0353787504136562,0,0.0989881828427315,0,0.395427167415619,227485.296875,163.481277900679
"XKG125385",-0.406852036714554,8.65135860443115,19.5565299987793,10.556887626648,19.9633827209473,2.98359179496765,2.50417971611023,1.9772961139679,3.15438008308411,79.6564254760742,69.3603897094727,63.248607635498,74.2966842651367,0.178164109587669,0.227575674653053,0.0372575633227825,0.0259328428655863,0.0149951716884971,0,0.515897750854492,0,262581.75,106.255582376789
"XKG125389",-0.382519215345383,8.71703338623047,19.6227188110352,10.6484785079956,20.0052356719971,2.40086627006531,2.1109402179718,1.87028419971466,2.77196335792542,79.3126754760742,68.264518737793,59.297435760498,72.4871673583984,0.162039116024971,0.276129484176636,0.0306320823729038,0.0328917689621449,0.000231960439123213,0,0.497848451137543,0,348949,185.651508764402
