"NUTM","temperature_winter","temperature_spring","temperature_summer","temperature_fall","seasonal_variation","precipitation_winter","precipitation_spring","precipitation_summer","precipitation_fall","relative_humidity_winter","relative_humidity_spring","relative_humidity_summer","relative_humidity_fall","croplands","pastures","rangelands","urbanAreas","primaryForest","primaryNonForest","secondaryForest","secondaryNonForest","total_population","population_density","total_population_density"
"AD",4.94209623336792,10.9846954345703,23.0217800140381,15.0407209396362,18.0796852111816,2.23547315597534,2.89097809791565,1.59510564804077,2.35691380500793,73.1461791992188,69.7586898803711,60.3289642333984,70.4670715332031,0.0966761633753777,0.0665047392249107,0.0431184619665146,0.0279050841927528,4.7047567932168e-05,0.0311771687120199,0.160094439983368,0.574476897716522,19260.39453125,NA,40.6496394430537
"AL013",4.32553243637085,12.5551900863647,24.7636909484863,14.5235567092896,20.4381580352783,4.24012279510498,3.06598949432373,1.30718469619751,3.26787781715393,75.3617553710938,67.1842269897461,53.432991027832,69.3114776611328,0.15067346394062,0.179330259561539,0.00543484091758728,0.0225980281829834,0.0503976941108704,0,0.589952707290649,0,119673.328125,NA,51.551137301989
"AL015",4.92524766921997,12.7630376815796,25.1587352752686,15.2772026062012,20.2334861755371,5.95577383041382,3.86703181266785,1.24715328216553,4.39365768432617,73.9028778076172,68.308479309082,56.3159408569336,69.3171768188477,0.152487561106682,0.138503506779671,0.00658278819173574,0.0149424122646451,0.0707328990101814,0,0.573135614395142,0,150111.171875,NA,41.988624813455
"AL014",8.5596399307251,16.5832252502441,28.2750568389893,19.0453109741211,19.7154159545898,4.40113496780396,3.02044820785522,1.27203297615051,3.62539792060852,73.5653915405273,68.797477722168,60.7402496337891,69.8111190795898,0.201391234993935,0.12600776553154,5.29534194271264e-10,0.0268356911838055,0.0674155876040459,0,0.504284203052521,0,55482.609375,NA,33.4931853915535
"AL011",5.89817523956299,14.0697422027588,25.8967342376709,16.2045974731445,19.9985599517822,3.58496475219727,2.67684412002563,1.28796970844269,2.84510254859924,76.9137954711914,68.5720443725586,58.0241432189941,71.0065612792969,0.18070937693119,0.177975296974182,0.0017262912588194,0.0153595479205251,0.0715172365307808,0,0.539767265319824,0,80379.78125,NA,31.8950506515076
"AL012",10.2521390914917,17.6244602203369,29.1505928039551,20.5420608520508,18.8984527587891,3.93501400947571,2.62993550300598,0.956304252147675,3.06987142562866,71.8432922363281,68.7626724243164,62.1049690246582,69.0513763427734,0.298092812299728,0.126710444688797,4.93267426904254e-10,0.042784508317709,0.0683877170085907,0,0.423271000385284,0,147821.65625,NA,192.09045603282
"AL021",7.13705062866211,14.592077255249,26.4023532867432,17.1415576934814,19.2653026580811,3.25138998031616,2.33534646034241,0.988137185573578,2.45083618164062,75.6067657470703,67.5059814453125,57.0384826660156,69.8770294189453,0.193907126784325,0.170370221138,0.00985873583704233,0.0194081496447325,0.0856286436319351,0,0.51465505361557,0,230683.765625,NA,69.7108179553492
"AL022",9.99847221374512,17.1355133056641,28.6535339355469,20.1253318786621,18.6550598144531,3.46806859970093,2.35590815544128,0.832028985023499,2.56995868682861,72.320198059082,68.6005859375,61.55322265625,69.1330413818359,0.327218651771545,0.142649412155151,6.481362113675e-10,0.0448836907744408,0.0736560225486755,0,0.406480371952057,0,454414.96875,NA,274.539626038541
"AL034",5.3585262298584,13.284086227417,25.2945690155029,15.5950145721436,19.9360446929932,2.88996505737305,2.08122634887695,0.853141844272614,2.16529154777527,77.9657135009766,67.2656860351562,53.4983940124512,69.4137268066406,0.202406033873558,0.111092321574688,0.0253510270267725,0.0112291183322668,0.0124107943847775,0.362320125102997,0.096533328294754,0.121311329305172,101569.609375,NA,27.4888570693222
"AL031",8.43490314483643,15.4742021560669,27.2491664886475,18.2777328491211,18.8142642974854,3.47402215003967,2.22721195220947,0.799801528453827,2.53644299507141,74.3756942749023,66.891975402832,55.9333992004395,68.9897079467773,0.277684032917023,0.189322263002396,0.0160492248833179,0.0157022420316935,0.0666093975305557,0,0.432230412960052,0,51966.54296875,NA,28.5906915965097
"AL032",12.1482105255127,18.6801071166992,30.1185970306396,21.9866237640381,17.970386505127,3.5317234992981,2.07261729240417,0.621323704719543,2.55317783355713,72.926139831543,67.9366302490234,59.5335311889648,69.3110122680664,0.504247426986694,0.195733547210693,0.00170525046996772,0.0312248133122921,0.0335091203451157,0,0.219977378845215,0,120222.859375,NA,64.885970673284
"AL035",10.7502431869507,17.5921211242676,29.0960083007812,20.6798706054688,18.3457641601562,5.0107946395874,2.35506510734558,0.537253379821777,3.49541592597961,74.3886260986328,70.5244369506836,61.7677154541016,71.1499710083008,0.232260525226593,0.192491814494133,0.0368911363184452,0.0121021121740341,0.0246032867580652,0.00463774986565113,0.328130453824997,0.000838668376673013,38706.140625,NA,14.1878861581302
"AL033",7.6875901222229,14.7685832977295,26.6639213562012,17.520809173584,18.9763298034668,4.93122577667236,2.5239884853363,0.686526417732239,3.41729545593262,74.2372589111328,67.6481323242188,55.4713554382324,69.0404510498047,0.235885173082352,0.185734272003174,0.0234470088034868,0.00898817926645279,0.0482179224491119,0.0136939892545342,0.430185884237289,0.00299082836136222,30015.599609375,NA,10.4539152673087
"AT11",6.06181383132935,14.7763948440552,26.7677936553955,15.9582529067993,20.7059803009033,1.53126084804535,1.94580638408661,2.12224793434143,1.89690589904785,76.7893981933594,64.4954071044922,54.6816253662109,73.3851852416992,0.318678736686707,0.167155057191849,0.000196381864952855,0.0223682355135679,2.40619273754563e-30,0.000917593075428158,0.215162187814713,0.255827844142914,379524.5,NA,96.0008702106769
"AT12",5.13623142242432,13.6581954956055,25.5987319946289,15.0663833618164,20.4624996185303,2.26754522323608,2.50347065925598,2.23861384391785,1.9256078004837,78.8487854003906,67.7205352783203,57.1923179626465,76.0036468505859,0.29945969581604,0.155002012848854,0.0035886955447495,0.0279907453805208,2.69342872007513e-32,0.00383290322497487,0.0756203457713127,0.434162259101868,4036641.25,NA,211.360355657156
"AT13",6.74077796936035,15.0980367660522,27.2579536437988,16.2882061004639,20.5171775817871,1.83788228034973,2.02016091346741,1.86919093132019,1.78849732875824,77.2195663452148,65.8180389404297,53.727611541748,73.9277801513672,0.285119473934174,0.100767128169537,2.47817016907348e-10,0.136319220066071,0,0.00339084980078042,0,0.474403321743011,611299.3125,NA,1441.9595478602
"AT21",2.16321706771851,9.91974067687988,21.7274951934814,12.4097652435303,19.5642795562744,2.63688445091248,3.47936320304871,3.11797833442688,3.70708799362183,77.6375732421875,70.9562377929688,62.6359939575195,77.5391082763672,0.0900074988603592,0.0986280515789986,0.0530956536531448,0.0200166273862123,0,0,0.734118580818176,0,661103.25,NA,69.9325922349515
"AT22",3.01311492919922,11.0041942596436,22.8292503356934,13.1824712753296,19.8161354064941,2.71401476860046,3.12335538864136,3.02324199676514,2.76730942726135,78.8883285522461,70.0231704711914,62.1110076904297,77.3225936889648,0.102282345294952,0.0988739803433418,0.0287099238485098,0.0230448935180902,2.52466136916892e-24,0.00143389706499875,0.683547794818878,0.0611626505851746,1463661,NA,89.4037295314682
"AT31",4.33829593658447,12.6417779922485,24.1876487731934,14.4682807922363,19.8493518829346,3.42166137695312,3.53719997406006,3.11207818984985,2.73489928245544,80.4698944091797,69.9003601074219,61.531364440918,78.4216690063477,0.232785239815712,0.222543150186539,0.0116639751940966,0.0284470077604055,0,0.00212920550256968,0.301565259695053,0.196142420172691,1632524.75,NA,136.847613416118
"AT32",1.46072447299957,8.05405807495117,19.3876190185547,11.0633735656738,17.9268932342529,3.614994764328,4.36362266540527,4.26742315292358,3.61975502967834,78.9741668701172,73.0519104003906,65.6167602539062,78.7556228637695,0.0805333480238914,0.135803952813148,0.137151196599007,0.0166839957237244,5.64976968214953e-32,0,0.613080441951752,0,597146.3125,NA,83.3679480849787
"AT33",0.785864412784576,7.37475633621216,18.2447395324707,10.219165802002,17.4588737487793,3.0640606880188,3.82375144958496,3.85834288597107,3.21699357032776,75.3009490966797,71.3953323364258,65.0239868164062,76.5495300292969,0.0788789689540863,0.12214057892561,0.155172169208527,0.0174513459205627,6.46000149784646e-32,0,0.605160117149353,0,958361.125,NA,76.0682036921276
"AT34",2.4847846031189,9.24760723114014,19.7099533081055,11.7124700546265,17.225170135498,3.82475328445435,4.5064435005188,4.27210903167725,3.4347550868988,74.950309753418,70.1775283813477,64.3255157470703,75.5424270629883,0.110834009945393,0.162446528673172,0.119198650121689,0.0498747676610947,0.00038803048664704,0,0.548751711845398,0,464018.65625,NA,176.709373121168
"BAG1652",5.41708850860596,13.153805732727,25.524377822876,15.5757417678833,20.1072902679443,3.41826105117798,3.19742059707642,1.62214004993439,3.29127550125122,77.7027816772461,68.8481521606445,58.4196243286133,73.4975509643555,0.185860961675644,0.166989341378212,0.0314555838704109,0.0142329409718513,6.20533537585288e-05,0.115282990038395,0.443053185939789,0.0350698716938496,1142760,NA,42.729761606694
"BAG1653",6.01395463943481,14.0889883041382,26.5765514373779,16.1997356414795,20.5625953674316,3.22255682945251,3.12923002243042,1.70333981513977,2.83995509147644,77.3578567504883,67.4155883789062,57.1488838195801,72.7624664306641,0.224136054515839,0.13115631043911,0.0280648525804281,0.0116252480074763,0.000122846031445079,0.14064285159111,0.390516847372055,0.0646333172917366,831408.8125,NA,33.9200362338646
"BE10",7.16696786880493,12.9653425216675,23.1591796875,16.4453411102295,15.9922113418579,2.7548496723175,2.16382050514221,1.63496124744415,2.03912401199341,85.1834335327148,74.0744400024414,67.0846176147461,80.5316848754883,0.333106368780136,0.140577673912048,7.14613257457586e-10,0.275942295789719,0,0,0,0.250373691320419,215316,NA,1424.31968743609
"BE21",7.23099899291992,12.9209775924683,23.1763401031494,16.2880096435547,15.9453401565552,2.63387107849121,1.99539589881897,1.59941053390503,2.1377260684967,84.907829284668,73.3103790283203,66.471565246582,80.5658798217773,0.219960644841194,0.133616760373116,1.39280897926142e-09,0.153013989329338,0,1.66732960771299e-10,0,0.474419713020325,1681925.125,NA,590.176085142717
"BE22",6.77915811538696,12.8587303161621,23.2589263916016,16.2062969207764,16.4797668457031,2.67482995986938,2.17935276031494,1.60644280910492,2.0445761680603,84.7634811401367,72.6065979003906,65.6184539794922,80.1173629760742,0.215478897094727,0.15045340359211,7.23819393311231e-10,0.135502398014069,0,0,0,0.498565286397934,1115482.625,NA,459.293273410793
"BE23",7.11366987228394,12.5384340286255,22.3348960876465,16.364933013916,15.221227645874,2.81005668640137,2.00302171707153,1.56955933570862,2.33650135993958,85.1671524047852,75.6075820922852,71.6998519897461,82.2944717407227,0.271604150533676,0.154634982347488,1.29170163454262e-09,0.154108956456184,0,1.35349564889253e-10,0,0.34394696354866,1754994.125,NA,580.974703322206
"BE24",6.92804431915283,12.8982725143433,23.2561340332031,16.3825092315674,16.3280906677246,2.65881562232971,2.13322353363037,1.58629417419434,1.97046089172363,85.0801544189453,73.7640533447266,66.8665771484375,80.4859085083008,0.359063804149628,0.154012769460678,1.60340363208888e-09,0.188468813896179,0,1.33509262673082e-11,0,0.296934127807617,1732123,NA,819.072238533881
"BE25",7.11625528335571,12.1564712524414,21.5510368347168,16.2490997314453,14.4347810745239,3.01024198532104,2.1815230846405,1.59363985061646,2.60234498977661,84.5546569824219,76.5463256835938,73.7038421630859,82.2536926269531,0.367977797985077,0.155581668019295,3.99082572544174e-10,0.128683030605316,0,1.24925709153413e-30,0,0.227700054645538,1530881.5,NA,485.846824442409
"BE31",6.91352939605713,12.9096612930298,23.3070201873779,16.4098529815674,16.3934917449951,2.64934277534485,2.11622166633606,1.56484460830688,1.92762899398804,85.1075439453125,73.7902603149414,66.7997589111328,80.4422378540039,0.379998594522476,0.153733238577843,1.92275995125613e-09,0.186832085251808,0,0,0,0.279436141252518,857426.375,NA,796.766785250705
"BE32",6.83279228210449,12.643313407898,22.718994140625,16.2283592224121,15.8862018585205,3.04056620597839,2.28599143028259,1.64392983913422,2.26718950271606,85.8515625,75.31884765625,70.0973205566406,82.0818862915039,0.325657039880753,0.168104231357574,8.31857693839311e-10,0.140127792954445,0,9.38663291008735e-35,0.192569270730019,0.173541679978371,2169688.5,NA,570.79028225242
"BE33",5.98306894302368,12.3719940185547,23.0762901306152,15.747166633606,17.0932197570801,3.09546589851379,2.4507372379303,1.76257836818695,2.25093984603882,86.6510620117188,74.1501007080078,66.3003158569336,81.331916809082,0.177806213498116,0.159890502691269,1.42255263124724e-09,0.127591907978058,0,2.29790079335517e-17,0.24603471159935,0.288676679134369,1348242,NA,348.845482777221
"BE34",5.59310102462769,12.0329179763794,23.0223159790039,15.1146688461304,17.4292125701904,3.68753576278687,2.63975262641907,1.77885413169861,2.47297310829163,88.0725555419922,74.768310546875,64.9781036376953,81.9580993652344,0.139347270131111,0.195543572306633,4.78484707855387e-07,0.0559730418026447,1.70717277120369e-11,1.16501158635736e-27,0.522043645381927,0.0870920047163963,424076.6875,NA,95.1158602252918
"BE35",6.3352460861206,12.5115957260132,23.168140411377,15.9426326751709,16.8328952789307,3.2608745098114,2.48008823394775,1.74092328548431,2.24799728393555,86.7783737182617,74.9245300292969,67.342887878418,81.7341690063477,0.251613736152649,0.183330252766609,1.84495729627088e-05,0.0782651379704475,0,1.62606554094106e-27,0.0896610170602798,0.39711144566536,788916.9375,NA,214.632502704334
"BG311",6.39463520050049,15.8620872497559,27.9871444702148,16.4962596893311,21.5925102233887,1.77636301517487,1.89471459388733,1.27719938755035,1.10631811618805,78.9055938720703,65.2796249389648,53.6590957641602,71.120231628418,0.400315850973129,0.214468166232109,0.00575182493776083,0.00680534588173032,0,0.0376267656683922,0,0.332720965147018,74973.1640625,NA,24.9652925647873
"BG312",5.68672037124634,15.4119415283203,27.5040740966797,16.1244621276855,21.8173542022705,1.71888113021851,2.07985734939575,1.499152302742,1.147820353508,78.5049514770508,65.1496276855469,53.9282836914062,70.052131652832,0.395052909851074,0.198595121502876,0.0191967859864235,0.00731272250413895,0,0.0336121693253517,0,0.344329684972763,85536.8984375,NA,23.4533778604337
"BG313",5.83719491958618,15.903712272644,28.2661991119385,16.7506065368652,22.4290027618408,1.77127206325531,2.2517077922821,1.63495182991028,1.15742385387421,78.7900543212891,65.370964050293,54.270637512207,69.9014129638672,0.436227858066559,0.176431819796562,0.0281560458242893,0.0090426979586482,0,0.00319308531470597,0,0.345309287309647,100078.7265625,NA,27.3928687852777
"BG314",6.12091445922852,16.4106311798096,28.9629039764404,17.3164920806885,22.8419876098633,1.75314199924469,1.94985806941986,1.51901388168335,0.97689414024353,78.694580078125,65.3777160644531,55.1262550354004,69.8087768554688,0.520962595939636,0.195332050323486,0.0116850240156054,0.00893409457057714,0,0.00533652910962701,0,0.256597757339478,166612.484375,NA,36.3634700508995
"BG315",5.0771336555481,14.7316360473633,27.2178134918213,15.9037389755249,22.1406803131104,1.88508021831512,2.49030518531799,2.23333024978638,1.25176680088043,77.4135665893555,67.7530212402344,59.2074546813965,71.6243362426758,0.306665599346161,0.128404662013054,0.00641877250745893,0.0121382568031549,0,1.08839458334842e-05,0,0.546350002288818,135517.125,NA,32.7617981235009
"BG321",5.99062776565552,15.6510915756226,28.3054180145264,16.9019947052002,22.314790725708,1.88481569290161,2.08888530731201,1.5535706281662,1.16089582443237,78.4308395385742,67.3691558837891,58.3055992126465,71.7644195556641,0.410459369421005,0.171084105968475,0.00353633682243526,0.0113388868048787,0,0.00233826483599842,0,0.400863796472549,162179.359375,NA,34.7875714148287
"BG322",4.58079528808594,13.9498500823975,26.5554332733154,15.2983160018921,21.9746379852295,2.01864910125732,2.46305274963379,2.10820174217224,1.2607626914978,77.6496658325195,68.4446487426758,59.8421516418457,72.2863159179688,0.24713546037674,0.108007006347179,0.000604907982051373,0.0140133630484343,0,1.34062911456567e-05,0,0.629660606384277,75317.296875,NA,37.8842280006521
"BG323",6.07734823226929,16.1618976593018,28.7112846374512,17.2268028259277,22.6339359283447,1.93784320354462,2.05545878410339,1.55539226531982,1.23996829986572,79.4469223022461,66.3760528564453,58.624626159668,72.0490417480469,0.537758946418762,0.197188764810562,0.00657383492216468,0.0128372712060809,0,0.00999779626727104,0,0.233499854803085,141148.953125,NA,48.9857742915884
"BG324",5.72538948059082,15.5959930419922,28.073616027832,16.9737281799316,22.3482284545898,1.80766093730927,2.12681078910828,1.64977884292603,1.34192645549774,79.4785003662109,68.0861053466797,62.1174240112305,74.2559051513672,0.476572424173355,0.18810261785984,0.00163881643675268,0.00961410626769066,0,0.00333193247206509,0,0.320657283067703,65295.30859375,NA,27.4603200801625
"BG325",6.5726957321167,16.082914352417,28.4054050445557,17.255558013916,21.832706451416,1.73453259468079,1.91279554367065,1.50654029846191,1.2466539144516,78.9954986572266,67.1811370849609,60.445686340332,73.7215042114258,0.531825959682465,0.17280325293541,0.00702157896012068,0.00897189509123564,0,0.00870311260223389,0,0.2633116543293,117766.2578125,NA,41.0668994685815
"BG331",7.42586946487427,15.250470161438,27.9791965484619,18.1399631500244,20.5533256530762,1.61995232105255,1.64615786075592,1.25867927074432,1.37967896461487,78.015007019043,71.4964065551758,65.3187484741211,75.7158508300781,0.37534561753273,0.146540865302086,0.000588715833146125,0.014548946171999,0,4.49732106062584e-05,0,0.36926195025444,307771.125,NA,80.9958902655375
"BG332",6.70052671432495,15.2231254577637,27.7006149291992,17.6688079833984,21.0000877380371,1.64199006557465,1.67362928390503,1.2520477771759,1.27737092971802,79.0366058349609,70.5195693969727,65.6685028076172,75.1185684204102,0.552669107913971,0.206048578023911,2.80941181429739e-09,0.00757781136780977,0,0.00518180662766099,0,0.223224252462387,123676.2734375,NA,25.9449263557991
"BG333",6.31533575057983,15.2380895614624,27.8266315460205,17.2846736907959,21.5112953186035,1.6614727973938,1.91112065315247,1.50379240512848,1.26784229278564,78.9773025512695,70.112663269043,63.8291778564453,75.4237670898438,0.447961986064911,0.186852678656578,0.000730624073185027,0.00928399339318275,0,4.03759304390405e-06,0,0.355013012886047,102845.625,NA,30.1335202279857
"BG334",5.77274513244629,15.2569561004639,27.7760543823242,16.9439716339111,22.0033092498779,1.70163321495056,2.06361484527588,1.57610845565796,1.22093403339386,79.1199569702148,69.4712066650391,63.8880882263184,75.314567565918,0.376198947429657,0.175415188074112,0.000345799518981948,0.00910099036991596,0,0.000292506534606218,0,0.438639402389526,63352.7578125,NA,23.5961550511184
"BG341",8.15203285217285,15.7599744796753,28.3049030303955,18.7667102813721,20.1528701782227,1.8241263628006,1.72800397872925,1.20452702045441,1.4719774723053,77.152473449707,71.8286972045898,64.5216064453125,74.5168685913086,0.251625835895538,0.127363950014114,0.00340585992671549,0.00876897573471069,0,0.0410498306155205,0,0.444172561168671,245544.390625,NA,31.6451390462088
"BG342",5.67840433120728,14.4941282272339,27.0851078033447,16.4409675598145,21.406702041626,1.69610273838043,1.81759750843048,1.37662994861603,1.0906982421875,77.8208618164062,69.8883743286133,61.4271087646484,73.7811508178711,0.282912194728851,0.135769098997116,0.00533723877742887,0.0107641583308578,0,1.07101013782085e-05,0,0.565206587314606,114128.4765625,NA,32.633538656803
"BG343",7.78499603271484,16.0696086883545,28.6516399383545,18.3431415557861,20.866641998291,1.712890625,1.65186178684235,1.16243505477905,1.15553534030914,77.1195907592773,69.3532562255859,58.8319320678711,72.2667541503906,0.440510988235474,0.202551111578941,0.0137177389115095,0.00728883175179362,0,0.00120193685870618,0,0.334582030773163,69535.46875,NA,20.7990576702694
"BG344",6.40325164794922,15.1657314300537,27.8520603179932,16.7035827636719,21.4488086700439,1.96924269199371,2.03371715545654,1.59381282329559,1.16449189186096,76.8117904663086,67.8768844604492,56.1637306213379,70.6725997924805,0.335354924201965,0.143285810947418,0.00237365299835801,0.0126125896349549,0,8.86525322130183e-06,0,0.506159126758575,216355.28125,NA,41.8348706946024
"BG411",4.76396942138672,13.9071092605591,25.849250793457,15.2335529327393,21.0852794647217,1.96652209758759,2.618980884552,2.10852193832397,1.49338853359222,75.9307479858398,65.9147033691406,57.0831718444824,69.9698104858398,0.217712491750717,0.0367687456309795,0.0066842962987721,0.054725892841816,0,1.61011575983139e-05,0,0.683406710624695,526415.375,NA,399.776659238904
"BG412",4.17188835144043,13.2702922821045,25.3851909637451,14.6556072235107,21.2133026123047,2.10127329826355,2.87262654304504,2.12974619865417,1.51288974285126,76.3843612670898,67.2640686035156,58.6269302368164,71.0909805297852,0.186571732163429,0.0532739982008934,0.00609023403376341,0.0186612512916327,0,0.0100291883572936,0,0.723141014575958,677498.25,NA,95.2226066518218
"BG413",3.88099813461304,13.0078392028809,24.9457569122314,14.7290458679199,21.0647602081299,1.94933259487152,2.05640149116516,1.34973502159119,1.22641181945801,75.0522308349609,67.0614547729492,58.4591598510742,69.7116928100586,0.173328667879105,0.0717507973313332,0.00862327869981527,0.0123995607718825,0,0.06808041036129,0,0.662823438644409,198837.59375,NA,30.96968926222
"BG414",4.54180860519409,13.5816717147827,25.4055233001709,14.9475889205933,20.8637142181396,1.87392258644104,2.17468953132629,1.66908705234528,1.29913175106049,75.2769470214844,65.3365478515625,56.0852813720703,69.4591445922852,0.214684024453163,0.0399872995913029,0.0113692926242948,0.0181214306503534,0,0.108509749174118,0,0.60730654001236,228346.5,NA,95.9364088231732
"BG415",4.39942026138306,13.1905670166016,25.0876655578613,14.7664051055908,20.6882438659668,2.02404952049255,2.25648736953735,1.47695887088776,1.31497180461884,73.05517578125,63.7146034240723,52.6516227722168,67.0938110351562,0.199676990509033,0.0815317183732986,0.0186776202172041,0.0110307866707444,0,0.144588634371758,0,0.544473946094513,89117.03125,NA,29.1641908524134
"BG421",5.69732475280762,14.6499309539795,27.1711254119873,16.0593528747559,21.4738006591797,2.19815564155579,2.35726547241211,1.9839483499527,1.23208940029144,76.0134201049805,68.0346298217773,57.9034881591797,71.1260070800781,0.319219022989273,0.119033873081207,0.00258272257633507,0.0177882555872202,0,0.0015483737224713,0,0.539174258708954,542757.9375,NA,90.6243097918368
"BG422",7.41421318054199,15.8833656311035,28.2738056182861,17.8378257751465,20.8595924377441,2.24594116210938,1.88097023963928,1.09261643886566,1.19136846065521,77.3840103149414,68.2438888549805,55.1329345703125,69.4093017578125,0.407608687877655,0.178822964429855,0.0161795541644096,0.00880950409919024,0,0.0471001490950584,0,0.33968311548233,172763.796875,NA,31.2052557977906
"BG423",4.54183626174927,13.442892074585,25.6422557830811,14.9301166534424,21.1004199981689,2.21053457260132,2.40691590309143,1.73751437664032,1.18160247802734,75.6276702880859,68.3218688964844,60.0468978881836,71.5894317626953,0.219188958406448,0.0769940242171288,0.000980987912043929,0.0121337063610554,0,0.0518293939530849,0,0.632908880710602,182120.5,NA,40.919317555898
"BG424",3.58358931541443,12.2203521728516,24.2507343292236,14.0510988235474,20.6671447753906,2.93451428413391,2.38040995597839,1.82921087741852,1.3511039018631,76.6614456176758,71.2218704223633,64.603645324707,73.0312118530273,0.115262493491173,0.024282418191433,0.00586723675951362,0.00646627321839333,0,0.151539444923401,0,0.6890829205513,78800.390625,NA,24.7142935758832
"BG425",6.67315769195557,14.8898429870605,27.1167240142822,16.804536819458,20.443567276001,2.62427282333374,1.96182405948639,1.09706270694733,1.25728356838226,77.2151260375977,69.8808898925781,57.3596343994141,70.4198837280273,0.319656044244766,0.102708838880062,0.0412384495139122,0.00653127208352089,0,0.116190291941166,0,0.407957494258881,111047.75,NA,34.4662376793483
"CH01",2.0864155292511,8.1309232711792,18.9661502838135,11.0700511932373,16.8797340393066,4.12092351913452,4.42835807800293,2.37468481063843,3.1675705909729,72.3557891845703,69.8139953613281,62.4937438964844,74.4713897705078,0.0899432897567749,0.15609273314476,0.0457513406872749,0.0482601560652256,2.43314015823914e-27,0,0.57402503490448,0,1583450.5,NA,182.043470604107
"CH02",4.43982887268066,11.4674234390259,22.1306743621826,13.6216516494751,17.6908473968506,4.27391004562378,4.52348279953003,3.06002163887024,3.27357077598572,76.0232925415039,69.6232986450195,62.1012420654297,76.1638870239258,0.146416157484055,0.221914231777191,0.0243433397263288,0.0584938004612923,6.758860954245e-29,4.16499943867166e-07,0.509737014770508,2.81273105429136e-06,2485228.75,NA,246.797652814817
"CH03",6.02232217788696,13.825553894043,24.2176876068115,15.2428665161133,18.1953639984131,3.979896068573,4.22947692871094,2.76447367668152,2.87691974639893,78.4914321899414,68.0109024047852,60.0698585510254,76.7257232666016,0.17535337805748,0.182936802506447,0.00707533862441778,0.0891257748007774,4.68758252140231e-26,0.00994030199944973,0.453984677791595,0.067129410803318,1065419.25,NA,543.422377188091
"CH04",5.8310866355896,13.7395076751709,24.0851898193359,15.0318994522095,18.2541046142578,4.08167695999146,4.67505741119385,3.43442177772522,3.14837074279785,78.4036026000977,68.5766448974609,61.4216995239258,77.263313293457,0.142061218619347,0.194908067584038,0.00757981184870005,0.114301197230816,1.43691368257117e-26,0,0.511903584003448,0,1291268.125,NA,755.693947108517
"CH05",1.70474433898926,7.78648710250854,18.220142364502,10.6317729949951,16.5153980255127,3.86364197731018,4.5946249961853,3.4516396522522,3.70201659202576,74.123161315918,70.0505294799805,63.836498260498,76.0177459716797,0.0682559311389923,0.18522010743618,0.131839275360107,0.0409505032002926,1.99823662114795e-05,0,0.549063980579376,0,1545153.25,NA,135.11605636985
"CH06",3.36614847183228,9.98534488677979,20.3382396697998,12.2646751403809,16.9720916748047,5.26110363006592,6.08490371704102,4.03440189361572,4.29345083236694,75.1260681152344,70.2668838500977,63.9950523376465,76.7890396118164,0.0831151157617569,0.197979018092155,0.06221754103899,0.073386013507843,2.25155462380456e-26,0,0.516258537769318,0,1713725.125,NA,385.601209187582
"CH07",2.73007273674011,9.00966262817383,19.6057319641113,11.6748924255371,16.8756580352783,3.53457927703857,6.69950532913208,4.2497386932373,5.54238510131836,70.7030868530273,68.2367706298828,61.3469009399414,74.6436386108398,0.045184887945652,0.0898137837648392,0.0924228876829147,0.0561574921011925,2.04024484312503e-23,0,0.676928997039795,0,495018.6875,NA,173.129163539408
"CZ01",4.91988563537598,13.2199296951294,25.1404190063477,14.95738697052,20.2205333709717,1.47492015361786,1.73018372058868,1.92098772525787,1.27707612514496,80.2702941894531,68.104362487793,54.5154685974121,75.5149154663086,0.54143488407135,0.0996814891695976,1.16122211846204e-09,0.0543515384197235,0,1.46988185393083e-18,0.117034949362278,0.187387809157372,277454.1875,NA,577.68281025827
"CZ02",4.57942342758179,12.8468618392944,24.6346321105957,14.5173473358154,20.0552082061768,1.68399333953857,1.95784878730774,1.94243359565735,1.40765762329102,80.5890045166016,68.6681747436523,56.6042098999023,76.7188034057617,0.494565635919571,0.12521168589592,0.000117322590085678,0.0280911587178707,0,2.90587080944291e-18,0.0779426395893097,0.273829102516174,2441920.75,NA,223.981731123822
"CZ03",4.28384351730347,12.5848627090454,24.0747184753418,14.1577157974243,19.7908744812012,2.19464182853699,2.40308380126953,2.06177353858948,1.79878115653992,81.7262802124023,69.8021469116211,59.8206672668457,79.0042343139648,0.345235794782639,0.143471762537956,0.0011954044457525,0.0184685029089451,0,9.83822028501891e-05,0.0452525243163109,0.444919466972351,1257743.25,NA,71.0329177506491
"CZ04",4.09201574325562,12.0485734939575,23.8779945373535,14.163477897644,19.7859783172607,2.19420051574707,2.15408968925476,2.1630277633667,1.76673007011414,84.1762619018555,71.2976455688477,58.4500350952148,78.9628295898438,0.344735026359558,0.0994861871004105,0.00346966087818146,0.041397862136364,0,1.99124686638537e-18,0.0174295678734779,0.493006348609924,1311192.5,NA,151.758123790375
"CZ05",4.18103265762329,12.0064182281494,23.9517097473145,14.0034961700439,19.7706756591797,3.08429408073425,2.54056692123413,2.39632892608643,2.13826513290405,83.4283981323242,71.0246429443359,59.9757881164551,79.3268356323242,0.380963355302811,0.132943451404572,0.000419659831095487,0.0268980264663696,0,1.24261379451625e-17,0.206472262740135,0.252262383699417,1439847.25,NA,116.207791581874
"CZ06",4.78226375579834,13.0732984542847,24.997013092041,14.5859375,20.214750289917,1.88861274719238,2.00428152084351,1.81748485565186,1.50627017021179,80.6226272583008,67.771728515625,56.3070869445801,76.4968109130859,0.483185052871704,0.131004467606544,0.000121478362416383,0.0205792412161827,0,4.22867287852569e-06,0.0893292352557182,0.275690793991089,1687172.25,NA,120.971249408135
"CZ07",4.18670845031738,12.130295753479,24.1789016723633,13.9313497543335,19.9921913146973,2.45929837226868,2.29150795936584,2.16561603546143,1.8717178106308,81.8259353637695,69.2705917358398,58.9022026062012,77.2715377807617,0.389389038085938,0.106626689434052,0.000476002052892,0.0310140904039145,0,2.57824566191628e-18,0.301366865634918,0.17035336792469,1069553.625,NA,116.678557478103
"CZ08",4.26182556152344,11.9425373077393,24.0075759887695,13.8435335159302,19.7457504272461,2.5991747379303,2.55037641525269,2.40455174446106,2.04638481140137,81.5287551879883,69.7535171508789,60.3265838623047,77.1581573486328,0.386182337999344,0.107320569455624,0.000247508578468114,0.0340668745338917,0,1.98125492990423e-16,0.0527042038738728,0.417673289775848,1235753.875,NA,227.844722727446
"DE11",5.07683372497559,13.4004392623901,24.4888114929199,15.151083946228,19.4119777679443,2.58075881004333,2.68821835517883,1.84376275539398,2.16876363754272,82.2694396972656,68.5960540771484,56.7184753417969,76.9611740112305,0.301437079906464,0.0969561710953712,1.17152455914038e-06,0.0852119252085686,0,9.44601679831788e-17,0,0.516393661499023,4149366.25,NA,392.675523619177
"DE12",5.98635101318359,14.1328296661377,25.1565074920654,15.9276103973389,19.1701564788818,2.90916132926941,2.879802942276,1.86765158176422,2.35363698005676,81.7063369750977,68.1883087158203,55.9509315490723,75.9745864868164,0.230295181274414,0.0539410039782524,5.90373792874743e-06,0.0970110669732094,0,0,0.055930607020855,0.562816262245178,2768639.75,NA,404.204517391422
"DE13",5.68785095214844,13.4730892181396,24.2422389984131,15.247992515564,18.554386138916,3.34614157676697,3.40979957580566,2.18311595916748,2.55888438224792,81.0597305297852,68.9811401367188,58.3718719482422,76.7962265014648,0.202239021658897,0.092861607670784,0.000578318256884813,0.0719116181135178,8.08561438224409e-31,0.0135061014443636,0.410553425550461,0.203044727444649,2858750,NA,304.494060398446
"DE14",5.11122369766235,13.3806591033936,24.3311614990234,15.100489616394,19.2199363708496,2.34895586967468,3.00917172431946,2.3949339389801,2.21919226646423,81.186637878418,69.199821472168,59.360164642334,77.5251159667969,0.252568632364273,0.149055227637291,0.00079266942339018,0.0596979521214962,0,1.83472729592875e-17,0.308430790901184,0.196648374199867,2220480.25,NA,242.919151766039
"DE21",4.2690052986145,12.7297563552856,23.8414249420166,14.3817195892334,19.5724182128906,2.74897623062134,3.45482206344604,3.42341804504395,2.74114322662354,79.2617340087891,69.1277770996094,60.9058303833008,77.9435882568359,0.25226217508316,0.145008742809296,0.00709693832322955,0.0457680448889732,0,3.50861375543465e-15,0.338382959365845,0.202521860599518,5379837,NA,307.416471999358
"DE22",4.57846784591675,13.2788276672363,24.5649757385254,14.7004814147949,19.9865074157715,2.69153738021851,2.72136998176575,2.34506273269653,2.26749038696289,80.6746826171875,68.1870574951172,59.023567199707,78.0591354370117,0.339556246995926,0.166675940155983,0.000665461469907314,0.027190200984478,0,5.21481334728183e-18,0.167588874697685,0.298323273658752,1205629.375,NA,117.874187165479
"DE23",4.27007150650024,12.7834005355835,23.9804515838623,14.175145149231,19.7103805541992,2.43720078468323,2.40754818916321,1.8932638168335,2.1174807548523,82.5622329711914,68.8529052734375,58.4579391479492,78.8721923828125,0.287250399589539,0.108934193849564,0.000111085253593046,0.0389046669006348,0,6.69535974539981e-23,0.00633199932053685,0.5584676861763,1311943,NA,135.808951173029
"DE24",4.28506422042847,12.0790567398071,23.5624942779541,14.2131185531616,19.2774295806885,2.64545917510986,2.36521029472351,2.03350138664246,2.21007633209229,84.0736083984375,70.0633926391602,58.4505195617676,78.8387222290039,0.282636880874634,0.0942108854651451,4.33210300965214e-10,0.0470418557524681,0,0,0,0.576110422611237,1052351.875,NA,145.834689810325
"DE25",4.74470281600952,12.9445953369141,24.07568359375,14.527437210083,19.3309783935547,2.12765383720398,2.28725337982178,1.66502046585083,1.97404932975769,81.7581787109375,68.2842025756836,57.0898208618164,77.8666915893555,0.361552059650421,0.130374237895012,1.68750224904812e-09,0.0550673790276051,0,0,0,0.453006356954575,1794622.875,NA,248.658746387654
"DE26",4.82589626312256,12.7225465774536,23.9929618835449,14.8102436065674,19.167064666748,2.45333790779114,2.30006170272827,1.65947592258453,1.97786033153534,83.5563735961914,69.6799926757812,57.8045463562012,78.1325759887695,0.347166687250137,0.0896274596452713,1.35836271510925e-05,0.0495061427354813,0,6.73345506227576e-16,0.0347628183662891,0.478923261165619,1194032.875,NA,140.262913175378
"DE27",4.62583208084106,12.8620920181274,23.8557052612305,14.5015573501587,19.2298736572266,2.50781726837158,3.19311428070068,2.98792624473572,2.60403394699097,79.1163711547852,69.2675170898438,60.4542465209961,77.8832092285156,0.28449672460556,0.186119392514229,0.0113890981301665,0.0414169728755951,4.24780104424372e-08,0,0.201171934604645,0.272554308176041,2107880,NA,210.926170490859
"DE30",5.64479112625122,13.0434694290161,24.2578277587891,15.3614768981934,18.6130332946777,1.7697468996048,1.75576531887054,1.65994715690613,1.46931600570679,83.901237487793,70.0960922241211,59.9942512512207,78.6576156616211,0.239546030759811,0.0678689703345299,0.00143997115083039,0.103420823812485,0,0,0,0.573258459568024,845133.125,NA,935.938747095908
"DE40",5.64103889465332,12.8970375061035,24.2907695770264,15.383303642273,18.649730682373,1.73085701465607,1.81085622310638,1.65611290931702,1.4767884016037,83.6865844726562,70.2776718139648,59.8839874267578,78.4566802978516,0.354393362998962,0.109585426747799,0.00101150467526168,0.0353699997067451,0,2.73766638970042e-14,0,0.485609173774719,6311445,NA,214.36929346145
"DE50",6.09458923339844,11.8664503097534,22.1702308654785,15.2021207809448,16.0756416320801,2.58158898353577,2.19482564926147,1.91669464111328,2.40057277679443,85.8322525024414,74.8945922851562,68.3237686157227,81.9873886108398,0.293327927589417,0.194232478737831,0.000611925439443439,0.0980903804302216,5.60519385729927e-45,1.73467163756044e-14,0.308868646621704,0.0462456941604614,175227.328125,NA,415.354944511883
"DE60",5.89665985107422,11.6478548049927,22.3629817962646,15.0675592422485,16.4663219451904,2.53521132469177,2.19484758377075,1.95245325565338,2.26954317092896,86.6839370727539,74.3377990722656,66.0396118164062,81.820198059082,0.374740034341812,0.14893864095211,0.00012274639448151,0.0896277651190758,0,8.50663161059643e-15,0.0979190319776535,0.273042261600494,434050.84375,NA,583.876584314976
"DE71",5.45665073394775,13.4331274032593,24.5703754425049,15.5266427993774,19.1137237548828,2.451740026474,2.42395377159119,1.76314628124237,2.06440687179565,83.2884368896484,69.1939315795898,56.8547897338867,77.1503524780273,0.222146645188332,0.0544972643256187,4.33375726061058e-06,0.111789457499981,0,0,0.114088773727417,0.497473537921906,4132940,NA,561.87658102861
"DE72",4.91534566879272,12.2774419784546,23.4921340942383,14.8479433059692,18.5767879486084,2.63675832748413,2.40868091583252,1.8231930732727,2.07965993881226,85.1584930419922,71.414306640625,60.2928657531738,79.3804397583008,0.233418270945549,0.0802645310759544,6.07037364819263e-10,0.0736787468194962,0,0,0.498005300760269,0.114633128046989,1417481.125,NA,261.628985596104
"DE73",4.35899829864502,11.5320205688477,22.773567199707,14.2691450119019,18.4145698547363,2.43065428733826,2.37048149108887,1.88504469394684,2.02576947212219,85.1579360961914,72.3479614257812,61.5750770568848,79.6715774536133,0.274966388940811,0.0830440744757652,6.72596922601798e-10,0.0577961914241314,0,2.65639491513524e-17,0.178200125694275,0.40599325299263,1217780,NA,148.042097654578
"DE80",5.7417254447937,11.7371664047241,22.9410629272461,15.1943044662476,17.1993370056152,1.94001269340515,1.90307712554932,1.72611653804779,1.73840725421906,86.0487670898438,74.0879821777344,65.7724761962891,81.3941040039062,0.459017097949982,0.15466383099556,0.00065536517649889,0.0209386125206947,0,6.4246593545962e-15,0,0.290058344602585,1257232.875,NA,54.4572420885117
"DE91",5.28639221191406,11.7656688690186,22.8399982452393,14.6733617782593,17.5536079406738,2.70522904396057,2.49468088150024,2.05089926719666,2.25741004943848,84.8887405395508,72.3131256103516,61.8992309570312,79.6104125976562,0.410805523395538,0.0974421501159668,2.81700031337095e-05,0.0448936074972153,0,4.99337526757787e-15,0,0.446771264076233,1465720.5,NA,180.458419530324
"DE92",5.67873668670654,11.9290990829468,22.4628677368164,14.9548473358154,16.7841320037842,2.44362950325012,2.22851467132568,1.68683278560638,2.07733082771301,84.6012420654297,72.6799087524414,64.3014984130859,80.3345642089844,0.461691707372665,0.127808436751366,7.74951404309832e-05,0.0667434185743332,0,8.14879661279822e-15,0.002307397313416,0.338712304830551,2414765.75,NA,267.334024020896
"DE93",5.91813516616821,11.8305006027222,22.453161239624,15.1048107147217,16.535026550293,2.35192322731018,2.09464430809021,1.80283796787262,2.12030911445618,85.5019760131836,73.0753021240234,65.0732498168945,80.9965667724609,0.358201295137405,0.164708808064461,0.000511475722305477,0.0520809069275856,0,1.04230182427709e-14,0.0884077921509743,0.309071838855743,2540948.25,NA,164.347821568247
"DE94",6.1799054145813,11.8173999786377,21.5578746795654,15.1106376647949,15.3779678344727,2.54355096817017,2.14295721054077,1.71001946926117,2.26440095901489,85.8810501098633,74.5615234375,69.8998565673828,82.9262466430664,0.412668317556381,0.228782385587692,2.5567155716999e-06,0.0500205904245377,0,2.75016519973859e-11,0.0490260757505894,0.241578131914139,2165423.75,NA,146.287381644947
"DEA1",7.07830142974854,13.2630405426025,23.86985206604,16.4340038299561,16.7915515899658,2.74816298484802,2.30328392982483,1.77494466304779,2.14461302757263,84.6661224365234,71.5315475463867,62.1484222412109,78.7318878173828,0.294448673725128,0.0954000130295753,7.56393392364885e-10,0.174498304724693,0,9.7171319601852e-11,0,0.435653030872345,5088340.5,NA,965.430702833695
"DEA2",6.1791296005249,12.8338184356689,23.7315769195557,15.9976053237915,17.5524463653564,2.82170820236206,2.39589691162109,1.80937147140503,2.085782289505,85.0975952148438,72.112060546875,62.329662322998,78.9889144897461,0.23517145216465,0.0651525184512138,8.88200124560257e-10,0.155943349003792,0,5.37026002312494e-17,0.0803087279200554,0.463417232036591,5120219.5,NA,697.040408690046
"DEA3",6.48859548568726,12.5271739959717,22.6931667327881,15.6665983200073,16.2045707702637,2.66990900039673,2.28846287727356,1.74583566188812,2.18937659263611,84.884895324707,72.1142959594727,64.5734329223633,80.3432769775391,0.408934533596039,0.156957894563675,2.22197904520272e-09,0.0926490947604179,0,5.11133184388779e-11,0,0.34138959646225,3297782.5,NA,477.140964520138
"DEA4",5.42817831039429,11.9277210235596,22.6555995941162,14.8686904907227,17.2274227142334,2.73196578025818,2.43201065063477,1.9116622209549,2.25965213775635,84.7778396606445,72.5589218139648,63.0653495788574,79.8671798706055,0.434697598218918,0.122814983129501,1.07956210637639e-09,0.0607513152062893,0,2.1319245417569e-15,0.00425363332033157,0.376913636922836,2018160.625,NA,310.768276189992
"DEA5",5.50871467590332,12.2042999267578,23.0792999267578,15.1652278900146,17.5705852508545,3.65829229354858,2.8558235168457,2.22746753692627,2.76187944412231,86.5521240234375,73.3068313598633,63.5095062255859,80.6455917358398,0.227396190166473,0.0719253867864609,7.83563491868478e-10,0.103792764246464,0,0,0.0802439972758293,0.515869140625,3104476,NA,388.913089404374
"DEB1",5.62301921844482,12.8427629470825,23.8880577087402,15.5444202423096,18.2650394439697,2.68477296829224,2.28384304046631,1.63634943962097,1.99170756340027,85.6790618896484,71.3945465087891,60.1530494689941,79.1199645996094,0.20476445555687,0.0829641744494438,1.43117573347951e-09,0.100313730537891,0,0,0.14058181643486,0.471375823020935,1838520.625,NA,229.508472374658
"DEB2",5.56927633285522,12.6522026062012,23.6965274810791,15.3907136917114,18.1272506713867,3.00007009506226,2.37520670890808,1.59657621383667,2.10226988792419,87.119873046875,72.6576843261719,61.0789794921875,80.2500457763672,0.176613464951515,0.118476770818233,1.10491971128113e-09,0.0851102247834206,1.04143126414269e-11,0,0.546336591243744,0.0734628885984421,658180,NA,134.240821265765
"DEB3",6.35144376754761,14.3578300476074,25.4137229919434,16.2051277160645,19.0622787475586,2.36982011795044,2.23154878616333,1.43855452537537,1.84379065036774,83.1514358520508,68.3799438476562,54.7860717773438,76.1831970214844,0.227095931768417,0.0604742616415024,5.98713578714438e-10,0.0915302336215973,0,1.94990078145743e-21,0,0.620899558067322,2551183.5,NA,371.550429922255
"DEC0",6.15627479553223,13.5927753448486,24.6934070587158,15.8894557952881,18.5371322631836,3.03399968147278,2.4118709564209,1.5622364282608,2.22129702568054,85.0690689086914,70.2508239746094,56.6457824707031,77.655647277832,0.222488239407539,0.104701615869999,8.1150902664362e-10,0.0781219303607941,1.93707680104516e-12,0,0.092266134917736,0.502422094345093,728477.3125,NA,280.289365931763
"DED2",5.11408615112305,12.9788303375244,24.830696105957,15.1299123764038,19.7166080474854,2.06053853034973,2.10217618942261,2.13633131980896,1.73120164871216,81.7962951660156,69.6993637084961,57.8814697265625,77.0878295898438,0.37755623459816,0.101113371551037,0.000709555519279093,0.0382814630866051,0,2.88562552259165e-17,0,0.477954506874084,1532668.5,NA,194.799234215657
"DED4",4.35400152206421,12.0581369400024,23.8459815979004,14.3403673171997,19.4919815063477,2.28585886955261,2.40575337409973,2.42337250709534,1.99688315391541,83.5320816040039,71.4129943847656,59.3235511779785,78.2103500366211,0.365906417369843,0.109601370990276,8.17671752884053e-05,0.0556832253932953,0,2.988577445266e-19,0,0.468632251024246,1445139,NA,220.0944863199
"DED5",5.57953071594238,13.3090209960938,25.0150928497314,15.4868812561035,19.4355621337891,1.60536301136017,1.81793200969696,1.75920379161835,1.43113899230957,80.8283157348633,69.2000503540039,56.1724281311035,75.2005767822266,0.514314770698547,0.129654854536057,1.3514294128214e-09,0.0413262322545052,0,0,0,0.313551247119904,819063.6875,NA,207.684761441419
"DEE0",5.6581563949585,12.6225566864014,23.9373798370361,15.2714433670044,18.2792224884033,1.74711430072784,1.86839413642883,1.64178657531738,1.55576705932617,82.8617630004883,70.3456115722656,58.5622406005859,77.3327102661133,0.486716419458389,0.130710765719414,0.00134400476235896,0.0328904762864113,0,1.71828108416294e-15,0,0.346727550029755,2554410.75,NA,124.558320847927
"DEF0",5.71652126312256,11.2308397293091,21.5261344909668,15.0291862487793,15.8096132278442,2.70619082450867,2.12465119361877,1.89795577526093,2.75938534736633,87.3382568359375,76.6675415039062,70.9121856689453,83.7386932373047,0.40265566110611,0.196198776364326,7.91928105172701e-05,0.043000303208828,2.70904428090504e-33,4.80823020287957e-12,0.102967843413353,0.153258219361305,3905453.25,NA,250.98877492666
"DEG0",4.56576347351074,11.8241539001465,23.3745441436768,14.4047527313232,18.8087825775146,2.0829644203186,2.24454569816589,1.95877110958099,1.83721029758453,84.3292541503906,71.8414688110352,59.512882232666,78.3921813964844,0.176582872867584,0.095355935394764,1.43210554526263e-09,0.04819630458951,0,2.17544001238914e-17,0,0.679678559303284,2200065.25,NA,136.726468537576
"DK01",5.49040460586548,10.3044567108154,21.4305801391602,15.082691192627,15.9401760101318,2.16218161582947,1.65168142318726,1.51215994358063,2.25752210617065,85.4544982910156,77.5182342529297,72.8773498535156,82.433349609375,0.306351006031036,0.0117362951859832,0.000338111014571041,0.157468244433403,0,1.23688863595817e-07,0,0.202441439032555,829491.9375,NA,321.609992108449
"DK02",5.7294979095459,10.5158977508545,21.6436252593994,15.4954662322998,15.9141263961792,2.15003061294556,1.63885688781738,1.47750651836395,2.23737573623657,86.1670303344727,77.7299194335938,71.2522048950195,82.0963897705078,0.353794932365417,0.017587898299098,0.000342066254233941,0.0425579436123371,0,2.02790886305593e-08,0,0.157802149653435,527238.75,NA,73.038756372965
"DK03",5.13002443313599,10.3056411743164,20.3377246856689,14.4554471969604,15.2076988220215,2.89345026016235,2.03796911239624,1.70390379428864,3.30649089813232,88.1449203491211,78.0435333251953,73.9998245239258,84.9057540893555,0.524779200553894,0.0473656840622425,0.000489378930069506,0.033978845924139,4.10979231352569e-30,4.18123535794734e-09,0.179011300206184,0.0538683347404003,916620.9375,NA,75.6764623971724
"DK04",4.9834418296814,10.1573152542114,20.0988788604736,14.0624494552612,15.1154356002808,3.05236124992371,2.00275325775146,1.60640871524811,3.4642391204834,87.1763916015625,77.9192657470703,76.2570190429688,85.7541961669922,0.489820271730423,0.0298813078552485,0.00028574513271451,0.0368584804236889,0,3.7701141764046e-08,0.111642926931381,0.16781385242939,1327895.375,NA,100.671333831363
"DK05",4.73441123962402,9.97466945648193,20.1305770874023,13.8065118789673,15.396164894104,2.7763044834137,1.89216578006744,1.62271595001221,3.13024878501892,85.5844421386719,76.5742950439453,75.2448043823242,84.3873443603516,0.49982076883316,0.0360523648560047,0.000233817147091031,0.0295339431613684,0,1.54372337135555e-08,0.152857914566994,0.0930062755942345,443299.40625,NA,54.1005423840584
"EE001",3.66870927810669,10.0522871017456,22.755687713623,13.1482534408569,19.0869789123535,2.49369621276855,1.69279360771179,2.08532071113586,2.63584566116333,82.7785263061523,70.7036209106445,68.6581954956055,83.8108062744141,0.12784606218338,0.0695779249072075,0.015063589438796,0.016153821721673,6.11532959737815e-05,0.0787462368607521,0.411980032920837,0.211342215538025,375463.6875,NA,86.5179473126586
"EE004",4.02596712112427,10.2985486984253,22.7616710662842,13.7785320281982,18.7357044219971,2.45329332351685,1.59461736679077,1.90698659420013,2.6684193611145,82.3352432250977,71.9236526489258,70.6270294189453,83.7615814208984,0.0914462879300117,0.0395653694868088,0.0280114635825157,0.00579369906336069,1.10963028419064e-05,0.264362007379532,0.0378989912569523,0.437543302774429,78850.734375,NA,7.12563046884552
"EE006",3.46797227859497,10.1167440414429,22.9371318817139,13.1287384033203,19.4691581726074,2.38017559051514,1.726802110672,2.15454339981079,2.54914617538452,82.8960571289062,69.9038543701172,67.8654556274414,84.0603866577148,0.185282126069069,0.0665258392691612,0.023891557008028,0.00877705961465836,5.23595299455337e-05,0.128336787223816,0.269157767295837,0.306069910526276,285250.71875,NA,31.5925892134069
"EE007",3.11104512214661,10.0653524398804,23.16774559021,12.9484567642212,20.0566997528076,2.14721155166626,1.68887317180634,2.2290952205658,2.49837303161621,81.8180541992188,70.4550323486328,65.932746887207,82.498161315918,0.0589732863008976,0.0471703410148621,0.00922461692243814,0.00820229016244411,1.24359321489464e-05,0.294324487447739,0.0362458266317844,0.322689235210419,44474.36328125,NA,11.1033874420107
"EE008",3.16627717018127,10.60133934021,23.2245960235596,13.0215454101562,20.0583190917969,2.22712516784668,1.78239262104034,2.10804772377014,2.24581241607666,82.6960830688477,69.6589279174805,66.5493698120117,83.1933364868164,0.185811698436737,0.0504214130342007,0.0160904172807932,0.00530759477987885,6.39217105344869e-05,0.161260783672333,0.272180587053299,0.228844821453094,235445.484375,NA,14.1528764378039
"EL301",12.036527633667,18.5314979553223,30.9185199737549,21.9016551971436,18.8819923400879,2.50437045097351,0.928753674030304,0.213867515325546,1.22914111614227,75.5116424560547,61.7446174621582,47.5846366882324,65.4905548095703,0.231111139059067,0,0.300983160734177,0.0665672123432159,0,0.142886474728584,0,0.118949450552464,56719.12890625,NA,686.89686105492
"EL302",12.036527633667,18.5314979553223,30.9185180664062,21.9016532897949,18.8819904327393,2.50437045097351,0.928753733634949,0.213867530226707,1.22914111614227,75.5116424560547,61.7446174621582,47.5846366882324,65.4905471801758,0.231111139059067,0,0.300983190536499,0.0665672197937965,0,0.142886459827423,0,0.118949450552464,35339.34765625,NA,528.492773030407
"EL303",12.0365285873413,18.5314979553223,30.9185180664062,21.9016551971436,18.8819904327393,2.50437045097351,0.928753674030304,0.213867515325546,1.22914099693298,75.5116424560547,61.7446174621582,47.5846405029297,65.4905548095703,0.231111139059067,0,0.300983160734177,0.0665672197937965,0,0.142886459827423,0,0.118949443101883,20946.96484375,NA,203.244865850799
"EL305",12.1406373977661,18.5813426971436,30.8809299468994,21.9442272186279,18.740291595459,2.53802824020386,0.944018363952637,0.214040219783783,1.24532341957092,75.4035568237305,61.7415885925293,47.744514465332,65.5529174804688,0.222046986222267,0,0.293835937976837,0.0621251538395882,0,0.134723737835884,0,0.114848718047142,608090.1875,NA,393.922959511051
"EL306",11.3782091140747,17.9792156219482,30.3598003387451,21.3193683624268,18.9815902709961,2.55232882499695,0.932214736938477,0.245560228824615,1.29061722755432,75.9197082519531,63.4175491333008,49.364875793457,66.213264465332,0.301269382238388,0.271153718233109,0.0996658951044083,0.0225765407085419,0,0.0742133259773254,0,0.113338738679886,218236.328125,NA,210.141985708708
"EL411",12.4863138198853,18.5281677246094,30.0652885437012,21.7123584747314,17.5789737701416,3.40133118629456,1.41496336460114,0.203247725963593,1.44262456893921,75.0249176025391,69.4231796264648,56.2616920471191,69.6887969970703,0.0713472664356232,0.0769610479474068,0.11137667298317,0.00834696087986231,0,0.258843541145325,0,0.102766424417496,20749.646484375,NA,9.16748144923233
"EL412",12.6162223815918,18.9551544189453,30.5127048492432,22.5427780151367,17.8964824676514,4.86162662506104,1.64070606231689,0.0521932691335678,1.47001457214355,74.1185760498047,72.779670715332,61.2082824707031,69.4232025146484,0.0249287411570549,0.04833709821105,0.00623806891962886,0.00338445208035409,0,0.117740586400032,0,0.0224409569054842,5236.5263671875,NA,6.77580469933061
"EL431",14.1593999862671,18.8905944824219,28.8382320404053,22.3731136322021,14.6788301467896,4.02734422683716,1.23391044139862,0.0913171097636223,1.74073445796967,79.5878143310547,66.7792510986328,56.7270812988281,70.9345397949219,0.187884077429771,0.282023280858994,0.0159352030605078,0.00740885734558105,0,0.0820265486836433,0,0.116743229329586,201104.1875,NA,75.5720200014744
"EL432",16.8676509857178,19.6558284759521,28.32958984375,24.3181591033936,11.4619388580322,2.13910984992981,0.946371972560883,0.250660091638565,1.07261312007904,72.9299545288086,75.4767456054688,73.8499221801758,73.0491714477539,0.0762740969657898,0.0419790968298912,0.109733022749424,0.00192615110427141,0,0.0220498256385326,0,0.0499421991407871,14897.849609375,NA,8.38196380062172
"EL433",14.1923608779907,18.8056945800781,28.8420753479004,22.4386157989502,14.649715423584,4.54194688796997,1.46189165115356,0.0940324887633324,2.11149597167969,80.2685165405273,68.257698059082,57.9125442504883,71.3030853271484,0.138207450509071,0.282988756895065,0.0419089570641518,0.0045238146558404,0,0.0777445584535599,0,0.10600883513689,44937.6171875,NA,29.8460203952509
"EL434",15.0417022705078,19.3925113677979,29.5098686218262,23.3077964782715,14.4681644439697,4.68528890609741,1.47653448581696,0.0970875173807144,2.39471697807312,79.2041473388672,69.4690322875977,60.4787902832031,71.0689239501953,0.07498849183321,0.195653632283211,0.0250978600233793,0.00215532653965056,0,0.103708133101463,0,0.0701092034578323,39997.078125,NA,16.828170277253
"EL511",7.9989824295044,16.218074798584,28.5009078979492,18.4785747528076,20.5019264221191,2.49352431297302,1.91787481307983,0.825845181941986,1.33170676231384,77.5862655639648,68.7340087890625,53.9662857055664,68.5236968994141,0.404482811689377,0.159952744841576,0.0269841402769089,0.00844092946499586,0,0.242544740438461,0,0.157594636082649,46034.921875,NA,10.9034761938275
"EL512",7.3484296798706,15.108286857605,27.2761478424072,17.1080474853516,19.9277191162109,2.92334890365601,1.82479918003082,0.984582781791687,1.2709721326828,74.4580764770508,72.2769775390625,62.2825355529785,71.2574615478516,0.255894094705582,0.0738813877105713,0.0209692660719156,0.00459179049357772,0,0.428380399942398,0,0.140027955174446,76451.296875,NA,43.0182694168266
"EL513",7.24421405792236,14.9671297073364,27.2033576965332,17.0961227416992,19.9591445922852,2.70683455467224,1.78485429286957,0.812345385551453,1.30484795570374,77.1695556640625,70.6635589599609,55.9558563232422,69.9597930908203,0.336637943983078,0.086175948381424,0.0789638757705688,0.00426945509389043,0,0.276469707489014,0,0.209838733077049,65242.2421875,NA,25.3331047978752
"EL514",6.18470096588135,14.5905857086182,26.6849231719971,16.4366588592529,20.50022315979,2.56168866157532,1.71603286266327,1.06198751926422,1.20390546321869,75.1617736816406,70.2058029174805,62.1125106811523,71.8673706054688,0.334905236959457,0.100716255605221,0.0268585085868835,0.00531770475208759,0,0.384727001190186,0,0.146561190485954,136534.09375,NA,39.5805173117969
"EL515",8.79298210144043,16.2135848999023,28.350212097168,18.355318069458,19.5572280883789,3.07253527641296,1.74835360050201,0.866608798503876,1.35598731040955,72.9891204833984,72.3034133911133,62.6000900268555,70.2882690429688,0.20398473739624,0.0851306840777397,0.0215909536927938,0.00336572853848338,0,0.282271325588226,0,0.087489977478981,39916.9765625,NA,18.9172463504433
"EL521",7.10393857955933,15.7965393066406,28.2492790222168,17.8334217071533,21.1453399658203,1.96110582351685,1.53558456897736,0.55673736333847,1.5412425994873,75.4184036254883,64.7011337280273,49.6292266845703,68.1506042480469,0.462534368038177,0.158947914838791,0.0605129115283489,0.0100497091189027,0,0.141945406794548,0,0.152787074446678,182580.34375,NA,107.18114838583
"EL522",9.41347122192383,17.5370693206787,29.997444152832,19.7547245025635,20.5839729309082,1.72160744667053,1.3398220539093,0.653925061225891,1.14685213565826,74.7534103393555,65.3423004150391,51.1999702453613,68.1735687255859,0.417602360248566,0.178771883249283,0.0695642232894897,0.0109025072306395,0,0.11514089256525,0,0.12561309337616,551735.25,NA,150.694738890645
"EL523",7.90891599655151,16.8434162139893,29.1456165313721,18.6982192993164,21.2366981506348,1.9947407245636,1.556755900383,0.777256608009338,1.34770202636719,73.9819030761719,63.5002822875977,47.9387969970703,66.2489166259766,0.403249800205231,0.164152130484581,0.0803311541676521,0.0147213814780116,0,0.140001863241196,0,0.160818085074425,436069.25,NA,169.249516153829
"EL524",6.58703517913818,15.6057176589966,27.8876304626465,17.4701805114746,21.3005962371826,2.07247233390808,1.63060474395752,0.639908313751221,1.5852575302124,75.7010040283203,63.6383399963379,47.8120269775391,67.3690719604492,0.406857699155807,0.194309458136559,0.0633334219455719,0.00878014508634806,0,0.145868882536888,0,0.172938629984856,194509.90625,NA,77.8773972305135
"EL525",5.85910224914551,14.0932655334473,26.6926612854004,16.4300365447998,20.8335590362549,1.64873993396759,1.32920718193054,0.497512429952621,1.27459967136383,75.5183715820312,66.09228515625,53.1128005981445,69.6371841430664,0.328794419765472,0.116911232471466,0.0960984975099564,0.00712192710489035,0,0.271383017301559,0,0.157725542783737,43414.4296875,NA,27.9893471532479
"EL526",7.5574369430542,16.2078151702881,28.4441585540771,18.1126461029053,20.8867225646973,1.73331439495087,1.3955225944519,0.807926714420319,1.13729584217072,74.7734146118164,65.1685562133789,52.1024703979492,67.9394149780273,0.346258461475372,0.154120296239853,0.0270012021064758,0.00751731498166919,0,0.2587631046772,0,0.138060256838799,133788.359375,NA,33.6938702702869
"EL527",10.1435852050781,17.6033248901367,30.0434913635254,20.1366100311279,19.8999042510986,1.55415189266205,1.17119348049164,0.55959290266037,1.05147624015808,74.1881484985352,66.7395324707031,54.7618217468262,69.4387741088867,0.273163825273514,0.230355128645897,0.0237995833158493,0.00442018453031778,0,0.0907872244715691,0,0.111232057213783,42437.3359375,NA,14.3983309119058
"EL531",5.92642307281494,14.2719640731812,26.6732940673828,16.5586681365967,20.7468719482422,2.03072261810303,1.42137622833252,0.631423890590668,1.47795903682709,76.428840637207,64.0316619873047,47.614818572998,67.159065246582,0.400677412748337,0.19076281785965,0.0589499659836292,0.00431566126644611,0,0.193372502923012,0,0.144060522317886,169950.28125,NA,29.4224646068844
"EL532",5.02364110946655,13.3124570846558,25.5181789398193,15.497314453125,20.4945373535156,2.33078169822693,1.70365047454834,0.761811375617981,1.84331107139587,77.4015197753906,65.5580291748047,49.8659019470215,68.2017669677734,0.323956221342087,0.11327375471592,0.0347448661923409,0.00506413402035832,0,0.353017568588257,0,0.136069908738136,33284.27734375,NA,19.2748809316787
"EL533",4.71890497207642,13.5549201965332,25.6944885253906,15.5258388519287,20.9755840301514,1.95986020565033,1.57986414432526,0.75505131483078,1.60121512413025,77.7405014038086,64.9194717407227,49.6547164916992,68.5468902587891,0.327047109603882,0.154745683073997,0.0469209291040897,0.00494312169030309,0,0.260738104581833,0,0.149474874138832,54324.5859375,NA,28.0941635787594
"EL541",10.4882698059082,17.6098155975342,29.230525970459,20.526481628418,18.7422561645508,4.77755641937256,2.09816145896912,0.443319201469421,2.77599668502808,78.1384048461914,72.1003646850586,63.1502914428711,73.5479278564453,0.179338723421097,0.17632694542408,0.0814934223890305,0.00364295695908368,3.04940191109312e-32,0.00484313257038593,0.458335638046265,0.000427127873990685,58356,NA,22.1108485085705
"EL542",10.7293462753296,17.840353012085,29.3312358856201,20.6697006225586,18.6018905639648,5.06555318832397,2.23214960098267,0.58381199836731,3.16120076179504,75.9909973144531,71.6855087280273,63.5420532226562,72.8280181884766,0.234337151050568,0.190604075789452,0.0379857569932938,0.00494305975735188,0.00559167470782995,0,0.397619128227234,0,31593.5859375,NA,20.4517556650605
"EL543",7.51114797592163,15.2377061843872,27.061466217041,17.7714519500732,19.5503177642822,4.04117345809937,2.05974698066711,0.666523575782776,2.55815720558167,77.7392196655273,69.2841186523438,57.0213088989258,70.8691787719727,0.209689691662788,0.0940345972776413,0.0377957746386528,0.00609726272523403,0.00111378543078899,0.248829185962677,0.338905781507492,0.0387004464864731,188634.515625,NA,37.66515997192
"EL611",8.27907466888428,16.2153644561768,28.3983669281006,18.9335136413574,20.1192932128906,2.90622854232788,1.59849071502686,0.516638457775116,1.74366462230682,78.0962448120117,66.4787063598633,51.9676361083984,68.7642288208008,0.327350378036499,0.153745397925377,0.0797069221735001,0.00506977224722505,5.24384760558159e-33,0.258433163166046,0.0516371168196201,0.121105045080185,206453.0625,NA,34.1640209406231
"EL612",8.70610046386719,16.7425937652588,29.2099895477295,19.5156230926514,20.5038890838623,1.79325819015503,1.19892394542694,0.508993923664093,1.22114503383636,75.6942291259766,65.1801834106445,51.7721862792969,67.7150421142578,0.3866848051548,0.0606502331793308,0.244618058204651,0.00767049286514521,0,0.0945069715380669,0,0.11338759213686,291587.375,NA,54.486912701301
"EL613",9.95434188842773,17.3547077178955,29.6904239654541,20.4423923492432,19.7360858917236,2.19028043746948,1.13440465927124,0.48962190747261,1.29805135726929,76.5730514526367,66.8879776000977,55.2268676757812,69.2974319458008,0.220012187957764,0.0161599032580853,0.28185498714447,0.00832265801727772,0,0.0829285085201263,0,0.100747495889664,116953.65625,NA,44.8885682042566
"EL621",16.2611865997314,19.1296730041504,28.3096294403076,24.324987411499,12.0484428405762,4.0290641784668,1.37306571006775,0.285526037216187,3.17389392852783,70.4902420043945,77.6532745361328,82.1431427001953,72.3592834472656,0.0134610217064619,0.0767450705170631,0.0012216055765748,0.00139869260601699,0,0.0518008433282375,0,0.0218389332294464,5250.0673828125,NA,14.4752741417045
"EL622",11.4405088424683,18.2735462188721,29.4804725646973,21.4242572784424,18.0399627685547,5.14126443862915,2.08416652679443,0.412532985210419,3.96770668029785,74.7533111572266,76.1624145507812,73.1571502685547,74.069091796875,0.0142927216365933,0.0485309213399887,1.17238815877663e-10,0.010323466733098,0,0.140350759029388,0,0.0253803562372923,16754.71484375,NA,26.3301114774871
"EL623",11.339075088501,18.0755310058594,29.750316619873,21.2863273620605,18.4112415313721,4.41169118881226,1.75100600719452,0.37985759973526,2.5880138874054,76.7128067016602,70.9468688964844,62.4407005310059,72.2776336669922,0.123662225902081,0.279897749423981,0.0666696280241013,0.00516246212646365,0,0.291727274656296,0,0.126756235957146,48.3828544616699,NA,0.053001020014822
"EL631",10.262825012207,17.0952014923096,28.8431434631348,20.2604789733887,18.5803184509277,4.01889324188232,1.65035355091095,0.354731112718582,2.35552835464478,77.9078750610352,70.7348098754883,61.0051803588867,72.2657623291016,0.122037552297115,0.236154854297638,0.0916499719023705,0.00515062501654029,5.43212029093906e-33,0.28764620423317,0.0534910745918751,0.10753433406353,172899.15625,NA,31.7086859876398
"EL632",10.8602914810181,16.8887557983398,28.0951137542725,20.4024887084961,17.2348213195801,3.61436557769775,1.31561899185181,0.225121915340424,2.19560837745667,79.2790756225586,71.2721786499023,59.8402519226074,71.7010955810547,0.183589115738869,0.31938824057579,0.098051406443119,0.00855190306901932,0,0.132458969950676,0,0.136574015021324,151881.765625,NA,46.622555909646
"EL633",11.6861238479614,17.1189842224121,27.8200607299805,20.9116897583008,16.1339378356934,4.11448097229004,1.25069952011108,0.176311582326889,2.84237766265869,79.6891860961914,73.3819427490234,63.1728706359863,73.1674957275391,0.190279513597488,0.302701652050018,0.130389675498009,0.0024000983685255,0,0.160481929779053,0,0.148395225405693,28046.83203125,NA,10.5111093697371
"EL641",11.1631622314453,17.8208980560303,30.1666088104248,21.1433391571045,19.0034465789795,2.54205846786499,0.973230123519897,0.272750794887543,1.31808626651764,76.4499130249023,64.1145706176758,50.2261276245117,66.9283447265625,0.301052749156952,0.262993901968002,0.11784503608942,0.0150161236524582,0,0.0664883628487587,0,0.115335159003735,269273.90625,NA,90.0078621851164
"EL642",12.7666091918945,18.8499927520752,30.4989318847656,22.144079208374,17.7323226928711,2.79557037353516,1.0685111284256,0.229009076952934,1.37871301174164,74.7523345947266,62.1272735595703,49.4430618286133,66.2890014648438,0.159796148538589,0.026586901396513,0.220768958330154,0.0226420424878597,0,0.0658154338598251,0,0.083370178937912,393608.875,NA,96.250584767716
"EL643",8.11553001403809,15.4911279678345,27.5987987518311,18.4370555877686,19.4832706451416,3.35675716400146,1.58804523944855,0.40819662809372,1.96649515628815,79.3824081420898,69.4644165039062,57.276985168457,71.5773620605469,0.167323559522629,0.14581735432148,0.114969305694103,0.00413380656391382,5.86872681082529e-33,0.373862504959106,0.0577904246747494,0.108284585177898,41785.9765625,NA,22.6327266335441
"EL644",9.65553188323975,16.8105239868164,28.9692726135254,19.9496898651123,19.31374168396,2.45289921760559,1.33041679859161,0.430143415927887,1.57333660125732,79.0446548461914,67.1952667236328,53.7034454345703,69.9913330078125,0.273598462343216,0.160968214273453,0.191071882843971,0.00881652906537056,0,0.161503240466118,0,0.135424628853798,105363.9453125,NA,23.4492289780545
"EL645",8.93116092681885,16.0146465301514,28.0580139160156,19.1581268310547,19.1268520355225,2.667884349823,1.40016829967499,0.397328585386276,1.7299542427063,79.7777481079102,69.0283050537109,56.487964630127,71.1897583007812,0.191415935754776,0.277195304632187,0.0787571221590042,0.0136844590306282,0,0.261846035718918,0,0.150338396430016,57232.9765625,NA,27.0570327124518
"EL651",9.07813549041748,15.1505584716797,26.6787528991699,18.7212734222412,17.6006164550781,3.22287893295288,1.1215832233429,0.355569809675217,1.93465065956116,78.8486175537109,69.532470703125,56.426139831543,69.0125274658203,0.194883361458778,0.328989773988724,0.132701635360718,0.0104758841916919,0,0.111363120377064,0,0.139138355851173,184037.625,NA,27.7742803645484
"EL652",8.45632076263428,14.8830480575562,26.707202911377,18.2653770446777,18.2508811950684,2.6345522403717,0.964813709259033,0.350808382034302,1.45970594882965,77.0807571411133,67.7773590087891,55.0121307373047,67.6020431518555,0.277864903211594,0.374297142028809,0.069859467446804,0.0111199310049415,0,0.0652980655431747,0,0.141528025269508,80589.0703125,NA,35.5702612171561
"EL653",11.9231805801392,17.1453514099121,28.0688495635986,21.1064624786377,16.1456699371338,3.78578686714172,1.17281877994537,0.258050352334976,2.45330357551575,78.0124435424805,71.4635238647461,60.6841163635254,70.306526184082,0.10726947337389,0.266690224409103,0.117754094302654,0.0067793307825923,0,0.139863401651382,0,0.109446637332439,93854.21875,NA,13.8528472649327
"ES111",11.5569639205933,14.5967092514038,22.2515411376953,18.4596900939941,10.694577217102,5.57213068008423,3.56017088890076,0.957847237586975,3.61219644546509,84.7413711547852,79.7992095947266,77.3163146972656,82.6482849121094,0.0678559169173241,0.0859678462147713,7.96176735651244e-10,0.0353436805307865,8.07476244517602e-05,0,0.662727117538452,0,857604.125,NA,108.852550113081
"ES112",8.63320636749268,13.0594854354858,22.1544532775879,16.8828830718994,13.5212459564209,4.07220983505249,2.99575018882751,0.909319341182709,3.03869199752808,83.9795379638672,76.9537658691406,71.2833786010742,78.4827728271484,0.0954296886920929,0.100811369717121,0.00342630851082504,0.0085948733612895,9.3757284048479e-05,0,0.791483521461487,0,249084.296875,NA,25.2383230942103
"ES113",7.99575328826904,13.1529664993286,23.1653308868408,16.8013954162598,15.1695775985718,4.39313554763794,2.90595364570618,0.770897328853607,3.05418300628662,83.6615982055664,73.861701965332,64.8455276489258,75.8624420166016,0.0720247253775597,0.103255838155746,0.0132153714075685,0.0145053211599588,0.000112604764581192,0,0.795097291469574,0,317565.15625,NA,43.7813511336639
"ES114",10.3229341506958,14.0878238677979,22.539083480835,17.8379344940186,12.2161493301392,5.95836162567139,3.67700481414795,0.910148918628693,4.00805473327637,85.7794342041016,79.2072525024414,74.862419128418,82.1423187255859,0.0758188590407372,0.139619171619415,1.7291459375457e-09,0.0199884250760078,8.29317068564706e-05,0,0.735579073429108,0,179705.875,NA,40.4715885756784
"ES120",7.93137645721436,12.2684354782104,21.5802440643311,16.2833061218262,13.6488666534424,3.98577427864075,3.37261724472046,1.19465804100037,2.94973564147949,80.688591003418,76.5535583496094,74.5837783813477,77.7589263916016,0.0306949280202389,0.0565230175852776,0.0129051534458995,0.0149971377104521,3.54010117007419e-05,0.561776697635651,0.261754125356674,0.0450929030776024,659039,NA,62.3426230399377
"ES130",9.27383136749268,13.5154285430908,22.4175300598145,17.5577754974365,13.1436986923218,3.84669733047485,3.25239086151123,1.27298867702484,2.93010568618774,80.5997085571289,75.3400955200195,73.678466796875,76.2533111572266,0.0620915666222572,0.085040457546711,0.0164052583277225,0.0240753702819347,1.19321375677828e-05,0.573991417884827,0.0584734044969082,0.0637533217668533,499323.1875,NA,95.4676030251137
"ES211",7.72112941741943,12.9941749572754,22.8268909454346,17.0146751403809,15.1057605743408,2.98326587677002,2.59581565856934,0.861117959022522,2.02227234840393,81.2703399658203,73.9504165649414,70.0004119873047,74.4496688842773,0.243535652756691,0.129733115434647,0.0193103682249784,0.0256657265126705,0.000104736536741257,0.035259909927845,0.511413991451263,0.00568898348137736,501716.4375,NA,166.385765230109
"ES212",10.4531393051147,14.838680267334,23.6522235870361,19.033166885376,13.1990842819214,4.81275177001953,4.1777925491333,1.66255366802216,3.56842803955078,79.9816284179688,75.1471939086914,73.0860137939453,75.0298080444336,0.054468497633934,0.088315837085247,0.00194653472863138,0.0296085681766272,7.2752358391881e-05,0,0.543083310127258,0,349739.3125,NA,175.381708708438
"ES213",10.3074626922607,14.6018905639648,23.0373401641846,18.7273902893066,12.7298774719238,4.02367067337036,3.26573324203491,1.23539078235626,2.93180370330811,79.2744827270508,75.4433364868164,74.6654510498047,75.3635406494141,0.0323643945157528,0.090156652033329,0.00523465313017368,0.063319981098175,6.18970152572729e-05,0.127781853079796,0.478554576635361,0.0200726427137852,761280.5625,NA,347.322551610112
"ES220",8.38858032226562,14.3912506103516,25.446102142334,18.3318004608154,17.0575218200684,2.77983498573303,2.73456430435181,0.925851225852966,2.12595963478088,79.3701019287109,68.615119934082,58.1202163696289,69.3110427856445,0.273081243038177,0.135908752679825,0.0244281515479088,0.0200072564184666,7.30673564248718e-05,0.0143112121149898,0.456003278493881,0.0533398129045963,1074349.5,NA,103.4317090371
"ES230",6.6494402885437,12.5582695007324,23.6240997314453,16.4123096466064,16.9746589660645,1.8857102394104,2.07851815223694,0.739124536514282,1.33613562583923,78.7483139038086,69.4220352172852,60.8369789123535,70.3133239746094,0.247351720929146,0.127633556723595,0.0334358252584934,0.0172020476311445,4.64434451714624e-05,0.269619584083557,0.211414933204651,0.0931681171059608,378225.96875,NA,75.0840579677696
"ES241",7.22343730926514,14.2874622344971,26.3729629516602,17.7219467163086,19.1495265960693,1.57702839374542,2.14051079750061,1.01959323883057,2.04625344276428,74.4594345092773,62.1316337585449,48.5317268371582,66.570068359375,0.291171818971634,0.0828149244189262,0.074091762304306,0.0123733514919877,0.000481551222037524,0.0866223946213722,0.303456962108612,0.14764703810215,374125.875,NA,24.0285914844205
"ES242",7.49111270904541,14.3229837417603,26.4471206665039,17.4197063446045,18.9560089111328,0.822010338306427,1.46864187717438,0.873091876506805,1.29582822322845,70.338134765625,57.1028366088867,44.8219261169434,63.5555229187012,0.260250240564346,0.0459920093417168,0.12734317779541,0.0054051005281508,0,0.337618619203568,0,0.223338827490807,157485.1875,NA,10.6791938675497
"ES243",8.83868598937988,16.0810356140137,27.9667320251465,19.0018043518066,19.128044128418,0.838732957839966,1.43846595287323,0.629686057567596,1.20110189914703,72.2212677001953,55.4161529541016,42.0070571899414,62.1418037414551,0.378731548786163,0.0504932776093483,0.105167247354984,0.0115489326417446,1.30588414322119e-05,0.171753391623497,0.0766036212444305,0.205223023891449,1203115.5,NA,69.2486012577013
"ES300",8.98008346557617,15.958010673523,28.5164108276367,18.9644107818604,19.5363292694092,1.44545185565948,1.53913044929504,0.526747703552246,1.3644528388977,75.4261322021484,55.9264488220215,33.5744781494141,59.5074157714844,0.298996061086655,0.0729870349168777,0.116499580442905,0.0942699611186981,0,0.246646299958229,0,0.169824078679085,7124340.5,NA,890.324049382665
"ES411",7.49989604949951,14.2797403335571,26.3305740356445,17.5267467498779,18.8306770324707,1.89007925987244,1.68493902683258,0.550029516220093,1.76819348335266,76.3946228027344,60.0142478942871,39.0397338867188,62.1769523620605,0.2706139087677,0.0811111703515053,0.179306462407112,0.00922458525747061,0,0.222169980406761,0,0.237252116203308,228967.734375,NA,28.5188059149144
"ES412",7.44426774978638,13.0827503204346,23.5704593658447,16.8425178527832,16.1261920928955,2.08061122894287,2.01364207267761,0.733955502510071,1.51934194564819,80.1128463745117,69.3296432495117,59.6218414306641,70.0803756713867,0.342059165239334,0.115730009973049,0.0750657990574837,0.0139095615595579,3.58762372343335e-05,0.143238604068756,0.174569293856621,0.126021087169647,653996.5,NA,45.6638615604111
"ES413",6.6381778717041,12.1630611419678,22.8475074768066,16.019811630249,16.2093296051025,3.00282454490662,2.33193373680115,0.731635332107544,2.23602247238159,81.1102981567383,69.4554061889648,58.4079971313477,71.7138061523438,0.188102275133133,0.103078037500381,0.0212859641760588,0.0105558820068836,0.000138085291837342,0.0725429579615593,0.549423635005951,0.0500615127384663,544739.8125,NA,34.9929231240666
"ES414",7.56255578994751,13.2649745941162,23.9810028076172,17.1032047271729,16.4184474945068,1.87547051906586,1.76884269714355,0.64946448802948,1.50531160831451,80.3688583374023,66.6989822387695,54.7701683044434,68.9117202758789,0.489984691143036,0.144338145852089,0.0598505958914757,0.00863286573439837,2.69269821728813e-05,0.0139088910073042,0.198674529790878,0.081962063908577,274663.625,NA,34.0303059928496
"ES415",8.58573913574219,15.3027124404907,26.8596019744873,18.550479888916,18.2738628387451,1.75667238235474,1.46963036060333,0.461528062820435,1.36763632297516,78.6595153808594,62.1312675476074,43.1821975708008,64.110725402832,0.253598242998123,0.220812171697617,0.062552735209465,0.00797989033162594,0,0.21694777905941,0,0.235557526350021,384287.75,NA,31.1015271103629
"ES416",7.48139095306396,14.0293788909912,26.1726379394531,17.3254489898682,18.6912460327148,1.4304826259613,1.64297270774841,0.6670081615448,1.32855558395386,76.6904373168945,59.8367729187012,40.1339530944824,61.9969596862793,0.331165701150894,0.0881706848740578,0.135802641510963,0.0146249858662486,0,0.216350227594376,0,0.213761866092682,341162.96875,NA,49.4624024321362
"ES417",7.0977783203125,13.6975593566895,25.5084972381592,16.7896957397461,18.4107189178467,1.37265145778656,1.75195610523224,0.844443082809448,1.22733247280121,75.8643112182617,60.5524406433105,45.0562324523926,63.9387092590332,0.281310796737671,0.0795913934707642,0.122181065380573,0.013924503698945,4.5777946979797e-06,0.27033531665802,0.0204009748995304,0.211706265807152,150030.515625,NA,14.672813848007
"ES418",8.11087703704834,14.8526620864868,26.2969608306885,18.1202507019043,18.1860847473145,1.11902177333832,1.22546172142029,0.556307435035706,1.04109990596771,78.0795364379883,59.3921394348145,42.2869300842285,62.8403053283691,0.576539933681488,0.0551054030656815,0.18482206761837,0.0103582050651312,0,0.0296337846666574,0,0.143540576100349,532249.75,NA,65.6517965322989
"ES419",7.85066413879395,14.553466796875,25.9192237854004,17.7957363128662,18.0685577392578,1.90409886837006,1.49630093574524,0.511966705322266,1.36312580108643,79.3999557495117,61.9590072631836,45.8098487854004,65.4495315551758,0.343379586935043,0.160115242004395,0.0612841807305813,0.00568500813096762,4.87050529045518e-05,0.107990086078644,0.150673195719719,0.168728172779083,175697.859375,NA,16.6889736843105
"ES421",9.45586585998535,16.453104019165,29.0900573730469,19.6830902099609,19.6341896057129,1.04032397270203,1.2317795753479,0.514695763587952,1.46505975723267,72.4180068969727,55.6302490234375,40.7674865722656,64.2193222045898,0.442023485898972,0,0.193413764238358,0.0110617838799953,0,0.169516131281853,0,0.18397955596447,539614.5,NA,36.368492640028
"ES422",9.96342849731445,17.5526065826416,30.0952777862549,20.5090827941895,20.1318492889404,1.41187274456024,1.30718910694122,0.354643911123276,1.27433252334595,74.5101852416992,54.1755485534668,33.193531036377,58.6538124084473,0.438279390335083,0.0303573440760374,0.220356523990631,0.00628110952675343,0,0.123577296733856,0,0.180415570735931,644950.875,NA,32.6612126737631
"ES423",8.41085243225098,15.3833236694336,27.9546947479248,18.4517192840576,19.5438423156738,1.27551567554474,1.51385891437531,0.615525424480438,1.4070338010788,73.7260971069336,56.6605033874512,38.9606819152832,63.0902557373047,0.391270130872726,0.00432753516361117,0.195184037089348,0.0100681539624929,0,0.234442010521889,0,0.164494812488556,326204.25,NA,18.9923283786284
"ES424",7.63117074966431,14.4305543899536,26.5787086486816,17.3944644927979,18.9475383758545,1.29634141921997,1.67679500579834,0.719483911991119,1.31850373744965,74.765007019043,57.4399032592773,37.5435371398926,61.3391494750977,0.282091170549393,0.024421401321888,0.164610713720322,0.0151257831603289,0,0.303612142801285,0,0.209192082285881,523126.5,NA,42.8033210964382
"ES425",9.8158597946167,17.2783241271973,29.6037311553955,20.1628494262695,19.7878704071045,1.40537798404694,1.30873382091522,0.415624350309372,1.27579391002655,75.3744277954102,55.1710777282715,33.9283676147461,59.9773750305176,0.455627769231796,0.00309311901219189,0.206744536757469,0.0177276581525803,0,0.153107509016991,0,0.162657082080841,2474991.75,NA,160.647363297177
"ES431",11.9336757659912,18.8559799194336,29.9897384643555,22.0624370574951,18.0560626983643,1.79362428188324,1.1951150894165,0.328549176454544,1.28617894649506,75.608154296875,56.8153610229492,39.8858680725098,60.0547676086426,0.330066502094269,0.212810084223747,0.056813295930624,0.00800521671772003,0,0.148020312190056,0,0.24179795384407,723719.9375,NA,33.2572343365923
"ES432",11.0858221054077,17.8790473937988,29.2357845306396,21.1020412445068,18.1499633789062,2.3371422290802,1.56091690063477,0.367854952812195,1.75470376014709,75.8832778930664,58.3168487548828,39.7543449401855,61.0417556762695,0.161169230937958,0.162159621715546,0.0994295999407768,0.00707923853769898,0,0.354037135839462,0,0.213019713759422,357417.28125,NA,18.0364916157007
"ES511",9.93137836456299,15.1413412094116,26.1863975524902,19.0478553771973,16.2550201416016,1.1360878944397,1.76222050189972,1.31891322135925,2.3762218952179,76.6348876953125,71.0857162475586,67.2565994262695,76.9295196533203,0.157548993825912,0.0713691711425781,0.0253451801836491,0.0840049460530281,6.62008897052146e-05,0.104283928871155,0.427881449460983,0.0411749370396137,2778161,NA,360.166672602263
"ES512",9.41799736022949,14.7495975494385,26.3327903747559,18.8048877716064,16.9147930145264,1.81776547431946,2.31268072128296,1.69825398921967,2.65682196617126,75.1173782348633,71.3143615722656,65.0987014770508,75.2849578857422,0.109917126595974,0.0585801638662815,0.0153356371447444,0.0395609699189663,1.56879959831713e-05,0.519519507884979,0.0653303116559982,0.109005056321621,726230.5,NA,123.672862100632
"ES513",7.7846097946167,14.3329124450684,26.0575199127197,17.8335056304932,18.2729110717773,1.12326920032501,1.84692323207855,1.10542392730713,1.96676194667816,73.7227935791016,63.8104095458984,54.969066619873,69.9042129516602,0.250302404165268,0.101289339363575,0.0611759088933468,0.0201915260404348,0.000152854161569849,0.108420215547085,0.276190519332886,0.180166006088257,619482,NA,50.9448369573787
"ES514",12.1303176879883,18.1280193328857,28.9951992034912,21.4158344268799,16.8648815155029,0.854090392589569,1.40136742591858,0.602736592292786,1.98809242248535,73.1606292724609,62.9868774414062,59.1189613342285,71.241455078125,0.235591486096382,0.0847550183534622,0.0677063837647438,0.0291004683822393,0,0.231519594788551,0,0.17779715359211,727484.8125,NA,114.560734647723
"ES521",13.5789203643799,18.8870048522949,29.9419021606445,22.6939258575439,16.3629817962646,1.14172446727753,1.13383984565735,0.298973947763443,1.8025324344635,69.0379104614258,58.8092727661133,53.3377532958984,68.6753234863281,0.730242848396301,2.08481023989001e-15,0.0422011874616146,0.0308323167264462,0,0.071797102689743,0,0.048507783561945,1533741.375,NA,259.831660243911
"ES522",10.9297552108765,16.9908676147461,28.3438987731934,20.3050498962402,17.4141426086426,1.00222563743591,1.52969217300415,0.742452502250671,1.86839473247528,67.8006896972656,60.4580993652344,56.5627098083496,67.4081573486328,0.182096600532532,0.0401525795459747,0.0950026586651802,0.0237198770046234,0,0.373269706964493,0,0.150742247700691,661833.5,NA,99.3837065450354
"ES523",11.1576900482178,17.0937175750732,28.7355194091797,20.5453777313232,17.5778274536133,1.03751349449158,1.26604652404785,0.514181792736053,1.81364154815674,69.5539779663086,58.7566070556641,53.0261077880859,68.4802093505859,0.309757441282272,0.00187211204320192,0.146471157670021,0.0272332411259413,0,0.332947432994843,0,0.156508401036263,921306.375,NA,85.4328386089653
"ES532",12.6363677978516,16.7856788635254,27.4595222473145,21.6872730255127,14.8231544494629,2.33631920814514,1.56855356693268,0.503624618053436,3.18554663658142,78.8774566650391,74.1986389160156,67.1943740844727,76.5703506469727,0.201199427247047,0.0871421843767166,0.0108625283464789,0.0425217784941196,0,0.154603496193886,0,0.106058306992054,528978.0625,NA,147.131466963954
"ES611",10.4058256149292,16.5403480529785,27.9547939300537,20.0977325439453,17.5489711761475,1.24884986877441,0.880160808563232,0.279563397169113,1.20812702178955,70.0063247680664,57.4484214782715,46.0576972961426,65.7212905883789,0.169257864356041,0.00643310882151127,0.0397834256291389,0.0109866978600621,0,0.555868864059448,0,0.116020791232586,242793.046875,NA,27.8236716143435
"ES612",14.5687837600708,19.8882503509521,28.1643409729004,23.270055770874,13.5955562591553,2.96655297279358,1.44579946994781,0.163557022809982,2.04442501068115,77.0810089111328,64.1475296020508,55.5799713134766,69.9093246459961,0.314086496829987,0.199532046914101,0.026160441339016,0.0204455405473709,0,0.164576441049576,0,0.165198624134064,615648.625,NA,83.1400169744801
"ES613",11.7294054031372,19.0154247283936,30.2975406646729,22.0129985809326,18.5681343078613,1.74710607528687,1.17917728424072,0.254693210124969,1.42873466014862,74.3187255859375,55.8160095214844,39.069278717041,60.3365440368652,0.439010739326477,0.200267821550369,0.0390188470482826,0.0142218163236976,0,0.110417783260345,0,0.195456430315971,925578.4375,NA,66.8771698131958
"ES614",9.59384918212891,16.1886672973633,28.0804958343506,19.5902366638184,18.4866466522217,1.62579655647278,1.15819764137268,0.306095331907272,1.41417193412781,73.8633575439453,61.0193901062012,44.7569999694824,65.7541961669922,0.309633642435074,0.0697632282972336,0.038696113973856,0.0161067210137844,0,0.331435769796371,0,0.164084509015083,1026648.875,NA,80.4085335893844
"ES615",13.6222705841064,19.2683448791504,27.9312648773193,22.3964500427246,14.3089942932129,2.06778287887573,1.29043388366699,0.257382750511169,1.52128946781158,76.2103652954102,62.7681312561035,51.034294128418,67.039665222168,0.186339691281319,0.181801646947861,0.0267285667359829,0.0167828761041164,0,0.318618565797806,0,0.174559593200684,707513.0625,NA,69.3349376421877
"ES616",10.6365985870361,17.7475662231445,30.3327178955078,20.8794822692871,19.6961212158203,1.90400946140289,1.55150258541107,0.333151489496231,1.57449340820312,74.0100479125977,57.4045143127441,38.0717582702637,61.3579139709473,0.402773499488831,0.0222461000084877,0.170884028077126,0.0111490692943335,0,0.20753863453865,0,0.185207799077034,682828.1875,NA,50.720446538784
"ES617",13.0918827056885,19.0357322692871,28.4670944213867,22.1924171447754,15.3752126693726,2.21251344680786,1.24527597427368,0.1578069627285,1.72092843055725,77.1369323730469,63.1894416809082,52.0336837768555,69.1918716430664,0.32189929485321,0.179010435938835,0.00858604069799185,0.0317321568727493,0,0.17334046959877,0,0.170084714889526,1338211.875,NA,181.738527342057
"ES618",13.3530893325806,19.8304195404053,29.5803337097168,23.021556854248,16.2272434234619,1.98576283454895,1.16296446323395,0.194625675678253,1.53273713588715,74.7228927612305,58.3539543151855,45.41357421875,63.6526222229004,0.470911830663681,0.215504840016365,0.0279181059449911,0.0275532323867083,0,0.0868338868021965,0,0.163944453001022,2377467,NA,170.347150931368
"ES620",11.2571134567261,17.4418125152588,29.1687278747559,20.9239616394043,17.9116115570068,0.829221367835999,0.87469094991684,0.339434444904327,1.16839063167572,70.3658676147461,58.8115615844727,50.8170471191406,68.5619277954102,0.343370348215103,1.31328297753298e-17,0.0960873067378998,0.0252912826836109,0,0.338779926300049,0,0.17582693696022,1340633.5,NA,118.541043837649
"FI193",0.790964066982269,8.53583431243896,21.9339962005615,11.5272417068481,21.1430339813232,2.27965641021729,1.78375911712646,2.40159845352173,2.42436242103577,85.5126266479492,69.7301483154297,68.0212783813477,86.4085998535156,0.0409089848399162,2.34988674492342e-05,0.000127921332023107,0.00832044519484043,0,8.94772674655542e-05,0.111279428005219,0.683314919471741,287914,NA,14.5650976345299
"FI194",0.921714127063751,8.64216232299805,21.5755138397217,11.5365352630615,20.6537990570068,2.2222113609314,1.59186804294586,2.2225832939148,2.37540745735168,84.6894149780273,67.496696472168,67.7019348144531,86.1057891845703,0.184274911880493,0.000350830290699378,0.000179534195922315,0.00776783004403114,0,9.91384949884377e-05,0,0.782148480415344,166075.78125,NA,11.9816836675348
"FI195",0.95095306634903,8.14623832702637,21.3096923828125,11.6070604324341,20.3587398529053,2.3691668510437,1.51314032077789,1.93586623668671,2.44642233848572,82.9331436157227,68.6194229125977,68.7622985839844,84.7763442993164,0.180018708109856,0.000813424005173147,0.000364993087714538,0.00828741770237684,0,7.37357986508869e-05,0,0.594948828220367,82609.9375,NA,10.4722416105643
"FI196",1.85395276546478,9.07513332366943,21.7360095977783,11.9856510162354,19.8820552825928,2.75106024742126,1.57447528839111,2.12347912788391,2.76088500022888,84.2024078369141,68.8860549926758,69.1863861083984,85.3007125854492,0.17100889980793,0.000288393493974581,0.000110561108158436,0.0153181944042444,0,9.43542327149771e-05,0,0.754295706748962,174199.3125,NA,21.3575574001926
"FI197",1.29778397083282,8.85569953918457,21.7808532714844,11.5650405883789,20.4830684661865,2.4200382232666,1.58227109909058,2.25678205490112,2.45234060287476,85.6586074829102,68.796875,67.8848648071289,86.3794784545898,0.125274673104286,0.000122056349937338,8.41973233036697e-05,0.0172846838831902,0,9.51813635765575e-05,0,0.743067383766174,554913.1875,NA,37.8739261205438
"FI1B1",2.70623254776001,9.41424179077148,22.400032043457,12.7409057617188,19.6937980651855,2.77208256721497,1.688157081604,2.09211206436157,2.80396962165833,84.7554473876953,69.5724182128906,65.9719772338867,84.4445343017578,0.230882093310356,0.000415555958170444,5.08812154293992e-05,0.0425055399537086,0,4.6416975237662e-05,0.191424369812012,0.383940279483795,1431990.625,NA,151.636118984917
"FI1C1",3.0598680973053,9.40658283233643,22.2096462249756,12.9607858657837,19.1497764587402,2.75754451751709,1.49774134159088,2.062007188797,2.77649354934692,84.4487686157227,70.1883850097656,68.3079376220703,84.8278198242188,0.300753861665726,0.00131711189169437,0.000161216827109456,0.0141544891521335,0,6.6604814492166e-05,0,0.565847933292389,322040.21875,NA,30.4825854545376
"FI1C2",1.93329417705536,9.11713600158691,22.1194877624512,12.1983346939087,20.1861934661865,2.5211169719696,1.57485449314117,2.16126298904419,2.44251322746277,85.6720199584961,68.8583679199219,66.6358642578125,85.8500289916992,0.199398934841156,0.000314739940222353,6.71911693643779e-05,0.0216186512261629,0,7.92962455307133e-05,0.0519658923149109,0.637889385223389,198994.328125,NA,35.2341406817433
"FI1C3",1.56020331382751,8.89083385467529,22.2844619750977,11.963583946228,20.7242584228516,2.40966701507568,1.61888158321381,2.13881492614746,2.39755582809448,85.1432571411133,68.8226013183594,66.0715713500977,85.1565170288086,0.139778897166252,0.00024800086976029,5.56850609427784e-05,0.0184830818325281,0,1.91304843610851e-06,0.652794480323792,0.0146467555314302,162757.890625,NA,26.2620622601419
"FI1C4",2.30922055244446,9.25005149841309,22.9011898040771,12.6696586608887,20.591968536377,2.87761664390564,1.78838014602661,1.99051654338837,2.71775102615356,84.440544128418,69.2996139526367,64.9070510864258,84.0292205810547,0.1474539488554,8.98752114153467e-05,5.79701409151312e-05,0.014586053788662,1.72534291777993e-05,0,0.748236000537872,0,128419.2421875,NA,23.0670841389698
"FI1C5",1.55593490600586,9.17410564422607,23.0201663970947,12.332953453064,21.4642314910889,2.66555571556091,1.65249860286713,2.0124945640564,2.51349639892578,84.4578247070312,70.6545104980469,65.1001052856445,84.0069808959961,0.05070985481143,1.22281771837152e-05,6.21917206444778e-05,0.00732996594160795,4.5507877075579e-05,0.0357447676360607,0.401039868593216,0.216595813632011,110114.234375,NA,16.0731504893536
"FI1D1",0.971589505672455,8.86397647857666,22.6999835968018,11.9510545730591,21.7283935546875,2.55442714691162,1.69904279708862,2.2092649936676,2.50659775733948,84.8660049438477,70.6678924560547,67.2495346069336,85.5211791992188,0.0194770190864801,1.32904651763965e-05,7.21391043043695e-05,0.0067730750888586,3.73897796634992e-06,0.000290938129182905,0.430930137634277,0.295872151851654,157612.59375,NA,8.30462599619938
"FI1D2",0.241741985082626,8.39712238311768,22.3054161071777,11.572078704834,22.0636730194092,2.64741039276123,1.94207835197449,2.45112681388855,2.73866558074951,84.7813034057617,70.1355895996094,68.2692031860352,86.0732345581055,0.0663003101944923,2.31839421758195e-05,0.000121885219414253,0.00437230803072453,4.32132420428487e-41,8.81491796462797e-05,0.0852163285017014,0.679194033145905,228938.921875,NA,11.30483403032
"FI1D3",-0.604807496070862,7.7338376045227,22.0168590545654,11.2756729125977,22.6216659545898,2.74689054489136,1.88580286502838,2.42544174194336,2.90980863571167,84.2327651977539,70.7457427978516,68.1756744384766,85.6163024902344,0.0297445468604565,3.94090511690592e-06,3.59683472197503e-05,0.00324480119161308,7.32262487872504e-05,5.56893701286754e-06,0.758766710758209,0.0426796935498714,137401.125,NA,6.41505567958819
"FI1D5",0.0264209918677807,7.76250123977661,21.0135707855225,10.8154888153076,20.9871501922607,2.19984078407288,1.67651975154877,2.20452308654785,2.2951934337616,84.5711135864258,67.6442184448242,66.9172592163086,85.7628784179688,0.114353105425835,6.20006176177412e-05,0.00021648226538673,0.00542761804535985,0,0.000107752057374455,0.00521981110796332,0.836459696292877,41382.78125,NA,8.0533797529903
"FI1D7",-4.11366081237793,4.10022687911987,19.3191528320312,8.30648899078369,23.4328136444092,1.75249946117401,1.6384654045105,2.5791232585907,2.32448554039001,83.1315994262695,71.8902740478516,69.2895812988281,84.522575378418,0.00234930729493499,4.71610655949917e-05,0.00116902717854828,0.00089907826622948,0.0592467039823532,2.0119798136875e-05,0.73422360420227,0.154816761612892,131253.984375,NA,1.33698117661256
"FI1D8",-1.27907633781433,6.93890905380249,21.5171794891357,10.7335443496704,22.7962551116943,2.42636394500732,2.06966400146484,2.59471988677979,2.99397253990173,84.7234954833984,70.6117401123047,68.7921447753906,86.392204284668,0.00885204970836639,1.47909804582014e-05,0.000328331429045647,0.00147766759619117,0.000204854528419673,4.28774546890054e-05,0.564294815063477,0.327391713857651,64936.13671875,NA,2.88184740855848
"FI1D9",-1.31567251682281,6.58142995834351,20.9168510437012,10.0942163467407,22.2325248718262,2.28957366943359,1.83679008483887,2.39088916778564,2.6444718837738,84.2964782714844,70.3987274169922,68.2482986450195,85.8286285400391,0.0540837310254574,9.81588163995184e-05,0.000737923721317202,0.00395764503628016,5.19808927492704e-05,3.4757838875521e-05,0.615633368492126,0.271313697099686,262419.25,NA,6.74063087570905
"FI200",3.26108145713806,9.18935298919678,21.5602512359619,13.2852535247803,18.2991695404053,2.44161748886108,1.18105816841125,1.61334133148193,2.53924679756165,80.6309356689453,73.7694091796875,72.1010360717773,81.0687713623047,0.0445739291608334,0.00182865827810019,5.41708941454999e-05,0.00344789843074977,0,2.64245754806325e-05,0,0.218787744641304,8815.74609375,NA,6.42818263416165
"FR101",8.41856098175049,14.6399307250977,25.4381999969482,17.7871437072754,17.0196380615234,2.21562051773071,2.13223123550415,1.29383957386017,1.52054619789124,85.921630859375,73.1169738769531,60.0777587890625,78.1322479248047,0.189263045787811,0.0223163515329361,8.31833713021979e-10,0.421519160270691,0,2.02972930198662e-16,0,0.366901457309723,385036.125,NA,5033.46194020242
"FR102",7.9597749710083,14.3381605148315,25.2904453277588,17.5064430236816,17.3306694030762,2.412437915802,2.23893213272095,1.36379325389862,1.67755663394928,85.8983383178711,72.9131240844727,59.3095741271973,77.8066711425781,0.530884027481079,0.13069611787796,1.07128783621846e-09,0.0830806866288185,0,8.12182587276522e-18,0,0.255339205265045,2529696,NA,427.207990310375
"FR103",7.84628295898438,13.7778367996216,24.2432689666748,17.192455291748,16.3969860076904,2.25495839118958,2.02630543708801,1.27668237686157,1.66434955596924,86.4048767089844,74.4148254394531,63.0750465393066,79.6716079711914,0.438990592956543,0.098079226911068,2.09512562854286e-09,0.131437599658966,0,4.71573821658744e-11,0,0.33149254322052,2943167,NA,1286.7132654879
"FR104",8.15312099456787,14.3502817153931,25.2398624420166,17.6170043945312,17.0867404937744,2.24520397186279,2.21062469482422,1.30380737781525,1.5821453332901,85.9271240234375,73.1115188598633,59.5462417602539,77.7618408203125,0.394676953554153,0.0949196815490723,1.82942438975431e-09,0.231200471520424,0,9.84629587065522e-13,0,0.279202908277512,4708087.5,NA,2577.40063790493
"FR105",8.41856098175049,14.6399307250977,25.4381999969482,17.7871417999268,17.0196380615234,2.21562051773071,2.13223123550415,1.29383957386017,1.52054607868195,85.921630859375,73.1169738769531,60.0777587890625,78.1322479248047,0.189263045787811,0.0223163533955812,8.31833713021979e-10,0.421519160270691,0,2.02972930198662e-16,0,0.366901457309723,815452,NA,5032.21137269967
"FR106",8.35706520080566,14.6392545700073,25.4738368988037,17.7839107513428,17.116771697998,2.27201962471008,2.17878293991089,1.35189402103424,1.5390590429306,85.8838577270508,73.0000076293945,59.8722343444824,78.0549697875977,0.297083556652069,0.0434901043772697,1.40583900076763e-09,0.310428559780121,0,1.11991387563513e-16,0,0.34899777173996,771620.5625,NA,3308.08640620493
"FR107",8.37100791931152,14.6412305831909,25.468957901001,17.7862644195557,17.0979480743408,2.25982856750488,2.16945290565491,1.33965110778809,1.53502058982849,85.8916549682617,73.0222473144531,59.9078636169434,78.0684585571289,0.27448382973671,0.0389736816287041,1.29146371374844e-09,0.333751678466797,0,1.30794235208248e-16,0,0.352790802717209,863614.1875,NA,3659.72787509039
"FR108",8.12300968170166,13.9728174209595,24.4719829559326,17.3585910797119,16.3489723205566,2.58184170722961,2.18642592430115,1.37011992931366,1.75589883327484,86.1902847290039,74.3678588867188,63.14013671875,79.4945983886719,0.503352403640747,0.120910055935383,1.33959254799976e-09,0.0986718758940697,0,4.63963851958095e-17,0,0.277065604925156,1192042.5,NA,928.159590276477
"FRB01",7.92219114303589,14.2906999588013,25.4305477142334,17.4914875030518,17.5083541870117,2.5416796207428,2.48792123794556,1.2839150428772,1.86664366722107,84.5914916992188,71.2783508300781,55.4014854431152,74.7946090698242,0.437687575817108,0.191641986370087,0.00487870164215565,0.0120017696171999,0,6.04303551643426e-11,0,0.353789955377579,289825,NA,39.7087142290153
"FRB02",7.37260818481445,13.201416015625,23.662712097168,16.7726440429688,16.2901020050049,2.29538822174072,1.99260139465332,1.13349497318268,1.70888578891754,86.9607391357422,74.912956237793,62.8894805908203,79.6673355102539,0.670695006847382,0.182160884141922,3.62583705282304e-07,0.0209698509424925,0,5.68192107947008e-12,0,0.126173973083496,568780.0625,NA,96.3162540189109
"FRB03",7.83933210372925,14.1861047744751,25.2566165924072,17.5081539154053,17.4172821044922,2.67842864990234,2.49565625190735,1.38964605331421,1.99216985702515,84.8023071289062,71.3054962158203,56.6861953735352,75.0957641601562,0.491698324680328,0.221930161118507,0.00175514013972133,0.0146897891536355,0,1.81293577372621e-10,0,0.269926637411118,230846.71875,NA,33.8198918329165
"FRB04",8.15463256835938,14.2970218658447,25.1261577606201,17.5713481903076,16.9715232849121,2.47361183166504,2.09435606002808,1.12229979038239,1.71689665317535,85.96337890625,71.7697525024414,57.577507019043,76.0428924560547,0.505851030349731,0.183835715055466,0.000108502630610019,0.0235861260443926,0,5.25907399226422e-12,0,0.286618649959564,770821.125,NA,125.11908055366
"FRB05",7.76949310302734,14.0536861419678,24.9121990203857,17.2949333190918,17.142707824707,2.45851683616638,2.13636946678162,1.22039031982422,1.70579218864441,86.0918884277344,71.8070449829102,57.4706993103027,76.2540054321289,0.482413113117218,0.158385559916496,0.000732396962121129,0.0207224059849977,0,0,0,0.337746530771255,503558.09375,NA,78.7053285976622
"FRB06",7.90307855606079,14.260724067688,25.2491149902344,17.4401435852051,17.3460369110107,2.37936043739319,2.25024628639221,1.27253782749176,1.72831928730011,85.742301940918,72.0150985717773,57.2729721069336,76.3419647216797,0.482058703899384,0.14869724214077,0.000137740033096634,0.0249087773263454,0,5.85722621281859e-17,0,0.344197541475296,642931.75,NA,94.323819614196
"FRC11",7.34614276885986,14.2809162139893,25.2571029663086,16.5743846893311,17.9109592437744,2.77769875526428,2.76651096343994,1.40814816951752,2.24764275550842,82.8717575073242,70.3619079589844,55.935359954834,76.045524597168,0.356050878763199,0.150066211819649,0.000540272681973875,0.0169465206563473,0,0,0.114748030900955,0.361648142337799,620501.875,NA,70.869552048605
"FRC12",7.35374116897583,13.9718179702759,25.2393321990967,17.0273132324219,17.8855895996094,2.87496185302734,2.70961475372314,1.43116438388824,2.15360260009766,84.0644073486328,70.8756103515625,55.6714324951172,75.4008407592773,0.29132491350174,0.184556066989899,0.00307662761770189,0.0133908474817872,0,2.02314894786486e-18,0.00901046209037304,0.498641103506088,190998.03125,NA,28.0301529497484
"FRC13",7.57066822052002,14.4034223556519,25.6333236694336,16.9033622741699,18.0626564025879,2.78835344314575,2.88622331619263,1.51378834247589,2.42623567581177,80.7542572021484,68.8929061889648,53.7819404602051,74.2724533081055,0.248575329780579,0.202329471707344,0.00188962114043534,0.0193179342895746,0,8.30598437251417e-12,0.133752137422562,0.394135594367981,583293.1875,NA,67.6359848714095
"FRC14",7.61477375030518,14.2576370239258,25.3495674133301,17.1883583068848,17.7347946166992,2.54482865333557,2.40602159500122,1.31145179271698,1.92629718780518,85.1071929931641,71.9070739746094,57.1303977966309,76.4203796386719,0.495488077402115,0.170260012149811,0.000443255616119131,0.0193660762161016,0,2.93226064203841e-17,0,0.314442545175552,321538.96875,NA,43.0654061216865
"FRC21",5.79732894897461,12.9817581176758,23.6000118255615,15.023021697998,17.8026847839355,4.71780347824097,4.33654117584229,2.43429374694824,3.44000959396362,79.110107421875,69.1880111694336,59.1018829345703,76.0619354248047,0.140043690800667,0.13091504573822,0.000210124460863881,0.0467725023627281,1.17160287677389e-31,0,0.681173801422119,0,543664.25,NA,104.267110367709
"FRC22",6.55533456802368,13.5805177688599,24.6680736541748,15.9124317169189,18.1127395629883,4.89342498779297,4.5833592414856,2.44124412536621,3.84649872779846,78.8049545288086,69.1775131225586,56.749626159668,74.6294097900391,0.190729007124901,0.122250691056252,0.000258691405178979,0.0238476525992155,1.61889382921799e-30,0,0.582295775413513,0.0789417326450348,389688.75,NA,77.2150052912503
"FRC23",6.97858810424805,14.2767715454102,24.8771057128906,16.2196960449219,17.8985176086426,3.67411375045776,3.39713430404663,1.89922904968262,2.84984850883484,80.5891876220703,68.6857147216797,56.343074798584,75.6708221435547,0.212628915905952,0.132708072662354,1.79734288394684e-05,0.0335396640002728,0,0,0.62064403295517,0.000461129762697965,366447.34375,NA,67.9587470152816
"FRC24",5.938880443573,13.3639516830444,23.8253517150879,15.1607065200806,17.8864707946777,5.23081016540527,4.1866717338562,2.20978546142578,3.38207578659058,80.9989166259766,68.8979568481445,58.1637954711914,76.9601135253906,0.14346769452095,0.0523079894483089,2.77493722444788e-10,0.0563592575490475,0,0,0.747767150402069,0,103216.5078125,NA,174.524583800124
"FRD11",8.24347972869873,12.7006740570068,22.2593898773193,17.0700740814209,14.0159101486206,3.23461604118347,2.32796764373779,1.35825383663177,2.47958898544312,85.8452911376953,76.8967361450195,69.7534561157227,81.3583374023438,0.316846698522568,0.230237141251564,2.43160269697285e-09,0.031394861638546,0,3.51046448854309e-11,0.0522385537624359,0.204117015004158,625415.4375,NA,112.999800676104
"FRD12",8.66948795318604,12.8418397903442,22.2562046051025,17.4799480438232,13.5867147445679,3.79285168647766,2.52770948410034,1.49659156799316,2.86369323730469,85.0082550048828,77.7393341064453,72.1776123046875,80.9438858032227,0.374246031045914,0.301363468170166,2.62972066344958e-09,0.0254184510558844,0,0,0.102111339569092,0.149107113480568,226644.59375,NA,37.960049569677
"FRD13",7.51376152038574,12.5878143310547,22.6000156402588,16.55908203125,15.086254119873,3.01644015312195,2.32832932472229,1.21774709224701,2.16595697402954,87.4196395874023,76.2755355834961,67.1803588867188,81.6246109008789,0.420979082584381,0.257700473070145,2.50042675453699e-09,0.0295215547084808,0,1.09311396825097e-17,0,0.291798949241638,270537.9375,NA,43.9514224912961
"FRD21",7.83491325378418,13.0083703994751,23.0882339477539,16.8553237915039,15.2533197402954,2.90487504005432,2.2758047580719,1.36483573913574,2.11293816566467,86.7924346923828,76.0645294189453,66.5594940185547,81.1004180908203,0.482026606798172,0.169612467288971,1.77679515545037e-09,0.0442158058285713,0,1.44128537230004e-11,0,0.296750992536545,1016446.1875,NA,169.638969760489
"FRD22",8.0071496963501,12.8475198745728,22.7439250946045,16.92551612854,14.7367763519287,3.56184792518616,2.56389284133911,1.73524475097656,2.80417490005493,86.01025390625,76.6027603149414,68.7838516235352,81.2743148803711,0.440642267465591,0.20891347527504,8.8563137978781e-05,0.0328185260295868,0,9.14841397081645e-11,0,0.234543219208717,632525.375,NA,100.265425937361
"FRE11",6.90559244155884,12.339183807373,21.9358615875244,16.1311798095703,15.030270576477,3.05929970741272,2.26501798629761,1.5387476682663,2.4601309299469,85.3748474121094,76.1030044555664,72.623420715332,82.54345703125,0.44840744137764,0.153486788272858,1.21167009758949e-09,0.100990049540997,0,1.10009687037797e-37,0.13280063867569,0.164273604750633,2422924.75,NA,420.518229036428
"FRE12",7.51502847671509,12.1646451950073,21.3490180969238,16.5063858032227,13.8339900970459,3.74145483970642,2.46248197555542,1.67829442024231,3.13287377357483,85.0345916748047,77.4911804199219,75.0389709472656,82.8820953369141,0.536074697971344,0.179697915911674,2.2755435313826e-09,0.0603879131376743,0,1.53468123625933e-11,0,0.16388875246048,1474568.875,NA,220.716640517139
"FRE21",7.07936096191406,13.3738346099854,24.0988140106201,16.48073387146,17.0194530487061,2.81821942329407,2.27581691741943,1.63377141952515,1.8052089214325,86.001220703125,73.5012588500977,62.4721832275391,79.1683349609375,0.559921503067017,0.18492379784584,1.65623981196461e-09,0.0397653579711914,0,0,0.0373687334358692,0.178020626306534,614903.5625,NA,82.7842782127105
"FRE22",7.87179899215698,13.7526197433472,24.246072769165,17.1185970306396,16.3742771148682,2.65142226219177,2.20810890197754,1.50255918502808,1.79390978813171,86.0274353027344,74.2987060546875,63.4413375854492,79.4121932983398,0.582359135150909,0.148847296833992,1.53093093757661e-09,0.0480369627475739,0,1.20719102555458e-17,0,0.220756694674492,1386705.375,NA,236.430699756821
"FRE23",7.70642375946045,12.9747180938721,22.8402900695801,16.8125858306885,15.1338663101196,3.19869446754456,2.37365818023682,1.69808077812195,2.38056969642639,85.5349426269531,76.0403671264648,69.3496398925781,81.0554275512695,0.640090644359589,0.189485609531403,1.7351107217678e-09,0.0382855869829655,0,2.66397701806602e-17,0,0.117013767361641,674306.1875,NA,109.559859330003
"FRF11",6.2903323173523,14.1018152236938,25.427526473999,16.3005104064941,19.1371936798096,2.80765318870544,2.69983792304993,1.84175682067871,2.3647358417511,82.8904571533203,69.2796401977539,55.9676475524902,76.0436019897461,0.264615654945374,0.0827416852116585,9.08977781932663e-10,0.0730475038290024,0,2.26339213619544e-22,0,0.579595148563385,1521603,NA,316.418688090117
"FRF12",6.20724391937256,13.8497915267944,24.609037399292,15.6815423965454,18.4017944335938,3.38351655006409,3.16982078552246,1.80353951454163,2.4826819896698,81.3987884521484,69.0663833618164,57.6295013427734,76.8132095336914,0.256174862384796,0.0693283304572105,4.64426630060188e-05,0.0611425638198853,0,0.0055017089471221,0.367492109537125,0.239734649658203,1027318.5625,NA,287.894094895337
"FRF21",6.48245143890381,12.8363513946533,23.919942855835,15.8738889694214,17.4374923706055,3.35991191864014,2.54484224319458,1.69956433773041,2.11626172065735,86.6073150634766,73.5021438598633,61.0149803161621,79.4538345336914,0.349797695875168,0.200297310948372,0.000483547890326008,0.0231497846543789,0,0,0.410865187644958,0.0154064670205116,343251.125,NA,65.7706876972063
"FRF22",7.38016271591187,14.1133594512939,25.3803215026855,17.1007442474365,18.0001564025879,2.56543064117432,2.42841458320618,1.39360070228577,2.00803661346436,85.3453598022461,72.1618957519531,57.5124855041504,77.100830078125,0.564421951770782,0.168038532137871,0.000487999204779044,0.0205360986292362,0,1.96088573966901e-17,0.00275828177109361,0.241466179490089,358289.875,NA,59.4359100347964
"FRF23",7.09997653961182,13.6520919799805,24.7402286529541,16.653564453125,17.640251159668,2.60080885887146,2.22764897346497,1.42758345603943,1.74787473678589,85.6505355834961,72.4605331420898,58.6607627868652,77.8715209960938,0.602216362953186,0.18375138938427,0.000196690991288051,0.0210027638822794,0,0,0.115506991744041,0.075285404920578,540030,NA,66.481183390011
"FRF24",6.79095363616943,13.7457132339478,24.9708099365234,16.3935356140137,18.1798553466797,3.14352893829346,2.81657409667969,1.71564638614655,2.46375560760498,84.682746887207,71.2493438720703,57.0599212646484,77.2279663085938,0.362474828958511,0.168015360832214,0.000764182710554451,0.0155365681275725,0,0,0.375458836555481,0.0771818235516548,143338.578125,NA,22.9230683277055
"FRF31",6.26923751831055,13.3074712753296,24.5582637786865,15.9350986480713,18.289026260376,3.00016522407532,2.55404281616211,1.60865080356598,2.31325697898865,85.0879592895508,71.4300079345703,57.099006652832,77.447883605957,0.349950134754181,0.163977682590485,1.41825867103762e-05,0.0403855517506599,1.10367455192356e-12,0,0.186078056693077,0.259594440460205,679193.0625,NA,128.784867216901
"FRF32",6.28676557540894,13.1017684936523,24.4227027893066,15.9403629302979,18.1359386444092,3.42787337303162,2.60937571525574,1.65451860427856,2.31246948242188,86.1816787719727,72.3612670898438,58.6502304077148,78.4770202636719,0.368015348911285,0.168141007423401,0.00226402445696294,0.0186958070844412,0,0,0.442676782608032,0,251298,NA,40.5695559206107
"FRF33",6.46595001220703,13.7862997055054,24.9415740966797,16.1534881591797,18.4756240844727,2.9131486415863,2.47035694122314,1.57822012901306,2.28057050704956,84.5198364257812,70.5018615722656,56.2520446777344,76.9967575073242,0.302014946937561,0.137414306402206,2.46337439335775e-09,0.0655849575996399,2.71837944949144e-14,1.0229987346407e-22,0.146605655550957,0.34838017821312,1508476.5,NA,243.032365300768
"FRF34",6.10530281066895,13.245364189148,24.4436435699463,15.8144397735596,18.338342666626,3.71031856536865,3.22384858131409,2.00798201560974,2.9462161064148,84.0777587890625,70.8423767089844,57.3285598754883,77.1381988525391,0.19181789457798,0.126699909567833,7.6299584179651e-06,0.0486307144165039,0,0,0.21387667953968,0.418967247009277,401130.0625,NA,68.1397983272016
"FRG01",9.04982757568359,14.1920518875122,23.84619140625,17.6712837219238,14.7963619232178,3.5010838508606,2.29533386230469,1.05578005313873,2.23353242874146,86.8354187011719,75.8798370361328,66.887565612793,80.5796813964844,0.472268640995026,0.237761870026588,1.0571556231298e-05,0.0370245389640331,0,4.92742788957795e-17,0,0.175011292099953,1566998.25,NA,226.257580310794
"FRG02",8.41091632843018,14.1490278244019,24.3342761993408,17.4536399841309,15.9233598709106,2.82894778251648,2.11475729942322,1.00364458560944,1.80221211910248,86.64794921875,73.7523803710938,62.2428932189941,78.6122512817383,0.545363306999207,0.233360126614571,1.16478504423867e-05,0.0322253182530403,0,1.57862010144539e-17,0,0.189039662480354,924114.1875,NA,127.541831482036
"FRG03",8.01501750946045,13.2058439254761,23.1337375640869,17.089879989624,15.1187200546265,3.70409774780273,2.54305839538574,1.2251980304718,2.46836066246033,86.937858581543,75.3798370361328,66.4962692260742,80.7915649414062,0.55247175693512,0.291782706975937,5.04664665612609e-09,0.0187991429120302,0,3.9135923174411e-17,0,0.136943489313126,338172.71875,NA,64.8644483111234
"FRG04",7.87417268753052,13.5928030014038,24.0122089385986,17.0577507019043,16.1380367279053,2.81217050552368,2.1634726524353,1.13565146923065,1.88878870010376,86.9358749389648,73.8131408691406,62.1829833984375,79.1121063232422,0.462192624807358,0.232203930616379,2.5858271079926e-09,0.0290263164788485,0,1.15585768566465e-17,0,0.276577115058899,598787.5625,NA,97.0076093650615
"FRG05",9.1474084854126,14.591118812561,24.6370220184326,18.2088050842285,15.4896144866943,3.44442415237427,2.32750797271729,1.08839130401611,2.30831980705261,86.1957626342773,74.4677810668945,63.6983451843262,78.4990081787109,0.586541891098022,0.238613709807396,7.16761860530823e-05,0.0220273323357105,0,7.54369858930395e-17,0,0.121427021920681,565436.3125,NA,83.5629442228251
"FRH01",9.27167701721191,12.7607011795044,21.6982975006104,17.5554943084717,12.4266195297241,4.25421476364136,2.4850766658783,1.16177082061768,2.73369073867798,85.904296875,79.4187316894531,74.9933319091797,82.8058319091797,0.516304552555084,0.260735929012299,8.28293414087966e-05,0.0183917190879583,0,0,0.128509938716888,0.00220951810479164,366099.34375,NA,52.4337015404154
"FRH02",9.49256706237793,12.4253025054932,20.7041683197021,17.1461772918701,11.2116012573242,5.25403165817261,2.92957663536072,1.63882982730865,3.23916697502136,85.0796966552734,80.5172653198242,78.6912689208984,84.0154418945312,0.461844325065613,0.263997495174408,1.03752928470868e-09,0.0297548584640026,0,0,0.163347288966179,0,353913.40625,NA,52.9481158148065
"FRH03",8.71528053283691,13.4610433578491,23.0546875,17.5035209655762,14.3394050598145,3.40026807785034,2.33591175079346,1.14558923244476,2.33265471458435,86.3003387451172,76.1717834472656,68.7010269165039,80.9302978515625,0.573391616344452,0.274979889392853,3.25661764222218e-09,0.0243840832263231,0,1.7217761348364e-18,0.00963614229112864,0.117451198399067,1102789.875,NA,161.577934286289
"FRH04",9.33981609344482,13.1828832626343,21.566801071167,17.0741348266602,12.2269849777222,4.30950117111206,2.49601244926453,1.25162327289581,2.4900016784668,86.6730575561523,79.0954971313477,75.2354049682617,84.546989440918,0.460658133029938,0.260165512561798,3.09896397432396e-09,0.0263722874224186,0,0,0.128126636147499,0.0375536158680916,680137.25,NA,98.3199522622626
"FRI11",8.98032093048096,15.1864042282104,26.1618022918701,18.5921516418457,17.1814804077148,2.6917417049408,2.78823804855347,1.17143762111664,1.91267001628876,82.5665893554688,69.4145202636719,55.4314155578613,72.6494216918945,0.269730180501938,0.177186891436577,0.00124053109902889,0.0150043359026313,0,2.32973552559065e-13,0.085661806166172,0.451176345348358,396630.53125,NA,43.0652374269977
"FRI12",9.96987628936768,15.7820615768433,25.6846446990967,19.2668209075928,15.7147674560547,2.89636945724487,2.70746111869812,1.14859628677368,2.0765700340271,83.4538345336914,70.5400085449219,60.2316970825195,74.5054473876953,0.222090914845467,0.129310101270676,0.00309918681159616,0.0350567512214184,0,9.59502829023674e-15,0,0.609644830226898,1650350,NA,165.431706517077
"FRI13",10.8646812438965,16.343334197998,26.0879554748535,20.0385570526123,15.223274230957,3.1644766330719,3.02516674995422,1.14118897914886,2.43124151229858,81.4808959960938,70.3922958374023,61.0327072143555,72.3687744140625,0.213384672999382,0.0837849080562592,0.00938253197818995,0.0162197668105364,0,3.65405405586272e-12,0.236099064350128,0.351447343826294,389916.0625,NA,41.740564458479
"FRI14",9.72730541229248,15.9171094894409,26.9191703796387,19.4566955566406,17.1918640136719,2.2454092502594,2.43510150909424,0.963304400444031,1.64340007305145,83.1862258911133,69.3270797729492,53.8447456359863,71.3001174926758,0.424335449934006,0.187117233872414,0.000412745808716863,0.0132979387417436,0,1.29137327921217e-18,0,0.374836623668671,285671.8125,NA,53.0500061504396
"FRI15",8.51742172241211,14.4947290420532,25.2516040802002,18.3807315826416,16.7341823577881,4.11939477920532,4.16605663299561,1.58905482292175,3.22512364387512,78.7116775512695,72.0492477416992,64.409538269043,71.5023345947266,0.248062118887901,0.116126887500286,0.0133021008223295,0.0176997110247612,1.75494078575866e-05,0.0175038781017065,0.415143460035324,0.161497518420219,631485.25,NA,81.8865802373739
"FRI21",7.26150465011597,13.5070371627808,24.7261867523193,16.9688930511475,17.4646816253662,3.59008622169495,3.70345020294189,1.67530703544617,2.74446177482605,82.1048736572266,71.1838989257812,59.096508026123,74.9773712158203,0.118904426693916,0.0858546867966652,0.00120932701975107,0.0159750524908304,0,9.9829814553809e-12,0.635045826435089,0.143010661005974,202408.734375,NA,34.5687224317777
"FRI22",6.80312299728394,13.0540237426758,24.2873840332031,16.5047912597656,17.4842624664307,3.23677682876587,3.29219555854797,1.67953562736511,2.37960410118103,83.4926528930664,72.333137512207,59.2166938781738,75.8738708496094,0.215727880597115,0.188964277505875,0.000487796525703743,0.0157083347439766,0,7.77146888508717e-11,0.0978792458772659,0.481232494115829,101047.609375,NA,18.0547145962518
"FRI23",7.68395757675171,13.9523458480835,24.9809265136719,17.3309955596924,17.2969703674316,3.49085903167725,3.31733822822571,1.63120996952057,2.5020432472229,83.9164199829102,71.8500137329102,58.6648483276367,75.5046463012695,0.294824630022049,0.189772605895996,5.32760132045951e-05,0.0188893638551235,0,4.90046014724749e-17,0.129509150981903,0.366950958967209,363525.90625,NA,65.1350280001692
"FRI31",8.9870662689209,15.0539531707764,25.5875797271729,18.3897552490234,16.600513458252,2.90495109558105,2.70754384994507,1.22592806816101,2.10656905174255,83.9056396484375,71.0642776489258,58.060733795166,74.4449310302734,0.495159059762955,0.208048120141029,1.03589181676966e-09,0.0134764034301043,0,8.0499574020565e-12,0,0.283316403627396,344316.5625,NA,57.4088578963563
"FRI32",9.49637222290039,15.2431116104126,25.0995922088623,18.737606048584,15.6032190322876,3.05183982849121,2.54571557044983,1.10950350761414,2.23811101913452,84.186653137207,72.0617370605469,61.4983253479004,75.7814865112305,0.565919578075409,0.215305060148239,2.73037881193261e-09,0.0156603883951902,0,1.0363142383702e-16,0,0.191421568393707,403069.46875,NA,59.0901071420073
"FRI33",8.50185585021973,14.331395149231,24.6743087768555,17.7603454589844,16.1724529266357,3.06939244270325,2.35400176048279,1.19304597377777,2.0192289352417,86.2089004516602,73.2443161010742,61.4067268371582,77.8317565917969,0.609092354774475,0.239285424351692,3.66035490806382e-09,0.0213392823934555,0,7.68403743411916e-12,0,0.130282953381538,368015.15625,NA,61.2299832698055
"FRI34",8.2566328048706,14.3458166122437,25.2937927246094,17.7068748474121,17.0371589660645,2.70904207229614,2.39919233322144,1.29472613334656,1.96429061889648,85.3616104125977,71.7423934936523,57.6213836669922,75.6742782592773,0.593909919261932,0.217554688453674,4.37181734014302e-05,0.0139341978356242,0,3.07059690174416e-11,0,0.174557462334633,452994.0625,NA,64.3261958040602
"FRJ11",9.34789943695068,15.4588928222656,27.077075958252,19.0395545959473,17.729175567627,2.6438946723938,2.78950190544128,1.07210218906403,2.38080143928528,77.6858444213867,70.1979827880859,59.3969230651855,73.5117645263672,0.243184015154839,0.110090881586075,0.00963556300848722,0.0190947130322456,0,7.79990275926595e-13,0,0.592446565628052,507994.125,NA,79.4409891960021
"FRJ12",9.51734924316406,15.887318611145,27.4964160919189,19.0238590240479,17.9790649414062,2.86736059188843,2.75632262229919,1.02271711826324,4.19838762283325,72.1404190063477,63.6636962890625,50.6033020019531,68.9787826538086,0.194319844245911,0.0990198403596878,0.00381076824851334,0.0406695418059826,9.77145910347023e-30,0,0.435503005981445,0.195809468626976,1014726.25,NA,172.843466568804
"FRJ13",9.54092502593994,15.9533338546753,27.5959339141846,19.2434139251709,18.0550079345703,3.04764747619629,2.78194093704224,0.982195436954498,3.75629806518555,76.3412094116211,68.0263977050781,55.6806831359863,73.0855941772461,0.215367436408997,0.109028145670891,0.00381183926947415,0.0253993831574917,0,0,0.409481406211853,0.149212047457695,955289.1875,NA,153.136320916604
"FRJ14",5.26477193832397,11.2848205566406,23.3550815582275,15.0633974075317,18.0903091430664,3.21205139160156,3.67677712440491,1.52702069282532,4.28106880187988,79.2708053588867,70.4080810546875,56.1250877380371,74.3651809692383,0.122709080576897,0.136327594518661,0.0150032192468643,0.00951042957603931,0,0,0.716449677944183,0,83813.546875,NA,16.2872736173329
"FRJ15",8.86480522155762,14.5953483581543,26.3559436798096,18.4498920440674,17.491138458252,2.27453780174255,2.63224911689758,1.2654492855072,2.40798902511597,73.787841796875,69.0935745239258,60.8663749694824,72.5641784667969,0.117742016911507,0.0570446997880936,0.0214576907455921,0.0245075523853302,5.18875276611652e-06,0.141481220722198,0.0180242620408535,0.616651892662048,442530.875,NA,107.097776619055
"FRJ21",6.43028116226196,12.6871585845947,24.536111831665,16.5078792572021,18.1058311462402,2.4736316204071,3.12180185317993,1.5326896905899,2.36093044281006,75.6835174560547,70.4538345336914,60.5096855163574,71.0937423706055,0.201222106814384,0.102991797029972,0.0343134291470051,0.0209542792290449,0,0.0766953974962234,0,0.563823044300079,253059.640625,NA,52.2767262837015
"FRJ22",7.51714754104614,13.7027635574341,25.4939975738525,17.2617816925049,17.9768505096436,3.21338582038879,3.53741812705994,1.33756303787231,2.94303965568542,81.0806732177734,71.2146911621094,57.6918449401855,74.9486312866211,0.288967937231064,0.205060839653015,0.00352022564038634,0.010044445283711,1.27532628365909e-29,1.32587907666903e-12,0.476131439208984,0.0161886252462864,268785.25,NA,30.6812635674619
"FRJ23",8.94854831695557,15.4490413665771,26.918436050415,18.9039726257324,17.9698886871338,2.14202332496643,2.77525234222412,1.19196307659149,1.87902998924255,78.7271881103516,68.9939346313477,57.7233543395996,70.9014892578125,0.42693755030632,0.178793951869011,0.00945327617228031,0.0202191006392241,0,0.056581512093544,0,0.30801460146904,1184143,NA,184.241735729116
"FRJ24",9.9201545715332,16.3866672515869,27.4707527160645,19.7496643066406,17.5506000518799,2.11873316764832,2.55376148223877,1.00405025482178,1.71311008930206,80.9603652954102,68.7616271972656,56.6435585021973,70.9419479370117,0.59489506483078,0.2269636541605,2.26084421228734e-06,0.00863059610128403,0,3.36053645848267e-12,0,0.169508472084999,350696,NA,55.9629756440469
"FRJ25",8.66396617889404,14.9851989746094,26.2911262512207,18.5519542694092,17.6271591186523,2.59480667114258,2.98618221282959,1.19337284564972,2.00838041305542,81.4508819580078,69.103141784668,55.6644020080566,72.3058624267578,0.246214121580124,0.222037494182587,0.00150733848568052,0.0136369783431292,0,2.11776055025759e-10,0.0671990588307381,0.449405044317245,199263.375,NA,38.1348045385426
"FRJ26",5.95613527297974,12.4051675796509,24.2811717987061,16.2203807830811,18.3250350952148,2.83009719848633,3.37977409362793,1.61190342903137,2.73979949951172,77.1863174438477,70.9533157348633,60.661922454834,71.5245590209961,0.247827485203743,0.091989204287529,0.0399651043117046,0.0165642835199833,0,0.147321596741676,0,0.456332296133041,218945.203125,NA,48.2963740080763
"FRJ27",9.20996284484863,15.58913230896,26.9950485229492,18.9424343109131,17.7850856781006,2.73773550987244,3.09395837783813,1.24695682525635,2.24147725105286,81.5571746826172,70.8865280151367,58.6443061828613,74.4646835327148,0.412698924541473,0.200664266943932,0.00168543483596295,0.0148898810148239,1.69769049701956e-35,6.78745450454163e-18,0.111053019762039,0.258938610553741,467276.28125,NA,81.5407724735806
"FRJ28",9.56238555908203,15.9223222732544,27.1550331115723,19.4668312072754,17.5926475524902,2.1145498752594,2.50758767127991,0.978501558303833,1.6037255525589,81.757080078125,68.5955352783203,54.0193367004395,70.7987060546875,0.448896169662476,0.225498661398888,0.000721162534318864,0.0204267147928476,0,3.59038472797581e-17,0,0.304457277059555,668991.625,NA,179.409514137418
"FRK11",7.29273223876953,13.6900005340576,25.0170974731445,17.0271148681641,17.724365234375,2.26840829849243,2.56199908256531,1.52893269062042,1.92423641681671,82.4513702392578,70.4533538818359,55.3576049804688,74.2415618896484,0.33005702495575,0.238320708274841,0.000674905953928828,0.0131617439910769,0,1.29348601274337e-10,0,0.41778564453125,299779.5,NA,40.7201750395834
"FRK12",5.96940994262695,12.0230875015259,23.6467514038086,15.617000579834,17.6773414611816,3.27652859687805,3.72355389595032,1.57190656661987,2.74901652336121,81.1794128417969,71.5524520874023,59.4764556884766,75.5182723999023,0.163093626499176,0.156527578830719,0.00765358749777079,0.0102792112156749,0,0,0.586717784404755,0.0757281854748726,127017.421875,NA,21.9897671344744
"FRK13",5.74557685852051,11.9838123321533,23.6945819854736,15.3427495956421,17.9490051269531,1.9335390329361,2.67421722412109,1.45059645175934,2.29008674621582,79.5862731933594,69.8675918579102,56.9116706848145,74.7384719848633,0.146995142102242,0.161709606647491,0.0066790715791285,0.0211879275739193,0,0,0.553070306777954,0.110357962548733,393815.6875,NA,79.2403234042344
"FRK14",5.95486879348755,12.1842002868652,23.5960216522217,15.6128749847412,17.6411533355713,2.31360578536987,2.93620753288269,1.64224314689636,2.0821967124939,81.7105407714844,71.086311340332,58.5352516174316,75.1403656005859,0.205861836671829,0.162610128521919,0.00355169549584389,0.0168971754610538,0,8.4046338682045e-13,0.0768686830997467,0.534210443496704,786318.3125,NA,98.3688300833277
"FRK21",7.21073770523071,14.2358818054199,25.5681781768799,16.6047515869141,18.3574390411377,3.63518834114075,3.8002405166626,2.04423832893372,3.11655449867249,78.0785903930664,67.7009811401367,55.1020317077637,73.7790451049805,0.237081170082092,0.143782272934914,0.000297933642286807,0.0332142412662506,3.41790762337746e-30,0,0.286336153745651,0.293686747550964,1052493,NA,182.622824894257
"FRK22",7.72989988327026,14.1133155822754,25.8440647125244,17.0502758026123,18.114164352417,2.76604151725769,3.08534693717957,1.3283280134201,3.99566626548767,74.6728744506836,64.7999114990234,50.0388450622559,70.8326873779297,0.140175327658653,0.12336241453886,0.00183601351454854,0.0362779870629311,5.48847678737913e-30,0,0.698348224163055,0,572117,NA,102.544371645687
"FRK23",7.52304649353027,13.7593488693237,25.5029563903809,16.779899597168,17.9799118041992,2.41254639625549,2.75448441505432,1.2415885925293,3.01197719573975,74.6555099487305,65.5563507080078,50.6155700683594,70.7371215820312,0.192079767584801,0.111438006162643,0.0124219488352537,0.0322371236979961,1.81582165257276e-36,0,0.598333358764648,0.0534898787736893,513262.03125,NA,78.9135039935885
"FRK24",6.4570894241333,12.9244661331177,24.5205574035645,15.7441730499268,18.0634670257568,2.90436482429504,3.24982500076294,1.93309533596039,2.81520509719849,74.573844909668,67.7230529785156,56.3434715270996,72.8159103393555,0.167858392000198,0.094943679869175,0.00944446586072445,0.0419387966394424,0,0,0.488261252641678,0.195435240864754,1513070.375,NA,192.969744282255
"FRK25",6.97353649139404,13.527530670166,24.9111213684082,16.3536434173584,17.9375839233398,1.91114497184753,2.63482165336609,1.61345911026001,2.03505659103394,79.9003143310547,68.4740371704102,55.4091300964355,74.4791259765625,0.19548836350441,0.193308889865875,0.000861641950905323,0.0283452421426773,0,4.43230209479228e-11,0.341205149888992,0.240790724754333,607699.125,NA,126.125593585961
"FRK26",7.65683317184448,14.5146150588989,25.8414115905762,16.9618816375732,18.1845779418945,2.03067326545715,2.6184196472168,1.53297472000122,2.13996267318726,79.3776321411133,67.0349655151367,53.6721000671387,73.8701400756836,0.261054873466492,0.17032915353775,2.31929742078307e-09,0.0690717026591301,0,1.04396797196565e-13,0.323550134897232,0.175994202494621,1827160.875,NA,559.604294318028
"FRK27",3.00574088096619,9.00430870056152,20.5723361968994,12.2122783660889,17.5665969848633,3.30415534973145,3.1430287361145,2.33762621879578,2.51220369338989,70.3110809326172,68.8010711669922,60.684513092041,73.0884246826172,0.0538556352257729,0.0718738660216331,0.0403664410114288,0.0268613900989294,2.83689420622929e-29,0,0.786141335964203,0,564521.625,NA,90.2926009764292
"FRK28",4.7523775100708,11.5511255264282,22.7330207824707,14.0008964538574,17.9806442260742,4.48008012771606,4.35216522216797,2.74416136741638,3.33358764648438,73.9577789306641,69.0491333007812,61.7806129455566,74.3866729736328,0.0865692272782326,0.081105001270771,0.0183032508939505,0.0503731556236744,2.49724815496372e-28,0,0.686990439891815,0,1340640.625,NA,278.39092372682
"FRL01",6.46793365478516,11.9680957794189,23.4640846252441,15.7003021240234,16.996150970459,2.46249389648438,2.31335949897766,1.42832601070404,2.71078109741211,68.4331359863281,66.5055923461914,56.9641571044922,70.01806640625,0.089080236852169,0.0728449001908302,0.0381426215171814,0.030028847977519,1.64621780984071e-29,0,0.76747328042984,0,252602.21875,NA,36.1172927537996
"FRL02",3.53651070594788,8.97382354736328,20.8069801330566,12.6866607666016,17.2704696655273,2.44421052932739,2.51575589179993,1.52686297893524,2.51981043815613,67.9326782226562,67.6510925292969,55.2015228271484,69.7312393188477,0.0697371661663055,0.0681987330317497,0.0478650294244289,0.0228578262031078,1.76572507308203e-29,0,0.784824073314667,0,145926.828125,NA,25.6686510160988
"FRL03",7.87297630310059,13.2601480484009,24.3083534240723,17.090389251709,16.4353771209717,3.14895749092102,2.56862640380859,1.52376413345337,3.51976799964905,69.2323532104492,70.9348297119141,67.9198989868164,73.8338928222656,0.034156933426857,0.0471622422337532,0.0428831540048122,0.044897299259901,8.36072708011054e-31,0,0.662958920001984,0.0434852056205273,901929.125,NA,210.172129939044
"FRL04",10.614990234375,16.8043403625488,27.788501739502,20.08544921875,17.173511505127,2.16827201843262,1.67225658893585,0.799961864948273,2.74989008903503,73.075798034668,65.5635681152344,57.7387619018555,70.9277572631836,0.201211467385292,0.111512266099453,0.000188289821380749,0.0630844160914421,4.89468286902736e-30,0,0.224327400326729,0.330894708633423,905005.375,NA,172.505461842619
"FRL05",10.410683631897,15.7278270721436,26.3870372772217,19.5413703918457,15.9763526916504,3.0772180557251,2.03445482254028,1.07630407810211,3.26701855659485,72.4411773681641,68.6951599121094,63.4518432617188,72.7880630493164,0.0808957442641258,0.0610121972858906,0.00712677137926221,0.0479450486600399,1.66065551357615e-29,0,0.356693178415298,0.312091648578644,846526.3125,NA,140.381232219722
"FRL06",9.5684700012207,15.7555522918701,27.1668510437012,18.9532794952393,17.5983810424805,2.18308424949646,2.00388288497925,0.888031840324402,2.83606147766113,72.7866134643555,63.8757972717285,50.9575653076172,69.2091369628906,0.241192415356636,0.12513330578804,0.00850862916558981,0.0467580407857895,5.17585058531467e-30,0,0.537080883979797,0.0338330194354057,544957.375,NA,151.450859868033
"FRM01",11.0911836624146,15.4128103256226,25.9624805450439,20.0466556549072,14.8712978363037,3.74858474731445,2.52097964286804,0.750905096530914,3.85800457000732,79.5357971191406,73.1735076904297,65.8952865600586,76.9077758789062,0.00959326513111591,0.0108395554125309,0.00649000937119126,0.0103224674239755,0,8.05599250502942e-12,0,0.640401899814606,86042.265625,NA,21.4838521248103
"FRM02",9.42769622802734,13.6188039779663,24.255428314209,18.3422756195068,14.8277320861816,3.60938429832458,2.37495255470276,0.757373929023743,3.53466582298279,78.6108627319336,72.6849060058594,67.2163009643555,77.1059799194336,0.0296655613929033,0.0241070650517941,0.00422057369723916,0.0083689745515585,0,6.46343785784542e-12,0,0.844989538192749,37820.125,NA,8.17502122750373
"HR031",5.99094533920288,13.4293003082275,25.6532497406006,16.4092655181885,19.6623058319092,4.02692604064941,3.54403495788574,1.92022240161896,5.25082635879517,79.3230743408203,72.1281814575195,61.510856628418,76.3397064208984,0.0302116610109806,0.030816899612546,0.00250972365029156,0.0104885157197714,5.72003910122751e-24,0,0.771037518978119,0,105287.6484375,NA,29.8152170457726
"HR032",4.56516981124878,12.6147155761719,24.7660083770752,15.3378829956055,20.2008380889893,4.2435622215271,3.76144504547119,1.57733035087585,5.0533595085144,79.1596984863281,70.5246429443359,58.690746307373,75.2262496948242,0.0935249105095863,0.040378175675869,0.019932983443141,0.00985987018793821,2.46331698081301e-19,0,0.801830410957336,0,83590.46875,NA,15.6304242801895
"HR033",6.46858167648315,14.1565275192261,26.5504875183105,17.0572052001953,20.0819053649902,3.41269707679749,3.03835988044739,0.931534230709076,4.05372524261475,74.7116012573242,67.6048889160156,53.0683975219727,70.5415115356445,0.116711713373661,0.0511417426168919,0.0543803833425045,0.00701816100627184,2.79786307982771e-25,0,0.639123022556305,0,59723.0390625,NA,17.1448642396233
"HR034",7.10142993927002,14.4655456542969,26.6071662902832,17.293155670166,19.5057353973389,3.60705232620239,2.89924716949463,1.02647399902344,3.45316886901855,72.607177734375,67.1076889038086,54.0643119812012,69.4764633178711,0.153684437274933,0.100272804498672,0.0511566735804081,0.0171826854348183,4.89149030804199e-25,0,0.655479431152344,0,111510.3984375,NA,37.0313878812089
"HR035",7.62613391876221,14.8769474029541,26.7901668548584,17.7729530334473,19.1640319824219,4.30019950866699,3.08914470672607,1.09473204612732,3.85341453552246,73.3697204589844,67.9770660400391,57.3657569885254,70.7181015014648,0.192654266953468,0.174782037734985,0.02643783390522,0.0119572496041656,1.85475103429805e-30,0,0.510615348815918,0,158704.046875,NA,35.4529221913303
"HR036",9.78511905670166,16.4013118743896,28.7141380310059,19.6350536346436,18.9290199279785,3.17211151123047,2.78486156463623,1.59029948711395,4.38513040542603,72.8848419189453,68.8466262817383,57.679573059082,70.9363784790039,0.142088636755943,0.0816296562552452,0.00161092786584049,0.045889675617218,8.01668298675546e-24,0,0.508593618869781,0,110197.3828125,NA,40.0139825541494
"HR037",8.72939586639404,15.6979112625122,28.027006149292,18.6681232452393,19.2976112365723,5.8134331703186,3.97224545478821,1.22138619422913,4.64376592636108,72.3346633911133,67.5193405151367,55.6938819885254,69.805549621582,0.200269013643265,0.326262623071671,0.0215177349746227,0.00781556777656078,1.65350132330168e-30,0,0.300319820642471,0,23131.23828125,NA,13.3677439739288
"HR041",6.60887241363525,16.2205257415771,28.1839542388916,17.4446411132812,21.575080871582,2.46930694580078,2.54789185523987,1.90993988513947,3.19199299812317,78.8988723754883,66.2067947387695,55.6268196105957,74.0982437133789,0.221395522356033,0.0601188465952873,2.84170164377429e-05,0.0366665087640285,1.27756496917086e-24,0,0.681790709495544,0,128069.4921875,NA,212.352411005171
"HR042",6.5762128829956,16.1251354217529,28.1073112487793,17.3754940032959,21.5310974121094,2.45222401618958,2.56111168861389,1.89954257011414,3.1389102935791,78.7880401611328,66.0600509643555,55.4565620422363,73.9944686889648,0.220748618245125,0.0633812621235847,3.6927820474375e-05,0.0314691849052906,1.04567089997934e-21,0.0494734011590481,0.609308004379272,0.0255502201616764,556447.8125,NA,180.291881735354
"HR043",6.82301664352417,15.8835878372192,27.7993965148926,17.2179355621338,20.9763793945312,2.25416731834412,2.74417304992676,2.36231970787048,3.09224486351013,77.3764266967773,64.8004684448242,55.9098892211914,74.2849273681641,0.220375046133995,0.125034362077713,3.71314285985136e-06,0.0251114964485168,2.37568814266155e-25,0.114819400012493,0.432819783687592,0.0818361192941666,138164.671875,NA,109.134469125397
"HR044",7.61108016967773,16.441011428833,28.3879318237305,17.6496925354004,20.7768497467041,1.92744851112366,2.31833577156067,2.22623157501221,2.77467799186707,77.1739883422852,63.9079399108887,55.1683044433594,73.7888565063477,0.236590996384621,0.0876542925834656,1.2491857548369e-09,0.0257513672113419,0,0.323398739099503,0.0408259443938732,0.285778641700745,105791.5703125,NA,85.0536838281682
"HR045",7.08989715576172,16.1761817932129,28.1289405822754,17.3246688842773,21.0390434265137,1.87160336971283,2.07433462142944,1.83184170722961,2.37711787223816,77.5161361694336,63.3654251098633,53.6265716552734,72.8101119995117,0.258375585079193,0.0522285252809525,0.000135530412080698,0.0193348862230778,0,0.229678303003311,0.00498712062835693,0.435233294963837,96902.453125,NA,54.5826527008868
"HR046",7.45152568817139,16.3427028656006,28.2758255004883,17.510425567627,20.8242988586426,1.83990550041199,2.13949275016785,2.08822655677795,2.55196404457092,77.2155685424805,63.5591430664062,54.6122093200684,73.3990325927734,0.244351461529732,0.075057715177536,2.84045995613269e-07,0.0243840478360653,0,0.280553936958313,0.0272690877318382,0.348383396863937,55317.38671875,NA,74.8636410265367
"HR047",6.39474105834961,15.9017963409424,28.0244922637939,17.1582584381104,21.6297492980957,2.16022348403931,2.41398882865906,1.54019451141357,2.51629304885864,78.2550582885742,64.4582748413086,53.4237327575684,72.7573547363281,0.244366064667702,0.0550562590360641,0.000712149019818753,0.0103976670652628,0,0.42868772149086,0.00166746089234948,0.25893759727478,86166.3515625,NA,33.2593624717392
"HR048",6.23866701126099,15.7943801879883,28.0416259765625,17.0561962127686,21.8029594421387,2.0195517539978,2.26388621330261,1.37117266654968,2.18760466575623,78.9592971801758,64.6121597290039,53.4192047119141,72.9152755737305,0.284704089164734,0.0478238351643085,0.000682206300552934,0.00753028132021427,0,0.33361428976059,0,0.325645297765732,44649.59375,NA,22.7786838812218
"HR049",6.71893119812012,15.9150066375732,28.3477382659912,17.4174728393555,21.6288070678711,2.08926701545715,2.50575685501099,1.42703294754028,2.30482649803162,78.6167373657227,64.9992141723633,53.9265747070312,72.615348815918,0.276126533746719,0.0595018714666367,0.000813919177744538,0.00960627850145102,0,0.46559527516365,0.00864935759454966,0.179704234004021,59433.3828125,NA,32.4847248437682
"HR04A",6.93696784973145,16.0457592010498,28.4311714172363,17.496675491333,21.4942035675049,2.06506252288818,2.47909665107727,1.41787993907928,2.2431628704071,78.4777603149414,64.8854370117188,53.755931854248,72.5818405151367,0.306175857782364,0.0636187419295311,0.00062660698313266,0.0120137725025415,0,0.450954496860504,0,0.166610509157181,76104.765625,NA,37.8617271020631
"HR04B",6.91610860824585,16.2663173675537,28.3377723693848,17.2880935668945,21.4216651916504,1.80053913593292,2.0424177646637,1.24574935436249,1.77195703983307,78.6740188598633,64.0021133422852,52.524845123291,72.4342193603516,0.398198246955872,0.0606481097638607,0.0024848475586623,0.017895894125104,0,0.255800098180771,0,0.264972776174545,218618.65625,NA,53.3658492668199
"HR04C",7.30963182449341,16.4999256134033,28.7951354980469,17.6934814453125,21.4855041503906,1.83241236209869,2.21033000946045,1.301100730896,1.77734899520874,78.406982421875,63.7000846862793,51.9426689147949,71.342041015625,0.482710003852844,0.0859539806842804,0.000694333051797003,0.0155385136604309,0,0.213753208518028,0,0.201275244355202,138621.5625,NA,58.2258117240471
"HR04D",5.38435840606689,14.3863096237183,26.32080078125,16.344409942627,20.9364433288574,3.54750633239746,3.40247893333435,1.98054921627045,4.43018865585327,80.6491165161133,70.3665771484375,60.9730911254883,76.9115600585938,0.110459715127945,0.0426324531435966,0.00124565814621747,0.0138606699183583,1.07588861958843e-19,0,0.830731391906738,0,156178.234375,NA,43.0411643674283
"HR04E",6.92199945449829,16.0302124023438,28.2265682220459,17.5114135742188,21.3045673370361,2.55163741111755,2.85974621772766,1.61837458610535,2.94473361968994,78.6405868530273,66.868408203125,55.7556343078613,74.0820846557617,0.187817275524139,0.0477501191198826,0.0017545671435073,0.00946865882724524,1.96020818698198e-20,0.0692224651575089,0.656354367733002,0.0276019610464573,187268.625,NA,42.0172024393647
"HU110",5.98744821548462,15.2724142074585,27.2960453033447,16.1270694732666,21.3085956573486,1.45136868953705,1.4842381477356,1.49829745292664,1.35071730613708,78.9717102050781,62.2328453063965,52.8214721679688,71.9750671386719,0.369684278964996,0.0473578982055187,0.00136385869700462,0.07672980427742,0,4.91077756237246e-08,0,0.50470507144928,259267,NA,495.683264440285
"HU120",6.05609607696533,15.3142509460449,27.3561573028564,16.1712226867676,21.3000602722168,1.42665481567383,1.49142146110535,1.46898555755615,1.33691573143005,78.918830871582,62.0591049194336,52.4387626647949,71.6169052124023,0.428928256034851,0.0564867071807384,0.00112207571510226,0.0485308282077312,0,3.81582481168152e-08,0.00483503891155124,0.459866672754288,1842162,NA,288.89079262928
"HU211",6.4840292930603,15.6654586791992,27.7165050506592,16.4992427825928,21.2324752807617,1.42909610271454,1.48265385627747,1.50455570220947,1.42176747322083,79.0028228759766,63.2882843017578,53.8272438049316,72.9255523681641,0.508691132068634,0.0531865544617176,2.5494988221908e-05,0.0279375109821558,0,2.33244801250976e-08,0,0.397021651268005,488439.34375,NA,111.956784076937
"HU212",6.0938606262207,15.1893043518066,27.2156829833984,16.0533084869385,21.1218223571777,1.58604753017426,1.56031858921051,1.51100969314575,1.44900178909302,78.9285049438477,63.3060264587402,53.6477508544922,72.299201965332,0.452254414558411,0.091863676905632,0.00013570292503573,0.0307601969689131,0,3.27809175360017e-08,0,0.422371715307236,254904.5625,NA,113.589502764975
"HU213",6.60671377182007,15.6879224777222,27.7396011352539,16.7064609527588,21.1328887939453,1.58923888206482,1.75311040878296,1.68907248973846,1.7239648103714,78.6206893920898,63.7635955810547,53.5374374389648,72.6723785400391,0.394324749708176,0.0535930879414082,0.00151458266191185,0.01737080514431,0,4.33905498198328e-08,0,0.506221294403076,252874.65625,NA,57.462548490586
"HU221",6.56503677368164,15.6149644851685,27.6844520568848,16.6399307250977,21.1194171905518,1.49795091152191,1.69996738433838,1.55349767208099,1.58720719814301,77.2560882568359,62.8097686767578,51.3406448364258,70.8831100463867,0.483445703983307,0.101016759872437,0.00195078656543046,0.016853092238307,0,5.068014797871e-05,0,0.386508107185364,369257.1875,NA,87.3918754567885
"HU222",6.53559637069702,15.4405908584595,27.4107761383057,16.5453395843506,20.8751792907715,1.40574371814728,1.83515822887421,1.96997618675232,1.86755275726318,77.0434417724609,63.1762428283691,53.0437469482422,72.6786575317383,0.459883958101273,0.0828022286295891,6.07434121775441e-05,0.017710704356432,1.94172800071511e-31,2.4470294235357e-08,0.0833368673920631,0.356205493211746,224315.703125,NA,67.1045960382075
"HU223",6.96523284912109,15.9996538162231,27.9464435577393,17.0386829376221,20.9812107086182,1.55929327011108,1.81363880634308,1.86307370662689,1.98783493041992,77.3359146118164,63.0042877197266,53.5921096801758,72.7470932006836,0.315487533807755,0.0702631250023842,0.00144205300603062,0.0174935031682253,0,0.0252880584448576,0.0218354798853397,0.531098425388336,185387.625,NA,49.1790053987243
"HU231",6.7557110786438,16.046516418457,28.1325855255127,17.0354652404785,21.3768730163574,1.71839880943298,1.87929034233093,1.5235960483551,1.82696151733398,78.6259078979492,63.4824485778809,53.2428550720215,72.8392868041992,0.425697892904282,0.0549441836774349,0.00101321749389172,0.0213011428713799,0,0.0975890681147575,0,0.39945450425148,294480,NA,65.8573453307921
"HU232",6.88069152832031,16.0584983825684,28.0824890136719,17.1131439208984,21.2017974853516,1.70704340934753,1.80846655368805,1.66877627372742,1.9632465839386,78.2752990722656,63.1472969055176,53.0218238830566,72.3887481689453,0.378854393959045,0.0522451624274254,0.0012093405239284,0.0149733172729611,0,0.015878789126873,0,0.495383620262146,247693.578125,NA,40.760386378641
"HU233",6.74782657623291,15.9243774414062,28.0161514282227,16.8177814483643,21.2683258056641,1.46313869953156,1.54721689224243,1.59638154506683,1.59026861190796,78.681510925293,63.0367889404297,53.7486419677734,72.8916168212891,0.538426220417023,0.0536692664027214,0.000353531067958102,0.0221498310565948,0,1.82289703332117e-08,0,0.373038917779922,256427.5,NA,69.5675222596636
"HU311",6.12346458435059,15.0816040039062,27.0574531555176,15.800048828125,20.933988571167,1.40304911136627,1.74921536445618,1.49717998504639,1.31631660461426,77.5957870483398,61.0763397216797,49.2103424072266,70.3685913085938,0.376956909894943,0.0705346837639809,0.000294732628390193,0.0237477961927652,2.53263749527832e-07,3.77661191208745e-09,0.406241893768311,0.120017603039742,620328.25,NA,85.3546074009378
"HU312",6.28490972518921,15.2188997268677,27.1272964477539,15.8979444503784,20.8423862457275,1.41965901851654,1.60621118545532,1.4653594493866,1.2891389131546,78.2433700561523,61.5736846923828,51.0402069091797,71.0693435668945,0.44621154665947,0.0655291527509689,0.000178060552570969,0.0220570024102926,0,2.64167319130593e-08,0.0823257341980934,0.382447689771652,273158.3125,NA,75.7057894660753
"HU313",5.23975706100464,14.3361282348633,26.4322185516357,15.4122953414917,21.1924629211426,1.62274408340454,1.72566676139832,1.55993545055389,1.4347585439682,79.2336349487305,63.7683792114258,54.9509811401367,73.474723815918,0.348877936601639,0.0745841637253761,0.000197285175090656,0.0432887263596058,0,2.62989559018934e-08,0.255280166864395,0.277771681547165,547241,NA,217.731502447245
"HU321",7.05464696884155,16.1385135650635,27.8897228240967,16.5422515869141,20.835075378418,1.33416163921356,1.61605310440063,1.44217669963837,1.21751093864441,77.6694641113281,60.6989517211914,48.4093055725098,68.7133865356445,0.527402758598328,0.0745014473795891,0.0025394163094461,0.020630257204175,0,0.0185382775962353,0,0.355956673622131,608550.9375,NA,98.6495829939906
"HU322",7.1515851020813,16.1467952728271,28.0118656158447,16.6840438842773,20.860279083252,1.27597498893738,1.47392570972443,1.32247138023376,1.17155385017395,78.124870300293,60.7748260498047,48.1381721496582,69.026008605957,0.579820215702057,0.0635332390666008,0.00281204655766487,0.0158498454838991,0,1.02460733231169e-08,0,0.336059927940369,327783.71875,NA,59.058902065838
"HU323",6.59243774414062,15.9628953933716,27.664213180542,16.3214168548584,21.07177734375,1.57463896274567,1.77705705165863,1.38686454296112,1.3187974691391,77.4180755615234,60.5362510681152,48.525505065918,68.5392684936523,0.534639298915863,0.0839939564466476,0.000209474339499138,0.0175044592469931,6.77433354212553e-06,0.023554528132081,0.105547644197941,0.2345310151577,534131.5,NA,89.975011308824
"HU331",6.82206916809082,16.1255970001221,28.2652778625488,17.0371074676514,21.4432067871094,1.34926497936249,1.47733306884766,1.48220765590668,1.40449500083923,78.8018417358398,61.8831939697266,51.7341957092285,71.5092926025391,0.524726092815399,0.0676456168293953,0.006483462639153,0.0207132026553154,0,0.00484919501468539,0,0.375578165054321,583080.625,NA,69.2053725430297
"HU332",7.65014553070068,16.498420715332,28.4390354156494,17.088565826416,20.7888889312744,1.32672071456909,1.58269429206848,1.42225515842438,1.24236118793488,78.3952941894531,62.1397514343262,49.825325012207,69.2986221313477,0.626543939113617,0.0824746489524841,0.00589145440608263,0.013998894020915,0,0.0119752828031778,0,0.25892236828804,289058.53125,NA,51.082143250638
"HU333",7.74010515213013,16.6998538970947,28.774866104126,17.3978137969971,21.034761428833,1.3018411397934,1.48941385746002,1.34234619140625,1.23211145401001,78.3740844726562,61.7077980041504,49.2180480957031,69.70654296875,0.618103563785553,0.0858450829982758,0.00524591654539108,0.0177363976836205,0,0.00606758613139391,0,0.267001539468765,338748.59375,NA,79.7517753152094
"IEG11582",7.50403594970703,10.1773805618286,18.6074504852295,14.4490203857422,11.1034145355225,3.47128558158875,2.49213790893555,1.8586562871933,3.46741533279419,86.6994476318359,79.4806594848633,77.3120727539062,86.2102966308594,0.373563855886459,0.483275055885315,5.5243671859273e-09,0.0154392449185252,0,0,0.0120200412347913,0.107393227517605,65743.609375,NA,72.904648627037
"IEG11583",6.70784282684326,9.79404735565186,18.0484809875488,13.7123937606812,11.3406381607056,3.87100791931152,2.5497305393219,2.11605668067932,3.8412811756134,87.0588912963867,80.3989944458008,79.3091812133789,86.7492065429688,0.101873226463795,0.648623406887054,0.0169476382434368,0.0121512785553932,1.18502958639487e-13,0,0.211938977241516,0,93617.0625,NA,49.248990329387
"IEG11584",7.4836015701294,10.3523015975952,18.372465133667,14.5437994003296,10.8888626098633,4.58803415298462,2.7195098400116,2.24629592895508,4.67970132827759,86.5365219116211,80.3227233886719,79.8358306884766,85.9666442871094,0.111512809991837,0.55824226140976,0.000499080109875649,0.0132359899580479,4.10557742316908e-12,0,0.230122327804565,0,220054.84375,NA,68.1525423721385
"IEG11585",7.79375171661377,10.1761741638184,18.0975513458252,14.6280632019043,10.3037986755371,5.50187206268311,3.3113443851471,2.37750673294067,4.89509344100952,88.0752410888672,82.3558959960938,81.9502868652344,87.6945953369141,0.162109687924385,0.515610933303833,0.0114473756402731,0.00551020493730903,1.91986617575912e-13,0,0.228040590882301,0,289483.59375,NA,39.6117509904009
"IEG11586",6.30203342437744,8.85519218444824,16.6256237030029,13.1688280105591,10.3235912322998,4.91294050216675,2.81743764877319,2.69391775131226,5.13354921340942,85.9906845092773,81.8959884643555,83.0082626342773,86.3235855102539,0.0983354300260544,0.28663969039917,0.0233621578663588,0.0111783826723695,2.218090450624e-14,0,0.325748324394226,0.0424612537026405,146999.875,NA,30.4347399989235
"IEG11587",7.47698402404785,10.113431930542,18.616117477417,14.4489097595215,11.1391344070435,3.63047575950623,2.67240524291992,1.93437898159027,3.64712309837341,85.5518264770508,79.5444641113281,77.6828155517578,85.314208984375,0.143431901931763,0.158246457576752,4.81606843294458e-09,0.157433584332466,0,0,0.365528345108032,0,909705.875,NA,981.038942006918
"IEG11588",7.20316934585571,10.143515586853,18.1322116851807,14.1579580307007,10.9290428161621,4.40671300888062,2.74491477012634,2.22632551193237,4.59468269348145,86.8492050170898,80.1503448486328,79.5291061401367,86.0816192626953,0.131277516484261,0.484436631202698,0.0030593026895076,0.0100456895306706,2.20651893024365e-13,0,0.296845316886902,0,235906.53125,NA,40.0604938115025
"IEG11589",7.98290824890137,10.2373905181885,17.9207344055176,14.7595205307007,9.9378252029419,6.244948387146,3.69324803352356,2.74897646903992,5.77096509933472,87.493522644043,81.9712448120117,82.0504150390625,87.2598495483398,0.111549697816372,0.410946279764175,0.0121601801365614,0.0052865999750793,3.3762818929528e-12,0,0.315335899591446,0,117384.125,NA,31.3997729596565
"IEG11590",7.53268003463745,10.4683799743652,18.9039344787598,14.496036529541,11.3712530136108,3.16029286384583,2.31103706359863,1.83109939098358,3.21572160720825,86.3516387939453,78.6633987426758,76.5075607299805,85.7054290771484,0.242485344409943,0.525901198387146,5.20679366289301e-09,0.0367438495159149,0,0,0.180560231208801,0.0131829585880041,280201.5,NA,166.290641489704
"IEG11591",7.5391902923584,10.3259258270264,18.7224349975586,14.3987131118774,11.1832447052002,3.36587405204773,2.42150282859802,1.82848227024078,3.39244318008423,86.2627563476562,79.7264785766602,77.9279098510742,85.9830093383789,0.169567435979843,0.58604097366333,4.14867118436746e-09,0.0116068730130792,1.10145752111115e-13,0,0.131919696927071,0.00322516518644989,124852.796875,NA,60.2561539580224
"IEG11592",7.35965442657471,10.2997303009033,18.7036285400391,14.2302846908569,11.3439741134644,3.21577095985413,2.29605197906494,1.80906474590302,3.23065543174744,86.6642150878906,79.1757202148438,77.3025741577148,86.1124954223633,0.171507969498634,0.60615074634552,5.61553115119295e-09,0.0137609681114554,2.08780746597387e-13,0,0.203283131122589,0.00457794684916735,107193.5546875,NA,62.8427875040452
"IEG11593",6.21456575393677,9.25191307067871,17.3129024505615,13.3188247680664,11.0983381271362,4.25925064086914,2.65032982826233,2.3326997756958,4.42239189147949,88.2268829345703,81.8635482788086,81.7663192749023,87.8907318115234,0.169716134667397,0.46883237361908,0.0361702293157578,0.00636487593874335,7.27886392652699e-13,0,0.286928176879883,0,54833.515625,NA,34.2564792498307
"IEG11594",7.50685119628906,10.2580499649048,18.3780307769775,14.5576906204224,10.8711786270142,4.47769403457642,2.73947930335999,2.13697004318237,4.55481433868408,87.7162857055664,81.1627502441406,80.1399459838867,87.02587890625,0.123896673321724,0.626211285591125,0.00198966427706182,0.00929239299148321,1.08499537479489e-12,0,0.221024930477142,0,167835.015625,NA,62.4120252427567
"IEG11595",7.1416130065918,10.2519817352295,18.54612159729,14.05322265625,11.4045095443726,3.58264899253845,2.47754311561584,1.90586996078491,3.54232096672058,86.8767395019531,79.3736877441406,78.0036468505859,86.3488311767578,0.0999155268073082,0.661257266998291,1.67229996517193e-09,0.00871658604592085,2.25531550900049e-12,0,0.218206569552422,0,39878.37109375,NA,37.0471223136217
"IEG11596",6.8151683807373,9.78989124298096,18.1794261932373,13.8733692169189,11.3642568588257,3.13751363754272,2.22007036209106,1.91909170150757,3.42555451393127,85.7857284545898,79.9112014770508,78.6064834594727,85.6704025268555,0.154661625623703,0.646628201007843,4.6356349869825e-09,0.0225881822407246,0,0,0.161730617284775,0,58219.2421875,NA,69.8326939482723
"IEG11597",7.0516619682312,9.68020820617676,17.2772598266602,13.8690185546875,10.2255964279175,5.17258453369141,2.98173952102661,2.41527009010315,5.26492071151733,86.0381240844727,81.2746200561523,82.0792770385742,85.9239883422852,0.153504386544228,0.280593037605286,0.00686638196930289,0.00544363586232066,1.85364608861968e-13,0,0.350227624177933,0,113973.359375,NA,21.0671359520738
"IEG11598",7.3128604888916,10.3888578414917,18.794750213623,14.2824602127075,11.4818897247314,3.13091826438904,2.29602646827698,1.86924803256989,3.23303079605103,85.9426651000977,78.5557479858398,76.5999984741211,85.3611145019531,0.215886250138283,0.592653632164001,8.53229398245503e-09,0.0260485447943211,0,0,0.157078370451927,0,326291.5625,NA,140.482952444925
"IEG11599",6.47079372406006,9.50836563110352,17.7931251525879,13.5509834289551,11.3223304748535,3.3401939868927,2.19622659683228,1.92896485328674,3.57169556617737,86.9815292358398,81.1265335083008,80.1488876342773,86.8768615722656,0.0736922025680542,0.74012941122055,8.00798982680817e-09,0.0133690321817994,9.28375886690005e-27,0,0.172809392213821,0,79016.0625,NA,61.9834000744918
"IEG11600",8.13140106201172,10.1442079544067,17.5504951477051,14.6885738372803,9.41909408569336,7.63682556152344,4.56760311126709,3.32355546951294,6.37801599502563,88.0441207885742,82.998664855957,84.1933441162109,88.1325607299805,0.121196568012238,0.117606192827225,0.0445607341825962,0.00129269657190889,7.14905633064818e-14,0,0.466926485300064,0,0.794512569904327,NA,8.74975919756925
"IEG11601",7.41863632202148,10.3912391662598,18.7269649505615,14.2436599731445,11.3083295822144,3.21568846702576,2.25155925750732,1.86565458774567,3.2187705039978,86.3253021240234,78.6672973632812,76.9709854125977,85.7172775268555,0.143942818045616,0.552501082420349,4.02244060282442e-09,0.0168527569621801,8.76813541477589e-14,0,0.282885819673538,0,120404.0078125,NA,60.3211335190285
"IEG11602",6.90442800521851,9.96793937683105,18.0637531280518,13.9006071090698,11.1593255996704,3.81979012489319,2.51895475387573,1.99290108680725,4.08893823623657,87.6582870483398,80.3959655761719,79.5047454833984,86.7461700439453,0.124828390777111,0.625459313392639,0.00231521646492183,0.00574675528332591,9.86684367022816e-13,0,0.236104264855385,0,74393.234375,NA,29.3883653547182
"IEG11603",6.32325077056885,9.19125938415527,16.9815788269043,13.3758220672607,10.6583280563354,4.21042203903198,2.47309017181396,2.28652834892273,4.60320234298706,87.7184753417969,82.4953002929688,83.2568664550781,87.4932174682617,0.114972621202469,0.339127451181412,0.0270009469240904,0.00225114426575601,1.53975085719765e-13,0,0.268974632024765,0,46177.015625,NA,24.846806842373
"IEG11604",7.31584358215332,10.1070127487183,18.4410152435303,14.2395849227905,11.1251707077026,3.84627103805542,2.58284687995911,2.02056431770325,3.8964855670929,87.5331497192383,80.5729446411133,78.9819030761719,86.8709869384766,0.129867538809776,0.627245783805847,0.00176647386979312,0.0075531336478889,3.48642745532854e-13,0,0.215021252632141,0,170911.921875,NA,39.9196816242284
"IEG11605",7.65762042999268,10.2774629592896,18.6247081756592,14.4805564880371,10.9670867919922,3.89389514923096,2.72249674797058,2.0379843711853,3.82871055603027,85.9824066162109,80.2954559326172,78.6652069091797,85.9112091064453,0.164165928959846,0.517444252967834,0.000806902535259724,0.0123097393661737,3.73562705562828e-14,0,0.191720008850098,0,92325.609375,NA,50.431508573164
"IEG11606",7.27886867523193,10.3786525726318,18.6824913024902,14.1678495407104,11.4036226272583,3.32218146324158,2.33948993682861,1.91390419006348,3.3168363571167,86.378662109375,78.8605575561523,77.2712173461914,85.8377227783203,0.106131754815578,0.633573591709137,8.24346813033117e-09,0.0145257757976651,3.28178836103005e-13,0,0.2408027946949,0,104600.6484375,NA,57.8400366343374
"IEG11607",8.14189720153809,10.5310802459717,18.8336181640625,15.0144090652466,10.6917219161987,3.67503499984741,2.58990597724915,1.953449010849,3.68130230903625,84.6582794189453,79.7258987426758,78.2846298217773,84.7390823364258,0.262637048959732,0.352552264928818,0.000661184487398714,0.00938109867274761,1.63591337691045e-16,0,0.0800535678863525,0.0225612819194794,102535.796875,NA,43.8484129088132
"IEG11608",7.68770790100098,10.2665824890137,18.6977043151855,14.6491346359253,11.0099964141846,3.62324380874634,2.65285110473633,1.97364807128906,3.67349910736084,85.9235610961914,79.574333190918,77.61083984375,85.6320724487305,0.214478582143784,0.327773123979568,0.000818674277979881,0.0677526667714119,0,0,0.212335363030434,0.0211801454424858,1031164.25,NA,510.126551407109
"ITC11",5.2044038772583,12.3895883560181,24.1793212890625,15.0912456512451,18.9749164581299,1.71743285655975,2.81979846954346,1.92592489719391,1.95348155498505,67.1271133422852,65.4671859741211,56.4209213256836,70.5101165771484,0.185467004776001,0.0973330065608025,0.0467489697039127,0.0630726218223572,6.03222154921979e-28,0,0.597731232643127,0,2112302.75,NA,308.488999135313
"ITC12",6.81580448150635,15.1738739013672,26.7708301544189,16.9726581573486,19.9550247192383,2.01670598983765,3.14162349700928,2.08022665977478,2.6589789390564,70.5244445800781,65.3672943115234,57.3566513061523,72.4854125976562,0.359216511249542,0.0885007381439209,0.0114414552226663,0.057739395648241,0,0,0.47183820605278,0,225261.40625,NA,110.299399866679
"ITC13",5.62252712249756,13.4286575317383,24.8950538635254,15.4504432678223,19.2725257873535,2.10175108909607,3.44736576080322,2.39599132537842,2.92298746109009,67.4008483886719,65.6432037353516,59.008472442627,71.9952239990234,0.18014957010746,0.0926296561956406,0.0221188049763441,0.0702005624771118,0,0,0.613914906978607,0,103505.4609375,NA,115.002710589468
"ITC14",3.01036763191223,9.4796781539917,20.347240447998,12.0993967056274,17.3368740081787,3.51195693016052,6.32350158691406,3.2906858921051,4.86859226226807,68.6718368530273,68.3418960571289,61.6894264221191,74.043342590332,0.0502837151288986,0.0793564915657043,0.0953610986471176,0.0601290762424469,2.78954879157028e-23,0,0.683121800422668,0,262538.5625,NA,117.050219159639
"ITC15",7.37046432495117,15.8968067169189,27.5329723358154,17.5610694885254,20.1625061035156,2.30589556694031,3.53567123413086,2.44588613510132,3.39064693450928,72.1992950439453,64.230094909668,55.7231178283691,72.82666015625,0.315451711416245,0.0498350448906422,0.00307891797274351,0.0883972272276878,1.28686096918686e-22,0,0.518642365932465,0,511092.1875,NA,375.933990790346
"ITC16",7.24147605895996,13.9552717208862,25.6927661895752,17.0290088653564,18.4512920379639,2.04564619064331,2.75695466995239,1.77456164360046,2.47100496292114,69.8970947265625,67.1582717895508,59.1422157287598,72.0458526611328,0.216072797775269,0.09377471357584,0.057723019272089,0.0316446423530579,1.33713460417335e-30,0,0.426623553037643,0.161109581589699,641966.8125,NA,93.8668329519455
"ITC17",8.54758071899414,17.0370101928711,28.6938228607178,18.9693202972412,20.1462421417236,1.75899195671082,2.26325440406799,1.25192868709564,2.2530665397644,75.2401351928711,66.7441329956055,56.6463165283203,73.7796173095703,0.431021898984909,0.129860669374466,1.10461828572994e-09,0.0629540234804153,0,0,0.375963538885117,0,232965.65625,NA,152.390904260727
"ITC18",8.49586582183838,16.3259544372559,27.8167819976807,18.5559024810791,19.320915222168,2.4678008556366,2.33907437324524,1.19756722450256,3.06006741523743,75.2089385986328,66.780891418457,55.8509788513184,73.9996185302734,0.416111081838608,0.0841808021068573,0.000183966898475774,0.0616618804633617,0,0,0.436839401721954,0,465048.0625,NA,131.211442300508
"ITC20",0.667737066745758,6.27412748336792,17.6523208618164,9.75885963439941,16.9845848083496,2.81345629692078,3.06314086914062,2.17339539527893,2.26917552947998,65.355110168457,67.8171691894531,60.0996437072754,71.3706207275391,0.0194330140948296,0.145317107439041,0.0727415606379509,0.0228100959211588,2.62885924512639e-26,0,0.662684559822083,0,103987.7578125,NA,32.0976281552199
"ITC31",7.57102489471436,13.7747945785522,25.4011631011963,17.1722068786621,17.8301391601562,2.2569272518158,2.79709243774414,1.79101872444153,2.77826690673828,71.1406326293945,68.5278396606445,61.9961090087891,73.2353668212891,0.127111285924911,0.105149731040001,0.0516522526741028,0.028768066316843,0,0,0.0285474564880133,0.648785769939423,24198.30078125,NA,20.8870328552365
"ITC32",9.97946262359619,16.3245315551758,27.5889377593994,19.3828163146973,17.6094741821289,2.57970857620239,2.48223948478699,0.916724324226379,2.83078765869141,71.7035827636719,70.9834594726562,65.8478469848633,75.2822494506836,0.0304079800844193,0.0461976565420628,3.01483651128365e-05,0.0764400959014893,0,0,0.628656208515167,0.000378673925297335,133167.046875,NA,85.9258931095476
"ITC33",7.67528104782104,14.7022113800049,26.016508102417,17.369010925293,18.3412265777588,3.00434041023254,2.50030422210693,1.24267148971558,3.75246024131775,75.0340805053711,67.5871505737305,57.2359886169434,74.9347457885742,0.260130435228348,0.0697332695126534,0.00102175143547356,0.0676010325551033,0,0,0.589774131774902,0,62245.8515625,NA,33.5094208462897
"ITC34",10.0484714508057,15.8816318511963,27.1245613098145,19.1680011749268,17.0760898590088,4.7188777923584,3.29252743721008,1.32016956806183,5.1330680847168,74.3067855834961,70.9093246459961,63.2409057617188,76.5482788085938,0.0260434038937092,0.0176925323903561,0.000735100649762899,0.0768617615103722,0,0,0.61947101354599,0.0273125935345888,96444.3828125,NA,111.345956319195
"ITC41",7.04072380065918,15.4472494125366,26.9480094909668,17.0168361663818,19.907283782959,2.63181567192078,4.43882274627686,3.28696894645691,4.38469409942627,72.9972915649414,63.625602722168,55.9345207214355,73.4465637207031,0.148499831557274,0.0285900793969631,0.00674459617584944,0.126126334071159,3.49231499531728e-22,0,0.624296188354492,0,842548.8125,NA,712.008576129906
"ITC42",5.40785503387451,13.051365852356,24.1582927703857,15.068320274353,18.7504386901855,2.63590526580811,4.46432542800903,3.52321815490723,4.33577871322632,71.5539474487305,65.1943969726562,57.7732048034668,73.8663482666016,0.0762305930256844,0.0518089756369591,0.0363449268043041,0.199656188488007,3.16236697973263e-23,0,0.591047286987305,0,1131781.125,NA,886.68492231812
"ITC43",5.89963579177856,13.792911529541,24.9746341705322,15.6774997711182,19.0749988555908,2.561448097229,4.21717166900635,3.4293520450592,4.2212061882019,71.6288681030273,64.9820938110352,57.4954376220703,73.8641738891602,0.0811915770173073,0.0440166480839252,0.0277901943773031,0.237007215619087,3.72129232395463e-31,0,0.566887080669403,0,846894.3125,NA,1059.52723882347
"ITC44",-0.514664113521576,4.6573166847229,15.3099184036255,8.24667167663574,15.8245830535889,2.71404433250427,4.68826341629028,3.10229706764221,3.96702194213867,68.2861175537109,68.4908981323242,62.5093421936035,73.6991348266602,0.0164997205138206,0.114641793072224,0.123898923397064,0.0308063495904207,7.92751912217034e-36,0,0.685565233230591,0,133129.140625,NA,41.5760822590768
"ITC46",4.98956966400146,13.1545171737671,24.551420211792,15.138521194458,19.5618495941162,2.39595985412598,3.70695948600769,3.06730437278748,3.64806222915649,70.6023864746094,67.5049285888672,60.716495513916,74.9635467529297,0.179031446576118,0.0829332396388054,0.0189937893301249,0.12037268280983,7.66127267654075e-33,0,0.591716587543488,0,1390810.875,NA,503.659949866683
"ITC47",4.25723886489868,12.1513290405273,23.8656101226807,14.4997358322144,19.6083717346191,2.46601057052612,3.40987730026245,2.74361515045166,3.54799032211304,72.8581237792969,67.7681198120117,58.949333190918,74.0109252929688,0.227546781301498,0.0901218801736832,0.0284639205783606,0.0688682794570923,0,0,0.557058393955231,0,1164447.875,NA,245.226578389936
"ITC48",7.95679235458374,16.498291015625,28.2750225067139,18.4422283172607,20.318229675293,2.3040714263916,2.50876259803772,1.50640511512756,2.88273739814758,75.8735198974609,64.5468139648438,52.700626373291,73.3408508300781,0.500178217887878,0.0564910545945168,0.000363966741133481,0.0859638005495071,0,0,0.354270547628403,0,1469262.625,NA,491.006492531722
"ITC49",8.10404777526855,17.524845123291,29.4655780792236,19.1232070922852,21.3615303039551,2.17927670478821,2.30362033843994,1.59964537620544,2.52789664268494,76.7753524780273,64.4120788574219,52.220401763916,73.4963073730469,0.587910771369934,0.0885961353778839,1.32264366126122e-09,0.0858932510018349,0,0,0.233435347676277,0,410599.21875,NA,521.167690546801
"ITC4A",7.91684913635254,17.5671825408936,29.7714061737061,19.197566986084,21.8545551300049,2.2871208190918,2.34864258766174,1.69758021831512,2.70345568656921,77.3758316040039,65.194938659668,52.3793830871582,73.2928924560547,0.623109817504883,0.0908116027712822,9.47548323892988e-06,0.0500825792551041,0,2.84732937633616e-17,0.220791846513748,0.0117623591795564,458947.875,NA,259.044818853785
"ITC4B",7.68484592437744,17.5099754333496,29.9303455352783,19.1302833557129,22.2454986572266,2.05006384849548,2.15741682052612,1.63786828517914,2.57687950134277,77.6696090698242,65.4839477539062,51.2141265869141,72.163330078125,0.559475302696228,0.08705785125494,0.00220135366544127,0.0643227323889732,0,6.58277445222967e-18,0.21834334731102,0.0448935925960541,766226,NA,331.197516506061
"ITC4C",7.92467641830444,16.8097324371338,28.5646667480469,18.4272918701172,20.6399898529053,2.21942210197449,2.96513891220093,2.17530298233032,3.15646076202393,74.7707290649414,63.7391166687012,53.0258941650391,73.104133605957,0.398517370223999,0.0421305820345879,0.00050760485464707,0.158104732632637,5.62098735938525e-23,0,0.377306133508682,0,1419960,NA,916.711109097621
"ITC4D",7.44007968902588,16.0505752563477,27.4751052856445,17.5316123962402,20.035026550293,2.39928221702576,3.67816209793091,3.2052857875824,4.00958681106567,72.267219543457,63.984806060791,56.2016563415527,73.7004241943359,0.102501593530178,0.0198977515101433,0.00173691834788769,0.310022950172424,5.17689969051289e-31,0,0.520084500312805,0,560469.875,NA,1428.92090745792
"ITF11",7.81686687469482,14.0366125106812,26.0560531616211,17.9274063110352,18.2391872406006,2.76070022583008,2.07589149475098,1.04445207118988,2.81059741973877,78.6287384033203,72.9412307739258,64.1097412109375,75.7918548583984,0.177762821316719,0.123593524098396,0.00526092341169715,0.0551808252930641,0,5.65159440649382e-15,0.364967375993729,0.270164579153061,332292.03125,NA,65.338193213218
"ITF12",8.13484954833984,14.6568145751953,26.8585414886475,18.3434448242188,18.7236938476562,2.35372996330261,1.90487384796143,1.19703018665314,2.51033997535706,76.911994934082,71.3576736450195,63.997200012207,74.7027816772461,0.367914527654648,0.0913206338882446,0.00156475813128054,0.0399687848985195,0,1.58196664259321e-16,0.00043072912376374,0.431449174880981,277374.0625,NA,143.760157053386
"ITF13",8.17570877075195,14.4945840835571,26.6338634490967,18.4212398529053,18.4581546783447,2.66937732696533,1.90235042572021,0.954932332038879,2.50975656509399,77.9559020996094,71.1080551147461,62.6238479614258,74.3258743286133,0.279940366744995,0.107667192816734,0.00549724511802197,0.0414245910942554,0,0,0,0.507146060466766,150077.453125,NA,124.050728606854
"ITF14",9.44461536407471,15.8489665985107,27.7310276031494,19.6578044891357,18.2864112854004,2.65331196784973,1.88635945320129,0.977919340133667,2.44048810005188,77.3936767578125,70.5965957641602,63.8623275756836,74.0955123901367,0.339963316917419,0.109166674315929,1.22479271169595e-09,0.0525633282959461,0,2.44257201270637e-11,0,0.410982608795166,340818.625,NA,130.34147993558
"ITF21",7.83963584899902,14.2618064880371,26.3287925720215,18.0020217895508,18.4891567230225,2.89490509033203,2.16096448898315,1.16955077648163,2.68621754646301,79.4309921264648,73.2470169067383,67.7880172729492,77.0497894287109,0.191472798585892,0.142248243093491,3.00577540635061e-09,0.0486322827637196,0,1.34756843270939e-12,0.00627658190205693,0.609956741333008,84981.9453125,NA,56.4570738014001
"ITF22",10.0317001342773,16.3968811035156,28.2668170928955,20.1260719299316,18.2351169586182,2.31546306610107,1.6992484331131,0.799411237239838,1.9993599653244,77.771110534668,69.7466583251953,61.334415435791,73.391242980957,0.500403225421906,0.154010191559792,1.41417585837189e-05,0.0315049290657043,0,1.53280388381916e-10,0,0.291695326566696,218848.484375,NA,74.1369784673116
"ITF31",11.0717430114746,17.1444892883301,28.5941467285156,20.9258422851562,17.522403717041,3.46469068527222,2.24696373939514,0.78033035993576,3.20006251335144,78.2917404174805,74.2725067138672,69.8962554931641,76.6094512939453,0.351653754711151,0.108732849359512,6.68578803431075e-10,0.0570245794951916,0,5.61718484226592e-11,0,0.400711894035339,607530,NA,226.843800320079
"ITF32",10.344202041626,16.5986080169678,28.3101711273193,20.4039039611816,17.9659690856934,3.03866481781006,2.14897799491882,0.830957412719727,2.37021946907043,80.0247421264648,72.0541458129883,62.998363494873,75.2100677490234,0.494557231664658,0.121575407683849,1.941437455244e-09,0.0410297252237797,0,0,0,0.342813402414322,259031.46875,NA,125.367675685643
"ITF33",10.7331418991089,16.4378528594971,27.9836883544922,20.4859218597412,17.2505474090576,3.36787629127502,2.24520993232727,0.676608562469482,2.97558546066284,76.3149719238281,72.2142715454102,67.1163024902344,73.5687255859375,0.131845340132713,0.03267902135849,5.25813038942946e-11,0.164447620511055,0,0,0,0.454116374254227,137767.625,NA,115.461783765713
"ITF34",9.78322124481201,15.8508253097534,27.5635089874268,19.7522220611572,17.7802867889404,2.77051091194153,1.86928594112396,0.729647636413574,2.23986339569092,78.4440841674805,70.7438735961914,61.8375091552734,73.3870620727539,0.400109678506851,0.107623733580112,1.02088881792639e-09,0.0659640952944756,0,0,0,0.369028925895691,529097.4375,NA,191.799992337163
"ITF35",10.0536909103394,15.7535343170166,27.2834854125977,19.8519306182861,17.2297973632812,3.2598934173584,1.97688698768616,0.692223489284515,2.67449545860291,78.8081817626953,72.5804672241211,66.2447814941406,74.9404602050781,0.205648928880692,0.0980691909790039,0.000711597793269902,0.0622038058936596,0,1.81501536022921e-10,0,0.515346527099609,713820.1875,NA,144.420352847657
"ITF43",11.8950643539429,17.6966857910156,29.2494220733643,21.6234073638916,17.3543586730957,2.51367402076721,1.53235030174255,0.5486781001091,1.87317848205566,76.1384887695312,68.7892684936523,58.6999473571777,72.1028060913086,0.37632405757904,0.239837139844894,2.28888397124649e-09,0.0472252406179905,0,2.75632382561091e-16,0,0.266389489173889,259064.6875,NA,105.69923164084
"ITF44",12.1053495407104,17.8306560516357,29.418155670166,21.7891502380371,17.3128070831299,2.54754829406738,1.53339028358459,0.532191693782806,1.94558608531952,76.1383666992188,69.4690093994141,59.7338333129883,72.5291900634766,0.339094907045364,0.224905252456665,1.82775456778472e-05,0.0530539490282536,0,0,0,0.272140234708786,62887.0625,NA,34.516829047177
"ITF45",13.6423664093018,18.9677505493164,30.5305328369141,23.0849189758301,16.8881664276123,2.75894260406494,1.44753193855286,0.461901664733887,2.37968158721924,74.2778854370117,70.1357650756836,60.2566871643066,72.228630065918,0.312003642320633,0.153528675436974,0.000696629227604717,0.0531207509338856,0,0,0,0.267100274562836,467371.84375,NA,169.777229640937
"ITF46",11.0658578872681,17.3675498962402,29.3538951873779,21.1356143951416,18.2880363464355,1.67276382446289,1.23198914527893,0.653191030025482,1.42693686485291,75.9251174926758,65.4219436645508,53.6118087768555,69.4826583862305,0.449457347393036,0.115423254668713,3.14919197990093e-05,0.0319081917405128,0,2.05541378188456e-12,0,0.290338069200516,467485.09375,NA,66.8061975790075
"ITF47",11.5835447311401,17.4724578857422,29.0337371826172,21.3958034515381,17.4501914978027,2.40721893310547,1.49567830562592,0.579187512397766,1.75980639457703,76.1430511474609,67.9871673583984,57.475284576416,71.2561950683594,0.413999766111374,0.231196150183678,2.24364260503762e-09,0.0403409935534,0,9.15690579222537e-16,0,0.253097802400589,387259.1875,NA,102.281197123151
"ITF48",12.0450448989868,18.0104293823242,29.6805801391602,21.9004650115967,17.6355381011963,2.16703414916992,1.28589534759521,0.591378450393677,1.45761239528656,74.6831665039062,66.4922637939453,56.9549674987793,69.4072113037109,0.304056912660599,0.200741365551949,3.84583520585124e-09,0.0416520200669765,0,3.00285329430487e-16,0,0.195606604218483,268677.125,NA,171.973538848484
"ITF51",9.11870956420898,15.1939744949341,26.8649616241455,19.1770496368408,17.7462520599365,2.52615833282471,1.59879434108734,0.739929437637329,1.93240094184875,79.1332092285156,70.0648345947266,60.0712013244629,72.8794326782227,0.358773767948151,0.135669007897377,0.000932445283979177,0.0439135953783989,0,1.69484898338013e-10,0,0.447899848222733,375726.625,NA,57.4388748516795
"ITF52",10.6040410995483,16.5265350341797,28.1314506530762,20.5673580169678,17.5274066925049,2.4862015247345,1.57145750522614,0.679042339324951,1.90647947788239,77.1468963623047,68.3677215576172,57.6252899169922,71.0317459106445,0.412561058998108,0.18207323551178,2.42512165904429e-09,0.0431562513113022,0,3.24522797523485e-10,0,0.360330790281296,124860.03125,NA,36.0481332101111
"ITF61",11.280535697937,16.3177680969238,27.6676216125488,20.6950397491455,16.3870830535889,4.0288233757019,1.82466125488281,0.64778459072113,3.25214266777039,79.2238464355469,74.4955291748047,70.3063659667969,75.7554473876953,0.203672617673874,0.0872143134474754,2.37338497299788e-07,0.0370511636137962,0,2.51481419022426e-10,0,0.63198971748352,405997.21875,NA,60.5324963086468
"ITF62",10.9507884979248,16.01296043396,27.6738300323486,20.5106010437012,16.7230415344238,4.17533683776855,1.88574838638306,0.495812892913818,3.38314652442932,78.5085144042969,72.2936401367188,66.0378494262695,75.2990264892578,0.176576778292656,0.097357265651226,5.99243094381863e-12,0.0290058497339487,0,0,0,0.693155825138092,38123.26953125,NA,21.3986280766652
"ITF63",12.3665447235107,17.0933418273926,28.3105888366699,21.7016353607178,15.9440450668335,4.46216726303101,1.96226525306702,0.56237381696701,3.35556507110596,79.1944046020508,76.3258438110352,73.3276977539062,77.0669097900391,0.167739689350128,0.103183083236217,1.8455262318362e-10,0.0349194817245007,0,1.22061416529817e-10,0,0.55214136838913,136628.171875,NA,56.8221329525607
"ITF64",13.5584154129028,18.0691814422607,29.0937843322754,22.7759666442871,15.5353689193726,4.56423616409302,1.96979534626007,0.536376953125,3.31497621536255,79.3065948486328,78.2460174560547,76.2037124633789,78.0400772094727,0.169489458203316,0.114333629608154,1.03161007514174e-10,0.0320717245340347,0,0,0,0.462197989225388,80369.609375,NA,69.9785192654433
"ITF65",14.1750602722168,18.5147228240967,29.5863876342773,23.2603912353516,15.4113292694092,3.35373973846436,1.46554160118103,0.316816866397858,2.67653846740723,79.0376205444336,76.3061447143555,72.0914764404297,77.5420913696289,0.0914449989795685,0.0498326979577541,1.01414243669495e-09,0.046456515789032,0,0,0,0.414983093738556,392063.125,NA,124.593219275847
"ITG11",15.183198928833,19.0488719940186,29.4497261047363,24.0443077087402,14.2665281295776,2.96952438354492,1.19713604450226,0.185723021626472,3.01988506317139,77.7887344360352,71.8691558837891,63.2120246887207,74.6199569702148,0.259672522544861,0,0.297820687294006,0.0301599446684122,0,4.36275373263289e-15,0,0.236134976148605,160420.8125,NA,64.3286108981501
"ITG12",13.2500877380371,17.2660503387451,28.4010124206543,22.2803115844727,15.1509237289429,3.15632915496826,1.53698813915253,0.355388522148132,2.80110859870911,81.6939849853516,73.1971130371094,61.6758346557617,76.1328811645508,0.482965111732483,0,0.241152793169022,0.023655978962779,0,3.66969655211285e-15,0,0.243484601378441,235980.203125,NA,46.6444829237473
"ITG13",12.2028179168701,16.474235534668,27.9250030517578,21.3590145111084,15.7221870422363,2.58585238456726,1.18259596824646,0.325858265161514,2.04089212417603,81.2457504272461,73.0089950561523,63.3286781311035,75.8462371826172,0.298328667879105,0.140753716230392,0.108170486986637,0.0423824936151505,0,1.46526249606007e-15,0,0.374466240406036,91657.5625,NA,27.5801131516306
"ITG14",14.3327808380127,18.2739448547363,29.197582244873,23.3352184295654,14.8648023605347,2.92537498474121,1.32899570465088,0.301754146814346,2.72739553451538,80.4228134155273,71.9169235229492,61.4558258056641,75.835807800293,0.40219834446907,0,0.193830698728561,0.0303334556519985,0,1.70532476232262e-15,0,0.186426609754562,252579.015625,NA,81.93540160514
"ITG15",14.1515579223633,18.2287883758545,29.3133373260498,23.2580032348633,15.1617813110352,2.54474854469299,1.08271396160126,0.28780660033226,2.1603524684906,80.5804824829102,71.5059051513672,61.0368194580078,75.8453750610352,0.433254331350327,0,0.214958012104034,0.0317622609436512,0,1.80497427103971e-15,0,0.20238932967186,193900.859375,NA,90.1734636945385
"ITG16",12.8570947647095,17.0654773712158,28.414213180542,22.0113315582275,15.5571184158325,2.50428295135498,1.11119186878204,0.30724710226059,1.97698271274567,81.1179733276367,72.1846466064453,61.7705497741699,75.7388305664062,0.37426620721817,0.0756436139345169,0.181148380041122,0.0356269739568233,0,1.73093829749376e-15,0,0.303705424070358,196537.578125,NA,75.6671884007703
"ITG17",13.3173389434814,17.619213104248,28.8604850769043,22.5459175109863,15.5431461334229,2.37706804275513,0.87747585773468,0.238926127552986,1.95315051078796,80.2102966308594,71.4990539550781,60.8916778564453,75.6564636230469,0.398079842329025,0.0974600985646248,0.15446075797081,0.0322200395166874,0,1.0281903189033e-15,0,0.308295220136642,217752.78125,NA,61.810029536867
"ITG18",15.0768337249756,19.0864639282227,30.0368156433105,24.1972923278809,14.9599838256836,2.45116472244263,0.720914363861084,0.137565314769745,2.09044885635376,79.1689834594727,71.8324737548828,61.3100929260254,76.4379806518555,0.344209164381027,0,0.127277478575706,0.029076524078846,0,5.93758290503562e-16,0,0.144279807806015,138418.203125,NA,87.4264776715405
"ITG19",14.5020084381104,18.7121162414551,29.7383193969727,23.7210025787354,15.236310005188,2.38570094108582,0.75560712814331,0.175855934619904,1.99545502662659,79.3658065795898,70.9852294921875,59.709831237793,75.8184432983398,0.440586566925049,0,0.204084426164627,0.0236871745437384,0,1.45522303805274e-15,0,0.200116902589798,74043.3828125,NA,34.0047733424186
"ITG25",12.7754917144775,16.9873638153076,28.076847076416,21.8879871368408,15.3013553619385,3.07231712341309,1.6131911277771,0.500088155269623,2.90317296981812,81.0046310424805,75.8746871948242,66.0171203613281,76.5621109008789,0.275751024484634,0.176241084933281,0.015010166913271,0.0133657241240144,0,1.75164743820844e-10,0,0.310667097568512,248504.3125,NA,57.7118439242136
"ITG26",11.303186416626,15.4136791229248,27.0669937133789,20.4662685394287,15.7638072967529,3.64360022544861,1.83439207077026,0.60554027557373,2.94844102859497,82.6481170654297,74.7515029907227,60.3266448974609,76.3252105712891,0.24963590502739,0.167645052075386,0.0203061774373055,0.0138402553275228,0,2.02280303618352e-10,0,0.547669291496277,93331.8046875,NA,23.6383572678722
"ITG27",13.0063381195068,17.1698207855225,28.2254085540771,22.2175312042236,15.2190713882446,2.92404675483704,1.37409627437592,0.385256379842758,2.41802287101746,80.4892959594727,73.3646926879883,60.8449935913086,75.3625640869141,0.173070415854454,0.067825935781002,0.038653276860714,0.0310349594801664,0,2.59990780989518e-16,0,0.530243277549744,403268.34375,NA,87.8628264125329
"ITG28",12.8385257720947,17.0250606536865,28.129940032959,21.9876270294189,15.2914123535156,3.1790771484375,1.58019590377808,0.471594721078873,2.85601234436035,81.6140213012695,75.2350234985352,63.3462371826172,75.8260650634766,0.381669610738754,0.206547528505325,0.0123190144076943,0.0151947811245918,0,2.9010946422936e-10,0,0.364165812730789,119296.53125,NA,38.9077323599514
"ITG29",11.1469020843506,15.2042722702026,26.7496967315674,20.1675891876221,15.6027946472168,3.47286558151245,1.87424921989441,0.603019058704376,3.17441082000732,81.4605865478516,74.6510543823242,63.1187400817871,76.7489318847656,0.178171083331108,0.141841411590576,0.0286525208503008,0.0138592189177871,0,7.41630284880343e-16,0,0.622246384620667,83134.28125,NA,24.6094816274006
"ITG2A",11.9515886306763,16.0046482086182,27.4001064300537,21.0683364868164,15.4485177993774,3.77096438407898,1.85626149177551,0.599019229412079,2.84401655197144,82.194709777832,74.2547760009766,59.2943840026855,76.0171966552734,0.197018533945084,0.117175899446011,0.0198280308395624,0.0187675897032022,0,2.72892715369455e-11,0,0.647209882736206,18840.693359375,NA,10.1389798784403
"ITG2B",13.0680770874023,17.26611328125,28.199535369873,22.2405586242676,15.1314573287964,2.79932475090027,1.33358597755432,0.360203295946121,2.5808207988739,80.9542083740234,74.463134765625,62.6706619262695,75.338493347168,0.351968169212341,0.162036016583443,0.0130237126722932,0.0214261654764414,0,3.45687976234322e-17,0,0.422090291976929,80097.2109375,NA,55.2990349243281
"ITG2C",12.9984006881714,17.3257751464844,28.1995964050293,22.3492546081543,15.2011957168579,2.31225609779358,1.03654706478119,0.249096661806107,2.25764727592468,80.9695358276367,73.4171981811523,61.1631393432617,75.4317169189453,0.252425968647003,0.127277731895447,0.0199526716023684,0.0257386490702629,0,0,0,0.556635022163391,72871.015625,NA,49.0819796920571
"ITH10",-0.708695471286774,5.32785177230835,16.2203903198242,8.53122997283936,16.929084777832,1.7863941192627,2.87639832496643,2.67705774307251,2.62520456314087,70.7105484008789,68.3417129516602,61.2104759216309,73.2638854980469,0.0242668353021145,0.12946705520153,0.0870673358440399,0.0201616361737251,1.71975205560965e-32,0,0.709592282772064,0,451803,NA,61.0463627855958
"ITH20",1.05551099777222,7.76602983474731,18.8699111938477,10.5668258666992,17.8143997192383,1.89696276187897,3.38117837905884,2.66283845901489,3.20450615882874,69.44873046875,67.3602523803711,60.7659301757812,72.7884674072266,0.0405441150069237,0.079040102660656,0.0348900370299816,0.0379029624164104,0,0,0.778019368648529,0,676788.625,NA,109.741298217015
"ITH31",6.23446941375732,15.3560552597046,27.4100933074951,17.1527976989746,21.1756229400635,2.14174747467041,2.54087138175964,2.06758666038513,2.90916991233826,75.6073913574219,66.3566284179688,54.5038948059082,72.6055145263672,0.39546200633049,0.0801730081439018,0.00525499181821942,0.0606696344912052,0,0,0.414827167987823,0,729854.125,NA,236.212410565729
"ITH32",5.57384061813354,14.1483554840088,25.9031715393066,16.0287704467773,20.3293323516846,2.22690510749817,2.70810031890869,2.47767472267151,3.40310573577881,74.127082824707,68.2534255981445,58.4137229919434,73.7834701538086,0.294772148132324,0.0860652253031731,0.010504137724638,0.0828448235988617,0,0,0.524654388427734,0,795711.625,NA,294.586374829967
"ITH33",0.543080806732178,6.9797830581665,18.4187927246094,10.1620311737061,17.87571144104,2.40366244316101,3.73754453659058,2.77692031860352,3.56275200843811,73.7419128417969,72.6669158935547,64.7622985839844,76.4869537353516,0.0601001232862473,0.0874663963913918,0.0532331354916096,0.0220356099307537,0,0,0.776088833808899,0,241197,NA,65.057986990027
"ITH34",6.99887800216675,15.4998579025269,27.4755992889404,17.6422748565674,20.4767227172852,2.45111632347107,3.08486247062683,2.52196455001831,3.7315022945404,75.8831939697266,70.2148361206055,59.9700508117676,73.5724105834961,0.474429845809937,0.055382139980793,0.00174690340645611,0.0942940413951874,0,0,0.348107248544693,0,1008574.4375,NA,411.945631283528
"ITH35",8.85402679443359,17.170446395874,29.303201675415,19.5166549682617,20.4491729736328,2.61698269844055,3.16297221183777,2.3469967842102,3.88036322593689,75.5195465087891,70.0074768066406,59.3098106384277,72.3954238891602,0.53983736038208,0.049745999276638,2.42661940319522e-07,0.0603604465723038,0,0,0.226987302303314,0,364695.53125,NA,179.647903651816
"ITH36",7.6014461517334,16.6561031341553,28.7375507354736,18.4829902648926,21.1361045837402,2.11066079139709,2.3324453830719,1.87257146835327,2.79628562927246,77.1241989135742,67.176643371582,54.7455253601074,72.7823257446289,0.521670699119568,0.070385530591011,0.00122394890058786,0.0792358890175819,0,0,0.326225399971008,0,770300.375,NA,362.195966731588
"ITH37",8.44900703430176,17.5732116699219,29.8925743103027,19.6543235778809,21.4435653686523,1.87269246578217,1.8701514005661,1.32168555259705,2.29745721817017,77.7089996337891,66.7414474487305,52.3060417175293,71.4125137329102,0.529190957546234,0.0779043808579445,6.8072669723307e-10,0.0502653494477272,0,0,0.148585021495819,0.0854911431670189,329505.0625,NA,197.26312981797
"ITH41",5.6203179359436,13.548152923584,25.3014297485352,15.9355783462524,19.6811103820801,3.06517934799194,4.15376138687134,2.75335621833801,4.19279670715332,74.1375045776367,71.2190933227539,62.0381469726562,74.8567886352539,0.26587325334549,0.0784688219428062,0.0200195237994194,0.0226032268255949,0,0,0.575636804103851,0,240010.25,NA,105.724821183935
"ITH42",5.20425987243652,12.8046264648438,24.5839290618896,15.3892555236816,19.3796691894531,3.931067943573,4.81433534622192,3.31400561332703,5.51409578323364,74.0386810302734,70.3813171386719,60.7233848571777,74.6451721191406,0.202765166759491,0.0719976052641869,0.0291040446609259,0.0252907909452915,0,0,0.580297291278839,0,470404.84375,NA,97.5075726768924
"ITH43",9.46132564544678,16.9192543029785,29.0245342254639,19.6172542572021,19.5632095336914,3.46734738349915,3.54183864593506,2.56051135063171,4.89721202850342,74.07470703125,69.5568542480469,59.4832916259766,72.3350067138672,0.219024315476418,0.0799544602632523,0.000434481917181984,0.0608240365982056,0,0,0.315129697322845,0,61003.2421875,NA,162.210138095798
"ITH44",8.6558895111084,15.9123487472534,27.895938873291,18.6602802276611,19.240047454834,3.95808744430542,3.85567235946655,2.86922335624695,5.50604152679443,75.298583984375,70.0112991333008,61.1201133728027,73.8260726928711,0.0963684096932411,0.12091325968504,1.88196103145799e-09,0.0953036397695541,0,0,0.467313289642334,0,50000.8828125,NA,234.795293621114
"ITH51",7.38404703140259,15.1499633789062,26.7403984069824,17.5776786804199,19.3563537597656,2.87705707550049,2.68930053710938,1.51331543922424,3.54039740562439,76.3168411254883,66.8300094604492,56.0240592956543,75.3602142333984,0.32136332988739,0.0945208072662354,0.000830283912364393,0.0639842823147774,0,4.00234069079804e-18,0.517146110534668,0.00139361608307809,325307.59375,NA,123.877354975264
"ITH52",7.80239868164062,15.6504230499268,27.6778907775879,18.1978225708008,19.8754920959473,3.15606164932251,2.83764934539795,1.45314788818359,3.73880314826965,76.8135375976562,67.3379287719727,54.661491394043,74.5209808349609,0.359495639801025,0.0976865664124489,0.000246876501478255,0.0608441606163979,0,5.09245948768179e-16,0.213525220751762,0.243371948599815,558775.5,NA,164.147809203969
"ITH53",7.53184270858765,15.5338926315308,27.8957920074463,18.1141796112061,20.3639488220215,2.88587927818298,2.40051460266113,1.37337243556976,3.24340891838074,77.3788681030273,67.5041809082031,53.9098091125488,73.8068389892578,0.379364490509033,0.0872766599059105,0.000231027763220482,0.0785375162959099,0,1.19455812471633e-16,0,0.448417246341705,749827.125,NA,323.693022488792
"ITH54",7.44714260101318,15.3389863967896,27.774694442749,17.9898262023926,20.3275527954102,2.6898410320282,2.10922479629517,1.47582972049713,3.00094032287598,77.575439453125,67.3808441162109,53.5417633056641,73.6742401123047,0.388412207365036,0.0976024568080902,0.00117015396244824,0.0648029074072838,0,5.59796729476528e-17,0,0.446438819169998,663755.0625,NA,246.707896024564
"ITH55",7.90941905975342,15.9122285842896,28.3888053894043,18.5261001586914,20.4793891906738,2.50359678268433,2.18580532073975,1.39636480808258,2.8807270526886,77.691764831543,66.4291152954102,51.1353034973145,72.630615234375,0.400072693824768,0.0924542397260666,0.000560345710255206,0.0619737654924393,0,1.24934299813487e-15,0,0.443203240633011,802468.8125,NA,218.739161953866
"ITH56",8.90229320526123,17.9539127349854,30.3911800384521,20.2255897521973,21.4888896942139,1.76007390022278,1.6238933801651,1.12814879417419,2.16265726089478,77.9958572387695,66.4086074829102,50.5555076599121,70.8367004394531,0.546666085720062,0.0925523862242699,6.65498878227311e-10,0.0341808795928955,0,0,0,0.185701161623001,364185.34375,NA,136.58810084926
"ITH57",9.01604080200195,17.1351871490479,29.5256881713867,19.9159259796143,20.5096473693848,2.16742658615112,1.9247373342514,1.17525506019592,2.55468320846558,77.4320983886719,66.0594482421875,50.4029388427734,71.5802459716797,0.443860352039337,0.091720424592495,0.000455992645584047,0.051472082734108,0,0,0,0.288597017526627,361908.5625,NA,191.232149285241
"ITH58",7.87037563323975,15.3551464080811,27.5658912658691,18.4690532684326,19.6955146789551,2.23401546478271,1.98407304286957,1.1550635099411,2.74619841575623,78.2274169921875,67.7647018432617,54.958179473877,73.7468566894531,0.33844980597496,0.0849894806742668,0.00102975266054273,0.0514355972409248,0,0,0,0.440694838762283,395768.21875,NA,168.028368551591
"ITH59",7.40004682540894,14.6196250915527,26.7987041473389,17.860179901123,19.3986587524414,2.18268156051636,2.03130841255188,1.23585677146912,2.75098896026611,78.9235305786133,69.2134246826172,58.1103439331055,74.7889251708984,0.380157887935638,0.105246096849442,0.00199449760839343,0.0350061319768429,0,1.49461554244112e-10,0,0.414805591106415,99828.2890625,NA,115.877811676086
"ITI11",8.12883472442627,13.7573776245117,25.3920822143555,17.2625312805176,17.2632484436035,4.40274286270142,3.05218839645386,1.32415211200714,4.78686475753784,75.4513168334961,71.3179092407227,62.1064720153809,76.4785079956055,0.0311941932886839,0.0333251617848873,0.000346288725268096,0.0750607997179031,0,0,0.291818231344223,0.451185494661331,118467.921875,NA,101.807026359224
"ITI12",7.36740970611572,13.3247117996216,25.1696586608887,16.8572654724121,17.8022480010986,3.57660388946533,2.54235625267029,1.38367521762848,4.03996181488037,76.8431015014648,71.5740737915039,62.6959762573242,76.4665908813477,0.163800492882729,0.0658707693219185,0.000475161330541596,0.0700982511043549,0,0,0.142548188567162,0.549651026725769,197411.90625,NA,109.544957324051
"ITI13",8.36831760406494,14.9171180725098,26.6316299438477,18.2444458007812,18.2633152008057,2.98545503616333,2.2452392578125,1.43072605133057,3.55332398414612,77.3001556396484,71.3488235473633,64.0218963623047,76.4147491455078,0.295890063047409,0.0844383537769318,0.000872910255566239,0.0692480951547623,0,1.15314509573829e-16,0.268756657838821,0.280770570039749,223748.390625,NA,236.703932402209
"ITI14",8.32368564605713,15.3243417739868,27.0867290496826,18.4298267364502,18.7630424499512,2.69319248199463,2.22711038589478,1.27531707286835,3.23815083503723,78.1402435302734,70.718879699707,62.0310974121094,75.9651336669922,0.283408910036087,0.0758359879255295,0.000252436759183183,0.0840164422988892,0,4.30672393254012e-16,0.0621984228491783,0.493888884782791,1291665.875,NA,364.221865369567
"ITI15",8.22103214263916,15.2630634307861,27.1843242645264,18.3140716552734,18.9632930755615,2.80753660202026,2.33941245079041,1.35811305046082,3.27531027793884,77.9756698608398,70.164924621582,60.1333236694336,75.4419174194336,0.262779861688614,0.0807693675160408,0.000210926562431268,0.0918886512517929,0,1.11989359978396e-15,0.00876612216234207,0.555357933044434,139178.734375,NA,410.359615125623
"ITI16",12.0867948532104,17.0833206176758,28.0577945709229,21.3048114776611,15.9709987640381,2.53097009658813,1.76697432994843,0.866346418857574,3.04901099205017,74.006217956543,73.1399383544922,69.8409118652344,74.1309280395508,0.169137746095657,0.0649899393320084,0.00626226235181093,0.0274117980152369,0,0,0,0.418235331773758,23606.072265625,NA,18.7504944260656
"ITI17",10.1238718032837,16.3300457000732,27.6586627960205,19.9008388519287,17.5347900390625,2.63549256324768,2.0591299533844,1.14059686660767,3.25813746452332,76.7367095947266,72.4065780639648,67.8396682739258,76.1256790161133,0.304816722869873,0.0851503387093544,0.00549684697762132,0.0536203421652317,0,1.57136722156828e-19,0.191360712051392,0.340870976448059,304850.15625,NA,124.331097489239
"ITI18",7.19197463989258,13.7940912246704,25.5730457305908,17.1838035583496,18.3810710906982,2.2910623550415,2.0173614025116,1.05571722984314,3.08146739006042,79.1820907592773,70.8257827758789,61.9042129516602,76.6610412597656,0.277217954397202,0.0839623957872391,0.000735011592041701,0.0406702570617199,0,1.13050495144166e-18,0.166135013103485,0.427164167165756,278165.4375,NA,86.9080991557887
"ITI19",9.96393489837646,16.2834320068359,27.8790645599365,19.722412109375,17.9151306152344,2.37775945663452,1.91746544837952,0.874803125858307,3.1580286026001,78.1977157592773,71.0763320922852,62.4003753662109,76.0626831054688,0.360436350107193,0.110139146447182,0.00087718537542969,0.0390314199030399,0,4.04136942129123e-16,0.114337518811226,0.366036802530289,306190,NA,79.9886894286098
"ITI1A",11.2533674240112,17.1549339294434,28.6467056274414,20.9549598693848,17.3933372497559,2.42255783081055,1.7491260766983,0.736763536930084,3.07458996772766,76.4107208251953,71.7616271972656,64.4390258789062,75.2478485107422,0.380769580602646,0.134948790073395,0.00181504897773266,0.0285950861871243,0,1.21573672772454e-16,0,0.389380484819412,159731.8125,NA,35.4385456028133
"ITI21",8.21116161346436,14.7535123825073,26.9808559417725,18.2646579742432,18.7696933746338,2.34079146385193,2.1835343837738,1.1991525888443,3.03603982925415,78.7453384399414,70.1018676757812,58.3091773986816,74.3050994873047,0.313610643148422,0.100990772247314,0.00180179940070957,0.0339276641607285,0,2.15848255935569e-10,0.161130279302597,0.372324526309967,636688.1875,NA,100.427731367586
"ITI22",10.1032104492188,16.5540809631348,28.6263523101807,20.1069297790527,18.5231399536133,2.47437715530396,2.17862105369568,0.99340409040451,3.15658044815063,78.1277008056641,70.3330612182617,58.2359313964844,74.0665283203125,0.395883589982986,0.105730473995209,0.001588522689417,0.0276378709822893,0,2.39839703652933e-10,0,0.462635397911072,183090.796875,NA,87.1864589188751
"ITI31",7.57458305358887,14.724796295166,26.8946628570557,17.9606609344482,19.3200798034668,2.24556279182434,2.10678672790527,1.28906083106995,2.82264018058777,78.9994583129883,69.7993850708008,58.9637413024902,74.9321365356445,0.432360380887985,0.105841383337975,0.00114609394222498,0.0308327153325081,0,2.72804834278162e-10,0,0.378568738698959,309996.59375,NA,121.848140753232
"ITI32",7.85022830963135,14.5746936798096,26.8963756561279,18.0520095825195,19.0461463928223,2.17779278755188,2.05748224258423,1.24656367301941,2.70794939994812,78.6885528564453,69.9789199829102,58.2087097167969,73.9906158447266,0.414138734340668,0.108584806323051,7.0764016868452e-10,0.0266288258135319,0,4.95035505643227e-11,0,0.405250877141953,103340.5,NA,52.5603065079745
"ITI33",7.88419055938721,14.5430955886841,26.7914619445801,18.0970802307129,18.9072704315186,2.0366575717926,1.88234055042267,1.17901051044464,2.51508212089539,77.7664642333984,69.9751892089844,58.6808471679688,73.5100326538086,0.418284744024277,0.0939131677150726,0.000783274357672781,0.0256037171930075,0,2.91246540773393e-11,0,0.400039583444595,263711.59375,NA,94.7165297886086
"ITI34",7.37377262115479,13.7789640426636,26.0005283355713,17.5558090209961,18.6267566680908,2.25969123840332,1.91065716743469,1.22248315811157,2.59792828559875,76.9708862304688,71.3881072998047,63.1291351318359,74.4745941162109,0.265854716300964,0.0732879340648651,0.00282874004915357,0.0354001522064209,0,5.54369094032947e-12,0,0.534086346626282,134213.1875,NA,108.041486965456
"ITI35",9.22665214538574,16.0224132537842,27.9883575439453,19.5013046264648,18.7617053985596,1.97822594642639,1.68654537200928,1.20397937297821,2.21111822128296,75.5438461303711,71.2746276855469,61.376091003418,72.8164367675781,0.315858691930771,0.0549599938094616,0.00108611665200442,0.0280254371464252,0,4.06249339723885e-11,0,0.25840899348259,99099.1171875,NA,116.02173697199
"ITI41",11.5308332443237,17.5079898834229,29.366117477417,21.3862285614014,17.8352832794189,2.90474438667297,2.07746839523315,0.726830184459686,3.84333395957947,77.3437728881836,72.0268859863281,62.9452285766602,75.4288711547852,0.405997037887573,0.118110746145248,0.00155324500519782,0.0224505923688412,0,9.72954135742546e-16,0,0.322169572114944,329001.6875,NA,90.466251947815
"ITI42",8.3231315612793,14.5081443786621,26.8111972808838,18.4134082794189,18.4880657196045,2.67114877700806,2.2225079536438,1.07512092590332,3.27478790283203,77.0449905395508,71.2287063598633,59.9453926086426,73.7078247070312,0.245562344789505,0.0980597957968712,0.00319683947600424,0.031627494841814,0,5.72321044722823e-11,0.178349569439888,0.440135508775711,280149.8125,NA,101.463845029721
"ITI43",11.6962251663208,17.6575222015381,29.0564441680908,21.4466648101807,17.3602199554443,3.07380414009094,2.0989818572998,0.749980568885803,4.58253860473633,76.9715347290039,73.3273239135742,65.9687271118164,75.8118515014648,0.346992373466492,0.0888528227806091,0.000719348608981818,0.121191665530205,0,1.79619821561277e-16,0.0579121224582195,0.271008878946304,2893266.5,NA,534.987500282507
"ITI44",11.9194612503052,17.8931045532227,28.9194889068604,21.5695724487305,17.0000286102295,3.2250988483429,2.13036465644836,0.755317032337189,3.75275874137878,77.1623001098633,74.6161041259766,69.3275909423828,76.7582244873047,0.316175997257233,0.0998255386948586,0.000528450997080654,0.138304978609085,0,8.1740683666176e-11,0.0761725753545761,0.241494879126549,610087.5625,NA,268.678132734299
"ITI45",11.2149152755737,17.5851402282715,28.6409320831299,21.117431640625,17.4260158538818,3.19989824295044,2.24369764328003,0.919139504432678,3.24877429008484,78.5967254638672,74.8874893188477,68.7315444946289,77.5652694702148,0.241870984435081,0.098670668900013,0.00145554228220135,0.0985615700483322,0,4.58723024843177e-11,0.440255522727966,0.0525197647511959,335255.34375,NA,104.725064377215
"LI000",3.51408505439758,10.7436208724976,21.146390914917,12.8577260971069,17.6323070526123,3.98170375823975,4.79463815689087,4.39504528045654,3.48959112167358,75.0602111816406,69.9092025756836,64.1702346801758,75.5216979980469,0.112187623977661,0.162765219807625,0.0796944350004196,0.0702902376651764,0.000606253510341048,0,0.571079611778259,0,41322.41015625,NA,258.927861193191
"LT011",3.28904604911804,11.5425720214844,23.9443702697754,13.5097885131836,20.6553249359131,2.20765948295593,2.04491591453552,2.04116153717041,1.86545300483704,83.8573989868164,68.7943878173828,61.4809913635254,80.2562866210938,0.326188951730728,0.0613152533769608,0.00189838942606002,0.0182734001427889,3.30403017869685e-05,0.0450717099010944,0.122903682291508,0.412018746137619,477329.28125,NA,49.2191064774456
"LT021",3.5916633605957,11.7462205886841,24.1057968139648,13.8608837127686,20.5141334533691,2.10895729064941,1.97602939605713,2.10983967781067,1.76065671443939,83.94482421875,69.3053512573242,61.9853782653809,80.4174346923828,0.288110107183456,0.0628652349114418,9.20551683520898e-05,0.00620974460616708,0,0.190000042319298,0,0.432741105556488,78179.171875,NA,14.4205217010075
"LT022",3.45311737060547,11.4776878356934,23.8047008514404,13.6537170410156,20.351583480835,2.11000943183899,1.9643886089325,1.96741211414337,1.8932329416275,83.3214645385742,68.6972351074219,62.4061851501465,80.3616485595703,0.428794085979462,0.0654531046748161,0.00109113217331469,0.0116840051487088,1.60793103987089e-06,0.0399591028690338,0.0183765254914761,0.426798790693283,266438.40625,NA,33.1732251735259
"LT023",3.49189162254333,10.6456756591797,22.6288375854492,14.1175765991211,19.1369457244873,3.11602115631104,2.01420831680298,2.25852823257446,3.33062100410461,84.3638610839844,73.1717071533203,70.6596298217773,83.0542144775391,0.358035802841187,0.0726883187890053,0.00559731107205153,0.0145737985149026,9.98186806100421e-05,0.0533566996455193,0.39708948135376,0.0227112881839275,179199.65625,NA,37.2487425834055
"LT024",3.56196022033691,11.5097560882568,23.6900081634521,13.7574272155762,20.1280479431152,2.05933141708374,1.9131668806076,2.02307796478271,1.8836944103241,83.7510986328125,69.5151824951172,63.615161895752,80.953369140625,0.483141779899597,0.0800696536898613,0.000481229362776503,0.0133378133177757,2.22047538045445e-06,0.0147319594398141,0.0253291390836239,0.377364724874496,127796.2890625,NA,28.9209609308378
"LT025",3.26322531700134,11.2400856018066,23.6948413848877,13.4888858795166,20.4316158294678,2.06198143959045,1.93209886550903,1.87208890914917,1.89318978786469,82.6578598022461,67.8394393920898,61.3922309875488,79.9045639038086,0.430562049150467,0.0725204572081566,0.00246248720213771,0.00653900532051921,1.58927232405404e-05,0.136401608586311,0.0227134600281715,0.325732916593552,123291.890625,NA,15.7340467253578
"LT026",3.2534601688385,10.9264516830444,23.2459564208984,13.5480976104736,19.9924964904785,1.90998709201813,1.83524811267853,1.84267604351044,2.02143549919128,84.0734481811523,69.933837890625,65.2220306396484,82.1464996337891,0.479638189077377,0.0841013416647911,0.00164340808987617,0.00745938997715712,1.92934658116428e-05,0.0422656461596489,0.142353698611259,0.24080266058445,154688.96875,NA,18.0720998582968
"LT027",3.56672549247742,11.142068862915,23.3246726989746,13.7080821990967,19.7579479217529,2.56354689598083,2.1105785369873,2.18826198577881,2.47274875640869,84.5861740112305,70.9164733886719,65.6338500976562,82.078483581543,0.391424238681793,0.076537698507309,0.00145564158447087,0.00545171555131674,4.59167240478564e-05,2.12887846240406e-10,0.481742024421692,0.041944183409214,85458.46875,NA,19.5783619086863
"LT028",3.41215491294861,10.6959247589111,22.8827476501465,13.7199096679688,19.4705924987793,2.69919943809509,2.01642322540283,2.11266756057739,2.84358906745911,85.3102951049805,71.9766311645508,68.4654998779297,83.6388854980469,0.371001929044724,0.0756858810782433,0.00325917825102806,0.0069883968681097,9.13038456928916e-05,0,0.538852751255035,0,75697.9765625,NA,17.5895946321788
"LT029",2.83841252326965,11.1099491119385,23.6152172088623,13.0996112823486,20.7768039703369,2.14569163322449,1.98134124279022,1.93055975437164,1.87080454826355,83.4884567260742,68.436164855957,61.6914100646973,80.3880386352539,0.319496601819992,0.0675230026245117,0.00748136173933744,0.00374127551913261,5.32160556758754e-05,0.0762436836957932,0.199456572532654,0.299654752016068,82828.2421875,NA,11.6255363331192
"LU000",5.72351837158203,12.8314075469971,23.8817443847656,15.4190673828125,18.1582279205322,3.14244699478149,2.38381314277649,1.56289303302765,2.13356852531433,86.9796905517578,72.8514785766602,60.8114242553711,80.0858459472656,0.210936218500137,0.206007927656174,2.48768317057113e-09,0.10152592509985,8.20053747130345e-11,0,0.481529891490936,0,667019.25,NA,255.369060325223
"LV003",3.78456354141235,10.1313896179199,22.3576183319092,14.09450340271,18.573055267334,2.6240713596344,1.88993740081787,2.02590942382812,2.88622570037842,84.3417129516602,73.4945068359375,71.3416290283203,83.4776458740234,0.196060091257095,0.081488624215126,0.0144918337464333,0.004543820861727,2.21620593947591e-05,0.554985702037811,0.0445386469364166,0.0629955902695656,163971.609375,NA,12.0907126839131
"LV005",2.5582070350647,10.8887882232666,23.586389541626,12.937970161438,21.0281829833984,2.12798571586609,1.95898914337158,1.96035921573639,1.89442205429077,82.8721618652344,67.9431381225586,62.8906669616699,81.1429061889648,0.220002174377441,0.101097241044044,0.0102000879123807,0.00465731834992766,4.06532926717773e-05,0.4902323782444,0.051568578928709,0.0965965464711189,154468.34375,NA,10.6586242928546
"LV006",3.81806349754333,11.0498514175415,23.5080528259277,13.8467130661011,19.6899909973145,2.05458950996399,1.88646745681763,1.86353361606598,2.17147374153137,83.023078918457,69.8525238037109,63.3639602661133,80.6839599609375,0.169692546129227,0.0802621468901634,0.00818883534520864,0.0258486550301313,0,0.591294884681702,0,0.111059054732323,43158.7890625,NA,143.663735958811
"LV007",3.36948919296265,10.5173263549805,23.1049957275391,13.596866607666,19.7355060577393,2.36498284339905,1.94893229007721,1.99540114402771,2.39452195167542,84.0033721923828,70.876579284668,65.5691986083984,82.1905212402344,0.167420655488968,0.0869015976786613,0.00794935412704945,0.00837480928748846,0.000170655839610845,0.435973942279816,0.220360741019249,0.0618914291262627,331359.5,NA,32.8387552410382
"LV008",2.67094945907593,10.3937644958496,23.1301555633545,12.9028263092041,20.4592056274414,2.29562187194824,1.98908638954163,1.97171664237976,2.16165447235107,83.9391784667969,69.360710144043,64.4194946289062,82.2209548950195,0.144463032484055,0.0788213238120079,0.0052467598579824,0.00564902694895864,0.000199494053958915,0.42125478386879,0.261650085449219,0.0737642869353294,154419.390625,NA,10.1430479160855
"LV009",3.17930364608765,10.9228982925415,23.3480701446533,13.5001173019409,20.1687660217285,2.14266562461853,1.91942346096039,1.88586580753326,2.09349799156189,83.3852920532227,69.3740692138672,64.3776473999023,81.6647338867188,0.261621534824371,0.0990804061293602,0.00729036564007401,0.00711839133873582,0.000177368216100149,0.275073379278183,0.245513871312141,0.0964245870709419,306558.15625,NA,28.7479661051659
"MC",10.3905181884766,15.6215038299561,26.0310745239258,19.468334197998,15.6405553817749,3.76199221611023,2.31711149215698,1.19237089157104,4.08914089202881,70.9823379516602,73.3839111328125,75.6554107666016,76.2889022827148,0.00383886322379112,0.0285976808518171,0.0103379720821977,0.0705662742257118,0,0,0.55103862285614,0,7593.09375,NA,481.447777520878
"MEG125350",1.95708954334259,10.0127182006836,22.4532146453857,12.4510011672974,20.4961242675781,6.12704229354858,4.21781301498413,1.57288837432861,4.42617702484131,77.7183074951172,71.4531860351562,60.732234954834,73.0547409057617,0.0995618030428886,0.0786940231919289,0.0608190111815929,0.0045142094604671,9.86076131526265e-31,0,0.756410956382751,0,8222.173828125,NA,23.8355273721077
"MEG125351",10.4491491317749,17.7295246124268,30.4935932159424,20.4331340789795,20.0444450378418,6.4012565612793,4.03226947784424,1.00183129310608,4.64362573623657,70.0897598266602,66.9819793701172,55.1681022644043,67.2561416625977,0.199417173862457,0.321823805570602,0.00106933584902436,0.0230278465896845,6.3108872417681e-30,0,0.238640874624252,0,70018.59375,NA,107.459156826537
"MEG125352",2.19079732894897,10.2873344421387,22.6716918945312,12.5834894180298,20.4808959960938,5.44394397735596,3.81248307228088,1.49856972694397,3.97956395149231,77.3849487304688,70.6551971435547,59.9505882263184,72.7795181274414,0.106563001871109,0.115783296525478,0.0645783022046089,0.00999573431909084,7.58805348441673e-31,0,0.703079640865326,0,28358.681640625,NA,39.7859945115837
"MEG125353",3.76799440383911,12.1565237045288,24.5416355133057,14.325855255127,20.7736415863037,3.95849132537842,3.03564620018005,1.64963042736053,2.84960961341858,77.560905456543,69.7589950561523,61.6279449462891,73.2145385742188,0.188920080661774,0.143874451518059,0.0156296696513891,0.00537891918793321,9.14703559191498e-20,0,0.646196901798248,0,28755.68359375,NA,28.7240229849241
"MEG125355",5.91695737838745,13.2587633132935,25.7923908233643,15.9569892883301,19.8754329681396,8.45352935791016,5.45902347564697,1.55315625667572,6.32841539382935,73.2878494262695,68.8316345214844,57.3720893859863,70.4301681518555,0.225696370005608,0.232615992426872,0.106058478355408,0.0100441928952932,1.20336372320797e-30,0,0.383337646722794,0,23044.818359375,NA,25.4699711753692
"MEG125356",4.36278772354126,11.9570941925049,24.5159759521484,14.6086091995239,20.1531867980957,7.42505693435669,4.91111898422241,1.55785059928894,5.5552773475647,74.9775543212891,69.7517318725586,58.0178260803223,71.1775436401367,0.146725982427597,0.194301292300224,0.121110290288925,0.00416890252381563,8.89556948657083e-31,0,0.513820052146912,0,11082.951171875,NA,21.0465591691196
"MEG125357",6.11207485198975,13.3023796081543,25.7991638183594,16.061595916748,19.6870880126953,8.16894721984863,5.35376882553101,1.57186162471771,6.14133405685425,72.9885711669922,68.7864151000977,57.3402404785156,70.6478500366211,0.213405638933182,0.266391277313232,0.0981254205107689,0.00655097188428044,1.27882340756465e-30,0,0.363639086484909,0,2510.24194335938,NA,15.0990056896191
"MEG125358",3.06044006347656,10.8524026870728,23.3645496368408,13.4260330200195,20.3041076660156,6.93500518798828,4.66768407821655,1.59369599819183,5.14471817016602,76.3397598266602,70.5674743652344,59.134895324707,72.0927352905273,0.1190190538764,0.145092353224754,0.109842203557491,0.00254624336957932,5.87091202543611e-31,0,0.623500168323517,0,11985.3720703125,NA,13.5823810572075
"MEG125359",4.84914493560791,12.2054252624512,24.6847591400146,14.9023818969727,19.8356132507324,8.9370584487915,5.79517555236816,1.6830518245697,6.7253623008728,74.0413436889648,69.2674331665039,57.8913650512695,71.1779861450195,0.23188790678978,0.211598083376884,0.130794554948807,0.00698516517877579,0,0,0.417429089546204,0,4043.89526367188,NA,18.7168422670467
"MEG125360",2.98355388641357,10.9404954910278,23.3853206634521,13.3876523971558,20.4017677307129,5.65745306015015,3.97521233558655,1.62509548664093,4.2328519821167,77.0745010375977,70.4258270263672,60.2261352539062,72.7223358154297,0.128068044781685,0.128340572118759,0.0653282701969147,0.00340685853734612,7.17006681932985e-20,0,0.674856305122375,0,5022.44091796875,NA,15.8363645153637
"MEG125361",4.54012584686279,11.9655094146729,24.4487628936768,14.6451473236084,19.9086380004883,8.30002593994141,5.45846843719482,1.66112554073334,6.24492168426514,74.5428237915039,69.4134140014648,57.9969673156738,71.3246536254883,0.198841348290443,0.200106024742126,0.125044420361519,0.00555056799203157,1.52448028586955e-31,0,0.466509014368057,0,44359.46484375,NA,21.8495667863846
"MEG125362",2.24791097640991,10.3372840881348,22.7210998535156,12.6340570449829,20.4731884002686,5.42867803573608,3.79023194313049,1.48194134235382,3.97103810310364,77.2313690185547,70.4975280761719,59.7194519042969,72.6188430786133,0.108390182256699,0.118304215371609,0.0624530501663685,0.0104256775230169,0.00419978424906731,0,0.695950925350189,0,20038.908203125,NA,40.5896833296415
"MEG125363",3.04642772674561,11.0803461074829,23.4255771636963,13.4104785919189,20.379150390625,3.92069125175476,3.05878067016602,1.6948573589325,3.09525513648987,77.8165435791016,69.8030395507812,61.1664810180664,73.3680267333984,0.124446511268616,0.111434891819954,0.0120902834460139,0.00365542992949486,5.91714233451057e-05,0,0.748313784599304,0,14084.599609375,NA,11.0378471957013
"MEG125364",3.12711691856384,10.7199945449829,23.0740432739258,13.2959566116333,19.946928024292,5.50446796417236,4.14431095123291,1.6836678981781,4.18360662460327,77.079704284668,69.3344879150391,58.4777717590332,72.2980270385742,0.0862196236848831,0.112662136554718,0.0770905390381813,0.00253050215542316,1.07327926461365e-21,0,0.721392631530762,0,5192.5537109375,NA,6.16216030712048
"MEG125365",7.16456365585327,14.6729421615601,27.3247585296631,17.3193492889404,20.1601943969727,6.63344860076904,4.30792140960693,1.26051795482635,4.86100959777832,72.842658996582,68.5496826171875,56.8911056518555,69.3720703125,0.163893476128578,0.242616906762123,0.0480436198413372,0.0140017494559288,0.00133427523542196,0,0.410031765699387,0,116803.2890625,NA,73.8651262470038
"MEG125366",2.97109413146973,11.2042179107666,23.4011478424072,13.0258388519287,20.4300537109375,3.16323399543762,2.45917868614197,1.25043714046478,2.48842549324036,76.2719268798828,67.9909133911133,57.3408546447754,71.8606338500977,0.129938438534737,0.239615932106972,0.0771297588944435,0.0282973013818264,0,0,0.525018572807312,0,38257.14453125,NA,92.8512663571617
"MEG125367",3.30157136917114,11.0835771560669,23.5451469421387,13.614447593689,20.2435760498047,5.9841456413269,4.18238115310669,1.64108884334564,4.55797481536865,76.5835266113281,70.0457153320312,59.4121513366699,72.3404541015625,0.124166324734688,0.148471161723137,0.0854618847370148,0.00241588661447167,7.70147284799321e-20,0,0.639478027820587,0,4931.08203125,NA,9.16188788305758
"MEG125369",10.4491500854492,17.7295246124268,30.493595123291,20.4331321716309,20.0444450378418,6.4012565612793,4.03226947784424,1.00183129310608,4.64362525939941,70.0897598266602,66.9819869995117,55.1681022644043,67.2561416625977,0.199417173862457,0.321823805570602,0.00106933584902436,0.0230278465896845,6.3108872417681e-30,0,0.238640874624252,0,11569.8916015625,NA,43.8467813328589
"MEG125370",2.89131236076355,10.8937711715698,23.2462921142578,13.2482290267944,20.3549823760986,4.01816368103027,3.10753536224365,1.69000363349915,3.19795060157776,77.8791961669922,70.0483322143555,61.2283935546875,73.4485855102539,0.125909417867661,0.11182065308094,0.0129842646420002,0.00367325660772622,2.12053915108472e-19,0,0.745612382888794,0,4735.02783203125,NA,10.6804794803003
"MK001",5.52726125717163,15.2171850204468,27.2155838012695,16.713996887207,21.6883201599121,1.64450073242188,1.5455447435379,0.972653806209564,1.17259776592255,74.0619354248047,59.5237998962402,44.342399597168,64.4471588134766,0.197692185640335,0.323959738016129,0.150387555360794,0.00991758424788713,0,0.131275579333305,0,0.186767354607582,202445.359375,NA,49.4855268322275
"MK002",5.30057191848755,14.7863817214966,26.5567150115967,16.3373260498047,21.2561435699463,1.58697187900543,1.69994044303894,1.21719515323639,1.21807730197906,73.9477462768555,62.2921180725098,49.7919692993164,66.1413040161133,0.202334225177765,0.302190482616425,0.0822667852044106,0.00670994585379958,0,0.17046494781971,0,0.236033588647842,116881.78125,NA,32.8566320988556
"MK003",4.4445071220398,13.0818090438843,24.9167728424072,15.0774192810059,20.4722652435303,2.34595441818237,1.91067922115326,1.09324431419373,1.9773451089859,78.3100433349609,66.6065063476562,54.848518371582,70.2587814331055,0.10494039952755,0.180297091603279,0.0651818439364433,0.0172071438282728,0.000208722936804406,0.0911531671881676,0.381070911884308,0.103095382452011,271096.25,NA,76.0601998700956
"MK004",5.99045276641846,15.3979587554932,27.4121208190918,17.041654586792,21.4216690063477,1.95177376270294,1.68819463253021,0.996891796588898,1.33446979522705,74.3611297607422,62.6860580444336,47.9674072265625,66.0499496459961,0.240140989422798,0.277689546346664,0.0477289520204067,0.00814379937946796,0,0.206232696771622,0,0.215211123228073,109102.6328125,NA,39.6422756264413
"MK005",5.0461106300354,14.2210559844971,26.167854309082,16.0292339324951,21.1217441558838,1.90686750411987,1.58575260639191,0.860225975513458,1.49798440933228,76.7801666259766,63.2950782775879,48.7521514892578,67.3939971923828,0.224246457219124,0.203200787305832,0.147114098072052,0.00902222283184528,0,0.199318140745163,0.0211364272981882,0.179058521986008,199093.84375,NA,40.7173872344128
"MK006",3.45220589637756,12.3076095581055,24.184606552124,14.073034286499,20.7324028015137,2.55223631858826,2.16254949569702,1.34329497814178,2.12415146827698,77.7427673339844,67.0891342163086,55.5903358459473,70.6115188598633,0.116207852959633,0.312045723199844,0.0392187982797623,0.0273001585155725,0,0.0527186840772629,0.360032737255096,0.0910042300820351,318845.59375,NA,131.332235441997
"MK007",5.57634401321411,14.3918561935425,26.356897354126,15.8775157928467,20.780553817749,1.72377812862396,1.84416949748993,1.14171087741852,1.24708926677704,73.2949981689453,61.6454582214355,47.4152641296387,65.556640625,0.238314524292946,0.246153116226196,0.0522152930498123,0.0135273709893227,0,0.0989720076322556,0,0.350817710161209,125526.6015625,NA,54.5249816049606
"MK008",4.89682674407959,14.3254089355469,26.3196411132812,15.7994089126587,21.422815322876,1.7734352350235,1.71715784072876,1.16095387935638,1.37386727333069,74.6913757324219,61.7251663208008,48.1656723022461,66.3926849365234,0.196854144334793,0.283019095659256,0.0872266516089439,0.0294163729995489,0,0.135026603937149,0,0.268457144498825,252267.53125,NA,141.495556434414
"NL11",6.18660926818848,11.4395732879639,20.7658557891846,15.0079860687256,14.5792465209961,2.64472436904907,2.07984209060669,1.78661382198334,2.55183672904968,86.634635925293,77.4303207397461,74.6585159301758,84.3327255249023,0.26858651638031,0.264420002698898,3.46543926887932e-09,0.0729377940297127,0,1.60258151193915e-09,0,0.271389603614807,507360.84375,NA,213.62481724378
"NL12",6.75731182098389,11.3066091537476,20.2861652374268,15.2846279144287,13.5288543701172,2.94880294799805,2.08812952041626,1.78531098365784,2.82985424995422,85.2101669311523,78.8185043334961,78.0680770874023,84.4416961669922,0.19414322078228,0.304269939661026,0.00162982242181897,0.0736089497804642,0,1.74920730677819e-10,0.0814369916915894,0.0965452864766121,566717.625,NA,143.937274811531
"NL13",6.45617151260376,11.684796333313,21.0257587432861,15.1234502792358,14.5695867538452,2.64449191093445,2.13169264793396,1.7016841173172,2.36849761009216,86.5714797973633,76.1882705688477,73.5007095336914,84.3609390258789,0.301626056432724,0.265937387943268,2.29929519868222e-09,0.0742627680301666,0,8.43399794447919e-10,0.102027773857117,0.226871117949486,490100.21875,NA,181.281692671879
"NL21",6.82410192489624,11.9879789352417,21.2853183746338,15.3334369659424,14.4612150192261,2.66865968704224,2.13649988174438,1.66398882865906,2.30936002731323,86.0313339233398,75.2458648681641,72.2939224243164,84.0321426391602,0.276559948921204,0.259755879640579,4.01554078877098e-09,0.0967312678694725,0,4.75968597868359e-10,0.0861968398094177,0.268621832132339,919843.1875,NA,267.616189265311
"NL22",6.9274263381958,12.2555723190308,21.8529720306396,15.5517387390137,14.9255466461182,2.82091903686523,2.14956021308899,1.64985954761505,2.34818243980408,85.6300888061523,74.5229873657227,70.6369857788086,83.0678253173828,0.254945755004883,0.172842368483543,1.8695449632844e-09,0.152487188577652,0,1.05719308307606e-10,0.00230644689872861,0.41245448589325,2122777.75,NA,415.885240103911
"NL23",6.95998907089233,11.5402383804321,20.4304618835449,15.5053081512451,13.4704723358154,3.09981250762939,2.16999959945679,1.76407825946808,2.79175758361816,84.6864013671875,78.1743011474609,78.4999313354492,84.6651229858398,0.232490882277489,0.17363540828228,2.49782616812411e-09,0.139874339103699,0,6.10499012454468e-11,0.0507866069674492,0.150270596146584,937800.375,NA,394.096815549543
"NL31",6.93689107894897,11.9047498703003,20.9420566558838,15.5020179748535,14.005166053772,3.04580211639404,2.11183786392212,1.63324916362762,2.7456328868866,85.1994171142578,77.0390548706055,76.3834533691406,84.7713394165039,0.313540548086166,0.114368557929993,1.6677673686516e-09,0.247496470808983,0,1.29150935280521e-13,0.119592525064945,0.119760654866695,1539582.5,NA,1052.91163714072
"NL32",7.15285301208496,11.5094013214111,20.3696365356445,15.8578109741211,13.2167835235596,3.29877948760986,2.18780946731567,1.72872459888458,3.17399024963379,83.9135818481445,79.3002014160156,79.4700393676758,83.8474426269531,0.31589013338089,0.104312554001808,8.97484531137138e-10,0.145182028412819,0,1.60472695786944e-13,0.0356518663465977,0.0559237487614155,2267403.5,NA,671.071518822827
"NL33",7.29763984680176,12.2668972015381,21.9891490936279,16.008602142334,14.6915082931519,2.81412482261658,2.00003552436829,1.71528434753418,2.63166642189026,85.1071929931641,76.0036315917969,70.9727172851562,82.0550918579102,0.221279755234718,0.142024338245392,1.41784095575304e-09,0.197737723588943,0,1.33655447820402e-10,0,0.357545435428619,2560118.25,NA,797.128510558755
"NL34",7.36267995834351,12.5152111053467,22.3154964447021,16.4979267120361,14.9528160095215,2.77460551261902,1.92729783058167,1.59842300415039,2.43438410758972,85.1323165893555,75.8992385864258,71.496955871582,82.142692565918,0.215207397937775,0.146227717399597,2.05473105197029e-09,0.15226811170578,0,2.00546870776641e-10,0,0.352609664201736,840483,NA,453.922401723498
"NL41",7.08641576766968,12.6066551208496,22.7267475128174,15.9710073471069,15.6403312683105,2.69085884094238,2.03535604476929,1.61768865585327,2.20929312705994,85.1925735473633,73.6028060913086,67.0212478637695,80.9587783813477,0.207078546285629,0.149502873420715,9.7097030415938e-10,0.149744421243668,0,4.68718779067512e-11,0,0.476343035697937,3102187.5,NA,612.46690902083
"NL42",6.85748243331909,12.9178581237793,23.361722946167,16.2018852233887,16.5042400360107,2.68125176429749,2.16504740715027,1.63821816444397,2.04442191123962,84.6815567016602,72.0851593017578,64.232292175293,79.4842224121094,0.194333747029305,0.131840392947197,6.14593376191408e-10,0.143901437520981,0,3.81381350111898e-11,0,0.52992445230484,1121823.25,NA,512.661767192495
"NO011",1.72422099113464,8.31528854370117,20.4386577606201,11.6648015975952,18.7144374847412,3.3943042755127,2.41319584846497,2.43921875953674,3.85335564613342,83.0179138183594,69.533203125,67.1834335327148,81.7149658203125,0.0589580908417702,0.0241053253412247,0.000111086876131594,0.126972168684006,0.0809451192617416,0,0.594484269618988,0,309531.78125,NA,678.689495938371
"NO012",1.70269131660461,8.42532444000244,20.541446685791,11.7418632507324,18.8387565612793,3.16285419464111,2.21137523651123,2.39847588539124,3.61211681365967,83.1236419677734,68.9878082275391,67.1046752929688,81.9217529296875,0.102224066853523,0.0463248826563358,0.000700860808137804,0.0646425932645798,0.0685145556926727,0,0.644324839115143,0,1191667.625,NA,242.943624084022
"NO021",-1.79418087005615,5.24734354019165,17.6575622558594,8.85733509063721,19.4517440795898,1.96965050697327,1.8338588476181,2.78700733184814,2.61911273002625,82.4130859375,69.3340301513672,69.1090850830078,81.634880065918,0.0352370403707027,0.00733197340741754,0.000747322628740221,0.0102463290095329,0.131743758916855,0,0.784976840019226,0,198035.0625,NA,7.27622160296185
"NO022",-3.02854084968567,3.78327369689941,15.980860710144,7.68337488174438,19.0094013214111,2.13089156150818,1.72394919395447,2.54752802848816,2.91593098640442,81.0764541625977,70.6771469116211,70.1067199707031,81.4133834838867,0.0259498544037342,0.00667947856709361,0.0010652169585228,0.00726820435374975,0.283501654863358,0,0.632876336574554,0,190723.609375,NA,7.64592646842605
"NO031",3.24191784858704,9.31198883056641,21.0802536010742,12.5496101379395,17.8383350372314,3.69022512435913,2.21510720252991,2.08531951904297,3.78361296653748,82.8652801513672,69.6547927856445,67.8329620361328,82.0613784790039,0.0789450258016586,0.0267285220324993,0.00166458485182375,0.0599823668599129,0.0376777648925781,0,0.586574375629425,0,445400.4375,NA,106.323762665681
"NO032",-0.464775830507278,6.2419810295105,18.3432331085205,10.0766448974609,18.8080101013184,2.41684079170227,2.01312232017517,2.56570291519165,3.32149267196655,81.5080795288086,70.8048400878906,68.3931045532227,81.1051559448242,0.0250031389296055,0.00541582517325878,0.000423910940298811,0.0138075323775411,0.159521445631981,0,0.760411620140076,0,431236.125,NA,29.0512053056626
"NO033",3.26852464675903,9.34286975860596,20.9351768493652,12.7125186920166,17.6666526794434,4.61974954605103,2.93628358840942,2.34854507446289,4.79290390014648,81.0054779052734,69.8668441772461,67.8899307250977,80.8182830810547,0.134238481521606,0.0270250737667084,2.21243117266567e-05,0.0726298689842224,0.0629611983895302,0,0.536272943019867,0,319565.5,NA,141.940188232881
"NO034",-0.971681952476501,5.3335657119751,17.0135707855225,8.95020389556885,17.9852542877197,3.94304609298706,2.46255040168762,2.33257555961609,4.49708414077759,82.1637573242188,72.2268295288086,69.1800537109375,83.1781997680664,0.018110603094101,0.00218168296851218,8.21992289274931e-05,0.0106663815677166,0.170527204871178,0,0.771696507930756,0,118960.7109375,NA,7.77473324397059
"NO041",1.24202632904053,7.06408834457397,18.1008186340332,10.6751680374146,16.8587951660156,6.56059455871582,3.32673215866089,2.58917164802551,6.29548597335815,83.5717163085938,73.8427658081055,70.4336700439453,85.0629272460938,0.0118554402142763,3.75653507944662e-05,2.79381850987193e-07,0.00933563057333231,0.213682770729065,0,0.698668956756592,0,78684.5703125,NA,8.58108560122365
"NO042",2.85125231742859,8.02290916442871,18.4803218841553,11.75696849823,15.6290702819824,10.0170154571533,4.59889936447144,3.06565093994141,8.62219619750977,84.9146347045898,75.4458770751953,73.4485626220703,86.7523422241211,0.0198168773204088,0.000364485225873068,5.2468467938438e-12,0.0100084682926536,0.167015075683594,0,0.694556295871735,0,162759.4375,NA,21.9474589972745
"NO043",2.93374419212341,7.43970441818237,17.3496780395508,11.1591672897339,14.4159326553345,9.60117530822754,4.25380563735962,3.31928038597107,9.1309289932251,83.6385345458984,76.7290649414062,77.9056396484375,86.6035308837891,0.0619667954742908,0.0117044467478991,0.000415019312640652,0.0209965631365776,0.236870408058167,0.0105405934154987,0.508187174797058,0.00247183116152883,393746.6875,NA,41.2716727580775
"NO051",2.05683422088623,6.73703098297119,17.1991481781006,10.7786378860474,15.14231300354,8.65955066680908,4.73750782012939,3.96570110321045,9.1176929473877,82.7565078735352,76.2854461669922,75.7264022827148,84.7790069580078,0.0209664329886436,0.00105484109371901,0.000614065094850957,0.00911243166774511,0.326901018619537,0.000138999457703903,0.496892511844635,3.25961882481351e-05,116516.546875,NA,7.3503623195169
"NO052",1.38141691684723,6.18194532394409,16.7542953491211,10.214319229126,15.3728790283203,7.80395174026489,4.31753015518188,3.6414144039154,8.2231559753418,81.4331893920898,74.6307067871094,74.5388946533203,83.2668151855469,0.0233208369463682,0.000291159085463732,0.000240939931245521,0.00850511249154806,0.388774633407593,0,0.404755502939224,0,107378.8359375,NA,5.54629708316774
"NO053",-0.429779410362244,5.00500440597534,15.5371236801147,8.69388008117676,15.9669036865234,6.2894926071167,3.73329472541809,3.36893844604492,6.42192935943604,78.4703140258789,73.5349655151367,77.9997406005859,81.74755859375,0.0293427612632513,0.000643656880129129,0.000917763623874635,0.0109802959486842,0.348984658718109,0,0.455089390277863,0,160580.65625,NA,10.4642656220699
"NO061",0.32137468457222,5.60234832763672,16.5823516845703,9.28207778930664,16.2609767913818,3.30314016342163,2.62875771522522,3.21808290481567,3.6339795589447,79.4300384521484,71.8783493041992,75.2388534545898,81.1932678222656,0.039208397269249,0.0049715000204742,0.00104620470665395,0.010773372836411,0.189314946532249,0,0.663130700588226,0,373206.28125,NA,19.8484207622174
"NO062",0.894167184829712,5.39612197875977,16.7041530609131,9.48797512054443,15.8099870681763,4.61224222183228,3.29354476928711,3.38602495193481,5.16651487350464,81.2761306762695,74.6826095581055,76.277214050293,84.6223983764648,0.024058086797595,0.00707539077848196,0.000766155892051756,0.00453522708266973,0.138124510645866,0,0.75022429227829,0,101887.375,NA,4.4805270319479
"NO071",-1.73780965805054,3.14198803901672,15.5068998336792,7.85462427139282,17.2447090148926,5.51389741897583,3.62519097328186,3.49880909919739,6.8809404373169,79.5722808837891,75.1602783203125,76.6763229370117,83.6812973022461,0.00727700581774116,0.000264650181634352,0.000958714575972408,0.00386720546521246,0.302270799875259,0.00797450821846724,0.53223592042923,0.000105835955764633,97689.0546875,NA,2.53069664844528
"NO072",-4.74501752853394,1.03636133670807,15.4096584320068,6.3128514289856,20.1546745300293,2.86844611167908,2.08822202682495,2.70612478256226,3.56152391433716,78.9020309448242,73.4539489746094,75.4491806030273,82.5161895751953,0.00960825197398663,0.000327202491462231,0.00101754383649677,0.00383019936271012,0.398655265569687,0.00033801156678237,0.450589120388031,1.59115268161258e-06,120129.015625,NA,4.62858375734126
"NO073",-6.47043514251709,1.59564363956451,16.9753589630127,6.06840133666992,23.4457931518555,1.71926629543304,1.64819312095642,2.36869192123413,2.13422417640686,80.7149505615234,75.0293197631836,74.9354248046875,84.0258483886719,0.00205081747844815,8.12479993328452e-05,0.000115130183985457,0.00101305916905403,0.585903942584991,0.0288499258458614,0.282224744558334,1.02739886642667e-05,43181.1875,NA,0.900106004125199
"PL213",5.02884674072266,12.6977062225342,24.7099018096924,14.4462890625,19.6810550689697,1.89985597133636,2.26183843612671,1.95087969303131,1.58507513999939,81.1265640258789,69.3058013916016,59.7609214782715,77.1801223754883,0.270555108785629,0.1072738468647,7.08001324234431e-10,0.0689157843589783,0,0,0.049615990370512,0.503639340400696,92014.171875,NA,275.260118685178
"PL214",4.7866063117981,12.5084981918335,24.4845390319824,14.1308450698853,19.6979331970215,1.95940506458282,2.37947511672974,2.07921409606934,1.68841922283173,80.2483673095703,68.9465866088867,60.0284461975098,76.9606781005859,0.242484241724014,0.109908692538738,6.9211292252902e-10,0.0565612241625786,0,0,0.106478497385979,0.48453426361084,893030.125,NA,220.49134805093
"PL217",5.05346059799194,13.0541925430298,24.9997119903564,14.4239873886108,19.9462509155273,1.72073650360107,2.21275115013123,2.03105688095093,1.59098100662231,79.325325012207,67.5328979492188,58.2392921447754,75.5192794799805,0.254887193441391,0.129171162843704,1.76272962892909e-09,0.0369902551174164,0,0,0,0.578543782234192,373031.46875,NA,141.432446035873
"PL218",4.36269569396973,12.358603477478,24.1823787689209,13.5787267684937,19.8196811676025,1.93993628025055,2.42192387580872,2.2932448387146,1.77610242366791,78.9168701171875,67.6349716186523,59.8246192932129,76.1722412109375,0.192568436264992,0.118279926478863,0.000448763079475611,0.0363902971148491,0,0,0.143689513206482,0.508526802062988,475748.625,NA,137.376820971771
"PL219",2.96072340011597,10.4988889694214,22.4854564666748,12.2595701217651,19.524730682373,3.46668839454651,3.45112037658691,3.21568512916565,2.71784830093384,80.6453247070312,70.3462142944336,62.9499130249023,78.5530319213867,0.154985353350639,0.0963369533419609,7.246968743857e-05,0.0420610308647156,0,0,0.628355264663696,0.075617603957653,377395.25,NA,143.411695026757
"PL21A",4.56069040298462,12.1744632720947,24.152193069458,13.9976139068604,19.5915012359619,2.70395636558533,2.76344585418701,2.4494035243988,2.07099294662476,81.4653701782227,70.1308059692383,61.7082939147949,77.7939071655273,0.189211323857307,0.0697859525680542,7.77539310714559e-10,0.0940492153167725,0,0,0.114192917943001,0.532760560512543,705484.1875,NA,356.520969734361
"PL224",5.27652025222778,12.6627330780029,24.6120338439941,14.5130434036255,19.3355140686035,2.35128235816956,2.33860611915588,1.75597167015076,1.66106915473938,82.9144287109375,69.4293594360352,57.8455619812012,77.4051818847656,0.27241051197052,0.0859353169798851,8.50770232041498e-10,0.0385310053825378,0,0,0,0.603123188018799,397905.625,NA,130.454384218494
"PL225",3.95191860198975,11.5874185562134,23.6043319702148,13.4016847610474,19.6524124145508,3.68706345558167,3.34007477760315,3.11680006980896,2.71818351745605,81.2521514892578,70.2285766601562,62.8525047302246,77.7937850952148,0.184588611125946,0.0701479986310005,0.000111881643533707,0.0606742538511753,0,0,0.0571187436580658,0.623591482639313,583847.8125,NA,248.656132263046
"PL227",5.36477327346802,12.8747797012329,24.9024906158447,14.7788238525391,19.5377159118652,2.29452109336853,2.36707425117493,2.0952832698822,1.82451260089874,80.8860702514648,68.9856796264648,58.8086929321289,76.1539840698242,0.322973608970642,0.0746703594923019,4.64907825517002e-05,0.0993518978357315,0,1.91347656578085e-14,0,0.501445591449738,488541.6875,NA,360.382100943243
"PL228",5.40877342224121,12.763843536377,24.7001724243164,14.6363658905029,19.2913990020752,2.39312863349915,2.33228588104248,1.85616171360016,1.7085075378418,82.6117477416992,69.4420776367188,58.3903617858887,77.2264175415039,0.222762301564217,0.060030609369278,1.541751865064e-10,0.0880041718482971,0,0,0,0.628446698188782,455070.65625,NA,289.256530069728
"PL229",5.51890707015991,12.9584455490112,24.9246425628662,14.8606262207031,19.4057331085205,2.28345704078674,2.30132627487183,1.95666372776031,1.75442028045654,81.4645690917969,69.1825332641602,58.9530334472656,76.5097808837891,0.242016211152077,0.048998799175024,1.03206151957913e-10,0.171710178256035,0,9.14756704222365e-15,0,0.53531950712204,472707.0625,NA,549.150710686929
"PL22A",5.41973400115967,12.8875179290771,24.7979717254639,14.7588014602661,19.3782386779785,2.38315773010254,2.3738911151886,2.0304000377655,1.79945194721222,81.8893203735352,69.6446685791016,60.1276550292969,77.0906524658203,0.163031116127968,0.0310544613748789,7.32826022087352e-11,0.194190964102745,0,0,0,0.61040872335434,250631.953125,NA,644.386182902576
"PL22B",5.21831464767456,12.7272539138794,24.6653442382812,14.5646371841431,19.4470291137695,2.3044638633728,2.37554907798767,1.94566822052002,1.72429347038269,82.2898406982422,69.7889022827148,59.7633628845215,77.4877548217773,0.201676279306412,0.0662092566490173,5.0150245067826e-10,0.103096909821033,0,0,0,0.6290083527565,662609.5,NA,364.435499881705
"PL22C",5.05350065231323,12.5540676116943,24.4996318817139,14.4174709320068,19.4461326599121,2.76697182655334,2.63368940353394,2.33387351036072,2.06213331222534,81.5978012084961,69.6216278076172,60.6416091918945,77.0243377685547,0.18045899271965,0.045069482177496,6.44710526103154e-05,0.162540569901466,0,0,0,0.608334600925446,522430,NA,556.307601446392
"PL411",5.11725950241089,12.1159114837646,23.70751953125,14.6048831939697,18.590259552002,1.89147329330444,1.83422183990479,1.80314612388611,1.35445094108582,85.6925811767578,71.38232421875,62.4336318969727,80.5792922973633,0.370998412370682,0.0937825366854668,0.000336264260113239,0.0137962251901627,0,1.95074042504259e-14,0,0.516204118728638,369341.25,NA,57.1298998812772
"PL414",5.27459144592285,12.5880374908447,24.2877864837646,14.7358512878418,19.0131931304932,1.74371230602264,1.74630618095398,1.63561499118805,1.27778780460358,84.128303527832,70.3137512207031,60.216796875,78.9885025024414,0.511407792568207,0.131382033228874,1.19506637918931e-09,0.0207108929753304,0,0,0,0.329408138990402,546150.375,NA,85.2658670400098
"PL415",5.31798934936523,12.8164501190186,24.4985790252686,14.8551025390625,19.180591583252,1.78137719631195,1.74372112751007,1.77456569671631,1.24614465236664,84.0575561523438,70.1353225708008,59.665111541748,78.767448425293,0.465265333652496,0.104122579097748,4.32356067614492e-10,0.0884403213858604,0,0,0,0.338468730449677,90154.8515625,NA,357.837433179094
"PL416",5.42284297943115,12.8014726638794,24.7010364532471,14.6752805709839,19.2781944274902,1.88405346870422,1.9465343952179,1.61846959590912,1.42550337314606,82.6966934204102,69.2843170166016,57.1318778991699,77.6065826416016,0.481601983308792,0.121279582381248,1.4015589799854e-09,0.0247680135071278,0,2.45276601085849e-15,0,0.369560331106186,529790.4375,NA,91.3932504970569
"PL417",5.52479696273804,12.9630289077759,24.7041683197021,14.989070892334,19.179370880127,1.82496654987335,1.8170520067215,1.75277066230774,1.31135845184326,83.4263610839844,69.5219421386719,58.1089553833008,78.1515960693359,0.421259999275208,0.106230065226555,3.23532658512704e-05,0.0268404800444841,0,4.35115471756307e-14,0,0.441112756729126,634442.8125,NA,106.207039963229
"PL418",5.32030248641968,12.6906251907349,24.3485641479492,14.8498411178589,19.0282611846924,1.81488835811615,1.7633204460144,1.77192080020905,1.25795078277588,84.3714599609375,70.2258911132812,60.0490303039551,79.1013717651367,0.454755812883377,0.10276136547327,4.78469009976834e-05,0.0387854613363743,0,5.40676588583707e-15,0,0.400515913963318,805054.375,NA,164.407909654887
"PL424",5.42582035064697,12.386589050293,23.8478775024414,15.0451345443726,18.4220561981201,1.92565429210663,1.7818831205368,1.63935148715973,1.42769122123718,85.5162887573242,72.3365859985352,63.5806541442871,80.1644439697266,0.332498788833618,0.0990917086601257,1.28881394445557e-09,0.0495082475244999,0,9.91275119578477e-15,0,0.47890716791153,55360.53125,NA,186.584631676206
"PL426",4.8561053276062,11.4839324951172,22.3989639282227,14.6003694534302,17.5428600311279,2.75792050361633,2.18326258659363,2.12138652801514,2.19215202331543,85.9311218261719,74.3012619018555,71.4977111816406,83.204948425293,0.237616077065468,0.0655993297696114,0.000355160998879001,0.0163040086627007,0,1.64679467978823e-14,0,0.560806632041931,188828.28125,NA,43.4732065449282
"PL427",5.09470748901367,11.8452701568604,23.3397483825684,14.6328907012939,18.2450408935547,2.2423985004425,2.00654864311218,1.96315217018127,1.68521535396576,86.3968276977539,72.3208847045898,64.475700378418,81.1668090820312,0.269232392311096,0.0732342526316643,0.00184642698150128,0.0152299450710416,0,1.67843847544494e-14,0,0.627984464168549,493045.5,NA,47.8622890971462
"PL428",5.39146614074707,12.2089052200317,23.6809463500977,15.0005073547363,18.2894802093506,2.05948376655579,1.83669984340668,1.76470148563385,1.54176485538483,85.4292526245117,72.4807662963867,63.9033012390137,80.036018371582,0.340866476297379,0.108038298785686,0.000154365960042924,0.0219474416226149,0,6.69305377180157e-14,0,0.49497589468956,530382,NA,71.1864100230699
"PL431",5.39786624908447,12.7947626113892,24.2854328155518,15.1900339126587,18.8875675201416,1.92201328277588,1.80060005187988,1.74230968952179,1.38706612586975,84.4715347290039,69.632698059082,59.7211074829102,78.721076965332,0.215116515755653,0.0728031098842621,0.000801419839262962,0.0177479740232229,0,1.38571947428008e-14,0,0.687909364700317,360301.8125,NA,59.5694892598167
"PL432",5.53274965286255,13.1227283477783,24.812463760376,15.2825784683228,19.2797145843506,1.90094256401062,1.8578873872757,1.87177217006683,1.44307553768158,82.6178359985352,68.4884872436523,56.5438346862793,77.0537033081055,0.230770081281662,0.0578194819390774,0.000207947014132515,0.0284145530313253,0,3.57454680004893e-15,0,0.679057419300079,626101.75,NA,79.5174507929039
"PL514",5.5548791885376,13.1230010986328,25.1396484375,15.0053806304932,19.5847702026367,1.77633881568909,1.96025383472443,1.73727035522461,1.44430088996887,81.3046646118164,68.9841918945312,57.0188369750977,76.9479293823242,0.381855249404907,0.0899698138237,8.59650184370508e-10,0.0513579249382019,0,0,0,0.476651787757874,67468.4296875,NA,233.466108215218
"PL515",4.79327535629272,12.4659280776978,24.2395839691162,14.5908460617065,19.4463081359863,3.08559513092041,2.71636247634888,2.65318536758423,2.30488157272339,83.1677780151367,70.9842834472656,59.7746315002441,78.8580093383789,0.283786594867706,0.086909830570221,0.00020394308376126,0.0348251834511757,0,2.79554033933804e-15,0,0.593780815601349,525796.6875,NA,94.5653898250439
"PL516",5.6462230682373,13.1852083206177,25.0602340698242,15.1003856658936,19.4140110015869,1.79113245010376,1.97915828227997,1.89506816864014,1.44059777259827,81.7394104003906,69.2530822753906,56.8191757202148,77.2170028686523,0.391190499067307,0.0962860286235809,5.676929049514e-06,0.0345375016331673,0,0,0,0.475593209266663,356427,NA,104.632899365216
"PL517",4.01585292816162,11.4332628250122,23.4896049499512,13.5686197280884,19.4737529754639,2.43093347549438,2.52305102348328,2.38480854034424,1.88173401355743,83.1090469360352,71.9787521362305,61.289134979248,79.7579498291016,0.350557029247284,0.112009115517139,0.00194922054652125,0.0332078598439693,0,1.85412992230948e-15,0.0342586785554886,0.467990577220917,447565.6875,NA,106.65098574683
"PL518",5.3700795173645,12.9259052276611,24.9425029754639,14.8315858840942,19.5724239349365,1.76102006435394,2.00317597389221,1.80203127861023,1.46111404895782,81.2216644287109,69.2236404418945,57.4011116027832,77.0680847167969,0.420902192592621,0.101877704262733,1.11458886564719e-09,0.03997952491045,0,8.5363489145179e-15,0,0.436447083950043,1100913.75,NA,172.431115473081
"PL523",4.76453018188477,12.3733558654785,24.4553184509277,14.4023418426514,19.690788269043,2.15631246566772,2.37129426002502,2.10018420219421,1.76610243320465,81.320182800293,69.971076965332,58.7684440612793,77.201057434082,0.449108004570007,0.110205262899399,0.000274094025371596,0.0242470055818558,0,1.31926719846914e-14,0,0.414664089679718,327792.625,NA,80.4101183389007
"PL524",5.4801721572876,12.9517078399658,24.9825019836426,14.8534641265869,19.5023307800293,2.05713367462158,2.16379332542419,1.82517993450165,1.60262155532837,81.5020904541016,69.002067565918,57.1054496765137,76.5766448974609,0.359730005264282,0.0838507041335106,7.58429985481257e-10,0.0349990800023079,0,6.30188531702347e-15,0,0.518303692340851,500272.65625,NA,94.5335298792158
"PL613",5.12158346176147,12.1229858398438,23.6983737945557,14.5103359222412,18.5767917633057,1.64467132091522,1.73230600357056,1.75433707237244,1.29353857040405,85.3091354370117,71.8414154052734,63.4309158325195,80.626953125,0.456837922334671,0.111704669892788,8.70229666105615e-10,0.041574414819479,0,0,0,0.38090193271637,443047.40625,NA,152.823046445359
"PL616",4.99161911010742,12.1711616516113,23.7891159057617,14.4482202529907,18.7974967956543,1.72898352146149,1.7421886920929,1.85408163070679,1.38022434711456,85.7074584960938,72.2979583740234,64.5410842895508,80.9601135253906,0.478728860616684,0.121044375002384,3.00802075798856e-05,0.0305182002484798,0,0,0,0.360794007778168,457297.1875,NA,112.314500462728
"PL617",5.11438083648682,12.2391214370728,23.8203964233398,14.5739583969116,18.7060165405273,1.61556363105774,1.69564974308014,1.68962252140045,1.21940672397614,85.0834579467773,71.4542236328125,62.5091743469238,80.1866073608398,0.50611424446106,0.122098803520203,1.52665380337424e-09,0.0235000550746918,0,0,0,0.338072270154953,373167.40625,NA,93.300102765669
"PL618",4.98882722854614,11.6949815750122,23.2923927307129,14.3592882156372,18.3035659790039,1.89499855041504,1.85255813598633,1.80771839618683,1.43942129611969,86.2676391601562,72.7679824829102,64.7824478149414,81.4219055175781,0.334425956010818,0.0866730064153671,0.000112522924609948,0.0266793742775917,0,3.46700665003257e-15,0,0.542633891105652,324515.65625,NA,97.3745367041671
"PL619",5.16929960250854,12.4679737091064,24.1009883880615,14.5837345123291,18.9316902160645,1.71526300907135,1.74685990810394,1.69009959697723,1.29802072048187,84.5192108154297,71.0258712768555,62.2740058898926,80.013542175293,0.461341828107834,0.116863057017326,1.60446300689898e-09,0.0233335252851248,0,0,0,0.380695074796677,309630.5625,NA,85.4963493569066
"PL621",4.40451288223267,11.8918972015381,23.4044971466064,14.2513637542725,18.9999847412109,2.15277218818665,1.91578662395477,2.04611468315125,1.88457214832306,85.9100875854492,72.9037322998047,67.4177474975586,82.0474243164062,0.303383946418762,0.106750383973122,0.000348057510564104,0.0200688559561968,0,0.00881964713335037,0,0.493503242731094,424104.34375,NA,58.3387504235152
"PL622",3.9268057346344,11.5015497207642,23.4623489379883,13.8912439346313,19.5355434417725,2.19852662086487,1.97297263145447,1.99195420742035,1.86350667476654,85.4220809936523,71.6751556396484,65.2602233886719,81.8321838378906,0.26971235871315,0.114900015294552,0.000213043691474013,0.015915909782052,1.08969570646877e-05,0.0071208979934454,0.338927656412125,0.231076598167419,519746.6875,NA,50.5812352377948
"PL623",3.73774027824402,11.515248298645,23.6237373352051,13.7150955200195,19.8859958648682,2.00605916976929,1.92274284362793,1.95850837230682,1.76357996463776,85.1808013916016,70.8190841674805,63.9602470397949,81.5405960083008,0.272714525461197,0.116028875112534,0.00116063980385661,0.0117924343794584,1.18384496090584e-05,0.0164396353065968,0.0846541970968246,0.442839980125427,253452.5,NA,39.9416620799331
"PL633",4.54422569274902,11.566219329834,22.4765701293945,14.5370922088623,17.9323444366455,2.36664867401123,1.86119365692139,2.04184985160828,2.04378151893616,84.958122253418,74.6036148071289,72.5665893554688,83.0021438598633,0.31292849779129,0.091625265777111,1.02171782145888e-09,0.0749111324548721,0,0,0,0.33183491230011,119339.5703125,NA,270.817596219718
"PL634",4.48253488540649,11.2372188568115,22.1667785644531,14.43150806427,17.6842441558838,2.69666624069214,1.9792183637619,2.09129595756531,2.21262645721436,85.3948974609375,75.2736206054688,73.6373596191406,83.4674911499023,0.259717047214508,0.074403427541256,0.000326153036439791,0.0378156155347824,0,1.67387570400024e-05,0,0.414437621831894,625704.1875,NA,146.920208060315
"PL636",4.46299076080322,11.0767869949341,21.9507160186768,14.3677682876587,17.4877262115479,3.30357623100281,2.34325265884399,2.17283272743225,2.44707798957825,86.6191711425781,74.848258972168,73.4499282836914,84.3301773071289,0.242218494415283,0.0605232268571854,7.01042881701142e-05,0.014184633269906,0,0,0,0.621921718120575,225321.96875,NA,43.2881498607273
"PL637",4.64856910705566,11.1352338790894,22.6168975830078,14.1705722808838,17.9683265686035,2.52143096923828,2.141597032547,2.00776934623718,1.82467377185822,87.5286407470703,73.9037170410156,67.8415603637695,83.0198440551758,0.262329012155533,0.0700166374444962,0.000231495607295074,0.0124903423711658,0,8.40325610982349e-16,0,0.640867233276367,215971.53125,NA,52.7910016794679
"PL638",4.85648155212402,11.7770805358887,23.2095985412598,14.3636617660522,18.3531188964844,1.89567732810974,1.80358266830444,1.90632212162018,1.64918768405914,85.6460876464844,73.504524230957,67.3420944213867,81.5948486328125,0.338562846183777,0.0980141535401344,0.000426939688622952,0.0298205390572548,0,3.08482178434141e-15,0,0.473101437091827,449935.1875,NA,110.205392219721
"PL711",5.2578649520874,12.6391878128052,24.5922260284424,14.3713512420654,19.3343620300293,2.12106347084045,2.05756449699402,1.60415375232697,1.45056331157684,83.172492980957,70.225227355957,58.7190361022949,78.4356689453125,0.385777860879898,0.104195713996887,1.10025599742158e-09,0.0912075489759445,0,0,0,0.418818861246109,82670.984375,NA,284.054577976804
"PL712",5.23557472229004,12.6332921981812,24.5837726593018,14.3686866760254,19.3481979370117,2.11855340003967,2.05653047561646,1.60650825500488,1.4440084695816,83.2044677734375,70.2782745361328,58.9101905822754,78.5082931518555,0.392098039388657,0.10669968277216,1.00886421439128e-09,0.0829774215817451,0,0,0,0.417969584465027,573066.5,NA,258.193551065521
"PL713",5.29435443878174,12.7612285614014,24.775764465332,14.4478712081909,19.481409072876,2.18065786361694,2.14794254302979,1.61431670188904,1.51796936988831,82.7986755371094,69.6705856323242,57.9389381408691,77.962028503418,0.334703683853149,0.106402210891247,5.6846394258514e-10,0.0329369157552719,0,0,0,0.52595716714859,518837.5625,NA,87.9199289240937
"PL714",5.5225305557251,12.875433921814,24.8170928955078,14.6836776733398,19.2945652008057,2.10284495353699,2.03285527229309,1.60399580001831,1.50181770324707,82.7051773071289,69.4087295532227,57.0230598449707,77.5390472412109,0.411015301942825,0.119097866117954,1.49771495205897e-09,0.0367275066673756,0,0,0,0.433117359876633,606886.375,NA,108.275738859594
"PL715",5.19347095489502,12.6775236129761,24.5225620269775,14.4990758895874,19.3290901184082,1.90982913970947,1.90124404430389,1.575239777565,1.35555672645569,83.2703552246094,70.2166976928711,60.3956718444824,78.9927139282227,0.424678385257721,0.130903646349907,0.000141317024827003,0.0226800106465816,0,0,0,0.417346298694611,317179.15625,NA,77.8671869681695
"PL721",5.09028911590576,12.7644243240356,24.8365535736084,14.3123903274536,19.7462635040283,2.04352068901062,2.05184721946716,1.60554218292236,1.53781390190125,82.1229400634766,69.1134414672852,57.9765815734863,77.7575531005859,0.26387631893158,0.0992866531014442,1.14354137270567e-09,0.0369728207588196,0,0,0,0.599613547325134,550414.8125,NA,109.873795270082
"PL722",5.20525789260864,12.9445714950562,25.0065536499023,14.535041809082,19.8012962341309,1.85366141796112,2.07120299339294,1.64687514305115,1.51001918315887,81.2784423828125,68.5297775268555,57.5474472045898,76.8206558227539,0.294519931077957,0.118940077722073,1.52539525455353e-09,0.0315857604146004,0,0,0,0.553907334804535,654513.3125,NA,98.6161877156405
"PL811",4.50274181365967,12.6939706802368,24.9019107818604,13.9416074752808,20.399169921875,1.89479374885559,1.95073628425598,1.63969004154205,1.44126200675964,82.3410797119141,68.5682678222656,57.6886024475098,77.9356155395508,0.361337959766388,0.130187913775444,0.00128975906409323,0.0109444512054324,0,0,0,0.494154870510101,169052.109375,NA,28.4023387343576
"PL812",4.6455340385437,12.8173894882202,24.9603996276855,14.1732015609741,20.3148670196533,1.84295237064362,2.03200888633728,1.85283958911896,1.47061610221863,81.3381958007812,68.4458312988281,58.7609634399414,76.969841003418,0.378465443849564,0.121175825595856,5.7447196013527e-05,0.017466489225626,0,0.00684892944991589,0,0.475090593099594,463062.8125,NA,49.815321693522
"PL814",4.74311637878418,12.730525970459,24.8544158935547,14.067645072937,20.1112995147705,2.05044102668762,2.12899899482727,1.60462832450867,1.52955913543701,81.8620452880859,68.3997650146484,58.0349388122559,77.6345748901367,0.42167067527771,0.126361444592476,0.000185127748409286,0.0450262576341629,0,0,0,0.405139356851578,623112.5,NA,148.562172237333
"PL815",4.9370493888855,12.8249235153198,24.9174690246582,14.1881151199341,19.9804191589355,1.99640393257141,2.05858111381531,1.60330438613892,1.5297030210495,81.594367980957,68.1542282104492,57.7695579528809,77.5715866088867,0.35960066318512,0.124285109341145,3.29953400068916e-05,0.0206703618168831,0,0,0,0.491832137107849,438636.71875,NA,77.8909111992535
"PL821",4.82978820800781,13.1217737197876,24.8162651062012,14.1330299377441,19.9864768981934,2.30714464187622,2.64202117919922,2.19916558265686,1.93950021266937,81.2361755371094,68.9610443115234,61.0558052062988,76.8021240234375,0.164943009614944,0.0807512179017067,8.49464631755836e-05,0.0241538845002651,0,0.00824993476271629,0.00811137072741985,0.71367347240448,355625.15625,NA,63.9028348445435
"PL822",5.25179290771484,13.3338441848755,25.1218757629395,14.5611534118652,19.8700828552246,2.1789813041687,2.45389604568481,1.94032216072083,1.70188128948212,80.3928298950195,68.1659164428711,59.3819885253906,75.8064575195312,0.25238111615181,0.098570428788662,0.000191423518117517,0.0187126491218805,0,0.0878453478217125,0,0.542299032211304,308393.8125,NA,72.1806948954631
"PL823",5.27880334854126,13.3244304656982,25.2418632507324,14.6673192977905,19.9630603790283,2.15569591522217,2.3322811126709,1.93376135826111,1.69011890888214,80.163932800293,67.6712265014648,57.9528770446777,75.5190811157227,0.20542973279953,0.103486374020576,3.8017299175408e-06,0.0382659770548344,0,0,0,0.652814149856567,461524.46875,NA,131.717424124554
"PL824",5.23334217071533,13.1785449981689,25.1860370635986,14.6257190704346,19.952693939209,1.97992444038391,2.16507911682129,1.8340038061142,1.56848728656769,80.244026184082,67.6126251220703,57.2724418640137,75.7880020141602,0.256677061319351,0.107593350112438,1.19956882826955e-06,0.0368496626615524,0,0,0,0.598150908946991,560239.0625,NA,125.042828033515
"PL841",3.70342302322388,11.9647979736328,24.2809810638428,13.660982131958,20.5775585174561,1.80549073219299,1.9293167591095,1.77386331558228,1.54144859313965,84.3962707519531,69.7057266235352,60.2221565246582,79.7720947265625,0.269372701644897,0.106759130954742,0.00653545092791319,0.0256348829716444,0,0.00687099946662784,0,0.583155393600464,408866.625,NA,80.0447327296717
"PL842",4.1592526435852,12.2274436950684,24.449333190918,13.9097299575806,20.2900810241699,1.94246459007263,2.00147724151611,1.83045172691345,1.56296181678772,84.2213592529297,69.7140045166016,59.9998817443848,79.6795425415039,0.305997580289841,0.138423353433609,0.00351388053968549,0.0112850302830338,0,1.0153918416527e-14,0,0.54048502445221,343631.25,NA,39.0425710187162
"PL843",3.74509072303772,11.6970710754395,23.931604385376,13.6737260818481,20.1865139007568,1.90781462192535,1.91149914264679,1.83439230918884,1.67076730728149,84.8081741333008,70.3318328857422,62.278938293457,80.8125457763672,0.30064645409584,0.117395609617233,0.00487352861091495,0.00996974762529135,0,0.0175663121044636,0,0.535998344421387,226590.234375,NA,36.6789667599374
"PL911",5.02248907089233,12.7834978103638,24.8063430786133,14.469672203064,19.7838535308838,1.98185479640961,1.84220468997955,1.65031635761261,1.38386189937592,82.8384323120117,69.1203155517578,59.6482391357422,79.1199569702148,0.219870567321777,0.0647463575005531,7.72316821606722e-10,0.165996447205544,0,0,0,0.540894210338593,358533.53125,NA,709.729485166241
"PL912",4.7831654548645,12.629734992981,24.6694660186768,14.3136692047119,19.8863010406494,1.9292209148407,1.87562727928162,1.66717851161957,1.41204071044922,83.074104309082,69.2645416259766,59.7143745422363,79.2900619506836,0.271007806062698,0.101492263376713,0.000676011200994253,0.09193304926157,0,0,0,0.530966401100159,1253233.25,NA,398.256937083131
"PL913",5.08807992935181,12.7574691772461,24.7857398986816,14.4561834335327,19.697660446167,1.91828727722168,1.82700037956238,1.61120522022247,1.37120771408081,82.7712326049805,69.4161834716797,59.8962554931641,79.1102752685547,0.266059428453445,0.0790850967168808,0.000265525217400864,0.106578834354877,0,0,0,0.537395000457764,1121573.875,NA,454.353037527901
"PL921",5.05889272689819,12.7845001220703,24.9312191009521,14.2314386367798,19.8723258972168,1.86150860786438,1.99060297012329,1.54572999477386,1.48681116104126,81.4829711914062,68.7863922119141,58.1894569396973,77.9214019775391,0.296688288450241,0.106567427515984,0.000335823162458837,0.0298304855823517,0,0,0,0.561636090278625,592351.1875,NA,103.170443351886
"PL922",4.7977032661438,12.3389797210693,24.2601299285889,14.3209400177002,19.4624252319336,1.9469792842865,1.85748112201691,1.66710448265076,1.46966290473938,84.6920471191406,70.8886184692383,62.0123596191406,80.4519424438477,0.362211912870407,0.137455180287361,0.000118990559712984,0.014363463036716,0,1.3276573350974e-15,0,0.483873516321182,318851.6875,NA,60.7444286154671
"PL923",4.90578842163086,12.4450216293335,24.1628303527832,14.4430465698242,19.2570400238037,1.82643234729767,1.82269644737244,1.63197565078735,1.33657360076904,84.4771270751953,71.0282745361328,62.4004592895508,80.1204299926758,0.394255578517914,0.1344223767519,1.17690468481868e-09,0.022542966529727,0,0,0,0.438259571790695,284892.5,NA,86.054170011263
"PL924",4.38820838928223,12.1583290100098,24.2343158721924,14.058650970459,19.8461093902588,2.03285384178162,2.00312781333923,1.82340693473816,1.6087167263031,84.3475036621094,70.0966339111328,60.8496284484863,80.1619491577148,0.269195914268494,0.142320722341537,0.00018673091835808,0.0122015308588743,0,1.45174535370537e-14,0,0.575794458389282,320466.8125,NA,49.3061848323385
"PL925",4.70260572433472,12.6688966751099,24.7953319549561,14.2225246429443,20.0927257537842,1.86729669570923,1.93704545497894,1.66196358203888,1.46847665309906,83.2504425048828,69.3154830932617,59.1992263793945,79.160270690918,0.342983156442642,0.139673188328743,0.000197174929780886,0.014583108946681,0,0,0,0.500146150588989,395289.375,NA,66.1926879112694
"PL926",5.21668100357056,12.7865610122681,24.8548336029053,14.3782453536987,19.6381530761719,1.8664174079895,1.90999412536621,1.53288650512695,1.38833975791931,82.1465911865234,69.2499389648438,59.0705490112305,78.5220108032227,0.346488803625107,0.118548415601254,0.00132265489082783,0.0182773135602474,0,0,0,0.509365737438202,207120.296875,NA,81.8182141097168
"PT111",10.7071495056152,14.8659420013428,23.0703296661377,18.4541778564453,12.3631811141968,5.88784122467041,3.57700681686401,0.965276718139648,3.98183870315552,83.5425415039062,76.4640502929688,71.4697036743164,79.3119506835938,0.0742791593074799,0.110764123499393,4.97717034253498e-10,0.0531858913600445,2.95793506666087e-05,0,0.606725513935089,0,231258.78125,NA,104.635639767094
"PT112",10.064603805542,14.3743181228638,22.7509460449219,17.9567222595215,12.6863403320312,5.74743223190308,3.5212082862854,0.938956439495087,3.84825897216797,83.5170059204102,75.8145446777344,70.1071624755859,78.6263122558594,0.078971691429615,0.0996049791574478,3.66742386459507e-10,0.062823124229908,2.29361303354381e-05,0,0.649231016635895,0,141455.234375,NA,114.960019001006
"PT119",9.49791431427002,14.2655334472656,23.2760925292969,17.8440990447998,13.7781791687012,5.11662530899048,3.17304110527039,0.797021389007568,3.23461866378784,83.3368682861328,73.486442565918,65.7186584472656,76.0926284790039,0.114907130599022,0.111774623394012,0.000155177287524566,0.0549829453229904,1.72498730535153e-05,0,0.717124819755554,0,247066.0625,NA,169.101986897188
"PT11A",11.6520366668701,16.1515731811523,24.4369010925293,19.7182025909424,12.7848625183105,4.94306230545044,3.02327537536621,0.745863854885101,2.91530394554138,83.0891571044922,74.2089080810547,67.3903198242188,76.7485656738281,0.106870904564857,0.0784600228071213,1.27621502254982e-09,0.0718404874205589,2.43306680834979e-23,0,0.742828547954559,0,210352.28125,NA,105.027737327986
"PT11B",8.31246376037598,14.0560855865479,24.3491058349609,17.4768390655518,16.036642074585,4.40121650695801,2.84361982345581,0.808493733406067,2.80359315872192,81.8996810913086,69.0150299072266,57.3274230957031,71.015869140625,0.115543738007545,0.114732310175896,0.000743113341741264,0.011681729927659,4.12368499382865e-05,0.00785614922642708,0.743667840957642,0.00195585889741778,82532.046875,NA,28.2063836319688
"PT11C",10.6119956970215,15.3005142211914,24.0229187011719,18.8825263977051,13.4109210968018,4.67880964279175,2.88146305084229,0.708321869373322,2.81084156036377,82.9654312133789,73.116943359375,65.661735534668,75.7648620605469,0.155680179595947,0.12888765335083,1.85486881409958e-09,0.0618224106729031,2.51402744528045e-23,0,0.653609752655029,0,514404.84375,NA,280.411196698775
"PT11D",9.32065963745117,15.1794481277466,25.607629776001,18.6065540313721,16.2869682312012,2.97006011009216,1.87452566623688,0.520883858203888,1.69712567329407,81.1685028076172,66.4669036865234,53.0376167297363,68.6698760986328,0.152539163827896,0.137147903442383,0.00265860394574702,0.0112912375479937,3.10585441809508e-08,0.282535463571548,0.33359283208847,0.0802347809076309,152646.25,NA,37.6689598464757
"PT11E",8.71462249755859,15.2469282150269,26.2309627532959,18.4575614929199,17.5163402557373,2.7515184879303,1.7831779718399,0.554025292396545,1.63858389854431,80.1650619506836,64.3457641601562,48.6181678771973,66.6928100585938,0.178562834858894,0.173442795872688,0.0128372590988874,0.00680785300210118,2.79736595985014e-05,0.203163534402847,0.340697973966599,0.083539254963398,89373.8984375,NA,16.2654345888918
"PT150",13.8968744277954,18.2525653839111,25.4447135925293,21.4413585662842,11.5478391647339,2.37229537963867,1.32270741462708,0.191973179578781,1.45685815811157,79.9004592895508,69.7672271728516,60.2748260498047,73.1533508300781,0.115253180265427,0.100462205708027,0.0116530805826187,0.0178778171539307,0,0.426622301340103,0,0.119842074811459,303872.75,NA,61.228909514719
"PT16B",14.0278844833374,18.0936145782471,25.1461582183838,21.466646194458,11.1182727813721,2.41591787338257,1.4265969991684,0.307298690080643,1.64840519428253,80.2009887695312,73.3445434570312,72.1221542358398,77.2516250610352,0.217252090573311,0.214819401502609,2.08854222805144e-09,0.0348467566072941,9.87376095411978e-24,0.0644024685025215,0.176162615418434,0.0246106255799532,311480.75,NA,140.084023324735
"PT16D",12.5084600448608,16.9449462890625,25.1657962799072,20.5365619659424,12.6573333740234,4.4537615776062,2.70188522338867,0.664998233318329,2.53320789337158,82.524284362793,74.0456466674805,67.4261932373047,76.4704666137695,0.0791117995977402,0.0548884905874729,7.96003651881705e-10,0.067087933421135,2.65092226469579e-23,0,0.755655765533447,0,77638.328125,NA,46.2354858303921
"PT16E",12.7060241699219,17.1960144042969,25.8168678283691,20.8913879394531,13.1108417510986,3.52284836769104,2.1500186920166,0.508022725582123,2.01930236816406,81.2923583984375,72.5132369995117,65.1242294311523,74.681884765625,0.0897431075572968,0.0795632004737854,8.47077297194687e-10,0.0526923350989819,1.89532415285997e-23,0.164772719144821,0.491368442773819,0.0249872487038374,326580.71875,NA,74.0595006342155
"PT16F",13.1720151901245,17.4991416931152,25.1382694244385,20.9104385375977,11.9662523269653,3.0151801109314,1.8231418132782,0.483086884021759,1.97868609428406,80.5457916259766,72.552734375,69.9041900634766,76.5575332641602,0.126972168684006,0.141916945576668,1.28239951990849e-09,0.0775018930435181,1.44033497848009e-24,0.48733651638031,0.0377670489251614,0.096642330288887,216550.328125,NA,90.0391285957864
"PT16G",11.454683303833,16.5326023101807,25.8117713928223,20.0920448303223,14.3570890426636,4.24468326568604,2.6424298286438,0.647516131401062,2.50397682189941,82.1133804321289,70.8533706665039,60.2317733764648,72.3879547119141,0.0965779423713684,0.0660652816295624,1.42831768634721e-09,0.0416579730808735,4.40713237464185e-23,0.0241896957159042,0.766294896602631,0.00521425111219287,245980.109375,NA,76.6849487187344
"PT16H",11.8647871017456,17.6854343414307,27.5939712524414,21.0714893341064,15.7291851043701,2.70386266708374,1.69134378433228,0.38726869225502,1.90291035175323,77.2262725830078,62.156566619873,48.0713233947754,64.4913558959961,0.123922169208527,0.162168681621552,0.0328660868108273,0.0101116960868239,0,0.530534446239471,0,0.140263065695763,75791.1171875,NA,16.624954016291
"PT16I",12.9305849075317,17.5641765594482,25.6469211578369,20.9935455322266,12.7163381576538,2.89125561714172,1.74280345439911,0.44575822353363,1.96354079246521,80.0950241088867,69.6099548339844,63.3755836486816,73.4151306152344,0.121130153536797,0.141846105456352,0.00949150510132313,0.0573272444307804,0,0.546912848949432,0,0.116879433393478,164145.265625,NA,48.7977107178497
"PT16J",10.3047962188721,16.1444835662842,26.8812847137451,19.7287273406982,16.576488494873,2.98295044898987,2.0119936466217,0.472525477409363,2.02436685562134,80.0342330932617,65.3188095092773,48.685432434082,66.4387588500977,0.140543445944786,0.178290903568268,0.0137078929692507,0.0118856616318226,2.02515346069161e-24,0.477526724338531,0.0271958950906992,0.150735378265381,159182.5625,NA,25.1953683210481
"PT170",14.7168626785278,18.9600772857666,26.0205707550049,22.2941856384277,11.3037052154541,2.26874279975891,1.32990658283234,0.23849830031395,1.56778740882874,80.0116577148438,71.7100830078125,68.2490234375,75.4575653076172,0.173031985759735,0.17562735080719,0.000144712277688086,0.154453799128532,2.85365156956397e-25,0.197627931833267,0.00509133981540799,0.0772313550114632,2014579,NA,689.04141655308
"PT181",14.2008390426636,18.5180339813232,25.8265228271484,21.8720836639404,11.6256828308105,2.18051838874817,1.30628156661987,0.192593693733215,1.40123999118805,80.2167510986328,71.8811645507812,66.6638488769531,75.3717193603516,0.176910772919655,0.16884009540081,0.0436808317899704,0.0161631349474192,0,0.249281242489815,0,0.101255767047405,90496.53125,NA,17.2505575821137
"PT184",13.6925077438354,18.8498001098633,27.0783958435059,22.1335964202881,13.3858890533447,1.933025598526,1.30062448978424,0.231017664074898,1.23363220691681,78.4722442626953,65.7027740478516,54.9839515686035,68.7464141845703,0.292946755886078,0.260446727275848,0.0479120649397373,0.0101856384426355,0,0.202889144420624,0,0.173953920602798,119479.046875,NA,14.0874918042324
"PT185",14.012225151062,18.4626293182373,26.1397686004639,21.9186325073242,12.1275434494019,2.31508851051331,1.39004123210907,0.306931793689728,1.60627162456512,80.0563583374023,69.0957260131836,62.8028182983398,73.2982635498047,0.256467640399933,0.279005289077759,0.016421115025878,0.0456875525414944,0,0.261612176895142,0,0.135028600692749,344703.9375,NA,80.1434235288787
"PT186",13.0955209732056,18.78635597229,28.1714115142822,22.1878719329834,15.0758895874023,2.34922695159912,1.43110966682434,0.32174950838089,1.61882865428925,76.864616394043,61.8981437683105,49.8845977783203,64.8243179321289,0.24652062356472,0.280900448560715,0.0288326404988766,0.0119688613340259,0,0.264144510030746,0,0.167632907629013,108693.0546875,NA,17.8733912303041
"PT187",13.6791524887085,19.068826675415,27.9921951293945,22.5614204406738,14.3130416870117,2.04682517051697,1.34755635261536,0.25866162776947,1.3665577173233,77.1426391601562,63.1558456420898,51.959644317627,65.9811477661133,0.30429944396019,0.314955055713654,0.0345799699425697,0.0168461445719004,0,0.164506390690804,0,0.164072126150131,174073.15625,NA,23.5560564035976
"RO111",6.27226686477661,15.348874092102,26.9210796356201,15.8063917160034,20.648811340332,2.30858683586121,2.44743084907532,2.10983276367188,1.78243982791901,78.7413101196289,64.4753341674805,54.3980178833008,71.1425323486328,0.408377677202225,0.177390232682228,0.0107370149344206,0.00634875241667032,0,0.22392027080059,0.0161230899393559,0.157102942466736,284670.96875,NA,38.2261634857062
"RO112",2.69159531593323,12.6390218734741,24.0122165679932,13.1277656555176,21.3206214904785,2.03331136703491,2.62018013000488,2.19406747817993,1.7479704618454,80.3932647705078,68.3430633544922,61.1389236450195,75.2323837280273,0.245828911662102,0.181086763739586,0.0187000203877687,0.0054531916975975,3.0485989555018e-05,0.0060382541269064,0.529042482376099,0.013819876126945,212028.75,NA,39.5955586110023
"RO113",4.59604597091675,13.9392337799072,25.2045574188232,14.357213973999,20.608512878418,2.18479919433594,2.52385854721069,2.17816758155823,1.6753077507019,79.5704574584961,66.9991302490234,59.2302665710449,73.9178237915039,0.344285249710083,0.214175418019295,0.019001554697752,0.00961013697087765,4.14509760750465e-33,0.209986075758934,0.0861914157867432,0.116750173270702,513109.34375,NA,76.7679093361029
"RO114",2.78198790550232,12.2191934585571,23.5881175994873,12.7592658996582,20.8061294555664,2.49326968193054,2.74936199188232,2.48071503639221,2.06152415275574,80.6637878417969,68.9964599609375,62.3160438537598,75.9325332641602,0.140276700258255,0.159046918153763,0.0199561137706041,0.0102385841310024,0.000167908772709779,0.0124021032825112,0.649703025817871,0.00820866040885448,358005.34375,NA,56.8850742015817
"RO115",6.03142786026001,15.6106224060059,26.9491004943848,15.7725467681885,20.9176712036133,1.94600689411163,2.03137612342834,1.71418941020966,1.49890387058258,78.1364135742188,62.9494552612305,53.5353584289551,70.2366485595703,0.509838938713074,0.180903390049934,0.0013539947103709,0.00829746481031179,1.8984409280165e-06,0.0506269671022892,0.132567167282104,0.116410180926323,254164.421875,NA,56.6540993400432
"RO116",5.31019353866577,14.7163362503052,26.0074691772461,14.9946851730347,20.6972732543945,1.7556631565094,2.1591374874115,1.86359131336212,1.46601986885071,78.8773040771484,65.3011169433594,56.755687713623,72.4761123657227,0.360338032245636,0.225480943918228,0.00492318952456117,0.00655158935114741,0,0.201640829443932,0.0463843047618866,0.154681161046028,137430.5,NA,36.0106721602767
"RO121",4.31477928161621,13.1968030929565,24.5782794952393,13.889386177063,20.263500213623,1.72860682010651,2.23540544509888,2.05606126785278,1.39525961875916,77.9890518188477,67.646369934082,60.4360961914062,73.5690307617188,0.234800413250923,0.200111761689186,0.0406533740460873,0.00523880263790488,8.65855267982357e-32,0.114574275910854,0.330830723047256,0.0737906843423843,213639.15625,NA,34.3103008894557
"RO122",3.76769161224365,13.1715660095215,24.277494430542,13.5304517745972,20.5098056793213,1.82834684848785,2.35008263587952,2.35467267036438,1.41068077087402,79.1189193725586,69.0770568847656,63.0938682556152,75.381965637207,0.22527140378952,0.194514498114586,0.0437540709972382,0.00870670937001705,0,0.337759912014008,0.0457589961588383,0.144234403967857,335089.21875,NA,62.1716646739155
"RO123",3.30535387992859,12.6823768615723,23.8856334686279,13.0205764770508,20.5802783966064,1.6525102853775,2.33667850494385,2.28483462333679,1.31885135173798,79.5148391723633,69.5577697753906,64.9816360473633,77.0320205688477,0.181150585412979,0.136345610022545,0.0307041201740503,0.0120574198663235,5.32393287490244e-31,0.311537086963654,0.245252907276154,0.0829522535204887,227022.125,NA,61.4966547280119
"RO124",1.68538737297058,11.5504302978516,23.0784225463867,12.1464567184448,21.3930358886719,1.61677718162537,2.39527225494385,2.01305031776428,1.36622893810272,80.3323059082031,69.214599609375,61.7720565795898,75.5386276245117,0.1635552495718,0.191360741853714,0.0456489436328411,0.00415682373568416,2.61724828135724e-31,0.031179515644908,0.556118428707123,0.00795013643801212,200938.578125,NA,30.3800287754135
"RO125",3.61437106132507,13.7872447967529,25.1219062805176,14.1058597564697,21.5075340270996,1.59323501586914,2.35533213615417,1.90777182579041,1.41783797740936,79.3484649658203,66.3829498291016,58.5589218139648,73.1347503662109,0.352374345064163,0.234615832567215,0.0128897400572896,0.00707195559516549,5.99684379318462e-32,0.0693817734718323,0.256061792373657,0.0676045566797256,354905.3125,NA,53.0527934580126
"RO126",4.13967370986938,13.4806728363037,24.6728191375732,13.9261465072632,20.533145904541,1.66250216960907,2.35988569259644,2.37806940078735,1.45171940326691,78.4404983520508,67.6748580932617,61.2498359680176,74.0550384521484,0.255231946706772,0.228172197937965,0.0489060878753662,0.0071229082532227,0,0.303655087947845,4.25588405050803e-05,0.156869158148766,281441.40625,NA,51.7860387539589
"RO211",4.62065362930298,14.1203269958496,25.8748931884766,14.4692621231079,21.2542381286621,1.35948610305786,2.153324842453,1.98553073406219,1.2670886516571,77.4479446411133,65.9763412475586,59.4944877624512,75.0260238647461,0.319819092750549,0.148019462823868,0.0102484291419387,0.00963886268436909,4.90709505493701e-31,0.276701182126999,0.112758219242096,0.122379705309868,359544.4375,NA,54.7533127667501
"RO212",5.72777414321899,15.1828327178955,27.4915657043457,15.6411190032959,21.7637920379639,1.44668686389923,1.98092544078827,1.85494589805603,1.24033904075623,76.9728240966797,62.625301361084,55.5285987854004,73.1550369262695,0.606120109558105,0.156266331672668,0.0021468095947057,0.00762843852862716,0,0.0891605392098427,0,0.138080850243568,270337.78125,NA,54.2772444870589
"RO213",5.74205017089844,15.4634647369385,27.5051746368408,15.7123861312866,21.763126373291,1.61205911636353,2.11612153053284,1.7744665145874,1.34967398643494,77.1922302246094,62.3449974060059,54.7356109619141,72.6366729736328,0.557497918605804,0.174143895506859,0.000693152600433677,0.00923712830990553,0,0.112852595746517,0,0.145460352301598,370728.65625,NA,68.0315220824198
"RO214",3.44492745399475,12.9690761566162,24.6346950531006,13.4049787521362,21.1897678375244,1.49717092514038,2.37789344787598,2.29489517211914,1.29002439975739,77.847053527832,67.0207061767578,60.7245635986328,75.6945495605469,0.265688925981522,0.141829088330269,0.0109952231869102,0.010837928391993,0,0.373952209949493,0.0578747615218163,0.136357843875885,318871.375,NA,54.2698266093241
"RO215",2.36249685287476,11.8971691131592,23.6439571380615,12.6042165756226,21.281457901001,1.55016911029816,2.54705238342285,2.51141452789307,1.38217294216156,78.2590789794922,68.8400421142578,61.9143905639648,75.85205078125,0.206617742776871,0.128023728728294,0.0185473635792732,0.00745841441676021,8.28529778118536e-07,0.398238927125931,0.127853959798813,0.112585321068764,353568.5625,NA,41.4092187718926
"RO216",5.83464193344116,15.5545692443848,27.6803512573242,15.8612966537476,21.8457069396973,1.56853199005127,1.97086524963379,1.44410574436188,1.32689869403839,77.2086868286133,62.3225135803223,53.3500938415527,71.935905456543,0.576193034648895,0.18486388027668,1.2966465678943e-09,0.00624852441251278,0,0.0929248556494713,0,0.139769747853279,167073.34375,NA,31.2028855728044
"RO221",7.37683868408203,16.8522758483887,28.9628486633301,17.332218170166,21.5860080718994,1.46581947803497,1.49809765815735,1.25430738925934,0.938579976558685,76.4229888916016,63.0599822998047,54.5497779846191,71.138786315918,0.656829178333282,0.172978416085243,0.0229961052536964,0.00936469901353121,0,0.0200135540217161,0,0.099872313439846,297475.5,NA,62.6867502828423
"RO222",6.07569360733032,15.471043586731,27.0326824188232,15.6313581466675,20.9569892883301,1.64455139636993,1.92300701141357,1.89612114429474,1.15551245212555,75.6807556152344,63.9358825683594,57.6287879943848,72.5138320922852,0.471654027700424,0.175102040171623,0.00959249027073383,0.0108666596934199,0,0.13942152261734,0.0880217850208282,0.103827439248562,306758.125,NA,50.1944116763367
"RO223",7.32415676116943,15.8065204620361,28.2743358612061,17.8937664031982,20.9501781463623,1.54869329929352,1.58847975730896,1.2539393901825,1.23980247974396,77.9611206054688,68.4175415039062,62.6160545349121,74.1565551757812,0.64586991071701,0.162524104118347,0.0202136971056461,0.00304775172844529,0,0.0201265346258879,0,0.108216248452663,161255.578125,NA,22.9135457118777
"RO224",6.54169178009033,16.273624420166,28.3204612731934,16.5341835021973,21.7787704467773,1.52901530265808,1.71336889266968,1.38712310791016,1.12771248817444,75.8866882324219,62.0060501098633,53.783260345459,70.8832702636719,0.655275285243988,0.172184064984322,0.021611213684082,0.0060663428157568,0,0.0279038809239864,0,0.112353928387165,178081.0625,NA,40.4601961833249
"RO225",6.55881309509277,15.6048450469971,28.1712856292725,17.3383293151855,21.6124725341797,1.43982636928558,1.34372854232788,1.10418713092804,1.04208028316498,78.090217590332,68.0809631347656,61.9032287597656,74.3965759277344,0.40489673614502,0.167178615927696,0.116421036422253,0.00733605353161693,0,0.0683106333017349,0,0.0864819064736366,187137.796875,NA,22.1798763945801
"RO226",5.16129875183105,14.522349357605,26.1074905395508,14.7307548522949,20.9461917877197,1.72562897205353,2.13924384117126,2.03135275840759,1.28892612457275,75.2097320556641,64.1324462890625,58.5123100280762,72.8750228881836,0.362787038087845,0.157802537083626,0.00435275537893176,0.0103994831442833,1.35335325825742e-32,0.322972923517227,0.00309523986652493,0.13795031607151,207971.609375,NA,42.7306264144624
"RO311",4.85817909240723,14.166974067688,25.8846607208252,14.8044767379761,21.026481628418,1.91905510425568,2.23224425315857,2.24444031715393,1.397794008255,79.1577758789062,67.9782180786133,60.7761878967285,74.6520156860352,0.302590131759644,0.115600250661373,0.0275233145803213,0.00956032983958721,3.9632926206351e-34,0.120369501411915,0.379493027925491,0.0448634251952171,406715.6875,NA,59.7226741148875
"RO312",7.9860429763794,17.2305698394775,29.284330368042,17.6305694580078,21.2982883453369,1.82711267471313,1.7709527015686,1.43798875808716,1.23399710655212,78.0579223632812,64.3166198730469,56.021125793457,72.0621566772461,0.645704388618469,0.146090537309647,0.0245419796556234,0.0135878985747695,0,0.0228228718042374,0,0.126349300146103,630551.4375,NA,125.10650423891
"RO313",5.58567094802856,15.1253757476807,27.0922584533691,15.688328742981,21.5065860748291,1.96944236755371,2.13791751861572,2.03017711639404,1.38597023487091,79.176025390625,67.4390487670898,59.4232902526855,74.119010925293,0.425993114709854,0.105806984007359,0.0114914560690522,0.0106492564082146,0,0.174824357032776,0.224146291613579,0.0470885522663593,325636.9375,NA,80.3520996542553
"RO314",6.95723295211792,16.9205074310303,29.4614105224609,17.5367641448975,22.5041790008545,2.28180980682373,1.86311256885529,1.4057981967926,1.26575577259064,79.9324264526367,64.7916030883789,54.474853515625,71.1661071777344,0.626741528511047,0.139674007892609,0.0122725144028664,0.0234400108456612,0,0.0199247114360332,0.00969681795686483,0.166872188448906,868270.4375,NA,243.679611574258
"RO315",7.73567152023315,17.0466060638428,29.0542144775391,17.4371566772461,21.3185443878174,1.54510033130646,1.57680416107178,1.38619160652161,1.05604434013367,77.3070678710938,63.6101341247559,55.201171875,71.6845016479492,0.685058295726776,0.155619621276855,0.024563992395997,0.00493945507332683,0,0.00904198363423347,0,0.11385452747345,172132.328125,NA,38.7719501185524
"RO316",5.41830968856812,14.4575185775757,25.9964122772217,14.8997058868408,20.5781021118164,1.99698734283447,2.14006996154785,2.22932839393616,1.3839784860611,77.5773773193359,66.947380065918,60.9166793823242,74.4153900146484,0.297955483198166,0.122283138334751,0.0264302752912045,0.0123201170936227,0,0.221698775887489,0.19180653989315,0.127505719661713,398903.28125,NA,84.9336956681682
"RO317",6.57711744308472,16.9257259368896,29.5611705780029,17.6574592590332,22.9840545654297,1.97363936901093,1.74288380146027,1.30381608009338,1.04583787918091,80.0464248657227,64.180793762207,52.6639862060547,69.8232498168945,0.66723757982254,0.160615146160126,0.0110110463574529,0.00690233102068305,0,0.0151273794472218,8.00548878032714e-05,0.137442260980606,247376.796875,NA,43.1052801237213
"RO321",7.62188816070557,17.2079696655273,29.3543090820312,17.4804019927979,21.7324199676514,2.46504473686218,1.95520973205566,1.52842605113983,1.32262444496155,79.2677154541016,64.324821472168,56.0479621887207,72.3475036621094,0.574219822883606,0.105377428233624,0.028601260855794,0.0623588040471077,0,0.0193411987274885,0.000605310371611267,0.209209784865379,161256.453125,NA,667.815092718068
"RO322",7.34930849075317,17.0641632080078,29.0801677703857,17.2714195251465,21.7308597564697,2.14354562759399,1.91135239601135,1.63973116874695,1.26967740058899,78.9751281738281,64.3999404907227,56.3449325561523,72.6336135864258,0.597708284854889,0.106906950473785,0.0104766562581062,0.0326550677418709,0,0.0234556049108505,0.0178362838923931,0.210856258869171,509084.90625,NA,329.749986345812
"RO411",6.9066743850708,16.84934425354,29.2775325775146,17.3404388427734,22.3708572387695,2.07893180847168,1.9905993938446,1.38743364810944,1.18377602100372,78.9220352172852,62.7969970703125,49.9962692260742,68.827751159668,0.591600298881531,0.194420754909515,0.0109127908945084,0.00945170875638723,0,0.0192757975310087,0.0337822698056698,0.139023795723915,447373.375,NA,60.531087894439
"RO412",4.81884956359863,13.4790019989014,25.4390544891357,14.450270652771,20.6202049255371,2.0812873840332,2.26807904243469,2.21824979782104,1.61204433441162,78.4731292724609,67.6975936889648,60.5910606384277,74.5531768798828,0.231533035635948,0.122094593942165,0.0312240421772003,0.00648067006841302,3.33584431738638e-32,0.145345747470856,0.434009820222855,0.0291371271014214,209683.4375,NA,37.6668819936392
"RO413",6.91254186630249,15.8946647644043,28.1545524597168,16.5731201171875,21.2420101165771,2.0979790687561,2.09262824058533,1.58823776245117,1.48617792129517,79.1676483154297,65.6979141235352,55.3951148986816,72.7326736450195,0.38844108581543,0.191579267382622,0.0049238158389926,0.00610403250902891,5.14764802637663e-20,0.0079642441123724,0.339485317468643,0.0576231852173805,191385.34375,NA,38.8739562013564
"RO414",6.57120084762573,16.9436550140381,29.3979778289795,17.4790725708008,22.8267784118652,1.99194324016571,1.88219749927521,1.50498378276825,1.07826900482178,79.6781311035156,63.547477722168,52.0279655456543,69.8523559570312,0.622738420963287,0.145112439990044,0.00711538037285209,0.00898391101509333,6.47966428572625e-33,0.0165325496345758,0.0893705859780312,0.109594009816647,279212.8125,NA,50.669625497621
"RO415",4.6428108215332,13.7910671234131,25.505350112915,14.4902515411377,20.8625392913818,2.05098581314087,2.27736020088196,2.18246483802795,1.42780208587646,78.6342163085938,67.4961395263672,60.9778137207031,74.5849456787109,0.241648003458977,0.104946784675121,0.0293178092688322,0.00790669675916433,1.21296558424345e-32,0.280308127403259,0.279055029153824,0.0568175762891769,204517.015625,NA,35.5956935598819
"RO421",7.10433721542358,15.7664432525635,27.6902675628662,16.5226173400879,20.5859298706055,1.79657900333405,2.04153609275818,1.8497771024704,1.508624792099,78.5637359619141,65.2658996582031,55.8768997192383,71.8835830688477,0.411660641431808,0.149887472391129,0.00665846839547157,0.0102759627625346,0,0.23072375357151,0.0282351225614548,0.162558510899544,285200.96875,NA,36.6766521550452
"RO422",5.88055324554443,14.0588645935059,26.1455879211426,15.299750328064,20.2650356292725,2.30725288391113,2.44784474372864,2.27380728721619,1.83317005634308,79.5104675292969,68.7310028076172,61.9021339416504,75.0844268798828,0.181926026940346,0.123697444796562,0.0130431121215224,0.0130686881020665,5.67186760035101e-20,0.354555070400238,0.185570374131203,0.125124737620354,193946.328125,NA,22.7050298494956
"RO423",4.47586345672607,12.8667793273926,24.4958419799805,13.872576713562,20.0199794769287,1.73788774013519,2.11711502075195,2.1324303150177,1.4775265455246,78.0132675170898,69.0713882446289,63.5348739624023,75.3678131103516,0.129940003156662,0.118414536118507,0.0217586010694504,0.00825305096805096,2.46912941038527e-31,0.100461043417454,0.597895324230194,0.0232774168252945,250811.21875,NA,35.627589255478
"RO424",7.33216381072998,16.2103652954102,28.2767791748047,17.1030445098877,20.9446144104004,1.63098502159119,1.88924205303192,1.48809671401978,1.36676156520844,77.9684600830078,64.5748672485352,55.4990425109863,71.2700881958008,0.558633744716644,0.188502222299576,0.00172256666701287,0.0117912190034986,0,0.106312341988087,0.000859922438394278,0.132177978754044,548013.3125,NA,63.1940518060033
"RSG125371",6.59538841247559,15.2171611785889,27.4961891174316,16.1311893463135,20.9008007049561,2.02843523025513,2.07926917076111,1.53373765945435,1.49066686630249,80.5403289794922,67.0815582275391,56.1263732910156,73.7757797241211,0.311239689588547,0.157691121101379,0.00806177034974098,0.00704990699887276,5.22801088470815e-20,0.0769985839724541,0.128735765814781,0.305733233690262,82572.9375,NA,23.7130096935814
"RSG125372",7.00674629211426,15.465069770813,27.8970966339111,16.6747455596924,20.8903484344482,1.93724203109741,2.0844349861145,1.57165634632111,1.48543810844421,79.0168609619141,66.6298294067383,56.9791831970215,72.3515625,0.357883006334305,0.108130097389221,0.0090454239398241,0.018726596608758,1.305003255394e-22,0.22483204305172,0.000253189995419234,0.275756984949112,125901.3515625,NA,32.4903301512803
"RSG125373",8.19325733184814,16.9642009735107,29.4617576599121,18.1010112762451,21.2685012817383,1.69788420200348,2.05812883377075,1.63709259033203,1.42387640476227,76.7526168823242,63.1242485046387,52.0018844604492,69.5027160644531,0.588584363460541,0.1453937292099,0.000295576639473438,0.086716778576374,0,0.00602842262014747,0,0.172965377569199,1270785.375,NA,398.354775312529
"RSG125374",5.4434642791748,14.6141757965088,26.5766201019287,15.7634429931641,21.1331558227539,1.79515206813812,1.91049361228943,1.25794720649719,1.21697115898132,76.7583160400391,64.8264465332031,53.1512565612793,69.4944686889648,0.253385543823242,0.117441259324551,0.00510114431381226,0.0231156758964062,0,0.183074459433556,0,0.417615532875061,215886.78125,NA,79.8474416113677
"RSG125375",7.46343326568604,16.7296009063721,29.1139678955078,17.8834323883057,21.6505355834961,1.55387926101685,1.88444066047668,1.31214153766632,1.4399346113205,78.6795196533203,62.6028671264648,50.3685531616211,70.0292816162109,0.68121874332428,0.149311244487762,0.0033906577154994,0.0248341932892799,0,0.00868448056280613,0,0.132454335689545,507220.96875,NA,123.746735377597
"RSG125376",8.08886051177979,16.9334812164307,29.3381862640381,17.9867706298828,21.249324798584,1.67533504962921,1.96322309970856,1.56669092178345,1.39786219596863,77.0497283935547,63.4252166748047,53.2964668273926,69.4499588012695,0.665930807590485,0.174311712384224,0.00732663553208113,0.0189402811229229,0,0.00343226757831872,0,0.127520725131035,374827.84375,NA,91.1713787872041
"RSG125377",6.6534914970398,15.0740060806274,27.6713161468506,16.6673431396484,21.0178241729736,1.9647091627121,2.39029884338379,1.748171210289,1.66542768478394,77.1642456054688,64.8614807128906,54.9289932250977,71.3565673828125,0.440809607505798,0.118099987506866,0.00085360324010253,0.0193813145160675,0,0.117207817733288,0,0.303647607564926,181400.109375,NA,71.0729059482737
"RSG125381",7.45172166824341,16.128625869751,28.7406196594238,17.7044410705566,21.2888965606689,2.06014823913574,2.45046734809875,1.71916151046753,1.85806703567505,77.8919982910156,64.5250778198242,53.4988670349121,71.1126480102539,0.465162247419357,0.116238959133625,0.00223729992285371,0.0188085846602917,0,0.202120885252953,0,0.195432052016258,208663.953125,NA,63.9660647300945
"RSG125382",5.76231384277344,14.4356184005737,26.6416702270508,15.7625322341919,20.8793563842773,1.96904706954956,2.26823353767395,1.85705471038818,1.55032706260681,77.4249801635742,66.5254211425781,59.2878379821777,72.8908386230469,0.33632817864418,0.121584385633469,0.00395944714546204,0.0235003381967545,5.67181996302679e-06,0.166750818490982,0.103865712881088,0.244005396962166,206567.640625,NA,66.9159454709828
"RSG125383",5.5725679397583,14.872654914856,26.8127326965332,15.8419923782349,21.2401638031006,1.81209409236908,1.99851274490356,1.32815515995026,1.17805635929108,77.8329315185547,64.520637512207,53.3554916381836,69.8888473510742,0.396464824676514,0.144002512097359,0.00367851741611958,0.0220105703920126,0,0.051488846540451,0,0.382354766130447,243824.265625,NA,89.692474608322
"RSG125384",5.28276824951172,14.188889503479,26.1065425872803,15.5544538497925,20.8237743377686,1.7538583278656,1.87494933605194,1.21137893199921,1.24348211288452,75.2473983764648,64.0908432006836,51.9819564819336,68.2634353637695,0.190786987543106,0.149617880582809,0.0290152933448553,0.0140663394704461,0,0.220402538776398,0,0.395774990320206,169129.65625,NA,49.004077102712
"RSG125386",4.41438102722168,13.565691947937,25.3973484039307,14.6785860061646,20.982967376709,1.67819356918335,1.95720064640045,1.39807951450348,1.1879255771637,78.1871185302734,66.8296813964844,58.2253036499023,71.7560577392578,0.230486303567886,0.121041372418404,0.0298513900488615,0.00703851459547877,0,0.150360450148582,0,0.461170136928558,61397.93359375,NA,22.9812685692551
"RSG125387",7.95523118972778,16.595251083374,29.117057800293,17.7460994720459,21.1618270874023,1.72047185897827,1.9477367401123,1.54501748085022,1.35986864566803,76.2468948364258,63.5238456726074,53.5414009094238,69.4792404174805,0.606928050518036,0.163616433739662,0.00285074138082564,0.0279385428875685,0,0.00827982183545828,0,0.188591852784157,155129.9375,NA,127.70536668485
"RSG125388",6.78241014480591,15.7204599380493,27.9670543670654,16.7710552215576,21.1846446990967,1.87683475017548,2.06844258308411,1.55360722541809,1.30717957019806,78.0145416259766,65.2821426391602,55.5294761657715,71.0666809082031,0.461079955101013,0.11732243001461,0.0030076396651566,0.0229274798184633,0,0.088344156742096,0,0.307318270206451,183694.765625,NA,68.6789306206878
"RSG125390",5.69699001312256,14.889196395874,26.9262962341309,15.9290561676025,21.2293071746826,1.99354290962219,2.28498578071594,1.7285852432251,1.37504589557648,77.6980819702148,65.4375991821289,56.2726097106934,71.2399368286133,0.357098340988159,0.108701787889004,0.00643497752025723,0.0260255243629217,0,0.0993263944983482,0,0.402412921190262,205723.5,NA,75.8749654960631
"RSG125391",4.84301137924194,13.6706285476685,25.7603130340576,14.9745693206787,20.9173011779785,2.21903395652771,2.50624990463257,1.92207074165344,1.72277987003326,77.4471130371094,66.7477874755859,58.7772560119629,72.4174041748047,0.224092498421669,0.149737164378166,0.0188291892409325,0.0241744332015514,2.44934867907686e-20,0.0907899886369705,0.17264986038208,0.319726854562759,259776.234375,NA,66.9639202659515
"RSG125392",7.03177309036255,16.4621543884277,28.7141571044922,17.5202770233154,21.6823825836182,1.46515583992004,1.67807304859161,1.31981897354126,1.38587546348572,78.9559555053711,61.8413543701172,50.0487747192383,70.4665679931641,0.722785890102386,0.133986100554466,0.00152671616524458,0.0130470274016261,0,0.00380280986428261,0,0.124851509928703,104350.2578125,NA,58.0527452396388
"RSG125393",7.62069606781006,16.7930965423584,28.951135635376,17.6461238861084,21.3304405212402,1.42361640930176,1.65687644481659,1.28423345088959,1.26632618904114,78.5780181884766,62.2937889099121,50.163761138916,69.9169006347656,0.714040279388428,0.146682545542717,0.0149942906573415,0.0145850777626038,0,0.00270594703033566,0,0.10699188709259,154454.921875,NA,67.8775700770188
"RSG125394",7.91804361343384,16.9869861602783,29.2528705596924,17.9090061187744,21.3348274230957,1.48699510097504,1.79168295860291,1.3531928062439,1.3016893863678,78.1650466918945,62.9105987548828,51.342098236084,69.6710357666016,0.720424950122833,0.178838163614273,0.0118966391310096,0.0107154352590442,0,7.26772123016417e-05,0,0.0778931751847267,158210.09375,NA,49.1428105420161
"RSG125395",7.95203399658203,17.029935836792,29.5278663635254,18.2794799804688,21.5758304595947,1.70152413845062,2.07639670372009,1.46251749992371,1.55311155319214,78.0878372192383,63.0582313537598,50.9562377929688,70.0181274414062,0.624408543109894,0.148738905787468,0.00157172360923141,0.0399342738091946,0,0.0150625249370933,0,0.170196995139122,631714.875,NA,184.60842780957
"RSG125396",7.26541566848755,15.9384355545044,28.355354309082,17.1185417175293,21.0899391174316,1.75905799865723,2.03377389907837,1.59726762771606,1.32830655574799,76.64599609375,64.3069610595703,54.8440017700195,70.5319519042969,0.52408492565155,0.154375076293945,0.0032983748242259,0.0277239177376032,0,0.0454548299312592,0,0.24506276845932,252888.671875,NA,106.394734205258
"RSG125397",5.31293058395386,14.5191297531128,26.5324573516846,15.5897226333618,21.2195262908936,1.93343257904053,2.1254620552063,1.48397314548492,1.313591837883,77.1485824584961,64.7254791259766,54.0707054138184,70.2499313354492,0.324340343475342,0.113216511905193,0.0027531876694411,0.0251640938222408,0,0.145032629370689,0,0.389493197202682,182171.890625,NA,83.6185527409008
"RSG125398",5.46197319030762,14.5756368637085,26.5769157409668,15.5364046096802,21.1149425506592,1.8305287361145,2.0376341342926,1.42057693004608,1.2501927614212,79.7596435546875,66.6002807617188,56.408618927002,72.6039199829102,0.337980777025223,0.15602020919323,0.0108756981790066,0.00942803733050823,0,0.0878126323223114,0,0.397362172603607,102893.0625,NA,28.0149190803941
"RSG125399",6.930251121521,16.4452991485596,28.6318607330322,17.4938259124756,21.7016105651855,1.5964035987854,1.81361365318298,1.15550303459167,1.47591030597687,79.0401916503906,62.8004188537598,50.7610244750977,71.0102691650391,0.699807703495026,0.14405332505703,0.000887358677573502,0.0129435425624251,0,0.0314747020602226,0,0.110833346843719,133217.53125,NA,54.9131009000891
"RSG125400",4.61730718612671,13.2205266952515,25.4880619049072,15.0685138702393,20.8707542419434,2.62176847457886,2.52463746070862,1.87590479850769,1.86905682086945,77.7073974609375,67.6189498901367,61.1871147155762,73.2043304443359,0.228754490613937,0.144014835357666,0.00632004672661424,0.0112525997683406,0.000199284768314101,0.0398301891982555,0.512913286685944,0.0567152909934521,259380.78125,NA,42.1092653775329
"SE110",3.44249510765076,9.4546365737915,21.6914081573486,13.0351037979126,18.2489128112793,2.32362413406372,1.42287659645081,1.71222603321075,2.0426869392395,83.3373107910156,71.3510971069336,71.9535751342773,83.6983337402344,0.11327238380909,0.0206675417721272,0.00593763962388039,0.101304113864899,0,0.397388070821762,0,0.117816224694252,3215308.75,NA,446.058021089479
"SE121",2.97957444190979,9.50346851348877,21.7293376922607,12.7102994918823,18.7497634887695,2.49770522117615,1.57873904705048,1.95201587677002,2.12894535064697,83.5501327514648,68.3534698486328,68.1968994140625,83.0226364135742,0.194187194108963,0.0290089379996061,0.0101080825552344,0.0260474514216185,0,0.464251816272736,0.0713983848690987,0.120105139911175,552175.6875,NA,63.773565842615
"SE122",3.02419471740723,9.72904968261719,21.7635841369629,12.6585140228271,18.7393894195557,2.2205057144165,1.53156125545502,1.90479457378387,1.88104391098022,83.9532928466797,69.8372268676758,68.4081344604492,83.1144638061523,0.181015744805336,0.0258033871650696,0.00970638636499643,0.0331120304763317,1.05262363148903e-28,0.382488012313843,0.0329317227005959,0.128542140126228,337944.59375,NA,47.9786675743681
"SE123",3.49363994598389,9.72833824157715,21.9070301055908,13.0616016387939,18.4133911132812,2.24398422241211,1.62011277675629,1.96243393421173,1.87292718887329,85.0410461425781,70.9627380371094,68.148078918457,83.3148345947266,0.164107277989388,0.0152653371915221,0.00279093557037413,0.0221609119325876,2.38745070587086e-26,0.477591961622238,0.0787462368607521,0.0992083922028542,522947.53125,NA,42.2704804490327
"SE124",2.19841694831848,8.89761161804199,21.0454578399658,11.7439641952515,18.8470401763916,2.63443303108215,1.89051389694214,2.26388645172119,2.31746387481689,84.4896926879883,69.5120010375977,67.1636505126953,82.9672393798828,0.114795036613941,0.0157963838428259,0.00239807460457087,0.017256947234273,4.03509610540876e-24,0.0173230469226837,0.711790502071381,0.00300454092212021,392609.71875,NA,40.9133116878735
"SE125",2.14590287208557,8.97490119934082,20.768159866333,11.5533218383789,18.6222553253174,2.25166964530945,1.68878614902496,2.09153127670288,2.0386598110199,83.4159164428711,67.4092788696289,66.394401550293,82.5210342407227,0.179227039217949,0.0281971395015717,0.0080688800662756,0.0330450497567654,2.88561552319024e-24,0.0241705719381571,0.643630683422089,0.00846161041408777,274229.15625,NA,48.6330285317513
"SE211",2.65498208999634,9.05471897125244,20.9484004974365,12.458399772644,18.2934188842773,2.58950591087341,1.89222574234009,2.08042478561401,2.42662954330444,88.2532272338867,72.7944946289062,69.3176116943359,85.8627471923828,0.0785307213664055,0.00563376862555742,0.00211719004437327,0.0148294419050217,1.0656904831165e-30,0.587117433547974,0.165192350745201,0.0567095391452312,398252.96875,NA,34.0629258256517
"SE212",3.46866726875305,9.62494087219238,21.4002475738525,13.2630672454834,17.9315795898438,2.59558367729187,1.86362826824188,1.87092912197113,2.38907647132874,88.6636276245117,73.8076095581055,70.150505065918,86.3097839355469,0.0548960790038109,0.0066545233130455,0.00136572797782719,0.0135865826159716,1.74351495044421e-26,0.444149971008301,0.344474166631699,0.0401712656021118,266398.59375,NA,28.5622720503853
"SE213",3.54725742340088,9.57630443572998,21.6002674102783,13.3397026062012,18.0530090332031,2.21533465385437,1.5710027217865,1.67964601516724,1.93218111991882,85.1935043334961,72.1530685424805,68.9646682739258,83.5997772216797,0.0762791112065315,0.0079121794551611,0.00348871923051775,0.0121598923578858,0,0.723385810852051,0,0.0725190788507462,197727.90625,NA,16.7305099096565
"SE214",5.48682308197021,9.43302345275879,21.614782333374,14.5162534713745,16.1279582977295,2.42219090461731,1.38657927513123,1.30119264125824,2.13294243812561,81.8101806640625,74.0926742553711,72.970344543457,82.0018615722656,0.161409690976143,0.0373567491769791,0.00610822532325983,0.00511799333617091,0,0.247120171785355,0,0.105194725096226,11568.2958984375,NA,3.69066602063344
"SE221",4.50595140457153,10.1254100799561,22.0093116760254,14.2097148895264,17.5033626556396,2.54547452926636,1.67123246192932,1.5591059923172,2.16155886650085,85.8905868530273,74.4855499267578,70.2914123535156,83.7736206054688,0.0656168013811111,0.0037901985924691,0.00015474199608434,0.0128274066373706,1.43112939079852e-25,0.530409097671509,0.0249866731464863,0.0850844159722328,112263.03125,NA,35.874325404138
"SE224",4.40037441253662,10.3061075210571,21.5510597229004,14.1560401916504,17.1506862640381,2.87578797340393,1.92685747146606,1.7290004491806,2.66530990600586,88.2741012573242,75.7022476196289,72.5261459350586,85.7235488891602,0.295413106679916,0.0213187765330076,0.000151511238072999,0.0373893044888973,8.32334240846837e-25,0.069808304309845,0.502069473266602,0.0398034378886223,1097710.125,NA,97.0611459044279
"SE231",4.01782178878784,10.0221529006958,21.3242492675781,13.6515140533447,17.3064289093018,3.76270246505737,2.34032249450684,2.33992433547974,3.51059913635254,87.9847030639648,74.1849975585938,71.1568298339844,85.8179931640625,0.123504661023617,0.0102058714255691,0.00032297900179401,0.0173225682228804,6.14062961800629e-29,0,0.695006549358368,0,274852.28125,NA,48.3549554449844
"SE232",3.76733827590942,9.67712688446045,21.3953552246094,13.0244426727295,17.6280174255371,3.36596035957336,2.12352705001831,2.1724796295166,3.06559944152832,85.5359039306641,72.4776840209961,69.5810699462891,83.6766586303711,0.160574123263359,0.0212947055697441,0.00433978112414479,0.0208335556089878,0.000740209536161274,0.180255129933357,0.364275008440018,0.0572397038340569,1456415.5,NA,50.2329410324205
"SE311",1.64631927013397,8.58350276947021,20.7812557220459,11.4814558029175,19.1349353790283,2.74733352661133,2.06386208534241,2.37428760528564,2.80238604545593,83.6283187866211,70.0241012573242,67.245246887207,82.2039794921875,0.0525861084461212,0.0110696796327829,0.00168949167709798,0.0167461913079023,0.00274604791775346,0.013554684817791,0.736903131008148,0.00776132987812161,321601.1875,NA,14.7577038274529
"SEG226001",-2.56090140342712,5.2229495048523,17.9531707763672,8.45407390594482,20.5140705108643,2.28061532974243,2.03896617889404,2.81928110122681,2.52655029296875,82.4234085083008,69.5225143432617,68.0633316040039,81.6556777954102,0.00261709233745933,7.66742596169934e-05,0.000247400690568611,0.00185135658830404,0.0084619764238596,0,0.968425810337067,0,7218.6806640625,NA,1.01739196800646
"SEG226002",1.78679466247559,8.76898002624512,20.3156070709229,11.1324310302734,18.5288124084473,2.1930627822876,1.59503400325775,2.1035463809967,2.1747031211853,83.1483306884766,66.6867370605469,66.7332229614258,82.3836517333984,0.109859652817249,0.0151958242058754,0.0123004792258143,0.00996460951864719,0,0,0.810495257377625,0,11343.6337890625,NA,16.9595792601172
"SEG226003",0.855847537517548,7.91951942443848,20.0462818145752,10.8445959091187,19.1904373168945,2.41736769676208,1.94633781909943,2.49992203712463,2.31653046607971,83.4109573364258,67.2346801757812,65.769775390625,81.5938949584961,0.0478861220180988,0.00463994219899178,0.00162458221893758,0.0125089287757874,1.16013089469229e-24,0,0.877572357654572,0,25698.529296875,NA,40.7213910545825
"SEG226004",0.689732372760773,7.74335098266602,19.8545703887939,10.6487245559692,19.1648368835449,2.27875685691833,1.76875841617584,2.34790849685669,2.31772303581238,83.5514144897461,67.4598083496094,66.2514724731445,82.1591110229492,0.0292349401861429,0.00289879064075649,0.000803317700047046,0.0111077707260847,1.37599366867018e-23,0,0.880991995334625,0,61304.9765625,NA,27.2296481130799
"SEG226005",0.436831623315811,7.87687587738037,20.1599292755127,10.7362461090088,19.7230987548828,2.39922523498535,2.01243662834167,2.55458807945251,2.35003280639648,83.5349655151367,67.4923248291016,65.9069213867188,81.6750183105469,0.0209498926997185,0.00328288483433425,0.000771941733546555,0.00745543511584401,1.14642266152704e-24,0,0.902850925922394,0,12413.810546875,NA,15.3666741998199
"SEG226006",1.65064072608948,8.57474327087402,20.2293567657471,11.1035175323486,18.5787162780762,2.25246810913086,1.71218514442444,2.23427605628967,2.22222304344177,83.2274398803711,66.8137588500977,66.3674011230469,82.1136093139648,0.111931823194027,0.0150148952379823,0.00950733851641417,0.0103005301207304,1.10557672575367e-25,0,0.814266860485077,0,19276.884765625,NA,20.8062853333708
"SEG226007",0.019147053360939,7.68451261520386,20.0200614929199,10.4847650527954,20.0009136199951,2.11543583869934,1.89384257793427,2.47162508964539,2.1635525226593,82.8662414550781,67.581901550293,65.8525161743164,81.2063446044922,0.0290427729487419,0.00557229621335864,0.00140744773671031,0.00760373566299677,2.55109609810287e-24,0,0.824733912944794,0,23852.86328125,NA,16.4313174585527
"SEG226008",0.566071212291718,7.90305662155151,20.1718997955322,10.8016395568848,19.6058292388916,2.61444067955017,2.13307857513428,2.64701771736145,2.47687315940857,83.9861831665039,67.5007858276367,65.9707717895508,81.9640426635742,0.0130121344700456,0.000505025207530707,0.000116842376883142,0.00713043473660946,8.55553375515886e-25,0,0.941904604434967,0,25271.9921875,NA,15.2738534797666
"SEG226009",-1.01909077167511,7.00239515304565,19.5519638061523,9.96939754486084,20.5710544586182,2.69487118721008,2.29909157752991,2.89982914924622,2.84739542007446,83.4350357055664,68.7786483764648,67.14404296875,82.0661239624023,0.00419226521626115,0.000153676490299404,0.000271726865321398,0.00233917916193604,0.00445442134514451,0,0.959571123123169,0,11825.5498046875,NA,2.73418126359861
"SEG226010",-0.994172811508179,7.0107684135437,19.5176563262939,9.80955219268799,20.5118293762207,2.31994700431824,2.07160902023315,2.68048238754272,2.35723066329956,82.4856109619141,67.6925354003906,65.8690338134766,81.0080490112305,0.00907916016876698,0.000777835084591061,0.000258733634836972,0.00442892732098699,9.30308300084957e-25,0,0.938104093074799,0,16792.017578125,NA,5.3775482580442
"SEG226011",-1.3014372587204,6.7407660484314,19.2258720397949,9.51624870300293,20.5273094177246,2.33828568458557,2.01583886146545,2.71258521080017,2.44590735435486,82.1973037719727,67.4744720458984,65.546257019043,80.7669906616211,0.00940747000277042,0.00158375303726643,0.000183157055289485,0.00561392586678267,4.52426964020482e-25,0,0.95069682598114,0,15440.2548828125,NA,8.56346932634122
"SEG226012",-0.441633284091949,7.173583984375,19.5483531951904,10.0590629577637,19.9899845123291,2.21140193939209,1.84640407562256,2.46344065666199,2.27629709243774,82.608772277832,67.0952453613281,65.2459716796875,80.9993515014648,0.0200985614210367,0.00381332240067422,0.000710167340002954,0.00623247539624572,2.25660091154848e-24,0,0.916842341423035,0,21569.947265625,NA,10.0970878787794
"SEG226013",1.53221464157104,8.3024320602417,20.2139587402344,11.2045574188232,18.6817436218262,2.34554886817932,1.88650929927826,2.42308592796326,2.27119302749634,83.4550094604492,67.1268920898438,65.7369079589844,81.6425094604492,0.103169083595276,0.0114390794187784,0.00599312176927924,0.0106448316946626,1.39724788887498e-24,0,0.821240723133087,0,18385.0234375,NA,28.7947039269849
"SEG226014",1.28933465480804,8.15498161315918,20.2132987976074,11.0332269668579,18.9239635467529,2.47127962112427,1.94021010398865,2.46194911003113,2.29189610481262,83.4809799194336,67.3264694213867,65.8359375,81.8296585083008,0.0665311813354492,0.00651379069313407,0.00302682351320982,0.0131274703890085,4.31498632116389e-24,0,0.861785888671875,0,36616.48046875,NA,34.7530462202566
"SEG226015",-0.0185795091092587,7.62970876693726,20.0080337524414,10.4922027587891,20.0266132354736,2.60584783554077,2.23126244544983,2.72530674934387,2.5158257484436,83.8232421875,67.6953048706055,65.9841461181641,81.802375793457,0.00816679000854492,0.000242419322603382,9.96048693195917e-05,0.00427952921018004,6.92390365564436e-25,0,0.948606848716736,0,5364.87890625,NA,3.24003342025664
"SEG226016",-0.441289633512497,6.97866058349609,19.4450302124023,9.99639701843262,19.8863201141357,2.35127186775208,1.65264463424683,2.27213716506958,2.31913948059082,81.8116302490234,66.7933959960938,66.7222747802734,81.5591659545898,0.0487200170755386,0.00528065720573068,0.0053278780542314,0.00972862914204597,7.13499886985545e-23,0,0.878599882125854,0,26212.7109375,NA,13.1854305770469
"SEG226017",2.62995982170105,8.94199848175049,21.1529941558838,12.3888006210327,18.5230350494385,2.46835660934448,1.58473825454712,2.1104245185852,2.24341487884521,82.5170288085938,67.4077606201172,66.4349365234375,81.8310470581055,0.0494334623217583,0.00519378064200282,0.00555451633408666,0.0153308752924204,1.99063290747914e-23,0.36796972155571,0.267259418964386,0.0662899911403656,78950.6953125,NA,44.4702273635237
"SEG226018",1.55402636528015,8.55518627166748,20.3219184875488,11.1423501968384,18.7678928375244,2.32022166252136,1.60969090461731,2.20201706886292,2.27503180503845,83.1778335571289,67.006965637207,66.9907455444336,82.5326080322266,0.0656071156263351,0.00846576876938343,0.00756637379527092,0.00934009719640017,4.22674276258405e-24,0,0.863245904445648,0,5341.9560546875,NA,11.9109260731278
"SEG226019",-0.484810352325439,6.92658615112305,19.7521915435791,10.2745780944824,20.2369995117188,2.3672022819519,1.68721735477448,2.24888014793396,2.29332756996155,80.9530792236328,68.5862579345703,67.9643936157227,80.9064865112305,0.0361892022192478,0.00677974289283156,0.00310089229606092,0.00749296881258488,3.40710792013383e-23,0,0.781030178070068,0,27175.66015625,NA,9.87686741976213
"SEG226020",-1.54950737953186,6.32617664337158,18.9896869659424,9.28775882720947,20.5391941070557,2.12639880180359,1.83554482460022,2.57147860527039,2.15925884246826,81.7265777587891,66.9506454467773,65.5961532592773,80.7949981689453,0.0123007735237479,0.00144975772127509,0.00175422849133611,0.00401834398508072,6.43454592182692e-24,0,0.945153176784515,0,15798.6337890625,NA,2.81183966630889
"SEG226021",-0.409477561712265,7.05078411102295,20.0991649627686,10.5532121658325,20.5086421966553,2.33658623695374,1.84960460662842,2.43397498130798,2.295729637146,81.1223373413086,69.6537628173828,68.1477279663086,80.9759826660156,0.0329976789653301,0.00598108535632491,0.00260921940207481,0.00943072699010372,7.2555544866575e-24,0,0.80104923248291,0,39705.4765625,NA,27.366282734924
"SEG226022",1.31710529327393,8.18446254730225,20.3092670440674,11.248218536377,18.9921607971191,2.50210618972778,1.65457129478455,2.30671310424805,2.40101528167725,82.4671325683594,67.2795715332031,67.0209197998047,82.0950469970703,0.0414046570658684,0.00466713309288025,0.0027166057843715,0.011778486892581,5.68763159083577e-23,0,0.866255581378937,0,21847.427734375,NA,19.2988635984377
"SEG226023",-0.796983242034912,6.70987558364868,19.1731052398682,9.7003059387207,19.9700870513916,2.21789026260376,1.76433169841766,2.42135906219482,2.23297381401062,82.4337692260742,67.0528106689453,65.6024551391602,81.1660690307617,0.0219620708376169,0.00223963242024183,0.00125911016948521,0.00554379401728511,2.25767005473333e-23,0,0.913911044597626,0,12889.748046875,NA,6.36259335842238
"SEG226024",1.87770652770996,8.63276195526123,20.587797164917,11.5848026275635,18.7100925445557,2.41497087478638,1.59991979598999,2.22807717323303,2.31014060974121,82.9166488647461,67.2329788208008,66.9501876831055,82.311653137207,0.0572768859565258,0.00540016498416662,0.00674984697252512,0.0107836769893765,4.540081942898e-23,0,0.844579935073853,0,21850.109375,NA,16.813239249216
"SEG226025",0.730959236621857,7.57302665710449,20.0599155426025,10.9799365997314,19.3289566040039,2.53326725959778,1.7101674079895,2.24230480194092,2.43842363357544,80.9789123535156,67.4843215942383,67.0482940673828,80.8682708740234,0.0553870759904385,0.00979926716536283,0.00513362791389227,0.0084615545347333,6.1480934680241e-25,0,0.843035578727722,0,6375.97265625,NA,5.42287637154755
"SEG226033",-1.23614847660065,3.86136913299561,16.0475692749023,8.07724857330322,17.2837181091309,3.25536394119263,2.54485154151917,3.04401707649231,3.06832456588745,82.2765274047852,73.6504974365234,73.8600845336914,83.8227386474609,0.00698299473151565,0.000443025550339371,0.00226243515498936,0.000644295185338706,0.008187435567379,0,0.887746095657349,0,12701.4052734375,NA,1.53892434972006
"SEG226034",-1.68145036697388,4.63740873336792,17.0625305175781,8.26197242736816,18.7439804077148,1.84441685676575,1.89858245849609,2.9789617061615,2.23397445678711,81.5039596557617,70.3405075073242,70.0690231323242,81.7723846435547,0.0097876526415348,0.000388352229492739,0.00184070516843349,0.00118643359746784,1.09701709189396e-24,0.302400469779968,0.62993311882019,0.0049934727139771,9226.17578125,NA,1.50327744066156
"SEG226035",-1.36049246788025,6.19621419906616,19.0263500213623,9.3016767501831,20.3868408203125,1.95887792110443,1.83532357215881,2.82346653938293,2.01871275901794,82.559326171875,68.5521850585938,67.2350921630859,81.9894714355469,0.00680099613964558,8.87856731424108e-05,0.000420459662564099,0.00218542059883475,8.69222954496781e-25,0.076026514172554,0.853908002376556,0.000896901357918978,8839.5419921875,NA,2.33261098248929
"SEG226036",-2.30641078948975,4.55282020568848,17.1404361724854,8.05560302734375,19.4468460083008,1.82351660728455,1.89404559135437,2.94196534156799,2.24056434631348,81.8388977050781,69.8182678222656,69.0534591674805,81.6978073120117,0.00180322222877294,2.67200211965246e-05,0.000954156275838614,0.00139585661236197,0.00517556816339493,0.000228226504987106,0.970586359500885,4.3257905417704e-06,9669.9287109375,NA,0.814357532026023
"SEG226037",-0.768861055374146,5.17068958282471,17.6153450012207,8.9904899597168,18.3842067718506,2.91097259521484,2.38383269309998,2.93495965003967,2.8196177482605,83.2464904785156,72.0050048828125,71.0126876831055,84.0396194458008,0.00991845596581697,0.000262603425653651,0.00176544941496104,0.00141090934630483,0.00424027442932129,0,0.899221122264862,0,18623.970703125,NA,2.69365953285948
"SEG226038",-0.485761374235153,6.35615873336792,18.9077625274658,9.62152576446533,19.3935260772705,2.1239857673645,1.95122599601746,2.7947051525116,2.15979266166687,81.9758071899414,69.2028198242188,67.9850692749023,81.8153915405273,0.0343131609261036,0.00228594685904682,0.00188029324635863,0.00711334822699428,3.07919926776135e-23,0.0878573432564735,0.792168080806732,0.0010364722693339,62241.6484375,NA,24.8199136628903
"SEG226039",-1.94796085357666,5.9186487197876,18.9895305633545,8.90107822418213,20.9374904632568,2.06020855903625,1.8527272939682,2.8063178062439,2.0432562828064,83.0317459106445,68.2525787353516,66.654182434082,82.4282379150391,0.00931026693433523,8.64758258103393e-05,0.000905450840946287,0.00238075363449752,1.7348333204781e-24,0,0.958821058273315,0,4275.22314453125,NA,1.61898105289482
"SEG226040",-1.52512979507446,4.9344596862793,17.8899040222168,8.75078296661377,19.4150333404541,2.56618714332581,2.05080270767212,3.01048564910889,2.77413153648376,83.7506256103516,71.8966903686523,70.4511871337891,84.4086151123047,0.00372295035049319,3.11009061988443e-05,0.00118849531281739,0.00097411114256829,0.00460478756576777,0,0.915769517421722,0,13538.2685546875,NA,1.15553723567721
"SEG226072",-3.95414710044861,5.2780327796936,19.7138805389404,7.78065538406372,23.6680278778076,2.41082000732422,1.61369383335114,2.44138550758362,2.2997899055481,80.0762634277344,67.1803817749023,65.0700836181641,81.1747741699219,0.00622152769938111,0.000125660284538753,0.000453200482297689,0.00334470346570015,1.54749552017474e-24,0,0.967287063598633,0,4895.85205078125,NA,2.71656712149069
"SEG226073",-6.24833822250366,1.73179757595062,16.2629261016846,6.6049690246582,22.5112648010254,2.11136770248413,1.80023455619812,3.25226449966431,2.83123254776001,82.0377883911133,72.9659957885742,71.7812271118164,83.3857192993164,0.000210932004847564,2.06582740247541e-06,0.00145705486647785,0.000475540145998821,0.00624933512881398,0,0.89876514673233,0,4372.61279296875,NA,0.302826436004191
"SEG226074",-4.39428806304932,4.10766649246216,18.579029083252,7.63449239730835,22.973316192627,2.39978194236755,1.96397948265076,2.93277525901794,2.23967862129211,82.7188034057617,68.9010238647461,66.0265197753906,82.3700256347656,0.000323744228808209,1.12097850433202e-05,0.000309563271002844,0.000847311224788427,1.67376947751257e-27,0,0.953277945518494,0,7380.4912109375,NA,1.2081107859945
"SEG226075",-3.54157614707947,4.982262134552,19.7602291107178,8.83640670776367,23.3018054962158,2.50048112869263,1.72721934318542,2.60255646705627,2.42343950271606,82.0498428344727,68.4655609130859,65.4348602294922,81.5818023681641,0.00492546893656254,0.000265924376435578,0.000408869294915348,0.0017295692814514,2.07646057953674e-24,0,0.965529441833496,0,6667.41162109375,NA,1.55309818947431
"SEG226076",-5.39563035964966,2.11864757537842,17.0446968078613,6.8678412437439,22.4403266906738,1.98461878299713,1.61212515830994,2.8526303768158,2.24024248123169,81.2681579589844,70.691520690918,69.4252700805664,81.9465866088867,0.000218318920815364,1.83566080522723e-05,0.00106242846231908,0.000916360062547028,0.00351471593603492,0,0.957430839538574,0,28347.4375,NA,1.68230918547047
"SEG226077",-1.94368660449982,5.81224203109741,20.8241748809814,10.4940319061279,22.7678623199463,2.67349433898926,1.81510066986084,2.44214773178101,2.64356923103333,84.2844467163086,70.4457855224609,66.8542785644531,83.9279632568359,0.0294881761074066,0.00108206318691373,0.00160694390069693,0.00188770401291549,2.65429488172389e-24,0,0.936879873275757,0,1428.1474609375,NA,1.51857390923451
"SEG226078",-5.96454811096191,1.49197256565094,16.1739387512207,6.48137044906616,22.1384868621826,2.08833074569702,1.72885310649872,3.10311269760132,2.54183769226074,81.4977569580078,71.6361236572266,70.8820419311523,82.4608840942383,8.44053211039864e-05,2.15788463719946e-06,0.000641978404019028,0.000262132060015574,0.00462367665022612,0,0.934556186199188,0,4750.00537109375,NA,0.245064567970484
"SEG226079",-1.77716898918152,5.80104112625122,20.6882266998291,10.161229133606,22.4653968811035,2.2998538017273,1.58363270759583,2.22830963134766,2.47957015037537,82.1895751953125,69.8438491821289,65.7605895996094,82.4499130249023,0.00426716217771173,0.000244359776843339,0.00040192308370024,0.00409169495105743,7.04116102528015e-24,0,0.861092388629913,0,2066.54467773438,NA,1.13640427613833
"SEG226080",-6.50465440750122,1.11334097385406,16.4134140014648,6.07745265960693,22.9180679321289,1.36874675750732,1.41055059432983,2.89117670059204,1.98961365222931,81.2255096435547,72.1692428588867,71.0687484741211,82.6752777099609,0.000630526279564947,9.04923308553407e-06,0.00165086064953357,0.00133721251040697,0.00970344990491867,0,0.949245929718018,0,14324.9111328125,NA,0.7000143310727
"SEG226081",-1.85762274265289,6.20787334442139,20.9522743225098,9.76788330078125,22.8098964691162,2.17442941665649,1.40952110290527,2.05671334266663,2.42774343490601,80.5095367431641,70.2610931396484,66.4188690185547,81.5830993652344,0.0180902071297169,0.00128370418678969,0.000859204214066267,0.0134820537641644,8.48457137799925e-23,0,0.726018249988556,0,51286.33984375,NA,23.7690755132661
"SEG226082",-2.31203413009644,5.40830850601196,20.2971458435059,9.78463363647461,22.6091785430908,2.44012665748596,1.76686072349548,2.54728174209595,2.44322419166565,83.0016937255859,69.2323913574219,65.4391555786133,82.2779159545898,0.00123470590915531,8.4251572843641e-05,0.000513684761244804,0.000573680503293872,1.17227303558248e-26,0,0.974419951438904,0,2807.55712890625,NA,0.958298474401156
"SEG226083",-2.23405146598816,5.74075365066528,20.7240371704102,10.1025829315186,22.9580898284912,2.35052108764648,1.69606816768646,2.46745657920837,2.37698268890381,83.8357620239258,69.8737258911133,66.3086013793945,83.4844284057617,0.0086264293640852,0.000257935578702018,0.00127709552180022,0.00106052227783948,5.60686635475134e-25,8.4352571150248e-08,0.9649258852005,0.000641356804408133,4810.88720703125,NA,1.91641177784712
"SEG226084",-4.08896970748901,4.35186243057251,19.5366268157959,8.22305488586426,23.6255970001221,2.16221284866333,1.72597348690033,2.62063479423523,2.2018985748291,82.5119323730469,69.2230529785156,65.8158950805664,82.1067962646484,0.000747385143768042,2.99089570034994e-05,0.000578682636842132,0.000592756608966738,4.67929062261975e-27,0,0.993250131607056,0,6158.90185546875,NA,0.754785133488913
"SEG226085",-2.4101448059082,5.76931858062744,20.1611633300781,8.94324588775635,22.571310043335,2.38787651062012,1.56964921951294,2.33807587623596,2.3842658996582,80.7196426391602,68.4878082275391,66.0541610717773,81.5399398803711,0.018248176202178,0.002243917202577,0.00103040807880461,0.0047926832921803,1.88744406350554e-23,0,0.949188470840454,0,24610.09765625,NA,7.66836917486136
"SEG226201",-3.37447094917297,4.93396711349487,18.8700580596924,8.55666828155518,22.2445278167725,2.32878756523132,1.88811767101288,2.93579030036926,2.34865713119507,84.3930969238281,69.5922546386719,67.3975677490234,83.9356689453125,0.00265677319839597,1.39858575494145e-05,0.000850005308166146,0.000732330954633653,2.54140338264935e-26,0,0.97231912612915,0,2627.24975585938,NA,0.576901212220256
"SEG226202",-2.22865033149719,5.9593939781189,19.8378639221191,9.1679162979126,22.0665149688721,2.70734310150146,1.83861899375916,2.46458673477173,2.69226598739624,83.1218490600586,68.6034851074219,66.9186096191406,83.9496002197266,0.0107073560357094,0.000131846245494671,0.001555769238621,0.00301074236631393,6.3222695185543e-25,0,0.959456741809845,0,3653.08666992188,NA,2.65636851263333
"SEG226203",-2.38202548027039,4.6388258934021,18.054666519165,8.63143920898438,20.4366912841797,2.44432187080383,1.95445370674133,3.23899340629578,2.73376178741455,83.83447265625,71.0431518554688,69.656867980957,84.2951736450195,0.00199726596474648,2.56837465713033e-05,0.000916688295546919,0.000343247287673876,9.80305891338485e-27,0,0.955150306224823,0,2083.71484375,NA,0.700293218294438
"SEG226204",-3.23193144798279,4.86099052429199,19.0618209838867,8.6632137298584,22.2937526702881,2.34431004524231,1.92601025104523,2.91831493377686,2.22200322151184,83.6666412353516,68.8193359375,66.1353530883789,82.8329391479492,0.00178280181717128,1.86228044185555e-05,0.00065045861992985,0.000870856805704534,1.55185703351209e-26,0,0.969054222106934,0,12269.3310546875,NA,2.08065440424507
"SEG226205",-3.67818117141724,4.64638471603394,18.9677658081055,8.24569511413574,22.6459465026855,2.40253233909607,1.91730892658234,2.93049192428589,2.26780200004578,83.4267120361328,68.7459259033203,65.7931137084961,82.73876953125,0.000646697182673961,3.71279311366379e-05,0.00035216094693169,0.000684263999573886,1.1057980035487e-27,0,0.962699472904205,0,2726.8466796875,NA,1.55247157627929
"SEG226206",-1.57562041282654,6.25305891036987,20.0836868286133,9.55355358123779,21.6593074798584,2.4649224281311,1.55739259719849,2.24423313140869,2.61209058761597,82.467170715332,68.4742584228516,67.1663589477539,83.8996963500977,0.0273726563900709,0.00282977800816298,0.00286626163870096,0.00472077261656523,8.9930508043364e-25,0,0.90293276309967,0,8323.0986328125,NA,6.73827303014844
"SEG226207",-2.10510110855103,5.32207870483398,19.5623397827148,9.20830059051514,21.6674404144287,2.49233150482178,1.93548429012299,2.69410395622253,2.29788947105408,83.7073669433594,68.9621505737305,65.8159942626953,83.0941162109375,0.00176355929579586,2.3941644030856e-05,0.000436256901593879,0.000958706659730524,9.69191488296382e-26,0,0.950531899929047,0,3051.181640625,NA,1.58406855841139
"SEG226208",1.04767346382141,6.69718790054321,20.8492946624756,11.4517202377319,19.8016204833984,3.51660990715027,2.25537109375,2.22583103179932,3.26197290420532,81.728874206543,71.0512390136719,68.6327285766602,81.8617782592773,0.0481389313936234,0.000243200978729874,0.00707749370485544,0.00358372740447521,0,0.856794953346252,0,0.0309017859399319,4573.0966796875,NA,3.49655595183992
"SEG226209",-1.08030760288239,6.13487195968628,20.3974781036377,9.894287109375,21.477783203125,2.72852444648743,1.86302256584167,2.40227746963501,2.61002206802368,81.846923828125,68.9308776855469,66.537841796875,82.3657684326172,0.0283459760248661,0.00212286412715912,0.00317862024530768,0.00450135162100196,3.91043746526647e-23,0.102136425673962,0.833221435546875,0.00251967133954167,58786.30078125,NA,8.2209083746269
"SEG226210",-5.90050935745239,2.32017493247986,16.5980930328369,6.52669906616211,22.4986038208008,2.52958130836487,1.99681305885315,3.14236426353455,2.78901076316833,82.56982421875,71.953125,70.6405410766602,83.6249313354492,0.000760790077038109,8.37504649098264e-06,0.000675935065373778,0.000892145151738077,0.00806175637990236,0,0.94102144241333,0,3245.94311523438,NA,0.408262552694197
"SEG226211",-4.66336822509766,2.56663990020752,16.3774528503418,6.84649229049683,21.0408210754395,2.83866190910339,2.14448308944702,3.07493185997009,2.90634775161743,83.2952423095703,72.7067489624023,71.6093063354492,84.3766708374023,0.0014435201883316,1.83905485755531e-05,0.00116195599548519,0.000423206278355792,0.0105333775281906,0,0.914282202720642,0,4802.2216796875,NA,0.582437199037346
"SEG226212",0.40529865026474,6.74298000335693,20.6356143951416,10.8885183334351,20.2303161621094,2.71901631355286,1.75349259376526,2.16045022010803,2.75268888473511,81.7525024414062,68.9896850585938,67.6225662231445,83.0791397094727,0.0337011851370335,0.00575352692976594,0.00199945317581296,0.0134095577523112,1.87190998219287e-25,0.527548134326935,0.190867990255356,0.0227212775498629,90266.734375,NA,38.2136123440131
"SEG226213",-0.878893852233887,6.07640647888184,20.0438365936279,10.0604782104492,20.9227275848389,2.48423528671265,1.67059552669525,2.22212505340576,2.49736404418945,82.9071044921875,69.0818176269531,67.1163024902344,83.5861358642578,0.0389825478196144,0.00541143817827106,0.0034595881588757,0.00414144899696112,8.3690312599465e-25,0,0.85736346244812,0,5223.17333984375,NA,9.48157951099768
"SEG226214",-3.65675902366638,3.50499725341797,17.1842880249023,7.67849206924438,20.8410453796387,2.57931208610535,2.02616357803345,3.19665002822876,2.71100449562073,83.7037506103516,71.7628479003906,70.8110275268555,84.4001541137695,0.00130960054229945,1.28794499687501e-05,0.00147894804831594,0.000235811021411791,0.00532727176323533,0,0.944329142570496,0,7259.97216796875,NA,0.832480184507426
"SEG226215",-1.16613006591797,5.52750635147095,19.7408237457275,9.9612922668457,20.9069538116455,2.5740602016449,2.01720142364502,2.56193804740906,2.37666130065918,84.4638671875,69.4985733032227,66.1461639404297,83.4444122314453,0.00918011367321014,0.000120912067359313,0.00105572573374957,0.000851165386848152,4.62201739497076e-25,0.0372268967330456,0.917419195175171,0.000491498445626348,6456.6787109375,NA,2.2603904230929
"SEG226216",-1.3462256193161,6.35711765289307,19.1815414428711,9.45756244659424,20.5277671813965,1.96827447414398,1.82261025905609,2.77674531936646,2.01357436180115,82.4325256347656,68.1403198242188,66.9637985229492,81.7902069091797,0.00665388768538833,0.000249711039941758,0.00054544594604522,0.00223040371201932,1.20882915191624e-24,0.0278901234269142,0.914865434169769,0.000329025875544176,5935.11865234375,NA,1.79607943478597
"SEG226217",-1.40779805183411,7.00671291351318,20.4267616271973,10.1642799377441,21.8345584869385,2.29575824737549,1.83188962936401,2.37381172180176,2.42558884620667,82.0072631835938,70.3234329223633,67.8327331542969,81.7947463989258,0.0269612390547991,0.00278946524485946,0.000540291890501976,0.00836891308426857,6.71713561959972e-24,0,0.86191076040268,0,22539.375,NA,20.0226949118442
"SEG226218",-2.16693043708801,6.70893955230713,20.1916465759277,9.52124404907227,22.3585777282715,2.61837267875671,1.97308278083801,2.42312717437744,2.57612800598145,82.2181243896484,69.3676834106445,67.5856094360352,82.5633010864258,0.0305110681802034,0.00205484940670431,0.00155949546024203,0.00556125212460756,8.45006660200488e-24,0,0.887311041355133,0,15732.4189453125,NA,8.84796667894616
"SEG226219",-2.8894670009613,6.29157447814941,19.9219779968262,8.8384895324707,22.8114433288574,2.73985600471497,1.91680979728699,2.44755482673645,2.6791410446167,82.6216201782227,68.8652496337891,67.5035781860352,83.5621948242188,0.0159989111125469,0.000943561259191483,0.00115922000259161,0.00412666238844395,3.48393792359256e-24,0,0.890870332717896,0,39133.82421875,NA,5.82858138258944
"SEG226220",-2.8893473148346,5.94491529464722,19.3516731262207,8.65726470947266,22.2410221099854,2.16157841682434,1.82493233680725,2.60562562942505,2.13484239578247,83.1139755249023,68.0677490234375,66.2728500366211,82.9090728759766,0.0124594429507852,0.000266182498307899,0.000707682280335575,0.00357281416654587,4.00296067314322e-24,0,0.952950656414032,0,20956.8125,NA,3.62521590538504
"SEG226221",-1.31487464904785,6.63601350784302,19.8344783782959,9.88687229156494,21.1493530273438,2.32622838020325,1.93818509578705,2.5853419303894,2.25991749763489,82.2086181640625,68.8420257568359,67.2398681640625,81.9478073120117,0.023435540497303,0.00341168185696006,0.00228419178165495,0.00755116110667586,3.6343729093573e-25,0,0.905353248119354,0,73031.7578125,NA,20.9853543740189
"SEG226222",-1.81394910812378,6.56161165237427,19.9667110443115,9.70991611480713,21.7806587219238,2.46323227882385,2.00907325744629,2.51268792152405,2.41693806648254,82.7703857421875,69.2939300537109,67.3827133178711,82.4759902954102,0.0218673106282949,0.00323461834341288,0.00114008202217519,0.00615594582632184,2.15474930513836e-24,0,0.917611002922058,0,10453.974609375,NA,12.8309490261651
"SI031",6.49324035644531,15.5586566925049,27.4735946655273,16.7325439453125,20.980354309082,1.67590534687042,2.05788636207581,2.37966680526733,2.32859897613525,76.6047134399414,63.23486328125,54.8995246887207,73.3117218017578,0.285147666931152,0.206577137112617,7.85877455200534e-06,0.0224198177456856,0,0.00670989882200956,0.466399490833282,0.0127382157370448,85994.984375,NA,64.9591271550643
"SI032",6.24461984634399,15.4246139526367,27.2957191467285,16.7675075531006,21.051097869873,2.18079876899719,2.80837202072144,2.52334403991699,2.9723334312439,76.9226989746094,64.6977767944336,56.4700775146484,74.4388046264648,0.212247714400291,0.16449972987175,0.00010034252773039,0.0265872236341238,0,0.046761903911829,0.516474068164825,0.0333289727568626,231350.984375,NA,106.822861083308
"SI033",4.5380368232727,13.6309099197388,25.535270690918,15.2820873260498,20.9972343444824,2.38352680206299,3.10994911193848,3.02617001533508,3.36046051979065,77.8897399902344,67.5394668579102,59.6063346862793,76.09130859375,0.0889389663934708,0.0884637162089348,0.00537118222564459,0.0286915246397257,0,0,0.788534581661224,0,105242.625,NA,102.091957921388
"SI034",5.53504991531372,14.0760822296143,25.9589939117432,15.8908233642578,20.4239444732666,2.62816834449768,3.25434803962708,2.973228931427,3.72634148597717,77.6428680419922,66.9509201049805,58.3576011657715,75.6466598510742,0.0938785672187805,0.131399810314178,0.00460728537291288,0.033645261079073,0,0,0.736469089984894,0,314269.53125,NA,136.779152780278
"SI035",5.22833442687988,13.8224201202393,25.7451648712158,15.6634321212769,20.5168323516846,2.82895350456238,3.44402527809143,3.16714644432068,4.01348495483398,78.0505447387695,67.8185958862305,59.0993576049805,76.0555191040039,0.0592259094119072,0.105021834373474,0.00976462382823229,0.0367335937917233,0,0,0.789254069328308,0,79803.5078125,NA,166.354893548092
"SI036",5.48799276351929,14.5457210540771,26.4263553619385,16.2667007446289,20.9383640289307,2.70256352424622,2.97539353370667,2.50396490097046,3.7647078037262,78.7810821533203,67.6831207275391,59.2835502624512,75.7656402587891,0.128460645675659,0.116661109030247,9.57298834691755e-05,0.0322709009051323,6.92916387876798e-25,0,0.722511649131775,0,128454.1640625,NA,133.961198609276
"SI037",4.5526556968689,13.4006204605103,25.3424663543701,15.5398082733154,20.7898120880127,3.35571384429932,3.45663976669312,2.64783883094788,4.61979579925537,80.2802276611328,70.4141006469727,62.4719886779785,77.2901306152344,0.062815710902214,0.102016657590866,0.000299054576316848,0.0132347457110882,3.47065992777227e-33,0,0.820317327976227,0,138090.328125,NA,50.3906590614561
"SI038",4.48154783248901,12.3167514801025,24.3832035064697,15.0530004501343,19.9016571044922,4.34406185150146,4.22635316848755,2.78287172317505,5.66757345199585,79.6889877319336,71.6009826660156,63.4273834228516,77.4045715332031,0.042690210044384,0.096099503338337,0.0035309661179781,0.0109903430566192,7.29835028937335e-25,0,0.837437331676483,0,71889.328125,NA,49.1269882816111
"SI041",4.6849889755249,13.1214027404785,25.113037109375,15.2979402542114,20.4280490875244,3.64844751358032,3.96009182929993,3.14304780960083,4.99258708953857,79.4607772827148,70.12255859375,61.5520210266113,77.1001739501953,0.0410440936684608,0.0848139971494675,0.00907944235950708,0.0251737236976624,0,0,0.839888751506805,0,294124.03125,NA,127.235902085101
"SI042",3.8943305015564,11.4847087860107,23.4024848937988,13.9410915374756,19.5081539154053,4.55175161361694,4.98266744613647,3.79007577896118,6.35995006561279,79.1704330444336,70.5392074584961,61.3927841186523,77.4201583862305,0.04044359177351,0.0605214387178421,0.0108281886205077,0.0316779464483261,0,0,0.856385946273804,0,303577.09375,NA,141.467319011907
"SI043",3.70154547691345,10.4890670776367,22.3458213806152,13.5531988143921,18.6442756652832,5.12636852264404,5.50004816055298,3.95770645141602,7.34372854232788,77.4267349243164,70.8937835693359,61.9857330322266,76.5288467407227,0.0432480685412884,0.0541400164365768,0.00178591697476804,0.0357036888599396,0,0,0.80743944644928,0,210341.578125,NA,90.1298400578716
"SI044",8.08099460601807,15.3493757247925,27.3964462280273,18.1692237854004,19.315450668335,3.85805034637451,3.72216773033142,2.64184904098511,5.31964063644409,75.5529937744141,69.9826507568359,60.8331298828125,73.8788452148438,0.100094951689243,0.113801755011082,0.000734470726456493,0.073114387691021,1.27888971314976e-25,0,0.540083885192871,0,176220.953125,NA,167.05187249082
"SK010",5.84011030197144,14.6374349594116,26.9124603271484,15.9184885025024,21.0723495483398,1.9857987165451,1.85868465900421,1.537513256073,1.64864921569824,78.2705230712891,64.6533966064453,51.9565544128418,72.703727722168,0.397250235080719,0.122106187045574,2.51557286112813e-09,0.0626191720366478,0,8.73728444195782e-14,0,0.417666465044022,572046,NA,283.058965863341
"SK021",5.83674097061157,14.6244316101074,26.8148593902588,15.9167261123657,20.9781188964844,1.84223878383636,1.82392680644989,1.51742887496948,1.53608584403992,78.2577590942383,64.0529632568359,51.8507652282715,71.9915237426758,0.489180654287338,0.134073004126549,0.000105007813544944,0.0405912585556507,0,2.11201545141648e-09,0.0578633397817612,0.278139919042587,596051.4375,NA,142.523273246311
"SK022",4.35172843933105,12.6885137557983,24.8427829742432,14.2816114425659,20.4910545349121,2.52726984024048,2.19693112373352,1.86607122421265,1.88320052623749,80.8146438598633,67.7907943725586,58.3586540222168,76.1749801635742,0.257520288228989,0.0800249427556992,8.25488823466003e-05,0.0387908220291138,0,2.72836186956982e-20,0.616438388824463,0.00714301969856024,477991.84375,NA,106.771459820922
"SK023",5.74649906158447,14.7090482711792,26.8526039123535,15.7914886474609,21.1061038970947,1.92514503002167,1.79464149475098,1.45170164108276,1.55437624454498,78.6732330322266,63.5846977233887,52.5795745849609,71.9795455932617,0.468976736068726,0.128495171666145,3.68942505701852e-06,0.0331931337714195,0,8.45159586759792e-09,0.23226161301136,0.137069657444954,670110.1875,NA,106.637937284352
"SK031",2.76768279075623,10.5722141265869,22.6776847839355,12.4374437332153,19.9100036621094,3.14947319030762,2.94180917739868,2.77437853813171,2.49564623832703,82.59521484375,70.8027114868164,63.0802040100098,79.2971649169922,0.12945781648159,0.0655325725674629,0.000267221621470526,0.0420646369457245,0,0,0.746473073959351,0.0140279186889529,731839.375,NA,107.24150248085
"SK032",3.95126390457153,12.3542995452881,24.5039329528809,13.8286666870117,20.5526695251465,2.42016768455505,2.33894038200378,1.88296616077423,1.91817545890808,80.4458465576172,67.3211517333984,58.8584976196289,76.5118865966797,0.209736302495003,0.0774805843830109,0.000372361129848287,0.0281709469854832,0,0,0.684239864349365,0,590332.8125,NA,62.6733431661563
"SK041",3.9966356754303,12.1623497009277,24.0022392272949,13.3506746292114,20.0056056976318,2.46365761756897,2.5781033039093,2.3974027633667,2.01267051696777,80.0828628540039,67.852668762207,59.8133125305176,76.7889251708984,0.208352237939835,0.0848575755953789,0.000630313414148986,0.0287438351660967,3.39146063197404e-05,5.91014178378422e-18,0.443382054567337,0.233224287629128,789786.9375,NA,88.1830825952849
"SK042",4.64299392700195,13.1583757400513,25.0430698394775,14.179126739502,20.4000759124756,1.96774518489838,2.11756205558777,1.83507525920868,1.6420373916626,78.8942108154297,65.1304016113281,55.7547874450684,74.3733139038086,0.269485235214233,0.0830173566937447,0.000211908292840235,0.035119965672493,8.60658474266529e-05,2.63652460974484e-10,0.51544052362442,0.0951101034879684,799854.8125,NA,119.494925335601
"SM",6.19114875793457,13.0719184875488,25.1829357147217,16.4196262359619,18.9917888641357,2.1105751991272,2.02016997337341,1.22094881534576,2.77808380126953,79.7493133544922,70.0979309082031,60.5802154541016,76.4098281860352,0.265065670013428,0.119559399783611,0.00411073537543416,0.0254561454057693,0,1.78493591435069e-11,0,0.582454800605774,3742.96704101562,NA,62.4884068042776
"UKC1",5.61479425430298,8.99658966064453,18.1156883239746,13.2493772506714,12.5008926391602,3.24717092514038,2.20790338516235,1.81532514095306,2.82912039756775,86.0029144287109,79.9434204101562,77.7507171630859,85.5374603271484,0.222102761268616,0.42775696516037,0.037040825933218,0.0896115526556969,0,0,0.0784522071480751,0.143321335315704,992228.4375,NA,328.788010122235
"UKC2",5.67340898513794,8.94792175292969,18.0465793609619,13.1938076019287,12.3731708526611,3.09075975418091,2.16088581085205,1.79725134372711,2.8744432926178,85.3023681640625,79.3444747924805,77.0761260986328,84.6990432739258,0.209218665957451,0.404096007347107,0.0731829851865768,0.0433905236423016,7.68810048569996e-28,0,0.209290772676468,0.0184419639408588,810961.5625,NA,144.927993189283
"UKD1",5.83979082107544,9.30677032470703,18.5241775512695,13.5341510772705,12.6843881607056,4.85819005966187,2.95073509216309,2.31531858444214,4.45860815048218,87.1375579833984,80.1497344970703,77.724723815918,85.9449005126953,0.0967085286974907,0.503893196582794,0.0747159197926521,0.0167585089802742,0,0,0.202181071043015,0,478512.03125,NA,70.8684340727963
"UKD3",6.52294397354126,10.418062210083,19.7782249450684,14.5391035079956,13.2552795410156,4.02446460723877,2.73097252845764,2.05775094032288,3.73902559280396,86.4843673706055,78.3306655883789,74.6289978027344,84.2680511474609,0.172090128064156,0.401704281568527,0.00028703422867693,0.199696332216263,0,0,0.220493957400322,0,1501779.125,NA,1178.84246408139
"UKD4",6.40305519104004,10.1299533843994,19.4104671478271,14.3210525512695,13.0074119567871,4.37090492248535,2.804842710495,2.18458032608032,4.10050344467163,85.9191741943359,78.6744766235352,75.6282806396484,84.1206283569336,0.177502185106277,0.436923623085022,0.0122347567230463,0.13224121928215,0,0,0.208577409386635,0,2153732,NA,701.832960934084
"UKD6",6.82879829406738,10.8343172073364,20.227746963501,14.8938083648682,13.3989486694336,3.04400300979614,2.26421713829041,1.58841979503632,3.01554369926453,85.2009811401367,77.1760711669922,73.1169128417969,82.9026107788086,0.219463646411896,0.32567372918129,4.7790163080208e-05,0.208530575037003,0,0,0.224677756428719,0,2699193,NA,1192.34734513445
"UKD7",6.83898210525513,10.6507635116577,19.9760837554932,14.8184804916382,13.1371011734009,2.96820378303528,2.16633415222168,1.47990226745605,3.0096583366394,84.4655838012695,77.138542175293,73.22900390625,82.3817596435547,0.217903211712837,0.308439046144485,9.44906597410977e-10,0.175466910004616,0,0,0.210831180214882,0,571747,NA,841.887457066454
"UKE1",6.68496370315552,10.6232900619507,20.3368186950684,14.9175128936768,13.6518545150757,1.90353417396545,1.68548047542572,1.42438900470734,1.83735966682434,84.0948638916016,77.0202941894531,70.3228912353516,80.5485382080078,0.501523911952972,0.222568556666374,0.0017970692133531,0.0806595757603645,0,2.18079113795122e-12,0.0584618486464024,0.0477751716971397,945333.9375,NA,270.314840342437
"UKE2",5.80569791793823,9.44024848937988,18.7765789031982,13.6973791122437,12.9708824157715,3.10068249702454,2.06831908226013,1.76642429828644,2.56183457374573,85.7947769165039,79.5569534301758,76.7404327392578,84.7609405517578,0.331675320863724,0.387437582015991,0.0371411740779877,0.0651778131723404,0,0,0.0840617343783379,0.0910148546099663,1759018.75,NA,211.785565387157
"UKE3",6.31535339355469,10.2760639190674,20.0717144012451,14.483736038208,13.7563610076904,2.53060007095337,2.04064750671387,1.63871109485626,2.23703813552856,85.4751739501953,77.2529754638672,70.3614883422852,81.8391952514648,0.366177648305893,0.246015414595604,0.00841226521879435,0.18795371055603,0,7.12206986094865e-13,0.0601289048790932,0.129732742905617,1260751.875,NA,813.255864464069
"UKE4",6.26307058334351,10.093822479248,19.7461681365967,14.3352937698364,13.4830980300903,3.30613327026367,2.39600729942322,1.93766534328461,2.85605764389038,86.267692565918,78.3997955322266,72.4883804321289,83.2327270507812,0.264867335557938,0.301646828651428,5.04132025014314e-09,0.234058737754822,0,0,0.155986070632935,0.0426235012710094,2507042,NA,1263.20383290743
"UKF1",6.35682249069214,10.4281120300293,20.2775993347168,14.599497795105,13.9207763671875,2.58302783966064,2.069669008255,1.64136326313019,2.28435802459717,85.882438659668,77.2176132202148,69.9994430541992,81.9609603881836,0.362035989761353,0.286192208528519,0.0127722546458244,0.163288980722427,0,1.69397083166212e-11,0.0649109408259392,0.109732732176781,3128273.75,NA,654.663386582921
"UKF2",6.64582300186157,10.9556045532227,20.9010639190674,15.0904808044434,14.2552404403687,2.03707003593445,1.75723278522491,1.36775767803192,1.84324634075165,85.6371612548828,76.5094299316406,68.4301834106445,81.2236480712891,0.51472932100296,0.220001235604286,2.13969686413407e-09,0.129949077963829,0,0,0.00338597735390067,0.129569321870804,2751068.25,NA,558.054315434267
"UKF3",6.76073503494263,10.8491468429565,20.4554233551025,15.1593265533447,13.6946878433228,1.94869756698608,1.72378885746002,1.38330709934235,1.80070281028748,84.3675155639648,76.9015502929688,70.5826034545898,80.7461776733398,0.538325488567352,0.222755044698715,3.04689096175537e-09,0.0548290573060513,0,3.02899400006496e-10,0.000171058476553299,0.088075801730156,922877.25,NA,157.149547532273
"UKG1",6.73642253875732,10.9036655426025,20.6772155761719,15.0337886810303,13.9407920837402,2.8032534122467,2.11762070655823,1.38931524753571,2.48294806480408,85.7818756103516,76.8647003173828,70.3699035644531,82.2221069335938,0.433054387569427,0.311666518449783,0.000163036151207052,0.105302512645721,0,0,0.0121160186827183,0.13107405602932,2896303,NA,490.000321090201
"UKG2",6.55984210968018,10.6284370422363,20.2158908843994,14.7372341156006,13.6560487747192,2.93833088874817,2.23496246337891,1.45728003978729,2.69615149497986,85.9733352661133,77.3408966064453,71.8171234130859,82.9862289428711,0.322714567184448,0.399969130754471,0.00513395108282566,0.108726732432842,0,0,0.145995631814003,0.0169253069907427,2914503.75,NA,469.849715787623
"UKG3",6.71757316589355,10.9032974243164,20.7627811431885,15.0245456695557,14.0452070236206,2.4985945224762,2.03934407234192,1.52947771549225,2.30936002731323,85.6871109008789,76.5549392700195,69.5729522705078,81.8868026733398,0.419340789318085,0.257953733205795,5.52345857940395e-09,0.16522903740406,0,0,0.0754562467336655,0.0816169679164886,720116.5625,NA,856.073289324624
"UKH1",7.07051515579224,11.117015838623,20.1379451751709,15.4977731704712,13.0674314498901,2.14882206916809,1.67034137248993,1.33087134361267,1.92098498344421,84.4945068359375,77.7961883544922,75.0589447021484,82.2421646118164,0.548718571662903,0.225671216845512,2.16809476114577e-05,0.0572372153401375,0,9.79057321326415e-11,0,0.117432951927185,2513016.75,NA,199.810647956783
"UKH2",7.09277153015137,11.4310140609741,21.077299118042,15.6630458831787,13.9845266342163,2.1523962020874,1.74766767024994,1.2968020439148,1.84712183475494,85.224723815918,76.431640625,70.2040481567383,81.2412414550781,0.450264245271683,0.141688197851181,2.33540453642433e-09,0.25489741563797,0,3.30880427223956e-11,0,0.150646790862083,5658067,NA,1987.63363541693
"UKH3",7.51069831848145,11.6456136703491,20.5771579742432,15.9659395217896,13.066460609436,2.26218295097351,1.581866979599,1.08663904666901,1.86838960647583,84.421501159668,78.2715759277344,75.5917129516602,82.0881500244141,0.480215311050415,0.168486133217812,0.00176771474070847,0.144901394844055,0,3.83334419762349e-10,0,0.123691007494926,2923476.25,NA,823.344649332727
"UKI3",7.16655683517456,11.494927406311,21.0659809112549,15.7821664810181,13.8994245529175,2.49702072143555,1.87718665599823,1.34978330135345,2.03562808036804,85.2148513793945,76.6318130493164,71.4141159057617,81.5319061279297,0.295172423124313,0.111301727592945,1.43513989581123e-09,0.389006912708282,0,0,0,0.20326378941536,356532.5625,NA,3226.11247076076
"UKI4",7.21337270736694,11.5208568572998,20.9918823242188,15.7938051223755,13.778510093689,2.4683084487915,1.83593559265137,1.30888497829437,2.0130033493042,85.1643218994141,76.8117523193359,71.9365692138672,81.6511383056641,0.328038811683655,0.117451995611191,1.67258973338136e-09,0.360129058361053,0,0,0,0.192169174551964,564837,NA,2948.60552944072
"UKI5",7.39110660552979,11.5937442779541,20.646541595459,15.8180723190308,13.2554359436035,2.47844743728638,1.7197093963623,1.14587497711182,2.01651287078857,85.0210571289062,77.6174545288086,74.215461730957,82.2774658203125,0.425962299108505,0.154959544539452,2.89905965900061e-09,0.248059511184692,0,0,0,0.162717774510384,739344.4375,NA,1788.17750765383
"UKI6",7.24023294448853,11.4571838378906,20.7449913024902,15.7286787033081,13.5047597885132,2.81835436820984,1.92237031459808,1.24717903137207,2.26065826416016,85.1979446411133,77.3073120117188,73.2752151489258,82.2231979370117,0.280642628669739,0.169321998953819,1.62186053476177e-09,0.31864920258522,0,0,0,0.224253132939339,794344.625,NA,2270.59646372263
"UKI7",7.17741203308105,11.5196104049683,21.0998439788818,15.8053379058838,13.9224319458008,2.40346837043762,1.84622979164124,1.35415363311768,1.97331249713898,85.2168884277344,76.5751647949219,71.2450942993164,81.4498291015625,0.313239514827728,0.0997094660997391,1.93000015968892e-09,0.393768012523651,0,8.50161971664752e-15,0,0.191795393824577,1526309.5,NA,3346.27663926772
"UKJ1",7.09083986282349,11.3576946258545,20.954029083252,15.6060905456543,13.8631887435913,2.47838044166565,1.95406758785248,1.33210241794586,2.04505157470703,85.580940246582,76.8444137573242,71.0693435668945,81.6570205688477,0.506816625595093,0.220162481069565,3.42948358600381e-09,0.12187497317791,0,8.88355292105736e-11,0,0.150834321975708,2588767.5,NA,450.090785269328
"UKJ2",7.64419651031494,11.6036701202393,20.8895969390869,16.1665859222412,13.2454013824463,3.01482510566711,1.99928450584412,1.29506194591522,2.41946172714233,85.088493347168,77.364860534668,73.2452774047852,82.0347595214844,0.263117253780365,0.152706936001778,1.64038693739599e-09,0.214848190546036,0,6.71245489747285e-11,0,0.187868922948837,5653339.5,NA,1034.43504658384
"UKJ3",7.67815208435059,11.5721960067749,21.0063743591309,16.1902904510498,13.3282222747803,3.10985827445984,2.08211255073547,1.3012068271637,2.44458937644958,84.7471694946289,77.3596343994141,72.2546463012695,81.1283645629883,0.354163020849228,0.175751194357872,2.44707920593612e-09,0.127231672406197,0,2.22195331578412e-10,0,0.154176697134972,2016745.375,NA,491.067148921151
"UKJ4",7.80263948440552,11.7377119064331,20.5997333526611,16.2746639251709,12.7970943450928,2.8419840335846,1.84835302829742,1.07516372203827,2.40459847450256,84.6052474975586,78.9081573486328,76.6531524658203,82.7173461914062,0.346839040517807,0.196594521403313,1.86261883694527e-09,0.128526389598846,0,0,0,0.139056518673897,2106948,NA,574.565094685834
"UKK1",7.13807344436646,11.2563543319702,20.886999130249,15.5560398101807,13.7489252090454,3.11337757110596,2.22236728668213,1.40384697914124,2.43092775344849,85.6053161621094,77.4130859375,71.9138793945312,82.012321472168,0.475881963968277,0.302252501249313,3.26584315146761e-09,0.0731931403279305,1.56235134874186e-27,1.64771646847528e-12,0.0118188252672553,0.122760079801083,2338640.75,NA,313.86622657579
"UKK2",7.83650302886963,11.4298477172852,20.8806324005127,16.0794353485107,13.0441303253174,3.51530003547668,2.35362648963928,1.32930564880371,2.69362092018127,85.029411315918,78.1339492797852,72.6166458129883,81.8455276489258,0.324600756168365,0.272322684526443,2.21421525559151e-09,0.0599378608167171,6.26086421591335e-26,1.86590257134078e-11,0.0951836481690407,0.0292927399277687,1409927.375,NA,230.059661684789
"UKK3",9.19009208679199,11.6369314193726,19.978588104248,16.578010559082,10.7884960174561,4.55354070663452,2.59826421737671,1.44715774059296,3.55884099006653,83.4149780273438,79.8110504150391,78.3282928466797,83.2601318359375,0.167714506387711,0.353075414896011,3.68340047351978e-09,0.0261917468160391,4.29757424468536e-30,0,0.109866805374622,0,159541.015625,NA,44.7118698483968
"UKK4",8.25137710571289,11.2657489776611,20.3117389678955,16.0746898651123,12.0603609085083,4.84946012496948,2.86895847320557,1.61087870597839,3.60032534599304,85.7048797607422,80.3226470947266,76.4305725097656,83.6925048828125,0.208238959312439,0.465198367834091,0.00530215725302696,0.036842942237854,4.44077729224952e-24,0,0.130704000592232,0,627599.1875,NA,94.4323391975809
"UKL1",7.13385629653931,10.335410118103,19.212287902832,14.8903884887695,12.0784311294556,5.33991479873657,3.2499372959137,2.11403250694275,4.59169769287109,85.7080841064453,79.6840286254883,77.1770858764648,84.2572555541992,0.117134630680084,0.402550429105759,0.0429252237081528,0.0614787340164185,0,0,0.181107759475708,0.000100151686638128,1572874.375,NA,119.719694557153
"UKL2",6.39788722991943,10.0124397277832,19.337589263916,14.358980178833,12.9397039413452,4.96357297897339,3.08294010162354,1.85894894599915,4.08220529556274,87.3874206542969,79.3975830078125,74.8959503173828,84.8387985229492,0.169256776571274,0.480364441871643,0.0489392839372158,0.0743134617805481,0,0,0.168733835220337,0.0216364711523056,1323892.75,NA,173.143109610712
"UKM50",5.05754661560059,8.34092235565186,16.8213577270508,11.9347553253174,11.7638111114502,2.55646085739136,1.89976716041565,1.88588416576385,2.71525931358337,83.5402069091797,78.7944259643555,77.779411315918,83.5667495727539,0.222926318645477,0.316430032253265,0.107079982757568,0.0232876427471638,2.67276266771774e-23,2.5335804417978e-13,0.23395448923111,0.0591233037412167,454549.40625,NA,69.9432964163497
"UKM61",4.95152235031128,7.87710094451904,15.7853298187256,11.855975151062,10.8338079452515,5.20655632019043,2.8200855255127,2.38207197189331,5.18835258483887,85.8684692382812,81.1196365356445,82.149658203125,86.2783126831055,0.0257140398025513,0.0617686361074448,0.409408003091812,0.0019125510007143,2.71267887174974e-24,0,0.366764724254608,0,62964.6875,NA,4.83351776304646
"UKM62",3.68977618217468,7.09785652160645,15.8787393569946,11.0226879119873,12.1889629364014,4.21076154708862,2.44170045852661,2.02619433403015,4.12341976165771,87.5615310668945,80.4849700927734,78.9787063598633,86.7461318969727,0.037482101470232,0.10164525359869,0.397277355194092,0.0112698990851641,2.21295072908492e-22,2.73611753913439e-13,0.371726125478745,0.063849687576294,112426.9921875,NA,14.2947148707038
"UKM63",4.66264390945435,7.61535406112671,15.7766427993774,11.6139621734619,11.1139993667603,8.44316291809082,4.43621778488159,3.42877125740051,8.04794406890869,86.5302124023438,80.6796112060547,81.8591690063477,86.2450942993164,0.049758568406105,0.0630323737859726,0.336125791072845,0.00225596688687801,2.10496630500517e-23,5.9053054113356e-11,0.360392034053802,0.0068944045342505,74528.4140625,NA,5.11623485392626
"UKM64",6.99666452407837,8.47731971740723,15.3108253479004,13.1162195205688,8.31416130065918,5.63485622406006,2.71966075897217,2.5796537399292,5.76259279251099,80.6577453613281,81.4843673706055,86.1713256835938,83.5570220947266,0.00543425465002656,0.0767924189567566,0.228371679782867,0.00113020755816251,2.09212333392381e-23,9.18618070500088e-10,0.149430215358734,0.0395034365355968,3053.36059570312,NA,0.940508555397353
"UKM66",8.36493110656738,8.87600231170654,14.7889652252197,13.4982395172119,6.42403411865234,5.1228289604187,2.64920663833618,2.35635709762573,4.78668737411499,77.4095153808594,80.1910018920898,89.0676574707031,83.1123046875,0.00527261104434729,0.22412845492363,0.0777866691350937,0.00259821955114603,0,5.90414561685293e-09,0,0.134651377797127,8743.12109375,NA,6.09890455624326
"UKM71",4.85246562957764,8.15556812286377,17.0424404144287,12.1628007888794,12.1899738311768,2.6937243938446,1.90883147716522,1.84065592288971,2.61039137840271,85.1951599121094,79.1799392700195,77.3809661865234,84.5805358886719,0.266632348299026,0.218178704380989,0.186448439955711,0.0177431534975767,1.88763147929213e-27,2.72044782534397e-11,0.255862265825272,0.00245857960544527,103536.5625,NA,46.9071041819564
"UKM72",5.72781038284302,9.24490833282471,18.138126373291,13.1978387832642,12.4103155136108,2.70701265335083,1.86295390129089,1.87587523460388,2.50479650497437,83.4217681884766,77.8489303588867,75.9957580566406,82.7966918945312,0.260907292366028,0.213618114590645,0.0147486105561256,0.0355376079678535,0,2.77698086748046e-10,0.143027797341347,0.0250967089086771,329146.34375,NA,222.104472700633
"UKM73",5.63011026382446,9.05811977386475,18.0926647186279,13.0628147125244,12.4625568389893,2.85253238677979,2.06570196151733,1.73038995265961,2.92554664611816,85.1769714355469,78.8420562744141,76.1503982543945,84.1153030395508,0.249347776174545,0.315415382385254,0.10873319208622,0.0323009192943573,4.43230147023876e-28,1.00227361132799e-10,0.192185014486313,0.00905795488506556,205860.0625,NA,200.150834329199
"UKM75",5.51904106140137,9.05352401733398,18.0478630065918,12.9382562637329,12.5288219451904,3.33677244186401,2.27021408081055,1.79066324234009,3.280193567276,86.3297882080078,79.2316284179688,76.6043014526367,85.2183685302734,0.182391911745071,0.279725313186646,0.154913738369942,0.0703437179327011,0,0,0.279076635837555,0,140578.890625,NA,508.062204975658
"UKM76",5.3262734413147,9.02147102355957,18.0054111480713,12.7960758209229,12.6791381835938,3.80956530570984,2.37486267089844,1.98033559322357,3.4991307258606,86.561897277832,78.8758316040039,76.8343658447266,85.5348739624023,0.217316597700119,0.401283025741577,0.0467556565999985,0.0446907021105289,4.17149153642805e-25,0,0.273896217346191,0,75924.2109375,NA,257.762296846466
"UKM77",3.98746752738953,7.54162883758545,16.4752731323242,11.4707164764404,12.4878063201904,4.93738126754761,2.78487133979797,2.3141233921051,4.55013990402222,88.2009048461914,80.5332412719727,79.0817565917969,87.2113800048828,0.12736439704895,0.178523436188698,0.275389313697815,0.0163287054747343,3.14100841295159e-23,0,0.365665286779404,0,481661.78125,NA,62.779802637348
"UKM78",5.50373077392578,9.16820907592773,18.1675186157227,12.9425840377808,12.6637887954712,3.64613890647888,2.38492465019226,1.86439943313599,3.57139325141907,86.6761779785156,79.045295715332,76.6945648193359,85.5769653320312,0.192891955375671,0.401282846927643,0.0566660463809967,0.0575529411435127,0,0,0.28137069940567,0,158783.75,NA,373.964890184915
"UKM81",4.81220483779907,8.1541337966919,16.7355632781982,12.1266136169434,11.923357963562,7.55797433853149,4.18529558181763,3.19484567642212,7.05463647842407,87.431884765625,80.4182891845703,80.5656814575195,87.0512084960938,0.09646325558424,0.200391933321953,0.227680876851082,0.054719727486372,2.81937980335949e-24,0,0.35755980014801,0,247831.203125,NA,348.993604389524
"UKM82",5.71667337417603,9.11658477783203,17.6797676086426,13.0505533218384,11.9630947113037,4.91312217712402,2.86825156211853,2.31060743331909,4.85989475250244,85.449836730957,79.3321762084961,79.5101928710938,85.8139190673828,0.126162797212601,0.408821821212769,5.98186389311195e-10,0.153071135282516,0,0,0.311944276094437,0,169386.640625,NA,1003.77962795133
"UKM83",6.2578854560852,9.33975219726562,17.7408256530762,13.4006175994873,11.4829406738281,5.45377254486084,3.14914417266846,2.51147556304932,5.34234809875488,84.7654495239258,79.4062194824219,79.9139404296875,85.3469543457031,0.0899033844470978,0.345404356718063,0.022737780585885,0.0910830944776535,0,0,0.240890607237816,0,310952.84375,NA,543.273477987703
"UKM84",5.51741886138916,9.12863159179688,17.9851264953613,12.9313182830811,12.4677085876465,4.21664762496948,2.60364723205566,2.05599212646484,4.14322471618652,86.448616027832,79.1419448852539,77.7133636474609,85.8083114624023,0.171142473816872,0.430074393749237,0.0201147254556417,0.0815806984901428,4.44931197838311e-24,0,0.295628279447556,0,244729.0625,NA,520.36303211785
"UKM91",5.56960773468018,9.02831363677979,18.1501388549805,13.0530529022217,12.580530166626,3.46950531005859,2.35823345184326,1.90963470935822,3.39137411117554,85.9687118530273,79.0658798217773,76.2667770385742,84.8243637084961,0.221196547150612,0.336963355541229,0.124469041824341,0.0275631863623857,1.65893615767389e-27,0,0.248794496059418,0,602688,NA,128.766941824957
"UKM92",5.38162851333618,8.77627086639404,17.6907863616943,12.7819299697876,12.309157371521,5.43317461013794,3.25047445297241,2.42958855628967,5.12817001342773,87.3806610107422,80.2366409301758,78.872444152832,86.8783264160156,0.0958297848701477,0.371556133031845,0.158334448933601,0.025268629193306,0,0,0.325758010149002,0,104354.140625,NA,16.3354268668856
"UKM93",5.7155556678772,8.8870439529419,17.3792934417725,12.9475975036621,11.6637392044067,5.54446792602539,3.19720673561096,2.48078632354736,5.44748449325562,85.7480087280273,80.1237564086914,80.6375427246094,86.3158645629883,0.0937536433339119,0.328001737594604,0.0748751610517502,0.0753230899572372,0,0,0.311889678239822,0,636568.5625,NA,367.649798883846
"UKM94",6.25628805160522,9.1917667388916,17.4608688354492,13.3451929092407,11.2045812606812,4.93038940429688,2.87636852264404,2.28543543815613,5.10176181793213,84.5141372680664,80.6540832519531,82.0233993530273,85.4454803466797,0.0797402262687683,0.282458811998367,0.0636589154601097,0.0387745797634125,0,0,0.285611212253571,0,107070.5859375,NA,88.4272939907784
"UKM95",5.55300378799438,9.14291191101074,18.0461597442627,12.967264175415,12.4931564331055,4.38070154190063,2.72152090072632,2.09509563446045,4.24404764175415,86.7082290649414,79.2992858886719,77.6445007324219,85.9859390258789,0.164006546139717,0.432896196842194,0.0452822893857956,0.0694824233651161,0,0,0.286577314138412,0,751953.3125,NA,423.758129220747
"UKN06",7.27025651931763,9.96438980102539,18.1122779846191,14.2674160003662,10.8420209884644,3.57815027236938,2.34413361549377,1.96353936195374,3.916428565979,83.4655685424805,80.7922744750977,81.3258209228516,84.3158569335938,0.0585728622972965,0.338523507118225,0.00523957889527082,0.0596100427210331,7.29009775906404e-23,0,0.150775909423828,0,48681.13671875,NA,372.044090861279
"UKN07",6.39760208129883,9.34837818145752,17.6813716888428,13.5361137390137,11.2837705612183,3.2457766532898,2.17158389091492,1.95294582843781,3.61838984489441,86.1836395263672,81.2406463623047,80.4869613647461,86.3540725708008,0.0601532272994518,0.703563094139099,0.00114193558692932,0.0233631506562233,0,0,0.184168264269829,0,190195.09375,NA,135.959560840647
"UKN08",6.43392467498779,9.30327987670898,17.6668605804443,13.5622673034668,11.2329339981079,3.20170593261719,2.18213272094727,1.96395516395569,3.61221551895142,85.8498916625977,81.2070617675781,80.4716720581055,86.128303527832,0.0736920312047005,0.677385866641998,1.437365670931e-09,0.0275782980024815,0,0,0.196078807115555,0,148498.03125,NA,92.0435318296483
"UKN09",7.49309730529785,10.1284170150757,18.258996963501,14.4487266540527,10.7658987045288,3.47512745857239,2.30868315696716,1.90370452404022,3.82567739486694,83.0487823486328,80.6904220581055,81.3352813720703,84.0054931640625,0.0615784972906113,0.289376795291901,0.00425245286896825,0.0661259442567825,8.67319685567973e-23,0,0.147211700677872,0,120889.1796875,NA,271.769458624122
"UKN10",5.98383140563965,8.84951496124268,16.8586883544922,13.0011568069458,10.8748559951782,4.14826536178589,2.55700039863586,2.23117709159851,4.32581615447998,86.9798278808594,82.0541915893555,82.3171005249023,87.1249389648438,0.0859065502882004,0.611118018627167,0.00774413673207164,0.0169715527445078,8.08914770561962e-15,0,0.242025285959244,0,87173.171875,NA,69.5708028447741
"UKN11",6.09788751602173,9.1687183380127,17.3203983306885,13.2506580352783,11.2225103378296,3.66102290153503,2.34414982795715,2.04990768432617,3.94410228729248,86.6725311279297,81.5365753173828,81.1554718017578,86.7297439575195,0.0475961938500404,0.701275706291199,0.01606684923172,0.0160446632653475,3.45092171888188e-27,0,0.194416150450706,0,149843.5625,NA,76.6470810998021
"UKN12",6.1214747428894,9.08144283294678,17.135612487793,13.2297868728638,11.0141363143921,3.805171251297,2.39833498001099,2.11503267288208,4.09174489974976,86.3188095092773,81.5571670532227,81.5135040283203,86.475471496582,0.0494055561721325,0.641246378421783,0.0167875625193119,0.0175269972532988,1.06431112837854e-14,0,0.199280917644501,0,51784.078125,NA,25.7562249432522
"UKN13",6.28452205657959,9.23881816864014,17.4632720947266,13.465386390686,11.1787490844727,4.03387260437012,2.50094842910767,2.2282178401947,4.31786870956421,85.3092422485352,81.2428207397461,81.2840042114258,85.6887588500977,0.0452774837613106,0.555923521518707,0.0096061211079359,0.0307870414108038,1.17197562146267e-23,0,0.166542157530785,0,145658.421875,NA,200.279772712103
"UKN14",6.52664661407471,9.38475036621094,17.6467170715332,13.6534175872803,11.1200714111328,3.66824102401733,2.37105059623718,2.09550881385803,4.01267623901367,85.0562286376953,81.1389846801758,81.0269622802734,85.5179443359375,0.0602901056408882,0.547892034053802,0.00545271020382643,0.0361963547766209,1.94555281996156e-23,0,0.176142066717148,0,100660.734375,NA,193.224574331457
"UKN15",6.55502414703369,9.43792724609375,17.6413688659668,13.6854763031006,11.0863447189331,3.9088146686554,2.45791554450989,2.15558528900146,4.20770645141602,84.8032989501953,81.1191787719727,81.2954788208008,85.31201171875,0.0489259622991085,0.496265172958374,0.00840786565095186,0.038696575909853,2.85089471763698e-23,0,0.162215620279312,0,249026.953125,NA,239.487210680352
"UKN16",6.01572036743164,8.97344303131104,17.1083126068115,13.082727432251,11.0925922393799,4.43562650680542,2.7147057056427,2.31231498718262,4.4373779296875,87.6808319091797,82.1447219848633,81.9682846069336,87.6718292236328,0.106486395001411,0.588529288768768,0.0297434348613024,0.0132456151768565,6.96261082643035e-15,0,0.250000208616257,0,136944.65625,NA,46.3795403719374
"VA",12.9509611129761,18.3994483947754,29.0972805023193,22.3787803649902,16.1463203430176,2.8399031162262,1.73984932899475,0.530049741268158,7.42201948165894,76.2459411621094,74.5445251464844,70.4703826904297,76.5505218505859,0.220935523509979,0.0343117378652096,1.16741338818116e-12,0.174414083361626,0,0,0,0.134837046265602,250.627380371094,NA,736.712298380172
"XKG125378",5.26225900650024,14.3592958450317,26.5111656188965,15.6458292007446,21.2489051818848,1.99190735816956,1.97291564941406,1.26812553405762,1.48482608795166,75.2261962890625,63.7669219970703,50.2232284545898,68.2572708129883,0.239986911416054,0.238570064306259,0.00534051144495606,0.0478599593043327,0,0.0655310228466988,0.0752506628632545,0.327460885047913,630831.75,NA,197.483865745967
"XKG125379",5.15274620056152,14.1729202270508,26.318380355835,15.4459819793701,21.1656360626221,2.2358603477478,2.3553581237793,1.57689344882965,1.73382103443146,75.0446548461914,63.9640350341797,52.0676689147949,68.8079605102539,0.230861142277718,0.233280047774315,0.0107867876067758,0.0305405147373676,0,0.0370441116392612,0.221820920705795,0.235666424036026,240169.359375,NA,119.171433756522
"XKG125380",5.53785133361816,14.7145280838013,26.8413467407227,15.9876356124878,21.3034954071045,1.89214646816254,1.90356886386871,1.18563568592072,1.34727263450623,75.4495697021484,63.5526504516602,49.5044288635254,67.8491592407227,0.262286454439163,0.216731294989586,0.00726319244131446,0.0403068289160728,0,0.0979880169034004,0,0.375424206256866,222631.296875,NA,159.992972793356
"XKG125385",4.11817264556885,12.5969676971436,24.8075847625732,14.2634840011597,20.6894111633301,3.09701561927795,2.48254752159119,1.27290141582489,2.42360663414001,75.1889953613281,66.0879974365234,53.5498886108398,69.7093048095703,0.177181512117386,0.24217301607132,0.0396388918161392,0.0292638596147299,0.00945766177028418,0,0.502108156681061,0,245839.53125,NA,99.4807238667792
"XKG125389",4.07394123077393,12.6571407318115,24.8164138793945,14.3370923995972,20.7424716949463,2.52949666976929,2.12430739402771,1.26805329322815,2.03745150566101,74.8877105712891,64.9229125976562,49.6818084716797,67.839714050293,0.161503612995148,0.293839782476425,0.0325491167604923,0.0364819206297398,0.000146300648339093,0,0.475252091884613,0,326562.96875,NA,173.741457505308
