"NUTM","temperature_winter","temperature_spring","temperature_summer","temperature_fall","seasonal_variation","precipitation_winter","precipitation_spring","precipitation_summer","precipitation_fall","relative_humidity_winter","relative_humidity_spring","relative_humidity_summer","relative_humidity_fall","croplands","pastures","rangelands","urbanAreas","primaryForest","primaryNonForest","secondaryForest","secondaryNonForest","total_population","population_density"
"AD",2.45750451087952,8.19194316864014,18.4982089996338,11.1039295196533,16.0407047271729,2.3073570728302,2.77148175239563,2.66483402252197,2.56385493278503,73.8409881591797,73.3557739257812,73.7436904907227,76.7450866699219,0.171516045928001,0.0417806915938854,0.0267916619777679,0.0160337835550308,9.00903323781677e-05,0.0294321347028017,0.15366567671299,0.560689926147461,19010.2109375,40.1216194762766
"AL013",0.273853361606598,9.10176658630371,19.9340953826904,11.2808094024658,19.6602420806885,4.27632093429565,3.02886199951172,1.957364320755,4.33206748962402,78.7615280151367,71.2402725219727,65.5754165649414,74.3120574951172,0.151827931404114,0.181701391935349,0.00549816945567727,0.0151309967041016,0.0798403322696686,0,0.564388155937195,0,152918.140625,65.8718545463218
"AL015",1.21261143684387,9.43943405151367,20.4088039398193,11.8886260986328,19.1961917877197,6.07477855682373,3.75420355796814,1.89974021911621,6.15839195251465,76.7785415649414,71.2983551025391,66.5422897338867,73.912956237793,0.157890573143959,0.134266540408134,0.00625638384371996,0.010923819616437,0.110923580825329,0,0.536123931407928,0,210923.15625,58.998761795197
"AL014",5.6500735282898,13.4131288528442,24.381664276123,16.003345489502,18.7315902709961,4.67962265014648,3.25875401496887,1.59156858921051,4.62498378753662,75.6451416015625,71.0944290161133,65.4196624755859,72.7136688232422,0.156816050410271,0.129345953464508,5.29534194271264e-10,0.0112155973911285,0.10829684138298,0,0.520260035991669,0,95316.7578125,57.539864766605
"AL011",2.54331374168396,10.7411956787109,21.6484775543213,13.2695226669312,19.1051654815674,3.83213043212891,2.79405498504639,1.66664731502533,3.81017661094666,79.662223815918,72.5767364501953,66.8281936645508,74.7022247314453,0.16593511402607,0.19139389693737,0.00190707051660866,0.0100406464189291,0.102545395493507,0,0.515232920646667,0,127230.578125,50.4856528670568
"AL012",7.53975439071655,14.4969921112061,25.3730659484863,17.4418239593506,17.8333110809326,4.12220335006714,2.87010073661804,1.25796985626221,4.09513998031616,73.6265640258789,70.2662734985352,65.2858581542969,71.5073318481445,0.215947061777115,0.124856553971767,4.93267426904254e-10,0.0256031583994627,0.0916496962308884,0,0.501190006732941,0,241942.21875,314.397716222855
"AL021",3.85694408416748,11.2565793991089,22.1722793579102,14.1779775619507,18.315336227417,3.41286206245422,2.43279790878296,1.39473295211792,3.38365411758423,78.1683349609375,71.0932540893555,65.1876831054688,73.2225799560547,0.165268987417221,0.181787744164467,0.0107043301686645,0.0138982441276312,0.0980784893035889,0,0.52409017086029,0,378220.3125,114.295200965999
"AL022",7.19586229324341,13.9652261734009,24.7840614318848,17.0406036376953,17.5881996154785,3.60653758049011,2.54984784126282,1.15117502212524,3.58999824523926,74.2276458740234,70.4074325561523,65.6900100708008,71.6923522949219,0.241730913519859,0.142602756619453,6.481362113675e-10,0.0308131575584412,0.0861962661147118,0,0.493545025587082,0,741341.8125,447.889523820806
"AL034",1.95351731777191,9.87769412994385,20.9870319366455,12.6496934890747,19.0335140228271,3.00123715400696,2.16296863555908,1.30012023448944,3.14771819114685,80.8723068237305,71.530029296875,62.6618995666504,73.2462310791016,0.192271873354912,0.122207328677177,0.0291093979030848,0.00795490853488445,0.0141619024798274,0.358429610729218,0.0938183814287186,0.12470069527626,160854.15625,43.5336606822769
"AL031",5.23155927658081,12.1302347183228,23.0855388641357,15.2579002380371,17.8539810180664,3.52294421195984,2.32705426216125,1.16671526432037,3.47351574897766,76.7288970947266,69.9826736450195,62.8882713317871,72.0907516479492,0.222947001457214,0.196015045046806,0.0173555444926023,0.0106653580442071,0.0760814175009727,0,0.474533230066299,0,93158.4921875,51.2534713215451
"AL032",9.39548683166504,15.4679918289185,26.2254371643066,18.799768447876,16.829948425293,3.37217879295349,2.2750506401062,0.932264268398285,3.5146541595459,74.4796371459961,69.265739440918,62.7616271972656,71.6232299804688,0.365291476249695,0.188846737146378,0.00164514628704637,0.0226624086499214,0.0387525856494904,0,0.369199216365814,0,211370.21875,114.079484436802
"AL035",8.1116828918457,14.4300632476807,25.2790832519531,17.6871089935303,17.1674003601074,4.86447191238403,2.50163078308105,0.772037923336029,4.68291711807251,75.8977355957031,72.101203918457,64.8456039428711,73.3517379760742,0.186340183019638,0.191267639398575,0.0369804352521896,0.0041660787537694,0.0306034237146378,0.00471148500218987,0.376977503299713,0.000908989924937487,59229.22265625,21.7107015763451
"AL033",4.49693775177002,11.4109268188477,22.4729022979736,14.5434856414795,17.9759635925293,4.98319387435913,2.59689521789551,1.01635873317719,4.6137900352478,76.7150039672852,70.8475189208984,62.6841049194336,72.199333190918,0.212985798716545,0.19332417845726,0.0244904719293118,0.00406250590458512,0.0561373606324196,0.0135226901620626,0.441603124141693,0.00301710795611143,48269.09765625,16.8112935771665
"AT11",1.4541802406311,11.8207530975342,21.4181060791016,11.7258358001709,19.9639263153076,1.32849562168121,1.93255686759949,2.92400050163269,2.33754754066467,79.4220657348633,68.2096252441406,67.738151550293,79.0366744995117,0.323995321989059,0.0696869716048241,7.64297947171144e-05,0.0139970472082496,1.40129846432482e-45,0.0350899621844292,0.268278688192368,0.269181579351425,374528.53125,94.737137967975
"AT12",0.680958211421967,10.6919393539429,20.2895984649658,10.8332147598267,19.6086387634277,1.96867251396179,2.31521010398865,3.09776020050049,2.25623917579651,81.0278396606445,70.8771133422852,70.3914413452148,80.3841934204102,0.290510237216949,0.155749574303627,0.00301654613576829,0.0202560387551785,0,0.139859244227409,0.0748657509684563,0.315399289131165,3311342.25,173.383373036325
"AT13",1.96937537193298,12.2534399032593,21.9530563354492,12.1455087661743,19.9836807250977,1.54285967350006,1.95376086235046,2.46664047241211,2.04624891281128,79.7998352050781,68.5687866210938,66.2514343261719,77.5172729492188,0.264483451843262,0.116911239922047,2.47817016907348e-10,0.121139988303185,0,0.123712562024593,0,0.373752802610397,457325.21875,1078.75872288637
"AT21",-1.76990139484406,6.76832723617554,16.3637771606445,8.09088039398193,18.1336784362793,2.21843528747559,3.14091849327087,4.90412616729736,4.21331834793091,79.2345428466797,74.4251098632812,77.4011077880859,83.3335647583008,0.100936643779278,0.09340038895607,0.0561784543097019,0.0115987621247768,0,0,0.733752191066742,0,631506.9375,66.8018454813684
"AT22",-1.13673067092896,7.87092971801758,17.3617572784424,8.8265495300293,18.4984893798828,2.29318356513977,2.90658402442932,4.59537649154663,3.36610078811646,80.9231185913086,73.9493713378906,76.6316909790039,83.5297698974609,0.134490847587585,0.0716162249445915,0.0235663242638111,0.0137390280142426,9.4071860162832e-25,0.0511208027601242,0.693445026874542,0.0110772484913468,1316156,80.3937899863555
"AT31",0.262355506420135,9.58949565887451,18.9544715881348,10.201244354248,18.69211769104,3.09234738349915,3.22551965713501,4.21534204483032,3.14927220344543,82.2836608886719,73.0790100097656,74.8495254516602,82.8917236328125,0.228871271014214,0.21888966858387,0.0107400305569172,0.0201999600976706,0,0.0775535926222801,0.314587831497192,0.124433904886246,1503414.75,126.024870687008
"AT32",-2.24342179298401,4.96533250808716,14.273211479187,6.91249847412109,16.5166339874268,3.0927677154541,3.95992517471313,5.78282785415649,4.16833114624023,80.3500289916992,76.4962615966797,79.4926681518555,83.7007064819336,0.0650717169046402,0.15055724978447,0.146659329533577,0.0102456891909242,0,0,0.610718965530396,0,525238.5625,73.3288647926279
"AT33",-2.96410298347473,4.19739294052124,13.3362264633179,6.09080219268799,16.300329208374,2.74112462997437,3.30078840255737,5.20614242553711,3.61607050895691,76.1422348022461,74.1094055175781,78.5452423095703,80.9967727661133,0.0732474252581596,0.13480994105339,0.166395649313927,0.0089791789650917,0,0,0.595371007919312,0,874564.9375,69.4170308794014
"AT34",-1.36800158023834,5.86294412612915,14.9227685928345,7.55009031295776,16.290771484375,3.6724169254303,3.85614085197449,5.68317699432373,3.96370673179626,76.1852188110352,73.3378982543945,77.5719375610352,80.1511154174805,0.109550446271896,0.172018364071846,0.125628709793091,0.0273813083767891,0.00044550996972248,0,0.55646938085556,0,432345.03125,164.647301170317
"BAG1652",1.42298483848572,10.0631628036499,20.3695945739746,11.6941986083984,18.9466114044189,3.35874652862549,3.06038093566895,2.62035489082336,4.10596370697021,80.5024719238281,71.4637756347656,70.4570693969727,78.3700561523438,0.181135147809982,0.154652655124664,0.0306780450046062,0.0105370990931988,0.00112469075247645,0.113884061574936,0.447573333978653,0.0524218752980232,1604269,59.986376774659
"BAG1653",1.84659242630005,10.9815664291382,21.2706565856934,12.3312463760376,19.4240665435791,3.17766809463501,2.99828815460205,2.7900288105011,3.78805184364319,80.5011138916016,70.412239074707,70.5515823364258,77.9410247802734,0.218925684690475,0.115479879081249,0.0262622404843569,0.0088772801682353,0.00223007751628757,0.13969911634922,0.393824428319931,0.0855995863676071,1168525,47.6737914540406
"BE10",4.57938671112061,11.1844081878662,19.4241313934326,12.2154951095581,14.8447427749634,2.62676215171814,1.844935297966,2.39125919342041,2.32058238983154,85.7489852905273,74.2468872070312,74.8012542724609,83.4672622680664,0.337062418460846,0.140471026301384,7.14613257457586e-10,0.261127859354019,0,0,0,0.261338740587234,184765.203125,1222.22554925814
"BE21",4.59782791137695,11.130124092102,19.4203948974609,12.0947246551514,14.8225660324097,2.50176954269409,1.67346036434174,2.36484789848328,2.3464503288269,85.3946304321289,73.7676467895508,74.3411026000977,83.3623352050781,0.227114856243134,0.142619416117668,1.39280897926142e-09,0.124937884509563,0,3.27176979952881e-10,0,0.486338973045349,1466029.125,514.419647365517
"BE22",4.21784019470215,11.1325330734253,19.5589714050293,11.99915599823,15.3411312103271,2.57541251182556,1.82171225547791,2.48799586296082,2.25953030586243,85.0726165771484,72.7504577636719,73.3280334472656,82.9571762084961,0.22302308678627,0.15921838581562,7.23819393311231e-10,0.105997756123543,0,0,0,0.511760771274567,1045147.75,430.333310924879
"BE23",4.6858057975769,10.9517345428467,19.3148422241211,12.4044103622437,14.6290369033813,2.57223200798035,1.71900236606598,2.37458562850952,2.52154421806335,85.8087310791016,75.479248046875,75.8462829589844,83.6960296630859,0.273139744997025,0.163997679948807,1.29170163454262e-09,0.12047141045332,0,2.65593907977646e-10,0,0.366686254739761,1488424.25,492.729191934661
"BE24",4.35235643386841,11.1381607055664,19.5438442230225,12.162088394165,15.1914863586426,2.55353617668152,1.80888402462006,2.38315391540527,2.24768972396851,85.6097640991211,73.9052581787109,74.5369644165039,83.3821258544922,0.3636135160923,0.154957011342049,1.60340363208888e-09,0.170515865087509,0,2.61982727178811e-11,0,0.309393137693405,1489745.5,704.458737359169
"BE25",4.75362920761108,10.6330814361572,18.8047389984131,12.3786926269531,14.0511093139648,2.7241940498352,1.87083911895752,2.42099189758301,2.78558945655823,85.2134246826172,76.2314987182617,76.4575271606445,83.1615447998047,0.367977827787399,0.162378907203674,3.99082572544174e-10,0.102689564228058,0,0,0,0.246896296739578,1260074.75,399.902484841291
"BE31",4.32871294021606,11.1411809921265,19.5696105957031,12.1787366867065,15.2408971786499,2.54788780212402,1.79285764694214,2.35599946975708,2.2189998626709,85.6749267578125,73.9431533813477,74.5935668945312,83.4113616943359,0.384405672550201,0.153833448886871,1.92275995125613e-09,0.170297920703888,0,0,0,0.291462987661362,731112,679.388662260609
"BE32",4.38135242462158,11.0013074874878,19.4383525848389,12.1506700515747,15.056999206543,2.84450173377991,1.96539080142975,2.47637462615967,2.50136351585388,86.4077301025391,75.1468811035156,75.5992889404297,84.1258850097656,0.330645561218262,0.172834634780884,8.31857693839311e-10,0.109427846968174,0,0,0.201285392045975,0.185806587338448,1825248.375,480.176778900299
"BE33",3.380530834198,10.5599231719971,19.177604675293,11.4468145370483,15.7970733642578,3.00091075897217,2.05921411514282,2.65990662574768,2.55958962440491,86.7769088745117,74.3765563964844,75.0154418945312,84.6791381835938,0.18251870572567,0.161126136779785,1.42255263124724e-09,0.0797000527381897,0,2.13417974156797e-13,0.271304368972778,0.305350750684738,1240991.875,321.095478227932
"BE34",2.97099590301514,10.0858211517334,18.8681545257568,10.8938684463501,15.8971576690674,3.53067684173584,2.25231266021729,2.65723299980164,2.9496603012085,88.1920700073242,75.2435531616211,75.8228073120117,86.1986083984375,0.22021646797657,0.174170583486557,0.000123743404401466,0.0307489167898893,3.25165033787655e-10,1.08620630316856e-36,0.484108984470367,0.0906312614679337,401565.78125,90.0669049878747
"BE35",3.75929164886475,10.7046127319336,19.3251647949219,11.6942071914673,15.5658731460571,3.13097739219666,2.11769104003906,2.59332251548767,2.58062100410461,87.1276931762695,75.0758819580078,75.8069610595703,85.0241088867188,0.271623760461807,0.184066921472549,1.56096666614758e-05,0.0513987354934216,0,1.51607310423993e-36,0.0832332819700241,0.409661710262299,702982.1875,191.253120686983
"BG311",2.05481481552124,12.5360555648804,23.1960201263428,13.3926734924316,21.1412048339844,1.66413486003876,1.92454564571381,2.06770396232605,1.6444685459137,82.6840667724609,69.3209228515625,65.1426467895508,75.4047317504883,0.262584179639816,0.187734350562096,0.00488263554871082,0.0048721325583756,0,0.0389739759266376,0,0.498641610145569,87161.578125,29.0239090947956
"BG312",1.57283437252045,12.1200742721558,22.7838516235352,13.0530376434326,21.2110176086426,1.50989091396332,2.04107785224915,2.41200757026672,1.67655158042908,81.7400360107422,69.1569137573242,65.6290054321289,74.8454360961914,0.279272943735123,0.198661774396896,0.0192059744149446,0.00508892023935914,0,0.034081157296896,0,0.461788594722748,103041.4921875,28.2529656291217
"BG313",1.71466636657715,12.5941963195801,23.5375080108643,13.6616468429565,21.8228416442871,1.51980137825012,2.18391919136047,2.58515667915344,1.70335221290588,81.9732818603516,69.4340667724609,66.0558547973633,74.6770248413086,0.323438048362732,0.17648434638977,0.0281650125980377,0.00700009986758232,0,0.00347240502014756,0,0.459800869226456,120920.2578125,33.0974710561607
"BG314",1.84102535247803,13.0368480682373,24.3495025634766,14.3418464660645,22.5084781646729,1.47554385662079,1.88186573982239,2.36561942100525,1.58153259754181,81.8857269287109,69.4863357543945,65.7814407348633,73.6822738647461,0.515450656414032,0.195294559001923,0.0116827376186848,0.00743046402931213,0,0.00577488029375672,0,0.263214737176895,199461,43.5327168130912
"BG315",0.778950929641724,11.3163576126099,22.5219688415527,12.9003705978394,21.7430171966553,1.61600470542908,2.42482399940491,3.2565438747406,1.88434398174286,80.669807434082,71.8203659057617,70.224235534668,75.7673645019531,0.303723365068436,0.128387331962585,0.00641784770414233,0.00899168848991394,0,5.8347806771053e-05,0,0.552409589290619,158045.703125,38.2081705176966
"BG321",1.79018604755402,12.2442569732666,23.6641826629639,13.9672355651855,21.8739967346191,1.59599566459656,2.0285701751709,2.37042713165283,1.72209489345551,81.6559143066406,71.4538040161133,68.6088485717773,75.065315246582,0.407698094844818,0.170521527528763,0.00357910827733576,0.00905318465083838,0,0.00255152676254511,0,0.406217277050018,195017.875,41.8314530275326
"BG322",0.274372845888138,10.493899345398,21.8137054443359,12.3223400115967,21.5393352508545,1.68526005744934,2.35250616073608,3.03967809677124,1.82369947433472,80.997802734375,72.564697265625,70.5974960327148,75.9939270019531,0.245091542601585,0.107996098697186,0.000604828004725277,0.0103857684880495,0,7.18636729288846e-05,0,0.635284662246704,88585.8515625,44.5582454159959
"BG323",2.09534883499146,12.8693752288818,24.2465515136719,14.3179216384888,22.1512031555176,1.75737929344177,1.98802745342255,2.31879496574402,1.76442813873291,82.502571105957,70.1693572998047,67.2089767456055,74.4054336547852,0.530660808086395,0.186530217528343,0.00657239649444818,0.0116420788690448,0,0.0108084520325065,0,0.251642525196075,183644.65625,63.7339171262015
"BG324",2.04211664199829,12.4085388183594,23.7664604187012,14.0815420150757,21.7243423461914,1.72291457653046,2.07285761833191,2.36213517189026,1.90211021900177,82.4168395996094,71.4025497436523,68.7406845092773,75.4934844970703,0.46991765499115,0.169332429766655,0.00150625361129642,0.00801220256835222,0,0.00361259211786091,0,0.347536027431488,84268.796875,35.4397304307892
"BG325",2.19139647483826,12.6141834259033,23.8487510681152,14.1836318969727,21.6573543548584,1.75084292888641,1.89860022068024,2.17852067947388,1.76140868663788,82.6439971923828,71.3529357910156,68.6956176757812,75.6867752075195,0.519315540790558,0.160508096218109,0.00696224393323064,0.00788370240479708,0,0.00943112745881081,0,0.288536787033081,144637.890625,50.4374497753133
"BG331",3.74656224250793,12.0405044555664,23.5864200592041,15.180233001709,19.8398590087891,1.53691732883453,1.71888017654419,1.80205917358398,1.93711650371552,81.0064163208008,74.5324478149414,72.1203765869141,77.1781768798828,0.373782068490982,0.13563559949398,0.000601705862209201,0.0127027686685324,0,6.79587756167166e-05,0,0.383540958166122,373339.3125,98.2514197427105
"BG332",3.15594291687012,12.0293092727661,23.5045776367188,14.7086200714111,20.3486366271973,1.50261414051056,1.68274056911469,1.75708723068237,1.7760146856308,81.6708221435547,73.5501251220703,71.0357437133789,76.669677734375,0.481501907110214,0.186669126152992,2.80941181429739e-09,0.0065294005908072,0,0.00560633279383183,0,0.314394772052765,151696,31.8229312630303
"BG333",2.65045833587646,12.037615776062,23.4687194824219,14.3520488739014,20.8182621002197,1.56807374954224,1.92769515514374,2.13828873634338,1.82328224182129,81.9216842651367,73.291618347168,70.5773010253906,76.7610244750977,0.443393260240555,0.169279605150223,0.000706188671756536,0.00752029940485954,0,2.14756510104053e-05,0,0.378925502300262,129936.75,38.071154553086
"BG334",2.13380599021912,12.059308052063,23.4623260498047,14.0404996871948,21.328519821167,1.55582642555237,2.05201625823975,2.24793362617493,1.79123246669769,82.0009613037109,72.6283111572266,70.4756622314453,76.5306930541992,0.37702888250351,0.162389978766441,0.000368989800335839,0.00689805438742042,0,0.00034215539926663,0,0.452964782714844,80522.40625,29.9911045480841
"BG341",4.45019245147705,12.5119934082031,23.857608795166,15.8064050674438,19.4074153900146,1.72643315792084,1.79814696311951,1.6459139585495,2.11289954185486,79.9496536254883,74.6352233886719,71.5252075195312,75.9541091918945,0.25845131278038,0.120554372668266,0.00547991972416639,0.00631627161055803,0,0.061589140444994,0,0.42399600148201,299985.6875,38.6613954757699
"BG342",1.90133965015411,11.2154598236084,22.6373901367188,13.5210609436035,20.7360496520996,1.4792343378067,1.79234516620636,1.97796559333801,1.6611613035202,80.6867904663086,73.0153350830078,68.6635665893555,75.2372665405273,0.289174914360046,0.130990281701088,0.00587141932919621,0.00784190557897091,0,5.59583058930002e-05,0,0.566065549850464,140655.8125,40.218681899334
"BG343",4.11507606506348,12.802677154541,24.2233047485352,15.4399309158325,20.1082305908203,1.56499409675598,1.7006516456604,1.65394067764282,1.76937925815582,79.8945617675781,72.1243896484375,65.6535797119141,73.195915222168,0.435773283243179,0.181272968649864,0.0123142935335636,0.00562445027753711,0,0.00181533268187195,0,0.36305233836174,81115.6953125,24.2628698000787
"BG344",2.14649415016174,11.6907424926758,23.0734996795654,13.7613143920898,20.9270057678223,1.62892663478851,1.91159760951996,2.36888456344604,1.66354632377625,80.1025314331055,71.771125793457,66.8550872802734,74.0329437255859,0.332322597503662,0.141821995377541,0.00232721958309412,0.00971515756100416,0,4.7534082113998e-05,0,0.51356041431427,255072.09375,49.3212275576599
"BG411",0.675351202487946,10.5506439208984,20.9924182891846,12.1087188720703,20.3170680999756,1.63534009456635,2.49356389045715,3.50207233428955,2.03779458999634,79.0227890014648,69.7497329711914,69.7383041381836,75.1402206420898,0.153906509280205,0.0368179529905319,0.00669665401801467,0.0506323873996735,0,8.63392269820906e-05,0,0.75117439031601,599733.875,455.457071290713
"BG412",0.0479289628565311,9.89558601379395,20.5456981658936,11.5553522109985,20.4977684020996,1.79233968257904,2.7740433216095,3.41221356391907,2.10298109054565,79.5360336303711,71.1291580200195,71.0315704345703,76.1143417358398,0.137258842587471,0.0533228702843189,0.00610125856474042,0.0142892152070999,0,0.0101298624649644,0,0.776665329933167,774982.4375,108.924041956024
"BG413",0.677861332893372,9.89187240600586,20.726676940918,11.9553499221802,20.0488166809082,1.70191633701324,2.00208592414856,2.14382886886597,1.7274956703186,77.3444595336914,69.5765686035156,67.1515960693359,73.744873046875,0.142147034406662,0.105072982609272,0.0145228793844581,0.00553744053468108,0,0.0666132047772408,0,0.663112580776215,224141.171875,34.9108149667427
"BG414",0.412476420402527,10.2142915725708,20.5845355987549,11.849871635437,20.1720600128174,1.58325839042664,2.16248893737793,2.73404002189636,1.83113574981689,78.6058349609375,69.1054534912109,68.6650314331055,74.6105651855469,0.151765614748001,0.0400351919233799,0.0113871488720179,0.0138296689838171,0,0.108863823115826,0,0.674097001552582,259490.625,109.021152878545
"BG415",0.273155242204666,9.82026100158691,20.2248191833496,11.6629285812378,19.9516620635986,1.70333755016327,2.22983264923096,2.61034250259399,1.85811328887939,76.4516983032227,67.4567794799805,65.4725189208984,72.3863220214844,0.141156733036041,0.0815847963094711,0.0186987891793251,0.00689799152314663,0,0.1451715528965,0,0.606469810009003,101174.6328125,33.1101278776788
"BG421",1.64583683013916,11.2758131027222,22.5434150695801,13.1437454223633,20.8975772857666,1.87438762187958,2.22637629508972,2.95156335830688,1.79037010669708,79.0260162353516,71.5275115966797,68.2522735595703,75.0328674316406,0.314741283655167,0.122222051024437,0.00416389387100935,0.0151190059259534,0,0.00155978067778051,0,0.541540503501892,617125.9375,103.041537076697
"BG422",4.12999820709229,12.7617797851562,24.1651058197021,15.1398372650146,20.0351066589355,1.88548719882965,1.74365329742432,1.51754224300385,1.79367578029633,79.5917282104492,70.5979156494141,61.8580474853516,71.4073867797852,0.391493499279022,0.181773379445076,0.0180595852434635,0.00687037128955126,0,0.0498600006103516,0,0.350147128105164,204433.8125,36.9256147883562
"BG423",0.651906549930573,10.1510448455811,21.1089210510254,12.0397310256958,20.4570140838623,1.82449173927307,2.35940790176392,2.76062059402466,1.79827892780304,78.4945449829102,71.4782104492188,70.0547256469727,75.7822952270508,0.210787385702133,0.0851867571473122,0.00392232602462173,0.00833115633577108,0,0.0507632456719875,0,0.635045051574707,214191.9375,48.125213298204
"BG424",0.433651447296143,9.19262790679932,20.3217258453369,11.3879518508911,19.8880729675293,2.32225227355957,2.22996687889099,2.49620532989502,2.02540111541748,78.8745422363281,73.0244445800781,70.782844543457,76.0330581665039,0.107222482562065,0.0406243093311787,0.0132317375391722,0.00382235995493829,0,0.149127051234245,0,0.678472876548767,85172.15625,26.7126807032055
"BG425",3.48790621757507,11.8069868087769,23.1508941650391,14.1744823455811,19.6629867553711,2.12706208229065,1.82970678806305,1.5385422706604,1.8715808391571,79.4907989501953,71.9101791381836,63.7547035217285,72.6870498657227,0.297350704669952,0.110990166664124,0.0481176786124706,0.00488800089806318,0,0.115561634302139,0,0.417374223470688,124542.2578125,38.6545702987075
"CH01",-1.72526180744171,4.92645883560181,14.2272071838379,6.83911180496216,15.9524688720703,3.98784065246582,3.88233804702759,3.87967562675476,3.99366092681885,73.6457672119141,72.8182678222656,76.648551940918,80.0651168823242,0.143860757350922,0.12554569542408,0.0404514782130718,0.0212077330797911,9.82730328989677e-27,0,0.583006918430328,0,1322889.875,152.087775444849
"CH02",0.649965047836304,8.22358226776123,17.4413433074951,9.41391563415527,16.7913780212402,4.1825647354126,4.02319812774658,4.48457050323486,4.08472633361816,77.5356674194336,72.7546920776367,75.9350967407227,81.6838073730469,0.199949249625206,0.172652408480644,0.0194659158587456,0.0333207696676254,3.3633044249569e-29,3.88191466527132e-07,0.535516321659088,2.71733483714343e-06,2070086.25,205.571590793896
"CH03",2.20156788825989,10.4032516479492,19.4672164916992,11.0478477478027,17.2656478881836,3.82632923126221,3.58264994621277,3.95703816413879,3.51791071891785,80.1229476928711,71.5051956176758,73.2882919311523,81.7303314208984,0.199652120471001,0.174707770347595,0.00751378992572427,0.062312051653862,2.4082626129987e-26,0.00926468335092068,0.467242628335953,0.0648526474833488,860314.875,438.80787258422
"CH04",1.96478736400604,10.2321443557739,19.2955875396729,10.8447561264038,17.3308010101318,3.91096305847168,3.89599943161011,4.72971630096436,3.74264550209045,80.1176300048828,72.2007293701172,74.4571838378906,82.0520782470703,0.140913933515549,0.207357510924339,0.00797928869724274,0.0879836827516556,7.3814893570656e-27,0,0.526519477367401,0,977515.3125,572.07514888679
"CH05",-2.20776033401489,4.40081596374512,13.4114980697632,6.43195199966431,15.6192598342896,3.7245237827301,3.9047908782959,5.15126657485962,4.39643049240112,75.9164047241211,73.8312072753906,78.1725845336914,81.6772613525391,0.0676468759775162,0.19415257871151,0.137884005904198,0.0159945003688335,2.29423822020181e-05,0,0.559648811817169,0,1332992.875,116.563674469901
"CH06",-0.556445598602295,6.52848958969116,15.5300016403198,8.03612899780273,16.086446762085,5.15167808532715,5.29916906356812,5.71570205688477,5.04135322570801,77.2533950805664,74.3743209838867,78.1824722290039,82.4120788574219,0.0884510204195976,0.201657429337502,0.0646619871258736,0.0470897108316422,1.15571065435833e-26,0,0.531096041202545,0,1328710.875,298.970069695798
"CH07",-1.18137717247009,5.57598733901978,14.7223653793335,7.45676612854004,15.9037418365479,3.50077557563782,5.78639507293701,6.3024754524231,6.4418215751648,73.1197204589844,72.5971298217773,76.7771606445312,80.7541427612305,0.0432700701057911,0.0999650731682777,0.0993048772215843,0.0200654957443476,1.25916377341105e-14,0,0.69790256023407,0,421131.84375,147.287780621911
"CZ01",0.881412863731384,10.7882595062256,20.1820964813232,10.7181463241577,19.3006820678711,1.36867821216583,1.54383778572083,2.47645092010498,1.45679426193237,81.5855407714844,69.9517593383789,67.463737487793,79.4944000244141,0.499603718519211,0.0927484184503555,1.16122211846204e-09,0.0472202152013779,0,0.00315145077183843,0.140463039278984,0.216703847050667,253477.6875,527.761733106903
"CZ02",0.488507062196732,10.2223119735718,19.637939453125,10.2933673858643,19.1494331359863,1.56615769863129,1.69677543640137,2.56845664978027,1.56274330615997,82.2181625366211,70.9165649414062,69.4216613769531,80.5570983886719,0.464807152748108,0.125995382666588,0.00011921237455681,0.0204340983182192,0,0.00509938923642039,0.0950645357370377,0.288237750530243,2324862.25,213.244705578355
"CZ03",0.15530101954937,9.6263370513916,18.996265411377,9.91136360168457,18.8409633636475,2.02498173713684,2.02752709388733,2.78527617454529,1.92468118667603,83.6853332519531,72.5298385620117,72.3645401000977,82.607795715332,0.332349509000778,0.150594994425774,0.00130425812676549,0.0073885410092771,0,0.0115088298916817,0.0473621152341366,0.448133617639542,1289291.5,72.8146520175012
"CZ04",0.356434196233749,9.72148513793945,19.0646286010742,9.87917804718018,18.708194732666,2.1797239780426,1.96767818927765,2.5859956741333,1.90309345722198,84.9501037597656,72.8420333862305,71.1284713745117,83.0128555297852,0.332942873239517,0.102332957088947,0.00363816251046956,0.0140305105596781,0,0.0113031398504972,0.018245430663228,0.517031610012054,1265781.375,146.502215806452
"CZ05",-0.0684210136532784,9.56064128875732,18.970796585083,9.82108497619629,19.0392169952393,2.96312165260315,2.28640651702881,3.0553572177887,2.33126735687256,84.9579086303711,72.9373550415039,72.4760284423828,82.9136505126953,0.356105506420135,0.129055216908455,0.00040287320734933,0.0161550529301167,0,0.0028839479200542,0.230392515659332,0.264964014291763,1522871,122.908506978139
"CZ06",0.213972061872482,10.2802391052246,19.8206310272217,10.4527540206909,19.6066608428955,1.6368750333786,1.80489277839661,2.51739192008972,1.73445022106171,82.8777008056641,70.459228515625,68.9248428344727,80.0254287719727,0.451620787382126,0.142078101634979,0.000182246483745985,0.0120118213817477,0,0.0040023997426033,0.0957052707672119,0.294313877820969,1620932.5,116.221820108322
"CZ07",-0.549592018127441,9.4969482421875,19.0019779205322,9.81635665893555,19.551570892334,2.22681498527527,2.12501668930054,2.91293430328369,2.13751125335693,84.1843719482422,71.7080917358398,71.2455368041992,80.7596893310547,0.364031136035919,0.116329982876778,0.000585402478463948,0.0172099694609642,0,0.00689308112487197,0.319721311330795,0.174455121159554,1132839.25,123.582442670489
"CZ08",-0.560556173324585,9.30924224853516,18.7494659423828,9.67262935638428,19.310022354126,2.3732590675354,2.34793829917908,3.32096672058105,2.31849217414856,83.9676666259766,72.3993530273438,73.1414413452148,81.076301574707,0.372171700000763,0.102204814553261,0.000312636198941618,0.0225594658404589,0,0.00799295585602522,0.0559623874723911,0.436990857124329,1193200.875,219.998923752128
"DE11",1.53963541984558,10.4221181869507,19.7029514312744,10.7175073623657,18.1633167266846,2.47452259063721,2.31279444694519,2.61677837371826,2.37409615516663,83.6830749511719,71.0071029663086,69.8091278076172,81.8270034790039,0.300430923700333,0.0854422897100449,4.11072778661037e-06,0.0373133346438408,0,8.81985077420128e-13,0,0.576809406280518,3803772.5,359.970238386579
"DE12",2.45700573921204,11.1288089752197,20.3442211151123,11.4261322021484,17.8872146606445,2.78377079963684,2.42257785797119,2.64423251152039,2.61387252807617,83.2188339233398,70.6432647705078,69.2774276733398,81.3064270019531,0.229892313480377,0.0503334440290928,2.0725707145175e-05,0.0380333326756954,0,0,0.0615779384970665,0.62014228105545,2492068.75,363.826838215406
"DE13",2.0338625907898,10.3150911331177,19.4391307830811,10.8935298919678,17.4052696228027,3.19450807571411,2.87312889099121,3.12919688224792,3.03169584274292,82.3242950439453,71.8905181884766,71.7985534667969,82.0932312011719,0.234392106533051,0.0894618481397629,0.000601064646616578,0.0287737213075161,0,0.0125881247222424,0.437127619981766,0.191750332713127,2498475.25,266.120113223445
"DE14",1.46753334999084,10.2388772964478,19.5069580078125,10.7518281936646,18.0394248962402,2.21237182617188,2.56377673149109,3.34353494644165,2.55364871025085,82.3299865722656,71.9433975219727,72.7758407592773,82.4744033813477,0.251475304365158,0.143940016627312,0.000840146618429571,0.0199780948460102,0,1.71310529780908e-13,0.332090258598328,0.218869850039482,2089444.375,228.583908925703
"DE21",0.532355904579163,9.65608501434326,18.9466915130615,10.1859245300293,18.4143352508545,2.5019052028656,3.12186980247498,4.36422967910767,3.07857608795166,80.496711730957,71.7297592163086,73.856689453125,81.9797134399414,0.246129766106606,0.147257477045059,0.00880294479429722,0.0260794404894114,0,3.27248957099346e-11,0.335843741893768,0.226927414536476,4689533.5,267.970915084008
"DE22",0.667850136756897,10.2384576797485,19.5303649902344,10.4007005691528,18.8625144958496,2.49624013900757,2.38998365402222,3.11027598381042,2.44692182540894,82.3653411865234,70.7466278076172,71.3424758911133,81.6246337890625,0.333207547664642,0.162686496973038,0.000728635990526527,0.00993150286376476,0,6.46144400207049e-08,0.176057651638985,0.317388087511063,1189180.875,116.266020005823
"DE23",0.430181592702866,9.82403087615967,19.139274597168,9.91386032104492,18.7090930938721,2.35224604606628,2.00162243843079,2.55748438835144,2.11966872215271,84.3106842041016,71.0715560913086,70.3402709960938,82.262809753418,0.283004999160767,0.107250869274139,0.00011737418390112,0.011398266069591,0,2.57339056730643e-08,0.00662839505821466,0.591600120067596,1250053.375,129.402297027428
"DE24",0.798969984054565,9.5645055770874,18.8840312957764,9.90007305145264,18.0850620269775,2.65270233154297,2.06234407424927,2.46395611763,2.28638744354248,85.0104446411133,71.7040939331055,70.5195617675781,82.796272277832,0.276611775159836,0.0955428034067154,4.33210300965214e-10,0.0133660398423672,0,0,0,0.614479422569275,1004145.375,139.154243714915
"DE25",1.03712356090546,9.99116039276123,19.37087059021,10.2457036972046,18.3337497711182,2.1103458404541,1.95264422893524,2.33787417411804,2.02400040626526,83.5851974487305,70.4019088745117,68.8943328857422,81.539794921875,0.359117478132248,0.112099826335907,1.68750224904812e-09,0.0206255633383989,0,0,0,0.508157134056091,1576072.5,218.376917805673
"DE26",1.47086799144745,10.1719303131104,19.370475769043,10.438982963562,17.8996086120605,2.47646498680115,1.93667447566986,2.24677634239197,2.13620901107788,84.6577606201172,71.4515609741211,69.8302001953125,82.45556640625,0.340966761112213,0.0874934941530228,4.78838228445966e-05,0.0114735467359424,0,6.26583290461169e-12,0.0378197841346264,0.522198498249054,1169062.125,137.329601863347
"DE27",0.876869440078735,9.7838077545166,19.0546360015869,10.2868413925171,18.1777667999268,2.36483430862427,2.78486657142639,3.85664749145508,2.79850268363953,80.3792190551758,71.5734634399414,73.1034545898438,81.8002700805664,0.281775653362274,0.178752079606056,0.0119881611317396,0.0169817451387644,4.87703353257984e-08,0,0.198327377438545,0.309323370456696,1923971.75,192.523290396083
"DE30",2.08860635757446,11.1156616210938,20.2199287414551,11.1646242141724,18.1313228607178,1.65119767189026,1.53785192966461,2.00790762901306,1.42992317676544,84.18310546875,70.8301086425781,68.3198776245117,80.9064712524414,0.238752156496048,0.0777275487780571,0.00159405940212309,0.0829007625579834,0,0,0,0.584559619426727,703645.125,779.248519802893
"DE40",2.04068183898926,10.9016933441162,20.1236839294434,11.1714906692505,18.0830020904541,1.63681578636169,1.59254336357117,1.99639844894409,1.49007654190063,84.177001953125,71.1997299194336,68.6229476928711,81.0482864379883,0.350696086883545,0.116928823292255,0.00113362399861217,0.0194294583052397,0,7.42988795487953e-11,0,0.497781455516815,5504492,186.96099877353
"DE50",2.97864866256714,10.1510877609253,18.5355453491211,11.1498260498047,15.5568971633911,2.48748445510864,1.89153802394867,2.48888564109802,2.4616334438324,86.0228424072266,75.122673034668,75.8081359863281,83.9860000610352,0.292915970087051,0.204578325152397,0.000621374871116132,0.0516014210879803,0,1.66330990647445e-10,0.340754896402359,0.0509050339460373,166690.421875,395.119252626868
"DE60",2.68787240982056,9.90753746032715,18.6063613891602,11.001802444458,15.9184885025024,2.4144275188446,1.92965281009674,2.41556143760681,2.33451151847839,86.693473815918,74.8697509765625,73.9477996826172,83.9392013549805,0.372155278921127,0.159639984369278,0.000142795863212086,0.0555103570222855,0,7.97741317448697e-11,0.108436733484268,0.28850531578064,372922,501.64727637604
"DE71",2.2707850933075,11.0026588439941,20.0087928771973,11.1010332107544,17.7380084991455,2.47893238067627,1.98046910762787,2.41120791435242,2.2907383441925,84.2358627319336,70.8195419311523,68.7550048828125,81.6982574462891,0.2181096971035,0.0562339127063751,0.00012930398224853,0.0543325617909431,0,0,0.124121479690075,0.547073066234589,3738284.75,508.222876267594
"DE72",1.89587342739105,10.1651992797852,19.0601577758789,10.4704456329346,17.1642837524414,2.71270251274109,1.98317074775696,2.39836692810059,2.31908464431763,85.6911163330078,72.5143432617188,71.479606628418,83.4348602294922,0.226575151085854,0.0832239016890526,1.86805918929167e-05,0.0216899178922176,0,0,0.543269157409668,0.125223189592361,1350194.75,249.209726019939
"DE73",1.35002040863037,9.45520210266113,18.3729438781738,9.9269437789917,17.0229225158691,2.53209137916565,1.94041275978088,2.32196378707886,2.18021965026855,85.563232421875,73.4021835327148,72.521484375,83.5720977783203,0.26684957742691,0.0857201516628265,6.72596922601798e-10,0.0104135163128376,0,2.46358136798616e-13,0.19595493376255,0.441061854362488,1173820.25,142.698034192893
"DE80",2.33931374549866,9.87549114227295,19.0464382171631,11.0253095626831,16.7071228027344,1.7952002286911,1.6866569519043,2.13082671165466,1.81224775314331,86.2779235839844,74.9904937744141,73.534294128418,83.5574722290039,0.45636111497879,0.160981044173241,0.000716992653906345,0.0079624243080616,0,5.94311405643921e-11,0,0.29931166768074,1246673.375,53.9998556653054
"DE91",2.02290201187134,9.79025077819824,18.6990795135498,10.448525428772,16.676176071167,2.71936106681824,2.10098314285278,2.40338277816772,2.25352239608765,85.1235427856445,73.0688171386719,71.2961120605469,82.3235702514648,0.4028300344944,0.105559900403023,3.28199384966865e-05,0.0178430564701557,0,4.64541703715238e-11,0,0.473674893379211,1393529.75,171.570347998467
"DE92",2.54880309104919,10.1477012634277,18.7724437713623,10.8163280487061,16.2236404418945,2.42707467079163,1.83773422241211,2.27050638198853,2.07621312141418,84.7150497436523,72.8707809448242,72.1298675537109,82.2872314453125,0.459454417228699,0.136558592319489,0.000107051615486853,0.0272303279489279,0,7.86098408589453e-11,0.00254560285247862,0.371444821357727,2244841,248.521985131309
"DE93",2.72325706481934,10.0851469039917,18.7471179962158,11.030348777771,16.0238609313965,2.28336262702942,1.80203664302826,2.31208682060242,2.16002655029297,85.5659942626953,73.4604415893555,72.7788467407227,82.9398574829102,0.35636842250824,0.176073774695396,0.000589017290621996,0.0143272541463375,0,9.87881998426587e-11,0.0974035561084747,0.328220099210739,2402045,155.363598238925
"DE94",3.24500966072083,10.2049217224121,18.4016799926758,11.0992164611816,15.1566696166992,2.4523503780365,1.77841126918793,2.32720518112183,2.26367521286011,86.1037521362305,74.2382431030273,74.9709014892578,83.9876327514648,0.411414265632629,0.243834763765335,2.59615262621082e-06,0.0171046052128077,0,1.69562378027344e-10,0.0516011528670788,0.258120685815811,2119698.75,143.198383232643
"DEA1",4.2873330116272,11.2996520996094,19.6157093048096,12.0541248321533,15.3283758163452,2.74221205711365,1.86321353912354,2.5461003780365,2.34721994400024,84.7160568237305,72.3231964111328,72.7457809448242,82.7430267333984,0.289045184850693,0.0849663317203522,7.43442433304153e-05,0.103054977953434,0,2.13946305116508e-10,0,0.522859215736389,4692706.5,890.365519856081
"DEA2",3.42236995697021,10.8555994033813,19.4520893096924,11.5748567581177,16.0297183990479,2.81245255470276,1.95853114128113,2.66945695877075,2.40337705612183,85.0548324584961,72.7519989013672,72.9845199584961,83.063850402832,0.23090648651123,0.0603265278041363,6.73868707963265e-05,0.0710619539022446,0,4.98763953315357e-13,0.0942322835326195,0.543398678302765,4721637,642.779432437622
"DEA3",3.68386220932007,10.7449474334717,19.0050373077393,11.4586496353149,15.3211736679077,2.65278196334839,1.80534660816193,2.40285778045654,2.28610587120056,85.0295257568359,72.3036499023438,72.3229751586914,82.8390655517578,0.403582483530045,0.156136468052864,3.85902332311616e-09,0.0460483729839325,0,1.34923711092583e-10,0,0.39416378736496,3125816.25,452.259959666146
"DEA4",2.36008977890015,9.99766159057617,18.588321685791,10.6092367172241,16.2282314300537,2.7662136554718,1.97255313396454,2.474454164505,2.34163379669189,85.1122131347656,73.1876068115234,72.6091613769531,82.8677597045898,0.427128672599792,0.124869398772717,1.07956210637639e-09,0.0229946449398994,0,2.04124078750922e-11,0.0046831713989377,0.419755280017853,1899868.5,292.552957093128
"DEA5",2.60311508178711,10.1876230239868,18.7478694915771,10.7910776138306,16.14475440979,3.74878835678101,2.35800361633301,2.88420557975769,2.98602366447449,86.7711181640625,74.2591781616211,74.3486175537109,84.5939102172852,0.221911162137985,0.0712608247995377,7.83563491868478e-10,0.0352113619446754,0,0,0.0882781818509102,0.58256596326828,2963102,371.20246799791
"DEB1",2.76677680015564,10.6952638626099,19.474536895752,11.1063137054443,16.7077598571777,2.64940524101257,1.86474013328552,2.44763374328613,2.32750582695007,85.8495559692383,72.3957824707031,71.6000442504883,83.6653747558594,0.237757101655006,0.0707013159990311,1.30724833979912e-06,0.021903283894062,0,0,0.163056835532188,0.506580114364624,1764036.25,220.210347083281
"DEB2",2.58579015731812,10.3491010665894,19.1499996185303,10.9018831253052,16.564208984375,2.90377306938171,1.96084713935852,2.3998703956604,2.52574729919434,87.4017791748047,73.7873001098633,73.3119430541992,85.2372055053711,0.253516733646393,0.0940752550959587,1.10491971128113e-09,0.0191413331776857,5.89530368966251e-11,0,0.565573573112488,0.0676930770277977,616920.6875,125.825670402991
"DEB3",3.03659892082214,11.5941505432129,20.6666088104248,11.7097759246826,17.6300106048584,2.3127715587616,1.80997693538666,2.18579769134521,2.22056698799133,84.3452911376953,70.3900299072266,67.961051940918,81.6725692749023,0.310407072305679,0.048872634768486,7.40754549042322e-05,0.0404034294188023,0,1.47901547885706e-17,0,0.600242793560028,2364783.75,344.403457840513
"DEC0",2.96420359611511,11.0134973526001,19.9392604827881,11.3747253417969,16.9750576019287,2.91583728790283,1.98956799507141,2.35713601112366,2.69609212875366,85.6811676025391,71.7768936157227,70.0496673583984,83.3447875976562,0.363278418779373,0.0712931752204895,8.1150902664362e-10,0.0367318280041218,1.09653475535709e-11,0,0.081291601061821,0.44740504026413,714433.5,274.885860244838
"DED2",1.34714949131012,10.7397127151489,20.1607074737549,10.9006958007812,18.8135585784912,2.07213139533997,1.89538609981537,2.4834623336792,1.81221950054169,83.0731506347656,71.0874786376953,69.0994491577148,80.6952590942383,0.357722371816635,0.0995945930480957,0.000728457409422845,0.0192787330597639,0,0.00176584057044238,0,0.516525149345398,1405821.875,178.677270847296
"DED4",0.762524783611298,9.81499195098877,19.1224422454834,10.0435180664062,18.3599166870117,2.34452772140503,2.1902277469635,2.74314904212952,2.1281054019928,84.1179122924805,72.7070846557617,71.7192993164062,82.2682495117188,0.358463644981384,0.115072190761566,9.0364323114045e-05,0.0246473532170057,0,0.00098105298820883,0,0.500650405883789,1370643.25,208.748793047996
"DED5",2.06247639656067,11.1194362640381,20.3697547912598,11.2030878067017,18.3072776794434,1.60401034355164,1.62031686306,2.04897832870483,1.48605930805206,81.7257385253906,70.5350112915039,67.9449005126953,79.1987686157227,0.503932178020477,0.13235042989254,1.3514294128214e-09,0.0202020779252052,0,0,0,0.342362403869629,774755.1875,196.449737361161
"DEE0",2.30738830566406,10.6011629104614,19.7277164459229,11.06751537323,17.4203281402588,1.70744228363037,1.62567639350891,1.95888555049896,1.56464505195618,83.2215194702148,71.2337341308594,67.9611206054688,80.04443359375,0.476362228393555,0.137179896235466,0.00145591562613845,0.0143160177394748,0,1.589252861256e-11,0,0.369075119495392,2423622.75,118.180829026356
"DEF0",2.70967149734497,9.54239368438721,18.2553653717041,11.0500936508179,15.545693397522,2.47408485412598,1.90322172641754,2.50651931762695,2.75184297561646,87.4665298461914,77.1742477416992,75.9135131835938,84.5958938598633,0.383536070585251,0.209754332900047,8.95629491424188e-05,0.0275581460446119,0,5.6398385961387e-10,0.112682573497295,0.16453929245472,3497223.5,224.753386027531
"DEG0",1.27169144153595,9.64158916473389,18.7968845367432,10.0710010528564,17.5251941680908,2.13106036186218,1.92729818820953,2.24866724014282,1.92820632457733,84.7536697387695,73.0051116943359,71.1050720214844,82.3134078979492,0.170723110437393,0.105443425476551,1.43210554526263e-09,0.0156809836626053,0,2.02423933734833e-13,0,0.707966148853302,2145828.75,133.35585709283
"DK01",2.39376330375671,8.4183235168457,18.0026512145996,10.9227561950684,15.6088876724243,1.84393393993378,1.30886542797089,2.03627228736877,2.17311143875122,86.1734237670898,78.6067199707031,77.259651184082,83.3625793457031,0.305431365966797,0.0160141605883837,0.000447347672889009,0.143104240298271,0,1.33491494125337e-05,0,0.213324770331383,659588.6875,255.735231400844
"DK02",2.76957488059998,8.74681663513184,18.2663192749023,11.3564777374268,15.4967451095581,1.95839750766754,1.40803420543671,1.9731525182724,2.25862050056458,86.5634994506836,78.8220596313477,76.2661056518555,83.2756118774414,0.341027915477753,0.0233238041400909,0.000417015136918053,0.034574817866087,0,2.20463061850751e-06,0,0.172739282250404,467160.59375,64.7160869605201
"DK03",2.36062097549438,8.72200584411621,17.393726348877,10.6446094512939,15.0331058502197,2.59348034858704,1.80809724330902,2.25272464752197,3.41902947425842,88.1085968017578,78.604850769043,76.9960021972656,84.9152679443359,0.486591011285782,0.064681276679039,0.000713120505679399,0.0267461575567722,1.5414283107573e-44,4.54261169124948e-07,0.200364276766777,0.0603964366018772,865926.5,71.4911164856139
"DK04",2.12096261978149,8.43719863891602,17.1227741241455,10.2331113815308,15.0018119812012,2.49253368377686,1.83583092689514,2.1612856388092,3.37940120697021,87.4357376098633,78.6154861450195,77.4096755981445,84.4936370849609,0.452795654535294,0.0402446165680885,0.000375565752619877,0.0330713056027889,2.70824118316456e-29,4.04672528020456e-06,0.125092148780823,0.1847193390131,1184701.375,89.8154100529942
"DK05",1.87361037731171,8.29949760437012,17.1072158813477,9.9589262008667,15.233606338501,2.18554735183716,1.71028530597687,2.03563642501831,3.01878762245178,85.9063720703125,77.2851409912109,76.3780517578125,83.1430130004883,0.46550714969635,0.0426201708614826,0.000279736763332039,0.0250589977949858,1.70229300554556e-28,1.66946927038225e-06,0.172973915934563,0.105063453316689,405156.46875,49.4455539546186
"EE001",-2.13861131668091,6.7607741355896,17.7026424407959,8.0130615234375,19.8412532806396,2.23405241966248,1.52240467071533,2.739825963974,2.76925325393677,86.3658828735352,74.5964508056641,75.9945678710938,84.9870834350586,0.104833140969276,0.0744843184947968,0.0168707277625799,0.0142079759389162,0.000276051490800455,0.0783171430230141,0.424878239631653,0.216903477907181,376335.65625,86.7188747229046
"EE004",-1.48548173904419,6.91882991790771,17.8500099182129,8.6563606262207,19.3354930877686,2.07794618606567,1.43617296218872,2.55118060112,2.6373918056488,86.0107650756836,75.6688766479492,76.1577529907227,84.434700012207,0.0765159428119659,0.0436245426535606,0.0306423362344503,0.0035606047604233,5.00843088957481e-05,0.263107925653458,0.0385144986212254,0.44861626625061,90841.21875,8.20919375428532
"EE006",-2.6656379699707,6.74085664749146,17.6627616882324,7.81415700912476,20.3284015655518,2.15149235725403,1.57354950904846,2.84769344329834,2.63603091239929,86.7324752807617,73.7985229492188,75.8007888793945,85.5154342651367,0.145648628473282,0.070280097424984,0.0262265596538782,0.00697094574570656,0.000236412815866061,0.127713531255722,0.279912829399109,0.331104397773743,293988.40625,32.5603209445391
"EE007",-3.3024046421051,6.76125049591064,17.7391681671143,7.55142974853516,21.0415725708008,2.01067090034485,1.644078373909,2.98287200927734,2.55947256088257,86.025993347168,74.1776504516602,75.0056838989258,84.4505996704102,0.0440949127078056,0.0503450967371464,0.010650790296495,0.00680429302155972,5.61804627068341e-05,0.29266694188118,0.0385441035032272,0.333680212497711,50628.2421875,12.639753490361
"EE008",-3.09301090240479,7.30577564239502,17.7662887573242,7.57215118408203,20.8593006134033,2.05686950683594,1.64478266239166,2.88924360275269,2.33185362815857,86.3197402954102,73.2639312744141,75.9213409423828,85.2751007080078,0.145446106791496,0.055830579251051,0.0183048397302628,0.00406882632523775,0.000288814218947664,0.160133272409439,0.293403565883636,0.242505252361298,255532.671875,15.3603384684526
"EL301",9.59526348114014,15.4024181365967,26.8572063446045,19.1258125305176,17.2619438171387,2.21161031723022,1.05263650417328,0.308305680751801,1.59728717803955,75.9048538208008,62.5269622802734,51.5003623962402,67.6836395263672,0.224007353186607,0,0.328704118728638,0.0596270933747292,0,0.13325035572052,0,0.114908531308174,51690.9609375,626.003246128286
"EL302",9.59526348114014,15.4024181365967,26.8572082519531,19.1258125305176,17.2619438171387,2.2116105556488,1.05263650417328,0.308305650949478,1.59728729724884,75.9048538208008,62.5269660949707,51.5003623962402,67.6836395263672,0.224007353186607,0,0.328704118728638,0.0596270933747292,0,0.13325035572052,0,0.114908531308174,32206.50390625,481.641730475419
"EL303",9.59526348114014,15.4024181365967,26.8572063446045,19.1258125305176,17.2619438171387,2.2116105556488,1.05263650417328,0.308305680751801,1.59728729724884,75.9048538208008,62.5269622802734,51.5003662109375,67.6836395263672,0.224007353186607,0,0.328704118728638,0.0596270971000195,0,0.13325035572052,0,0.114908531308174,19090.01171875,185.227162971307
"EL305",9.70417213439941,15.4628438949585,26.8502349853516,19.1820259094238,17.1460609436035,2.26105499267578,1.06969356536865,0.308023065328598,1.61180078983307,75.7527236938477,62.4799575805664,51.4870147705078,67.6419143676758,0.21537809073925,0,0.319607883691788,0.0556201711297035,0,0.125647619366646,0,0.11132674664259,554305.1875,359.080847579584
"EL306",8.95038795471191,14.8997383117676,26.3341655731201,18.5487728118896,17.3837776184082,2.25626230239868,1.04731357097626,0.333663433790207,1.6640602350235,76.2495651245117,64.2455673217773,53.3887672424316,68.4428100585938,0.292009115219116,0.282155811786652,0.108822785317898,0.0177065152674913,0,0.0692078694701195,0,0.112315528094769,201281.3125,193.815828273
"EL411",10.1826314926147,15.5901136398315,26.2675228118896,19.1319122314453,16.0848922729492,3.81566905975342,1.66300940513611,0.18491518497467,1.98003733158112,75.27880859375,69.9331207275391,59.9639778137207,70.635871887207,0.103875495493412,0.0725645422935486,0.105081669986248,0.00469779968261719,0,0.261754989624023,0,0.0816674008965492,22200.685546875,9.80857062140677
"EL412",10.5024480819702,16.294225692749,27.5938720703125,20.2481517791748,17.091423034668,5.2343316078186,2.03391051292419,0.0661008656024933,2.31126880645752,74.8994445800781,71.9216613769531,62.967586517334,71.0199432373047,0.120090447366238,0.03641377389431,0.00464111752808094,0.0018528412329033,0,0.049735851585865,0,0.0103358728811145,5641.267578125,7.29951969793493
"EL431",12.3169527053833,16.4546127319336,26.1246566772461,20.6167984008789,13.8077039718628,4.52099990844727,1.55632483959198,0.0848141387104988,2.26767706871033,77.8955154418945,65.4652328491211,55.915283203125,70.0503463745117,0.187690362334251,0.333277404308319,0.0184658747166395,0.00459139887243509,0,0.060904286801815,0,0.0870918482542038,187966.09375,70.6349160256746
"EL432",14.9161605834961,17.2727031707764,25.7824306488037,22.3275508880615,10.8662700653076,2.46472191810608,1.20198237895966,0.218814522027969,1.45853531360626,71.7599792480469,73.8049774169922,73.1870346069336,72.9771499633789,0.076242245733738,0.0505422316491604,0.116288781166077,0.00133665837347507,0,0.0171903520822525,0,0.0403041280806065,14321.177734375,8.05751141938377
"EL433",12.3315925598145,16.3565998077393,26.0985469818115,20.6152381896973,13.7669534683228,5.04499053955078,1.76228666305542,0.104122683405876,2.66165471076965,78.5655670166016,66.9762878417969,57.1238021850586,70.4722442626953,0.138064965605736,0.326109111309052,0.0484937913715839,0.00195291056297719,0,0.0576967485249043,0,0.0790648311376572,44078.1875,29.275216743727
"EL434",13.0967445373535,16.9016017913818,26.6925792694092,21.3620738983154,13.5958366394043,5.10904026031494,1.84285163879395,0.08580581843853,2.72538065910339,77.8118743896484,67.9923706054688,58.9917373657227,70.4720230102539,0.0746745988726616,0.228314772248268,0.028520742431283,0.000762628333177418,0,0.0828673169016838,0,0.0565725974738598,39631.7734375,16.6744738130983
"EL511",5.12453174591064,13.2391929626465,24.6340084075928,15.8816776275635,19.5094776153564,2.37583208084106,1.76438093185425,1.0770263671875,2.01275444030762,79.0891418457031,70.4096221923828,59.1083221435547,69.8766174316406,0.390167832374573,0.164222046732903,0.0291894469410181,0.00503946514800191,0,0.251073986291885,0,0.160307168960571,53168.91796875,12.593179432301
"EL512",4.20538473129272,12.089280128479,23.3013038635254,14.4729690551758,19.0959205627441,2.43554353713989,1.66234862804413,1.51804840564728,1.94715225696564,76.7315063476562,73.7207870483398,68.7323150634766,73.7966461181641,0.238038673996925,0.0843740403652191,0.0267774350941181,0.00280782673507929,0,0.423142641782761,0,0.148604273796082,74137.640625,41.7164015353287
"EL513",4.06194686889648,11.8882598876953,23.2182102203369,14.4787845611572,19.1562614440918,2.27810955047607,1.68872356414795,1.23129189014435,1.9400817155838,79.4858322143555,72.5576477050781,62.5228729248047,71.9935302734375,0.313147306442261,0.0920719355344772,0.0871960520744324,0.00274566700682044,0,0.274934530258179,0,0.222260192036629,66995.34375,26.0138218320399
"EL514",3.04661631584167,11.553729057312,22.6606426239014,13.7899026870728,19.6140251159668,2.06486988067627,1.5753880739212,1.73651766777039,1.81997656822205,77.2735900878906,71.7627487182617,68.9825820922852,74.8000717163086,0.301628351211548,0.111505776643753,0.0357108227908611,0.00290081626735628,0,0.379057794809341,0,0.168282330036163,129331.90625,37.4926409492195
"EL515",5.67537927627563,13.2194576263428,24.3599758148193,15.6920337677002,18.6845970153809,2.63586688041687,1.58623278141022,1.30243897438049,2.04525136947632,75.3152847290039,73.4916839599609,69.0424728393555,73.1329345703125,0.188130244612694,0.092226430773735,0.025844095274806,0.00208548037335277,0,0.278764814138412,0,0.096782349050045,38980.546875,18.4734584533171
"EL521",3.8742938041687,12.5715093612671,24.0646820068359,15.0404052734375,20.1903896331787,1.59009540081024,1.4876674413681,1.16605973243713,2.06027674674988,77.4134826660156,67.6123352050781,58.3338928222656,71.8837280273438,0.389964789152145,0.174164026975632,0.0655754283070564,0.00725385406985879,0,0.139099359512329,0,0.21071994304657,172263.328125,101.124693677232
"EL522",6.26359796524048,14.401439666748,25.8054027557373,16.9922161102295,19.541805267334,1.39198124408722,1.21510469913483,1.16087698936462,1.62404429912567,76.6602249145508,67.4561157226562,59.4664421081543,71.7954177856445,0.347686976194382,0.19291715323925,0.0735273212194443,0.00850360840559006,0,0.112517043948174,0,0.182442858815193,516905.09375,141.181623131566
"EL523",4.72997283935547,13.6832752227783,24.9508857727051,15.9190626144409,20.2209148406982,1.66970872879028,1.52162790298462,1.48813021183014,1.93667101860046,76.1174621582031,66.2246246337891,56.8693237304688,70.1223907470703,0.335737317800522,0.18069788813591,0.0854528099298477,0.0117089096456766,0,0.136609584093094,0,0.213067919015884,418056.15625,162.25817842107
"EL524",3.33256006240845,12.36363697052,23.6490745544434,14.6348371505737,20.3165149688721,1.74206268787384,1.63545763492584,1.27979421615601,2.17200255393982,77.9368515014648,66.9658050537109,57.0688247680664,71.3944778442383,0.350541591644287,0.209170252084732,0.0671244189143181,0.00600951351225376,0,0.142935931682587,0,0.216306552290916,185915.40625,74.4363524868212
"EL525",2.70432949066162,10.8780651092529,22.5507545471191,13.6671724319458,19.8464241027832,1.33140110969543,1.25283813476562,1.08027350902557,1.73945927619934,77.2632751464844,68.7570953369141,61.3413314819336,72.9514923095703,0.275219172239304,0.13430167734623,0.108042389154434,0.00261767138727009,0,0.264871835708618,0,0.192981913685799,41268.71484375,26.6060016138526
"EL526",4.45527935028076,13.1034336090088,24.2319145202637,15.3843765258789,19.77663230896,1.48083508014679,1.28972101211548,1.45255506038666,1.5667210817337,76.7431716918945,67.2811660766602,60.5985870361328,71.4983901977539,0.288823753595352,0.176195591688156,0.031695656478405,0.00357685005292296,0,0.252619564533234,0,0.178809180855751,138583.953125,34.9016144599634
"EL527",7.02335691452026,14.4859466552734,25.848087310791,17.3872585296631,18.8247318267822,1.2574588060379,1.02765345573425,1.00833773612976,1.45958995819092,75.9731597900391,68.5970153808594,62.914306640625,72.7873764038086,0.22743047773838,0.242776393890381,0.0259554944932461,0.00239741452969611,0,0.0885639563202858,0,0.146634295582771,44637.1171875,15.1446826248869
"EL531",2.78343176841736,10.9426908493042,22.3757953643799,13.6675100326538,19.5923633575439,1.88200855255127,1.49387121200562,1.18388378620148,2.11087942123413,78.7037200927734,67.9258117675781,56.8678894042969,70.7860488891602,0.377338379621506,0.197256833314896,0.06272953748703,0.00237893522717059,0,0.190553039312363,0,0.161882147192955,158810.046875,27.4938231877586
"EL532",1.6816600561142,9.92548751831055,21.1190853118896,12.5377368927002,19.4374256134033,2.29866981506348,1.78426146507263,1.30535972118378,2.54082918167114,80.0536956787109,69.7334289550781,59.8974990844727,72.1113204956055,0.307736217975616,0.119888201355934,0.0405143313109875,0.00235520978458226,0,0.349177747964859,0,0.146454781293869,33237.76953125,19.2479483190498
"EL533",1.39280652999878,10.1872539520264,21.3017539978027,12.5726499557495,19.9089488983154,1.86736452579498,1.67418777942657,1.300656914711,2.23130822181702,80.3517837524414,69.2049942016602,59.8830871582031,72.5867462158203,0.31067231297493,0.161895677447319,0.0501986779272556,0.00267426203936338,0,0.258397787809372,0,0.160031080245972,52662.21875,27.2344641464008
"EL541",8.07635974884033,14.5452079772949,25.5477066040039,17.8725299835205,17.4713478088379,4.66451358795166,2.19234418869019,0.734511971473694,3.77800679206848,79.1566009521484,74.2865676879883,66.4108734130859,75.2727813720703,0.168117582798004,0.183679521083832,0.0867185890674591,0.0014324946096167,0,0.00473501812666655,0.459275960922241,0.000448795675765723,58165.7734375,22.0387724460278
"EL542",8.29422187805176,14.7807369232178,25.6785697937012,18.010082244873,17.3843479156494,4.98398733139038,2.31223797798157,0.756021738052368,4.49462795257568,77.2660827636719,73.911247253418,66.3734970092773,74.7467651367188,0.219674795866013,0.199169725179672,0.0404437370598316,0.00300720427185297,0.00639918772503734,0,0.402386218309402,0,37112.27734375,24.0242190269205
"EL543",4.85221385955811,12.0856885910034,23.2330322265625,15.0460891723633,18.3808193206787,3.95130228996277,2.16025853157043,0.987289667129517,3.75332641601562,79.4004440307617,72.1663208007812,61.7364463806152,73.4650497436523,0.197048664093018,0.105270944535732,0.0436580143868923,0.00297473976388574,0.0012742014368996,0.244484648108482,0.340804666280746,0.0396506413817406,178252.515625,35.5921581698222
"EL611",5.8562273979187,13.1645154953003,24.7286338806152,16.3170623779297,18.872407913208,2.65951442718506,1.69510769844055,0.888375759124756,2.49910402297974,78.9428939819336,68.7802505493164,55.8341217041016,70.753059387207,0.309939354658127,0.162715509533882,0.0853450074791908,0.00233993283472955,0,0.253084659576416,0.0511315949261189,0.132491692900658,191749.96875,31.7309410110535
"EL612",6.18405723571777,13.7319211959839,25.5943603515625,16.8848533630371,19.4103031158447,1.45848703384399,1.18549263477325,0.852716088294983,1.6784919500351,76.315071105957,66.4426498413086,55.2333831787109,70.1332015991211,0.369780689477921,0.065251812338829,0.25993686914444,0.00325056281872094,0,0.0896520093083382,0,0.119646199047565,262936.6875,49.1331572149918
"EL613",7.55074119567871,14.3528604507446,26.066499710083,17.8214168548584,18.5157585144043,1.93420147895813,1.14364349842072,0.791111588478088,1.80765056610107,77.0797500610352,68.0445861816406,58.221435546875,71.4668731689453,0.213249549269676,0.0195207986980677,0.298064231872559,0.00360848987475038,0,0.0775252804160118,0,0.0980573743581772,116279.1328125,44.6296759874552
"EL621",14.0744953155518,16.5512714385986,25.4077262878418,21.8720302581787,11.3332319259644,3.89781022071838,1.5796320438385,0.376708418130875,3.61117482185364,70.4548034667969,76.5480728149414,80.6240234375,73.3846588134766,0.0129710761830211,0.0807840451598167,0.00128940434660763,0.000913811789359897,0,0.0477186739444733,0,0.0227891448885202,5644.39892578125,15.562509175274
"EL622",9.16783046722412,15.5761299133301,26.3560676574707,18.8020210266113,17.1882362365723,5.01056146621704,2.30929732322693,0.629687786102295,4.95988035202026,75.4828948974609,75.4733123779297,71.7475509643555,75.6006393432617,0.0142683144658804,0.051296528428793,1.17238815877663e-10,0.00322272418998182,0,0.142582178115845,0,0.0275084748864174,18218.7734375,28.6308862947553
"EL623",8.89455318450928,15.0080852508545,26.041784286499,18.6172046661377,17.1472320556641,4.05165338516235,1.87992322444916,0.653288185596466,3.34977030754089,77.4514236450195,72.907112121582,65.0592727661133,73.6413192749023,0.11592473834753,0.288256585597992,0.0693172141909599,0.00315257092006505,0,0.286318600177765,0,0.130905881524086,45.9192848205566,0.0503023015264369
"EL631",7.81951808929443,13.9986772537231,25.1107177734375,17.598653793335,17.2911987304688,3.72556662559509,1.78204560279846,0.625211536884308,3.0479748249054,78.6625061035156,72.9736175537109,63.9899787902832,73.6410675048828,0.11440172046423,0.244007214903831,0.095700591802597,0.00299862585961819,0,0.282185196876526,0.0529674030840397,0.111403852701187,161587.375,29.6341719911776
"EL632",8.54599475860596,13.9649991989136,24.7417030334473,17.9213523864746,16.195707321167,3.36309671401978,1.47437858581543,0.394851446151733,2.60980796813965,79.286262512207,71.9680709838867,60.6633834838867,72.4110946655273,0.175891399383545,0.331875324249268,0.102416515350342,0.00541122071444988,0,0.124563574790955,0,0.138455614447594,136067.859375,41.7682225059186
"EL633",9.54656219482422,14.4197616577148,25.0135154724121,18.6562805175781,15.4669551849365,3.89919090270996,1.50577211380005,0.313433170318604,3.06978940963745,79.370361328125,72.8005065917969,61.1637649536133,72.8258666992188,0.183353841304779,0.313790857791901,0.133470624685287,0.000394499918911606,0,0.149817779660225,0,0.153820469975471,28992.83203125,10.8656417266426
"EL641",8.72393798828125,14.7565670013428,26.2045288085938,18.3944244384766,17.4805908203125,2.23055768013,1.08368027210236,0.375270396471024,1.68701350688934,76.7669982910156,64.8014907836914,54.0495872497559,69.0903396606445,0.29179909825325,0.273665636777878,0.126735642552376,0.010322468355298,0,0.0620991364121437,0,0.114109314978123,250984.703125,83.8944882705186
"EL642",10.3667793273926,15.8197364807129,26.7128791809082,19.4886169433594,16.3460998535156,2.63055992126465,1.20463871955872,0.323984712362289,1.73993945121765,74.7744827270508,62.5305938720703,51.8851127624512,67.6135482788086,0.15618671476841,0.0278240330517292,0.229934319853783,0.0196222737431526,0,0.0614606700837612,0,0.0839516669511795,361111.28125,88.3038320376584
"EL643",5.68124294281006,12.3827648162842,23.8605365753174,15.796067237854,18.1792945861816,3.11917877197266,1.72407937049866,0.729510486125946,2.67267990112305,80.2200469970703,72.0786666870117,60.996883392334,73.1758193969727,0.156854197382927,0.153556168079376,0.121932573616505,0.0015600019833073,0,0.366662681102753,0.0572246573865414,0.114391207695007,39299.86328125,21.2861619029007
"EL644",7.149254322052,13.7943391799927,25.3430995941162,17.3098392486572,18.1938457489014,2.05672192573547,1.37804174423218,0.666140139102936,1.93241310119629,79.3757019042969,67.4765625,56.371826171875,71.878791809082,0.26492041349411,0.177331283688545,0.203290164470673,0.00198425957933068,0,0.152085393667221,0,0.131771475076675,104924.796875,23.3514944803974
"EL645",6.39782285690308,13.0044164657593,24.4054946899414,16.4993209838867,18.0076713562012,2.19673371315002,1.43063879013062,0.609501719474792,2.06670451164246,80.043586730957,69.0517120361328,59.1389198303223,73.0927658081055,0.185060143470764,0.310919404029846,0.08632443100214,0.00362490187399089,0,0.243962019681931,0,0.143346354365349,53839.328125,25.4526769318692
"EL651",6.91452741622925,12.5385723114014,23.789213180542,16.4557247161865,16.8746852874756,2.91737222671509,1.3666125535965,0.47279366850853,2.27889490127563,77.756103515625,67.5445938110352,54.663158416748,69.5834655761719,0.193488910794258,0.352671891450882,0.143637225031853,0.00379077671095729,0,0.0984557121992111,0,0.125507608056068,178291.34375,26.9070727677809
"EL652",6.30877923965454,12.2873268127441,23.783317565918,15.999945640564,17.4745388031006,2.28897547721863,1.18493902683258,0.521612226963043,1.74545812606812,76.0180435180664,65.8367538452148,53.5193481445312,68.2448806762695,0.27639564871788,0.399663299322128,0.0753650441765785,0.00506829097867012,0,0.0574142299592495,0,0.126060992479324,77236.0234375,34.0902993221419
"EL653",9.73394298553467,14.468092918396,25.1668090820312,18.7978649139404,15.4328670501709,3.56138277053833,1.46522533893585,0.366430729627609,2.75125741958618,77.3069305419922,70.0624465942383,58.8080673217773,70.5499267578125,0.105735339224339,0.282060295343399,0.126435786485672,0.00258800014853477,0,0.126725897192955,0,0.104257836937904,95699.65625,14.1252331434256
"ES111",9.63532257080078,12.7858180999756,19.632417678833,15.4792928695679,9.99709415435791,5.98152303695679,3.22003364562988,1.2680572271347,5.40187788009644,83.1318740844727,78.4898376464844,79.1337051391602,83.2107009887695,0.0659821629524231,0.0808788910508156,7.96176735651244e-10,0.0235618706792593,0.00041969504673034,0,0.681132733821869,0,730442.875,92.7124384525087
"ES112",6.61082077026367,10.9085483551025,18.9263668060303,13.4004192352295,12.3155469894409,4.61037063598633,2.80696630477905,1.29355919361115,4.35206460952759,83.3735885620117,77.3449401855469,77.1568145751953,81.9341278076172,0.0878415778279305,0.0844124928116798,0.00304674217477441,0.00594390043988824,0.000485885073430836,0,0.818108916282654,0,225407.671875,22.8393026861501
"ES113",6.04108905792236,11.0708875656128,20.0616912841797,13.3737363815308,14.0206022262573,4.96308755874634,2.68789100646973,1.13966310024261,4.47038745880127,83.0830078125,73.8256683349609,70.4638671875,79.2349166870117,0.0642445683479309,0.0969128236174583,0.0111466245725751,0.00805916544049978,0.000583209854084998,0,0.81726485490799,0,288510.96875,39.775774451821
"ES114",8.4547529220581,12.361777305603,20.0297203063965,14.8475475311279,11.5749673843384,6.41193103790283,3.30020785331726,1.25290095806122,5.75233173370361,84.1055908203125,77.5659332275391,76.5633239746094,82.7161712646484,0.0736951380968094,0.130533054471016,1.7291459375457e-09,0.00603540474548936,0.000431274471338838,0,0.760393559932709,0,169873.28125,38.257188579675
"ES120",5.86413812637329,9.97486877441406,18.2163639068604,12.7905387878418,12.3522243499756,4.23895263671875,3.27060103416443,1.78321266174316,4.01332378387451,79.8975296020508,77.8172988891602,80.9574356079102,81.3393859863281,0.0234649330377579,0.0591436512768269,0.0177109017968178,0.00834231916815042,0.000183265219675377,0.558339178562164,0.265194118022919,0.0514009557664394,535380.25,50.6449680652854
"ES130",7.12436866760254,11.0175075531006,19.0383529663086,14.0511331558228,11.9139823913574,3.93082666397095,3.20568442344666,2.00045585632324,3.69635653495789,79.9232788085938,77.382926940918,80.4080963134766,80.0907897949219,0.0463679879903793,0.0988386049866676,0.0196888074278831,0.014401744119823,2.44533111981582e-05,0.56796807050705,0.0683659836649895,0.0681870952248573,427231.96875,81.6841937512922
"ES211",5.56845045089722,10.5602340698242,19.5397644042969,13.5917549133301,13.9713134765625,2.98476505279541,2.66805171966553,1.58410227298737,2.5942816734314,80.7816314697266,75.4968872070312,76.9542617797852,78.1618041992188,0.211148574948311,0.138548076152802,0.020647032186389,0.0169680211693048,0.000238316002651118,0.0352522358298302,0.541526556015015,0.00638361740857363,387238.625,128.421136186673
"ES212",8.22713470458984,12.2499856948853,20.1099319458008,15.4644451141357,11.882794380188,4.92144632339478,4.22006464004517,2.54215383529663,4.28727102279663,79.6296615600586,77.188835144043,81.0065689086914,79.592903137207,0.0477218702435493,0.0967098996043205,0.00213754386641085,0.0213443730026484,0.000315509445499629,0,0.549266278743744,0,280849.96875,140.836176116422
"ES213",8.08939075469971,12.0382862091064,19.675500869751,15.2264499664307,11.5861101150513,4.09042024612427,3.40127873420715,2.00450277328491,3.5811779499054,78.8349990844727,77.4825820922852,81.5309219360352,79.3312759399414,0.0280603524297476,0.10080636292696,0.00578208966180682,0.0532482378184795,0.000316171208396554,0.127722695469856,0.479207158088684,0.0224036015570164,645869.875,294.668199929385
"ES220",6.14773225784302,11.7004852294922,21.2835330963135,14.5501899719238,15.135799407959,2.97405815124512,2.84173727035522,1.74825477600098,2.83690023422241,79.3440399169922,71.1647415161133,69.9460067749023,75.6257934570312,0.243987023830414,0.134522527456284,0.0252484492957592,0.0130070745944977,0.000213756589801051,0.014320207759738,0.482140004634857,0.0637136995792389,853262.875,82.1468594895419
"ES230",4.49242687225342,10.0874967575073,20.1705284118652,12.9364547729492,15.6781015396118,1.93786442279816,2.13869571685791,1.44275534152985,1.86463248729706,78.2328720092773,71.042594909668,68.9120864868164,74.292236328125,0.215016394853592,0.132278248667717,0.0380690060555935,0.00836475938558578,9.54225251916796e-05,0.27054962515831,0.224540427327156,0.110958345234394,294939.40625,58.5503093535392
"ES241",4.92062854766846,11.4712324142456,22.1706008911133,13.9670972824097,17.2499732971191,1.75851535797119,2.16663551330566,1.7670089006424,2.42523837089539,74.6743087768555,65.0841064453125,59.8791732788086,72.3099517822266,0.275251179933548,0.0770981833338737,0.0686817020177841,0.00377893191762269,0.000513963575940579,0.0848229452967644,0.318468689918518,0.170044213533401,314617.8125,20.2066293604646
"ES242",5.09419727325439,11.140604019165,22.0446643829346,13.7721195220947,16.9504680633545,0.843315899372101,1.56122696399689,1.36409044265747,1.61822867393494,71.3845062255859,61.753719329834,57.0858345031738,69.2158432006836,0.210167780518532,0.0517421513795853,0.149728015065193,0.00151119893416762,0,0.33301430940628,0,0.253784507513046,140820.703125,9.54916213460737
"ES243",6.50168466567993,13.0340900421143,23.6366729736328,15.3867826461792,17.13498878479,0.957180857658386,1.50837767124176,1.14569079875946,1.46741843223572,73.1625213623047,59.6844482421875,54.181396484375,67.865592956543,0.310498505830765,0.0530078820884228,0.121410615742207,0.00775279104709625,3.08572198264301e-05,0.170555397868156,0.0845634043216705,0.251714617013931,954231.5625,54.9234059232682
"ES300",6.69138050079346,12.9698514938354,24.4493846893311,15.5874929428101,17.7580051422119,1.64140772819519,1.36011016368866,0.914763033390045,1.97003602981567,76.3040237426758,59.279369354248,44.9980163574219,64.5559539794922,0.210776060819626,0.0823065489530563,0.134108498692513,0.0855960100889206,0,0.247094660997391,0,0.239341199398041,5856986,731.9436083519
"ES411",5.38331413269043,11.3704223632812,22.370813369751,14.0206432342529,16.9874973297119,2.21697282791138,1.53254973888397,0.927300155162811,2.39734530448914,77.0785064697266,63.4009628295898,49.3790588378906,67.6622467041016,0.158269077539444,0.0928560122847557,0.203259199857712,0.00488575827330351,0,0.219237327575684,0,0.32117086648941,196522.0625,24.4775735486691
"ES412",5.29810237884521,10.5396499633789,20.0974349975586,13.3794860839844,14.7993326187134,2.14661526679993,2.00454473495483,1.3836373090744,2.04030704498291,79.6659545898438,71.603271484375,67.8375091552734,74.2229766845703,0.271009474992752,0.122646868228912,0.0808421075344086,0.00647395756095648,7.37610680516809e-05,0.143481224775314,0.19018679857254,0.175915211439133,509100.5,35.5468182969421
"ES413",4.70797348022461,10.0129852294922,19.7035064697266,12.5582523345947,14.995532989502,3.32076621055603,2.21868515014648,1.28799426555634,3.0789213180542,80.3788681030273,70.2812194824219,64.9950866699219,75.5000381469727,0.127312406897545,0.108908027410507,0.0215640161186457,0.00530168181285262,0.000636364100500941,0.0720945745706558,0.57742565870285,0.0819456055760384,433287.0625,27.8334362952683
"ES414",5.57822895050049,10.8746776580811,20.6134586334229,13.6559019088745,15.0352306365967,2.05402135848999,1.69359815120697,1.16403102874756,2.04928278923035,79.686279296875,68.6133193969727,62.2088661193848,72.9953536987305,0.299169778823853,0.154015183448792,0.0643795356154442,0.00505837658420205,9.22033650567755e-05,0.0137992408126593,0.237205281853676,0.223659113049507,212803.390625,26.365939426033
"ES415",6.55484199523926,12.5690803527832,23.056713104248,14.9340934753418,16.5018711090088,2.22661471366882,1.37401843070984,0.784233093261719,2.38194894790649,79.2144393920898,64.7366714477539,52.646671295166,69.8798904418945,0.168927997350693,0.240740805864334,0.0691588446497917,0.00470686797052622,0,0.216426655650139,0,0.297487199306488,311553.9375,25.2149677773922
"ES416",5.31390428543091,11.0838279724121,22.0995407104492,13.8506288528442,16.7856349945068,1.6877783536911,1.5674821138382,1.13374841213226,1.84966266155243,77.2210388183594,63.6056747436523,51.2528953552246,67.5668182373047,0.211623027920723,0.0992893502116203,0.155862554907799,0.00787384808063507,0,0.215459510684013,0,0.309767842292786,265748.125,38.5286268099273
"ES417",4.83163595199585,10.6891145706177,21.3488960266113,13.3740320205688,16.5172595977783,1.51776397228241,1.74436354637146,1.3773398399353,1.72479093074799,76.6714401245117,64.4170379638672,56.6950988769531,69.4884033203125,0.209613040089607,0.0889955535531044,0.141142576932907,0.00295594451017678,9.40191421250347e-06,0.268914878368378,0.0216016341000795,0.266221880912781,122362.6953125,11.9669324789119
"ES418",6.06758642196655,12.0588140487671,22.40478515625,14.5810270309448,16.3372001647949,1.40448951721191,1.20255982875824,0.950177013874054,1.56367266178131,78.3599319458008,62.9634056091309,52.2665786743164,68.6008834838867,0.339355528354645,0.0580841340124607,0.201497584581375,0.0085960840806365,0,0.0295222196727991,0,0.362944424152374,402000.21875,49.5858129897002
"ES419",5.86535120010376,11.9659624099731,22.2365798950195,14.2143030166626,16.3712291717529,2.28939938545227,1.46908462047577,0.897048830986023,2.23461079597473,79.6279067993164,64.4734039306641,54.8650894165039,71.0876998901367,0.219691887497902,0.173596978187561,0.0645088478922844,0.00299661234021187,0.00025232505868189,0.107713550329208,0.155326411128044,0.27381756901741,153342.609375,14.565520500058
"ES421",7.21883010864258,13.4648351669312,25.15549659729,16.4025897979736,17.9366683959961,1.13192319869995,1.40867173671722,0.75597733259201,1.78013849258423,73.1830215454102,59.0361747741699,49.5656623840332,66.7372360229492,0.423808395862579,0,0.223738208413124,0.00412689382210374,0,0.160803884267807,0,0.187517330050468,435694.9375,29.3646077482466
"ES422",7.74774646759033,14.3919515609741,26.4764347076416,17.1627159118652,18.728687286377,1.70576512813568,1.30545794963837,0.568245828151703,1.84378957748413,76.1820220947266,58.5027732849121,41.439266204834,62.8238067626953,0.416953712701797,0.0333472564816475,0.244838282465935,0.00425450783222914,0,0.116313479840755,0,0.183559998869896,520503.3125,26.3590143775845
"ES423",6.17546081542969,12.4293384552002,23.9675636291504,15.1159362792969,17.7921028137207,1.43414962291718,1.56337380409241,0.996821641921997,1.89638519287109,74.737663269043,59.9952812194824,49.3168106079102,67.0211944580078,0.348419845104218,0.00527323922142386,0.221942186355591,0.00260157138109207,0,0.228596970438957,0,0.192952856421471,264511.5625,15.400444521934
"ES424",5.3232913017273,11.394718170166,22.3854789733887,13.9588823318481,17.0621871948242,1.43536078929901,1.63177883625031,1.21829569339752,1.89638900756836,75.6572723388672,61.1271438598633,49.6058502197266,66.8317413330078,0.210548877716064,0.0277372729033232,0.190865874290466,0.00499460753053427,0,0.301265269517899,0,0.263641387224197,391598.5,32.0414208348909
"ES425",7.62522888183594,14.2046976089478,25.9470043182373,16.8035793304443,18.3217735290527,1.70609498023987,1.21894812583923,0.680059850215912,1.89449667930603,76.9055099487305,59.2531242370605,42.7839546203613,64.4148712158203,0.411584585905075,0.00363771663978696,0.233696222305298,0.0151064405217767,0,0.146841481328011,0,0.18809124827385,2069840.625,134.349716055268
"ES431",9.78907012939453,15.8370304107666,26.9611949920654,18.58620262146,17.1721248626709,2.12950754165649,1.217329621315,0.416321039199829,2.20793962478638,77.15869140625,60.4706954956055,45.0242500305176,64.9720687866211,0.304506838321686,0.234671652317047,0.0655262693762779,0.00533934170380235,0,0.139742687344551,0,0.247726559638977,614519.875,28.2391439400803
"ES432",8.99928379058838,14.9614953994751,25.9992942810059,17.6343898773193,17.0000095367432,2.76602363586426,1.48437356948853,0.529544115066528,2.82809948921204,77.2656173706055,61.7039794921875,46.2720222473145,66.0564651489258,0.143683716654778,0.183906972408295,0.117665365338326,0.0032354446593672,0,0.337049931287766,0,0.211353152990341,315981.5625,15.9455043214905
"ES511",7.57692289352417,12.4239597320557,22.5098628997803,15.7022151947021,14.9329395294189,1.22582077980042,1.78819096088409,1.89886367321014,2.20712804794312,76.5992584228516,71.9646835327148,71.6661376953125,78.6659774780273,0.14394536614418,0.080444723367691,0.0253010541200638,0.052121713757515,0.000266843911958858,0.106362737715244,0.455675303936005,0.0475570634007454,2219674.25,287.763268177555
"ES512",7.0376501083374,12.0633783340454,22.2727298736572,15.2601909637451,15.2350807189941,1.63022661209106,2.27554512023926,2.18213725090027,2.57118201255798,75.1009826660156,72.6842193603516,71.5390548706055,77.4017486572266,0.110433772206306,0.0597585514187813,0.0146001717075706,0.0156522747129202,4.04729325964581e-05,0.530028820037842,0.066310778260231,0.120439670979977,584007.5625,99.4531168035336
"ES513",5.38533687591553,11.5183238983154,21.9619522094727,14.1953611373901,16.5766162872314,1.25512707233429,1.85404145717621,1.86261677742004,2.05650067329407,73.8849258422852,66.20947265625,63.9794845581055,73.9769973754883,0.257116883993149,0.103072643280029,0.0483903475105762,0.00646091159433126,0.000220881716813892,0.105892114341259,0.270693272352219,0.2060417085886,511804.1875,42.0896505246176
"ES514",9.72090244293213,15.2488708496094,25.3565559387207,18.0657291412354,15.6356525421143,0.983393311500549,1.51236629486084,0.957811117172241,2.03947854042053,72.9358291625977,64.2362747192383,63.3042907714844,72.9229507446289,0.192181602120399,0.0966757237911224,0.0759565234184265,0.0117262899875641,0,0.234670087695122,0,0.215259850025177,581301.1875,91.5404554807719
"ES521",11.1445741653442,15.7596769332886,25.699878692627,19.2941246032715,14.555305480957,1.08846366405487,1.36492466926575,0.454195976257324,1.89814043045044,69.6161880493164,62.4267997741699,61.5657730102539,69.7731246948242,0.711100280284882,8.79235885804519e-05,0.0511103644967079,0.0268710814416409,0,0.070387452840805,0,0.0640240982174873,1243510.125,210.66348315006
"ES522",8.53710556030273,13.8926181793213,24.2225818634033,16.7878093719482,15.6854763031006,1.00403642654419,1.68989610671997,1.03301477432251,2.15413045883179,68.2334671020508,63.9807243347168,65.4517669677734,71.0394668579102,0.154999047517776,0.0471244640648365,0.11579043418169,0.0137484911829233,0,0.367416381835938,0,0.165904864668846,517468.15625,77.7051983424087
"ES523",8.83703231811523,14.2047672271729,24.7277736663818,17.2252254486084,15.8907413482666,1.04680705070496,1.50965297222137,0.735313475131989,2.06811428070068,69.9590759277344,61.6361961364746,61.3625755310059,69.9838943481445,0.300346851348877,0.0020907367579639,0.179727673530579,0.0124821104109287,0,0.321140319108963,0,0.159002110362053,739857.125,68.6070302659287
"ES532",10.4700984954834,14.2757148742676,24.2323303222656,18.7896499633789,13.7622327804565,2.10439467430115,1.60240840911865,0.460826307535172,2.66959166526794,77.9395523071289,72.4533004760742,67.5441131591797,76.3133697509766,0.196219593286514,0.0950743108987808,0.0122209135442972,0.0291563756763935,0,0.156119644641876,0,0.113596886396408,430032.53125,119.610474706661
"ES611",8.37413120269775,13.6107997894287,24.6371250152588,17.0413780212402,16.2629947662354,1.3535178899765,1.18441462516785,0.366329520940781,1.42992889881134,69.8050155639648,59.5570907592773,50.5627975463867,66.175178527832,0.158521264791489,0.0128555726259947,0.0755804404616356,0.00394853064790368,0,0.532455027103424,0,0.114989928901196,215700.875,24.7189546413016
"ES612",12.3576231002808,16.8608684539795,25.6134643554688,20.0647068023682,13.2558422088623,3.78981614112854,1.51854205131531,0.148208037018776,2.73144865036011,77.6979064941406,67.0934524536133,58.0888023376465,71.3129501342773,0.300039291381836,0.220106407999992,0.0335655547678471,0.00912945438176394,0,0.156325548887253,0,0.170833319425583,488441.65625,65.9614038635564
"ES613",9.59495639801025,15.9426374435425,27.4043273925781,18.7192230224609,17.8093700408936,2.31189274787903,1.38232553005219,0.324799537658691,2.18364667892456,75.5881881713867,59.7798347473145,44.2868843078613,64.0820846557617,0.424006730318069,0.220088467001915,0.0462401323020458,0.00898195430636406,0,0.104578033089638,0,0.194498106837273,737106.4375,53.2592273046413
"ES614",7.58100748062134,13.3720855712891,24.9801712036133,16.554967880249,17.3991622924805,1.98153162002563,1.41299164295197,0.38552188873291,1.69483542442322,73.8277053833008,62.7013473510742,49.2783508300781,66.5544128417969,0.290738761425018,0.0849117264151573,0.0563497804105282,0.0103477016091347,0,0.319825798273087,0,0.16754624247551,839489.0625,65.7499230006482
"ES615",11.8914260864258,17.0260982513428,26.6661682128906,19.8284931182861,14.7747430801392,2.62226390838623,1.43897211551666,0.259319305419922,2.54428267478943,75.4165878295898,62.1574783325195,49.4993362426758,67.0548095703125,0.171621277928352,0.191071480512619,0.0287297107279301,0.00780508620664477,0,0.311998307704926,0,0.193605080246925,567879.1875,55.6510828428821
"ES616",8.54320907592773,14.7926397323608,26.9732475280762,17.7394580841064,18.4300403594971,2.21578049659729,1.70282995700836,0.468218833208084,1.94679605960846,74.7334365844727,60.2859878540039,44.6814842224121,63.9247436523438,0.379755944013596,0.0257031414657831,0.201753973960876,0.0071107349358499,0,0.195292681455612,0,0.190182700753212,572052.875,42.492061392523
"ES617",10.8804264068604,15.8863868713379,25.6507587432861,18.9495544433594,14.7703313827515,3.03123760223389,1.41602063179016,0.188202500343323,2.3107967376709,78.0016403198242,66.9129333496094,55.9960327148438,71.0713958740234,0.309813648462296,0.209423631429672,0.0116853062063456,0.0191259477287531,0,0.164668872952461,0,0.169935673475266,1091973.375,148.297617721585
"ES618",11.3795967102051,17.1073474884033,27.5212383270264,20.0582847595215,16.1416435241699,2.6910343170166,1.35581290721893,0.214834898710251,2.37034249305725,75.1689682006836,60.5138969421387,47.3686065673828,65.4051742553711,0.44996190071106,0.228141933679581,0.0320088528096676,0.0202637184411287,0,0.0845087394118309,0,0.177781194448471,1856073.25,132.988928997721
"ES620",9.15205764770508,14.6495714187622,25.5631637573242,17.9457416534424,16.4111061096191,0.812316596508026,1.12237167358398,0.461989790201187,1.31870186328888,69.7981033325195,59.9731864929199,56.0504608154297,68.1829147338867,0.33181893825531,5.53856409624132e-07,0.12618300318718,0.0126963621005416,0,0.331206411123276,0,0.17745053768158,1128208.375,99.7580609755599
"FI193",-5.52123689651489,5.61815309524536,16.8934059143066,5.69735860824585,22.414644241333,1.70529854297638,1.64824235439301,2.72190713882446,2.09266757965088,87.774528503418,73.6530609130859,74.7850036621094,87.434326171875,0.0389229506254196,4.77681787742767e-05,0.000201237111468799,0.00340965948998928,0,0.49372735619545,0.11285325139761,0.194902449846268,269898.90625,13.6537435518387
"FI194",-4.91049957275391,5.46076059341431,16.4236183166504,5.85103273391724,21.3341159820557,1.66835033893585,1.48719727993011,2.44864130020142,2.1012179851532,87.2179412841797,71.0816802978516,73.1913223266602,86.7609252929688,0.179294407367706,0.000394047528970987,0.000238885302678682,0.00317502138204873,0,0.54733806848526,0,0.244380339980125,178597,12.88503803423
"FI195",-4.48796510696411,4.95062494277954,16.2902641296387,6.15557336807251,20.7782287597656,1.7596036195755,1.42809784412384,2.19854545593262,2.1261899471283,85.521728515625,72.5844573974609,73.4919662475586,85.1360778808594,0.175302565097809,0.000868396949954331,0.000401242024963722,0.00325458380393684,0,0.407473653554916,0,0.197206690907478,101139.2109375,12.8211482212939
"FI196",-3.52851462364197,6.14140272140503,17.0020446777344,6.76743173599243,20.5305595397949,2.01658034324646,1.5091028213501,2.42411661148071,2.50571799278259,86.7678833007812,72.4209747314453,74.2060165405273,85.8593368530273,0.115831725299358,0.000527913274709135,0.000358447199687362,0.00645515089854598,0,0.521932065486908,0,0.296010851860046,187205.140625,22.9521258099659
"FI197",-4.57055139541626,5.97192049026489,16.8591918945312,6.1332631111145,21.4297428131104,1.76838552951813,1.53007018566132,2.502685546875,2.18835926055908,88.0982360839844,72.4568328857422,74.3445587158203,87.4368591308594,0.0929523035883904,0.000323171640047804,0.000322072708513588,0.00835034437477589,0,0.526376783847809,0,0.257603496313095,483606.71875,33.0071181401435
"FI1B1",-3.68474006652832,6.19902276992798,17.3197212219238,7.03816032409668,21.0044612884521,2.18898916244507,1.53279626369476,2.45371913909912,2.65453958511353,87.2826156616211,73.4361343383789,73.389518737793,85.7836608886719,0.192817538976669,0.000745878787711263,0.000137809169245884,0.0318338684737682,0,0.257414877414703,0.208938926458359,0.157376244664192,1135529.375,120.243292387734
"FI1C1",-2.70408487319946,6.25964975357056,17.3675289154053,7.53936052322388,20.0716152191162,2.05383110046387,1.36532056331635,2.36315011978149,2.58479690551758,87.0408172607422,73.7350463867188,73.8656921386719,85.4348602294922,0.196500301361084,0.00171319919172674,0.000317453319439664,0.00743374926969409,0,0.368738144636154,0,0.307598382234573,312146.53125,29.5461025026571
"FI1C2",-4.27421522140503,6.08039093017578,17.1379776000977,6.62177276611328,21.4121913909912,1.90739989280701,1.46932971477509,2.50850892066956,2.29038429260254,88.1052551269531,72.6611862182617,73.9287567138672,87.1831512451172,0.159701630473137,0.000552701123524457,0.000265024980762973,0.00829745084047318,0,0.439692467451096,0.0546406917273998,0.248184069991112,192620.921875,34.1056588071577
"FI1C3",-4.79283761978149,5.9329080581665,17.298713684082,6.38137149810791,22.0915508270264,1.79591882228851,1.53843677043915,2.61643671989441,2.25411415100098,87.5872039794922,73.5565643310547,74.0947265625,86.6905059814453,0.122619949281216,0.000421150907641277,0.00022196231293492,0.00580854248255491,0,0.0106057142838836,0.681823074817657,0.00450842129066586,148080.8125,23.893818619016
"FI1C4",-4.41915941238403,6.05174160003662,17.7354125976562,6.82817697525024,22.1545715332031,2.2811496257782,1.67046904563904,2.56832504272461,2.68496108055115,87.0914916992188,73.7322845458984,73.1078720092773,85.7665328979492,0.109381675720215,0.000175110733835027,0.000208819474210031,0.0068334424868226,7.8222386946436e-05,0,0.793763875961304,0,130484.2578125,23.4380089969488
"FI1C5",-5.10186767578125,6.17247295379639,17.9053764343262,6.51051044464111,23.0072441101074,2.08938360214233,1.69972777366638,2.69744324684143,2.51491236686707,87.011100769043,75.8037643432617,73.9759140014648,85.8922576904297,0.0317668840289116,6.19336206000298e-05,0.000231396668823436,0.00314097455702722,0.000206215569050983,0.181971982121468,0.411878138780594,0.082282692193985,111366.1640625,16.255892115661
"FI1D1",-5.64817094802856,5.8498215675354,17.6070823669434,6.03962516784668,23.2552528381348,1.91631281375885,1.70023095607758,2.84716200828552,2.27807998657227,87.3253631591797,75.6534271240234,75.3595733642578,87.0238571166992,0.0151484506204724,4.43904355051927e-05,0.000211565507925116,0.00266760867089033,1.6936581232585e-05,0.213914781808853,0.435961753129959,0.0854669883847237,169993.5625,8.95698068749055
"FI1D2",-6.21633768081665,5.31286287307739,17.2252388000488,5.55772495269775,23.4415760040283,1.98804187774658,1.86599230766296,2.88001227378845,2.18000721931458,87.2104415893555,74.4960479736328,74.9062194824219,87.0070571899414,0.0633045136928558,3.9288595871767e-05,0.000221194699406624,0.00228085648268461,1.85545929661249e-41,0.486085742712021,0.0854101404547691,0.197974413633347,220671.890625,10.8966141634695
"FI1D3",-7.30356168746948,4.52917861938477,16.7693176269531,5.01809644699097,24.0728797912598,2.04591083526611,1.90846538543701,3.058509349823,2.4110209941864,86.6056518554688,75.03173828125,75.7185287475586,86.9695434570312,0.0289763063192368,4.10915308748372e-05,0.000302732514683157,0.00218106550164521,0.000331817427650094,0.0307056494057178,0.759849071502686,0.0121667012572289,152327.59375,7.11195046942986
"FI1D5",-5.84600591659546,4.81657218933105,16.0110340118408,5.17177104949951,21.8570404052734,1.67648184299469,1.54723131656647,2.40353918075562,1.96726286411285,86.9262237548828,71.4899444580078,72.7717666625977,86.4232635498047,0.111170552670956,7.77020759414881e-05,0.000290417403448373,0.00199369015172124,0,0.594456255435944,0.00527364062145352,0.248584136366844,48216.83984375,9.38333553283909
"FI1D7",-10.5026712417603,0.910730838775635,13.8477344512939,1.63450527191162,24.3504047393799,1.47514045238495,1.41584408283234,2.33771562576294,1.7426530122757,84.8460693359375,76.1077880859375,74.0916519165039,85.7345962524414,0.00233922898769379,0.000207983961445279,0.00167560577392578,0.00038866326212883,0.0610204227268696,0.110888376832008,0.732111930847168,0.0441395156085491,153399.5625,1.56256077512391
"FI1D8",-8.05774688720703,3.47849535942078,16.042179107666,4.23566818237305,24.099925994873,1.92442524433136,1.8015011548996,2.72572731971741,2.15406560897827,86.7817687988281,74.4913482666016,74.5645217895508,87.412727355957,0.00860371720045805,2.68436870101141e-05,0.00090654956875369,0.000783612485975027,0.000928322493564337,0.236317798495293,0.563635110855103,0.0914051234722137,73050.796875,3.24197373458104
"FI1D9",-7.76728057861328,3.34196758270264,15.5657606124878,3.92882227897644,23.3330402374268,1.81832075119019,1.63629019260406,2.43181443214417,1.95429062843323,86.6371383666992,74.4246520996094,73.7825088500977,86.6786193847656,0.0525986514985561,0.000114976741315331,0.00105303211603314,0.00173829682171345,0.000235558618442155,0.191784277558327,0.616518795490265,0.0818677172064781,269946.46875,6.93397874601378
"FI200",-1.24643528461456,5.90747261047363,17.0279884338379,8.38095378875732,18.2744235992432,1.64700245857239,1.13233494758606,1.85537528991699,2.38801145553589,82.4354553222656,77.028938293457,73.9747848510742,80.4557647705078,0.0417184308171272,0.00212043384090066,0.000203574643819593,0.00251875910907984,0,0.145555555820465,0,0.0766020715236664,11805.8115234375,8.60845035804164
"FR101",6.0381064414978,12.6555042266846,21.1787605285645,13.7517547607422,15.1406545639038,2.15923547744751,1.88301241397858,2.00853514671326,2.10559940338135,85.8963012695312,73.9213256835938,71.506706237793,82.5069808959961,0.21347188949585,0.0382331199944019,0.00163816940039396,0.374378949403763,0,1.35153837025405e-15,0,0.372277915477753,348086.09375,4550.4252485513
"FR102",5.56794452667236,12.3631162643433,21.024242401123,13.4659738540649,15.4562969207764,2.31643748283386,1.97249615192413,2.0712411403656,2.27443742752075,85.8144989013672,73.6817626953125,70.8574523925781,82.2854919433594,0.548192024230957,0.136953011155128,1.07128783621846e-09,0.0502867214381695,0,5.90926646126001e-17,0,0.264568239450455,2149805.25,363.05310219536
"FR103",5.62421035766602,11.9174270629883,20.3599720001221,13.2913579940796,14.7357635498047,2.18534231185913,1.87781774997711,2.00102186203003,2.13128042221069,86.5120620727539,74.9613265991211,72.5095062255859,83.0147247314453,0.439185082912445,0.122541047632694,0.000332082621753216,0.102722533047199,0,3.36679628620828e-10,0,0.335219204425812,2609808.75,1140.97349522178
"FR104",5.77725076675415,12.3728590011597,20.9829978942871,13.5773296356201,15.2057476043701,2.18920183181763,1.96726250648499,2.0282256603241,2.18581438064575,85.8965835571289,73.8831176757812,70.9486618041992,82.1515655517578,0.412491381168365,0.104143545031548,0.000817161402665079,0.195692881941795,0,7.0297040757894e-12,0,0.286855041980743,4252783.5,2328.14851163484
"FR105",6.03810691833496,12.6555032730103,21.1787605285645,13.7517547607422,15.1406545639038,2.15923547744751,1.88301229476929,2.00853514671326,2.10559916496277,85.8963012695312,73.9213256835938,71.506706237793,82.5069732666016,0.21347188949585,0.0382331199944019,0.00163816940039396,0.374378949403763,0,1.35153837025405e-15,0,0.37227788567543,737197.0625,4549.29467563179
"FR106",5.97492790222168,12.6538877487183,21.2106838226318,13.7483100891113,15.2357559204102,2.21069955825806,1.92611145973206,2.05659818649292,2.12478518486023,85.8396835327148,73.7930526733398,71.3351058959961,82.4639205932617,0.320200085639954,0.0581323765218258,0.000903869629837573,0.265591084957123,0,7.45718436460707e-16,0,0.355172604322433,687435.6875,2947.16958499779
"FR107",5.98921489715576,12.6561546325684,21.2065505981445,13.750617980957,15.2173357009888,2.19977450370789,1.91747713088989,2.04631519317627,2.12070178985596,85.8508605957031,73.8170623779297,71.3642730712891,82.4708633422852,0.297831624746323,0.0538913607597351,0.00105562491808087,0.28842630982399,0,8.70921235130562e-16,0,0.358795046806335,772540.375,3273.78543097439
"FR108",5.79757022857666,12.0127449035645,20.3637580871582,13.4064998626709,14.5661878585815,2.47637867927551,1.95105707645416,2.05413556098938,2.31699252128601,86.3230438232422,75.2089004516602,73.6931076049805,83.3597717285156,0.514896929264069,0.133834704756737,0.000185535260243341,0.0670013278722763,0,3.2773226741596e-16,0,0.28408145904541,1052350.125,819.390970412044
"FRB01",5.2912015914917,12.018705368042,20.9604682922363,13.4963655471802,15.6692657470703,2.43082809448242,2.28895664215088,2.07796382904053,2.60437345504761,84.7266845703125,72.8238296508789,69.305290222168,80.9386444091797,0.552310347557068,0.120500035583973,0.00324970320798457,0.00636186171323061,0,4.29672436519368e-10,0,0.317578107118607,303155.375,41.5350992939359
"FRB02",5.18921232223511,11.3710145950317,19.8476524353027,12.8843240737915,14.6584396362305,2.23191261291504,1.89670860767365,1.82149481773376,2.15227150917053,87.0544815063477,75.3407440185547,71.9448852539062,82.8661575317383,0.662956416606903,0.192508980631828,4.99738746384537e-07,0.0117162000387907,0,4.05660158242505e-11,0,0.132818058133125,524501.875,88.8182606187872
"FRB03",5.59075736999512,12.0671272277832,20.963020324707,13.6622123718262,15.3722629547119,2.55583047866821,2.26899218559265,2.03126406669617,2.59483361244202,84.5736694335938,73.0256881713867,69.148323059082,80.1426239013672,0.52547949552536,0.204188331961632,0.00169101427309215,0.00615169620141387,0,1.26385446552746e-09,0,0.262489497661591,247922.546875,36.3215633458237
"FRB04",5.99128246307373,12.1923246383667,20.904655456543,13.742600440979,14.9133720397949,2.48087382316589,1.91526257991791,1.72562325000763,2.37098217010498,85.5724105834961,73.36767578125,69.3724136352539,80.9423141479492,0.533416569232941,0.177689239382744,0.000106036706711166,0.0139588434249163,0,3.65489444265066e-11,0,0.274829357862473,687769.375,111.638185620517
"FRB05",5.58610582351685,11.97545337677,20.7147274017334,13.4762725830078,15.128623008728,2.42007446289062,1.98720645904541,1.85328114032745,2.33861327171326,85.7742614746094,73.3819961547852,69.3993301391602,81.1647491455078,0.523234069347382,0.152665629982948,0.000655419251415879,0.00992360431700945,0,0,0,0.313521265983582,485074.75,75.8164113873481
"FRB06",5.46737575531006,12.1393985748291,20.9371166229248,13.4872522354126,15.4697408676147,2.3138415813446,2.07011246681213,2.00962543487549,2.41510510444641,85.701774597168,73.2791213989258,69.8424911499023,81.5714569091797,0.555935561656952,0.12187897413969,0.000188141115359031,0.0108568677678704,0,3.90050466578929e-16,0,0.311140447854996,598550.75,87.812731247044
"FRC11",3.80478954315186,11.5857887268066,20.8194789886475,12.4673871994019,17.0146903991699,2.72281980514526,2.46524620056152,2.41936254501343,3.15013766288757,84.4562759399414,72.0798416137695,69.6327438354492,81.9202423095703,0.497936964035034,0.0568901635706425,0.000205375952646136,0.00856207311153412,0,0,0.105179481208324,0.331225991249084,552678.625,63.1232364617576
"FRC12",4.64817142486572,11.7006216049194,20.7795429229736,13.0248613357544,16.1313724517822,2.73636174201965,2.52533864974976,2.19845986366272,3.01744222640991,84.3314361572266,72.4529418945312,69.5437088012695,81.6086654663086,0.451270192861557,0.11379885673523,0.00191621098201722,0.00544646196067333,0,1.34483784995035e-17,0.00839850213378668,0.419169783592224,209304.546875,30.7167483538343
"FRC13",4.0455493927002,11.7558174133301,21.1318283081055,12.7994451522827,17.0862789154053,2.68360638618469,2.6298553943634,2.55735516548157,3.27677464485168,82.1696243286133,70.6964492797852,67.9460754394531,80.3837814331055,0.409841418266296,0.0810208097100258,0.000848216062877327,0.0101580079644918,0,5.82033449214592e-11,0.124668136239052,0.373463481664658,593956.3125,68.8724316131811
"FRC14",4.93244504928589,12.0410871505737,20.9809551239014,13.1846027374268,16.0485076904297,2.45112085342407,2.17530345916748,2.04496455192566,2.73203492164612,85.3366012573242,73.2127532958984,70.2404937744141,82.033317565918,0.581786930561066,0.117217272520065,0.000331565854139626,0.00752740539610386,0,2.12470062126624e-16,0,0.293136835098267,339731.375,45.5020108247889
"FRC21",2.02666878700256,9.74803066253662,18.9347076416016,10.7640657424927,16.9080390930176,4.587890625,3.70105385780334,3.75696563720703,4.32884311676025,80.7412261962891,72.0221710205078,72.5983505249023,81.5211868286133,0.228506043553352,0.094560444355011,0.000162805838044733,0.0155326202511787,0,0,0.660353243350983,0,507337.46875,97.3001477434473
"FRC22",2.97729969024658,10.8892555236816,20.2010135650635,11.8135919570923,17.2237148284912,4.74894332885742,4.05605983734131,3.76001071929932,4.73629283905029,80.051628112793,71.0553512573242,70.8612442016602,80.5126953125,0.369182378053665,0.0506598055362701,0.000149569576024078,0.0102416733279824,0,0,0.49160560965538,0.0764845013618469,378600.25,75.0178708187462
"FRC23",3.33047199249268,11.2436304092407,20.3325252532959,12.0432996749878,17.0020523071289,3.61549711227417,2.8778932094574,3.04042053222656,3.72432518005371,82.1304473876953,71.1861114501953,69.8166046142578,81.1492462158203,0.324880540370941,0.0737831741571426,6.8030435613764e-06,0.0103226844221354,0,0,0.5905721783638,0.00043437400017865,366597.90625,67.9866692775711
"FRC24",2.20066785812378,10.0548906326294,19.1635189056396,10.909369468689,16.9628505706787,5.1158881187439,3.52296257019043,3.42797636985779,4.24265098571777,82.5449142456055,71.9542999267578,71.4581604003906,82.2571716308594,0.224772587418556,0.0411743149161339,2.77493722444788e-10,0.0194076113402843,0,0,0.714547574520111,0,93813.8125,158.625949746408
"FRD11",6.13501596450806,10.9364442825317,18.762508392334,13.1597909927368,12.6274929046631,3.01536464691162,2.03273701667786,1.87877464294434,2.99153852462769,85.8988037109375,77.1389541625977,76.6340103149414,84.0106201171875,0.315515846014023,0.246112585067749,2.43160269697285e-09,0.0144618274644017,0,2.43059267157619e-10,0.0532292760908604,0.20551472902298,571773.5625,103.30780905031
"FRD12",6.59926509857178,11.0738649368286,18.8227844238281,13.5297517776489,12.223518371582,3.48386383056641,2.13217711448669,1.95894658565521,3.44776964187622,84.97314453125,77.8443298339844,78.2684478759766,83.5059204101562,0.372892826795578,0.313204497098923,2.62972066344958e-09,0.00969728361815214,0,0,0.104348301887512,0.152103453874588,252293.015625,42.2558298027274
"FRD13",5.38576030731201,10.78284740448,18.9447917938232,12.6382446289062,13.5590324401855,2.88477659225464,2.09989881515503,1.81768095493317,2.67840313911438,87.4179229736328,76.4828414916992,74.9812774658203,84.5122985839844,0.417511254549026,0.27837672829628,2.50042675453699e-09,0.00918412767350674,0,7.7706835668334e-17,0,0.294927954673767,290461.28125,47.1881563360478
"FRD21",5.6309404373169,11.141224861145,19.2724914550781,13.0099067687988,13.6415510177612,2.84178614616394,2.08295774459839,2.00166535377502,2.65595269203186,86.9210205078125,76.6797485351562,75.3676834106445,84.1289825439453,0.476233035326004,0.194196164608002,1.77679515545037e-09,0.0221749804913998,0,9.97925006518408e-11,0,0.300001710653305,941020.8125,157.050912403248
"FRD22",5.79747486114502,10.9685325622559,18.9704513549805,13.1184310913086,13.1729764938354,3.44960355758667,2.32582902908325,2.35931634902954,3.39458966255188,86.2369003295898,77.3366622924805,77.3577346801758,84.1972961425781,0.435343772172928,0.228363677859306,9.39058008952998e-05,0.0153737822547555,0,6.52782217169801e-10,0,0.237830936908722,608984.0625,96.5337499948156
"FRE11",4.55599641799927,10.8153953552246,19.0997657775879,12.1981315612793,14.5437688827515,2.79888916015625,1.95330893993378,2.3950400352478,2.65684700012207,85.9687271118164,75.6346817016602,75.8537826538086,83.6807098388672,0.449083209037781,0.161458626389503,1.21167009758949e-09,0.0689974054694176,0,0,0.142296582460403,0.17812268435955,2024917.25,351.44080141792
"FRE12",5.17767906188965,10.6569261550903,18.6889228820801,12.6316204071045,13.5112457275391,3.398193359375,2.13104605674744,2.49872398376465,3.4198260307312,85.7337951660156,76.8955688476562,77.1262893676758,83.7627182006836,0.533580362796783,0.189302325248718,2.2755435313826e-09,0.0281167384237051,0,1.34004224383588e-10,0,0.189049884676933,1269586.75,190.034475198774
"FRE21",4.69130277633667,11.419994354248,19.9297046661377,12.4699869155884,15.2384004592896,2.64861106872559,2.03086757659912,2.43932771682739,2.34411287307739,86.1058883666992,74.3200988769531,73.5093612670898,83.3356323242188,0.579480350017548,0.179826483130455,1.65623981196461e-09,0.0152745321393013,0,0,0.0376784056425095,0.18774026632309,606820.3125,81.6960327419211
"FRE22",5.52727031707764,11.7740278244019,20.0996913909912,13.1551666259766,14.5724220275879,2.5229332447052,1.9659126996994,2.21452975273132,2.34295248985291,86.1667098999023,75.207145690918,74.1713485717773,83.3852615356445,0.593347251415253,0.155771061778069,1.53093093757661e-09,0.0218490250408649,0,8.98477625654688e-17,0,0.22903273999691,1227649.875,209.312031405823
"FRE23",5.37698364257812,11.2007493972778,19.3338241577148,12.8944225311279,13.9568395614624,2.97186255455017,2.10195255279541,2.47862267494202,2.81593585014343,85.9464111328125,76.3025817871094,76.288330078125,83.7068939208984,0.640127718448639,0.193594887852669,1.7351107217678e-09,0.0160761326551437,0,2.02610717734592e-16,0,0.135076880455017,627181.25,101.903098026095
"FRF11",3.04593873023987,11.4501113891602,20.5856990814209,11.7786149978638,17.5397624969482,2.64612007141113,2.3058078289032,2.58434796333313,2.7781355381012,83.4556350708008,71.1422729492188,69.6652145385742,82.0025253295898,0.391983687877655,0.0574698820710182,8.59931787999813e-06,0.0317801274359226,0,1.71680116043977e-18,0,0.51875776052475,1287993.875,267.839464167464
"FRF12",2.62531590461731,10.7496309280396,19.882417678833,11.380126953125,17.25710105896,3.26919794082642,2.72114896774292,2.84942412376404,3.11433553695679,82.5866394042969,71.8747711181641,71.2069396972656,82.3497848510742,0.348223865032196,0.0531564988195896,3.77134529117029e-05,0.0267851185053587,0,0.00512777082622051,0.357388973236084,0.208700716495514,854708.125,239.522024646143
"FRF21",3.77096080780029,10.7117977142334,19.4169425964355,11.65260887146,15.6459817886353,3.21609377861023,2.21324133872986,2.60816931724548,2.75455260276794,86.8954925537109,74.2676849365234,74.1073608398438,84.6998443603516,0.449239492416382,0.152005910873413,0.000369438668712974,0.0119443545117974,1.40129846432482e-45,0,0.370641022920609,0.0157997738569975,339747.4375,65.0993426685452
"FRF22",4.68236637115479,11.9791946411133,20.8832378387451,12.9049835205078,16.200870513916,2.41557145118713,2.14877820014954,2.12413382530212,2.72631788253784,85.5052337646484,72.988639831543,70.5972442626953,82.4459762573242,0.615301787853241,0.137104243040085,0.000515997235197574,0.00841967575252056,0,1.48509214616023e-16,0.00258059264160693,0.233786687254906,327619.65625,54.3480956990647
"FRF23",4.47403717041016,11.5638914108276,20.2840442657471,12.477780342102,15.8100080490112,2.44481492042542,1.95183157920837,2.19798278808594,2.40195226669312,85.7835235595703,73.2343521118164,71.4998626708984,82.9922866821289,0.639646053314209,0.151425406336784,0.000145960482768714,0.00958502013236284,0,0,0.111942566931248,0.0852145850658417,494335.8125,60.8559335723249
"FRF24",3.73875975608826,11.3749494552612,20.4592628479004,12.2061681747437,16.7205028533936,3.00482487678528,2.4636058807373,2.56812071800232,3.23642992973328,85.275032043457,72.4678115844727,70.7135620117188,82.8255081176758,0.481979727745056,0.100924462080002,0.000460603856481612,0.00554108573123813,0,0,0.342622816562653,0.0679028928279877,156343.546875,25.0028558570331
"FRF31",3.22230243682861,10.8894948959351,19.8602180480957,11.528712272644,16.6379146575928,2.84897708892822,2.09356594085693,2.37390494346619,2.91010570526123,85.4278411865234,72.7045516967773,70.6406173706055,83.103385925293,0.457369655370712,0.115172430872917,1.87527602975024e-05,0.0176350902765989,2.10216791890483e-11,0,0.163496911525726,0.246307194232941,613077.125,116.24832539694
"FRF32",3.55040812492371,10.9569005966187,19.8857879638672,11.7040939331055,16.3353805541992,3.23017287254333,2.21301579475403,2.43202495574951,2.97598505020142,86.2346115112305,73.1812515258789,72.0286407470703,83.8058624267578,0.473375409841537,0.127250045537949,0.00172156968619674,0.00758997444063425,0,0,0.389855921268463,0,258342.328125,41.7067924437438
"FRF33",3.24524188041687,11.2027759552002,20.1670684814453,11.6339359283447,16.9218273162842,2.77206873893738,2.0196681022644,2.34168815612793,2.77141952514648,85.026741027832,71.9912414550781,69.7117233276367,82.7344818115234,0.420867204666138,0.09205012768507,3.88873695555958e-06,0.0314601771533489,1.53881234469209e-13,7.75952748530948e-19,0.135253235697746,0.320365399122238,1365592,220.012080927881
"FRF34",2.89619278907776,10.6444292068481,19.6892852783203,11.3682231903076,16.7930908203125,3.55671906471252,2.71192145347595,2.8342387676239,3.59504890441895,84.6078796386719,72.354850769043,70.9085998535156,82.8778457641602,0.332443118095398,0.0895236060023308,5.7912225202017e-06,0.0123633537441492,0,0,0.193464443087578,0.37219974398613,411753.71875,69.9444344341564
"FRG01",7.13485765457153,12.2953319549561,20.5026664733887,14.2677326202393,13.36780834198,3.41481113433838,1.99537229537964,1.37129521369934,3.08214664459229,86.0505599975586,76.4226455688477,73.6353607177734,82.6784515380859,0.499317675828934,0.233048409223557,1.10592318378622e-05,0.0207203384488821,0,3.34334121616199e-16,0,0.168979480862617,1392455.75,201.055533204872
"FRG02",6.45560312271118,12.2199850082397,20.7175846099854,13.9069910049438,14.261981010437,2.79036808013916,1.87616574764252,1.45204329490662,2.56518530845642,86.0271835327148,74.7531890869141,70.9600524902344,81.9045639038086,0.577548801898956,0.229596301913261,1.14796212073998e-05,0.0161637105047703,0,1.06929280442705e-16,0,0.176679760217667,865388.75,119.436826760058
"FRG03",5.99479722976685,11.4426193237305,19.6882781982422,13.2382764816284,13.6934804916382,3.46141529083252,2.23997807502747,1.74153459072113,3.07068777084351,86.7535018920898,75.5511016845703,73.4065780639648,83.5230712890625,0.554810464382172,0.291524916887283,5.04664665612609e-09,0.00905280094593763,0,2.77421739662166e-16,0,0.144608974456787,360350.875,69.1184102363537
"FRG04",5.76786184310913,11.6545362472534,20.1327304840088,13.2469644546509,14.3648691177368,2.76871800422668,2.0005419254303,1.73648262023926,2.48744058609009,86.6761169433594,74.6857986450195,71.7296600341797,82.817512512207,0.477814346551895,0.238935589790344,2.5858271079926e-09,0.0127968620508909,0,8.32923892982106e-17,0,0.270453214645386,556245.8125,90.115559956961
"FRG05",7.15232992172241,12.5966796875,21.0034122467041,14.6334600448608,13.8510808944702,3.38836455345154,2.04774117469788,1.45326209068298,3.06478452682495,85.3514862060547,75.4873275756836,72.1596374511719,81.3939895629883,0.609925806522369,0.230873808264732,7.49832179280929e-05,0.0105523662641644,0,5.23928576694562e-16,0,0.11725465208292,595618.8125,88.0234617174553
"FRH01",7.2116322517395,11.0364646911621,18.3748626708984,13.650260925293,11.1632289886475,3.65426659584045,2.13744235038757,1.50853741168976,3.2110607624054,85.7358627319336,79.1635665893555,78.6520080566406,84.1177825927734,0.515219628810883,0.260812073945999,8.28293414087966e-05,0.00866846740245819,0,0,0.139042094349861,0.00240936875343323,390411.09375,55.9156936968823
"FRH02",7.54363346099854,10.7935314178467,17.6846904754639,13.4821424484253,10.141056060791,4.69270038604736,2.5857195854187,1.94236588478088,4.03273010253906,84.2398681640625,79.6735229492188,80.3425750732422,84.0041275024414,0.451142758131027,0.275830268859863,1.03752928470868e-09,0.0118787121027708,0,0,0.180092230439186,0,341102.4375,51.031498232381
"FRH03",6.67401933670044,11.6519117355347,19.6257705688477,13.6797847747803,12.9517517089844,3.14717531204224,1.98461854457855,1.51838302612305,2.94556403160095,86.0493774414062,76.3510513305664,74.9017868041992,83.2894515991211,0.57506674528122,0.273970425128937,3.25661764222218e-09,0.0150731122121215,0,1.155285607553e-17,0.0104462737217546,0.125286340713501,990705.9375,145.155684228976
"FRH04",7.47401237487793,11.5417108535767,19.049295425415,13.9969987869263,11.5752820968628,3.9282078742981,2.20567750930786,1.55276775360107,3.33345174789429,85.8123245239258,78.187370300293,76.7081832885742,83.7137069702148,0.461901903152466,0.256159722805023,3.09896397432396e-09,0.0124097624793649,0,0,0.139888152480125,0.0425166673958302,701662.8125,101.431665783935
"FRI11",6.5794186592102,12.9919843673706,21.9959659576416,14.7541265487671,15.4165487289429,2.82283735275269,2.4938530921936,1.91126489639282,2.49318718910217,81.3925476074219,69.2782135009766,67.3232116699219,77.79833984375,0.533730387687683,0.060160331428051,0.000420382857555524,0.00671413447707891,0,1.16956206004659e-12,0.0623288042843342,0.336646050214767,443615.625,48.1667716217976
"FRI12",7.76938772201538,13.6019058227539,22.0762805938721,15.5792198181152,14.3068933486938,3.10478281974792,2.37659931182861,1.64039635658264,2.67834615707397,82.7138061523438,71.6476593017578,69.3665008544922,78.518684387207,0.377166152000427,0.0865692868828773,0.00228296918794513,0.0209796875715256,0,4.81683818537044e-14,0,0.512203693389893,1402944.625,140.631698405012
"FRI13",8.57970809936523,13.8545217514038,22.1177654266357,16.2238216400146,13.5380563735962,3.49500012397766,2.91386699676514,1.86349451541901,3.19176483154297,81.2705230712891,72.5057525634766,71.9494781494141,78.0726318359375,0.272302806377411,0.0770353153347969,0.00714100990444422,0.00533148180693388,0,2.63162096281189e-11,0.248530685901642,0.299976944923401,413740.4375,44.2909668553294
"FRI14",7.3227334022522,13.5538606643677,22.5103874206543,15.5343408584595,15.1876535415649,2.43169474601746,2.30162310600281,1.65050899982452,2.19684910774231,82.5501327514648,70.8934097290039,67.4739837646484,77.331428527832,0.613536059856415,0.064051553606987,0.000237177213421091,0.00735192839056253,0,8.61360625362393e-18,0,0.3148233294487,315833.6875,58.6511455847294
"FRI15",6.19835758209229,11.7630205154419,20.9847660064697,14.4624481201172,14.7864103317261,4.47866535186768,4.09791278839111,2.62710475921631,4.07681751251221,78.6902770996094,74.9178237915039,76.950927734375,78.5668869018555,0.223453477025032,0.115214638411999,0.0137817934155464,0.00995463598519564,4.54178880318068e-05,0.0175657700747252,0.436389952898026,0.172947525978088,588072.1875,76.2570786365743
"FRI21",4.68188285827637,11.3114624023438,20.5514602661133,13.1119356155396,15.8695755004883,3.54236125946045,3.2730929851532,2.65386414527893,3.43576502799988,81.2006072998047,70.8589172363281,70.684211730957,80.1785430908203,0.351552963256836,0.0390439294278622,0.000710712687578052,0.00585638079792261,0,6.23540732935801e-11,0.467091143131256,0.135744854807854,225646.453125,38.5374160353265
"FRI22",4.25151443481445,10.8210134506226,19.9007930755615,12.5702676773071,15.6492795944214,3.10096645355225,2.95802068710327,2.53100848197937,3.0367066860199,83.2938003540039,73.506950378418,72.1736831665039,81.4389801025391,0.330160826444626,0.146879941225052,0.000398780568502843,0.00486886175349355,0,5.50420153899722e-10,0.0603067502379417,0.457384884357452,117433.765625,20.9825164141593
"FRI23",5.36411476135254,11.8812923431396,20.9194965362549,13.5381298065186,15.5553827285767,3.45168566703796,2.89971590042114,2.312983751297,3.11471557617188,82.6052551269531,71.3143157958984,69.5233306884766,79.9978713989258,0.491590142250061,0.11875294148922,1.8055188775179e-05,0.00922640040516853,0,3.47979319470653e-16,0.080543652176857,0.299868822097778,356913.5,63.9502451309504
"FRI31",6.68009805679321,12.93883228302,21.7306804656982,14.6414136886597,15.0505838394165,3.0569224357605,2.34514260292053,1.86744511127472,2.69441533088684,82.7416763305664,70.9454650878906,68.4210586547852,78.843376159668,0.623552143573761,0.111555509269238,1.03589181676966e-09,0.00835005007684231,0,5.75375615208262e-11,0,0.256542325019836,368795.59375,61.4903148447763
"FRI32",7.37338876724243,13.2135744094849,21.7237453460693,15.1541271209717,14.3503561019897,3.19489741325378,2.17027640342712,1.63970112800598,2.88481426239014,83.369499206543,72.6824493408203,69.7283554077148,79.2013931274414,0.616416752338409,0.166996657848358,2.73037881193261e-09,0.00911383703351021,0,5.20244248071802e-16,0,0.195779338479042,427240.90625,62.6336472570171
"FRI33",6.49144077301025,12.3897476196289,21.061731338501,14.1943836212158,14.5702896118164,3.00229406356812,2.06791663169861,1.61996710300446,2.70320391654968,85.4729537963867,74.1575012207031,70.3169555664062,80.9828720092773,0.633500158786774,0.231741532683372,3.66035490806382e-09,0.00942538026720285,0,5.52425709343662e-11,0,0.125332951545715,395300.6875,65.7697219016849
"FRI34",6.0291166305542,12.2191038131714,21.0546684265137,13.8727951049805,15.0255527496338,2.66381525993347,2.10767507553101,1.85389459133148,2.51171779632568,84.8749694824219,73.2695617675781,69.5722579956055,80.3901748657227,0.612040340900421,0.206309899687767,4.25012440246064e-05,0.00782023184001446,0,2.19932377865106e-10,0,0.173787042498589,434259.4375,61.6658360867281
"FRJ11",6.87412929534912,12.8088579177856,22.7632789611816,15.3460235595703,15.8891506195068,2.55536603927612,2.50605821609497,1.65759348869324,2.6023542881012,77.91259765625,72.2895660400391,69.1133193969727,76.9396667480469,0.247718274593353,0.100972421467304,0.00948511157184839,0.00904279388487339,0,5.23804220484148e-12,0,0.607233166694641,493857.21875,77.2302356431512
"FRJ12",6.52328777313232,13.2075490951538,23.4602966308594,15.3141527175903,16.9370079040527,2.59897708892822,2.55190348625183,1.75499892234802,5.00581407546997,73.2794342041016,64.8570709228516,59.1011924743652,73.2223739624023,0.221871122717857,0.0882637798786163,0.00322267157025635,0.0185513850301504,0,0,0.42915216088295,0.208071365952492,902786.0625,153.776126923395
"FRJ13",7.04735517501831,13.3313426971436,23.4796085357666,15.6236486434937,16.4322547912598,2.73108601570129,2.4473774433136,1.39242506027222,4.10397624969482,76.6286163330078,69.5526580810547,64.2045822143555,76.3378753662109,0.214303866028786,0.109945207834244,0.00385621376335621,0.0147116612643003,0,0,0.416453242301941,0.153030037879944,860199.5625,137.893109206078
"FRJ14",2.33764147758484,8.71236896514893,18.7858791351318,11.0890321731567,16.4482383728027,2.83405756950378,3.36144685745239,2.46577835083008,4.89244937896729,80.2254638671875,72.7663116455078,70.2104034423828,80.7669448852539,0.16394317150116,0.108957536518574,0.0121620940044522,0.00302391243167222,0,0,0.711913347244263,0,94832.5703125,18.4285724456718
"FRJ15",6.39211702346802,11.9084243774414,22.0601329803467,14.7355575561523,15.6680154800415,2.06549978256226,2.39198327064514,1.82422649860382,2.4392077922821,74.0512161254883,71.0783386230469,69.7281188964844,75.6874160766602,0.123423539102077,0.0555032938718796,0.020564204081893,0.0113108297809958,9.96980452327989e-06,0.142900630831718,0.0174184571951628,0.625783622264862,387149.75,93.6948804840407
"FRJ21",3.9454836845398,9.92563724517822,19.9886703491211,12.6070156097412,16.0431861877441,2.56251120567322,2.98346996307373,2.52730846405029,2.60594725608826,76.2781677246094,74.163948059082,74.1571197509766,77.3405532836914,0.262265712022781,0.0634967386722565,0.0214925725013018,0.0110215283930302,0,0.0722106695175171,0,0.569512844085693,248495.28125,51.333826953259
"FRJ22",4.67959785461426,11.1332845687866,20.9096050262451,13.3280925750732,16.2300071716309,3.01370048522949,3.17571043968201,2.2636616230011,3.49396753311157,81.8199005126953,73.2198104858398,71.0890579223633,80.8082580566406,0.318884611129761,0.164366155862808,0.00299774017184973,0.00457988819107413,0,8.28149094439512e-12,0.494992762804031,0.0140923541039228,293594.90625,33.5132329646828
"FRJ23",6.47427129745483,12.7125368118286,22.3075790405273,15.048996925354,15.8333082199097,2.29564619064331,2.69183778762817,2.07051944732666,2.20598864555359,79.0590896606445,72.9184951782227,71.9036026000977,77.2481231689453,0.46275407075882,0.108198791742325,0.00589844165369868,0.0146392611786723,0,0.0529135130345821,0,0.355595916509628,1028588.5,160.038889383299
"FRJ24",7.47582006454468,13.6848821640015,22.8951511383057,15.8990240097046,15.4193315505981,2.30491852760315,2.49760913848877,1.88998806476593,2.2007212638855,81.1412048339844,72.4238052368164,70.5831680297852,77.4311370849609,0.606766581535339,0.142907023429871,7.66734729040763e-07,0.00619644904509187,0,2.4202317233657e-11,0,0.244129225611687,350851.625,55.9878097969446
"FRJ25",6.20226812362671,12.6798105239868,21.9296894073486,14.6712369918823,15.7274227142334,2.60794281959534,2.73110365867615,2.07607388496399,2.54465484619141,81.1123123168945,70.2806091308594,69.1249694824219,78.3710174560547,0.484324395656586,0.0828893780708313,0.000510797370225191,0.00608290592208505,0,1.32276123387953e-09,0.0645857378840446,0.36160683631897,223181.0625,42.7121451452971
"FRJ26",3.5614812374115,9.6494665145874,19.752872467041,12.3319883346558,16.1913928985596,3.08295297622681,3.3404369354248,2.58683061599731,3.19684147834778,77.3932800292969,74.5023956298828,74.2115325927734,77.9988632202148,0.285205185413361,0.0645039975643158,0.0289599057286978,0.0076366332359612,0,0.141907513141632,0,0.471786737442017,222560.75,49.0939151353832
"FRJ27",6.67117595672607,13.0126171112061,22.5964965820312,15.2118072509766,15.9253187179565,2.61174035072327,2.80305767059326,2.01046824455261,2.59819173812866,81.9471817016602,73.0383605957031,70.0405120849609,78.9418869018555,0.434033393859863,0.163603186607361,0.00157005293294787,0.00898151006549597,0,4.31402714325557e-17,0.116150289773941,0.27559170126915,471201.4375,82.225721155008
"FRJ28",7.12235164642334,13.4942588806152,22.7217693328857,15.5867462158203,15.599419593811,2.20620203018188,2.34936308860779,1.82649266719818,2.06636023521423,81.6131134033203,70.6646194458008,67.8580780029297,77.0070648193359,0.588849127292633,0.0905980989336967,0.000244380149524659,0.0158265102654696,0,2.24190112910647e-16,0,0.304481893777847,592359.25,158.85831939571
"FRK11",4.57400846481323,11.410364151001,20.4914455413818,12.99183177948,15.9174385070801,2.12578129768372,2.39199090003967,2.31642150878906,2.70273160934448,82.7473526000977,72.0749969482422,69.5742645263672,80.6406555175781,0.467385947704315,0.148039922118187,0.000434897112427279,0.00675733899697661,0,9.07305341968367e-10,0,0.377381920814514,318747.8125,43.296712145041
"FRK12",3.03968596458435,9.54342937469482,19.0671215057373,11.6298599243164,16.0274353027344,3.13180422782898,3.36750626564026,2.72918438911438,3.55594730377197,81.8509902954102,73.6072540283203,73.6665954589844,82.0700302124023,0.201382160186768,0.125072255730629,0.00610927445814013,0.00428708270192146,0,0,0.585799992084503,0.0773491710424423,141576.671875,24.5103230741759
"FRK13",2.61303544044495,9.40651226043701,19.1598491668701,11.3632564544678,16.5468120574951,1.89236342906952,2.51961898803711,2.62849617004395,3.2374837398529,80.625244140625,72.42529296875,71.1762466430664,81.1704177856445,0.191252768039703,0.128050848841667,0.00533653236925602,0.0102179106324911,0,0,0.552421748638153,0.112720213830471,367472.375,73.9397407502262
"FRK14",3.05834126472473,9.78988265991211,19.1055126190186,11.6370134353638,16.0471706390381,2.28687500953674,2.75993371009827,2.76189732551575,2.97356414794922,82.22998046875,73.2348175048828,72.5977325439453,81.7300109863281,0.255654394626617,0.124357208609581,0.00283958809450269,0.0110346479341388,0,5.88887879432454e-12,0.0772431790828705,0.52887099981308,718157.5,89.8418769695987
"FRK21",3.63683676719666,11.5420808792114,21.0762157440186,12.5855951309204,17.439380645752,3.59021234512329,3.39397501945496,3.31517457962036,4.07399988174438,79.4283447265625,69.9558639526367,69.4016952514648,79.7442092895508,0.363264471292496,0.0723087042570114,0.000174791668541729,0.0194958336651325,0,0,0.255578190088272,0.283576548099518,999703.625,173.463101469111
"FRK22",4.11769962310791,11.1400585174561,21.2189102172852,13.0741844177246,17.1012096405029,2.67024302482605,2.78088474273682,2.59458327293396,5.2307653427124,77.2792739868164,68.3606262207031,64.6838989257812,77.1189956665039,0.198799505829811,0.0955913960933685,0.00145521597005427,0.0142418388277292,0,0,0.689912021160126,0,553702.3125,99.2437835513996
"FRK23",3.86079740524292,10.8371639251709,20.8284358978271,12.8164339065552,16.9676380157471,2.45805311203003,2.54453444480896,2.50350761413574,4.10190963745117,77.1205444335938,69.0848846435547,65.8513641357422,77.0013427734375,0.247692227363586,0.0861466526985168,0.00962410401552916,0.0109642306342721,0,0,0.591782987117767,0.0537898279726505,501010.1875,77.0297957474519
"FRK24",2.88483786582947,10.1408767700195,19.9072589874268,11.8284997940063,17.0224208831787,3.021164894104,3.05232787132263,3.17781853675842,3.9315173625946,76.0519104003906,71.0185012817383,71.0118789672852,78.7481689453125,0.221095383167267,0.0764739513397217,0.010042573325336,0.0211310479789972,0,0,0.47280940413475,0.196329429745674,1377366.125,175.66267459588
"FRK25",3.57754683494568,10.836483001709,20.384635925293,12.3774347305298,16.8070888519287,1.96907079219818,2.42648696899414,2.78064203262329,3.11754727363586,81.346549987793,71.2863998413086,69.6098251342773,80.6754989624023,0.263182550668716,0.13727331161499,0.000681597855873406,0.0145733896642923,0,3.10562575656093e-10,0.352699756622314,0.231589376926422,585562.8125,121.53128788597
"FRK26",4.03945541381836,11.7134351730347,21.3175239562988,12.9791135787964,17.2780685424805,2.07162547111511,2.39354419708252,2.65617060661316,3.22346949577332,81.2197113037109,69.9575653076172,67.8856048583984,79.9241714477539,0.337255388498306,0.108315013349056,2.31929742078307e-09,0.0550833866000175,0,7.35828715667242e-13,0.330195128917694,0.169151172041893,1668742.375,511.085483461037
"FRK27",-0.488442987203598,6.16720676422119,15.7656192779541,8.18848705291748,16.2540626525879,3.31244850158691,3.05220603942871,3.47595477104187,3.42413568496704,71.1214981079102,72.5131454467773,75.4937591552734,78.8659820556641,0.0937979444861412,0.0778430178761482,0.0456590056419373,0.00974580738693476,1.61197643052555e-29,0,0.752052903175354,0,523502.125,83.7317232673554
"FRK28",1.0847442150116,8.5289888381958,17.9903240203857,9.86752891540527,16.9055805206299,4.36979913711548,3.91978716850281,4.11405944824219,4.22627639770508,75.0912551879883,72.2162094116211,75.9461898803711,80.0796356201172,0.145975083112717,0.0725832581520081,0.0182839464396238,0.0270732641220093,1.40411583710128e-28,0,0.659425556659698,0,1131035.75,234.865392961336
"FRL01",3.26214838027954,9.15142726898193,19.0925674438477,11.8421878814697,15.8304176330566,2.3423798084259,2.33568167686462,2.23903560638428,3.46345925331116,69.5628890991211,68.5585708618164,67.4293060302734,74.4270324707031,0.114628382027149,0.0729286596179008,0.0424954444169998,0.00625146320089698,3.71949019707527e-30,0,0.761265993118286,0,259927.71875,37.1646993418226
"FRL02",-0.0821089819073677,5.96879816055298,15.8401927947998,8.57598686218262,15.9223012924194,2.4260036945343,2.43793177604675,2.59907293319702,3.3522093296051,69.8308563232422,71.5617904663086,70.8662414550781,75.9189987182617,0.113539360463619,0.0684867724776268,0.0522051453590393,0.00441593443974853,2.54921730987473e-32,0,0.754835605621338,0,149092.484375,26.2254925959663
"FRL03",4.94161558151245,10.5285310745239,20.2506351470947,13.3797206878662,15.3090190887451,2.74967312812805,2.61447620391846,2.11253142356873,4.0973744392395,69.8465423583984,72.3256301879883,75.0219650268555,77.1165466308594,0.0483538471162319,0.0503452643752098,0.046986673027277,0.0235505141317844,6.07352051386248e-30,0,0.664384722709656,0.0419226735830307,783673.5625,182.615614954827
"FRL04",8.05389404296875,14.452712059021,24.6023826599121,16.7973194122314,16.5484886169434,1.99522817134857,1.72707045078278,1.17997813224792,3.36776041984558,73.2070922851562,63.8450698852539,58.0249481201172,72.1190185546875,0.201211497187614,0.111512266099453,0.000188289821380749,0.0283155161887407,2.44734143451368e-30,0,0.238375127315521,0.351615846157074,807953.1875,154.006088369258
"FRL05",7.85395431518555,13.3351268768311,23.2153835296631,16.2188682556152,15.3614292144775,2.78560519218445,2.13686609268188,1.54122579097748,3.84599995613098,72.484489440918,67.3859939575195,64.325309753418,73.9890594482422,0.0808957517147064,0.0610121972858906,0.00712677137926221,0.0177930910140276,2.90227918929886e-30,0,0.372248739004135,0.326688051223755,790577.5,131.103123407268
"FRL06",6.43130159378052,13.0862979888916,23.1988964080811,15.3048753738403,16.7675933837891,2.13142657279968,1.93616533279419,1.61877548694611,3.65125465393066,74.1976776123047,64.8176727294922,59.1065330505371,73.0081787109375,0.266160666942596,0.110529065132141,0.00657343305647373,0.0197408962994814,2.58792510457824e-30,0,0.553550541400909,0.0359516963362694,506050.5625,140.638142253469
"FRM01",8.72962760925293,12.7483015060425,22.4516448974609,16.7176322937012,13.722017288208,3.53414559364319,2.60962915420532,0.847269833087921,3.80770826339722,78.9485931396484,72.4452209472656,66.5366134643555,76.9356842041016,0.00946974381804466,0.0143355308100581,0.00888967700302601,0.00395205896347761,0,5.78750519730775e-11,0,0.641000211238861,89349.15625,22.3095480623169
"FRM02",6.79125022888184,10.753999710083,20.6403217315674,14.7414436340332,13.8490715026855,3.27883148193359,2.4918806552887,0.946904122829437,3.64737963676453,78.7059555053711,72.3768615722656,68.2107925415039,77.8090209960938,0.0296468548476696,0.0246177613735199,0.00463482365012169,0.00230660592205822,0,4.64339851291573e-11,0,0.850145697593689,43725.47265625,9.45149354073996
"HR031",2.50404334068298,10.5797472000122,20.4102439880371,12.2098417282104,17.9062004089355,3.8725574016571,3.47649264335632,3.39555382728577,5.77477359771729,81.5949935913086,74.4015197753906,73.4815368652344,81.6635665893555,0.0302116684615612,0.0284511223435402,0.00231192796491086,0.00571932923048735,2.43598965633277e-24,0,0.778370261192322,0,127987.984375,36.2434681562557
"HR032",1.00728404521942,9.6104326248169,19.4032382965088,11.10107421875,18.3959541320801,4.16950082778931,3.61116123199463,2.73273658752441,5.57642030715942,81.4396743774414,72.8923950195312,70.9115905761719,80.4443130493164,0.0933372154831886,0.0368239134550095,0.0182555820792913,0.00494240783154964,2.58962364756422e-20,0,0.812167227268219,0,111377.984375,20.8263594795736
"HR033",2.78900098800659,11.0849666595459,21.0937538146973,12.8141288757324,18.3047523498535,3.36912274360657,2.84756422042847,1.96443521976471,4.46404457092285,77.0243072509766,69.8405838012695,65.636116027832,75.9236679077148,0.115715354681015,0.0468315333127975,0.0503175854682922,0.00332783162593842,1.93008096758829e-31,0,0.652182698249817,0,76441.671875,21.9443301466154
"HR034",3.5623197555542,11.3928318023682,21.6857299804688,13.4264965057373,18.1234092712402,3.39405417442322,2.76391291618347,1.77313673496246,4.20285129547119,74.7951736450195,69.0633239746094,63.9782524108887,73.9354553222656,0.151977255940437,0.0993648692965508,0.0494311638176441,0.0130887562409043,3.87868995958482e-32,0,0.663914024829865,0,149854.75,49.7651290897495
"HR035",4.38706827163696,11.8178777694702,22.3446350097656,14.1355504989624,17.9575653076172,4.05512142181396,2.9674334526062,1.60144686698914,4.74729681015015,75.3387145996094,69.648811340332,64.227424621582,74.4897994995117,0.192719489336014,0.174812242388725,0.0264424011111259,0.00813631806522608,0,0,0.514336287975311,0,206618.03125,46.1564347568381
"HR036",6.23959875106812,13.524055480957,23.6481494903564,15.4665594100952,17.4085502624512,3.13830137252808,2.80242133140564,2.5974600315094,4.76816511154175,75.0343322753906,71.0869598388672,69.3042984008789,76.3966445922852,0.132041066884995,0.0932468995451927,0.00148436438757926,0.0112399095669389,3.41405983574718e-24,0,0.541800320148468,0,135046.75,49.0370838270181
"HR037",5.23619413375854,12.5240201950073,23.3976860046387,15.0858917236328,18.1614933013916,5.67556095123291,3.67868161201477,1.74023854732513,5.8814206123352,74.7404022216797,69.5027694702148,64.2244110107422,73.9743118286133,0.201549485325813,0.314637005329132,0.0205978043377399,0.00621759984642267,2.90592247922005e-25,0,0.313182890415192,0,32312.16015625,18.6734786508796
"HR041",2.9504132270813,13.3319044113159,22.8693161010742,13.3005771636963,19.9189014434814,2.28196334838867,2.56130766868591,3.40227937698364,3.65493655204773,81.6922302246094,68.9447326660156,68.7171020507812,79.2985000610352,0.215301960706711,0.0576004087924957,3.01280542771565e-05,0.0331667810678482,6.85359204992264e-37,0,0.693900763988495,0,142599.5,236.444660753386
"HR042",2.85528111457825,13.225977897644,22.7760429382324,13.2273254394531,19.9207630157471,2.27427101135254,2.56474471092224,3.37340188026428,3.63869118690491,81.6249237060547,68.8474044799805,68.6796340942383,79.2172164916992,0.214111506938934,0.0600955113768578,3.88268344977405e-05,0.0279169790446758,1.39297326225545e-21,0.0495526157319546,0.620406568050385,0.0278455875813961,620074.625,200.907288062335
"HR043",2.54284644126892,12.7078218460083,22.2246685028076,12.7913789749146,19.6818237304688,2.05426788330078,2.63834953308105,3.81105542182922,3.7285053730011,80.1807022094727,68.64501953125,70.4327087402344,80.5759124755859,0.237385556101799,0.0799852609634399,3.9366359487758e-06,0.017101526260376,1.27445550572331e-37,0.114366509020329,0.451229959726334,0.099927194416523,154471.78125,122.015241760391
"HR044",2.93607807159424,13.3272876739502,22.8328456878662,13.2340288162231,19.8967666625977,1.82347524166107,2.32082295417786,3.32093667984009,3.39008092880249,80.2116317749023,67.7892761230469,69.1113891601562,79.9104843139648,0.246369704604149,0.0380369648337364,1.2491857548369e-09,0.0148416869342327,0,0.322086989879608,0.0429100953042507,0.33575451374054,119456.6640625,96.0400654449788
"HR045",2.48440670967102,13.0918998718262,22.6167240142822,12.9593124389648,20.1323146820068,1.75221645832062,2.10817098617554,2.86033344268799,3.00461506843567,80.6721115112305,67.1391754150391,67.3807754516602,78.7937316894531,0.263116240501404,0.027251111343503,0.000148561768583022,0.00953675620257854,0,0.229041323065758,0.00509267346933484,0.46578660607338,107541.21875,60.5751950003727
"HR046",2.74025249481201,13.2402620315552,22.737190246582,13.101357460022,19.9969387054443,1.74081885814667,2.17249488830566,3.1140627861023,3.16916799545288,80.2928924560547,67.454345703125,68.4214248657227,79.4994888305664,0.252730816602707,0.0300409980118275,1.14478218904424e-07,0.013217493891716,0,0.279350429773331,0.0346784740686417,0.389981627464294,61958.22265625,83.8509990206665
"HR047",2.35506415367126,12.9506959915161,22.6077861785889,13.0099220275879,20.2527236938477,2.03814244270325,2.38791608810425,2.84677696228027,3.15153026580811,81.437629699707,67.5283584594727,67.2957000732422,78.0937042236328,0.233083069324493,0.0552890636026859,0.000780246627982706,0.00734031153842807,0,0.429227560758591,0.00169446144718677,0.272410184144974,98495.2578125,38.0181987739983
"HR048",2.17893576622009,12.8330402374268,22.6136302947998,12.9150457382202,20.4346961975098,1.89676463603973,2.20542478561401,2.60993528366089,2.70949840545654,82.1974334716797,67.6860198974609,67.1470260620117,78.2813720703125,0.270650416612625,0.0490529835224152,0.00077605084516108,0.00488602137193084,0,0.333605915307999,0,0.341028600931168,50407.19140625,25.7160117696079
"HR049",2.61723160743713,12.9264450073242,22.8620471954346,13.2917919158936,20.2448177337646,2.00501179695129,2.43352246284485,2.68482804298401,2.89953589439392,81.9143600463867,68.0813064575195,67.9138107299805,77.9823150634766,0.262106031179428,0.0584224052727222,0.00088248954853043,0.0067712003365159,0,0.46638959646225,0.00878941267728806,0.196636334061623,71654.25,39.164329623974
"HR04A",2.71747612953186,13.0560464859009,23.0092334747314,13.4428367614746,20.2917594909668,1.98165702819824,2.42140102386475,2.64532232284546,2.84510135650635,81.8903503417969,67.9300155639648,67.651741027832,77.7209014892578,0.288955330848694,0.0550296753644943,0.000674295239150524,0.00843750685453415,0,0.450942873954773,0,0.195960327982903,92602.2578125,46.0691441007479
"HR04B",2.37945508956909,13.2945032119751,23.1738986968994,13.4316806793213,20.7944431304932,1.66062808036804,2.04392433166504,2.35460591316223,2.35500812530518,82.3763122558594,66.9776382446289,65.9145202636719,76.9298706054688,0.371419280767441,0.0320148579776287,0.00122762913815677,0.012387327849865,0,0.254380613565445,0,0.32857021689415,248988.875,60.7793634829144
"HR04C",2.72101879119873,13.4807300567627,23.5652599334717,13.8599643707275,20.8442401885986,1.75325572490692,2.20008039474487,2.39835667610168,2.35855555534363,82.2617950439453,66.805908203125,65.5846481323242,75.9071197509766,0.450044691562653,0.0405909493565559,0.000379074801458046,0.0111368335783482,0,0.213968321681023,0,0.283805429935455,164346.109375,69.0310039035117
"HR04D",1.90640842914581,11.4688987731934,21.020299911499,12.1278276443481,19.1138916015625,3.37753963470459,3.43111562728882,3.5484893321991,4.87612390518188,83.0216979980469,72.8988723754883,73.3769836425781,82.1746597290039,0.110459722578526,0.0390771739184856,0.00115766027010977,0.00872302893549204,9.80898493840598e-20,0,0.839512288570404,0,184999.953125,50.984142715435
"HR04E",2.94189167022705,13.0576343536377,22.7686138153076,13.3570413589478,19.8267211914062,2.47672581672668,2.82061696052551,3.07814741134644,3.6311399936676,81.7313613891602,69.8420639038086,69.9237976074219,79.4234848022461,0.179443657398224,0.0489694662392139,0.00190493604168296,0.00630661565810442,2.61365389059374e-20,0.0693286880850792,0.664317727088928,0.0296983309090137,225861.078125,50.6761377820299
"HU110",1.1179176568985,12.4497890472412,22.1131210327148,12.1562604904175,20.9952049255371,1.35196077823639,1.47833931446075,2.0676064491272,1.8154708147049,82.2154159545898,65.7861785888672,64.8459777832031,76.6999816894531,0.364988833665848,0.0103778066113591,0.000292661919957027,0.0570495836436749,0,1.7105070355683e-06,0,0.567130446434021,263857.90625,504.460453194501
"HU120",1.14061963558197,12.4651889801025,22.1562347412109,12.189661026001,21.0156173706055,1.32804477214813,1.47839987277985,2.05556750297546,1.81291282176971,82.2211227416992,65.6492767333984,64.5800170898438,76.4014587402344,0.42313626408577,0.0134004866704345,0.000241374422330409,0.0317908972501755,0,2.73287446361792e-06,0.00525027699768543,0.525947570800781,1881683,295.088539089961
"HU211",1.59793496131897,12.7690782546997,22.4792976379395,12.4814395904541,20.8813629150391,1.33032977581024,1.5063658952713,2.06826901435852,1.96588170528412,82.2881851196289,66.9049377441406,65.8757095336914,77.6427993774414,0.502230107784271,0.0113062588497996,5.38814629180706e-06,0.0143192773684859,0,7.44973192468024e-07,0,0.459000587463379,503735.125,115.46278026788
"HU212",1.29961097240448,12.3568115234375,22.0348033905029,12.0474271774292,20.7351932525635,1.46426045894623,1.5236804485321,2.0293436050415,1.97665584087372,81.9315948486328,66.8784561157227,65.6205902099609,77.0237121582031,0.448133200407028,0.0212807022035122,5.49514334124979e-05,0.017181484028697,0,8.94254117156379e-05,0,0.510645925998688,266041.5625,118.552326026695
"HU213",1.9012154340744,12.7011260986328,22.3828430175781,12.4481468200684,20.4816284179688,1.43312704563141,1.70979106426239,2.40970301628113,2.30060195922852,81.6442108154297,67.5666885375977,66.4364242553711,78.4584732055664,0.399167835712433,0.020183926448226,0.000611452269367874,0.00779864611104131,0,5.06399373989552e-07,0,0.545262217521667,264994.46875,60.2166216895607
"HU221",1.92736995220184,12.6812715530396,22.3800868988037,12.4138870239258,20.4527149200439,1.28569722175598,1.63339745998383,2.26596450805664,2.09843945503235,80.0207290649414,66.5726623535156,64.2011566162109,76.6395034790039,0.488658100366592,0.0391838066279888,0.000761827104724944,0.0102197946980596,0,0.00492605566978455,0,0.446075528860092,378292.5625,89.5302721987758
"HU222",1.9089777469635,12.4394207000732,22.0154075622559,12.2424783706665,20.1064319610596,1.2724301815033,1.79678988456726,2.77153277397156,2.37095522880554,79.8500823974609,67.0109176635742,66.3157119750977,78.6079635620117,0.465597689151764,0.0323434248566628,2.43597169173881e-05,0.010207612067461,0,2.86030626739375e-07,0.105549328029156,0.386277347803116,238642.109375,71.3903758150686
"HU223",2.29321599006653,12.9261913299561,22.4933586120605,12.6577453613281,20.2001438140869,1.41174173355103,1.82736730575562,2.78116011619568,2.53945803642273,80.4496307373047,66.8129043579102,67.0226058959961,78.7998199462891,0.322844654321671,0.0279882289469242,0.000574765843339264,0.00772324530407786,0,0.0251677706837654,0.0277684796601534,0.570841014385223,198529.5625,52.6652543609309
"HU231",2.0775363445282,13.0394735336304,22.8163986206055,12.9638776779175,20.738862991333,1.60890936851501,1.93676781654358,2.4211540222168,2.38408756256104,82.2095184326172,66.9056015014648,66.2124862670898,77.8144760131836,0.413175046443939,0.023758864030242,0.000461065035779029,0.0116286976262927,0,0.0972457528114319,0,0.453730553388596,311570.46875,69.6794483677857
"HU232",2.1644971370697,12.9703044891357,22.6315174102783,12.7596035003662,20.4670181274414,1.56072294712067,1.849689245224,2.52919769287109,2.53642988204956,81.5840072631836,66.9370498657227,66.2468566894531,78.3317489624023,0.383134126663208,0.0212324038147926,0.000504915602505207,0.0061085014604032,0,0.0158679820597172,0,0.531696736812592,263215.125,43.3146078187299
"HU233",1.81260275840759,12.927339553833,22.6957530975342,12.7310876846313,20.883150100708,1.38309752941132,1.6498247385025,2.26269173622131,2.12615084648132,82.3086242675781,66.7179336547852,65.9938888549805,77.754753112793,0.531587541103363,0.0113409347832203,7.64401775086299e-05,0.00958986300975084,0,2.15178914686476e-07,0,0.435042798519135,267447.3125,72.5571433080733
"HU311",0.338058054447174,11.7469778060913,21.2856426239014,11.4689521789551,20.9475860595703,1.31529414653778,1.78647923469543,2.44979333877563,1.8214316368103,81.7768020629883,65.5163116455078,65.1679458618164,76.6185073852539,0.366766273975372,0.048052042722702,0.000227622440434061,0.0128620639443398,1.15617467599805e-06,0.00119093747343868,0.43280765414238,0.13588610291481,644531.75,88.6849091246277
"HU312",0.760756254196167,12.0953016281128,21.7685585021973,11.8958206176758,21.0078010559082,1.33676397800446,1.56954407691956,2.21551537513733,1.8286749124527,82.1570816040039,65.3801574707031,65.0694427490234,76.429443359375,0.43215012550354,0.0368234068155289,4.67684112663846e-05,0.00984061788767576,0,3.07783864172961e-07,0.0897593721747398,0.43012860417366,286268.40625,79.3392501806124
"HU313",0.244898423552513,11.486870765686,21.0653781890869,11.3017568588257,20.8204803466797,1.47997617721558,1.66706883907318,2.23370361328125,1.89034223556519,82.5326232910156,67.2452392578125,67.9475021362305,78.4382629394531,0.344821125268936,0.0461494661867619,5.99376726313494e-05,0.0276651792228222,0,4.45453935071782e-07,0.272179692983627,0.309124141931534,557506.4375,221.815825679885
"HU321",1.26590073108673,12.8395013809204,22.5030212402344,12.6132774353027,21.2371196746826,1.3860912322998,1.62245726585388,2.16800355911255,1.69112861156464,82.4199829101562,64.7486801147461,62.8593406677246,74.3347244262695,0.50200617313385,0.0463749393820763,0.00155650591477752,0.011078143492341,0,0.0199686456471682,0,0.418584436178207,647474.375,104.959294542283
"HU322",1.44211041927338,12.8995819091797,22.6221370697021,12.7192602157593,21.1800270080566,1.24115252494812,1.45063555240631,2.05203461647034,1.71645033359528,82.4806289672852,64.6343536376953,62.4021224975586,74.552131652832,0.558324992656708,0.0352699011564255,0.00158895133063197,0.00702723581343889,0,1.1980415592916e-07,0,0.395864129066467,342239.3125,61.663459421037
"HU323",0.821529746055603,12.5068550109863,22.0584564208984,12.1863470077515,21.2369270324707,1.53938555717468,1.75898385047913,2.36373162269592,1.78478944301605,81.906852722168,65.157112121582,64.3373870849609,74.6790161132812,0.437625557184219,0.102758839726448,0.000140328964334913,0.0125529067590833,3.09255192405544e-05,0.0270671267062426,0.110862404108047,0.308949112892151,564616.125,95.1101783587363
"HU331",1.80755150318146,13.1110620498657,22.9410800933838,12.9872369766235,21.1335277557373,1.28375422954559,1.56894516944885,2.10898303985596,1.84925854206085,82.6668853759766,65.661491394043,64.1980819702148,76.5496978759766,0.517302453517914,0.0149198649451137,0.00145253108348697,0.0082189030945301,0,0.0048674438148737,0,0.453234493732452,603369.75,71.6134725449756
"HU332",1.77464389801025,13.0905141830444,22.9328994750977,13.1450490951538,21.1582546234131,1.35100674629211,1.63984417915344,2.09408760070801,1.71632647514343,83.3719711303711,66.0997772216797,64.3812484741211,75.0305099487305,0.60204404592514,0.0463008619844913,0.00338275916874409,0.00705009838566184,0,0.0129082715138793,0,0.328120499849319,314572.59375,55.5909636265483
"HU333",2.02236485481262,13.3514833450317,23.2770652770996,13.4008274078369,21.2547016143799,1.27950441837311,1.59091114997864,2.03470826148987,1.70824229717255,83.1417388916016,65.7064743041992,63.4573097229004,75.3125076293945,0.596981346607208,0.0413518659770489,0.00261070975102484,0.0100587038323283,0,0.00617187609896064,0,0.342825531959534,349857.3125,82.3671073287902
"IEG11582",5.65956974029541,8.89499950408936,15.4916133880615,10.9268560409546,9.83204364776611,3.32138824462891,2.51556301116943,1.99936830997467,3.55359673500061,86.6792526245117,79.8030624389648,79.1467208862305,85.6641159057617,0.369135856628418,0.518252670764923,5.5243671859273e-09,0.0151454471051693,0,0,0.00891539547592402,0.0802420377731323,59414.16015625,65.8857721813651
"IEG11583",5.05367803573608,8.88566207885742,15.2169027328491,10.3743600845337,10.1632251739502,3.63113856315613,2.66516375541687,2.20365858078003,3.54158449172974,86.8067626953125,79.6687698364258,79.6307067871094,85.8541107177734,0.0960625410079956,0.698583900928497,0.0201988313347101,0.00642583891749382,6.67866890263769e-12,0,0.170263364911079,0,90846.0078125,47.7912256670223
"IEG11584",5.89908027648926,9.33228397369385,15.4012498855591,11.0695848464966,9.50216960906982,4.49093055725098,3.04373145103455,2.37638449668884,4.22476100921631,85.7242202758789,80.0725936889648,80.8873519897461,85.3386154174805,0.108526803553104,0.600395619869232,0.000875882047694176,0.014960153028369,2.18459805800819e-10,0,0.18885400891304,0,183454.265625,56.8170843154066
"IEG11585",6.17029333114624,9.13677310943604,15.2562427520752,11.1977252960205,9.0859489440918,5.33157444000244,3.54952192306519,2.47441840171814,4.87349271774292,86.7377471923828,81.5122985839844,81.7703552246094,86.4921951293945,0.1440210044384,0.548329949378967,0.0152936587110162,0.00598055822774768,5.06924190124547e-11,0,0.209093615412712,0,261565.125,35.7915019122671
"IEG11586",4.97660541534424,8.26700496673584,14.040922164917,10.019492149353,9.06431674957275,4.8628249168396,3.27117848396301,2.83596324920654,4.48531770706177,84.900032043457,80.1528549194336,82.3246536254883,84.853141784668,0.0908366143703461,0.332497239112854,0.0364927276968956,0.00401386898010969,6.77472704671556e-12,0,0.287813752889633,0.0360710322856903,142016.4375,29.402972967738
"IEG11587",5.64974594116211,8.91110229492188,15.5590744018555,10.9787340164185,9.90932750701904,3.41211795806885,2.58972454071045,2.02454495429993,3.60726070404053,85.7212142944336,79.80078125,79.1954193115234,84.8063049316406,0.141731753945351,0.255104392766953,4.81606843294458e-09,0.182613417506218,0,0,0.24519070982933,0,620359.625,669.004089012625
"IEG11588",5.66963863372803,9.189697265625,15.1925172805786,10.7658357620239,9.52287864685059,4.27552700042725,2.96469640731812,2.37210416793823,4.1278018951416,86.0978240966797,79.8373870849609,80.6075286865234,85.4925537109375,0.127777203917503,0.536960303783417,0.00564069114625454,0.0105310007929802,1.23080347996796e-11,0,0.24475522339344,0,222492.65625,37.7826151382058
"IEG11589",6.33394002914429,9.15902519226074,14.9116735458374,11.2438449859619,8.57773303985596,6.12252330780029,4.0080304145813,2.83764362335205,5.53380537033081,86.3790969848633,81.4876480102539,82.5712738037109,86.3409042358398,0.103400558233261,0.456699728965759,0.0180369801819324,0.00505436817184091,2.42322162335995e-10,0,0.272087037563324,0,114524.2578125,30.6347701930365
"IEG11590",5.7109866142273,9.3038330078125,15.8471517562866,11.0262756347656,10.1361656188965,3.01357936859131,2.30657124519348,1.93868637084961,3.2084813117981,86.4806365966797,78.8345413208008,78.0535507202148,85.2243347167969,0.239611059427261,0.580948650836945,5.20679366289301e-09,0.0390325337648392,0,0,0.129431292414665,0.009850038215518,214606.359375,127.362020432577
"IEG11591",5.67869663238525,9.07684993743896,15.6199750900269,10.8571825027466,9.94127750396729,3.18323111534119,2.43444967269897,1.94694495201111,3.40843558311462,86.2342300415039,79.9581527709961,79.4996871948242,85.4284439086914,0.167557492852211,0.625476181507111,4.14867118436746e-09,0.00988241750746965,1.42578379658254e-11,0,0.0970342680811882,0.00240977783687413,112332.4921875,54.2136348816843
"IEG11592",5.53203868865967,9.11768531799316,15.6272983551025,10.7334794998169,10.0952606201172,3.02614140510559,2.33582711219788,1.92825984954834,3.1984429359436,86.6750411987305,79.3505706787109,78.7610626220703,85.595832824707,0.169475018978119,0.666768848896027,5.61553115119295e-09,0.0101388711482286,1.06822372128446e-11,0,0.149477511644363,0.00342054874636233,96732.8828125,56.7101633765348
"IEG11593",4.83996152877808,8.59553337097168,14.6959562301636,10.1203460693359,9.85599422454834,4.1358494758606,2.99322962760925,2.39698052406311,3.95746088027954,87.2368392944336,80.2398986816406,81.0373001098633,86.384521484375,0.164313659071922,0.510736048221588,0.0412116758525372,0.00304887862876058,6.46980038987444e-11,0,0.248701557517052,0,54241.234375,33.8864597440699
"IEG11594",5.89749431610107,9.24585819244385,15.4517993927002,11.0536518096924,9.55430507659912,4.34795331954956,3.02201342582703,2.25965166091919,4.12676572799683,86.9063339233398,80.8617324829102,81.0275344848633,86.3415832519531,0.120563849806786,0.667110204696655,0.00218658032827079,0.0101078012958169,8.99200019999213e-11,0,0.182446494698524,0,141721.234375,52.7012150849981
"IEG11595",5.38784551620483,9.15277194976807,15.5399284362793,10.6482925415039,10.1520824432373,3.32237696647644,2.50263810157776,2.05766272544861,3.380286693573,86.9040756225586,79.4933471679688,79.3178100585938,85.8666458129883,0.098710834980011,0.724810659885406,1.67229996517193e-09,0.00363173498772085,1.15443050952013e-10,0,0.160942748188972,0,39998.80078125,37.1590018423145
"IEG11596",5.17917823791504,8.89237022399902,15.4054231643677,10.5435876846313,10.2262439727783,2.97881388664246,2.28875946998596,1.98343348503113,3.14721894264221,85.4953765869141,79.0898895263672,78.8734817504883,84.7264556884766,0.148851484060287,0.685823261737823,4.6356349869825e-09,0.0184531323611736,0,0,0.132480695843697,0,53660.98046875,64.3651597863464
"IEG11597",5.66292476654053,8.85168361663818,14.4041805267334,10.5857925415039,8.74125480651855,5.13008737564087,3.39162683486938,2.5484733581543,4.73097705841064,84.9090423583984,80.3282089233398,82.4554595947266,84.8520584106445,0.149527311325073,0.325206726789474,0.0161745268851519,0.00511954957619309,1.22261827398273e-11,0,0.300606966018677,0,112970.4375,20.8817532310081
"IEG11598",5.52657222747803,9.24958038330078,15.7779083251953,10.8644104003906,10.2513360977173,2.99137663841248,2.26445198059082,1.97807395458221,3.14380049705505,86.0717849731445,78.7058792114258,78.085205078125,84.8808288574219,0.213327258825302,0.637644827365875,8.53229398245503e-09,0.0270182453095913,0,0,0.113676458597183,0,255943.6875,110.195080142905
"IEG11599",4.92724704742432,8.78827095031738,15.1552457809448,10.2727746963501,10.2279996871948,3.16448211669922,2.38382029533386,1.96977913379669,3.15189957618713,86.4269027709961,79.6244430541992,79.5721206665039,85.6392974853516,0.0682115107774734,0.778440952301025,8.00798982680817e-09,0.00728606851771474,9.3562886182337e-27,0,0.146061509847641,0,79339.4375,62.2370685232214
"IEG11600",6.48115301132202,9.06119155883789,14.7116899490356,11.292893409729,8.23053646087646,7.39616250991821,4.87752819061279,3.39891338348389,6.70743465423584,86.3065719604492,81.8083190917969,83.2807540893555,86.5796661376953,0.101843290030956,0.156653076410294,0.0676245912909508,0.000471721083158627,2.2610980796034e-11,0,0.424990028142929,0,0.899384558200836,9.90468698464661
"IEG11601",5.62588739395142,9.27634620666504,15.6791133880615,10.784797668457,10.0532264709473,2.99712181091309,2.27409553527832,1.97627055644989,3.1420247554779,86.3682479858398,78.7805633544922,78.2957077026367,85.2323455810547,0.142189905047417,0.63401448726654,4.02244060282442e-09,0.011678053997457,4.48620394305488e-12,0,0.208300098776817,0,109948.984375,55.0832774361968
"IEG11602",5.39047288894653,9.05590629577637,15.2139329910278,10.5573415756226,9.82346057891846,3.68465924263,2.70880270004272,2.15910768508911,3.60705614089966,86.8911514282227,79.931037902832,80.3052978515625,86.0460662841797,0.121715866029263,0.669634997844696,0.00255097472108901,0.0052086659707129,5.51626105904646e-11,0,0.195343390107155,0,75052.84375,29.6489379923613
"IEG11603",5.1662425994873,8.71624374389648,14.5125789642334,10.2864971160889,9.34633636474609,4.26213884353638,2.98224663734436,2.33551454544067,4.0260705947876,86.1507110595703,80.2239761352539,81.7734680175781,85.5393753051758,0.112913124263287,0.364412695169449,0.0312004461884499,0.00223689526319504,2.52004632439462e-11,0,0.241563633084297,0,45280.22265625,24.3642628457431
"IEG11604",5.59179878234863,8.9961519241333,15.4506797790527,10.735860824585,9.8588809967041,3.68219375610352,2.71281909942627,2.13007378578186,3.70527696609497,87.1384429931641,80.5073165893555,80.174919128418,86.2535171508789,0.127485617995262,0.678424656391144,0.001941301045008,0.0051295212469995,1.84964057958759e-11,0,0.168473124504089,0,161187.890625,37.6484519326686
"IEG11605",5.79463911056519,9.03363513946533,15.5206298828125,10.9183435440063,9.72599029541016,3.68936729431152,2.69288015365601,2.12279868125916,3.82580709457397,85.9269180297852,80.5057525634766,80.1820678710938,85.3249206542969,0.16211499273777,0.571994483470917,0.000886760943103582,0.00920204631984234,1.08361652984001e-11,0,0.142248585820198,0,84518.7265625,46.1671134594623
"IEG11606",5.4966197013855,9.26603984832764,15.6553335189819,10.7413578033447,10.1587152481079,3.10532879829407,2.34616541862488,2.03782343864441,3.2175076007843,86.4344787597656,78.9941253662109,78.5881652832031,85.3587112426758,0.104873739182949,0.703661859035492,8.24346813033117e-09,0.00999332033097744,1.67939100126357e-11,0,0.176504999399185,0,97308.0390625,53.8075110266023
"IEG11607",6.29714870452881,9.21978855133057,15.7168912887573,11.4784708023071,9.41974258422852,3.52231049537659,2.54645299911499,2.07799172401428,3.76570010185242,84.6428680419922,80.1451263427734,80.1585540771484,84.1721801757812,0.259523898363113,0.382533818483353,0.000846387119963765,0.00820770300924778,4.74539536084086e-14,0,0.0598772801458836,0.0168573316186666,94627.3359375,40.4664383084357
"IEG11608",5.85218667984009,9.00992393493652,15.6056108474731,11.1492710113525,9.75342273712158,3.43194794654846,2.6118311882019,2.08785820007324,3.72510647773743,85.9908142089844,79.9026412963867,79.3121490478516,85.0908279418945,0.211936295032501,0.392008602619171,0.00104799156542867,0.076067253947258,0,0,0.147453039884567,0.0158253721892834,719231.75,355.810640535686
"ITC11",1.84648811817169,9.35396480560303,19.1339168548584,10.9855995178223,17.2874298095703,1.5679759979248,2.75749850273132,2.90047001838684,2.60950231552124,67.9497146606445,70.149169921875,72.4716186523438,76.6519927978516,0.199049308896065,0.106869757175446,0.050473041832447,0.0504157245159149,2.47729696518732e-28,0,0.583545029163361,0,1986305.5,290.087865327055
"ITC12",3.23942232131958,12.024510383606,21.7858428955078,12.9110116958618,18.5464210510254,1.78666496276855,3.15596532821655,3.45999264717102,3.42107582092285,73.7495727539062,71.5956573486328,74.1370239257812,79.0466384887695,0.305348932743073,0.0895116105675697,0.012255297973752,0.019690103828907,0,0,0.561930418014526,0,217757.59375,106.625153002822
"ITC13",2.06704211235046,10.3050479888916,19.9498119354248,11.4026985168457,17.8827705383301,1.85420155525208,3.43658518791199,3.78407907485962,3.63532614707947,70.4865341186523,71.7687835693359,75.6173782348633,78.5614776611328,0.158184185624123,0.0983309596776962,0.0236557442694902,0.0236949902027845,0,0,0.675147593021393,0,101057.234375,112.282538259676
"ITC14",-0.847411096096039,6.12580156326294,15.4539890289307,7.91320085525513,16.301399230957,3.34312772750854,5.68259525299072,5.07097578048706,5.73603868484497,71.3937149047852,73.2155532836914,77.4001922607422,80.2474136352539,0.0454465411603451,0.0874573141336441,0.102392613887787,0.0181582793593407,1.72160767900834e-14,0,0.71479743719101,0,241705.796875,107.76213683418
"ITC15",3.7788815498352,12.7248477935791,22.5463523864746,13.5134630203247,18.7674713134766,2.02757573127747,3.47471785545349,3.87906837463379,4.08503246307373,75.875129699707,70.6678009033203,72.663932800293,79.4642791748047,0.26508766412735,0.0577215179800987,0.00356447626836598,0.041594423353672,7.94203705621957e-14,0,0.607437193393707,0,467990.875,344.230809226009
"ITC16",3.74190354347229,10.7911472320557,20.558479309082,12.8420267105103,16.8165760040283,1.75855135917664,2.62057328224182,2.5247905254364,3.08256649971008,71.5341033935547,71.4188995361328,74.3277740478516,77.8668441772461,0.221587359905243,0.10065545886755,0.062224455177784,0.014963747933507,0,0,0.432196825742722,0.155320510268211,615388.375,89.9805981741373
"ITC17",4.86450624465942,13.9158754348755,23.8010482788086,14.9033498764038,18.9365406036377,1.42987191677094,2.20115613937378,2.04920625686646,2.73595881462097,77.7289886474609,70.4176864624023,70.4752883911133,78.6565475463867,0.368729203939438,0.120705746114254,1.10461828572994e-09,0.0320973098278046,0,0,0.478267878293991,0,222215.46875,145.358834296134
"ITC18",4.74437475204468,13.1923036575317,22.9359645843506,14.5070514678955,18.1915912628174,2.08066987991333,2.24645233154297,1.98091149330139,3.68984222412109,78.1294860839844,70.5059585571289,69.6289901733398,78.857177734375,0.349676072597504,0.0837831273674965,0.000370013964129612,0.0222984291613102,0,0,0.542849481105804,0,444728.9375,125.478482822725
"ITC20",-2.75025177001953,3.29573655128479,12.7081489562988,5.66770124435425,15.4584016799927,2.6925961971283,2.97416663169861,3.36123991012573,2.88420629501343,66.3969650268555,72.8179168701172,76.2115707397461,77.7931289672852,0.0506273210048676,0.155214220285416,0.0773461312055588,0.00948671996593475,1.0848080056789e-26,0,0.630311906337738,0,103153.1640625,31.8400162938653
"ITC31",4.1136302947998,10.555417060852,20.1872615814209,12.9454774856567,16.0736331939697,1.95655941963196,2.62966132164001,2.53560423851013,3.47825026512146,72.5820617675781,72.9068145751953,77.3938674926758,79.1587982177734,0.148796319961548,0.115422807633877,0.0564651936292648,0.0131273148581386,0,0,0.0307296253740788,0.625473320484161,24074.724609375,20.7803667060134
"ITC32",6.20285797119141,13.1505517959595,22.7111797332764,15.2896556854248,16.5083198547363,2.17659711837769,2.39819264411926,1.48742842674255,3.39817881584167,74.1319808959961,74.1582260131836,78.852180480957,79.7275924682617,0.0255776382982731,0.0586590953171253,3.29575123032555e-05,0.0197124350816011,0,0,0.677763521671295,0.000365067244274542,134876.796875,87.0291074496685
"ITC33",3.85925364494324,11.5728588104248,21.1998844146729,13.3451919555664,17.3406314849854,2.57170414924622,2.30140256881714,1.79222130775452,4.4899115562439,78.1094970703125,70.3606872558594,69.9248428344727,79.1472930908203,0.218598812818527,0.0758238732814789,0.00204241322353482,0.0144383795559406,0,0,0.677357137203217,0,60132.2265625,32.3715723333632
"ITC34",6.22292041778564,12.6691360473633,22.2605628967285,15.128137588501,16.0376415252686,4.30748510360718,3.03289484977722,1.76046085357666,6.07244682312012,77.6117706298828,73.6848983764648,75.6508560180664,80.5441589355469,0.0218932684510946,0.0349560007452965,0.00122921203728765,0.0191708654165268,0,0,0.66148853302002,0.0293785464018583,93072.8359375,107.453473417399
"ITC41",3.44968414306641,12.2475147247314,21.9953231811523,12.9851455688477,18.5456390380859,2.35951685905457,4.24808597564697,4.8849048614502,5.02651882171631,76.6707000732422,69.9462051391602,72.7757034301758,80.0699234008789,0.125304639339447,0.0441195257008076,0.00781769119203091,0.0718318372964859,2.15532967992246e-13,0,0.68518328666687,0,757582.4375,640.206459997115
"ITC42",1.68422722816467,9.78721141815186,19.2473049163818,10.9734325408936,17.5630760192871,2.47607159614563,4.10998964309692,5.22561025619507,5.18743133544922,74.8522491455078,70.4981689453125,73.7224884033203,80.0443344116211,0.0649892166256905,0.0638704746961594,0.0396134369075298,0.15588553249836,1.95169774167957e-14,0,0.6307293176651,0,1037243.8125,812.620416612366
"ITC43",2.20125651359558,10.5511808395386,20.0636024475098,11.5989694595337,17.8623447418213,2.40340781211853,3.96584820747375,5.07082080841064,5.06492567062378,75.0853271484375,70.4402770996094,73.4354934692383,79.966911315918,0.0689114853739738,0.0559317916631699,0.0305001866072416,0.192702099680901,1.94633343881107e-27,0,0.608847081661224,0,777325.0625,972.49097671666
"ITC44",-4.41773986816406,1.36320471763611,10.4698429107666,4.07274198532104,14.8875818252563,2.60336804389954,3.86849641799927,4.88052082061768,4.61223793029785,69.8082962036133,71.5655746459961,76.9986267089844,79.3163757324219,0.0162713713943958,0.126842603087425,0.133526206016541,0.00747407134622335,7.79133757221571e-26,0,0.687297821044922,0,128355.828125,40.0853820846703
"ITC46",1.35280823707581,9.98773860931396,19.6687316894531,11.0895586013794,18.3159236907959,2.23597145080566,3.55899596214294,4.42216968536377,4.34460687637329,74.0072479248047,72.8610305786133,76.1867141723633,80.85693359375,0.150766879320145,0.0863738879561424,0.0193097330629826,0.0729884430766106,1.51519071700766e-26,0,0.66360878944397,0,1283810.625,464.911517912753
"ITC47",0.477497279644012,9.17038345336914,18.9806461334229,10.4543304443359,18.5031490325928,2.24713516235352,3.11460971832275,3.8016893863678,3.91400337219238,74.9213180541992,70.9063034057617,72.9416427612305,79.3192520141602,0.192820847034454,0.0793429017066956,0.0273221377283335,0.0380599834024906,3.56554895417751e-34,0,0.634513437747955,0,1089252.375,229.390802850975
"ITC48",4.26759576797485,13.321213722229,23.2752895355225,14.3642997741699,19.0076923370361,2.04718828201294,2.44603657722473,2.56272220611572,3.67679715156555,79.3991088867188,69.9191284179688,68.5239868164062,79.1637496948242,0.420321315526962,0.0587723702192307,0.000732050801161677,0.0539846979081631,0,0,0.46345716714859,0,1357206,453.558775922044
"ITC49",4.42153215408325,14.3243446350098,24.4447250366211,15.0299158096313,20.023193359375,1.99508726596832,2.33979439735413,2.70509672164917,3.36647319793701,80.4089813232422,70.3161163330078,68.2713394165039,79.4664306640625,0.494046717882156,0.0812349170446396,1.32264366126122e-09,0.0648037567734718,0,0,0.35575008392334,0,377604.78125,479.288324957371
"ITC4A",4.15869045257568,14.4933128356934,24.7673759460449,15.1193981170654,20.6086845397949,2.07294917106628,2.30586814880371,2.58914995193481,3.33909177780151,80.2951965332031,69.7450637817383,67.3789672851562,78.9101409912109,0.525742948055267,0.0762562528252602,7.15443411536398e-06,0.0319288671016693,3.18214356373507e-35,2.90264526000329e-17,0.346122801303864,0.016509648412466,424254.875,239.462983115916
"ITC4B",3.85963916778564,14.5493583679199,24.9491882324219,15.0728797912598,21.0895481109619,1.84644424915314,2.05995297431946,2.34385514259338,2.94871258735657,79.8391952514648,68.5382385253906,64.9866104125977,77.306037902832,0.473887383937836,0.065544955432415,0.0016620543319732,0.0464718006551266,7.39376322307221e-33,6.71065905647221e-18,0.319819450378418,0.0689084976911545,693543.25,299.780746136965
"ITC4C",4.28352785110474,13.6227321624756,23.5614604949951,14.3584070205688,19.2779331207275,2.01382541656494,2.95280361175537,3.48639392852783,3.93232870101929,78.4824295043945,69.8391418457031,69.515983581543,79.3292541503906,0.334891319274902,0.0476700849831104,0.000832803722005337,0.123874358832836,3.46906849763278e-14,0,0.469297885894775,0,1303543.75,841.554013366413
"ITC4D",3.82149958610535,12.8719339370728,22.5527877807617,13.5022678375244,18.7312889099121,2.21776032447815,3.68158531188965,4.70330095291138,4.79734706878662,76.1481704711914,69.9868545532227,72.3311309814453,79.7428665161133,0.0861364975571632,0.0326288379728794,0.00281741470098495,0.262558490037918,4.93038065763132e-32,0,0.570102453231812,0,514471.0625,1311.64669196242
"ITF11",4.94045162200928,10.8050327301025,21.9901390075684,14.4873561859131,17.0496883392334,2.76686954498291,2.16156053543091,1.60922241210938,3.45728874206543,81.7550277709961,76.5277404785156,69.7769241333008,78.6430969238281,0.172872021794319,0.104584872722626,0.0034821426961571,0.0143283037468791,0,5.66503554881733e-15,0.407793939113617,0.293868780136108,324585,63.8227686783035
"ITF12",5.11067914962769,11.3842821121216,22.4759178161621,14.7578783035278,17.3652400970459,2.37570452690125,1.87278997898102,1.78673338890076,3.0307126045227,80.9449005126953,76.0213012695312,72.0594711303711,78.7585830688477,0.354638129472733,0.0617404915392399,0.00109546177554876,0.0267459899187088,0,1.54918712927896e-16,0.000480582762975246,0.487947970628738,261614.03125,135.591893059105
"ITF13",5.17870569229126,11.2343273162842,22.3124332427979,14.7886180877686,17.1337261199951,2.47016406059265,1.88667070865631,1.54244995117188,3.02411031723022,80.8740463256836,74.2699890136719,68.6111907958984,77.8463973999023,0.275545030832291,0.0885391309857368,0.00343971815891564,0.0224528405815363,0,0,0,0.551698744297028,140910.234375,116.473306805268
"ITF14",6.62160778045654,12.7534942626953,23.7439079284668,16.1920413970947,17.1222991943359,2.37322759628296,1.85837626457214,1.35785329341888,2.98317050933838,78.8675537109375,71.7255554199219,66.7288208007812,76.5250854492188,0.335084170103073,0.122351072728634,1.22479271169595e-09,0.0285801347345114,0,2.5202718384465e-11,0,0.426660567522049,317582.90625,121.455293128031
"ITF21",5.21303510665894,11.2294025421143,22.7190418243408,14.8640022277832,17.5060081481934,2.85631513595581,2.24578428268433,1.428258061409,3.38912391662598,80.4783020019531,74.4492950439453,69.6570816040039,78.2334136962891,0.182001024484634,0.169873043894768,3.00577540635061e-09,0.0091895954683423,0,1.41662994269237e-12,0.00702143181115389,0.630501568317413,83306.1796875,55.3437923483035
"ITF22",7.40465116500854,13.3536939620972,24.628568649292,17.0050678253174,17.2239189147949,2.33723831176758,1.75849115848541,1.07442736625671,2.66179871559143,79.1306076049805,71.0771026611328,63.5385322570801,74.7903289794922,0.475357055664062,0.16755872964859,1.53365108417347e-05,0.0131082963198423,0,1.58159596530538e-10,0,0.321588397026062,210423.6875,71.2829994402368
"ITF31",8.483567237854,14.1456031799316,25.0935764312744,17.8157958984375,16.6100082397461,3.45560359954834,2.43406462669373,1.13487982749939,3.82344388961792,79.4895172119141,75.4158935546875,71.4063491821289,77.6812438964844,0.336313188076019,0.126345455646515,6.68578803431075e-10,0.026336221024394,0,5.96277194286898e-11,0,0.42912819981575,574799.375,214.622610647385
"ITF32",7.74479675292969,13.5654048919678,24.7144088745117,17.2683525085449,16.969612121582,3.05703806877136,2.30536317825317,1.18998038768768,3.02048301696777,81.1746673583984,73.2398910522461,65.0143661499023,76.5157928466797,0.469803631305695,0.137400195002556,1.941437455244e-09,0.0193884987384081,0,0,0,0.373383432626724,247749.375,119.907297156616
"ITF33",8.10165309906006,13.3309125900269,24.2366676330566,17.2227249145508,16.1350154876709,3.30126762390137,2.38006210327148,0.921839833259583,3.58004474639893,77.1037445068359,73.4462966918945,68.7537384033203,74.9929733276367,0.125246226787567,0.0530957505106926,5.25813038942946e-11,0.135262697935104,0,0,0,0.469483703374863,127314.2109375,106.700873253553
"ITF34",7.15907335281372,12.7556056976318,23.9017219543457,16.5489883422852,16.7426471710205,2.71086001396179,2.0230758190155,1.03094458580017,2.85774707794189,79.3020706176758,72.1273803710938,63.8417510986328,74.8313598632812,0.380083382129669,0.124519944190979,1.02088881792639e-09,0.042564794421196,0,0,0,0.395558297634125,494979.125,179.43196404548
"ITF35",7.3946647644043,12.6039371490479,23.6381320953369,16.6091709136963,16.2434692382812,3.08586192131042,2.12753415107727,0.920661330223083,3.23043322563171,79.4138641357422,73.754768371582,67.570915222168,76.1296997070312,0.195355787873268,0.121042430400848,0.000952938804402947,0.0296549741178751,0,1.77182796212705e-10,0,0.534973919391632,674485.8125,136.46220818319
"ITF43",9.15969657897949,14.5082845687866,25.4716529846191,18.2870216369629,16.3119583129883,2.17009425163269,1.5873988866806,0.726962625980377,2.43533945083618,77.7074127197266,69.8458938598633,59.9461097717285,74.5678634643555,0.366531908512115,0.26059290766716,2.28888397124649e-09,0.0263584014028311,0,2.75057961873955e-16,0,0.276292651891708,240550.703125,98.145466046878
"ITF44",9.39166831970215,14.6439237594604,25.5699462890625,18.4605541229248,16.1782779693604,2.24323153495789,1.60718238353729,0.670477867126465,2.51548957824707,77.7289276123047,70.5841369628906,61.2819595336914,75.1782073974609,0.328229039907455,0.245408162474632,1.76603862200864e-05,0.0319912172853947,0,0,0,0.283566534519196,57917.75390625,31.789324082016
"ITF45",10.8617753982544,15.7422800064087,26.532995223999,19.7629241943359,15.671217918396,2.5168559551239,1.50384068489075,0.539261400699615,3.08674645423889,75.8603210449219,70.5749893188477,63.2526931762695,74.2241516113281,0.226024478673935,0.148578360676765,0.000673102389555424,0.0439135506749153,0,0,0,0.367260456085205,430670.5625,156.445143127332
"ITF46",8.47913455963135,14.3139753341675,25.6664772033691,18.0191898345947,17.1873435974121,1.68820405006409,1.34498405456543,0.911459982395172,2.00570774078369,77.1301651000977,66.9806976318359,56.644603729248,71.2192993164062,0.426968365907669,0.128862708806992,3.41528757417109e-05,0.0135899102315307,0,2.12084213038755e-12,0,0.31770321726799,445335.9375,63.6409610218883
"ITF47",8.83440494537354,14.2890930175781,25.316858291626,18.0537662506104,16.4824542999268,2.05762791633606,1.5419899225235,0.791349709033966,2.27911782264709,77.6833801269531,69.0212860107422,58.5834770202637,73.5607528686523,0.403227299451828,0.250949203968048,2.24364260503762e-09,0.0205666106194258,0,9.21520495240251e-16,0,0.263891607522964,362347.90625,95.7017388420698
"ITF48",9.37785530090332,14.8882713317871,25.9126281738281,18.6173076629639,16.5347728729248,2.00548505783081,1.40497994422913,0.798210740089417,2.02159285545349,76.3312530517578,67.8141784667969,59.1662673950195,71.8694076538086,0.295082569122314,0.215575471520424,3.84583520585124e-09,0.026456905528903,0,3.03617636454324e-16,0,0.204941958189011,246400.71875,157.71496579118
"ITF51",6.42617130279541,12.0254611968994,23.2405548095703,15.9122285842896,16.8143825531006,2.26837968826294,1.70394253730774,0.972989439964294,2.39190578460693,80.102897644043,71.1878051757812,61.2583274841309,74.3894882202148,0.343460351228714,0.158835783600807,0.00124868762213737,0.0146588394418359,0,1.69078279155244e-10,0,0.468984961509705,368201.125,56.2884207078021
"ITF52",7.82724857330322,13.3313465118408,24.5015487670898,17.1930255889893,16.6742992401123,2.13140487670898,1.58754467964172,0.917777061462402,2.23863863945007,78.4785461425781,69.2776947021484,58.1857681274414,73.0506210327148,0.401744246482849,0.209994867444038,2.42512165904429e-09,0.0152060454711318,0,3.23744225871891e-10,0,0.371176183223724,121753.2578125,35.1511817869259
"ITF61",8.84274196624756,13.5880508422852,24.9022331237793,17.932487487793,16.0594921112061,3.27240014076233,1.91906714439392,0.691660344600677,3.19930124282837,79.035026550293,73.0701065063477,66.3899688720703,75.7158737182617,0.198604673147202,0.0929578989744186,0.000110274908365682,0.0173745341598988,0,2.50708842575165e-10,0,0.650880634784698,399679.25,59.5905134516829
"ITF62",8.50970077514648,13.2574796676636,24.8623962402344,17.7490539550781,16.3526935577393,3.55225563049316,1.94102931022644,0.572069704532623,3.42922568321228,78.4082717895508,70.6524887084961,62.2901382446289,75.3936538696289,0.172189757227898,0.102137982845306,0.000552641344256699,0.00826082471758127,0,0,0,0.712954521179199,37617.96484375,21.1150000666294
"ITF63",9.93221282958984,14.3289728164673,25.4217834472656,18.8834629058838,15.4895706176758,3.66702365875244,1.99323868751526,0.628169357776642,3.36497163772583,78.9526290893555,74.9145660400391,69.6066513061523,77.3088302612305,0.163572236895561,0.106613971292973,0.000130268788780086,0.0182155389338732,0,1.21679014086773e-10,0,0.569451630115509,134684.28125,56.0136905206437
"ITF64",11.126277923584,15.2871341705322,26.11496925354,19.9066371917725,14.9886913299561,3.67963624000549,1.96696770191193,0.602558553218842,3.33289837837219,79.0523223876953,76.9714431762695,72.6852798461914,78.5171051025391,0.165278509259224,0.116564072668552,1.03161007514174e-10,0.0180457439273596,0,0,0,0.478204488754272,79459.2734375,69.1858818315206
"ITF65",11.7171659469604,15.6532878875732,26.5290660858154,20.3527679443359,14.8118982315063,2.66404962539673,1.50253701210022,0.411590248346329,2.90718245506287,78.7743911743164,75.1132507324219,69.1317825317383,77.9699630737305,0.089113250374794,0.0532372631132603,1.01414243669495e-09,0.0290332138538361,0,0,0,0.43133357167244,359382.09375,114.207557801838
"ITG11",12.9398365020752,16.4228572845459,26.2370014190674,21.2752113342285,13.2971630096436,2.77891612052917,1.51244115829468,0.189256459474564,2.72164607048035,76.9623641967773,70.6816329956055,62.9472541809082,74.7867889404297,0.259362399578094,0,0.315569370985031,0.0122598987072706,0,4.20386221018925e-15,0,0.236596465110779,153079.796875,61.3848698063397
"ITG12",10.9969253540039,14.6890754699707,25.5888671875,19.5924129486084,14.5919437408447,2.85137271881104,1.76052939891815,0.369634032249451,2.65616011619568,80.7181854248047,71.760612487793,59.5700454711914,75.6787033081055,0.48224464058876,0,0.251786440610886,0.00541002349928021,0,3.59510005451405e-15,0,0.251817405223846,223865.8125,44.2499198241466
"ITG13",9.880446434021,13.7919425964355,25.0670318603516,18.6486892700195,15.1865854263306,2.36344337463379,1.3689455986023,0.416906982660294,2.20757389068604,80.5557174682617,71.8472900390625,61.1058349609375,76.0610961914062,0.297387033700943,0.136093616485596,0.10151556879282,0.0153073603287339,0,1.49130981797933e-15,0,0.413798063993454,85373.84375,25.6893180070617
"ITG14",12.0821256637573,15.6957378387451,26.3511657714844,20.6380195617676,14.2690410614014,2.71971940994263,1.58605337142944,0.302235126495361,2.56653952598572,79.4062194824219,70.6115646362305,59.6681365966797,75.2884368896484,0.40171355009079,0,0.208148151636124,0.0161182805895805,0,1.65065407953328e-15,0,0.186809107661247,238160.921875,77.2582422660572
"ITG15",11.8391056060791,15.5872793197632,26.465425491333,20.5355911254883,14.6263198852539,2.32925891876221,1.29993188381195,0.326246798038483,2.17880487442017,79.7829513549805,70.5282363891602,59.2355003356934,75.7859497070312,0.432275205850601,0,0.209635198116302,0.0165893249213696,0,1.77406423884939e-15,0,0.223864197731018,181981,84.6301411426935
"ITG16",10.5336866378784,14.3974657058716,25.5661010742188,19.3007011413574,15.0324144363403,2.28827404975891,1.299565076828,0.386204421520233,2.10590100288391,80.4014663696289,71.1495895385742,59.7399520874023,75.9523773193359,0.373204737901688,0.0729256868362427,0.169418767094612,0.0132115008309484,0,1.76027104845718e-15,0,0.341629862785339,185483.859375,71.4114942624544
"ITG17",10.9981384277344,14.9478387832642,26.004997253418,19.8493175506592,15.0068597793579,2.26829552650452,1.08774745464325,0.320346027612686,2.14871406555176,79.4926147460938,70.5927505493164,59.0976409912109,75.8497848510742,0.396950840950012,0.0939583033323288,0.144235596060753,0.00952540151774883,0,1.03813956790175e-15,0,0.345845818519592,204845.59375,58.1462708650688
"ITG18",12.7361183166504,16.3036308288574,26.7533130645752,21.37522315979,14.0171957015991,2.2741596698761,0.921634674072266,0.186597406864166,2.33353710174561,78.7753524780273,71.8918380737305,60.9399871826172,77.3942642211914,0.343232959508896,0,0.119857579469681,0.0182449575513601,0,6.00340689415794e-16,0,0.163507476449013,134616.390625,85.0252105828291
"ITG19",12.1700277328491,15.9922542572021,26.7095851898193,20.9727573394775,14.5395584106445,2.28119325637817,0.959208250045776,0.241377338767052,2.22804570198059,78.7688903808594,70.5497360229492,58.6181526184082,76.3013000488281,0.439337015151978,0,0.190836071968079,0.00891470443457365,0,1.46963763299088e-15,0,0.229387268424034,70912.1328125,32.566731987689
"ITG25",10.492094039917,14.4392919540405,24.737268447876,18.6830883026123,14.2451753616333,2.70793128013611,1.84360957145691,0.50289922952652,2.78096222877502,79.6628189086914,74.6556854248047,65.7449951171875,75.788818359375,0.269204288721085,0.180442601442337,0.0154158165678382,0.00961769931018353,0,1.74748437942185e-10,0,0.316354691982269,233613.53125,54.2536566808449
"ITG26",8.98699760437012,12.8396444320679,23.7443923950195,17.2649784088135,14.7573947906494,3.04353332519531,2.12522983551025,0.616442024707794,2.73695302009583,81.4390640258789,73.4603652954102,60.1770133972168,75.6779251098633,0.242880895733833,0.174946337938309,0.0214785244315863,0.00664882827550173,0,2.01667793575666e-10,0,0.553142070770264,89262.265625,22.6076559051692
"ITG27",10.8256483078003,14.8306474685669,25.3676071166992,19.3475360870361,14.5419588088989,2.40105557441711,1.8416291475296,0.424042910337448,2.31426644325256,79.1159896850586,71.0218048095703,59.4376258850098,74.828369140625,0.161625489592552,0.0735943168401718,0.0436918921768665,0.0192269347608089,0,2.56662894418874e-16,0,0.542689204216003,368795.78125,80.3520539408648
"ITG28",10.6215744018555,14.6077661514282,25.0297222137451,18.9521579742432,14.4081497192383,2.85584139823914,1.92041051387787,0.483714550733566,2.75574159622192,80.1598587036133,73.2863616943359,62.3073577880859,75.0844650268555,0.363166809082031,0.212361991405487,0.0127926608547568,0.00867486651986837,0,2.89759688465452e-10,0,0.382900446653366,114862.9765625,37.4617593934536
"ITG29",8.84798431396484,12.6548805236816,23.4344959259033,16.9891338348389,14.5865097045898,2.92176556587219,2.12266755104065,0.654225170612335,2.89001083374023,80.2339019775391,73.5172424316406,63.0621795654297,76.0881958007812,0.173941031098366,0.149192988872528,0.030459875240922,0.00649620918557048,0,7.36002915616141e-16,0,0.624680459499359,78129.2265625,23.1278810226421
"ITG2A",9.7346019744873,13.6106328964233,24.4055423736572,18.0923404693604,14.6709394454956,3.11311078071594,2.2943229675293,0.651096105575562,2.72903919219971,80.9794311523438,72.2482604980469,58.346923828125,75.5268402099609,0.186321809887886,0.126813054084778,0.022648898884654,0.0059381895698607,0,2.71158893949686e-11,0,0.658277988433838,18297.501953125,9.84666543793325
"ITG2B",10.9016599655151,14.9646587371826,25.3197422027588,19.3692760467529,14.4180812835693,2.51615262031555,1.75918328762054,0.393443644046783,2.4691755771637,79.4073333740234,71.9926834106445,60.9363441467285,74.6309356689453,0.328692972660065,0.169190436601639,0.014040662907064,0.0120726460590959,0,3.4126312243998e-17,0,0.446547627449036,76121.28125,52.5540570147065
"ITG2C",10.8046998977661,14.9852609634399,25.3325710296631,19.4877452850342,14.5278692245483,2.09013509750366,1.45672750473022,0.26190397143364,2.09068131446838,79.3649826049805,70.9299774169922,59.3412818908691,74.7045059204102,0.235733360052109,0.136300623416901,0.022092716768384,0.0134281925857067,0,0,0,0.574475169181824,68865.2265625,46.3838965690213
"ITH10",-4.44769287109375,2.17836356163025,11.3645448684692,4.4005970954895,15.812237739563,1.57084965705872,2.31823754310608,4.23786401748657,2.90446853637695,71.2707824707031,70.684700012207,74.8949356079102,78.0383377075195,0.0228019151836634,0.149451524019241,0.0949913039803505,0.00954488012939692,0,0,0.6937655210495,0,431741.28125,58.335679233439
"ITH20",-2.68939757347107,4.66123104095459,14.0446949005127,6.50894451141357,16.7340908050537,1.70473837852478,2.86965417861938,3.99456024169922,3.51995849609375,70.2313613891602,69.4416809082031,74.1231536865234,77.4635925292969,0.0367062240839005,0.0907532200217247,0.0412889383733273,0.017203152179718,0,0,0.78444504737854,0,642818.4375,104.233031175846
"ITH31",2.47542452812195,12.4113082885742,22.4913845062256,13.1270408630371,20.0159587860107,1.94117844104767,2.46321845054626,2.89195561408997,3.23139715194702,77.6896438598633,69.4797897338867,68.2506103515625,77.8342514038086,0.334964692592621,0.0622298456728458,0.00413133576512337,0.0330742932856083,2.57937329501393e-33,0,0.521986663341522,0,672247.625,217.56845177567
"ITH32",1.8298887014389,11.1889047622681,21.0263500213623,12.0083417892456,19.196460723877,2.00574135780334,2.68799757957458,3.30223035812378,3.65848827362061,76.2264556884766,71.3417510986328,72.0492782592773,78.9776763916016,0.249680206179619,0.0674702674150467,0.00816783308982849,0.047862321138382,0,0,0.625660121440887,0,748851.9375,277.238098101836
"ITH33",-3.14520502090454,3.89222431182861,13.3726587295532,6.01303005218506,16.5178642272949,1.9889829158783,3.14022421836853,4.33929252624512,3.86478662490845,74.3513946533203,74.8454208374023,78.4849624633789,81.1745681762695,0.0504090338945389,0.107794642448425,0.0612063780426979,0.0112369107082486,0,0,0.768277168273926,0,235035.171875,63.3959591290212
"ITH34",3.51737833023071,12.6633749008179,22.5751075744629,13.545823097229,19.0577278137207,2.2361330986023,2.96377658843994,3.19921326637268,3.9970965385437,77.3913955688477,72.4616851806641,71.7184295654297,78.868522644043,0.431402534246445,0.0629639029502869,0.00178910524118692,0.0636264383792877,0,0,0.414178192615509,0,933068.875,381.105878209298
"ITH35",5.43542718887329,14.3590145111084,24.3891696929932,15.4007015228271,18.953742980957,2.39051055908203,3.02568507194519,2.99912166595459,4.16328287124634,77.0902633666992,72.1982650756836,70.7091903686523,77.9237594604492,0.496054768562317,0.0591471493244171,1.94667251207647e-07,0.0363645926117897,0,0,0.285364627838135,0,340722.71875,167.838969510227
"ITH36",3.7951295375824,13.6696300506592,23.7876930236816,14.4175577163696,19.9925632476807,1.94332814216614,2.36069893836975,2.67868232727051,3.08628392219543,79.1816177368164,70.4131851196289,68.498908996582,78.0555114746094,0.443028777837753,0.055252306163311,0.00098109501414001,0.0567416846752167,0,0,0.442737609148026,0,712005.875,334.785837556155
"ITH37",4.67814254760742,14.5842189788818,24.874979019165,15.5671472549438,20.1968364715576,1.72074210643768,1.91617655754089,2.00222992897034,2.53997278213501,79.7740325927734,69.4556198120117,65.50732421875,76.462890625,0.45465737581253,0.0660925954580307,6.8072669723307e-10,0.0329074785113335,0,0,0.211714670062065,0.126064747571945,301862.0625,180.714234768571
"ITH41",2.00785422325134,10.5370264053345,20.2143783569336,11.7805633544922,18.2065238952637,2.62933301925659,3.64253640174866,4.08211040496826,4.5373101234436,75.0422744750977,73.3735198974609,75.2104721069336,79.8240356445312,0.232707172632217,0.0963957831263542,0.0253169555217028,0.0106550361961126,0,0,0.597526729106903,0,227888.015625,100.384961483582
"ITH42",1.54030525684357,9.70387935638428,19.4174003601074,11.2017250061035,17.8770961761475,3.55685639381409,4.35846996307373,4.84153890609741,5.98551368713379,75.2625198364258,73.0458374023438,74.3206939697266,79.7690658569336,0.172235995531082,0.0900460034608841,0.0344358198344707,0.0158891677856445,0,0,0.596847891807556,0,455400.3125,94.397367837846
"ITH43",6.00123071670532,14.0778980255127,24.1091766357422,15.5048780441284,18.1079444885254,3.41023564338684,3.47284269332886,3.44788551330566,5.28569173812866,76.0776290893555,71.8659057617188,70.7129211425781,77.7030410766602,0.200922712683678,0.092464305460453,0.000545328832231462,0.0287609342485666,0,0,0.352673709392548,0,58276.375,154.959285728087
"ITH44",5.1849799156189,13.059983253479,22.9825687408447,14.5420598983765,17.7975883483887,3.96344208717346,3.84174370765686,3.7343065738678,5.91250038146973,77.4463958740234,72.4334106445312,72.3735733032227,79.2278594970703,0.0886162146925926,0.139271035790443,1.88196103145799e-09,0.045807670801878,0,0,0.506203651428223,0,47506.91796875,223.084076241915
"ITH51",3.59305953979492,12.0182838439941,21.9020729064941,13.5474538803101,18.3090133666992,2.52252912521362,2.51472616195679,2.13914847373962,4.32234859466553,79.6594467163086,70.1072769165039,69.2323989868164,79.826286315918,0.270140886306763,0.0937215462327003,0.00141999684274197,0.0173734556883574,0,4.08009484119741e-18,0.614652454853058,0.00193009222857654,306201.1875,116.601622361559
"ITH52",3.85500860214233,12.6036901473999,22.7364025115967,14.1315851211548,18.8813953399658,2.80581021308899,2.61815905570984,1.95910978317261,4.31508493423462,79.8298110961914,69.5742797851562,67.6303482055664,78.9626922607422,0.303982198238373,0.0829237625002861,0.000334017066052184,0.0254901498556137,0,5.19139134773431e-16,0.24580705165863,0.316633254289627,516444,151.712362436317
"ITH53",3.52187156677246,12.5055274963379,22.8708839416504,14.0104465484619,19.3490123748779,2.60454916954041,2.24808239936829,1.93072199821472,3.67771100997925,80.2218246459961,69.5730438232422,67.1379547119141,78.4185256958008,0.321329742670059,0.0680436715483665,0.000222441463847645,0.048516396433115,0,1.21776497458652e-16,0,0.555714666843414,662104.125,285.823862965142
"ITH54",3.44562673568726,12.2633180618286,22.7370128631592,13.8768215179443,19.2913875579834,2.48659896850586,2.04872608184814,2.04110765457153,3.38997650146484,80.3368835449219,69.6605072021484,66.8661575317383,78.3149490356445,0.32899335026741,0.0750814974308014,0.00112521136179566,0.0351103581488132,0,5.71730364912157e-17,0,0.55811607837677,588928.5625,218.895997592705
"ITH55",3.94236826896667,12.7698020935059,23.3342571258545,14.4116773605347,19.3918876647949,2.31632328033447,2.22932004928589,1.94937372207642,3.1701545715332,80.2053909301758,69.1649703979492,64.6983032226562,77.3600692749023,0.338870018720627,0.0716118067502975,0.000495748012326658,0.0325303710997105,0,1.27597614921627e-15,0,0.554756343364716,724318.125,197.436632031722
"ITH56",5.11105966567993,14.9223928451538,25.3395500183105,16.1210632324219,20.2284889221191,1.59327328205109,1.67888271808624,1.66963505744934,2.33910322189331,80.1354751586914,68.7222290039062,63.4040565490723,75.568717956543,0.471351891756058,0.07797010242939,6.65498878227311e-10,0.0197135601192713,0,0,0,0.29006490111351,328836.25,123.330385609161
"ITH57",5.21432256698608,14.0323171615601,24.3923645019531,15.758957862854,19.1780433654785,1.96518802642822,2.05869698524475,1.75435304641724,2.81607556343079,79.8111114501953,68.3689422607422,63.1331901550293,76.456901550293,0.390762537717819,0.0824877321720123,0.000408823892939836,0.0287130251526833,0,0,0,0.373733758926392,333899.40625,176.432137060182
"ITH58",4.51298666000366,12.3866300582886,22.8581676483154,14.5487079620361,18.3451824188232,2.12590384483337,2.0999002456665,1.72068977355957,3.07403802871704,80.1758499145508,69.4736251831055,64.6100540161133,77.6288375854492,0.30770218372345,0.0801160857081413,0.000769951846450567,0.0260821860283613,0,0,0,0.501929104328156,369087.6875,156.700813872777
"ITH59",4.47471904754639,11.7487535476685,22.3966999053955,14.200403213501,17.9219799041748,2.2068042755127,2.06179165840149,1.76687383651733,3.1475100517273,80.557731628418,70.8856201171875,65.9012145996094,78.0317993164062,0.363285213708878,0.0753349661827087,0.00139089860022068,0.0200686119496822,0,1.51385501356849e-10,0,0.47713053226471,95050.453125,110.331836900958
"ITI11",4.17442750930786,10.6095361709595,20.4142074584961,13.1616830825806,16.2397804260254,4.00934934616089,2.86366438865662,1.85465574264526,5.53141355514526,78.6227493286133,73.7786560058594,75.0061187744141,80.803092956543,0.026343921199441,0.0400382913649082,0.000579053012188524,0.019043605774641,0,0,0.311611711978912,0.4853136241436,116197.671875,99.8560560211449
"ITI12",3.70511317253113,10.3358879089355,20.4566059112549,12.8807792663574,16.7514915466309,3.30884385108948,2.45174694061279,1.92673826217651,4.52522850036621,79.349853515625,73.2402267456055,73.1511001586914,80.3594665527344,0.152535319328308,0.0639874786138535,0.000457501475466415,0.0268138963729143,0,0,0.149753406643867,0.598896324634552,191799.984375,106.430870874147
"ITI13",5.14511966705322,12.0367155075073,22.3140659332275,14.4637861251831,17.1689472198486,2.84368443489075,2.20262265205383,1.90936851501465,3.94161605834961,79.2011413574219,72.5003356933594,71.4246826171875,79.5221633911133,0.278583735227585,0.0840280577540398,0.000837475119624287,0.0377890691161156,0,1.17772771240328e-16,0.282341152429581,0.316397190093994,213131.21875,225.472002077336
"ITI14",5.32885646820068,12.5038318634033,22.9977016448975,14.7859773635864,17.6688461303711,2.68932557106018,2.29719805717468,1.81092321872711,3.56821632385254,79.6481246948242,71.8226470947266,68.1762466430664,78.5334243774414,0.266497284173965,0.0836320072412491,0.000251815683441237,0.0542490147054195,0,4.39802481983127e-16,0.0653422847390175,0.529628694057465,1191741.5,336.04535086779
"ITI15",5.03536558151245,12.381477355957,22.9076156616211,14.5810699462891,17.8722496032715,2.77927875518799,2.41490054130554,1.92267024517059,3.60972285270691,79.6810455322266,71.641471862793,67.7845916748047,78.4332962036133,0.244837194681168,0.0833680182695389,0.000174024651641957,0.0597382113337517,0,1.14376732928144e-15,0.00920921191573143,0.602446258068085,127436.171875,375.737419071553
"ITI16",9.3745756149292,14.2644195556641,24.1596336364746,17.70481300354,14.7850580215454,2.35533714294434,1.83613860607147,1.22169840335846,3.32446312904358,75.0876770019531,73.5263748168945,73.4198989868164,76.3086700439453,0.163279607892036,0.075251117348671,0.00762013485655189,0.0070280097424984,0,0,0,0.432858258485794,22758.556640625,18.0773058996665
"ITI17",7.40837860107422,13.5541639328003,23.7786865234375,16.3222827911377,16.3703079223633,2.47773671150208,2.05111050605774,1.52468085289001,3.62135219573975,77.980110168457,72.8592376708984,71.6364364624023,78.3420333862305,0.294259279966354,0.0988531112670898,0.00662054028362036,0.0274071004241705,0,1.57719277027916e-19,0.201033189892769,0.353142708539963,291887.0625,119.044186396198
"ITI18",4.4677300453186,11.0191736221313,21.6539859771729,13.6652240753174,17.1862564086914,2.35595226287842,2.109055519104,1.59004867076874,3.45195364952087,80.4471740722656,71.6739273071289,66.7814483642578,78.7609939575195,0.267515301704407,0.08782759308815,0.000526544346939772,0.0143356770277023,0,1.13469596541273e-18,0.178469687700272,0.44720995426178,272442.59375,85.1200931527852
"ITI19",7.25408124923706,13.4835844039917,24.0273303985596,16.1792736053467,16.7732486724854,2.37375903129578,2.04409694671631,1.4222491979599,3.45058536529541,79.3704452514648,71.6876373291016,66.5623168945312,78.0144348144531,0.347952514886856,0.123465843498707,0.000967091065831482,0.0155089516192675,0,4.05635131654579e-16,0.121536038815975,0.381427973508835,297479.46875,77.7131612307116
"ITI1A",8.51728534698486,14.2477159500122,24.7107105255127,17.3490352630615,16.1934261322021,2.30458474159241,1.81737172603607,1.06518745422363,3.29627847671509,77.3696060180664,72.2262725830078,68.1796569824219,77.233154296875,0.367581456899643,0.14561153948307,0.00206450815312564,0.00957273412495852,0,1.22721071543739e-16,0,0.410678714513779,151300.21875,33.5678886877183
"ITI21",5.40597438812256,11.7831974029541,22.7419204711914,14.6805725097656,17.3359451293945,2.34800291061401,2.17233872413635,1.66465580463409,3.54120349884033,80.2664031982422,71.8998718261719,64.9939041137695,77.042106628418,0.302307188510895,0.0703782513737679,0.00129956007003784,0.0176565386354923,0,2.13992212838576e-10,0.17828343808651,0.413860738277435,621002.625,97.9535760620122
"ITI22",7.27529048919678,13.5105657577515,24.4240550994873,16.4982833862305,17.1487655639648,2.42729568481445,2.08607125282288,1.418496966362,3.65136408805847,79.4116516113281,71.8396987915039,64.1467895507812,76.4470291137695,0.381629168987274,0.0743509456515312,0.00118443567771465,0.0132365189492702,0,2.37776381917243e-10,0,0.523074805736542,176815.828125,84.198366046503
"ITI31",4.77419424057007,11.8761186599731,22.6504573822021,14.4077053070068,17.8762626647949,2.34131789207458,2.10259103775024,1.80331432819366,3.22657179832458,80.6165313720703,71.5289916992188,66.1165618896484,77.886848449707,0.416758418083191,0.0693409666419029,0.00079924933379516,0.0193117130547762,0,2.76316525216203e-10,0,0.442539006471634,298695.5,117.406100777057
"ITI32",5.08596706390381,11.6665410995483,22.6259517669678,14.5081338882446,17.5399837493896,2.21779608726501,2.09694027900696,1.72719144821167,3.14875960350037,80.2265396118164,71.8827514648438,65.4911193847656,76.9932708740234,0.399194329977036,0.0715741664171219,7.0764016868452e-10,0.0143856750801206,0,5.01412973641369e-11,0,0.469449043273926,100795.1796875,51.2657238827116
"ITI33",5.11979913711548,11.5818138122559,22.4934635162354,14.5661611557007,17.373664855957,2.0153751373291,1.9309309720993,1.64766752719879,2.94655823707581,79.4811630249023,72.2630004882812,66.1075057983398,76.6386489868164,0.403190732002258,0.0627143159508705,0.000602214655373245,0.0135234640911222,0,2.90310761541512e-11,0,0.458593785762787,256737.359375,92.2116142157322
"ITI34",4.37897062301636,10.5403852462769,21.629150390625,13.9738960266113,17.2501811981201,2.27403402328491,1.91036427021027,1.79843592643738,3.13398337364197,80.6753692626953,75.7565612792969,71.1483688354492,78.3916168212891,0.256261199712753,0.0526567585766315,0.00221365387551486,0.0192367881536484,0,5.61567676041208e-12,0,0.581089496612549,126901.28125,102.155409460576
"ITI35",6.46268224716187,13.0373878479004,23.6845607757568,15.9913244247437,17.2218780517578,1.95247972011566,1.71722853183746,1.61636435985565,2.62717747688293,77.6322784423828,73.8194427490234,68.8417434692383,76.1268005371094,0.304460793733597,0.0370559431612492,0.000849949603434652,0.0200546626001596,0,4.11525986898642e-11,0,0.295917928218842,94142.1796875,110.218330088724
"ITI41",8.73770236968994,14.4952306747437,25.2920608520508,17.7647171020508,16.5543575286865,2.7948534488678,2.07450342178345,1.11063230037689,4.18436193466187,78.4208450317383,72.9355163574219,67.5910339355469,77.5451278686523,0.391619116067886,0.103011421859264,0.0013524282258004,0.00991121865808964,0,9.9171845662307e-16,0,0.364386975765228,317247.71875,87.2342396550992
"ITI42",5.39112138748169,11.312668800354,22.5026473999023,14.794680595398,17.1115245819092,2.57083010673523,2.21881484985352,1.61646747589111,3.82139158248901,79.4796752929688,74.2005920410156,66.8329391479492,76.7789840698242,0.23670107126236,0.0690026804804802,0.00222081993706524,0.0130495857447386,0,5.67397379080958e-11,0.198992177844048,0.476965188980103,261506.875,94.7118000987658
"ITI43",9.04802513122559,14.6817007064819,25.3392486572266,18.1428680419922,16.291223526001,3.02436280250549,2.16055798530579,1.07622027397156,5.17215919494629,77.7904891967773,73.9223937988281,68.6170654296875,76.9898910522461,0.339594841003418,0.0843895748257637,0.000691051071044058,0.0896784290671349,0,1.8308394808753e-16,0.0649248361587524,0.307398468255997,2694733.25,498.277156751946
"ITI44",9.35396575927734,14.9201650619507,25.5062656402588,18.470796585083,16.1522998809814,3.30719780921936,2.27597570419312,1.07619380950928,4.42940902709961,78.3628616333008,75.4186859130859,70.4530563354492,77.4896774291992,0.313011825084686,0.110824443399906,0.000686339451931417,0.0902473479509354,0,8.6769633145245e-11,0.085454672574997,0.272277772426605,577013.875,254.112720904358
"ITI45",8.59888076782227,14.5457906723022,25.2457656860352,18.0244007110596,16.6468849182129,3.36652374267578,2.3980233669281,1.31618130207062,3.94727993011475,80.8271942138672,76.8452529907227,70.3716125488281,78.6897888183594,0.239423424005508,0.115531444549561,0.00189042335841805,0.0244691073894501,0,4.86945067601496e-11,0.49316942691803,0.05885024741292,327936.15625,102.438740247217
"LI000",-0.345219433307648,7.27348470687866,16.370491027832,8.67478656768799,16.7157096862793,3.84747838973999,4.12232780456543,5.85251140594482,4.11708879470825,76.4152755737305,73.2594299316406,77.3561401367188,80.1672058105469,0.111281588673592,0.172649428248405,0.0841521918773651,0.041111171245575,0.000696058676112443,0,0.586732983589172,0,38023.078125,238.254115809331
"LT011",-2.0736095905304,8.84322834014893,18.6403617858887,8.4528341293335,20.7139720916748,2.03639483451843,1.85943341255188,2.78841876983643,2.03089046478271,86.0438003540039,72.3883514404297,74.3569793701172,84.0833206176758,0.31731590628624,0.0755651369690895,0.00279100565239787,0.0204850602895021,0.000150422303704545,0.0439566448330879,0.126559659838676,0.400879353284836,711440.5625,73.3591467641842
"LT021",-1.70213294029236,9.06951999664307,18.8601570129395,8.87314128875732,20.5622901916504,1.99423217773438,1.8237122297287,2.88041806221008,1.92168533802032,86.2733917236328,72.8126068115234,74.3617324829102,83.8601455688477,0.284175962209702,0.0829174965620041,0.000130575834191404,0.00641095405444503,0,0.185002028942108,0,0.421381264925003,113823.9140625,20.9953646663886
"LT022",-1.65049660205841,8.92119789123535,18.7115249633789,8.74091053009033,20.3620223999023,1.9673832654953,1.76726806163788,2.81388068199158,1.98580634593964,85.4966888427734,72.3074264526367,74.265380859375,83.5638809204102,0.424434095621109,0.0816740319132805,0.00142374413553625,0.0122481221333146,7.05281081536668e-06,0.0388562753796577,0.0178579017519951,0.415657103061676,401192.28125,49.9509138757535
"LT023",-0.377805292606354,8.30750274658203,18.3195247650146,9.57200050354004,18.6973285675049,2.74694347381592,1.75428056716919,2.91799354553223,3.29439377784729,86.0641479492188,75.7213363647461,76.8353118896484,84.1110992431641,0.345370203256607,0.0844545736908913,0.00653952499851584,0.01308898255229,0.000446362246293575,0.05273562297225,0.398220181465149,0.0232970882207155,235039.125,48.8556286734164
"LT024",-1.43636381626129,8.99807643890381,18.6978988647461,8.90776443481445,20.1342639923096,1.98133933544159,1.72217535972595,2.88840198516846,1.96405553817749,85.986083984375,72.9395370483398,74.7864532470703,83.7313919067383,0.478670209646225,0.0954914391040802,0.000786134623922408,0.0139108933508396,9.73959322436713e-06,0.0142622776329517,0.024614293128252,0.366713523864746,181189.578125,41.0041382928212
"LT025",-2.02177309989929,8.56920719146729,18.4597034454346,8.38987636566162,20.4814758300781,1.86791825294495,1.72685301303864,2.69103479385376,1.95755565166473,84.737434387207,71.4389877319336,73.5929183959961,83.3730316162109,0.413264572620392,0.0847789794206619,0.00299476063810289,0.00695677986368537,7.11464890628122e-05,0.134216800332069,0.0228563770651817,0.331808477640152,181660.1875,23.1827889391023
"LT026",-1.48026037216187,8.42674446105957,18.387767791748,8.67759895324707,19.8680286407471,1.77528607845306,1.62077152729034,2.63508939743042,2.04623007774353,86.0376510620117,73.211555480957,75.0401916503906,84.3890838623047,0.464233487844467,0.0965316072106361,0.00208044238388538,0.00749712670221925,8.67362468852662e-05,0.0419304631650448,0.141592517495155,0.244331255555153,216544.71875,25.2986222137239
"LT027",-1.2180939912796,8.71229267120361,18.4841136932373,8.93496799468994,19.7022075653076,2.46100091934204,1.84989380836487,2.9785680770874,2.52808451652527,86.5996017456055,74.5105590820312,76.123779296875,84.665412902832,0.386941820383072,0.0952936038374901,0.00197944114916027,0.00496141519397497,0.000201934060896747,2.06454464635186e-10,0.468253612518311,0.0409695841372013,105561.640625,24.1839578225643
"LT028",-1.03247487545013,8.22324180603027,18.1978435516357,8.94054889678955,19.230318069458,2.50739765167236,1.78917229175568,2.88092732429504,2.87142968177795,87.1737899780273,75.056282043457,76.8601608276367,85.3388137817383,0.35651022195816,0.0901956260204315,0.0040789213962853,0.00604305323213339,0.000409629778005183,0,0.53864198923111,0,101488.3984375,23.5823977000333
"LT029",-2.45003509521484,8.43877983093262,18.3535671234131,8.07031631469727,20.8036022186279,1.94922769069672,1.80224323272705,2.71211647987366,1.99933362007141,85.5713195800781,72.1424942016602,74.4241561889648,84.2511978149414,0.300380080938339,0.0754492953419685,0.00821423158049583,0.00359475519508123,0.000241919988184236,0.0771200209856033,0.204738155007362,0.30391201376915,112515.0390625,15.7922906498772
"LU000",2.75574254989624,10.4936208724976,19.3128204345703,11.0212688446045,16.5570774078369,3.03222250938416,1.97354006767273,2.3637866973877,2.64654731750488,87.3549575805664,73.9630126953125,73.6437911987305,85.3117523193359,0.309929579496384,0.145829543471336,0.000126946077216417,0.0728139504790306,6.99394098191419e-10,0,0.471299976110458,0,528571,202.363994120355
"LV003",-0.293075889348984,7.60949277877808,17.8786525726318,9.38154411315918,18.1717281341553,2.27775883674622,1.63681960105896,2.73728609085083,2.89815640449524,85.8398056030273,76.0391387939453,77.3684616088867,84.0755004882812,0.184587076306343,0.0915430188179016,0.0177832785993814,0.00398453744128346,9.93965877569281e-05,0.548168957233429,0.0457796528935432,0.0671805441379547,204946.125,15.1120350803494
"LV005",-3.1517505645752,8.0089635848999,18.2028846740723,7.56519365310669,21.3546352386475,1.90313446521759,1.75337469577789,2.6657280921936,2.00141310691833,85.0260467529297,71.266975402832,74.8575973510742,84.5889282226562,0.180343791842461,0.110820472240448,0.0103306621313095,0.00426808092743158,0.000182968055014499,0.489875227212906,0.0520016513764858,0.126572147011757,188220.578125,12.9875958899719
"LV006",-1.47738969326019,8.3380241394043,18.3172607421875,8.63662719726562,19.7946510314941,1.90802621841431,1.67367792129517,2.68839001655579,2.21182060241699,84.9768371582031,72.9880905151367,74.4651947021484,83.4860153198242,0.153603419661522,0.0931515097618103,0.0093408627435565,0.0259763486683369,0,0.583779275417328,0,0.120494730770588,61339,204.180656858009
"LV007",-1.71699345111847,7.88575315475464,18.0672016143799,8.50161743164062,19.7841949462891,2.22187232971191,1.7318696975708,2.81241226196289,2.50513052940369,85.9302825927734,73.9030609130859,75.7735137939453,84.5459289550781,0.153974875807762,0.0994480475783348,0.00966557674109936,0.00803768448531628,0.000762924901209772,0.430727124214172,0.21879580616951,0.0676311478018761,444002.09375,44.0019860096503
"LV008",-2.86739945411682,7.68753242492676,17.890905380249,7.65215349197388,20.7583065032959,2.14496159553528,1.73897302150726,2.79144978523254,2.32934594154358,86.063835144043,72.4089279174805,75.8154220581055,85.1872711181641,0.124532669782639,0.0928557738661766,0.00632771989330649,0.00520293088629842,0.000894039520062506,0.417348831892014,0.260210603475571,0.083676241338253,182737.90625,12.0031514933255
"LV009",-1.94652092456818,8.21258640289307,18.2239112854004,8.31711673736572,20.1704330444336,1.98339450359344,1.7063227891922,2.67753481864929,2.14106249809265,85.3277587890625,72.5325241088867,74.7802886962891,84.2226028442383,0.238927185535431,0.110243424773216,0.00852430146187544,0.00681616691872478,0.000794150808360428,0.27216300368309,0.245586156845093,0.109245538711548,406734.90625,38.1421960573356
"MC",7.89448738098145,13.1995449066162,22.7593822479248,16.1449165344238,14.864893913269,3.12437844276428,2.46655201911926,1.53155136108398,4.43792772293091,71.0239028930664,72.7013320922852,76.4980621337891,77.5785675048828,0.00383889256045222,0.0285976808518171,0.0103379720821977,0.0491222366690636,1.57772181044202e-29,0,0.572482645511627,0,6470.22412109375,410.251094708604
"MEG125350",-1.86609959602356,6.73547697067261,17.6535930633545,9.00049495697021,19.5196933746338,6.30925846099854,4.03103685379028,2.27325201034546,6.22999095916748,80.767578125,74.7259674072266,71.3022842407227,77.8961791992188,0.118757151067257,0.075775496661663,0.0583447627723217,0.00337487831711769,0,0,0.743747711181641,0,8837.99609375,25.6207545851896
"MEG125351",6.75534915924072,14.4386386871338,25.6057586669922,17.0111083984375,18.8504085540771,6.4010500907898,3.74923419952393,1.62319946289062,6.76262426376343,72.8916244506836,69.4567794799805,65.6509704589844,71.6072540283203,0.201202392578125,0.298602849245071,0.00100015290081501,0.0227485150098801,0,0,0.260425120592117,0,75718.6640625,116.207186697291
"MEG125352",-1.74370956420898,6.96568632125854,17.8445911407471,9.17806053161621,19.5883007049561,5.56568431854248,3.66599440574646,2.22212052345276,5.55946493148804,80.5928802490234,74.145393371582,71.0614166259766,77.6955184936523,0.121334217488766,0.11353949457407,0.06267499178648,0.00717450398951769,0,0,0.695276737213135,0,30195.572265625,42.3630720094296
"MEG125353",-0.0821670740842819,8.9621992111206,19.6929111480713,10.8175287246704,19.7750797271729,3.86582326889038,2.99748015403748,2.53505253791809,4.33028411865234,80.5149917602539,73.0607681274414,72.6521682739258,78.2206344604492,0.202281609177589,0.137015610933304,0.0151378866285086,0.00424164300784469,1.30564542603618e-21,0,0.641323268413544,0,29193.044921875,29.160902769083
"MEG125355",2.17099285125732,9.94664859771729,20.9340496063232,12.4613857269287,18.7630558013916,8.38830280303955,5.18128538131714,2.14131784439087,8.13909149169922,76.1690216064453,71.4533081054688,67.9580917358398,75.0837173461914,0.230940088629723,0.216297671198845,0.0989012196660042,0.0095124552026391,0,0,0.402101248502731,0,24845.353515625,27.4599880986864
"MEG125356",0.583703756332397,8.68021583557129,19.6743812561035,11.1603593826294,19.0906791687012,7.4149661064148,4.58366584777832,2.23282599449158,7.44810152053833,77.9247283935547,72.5865020751953,68.5440139770508,75.8088684082031,0.157874375581741,0.181582763791084,0.113078936934471,0.0034186493139714,0,0,0.524171769618988,0,12008.5595703125,22.8042924319517
"MEG125357",2.35536575317383,9.99325275421143,20.9441776275635,12.55553150177,18.5888118743896,8.05123519897461,5.03240203857422,2.12651419639587,7.82023859024048,75.8850402832031,71.352180480957,67.9653549194336,75.2986679077148,0.218456968665123,0.247449159622192,0.0914474800229073,0.00604317942634225,0,0,0.384715616703033,0,2923.1396484375,17.5825690029873
"MEG125358",-0.741637825965881,7.58039617538452,18.5411567687988,9.98129367828369,19.2827949523926,6.99360799789429,4.37765216827393,2.29027771949768,7.00604724884033,79.3360366821289,73.5901031494141,69.6705551147461,76.8051300048828,0.134007528424263,0.136570632457733,0.10308051109314,0.0016173553885892,0,0,0.624723970890045,0,12965.8837890625,14.6935425394703
"MEG125359",1.09089040756226,8.88830852508545,19.833366394043,11.389443397522,18.7424755096436,8.85651206970215,5.51868534088135,2.26338982582092,8.4633960723877,76.9412002563477,71.9237060546875,68.5016632080078,75.9027938842773,0.237946480512619,0.196906074881554,0.121967315673828,0.00639395881444216,0,0,0.435481011867523,0,4345.54736328125,20.1130146206268
"MEG125360",-0.836549520492554,7.71048259735107,18.5479621887207,9.91063690185547,19.3845100402832,5.62464094161987,3.79763984680176,2.41226029396057,5.90332365036011,80.0325164794922,73.5224533081055,70.9829864501953,77.5593719482422,0.144202098250389,0.121576935052872,0.0619235821068287,0.00239568995311856,3.92182767010478e-21,0,0.669901728630066,0,5371.6103515625,16.9373380297022
"MEG125361",0.766922652721405,8.66641712188721,19.6015281677246,11.1413640975952,18.8346042633057,8.23456954956055,5.17364883422852,2.27832961082458,8.00339889526367,77.4662094116211,72.1438217163086,68.6364669799805,76.0441360473633,0.20720186829567,0.186547636985779,0.116766363382339,0.0048782373778522,0,0,0.480657249689102,0,48150.84765625,23.7170390894491
"MEG125362",-1.69022560119629,7.01104164123535,17.8898601531982,9.22982692718506,19.5800876617432,5.54564905166626,3.64687895774841,2.20756125450134,5.54951286315918,80.4414443969727,73.9884948730469,70.8688201904297,77.5405197143555,0.122894898056984,0.116122201085091,0.0606669373810291,0.00752442749217153,0.00654809828847647,0,0.685967266559601,0,21718.029296875,43.9908164041873
"MEG125363",-0.795587837696075,7.92506313323975,18.5572700500488,9.88161659240723,19.3528575897217,3.68189883232117,3.01578378677368,2.62333297729492,4.46255826950073,80.6918106079102,72.8948974609375,72.2793884277344,78.3299102783203,0.142701879143715,0.106547556817532,0.0127691384404898,0.00252537755295634,0.00107376137748361,0,0.734382331371307,0,15759.6689453125,12.3505688835777
"MEG125364",-0.735650539398193,7.50522565841675,18.236759185791,9.72147941589355,18.9724102020264,5.44594669342041,3.95008230209351,2.46361398696899,5.85407495498657,80.101448059082,72.3820648193359,69.6533889770508,77.1898880004883,0.104843355715275,0.106733784079552,0.0734816193580627,0.00144452089443803,6.71452969648541e-23,0,0.71339213848114,0,6249.1884765625,7.41610069451463
"MEG125365",3.42289781570435,11.3895978927612,22.4649906158447,13.8868427276611,19.0420932769775,6.66042518615723,4.02351951599121,1.91567480564117,6.86767101287842,75.7298965454102,71.2682418823242,67.4018859863281,73.8861618041992,0.171586558222771,0.226013675332069,0.0450844541192055,0.013431154191494,0.00208033667877316,0,0.421725630760193,0,126698.15625,80.1225323514752
"MEG125366",-1.33507680892944,7.73430490493774,18.4822902679443,9.77091693878174,19.8173675537109,3.0830602645874,2.44720101356506,2.05140519142151,3.32073092460632,80.0096206665039,72.2070236206055,70.2572402954102,77.0255737304688,0.129938453435898,0.239624932408333,0.0771326497197151,0.019860589876771,0,0,0.53344339132309,0,40402.375,98.0578066803345
"MEG125367",-0.514147341251373,7.85897302627563,18.6967849731445,10.130952835083,19.2109317779541,5.88997459411621,3.96135640144348,2.42860746383667,6.24206876754761,79.5212326049805,73.0213241577148,70.19873046875,77.128288269043,0.139444217085838,0.139894679188728,0.0804970040917397,0.00146029936149716,4.81810896385831e-21,0,0.63869708776474,0,5437.62939453125,10.1030464605118
"MEG125369",6.75534963607788,14.4386386871338,25.6057586669922,17.0111083984375,18.8504104614258,6.4010500907898,3.74923419952393,1.62319946289062,6.76262474060059,72.8916244506836,69.456787109375,65.6509704589844,71.6072540283203,0.201202377676964,0.298602849245071,0.00100015278439969,0.0227485150098801,0,0,0.260425120592117,0,12511.7744140625,47.416264189145
"MEG125370",-0.951192378997803,7.73628664016724,18.374698638916,9.71959590911865,19.3258934020996,3.77242660522461,3.06466770172119,2.62212467193604,4.56777763366699,80.7479782104492,73.1220245361328,72.3462677001953,78.4274597167969,0.144046679139137,0.106770388782024,0.0137073453515768,0.00254763592965901,1.32662790432728e-20,0,0.732927978038788,0,5231.671875,11.8007255903777
"MK001",2.27329564094543,11.9649171829224,22.9004669189453,13.8261585235596,20.6271705627441,1.50283348560333,1.64016008377075,1.64872217178345,1.88300311565399,76.7446594238281,63.7826728820801,54.542064666748,68.9713821411133,0.180084124207497,0.333722710609436,0.154713645577431,0.00745045952498913,0,0.128208145499229,0,0.195820927619934,215302.8125,52.6283889041247
"MK002",1.96823465824127,11.6333122253418,22.3132572174072,13.5031547546387,20.3450202941895,1.37523877620697,1.68254709243774,2.00778245925903,1.80705428123474,76.5264739990234,65.4496154785156,59.268009185791,70.4015350341797,0.165376767516136,0.319134324789047,0.0855874046683311,0.00300823338329792,0,0.166755959391594,0,0.260137289762497,128576.0078125,36.1439955847259
"MK003",1.07846426963806,9.740159034729,20.5811538696289,12.1514921188354,19.5026893615723,2.45317721366882,2.03700494766235,1.65196073055267,2.91530323028564,81.2994003295898,71.2397537231445,64.9942626953125,74.5103759765625,0.0996862053871155,0.189947158098221,0.069920115172863,0.0140406470745802,0.000325558503391221,0.0897641479969025,0.376370519399643,0.103100344538689,287843.59375,80.7589233416235
"MK004",2.81077194213867,12.2598934173584,23.2225589752197,14.2439870834351,20.4117870330811,1.68021523952484,1.68276405334473,1.78352177143097,1.97597718238831,76.7051086425781,65.7108840942383,57.1989059448242,70.1339950561523,0.199936345219612,0.301058083772659,0.0521018952131271,0.00388207589276135,0,0.200660571455956,0,0.237508103251457,118481.421875,43.0500443619294
"MK005",1.74196648597717,10.8876638412476,21.7667179107666,13.0810708999634,20.024751663208,1.86094903945923,1.72288584709167,1.49389374256134,2.30779433250427,79.5898513793945,67.9476699829102,59.4505386352539,71.7892913818359,0.213018774986267,0.210029870271683,0.150383830070496,0.00682070106267929,0,0.196563825011253,0.0208767801523209,0.185402870178223,215439.671875,44.0603304459996
"MK006",-0.163079619407654,8.92283344268799,19.7259864807129,11.060209274292,19.889066696167,2.64997625350952,2.27261018753052,1.93676114082336,3.02892446517944,80.9647674560547,71.8597183227539,66.4071197509766,75.290412902832,0.112849414348602,0.319655120372772,0.0416046231985092,0.0234946999698877,0,0.0522514283657074,0.357420116662979,0.091252788901329,331377.15625,136.493975635266
"MK007",1.40509176254272,10.9178886413574,21.3900928497314,12.6819877624512,19.9850025177002,1.43922638893127,1.84471213817596,2.09620976448059,1.87281358242035,77.0160140991211,66.11474609375,60.8723297119141,71.3086853027344,0.221478939056396,0.246258109807968,0.0522396862506866,0.00927234534174204,0,0.0994032025337219,0,0.37134775519371,127838.3125,55.5291193317389
"MK008",1.26869165897369,10.9371900558472,21.7111854553223,12.746862411499,20.4424934387207,1.65399205684662,1.7921222448349,1.87604784965515,2.11725115776062,77.9061126708984,66.5787734985352,60.0494651794434,71.5159530639648,0.191795259714127,0.286848336458206,0.089919351041317,0.0257773138582706,0,0.133867457509041,0,0.271792262792587,258354.828125,144.909889837693
"NL11",3.34963822364807,9.88134670257568,17.8162841796875,11.0734672546387,14.466646194458,2.52264904975891,1.74662637710571,2.34580659866333,2.59810876846313,87.0004501342773,77.0284271240234,78.4380111694336,85.157844543457,0.267512410879135,0.282231986522675,3.46543926887932e-09,0.0440927669405937,0,3.25173954429658e-09,0,0.283496767282486,506693.4375,213.343805139791
"NL12",4.0705246925354,9.87980365753174,17.8498268127441,11.5025091171265,13.7793016433716,2.65561318397522,1.78193891048431,2.43471598625183,2.78822898864746,85.9880294799805,77.9556655883789,78.8289413452148,84.1739196777344,0.19007770717144,0.319351196289062,0.00168659328483045,0.034957442432642,7.79162463688875e-29,3.65268537638741e-10,0.0947881117463112,0.110773138701916,586728.1875,149.019639831846
"NL13",3.60669469833374,10.1104335784912,18.1541156768799,11.1580381393433,14.547420501709,2.52674245834351,1.73635840415955,2.37265586853027,2.41404962539673,86.8173828125,75.5809020996094,76.9523544311523,84.9173583984375,0.300419837236404,0.287679940462112,2.29929519868222e-09,0.0394188538193703,2.20243691020913e-28,1.7035967081469e-09,0.106351144611835,0.236855357885361,520853.59375,192.656965854968
"NL21",3.98733043670654,10.428430557251,18.4515037536621,11.3569183349609,14.4641742706299,2.51742029190063,1.73550546169281,2.37458109855652,2.32069778442383,86.2851715087891,74.5382690429688,75.4587326049805,84.4788360595703,0.27492618560791,0.284026771783829,4.01554078877098e-09,0.054972805082798,1.86070026198892e-28,9.63198965031609e-10,0.0898493751883507,0.284090638160706,959011.5,279.011690883029
"NL22",4.22287178039551,10.6516036987305,18.7626819610596,11.5228204727173,14.5398092269897,2.6175856590271,1.76218295097351,2.40668559074402,2.39444255828857,86.0268402099609,74.1476745605469,74.9641876220703,84.2893142700195,0.253706604242325,0.191904366016388,1.8695449632844e-09,0.080832876265049,5.22158704865488e-33,2.21614684936533e-10,0.00293165724724531,0.465660721063614,2074477,406.422370516669
"NL23",4.35618352890015,10.1909246444702,18.2690544128418,11.769549369812,13.9128704071045,2.73154377937317,1.81021308898926,2.52914690971375,2.71147274971008,85.5239868164062,76.935417175293,77.640625,83.7698287963867,0.225360304117203,0.194574594497681,2.49782616812411e-09,0.0744566023349762,0,1.42497624811e-10,0.0645655691623688,0.188100770115852,886099.4375,372.370256920607
"NL31",4.30293369293213,10.4639587402344,18.5028591156006,11.6704063415527,14.1999254226685,2.67775726318359,1.76355481147766,2.41364789009094,2.72218322753906,85.9925918579102,76.0950469970703,76.9526901245117,84.4625930786133,0.306023746728897,0.133560910820961,1.6677673686516e-09,0.186142340302467,0,2.53488527911239e-13,0.152039274573326,0.136992514133453,1392469.5,952.301900621451
"NL32",4.53473234176636,10.1043567657471,18.1596240997314,12.124852180481,13.6248922348022,2.90255618095398,1.82729756832123,2.50427746772766,3.15714311599731,84.843132019043,78.2442626953125,78.7701873779297,82.9883651733398,0.306201636791229,0.114233568310738,8.97484531137138e-10,0.11508659273386,0,3.91216573025766e-13,0.0490174777805805,0.07242102175951,2037474.625,603.020675923681
"NL33",4.6493182182312,10.5338048934937,18.6066188812256,11.9363889694214,13.9573001861572,2.59631395339966,1.65464770793915,2.4058825969696,2.80652165412903,85.7692947387695,76.2121734619141,76.7028350830078,83.96630859375,0.223788484930992,0.150783270597458,1.41784095575304e-09,0.165960356593132,0,2.63751326334827e-10,0,0.378055185079575,2295011.75,714.583905642773
"NL34",4.87049579620361,10.8605527877808,19.1429576873779,12.5091819763184,14.2724618911743,2.54327130317688,1.65567374229431,2.36820435523987,2.63381624221802,85.7827606201172,76.0292816162109,76.3623352050781,83.7993774414062,0.217680081725121,0.155175685882568,2.05473105197029e-09,0.121058538556099,0,3.94178023555014e-10,0,0.372398525476456,720599.875,389.176730453385
"NL41",4.47662115097046,10.8489408493042,19.0437755584717,11.804238319397,14.5671548843384,2.54292249679565,1.6810747385025,2.38622999191284,2.40657448768616,85.6087951660156,73.9803848266602,74.5737609863281,83.6759567260742,0.214279055595398,0.157433211803436,9.7097030415938e-10,0.12149765342474,0,9.24211471242664e-11,0,0.489458918571472,2899129,572.37693643039
"NL42",4.21087789535522,11.1078548431396,19.4651260375977,11.9324016571045,15.2542476654053,2.60075783729553,1.7749559879303,2.48406267166138,2.2589545249939,84.9085922241211,72.4780731201172,72.959587097168,82.7573089599609,0.198002204298973,0.135660246014595,6.14593376191408e-10,0.0977830365300179,0,8.40511757416174e-11,0,0.568554580211639,1057965.25,483.479313424151
"NO011",-2.95073056221008,6.20533037185669,16.3914089202881,6.69345855712891,19.3421401977539,2.6374237537384,2.10521578788757,2.85893630981445,3.52420830726624,84.3612823486328,71.1985778808594,71.0785140991211,82.9455032348633,0.0304692797362804,0.056560467928648,0.00398245081305504,0.108511842787266,0.190241754055023,0,0.495810300111771,0,166380.859375,364.812107910201
"NO012",-3.00114631652832,6.32955932617188,16.4393196105957,6.68861532211304,19.4404678344727,2.42272639274597,1.91035997867584,2.77564477920532,3.26540470123291,84.3601760864258,70.6044692993164,70.9651641845703,83.2555389404297,0.0686924755573273,0.0805301889777184,0.00448940461501479,0.0440666526556015,0.1612588763237,0,0.567694187164307,0,679775.375,138.584861836433
"NO021",-6.64951944351196,3.00318455696106,13.4366331100464,3.47118258476257,20.0861530303955,1.64687502384186,1.51318776607513,2.93943691253662,2.30880045890808,83.3127975463867,70.8774185180664,73.0646896362305,82.8086318969727,0.0348917655646801,0.0275308694690466,0.0205686334520578,0.00346653209999204,0.22292685508728,0,0.660898625850677,0,168744.78125,6.20003552511476
"NO022",-7.25850486755371,1.68620443344116,12.0057592391968,2.5146656036377,19.2642650604248,1.95224952697754,1.58908128738403,2.69114947319031,2.30329775810242,81.7779846191406,72.0105056762695,73.389533996582,82.0019302368164,0.0258051808923483,0.0212494097650051,0.0130592118948698,0.00349970650859177,0.345067530870438,0,0.54865974187851,0,165935.734375,6.65220434781595
"NO031",-1.26226198673248,7.27878665924072,17.1421356201172,7.81914377212524,18.4043960571289,2.78232669830322,1.92489063739777,2.66314482688904,3.54323601722717,84.4154052734375,71.4594497680664,71.7389144897461,83.2127075195312,0.0246415100991726,0.0502144582569599,0.00696900859475136,0.029142614454031,0.0908164456486702,0,0.589788615703583,0,295988.75,70.6569526140434
"NO032",-4.72135877609253,4.13907957077026,14.3328313827515,4.92439603805542,19.0541915893555,2.03808355331421,1.86392259597778,2.74381899833679,2.73705625534058,82.3998489379883,72.2030563354492,71.9034118652344,81.9275970458984,0.0211967062205076,0.0244273655116558,0.0096923690289259,0.00871114898473024,0.271944105625153,0,0.62861180305481,0,306394.34375,20.6409539200247
"NO033",-1.05784511566162,7.34391164779663,17.0964450836182,8.07890033721924,18.1542911529541,3.52477335929871,2.58471655845642,2.85335350036621,4.3986873626709,82.5551452636719,71.4527053833008,71.8337097167969,81.6562957763672,0.0511549897491932,0.0620256848633289,0.000134288478875533,0.0515544153749943,0.149116814136505,0,0.519163489341736,0,295605.03125,131.297758294346
"NO034",-4.75506973266602,3.37886524200439,13.3958559036255,4.49041557312012,18.1509265899658,2.84941530227661,2.29564642906189,2.85552549362183,3.60699653625488,83.3530120849609,73.679084777832,72.6867446899414,83.1535491943359,0.0175275783985853,0.0346396714448929,0.0203631166368723,0.00372332683764398,0.271263718605042,0,0.625747084617615,0,117717.2734375,7.69346780102003
"NO041",-2.34719920158386,5.01789903640747,14.4803276062012,6.35271263122559,16.8275260925293,5.06364822387695,3.14665770530701,3.20288491249084,5.2864408493042,84.5855865478516,75.2848281860352,73.7848205566406,84.6223068237305,0.0110879940912127,0.0142214484512806,0.018663015216589,0.00346720730885863,0.289965748786926,0,0.596175193786621,0,77146.8828125,8.41339035915743
"NO042",-0.543054401874542,5.90430021286011,14.8825445175171,7.60072708129883,15.4255990982056,8.20151996612549,4.48951244354248,3.7818877696991,7.39543390274048,85.9470443725586,77.2943496704102,76.3576431274414,85.9369049072266,0.0184317268431187,0.00469073094427586,0.00360566168092191,0.0059927492402494,0.251387476921082,0,0.607652842998505,0,149251.421875,20.1259571315887
"NO043",-0.191507160663605,5.48770189285278,13.9826612472534,7.22313070297241,14.174168586731,7.85758209228516,4.3948655128479,4.15848016738892,7.57996129989624,84.4173889160156,78.7507171630859,79.7142105102539,85.3084716796875,0.0610511265695095,0.0101600354537368,0.00309902359731495,0.0129532534629107,0.26605212688446,0.0109806945547462,0.485732585191727,0.00312398327514529,350061.90625,36.6927288494809
"NO051",-1.20056009292603,4.83541345596313,13.3991546630859,6.2741813659668,14.5997142791748,7.89638614654541,4.95668745040894,4.14104652404785,7.47420644760132,82.7916488647461,77.5514526367188,77.781608581543,84.0836715698242,0.021021131426096,0.0269658919423819,0.0315302237868309,0.00228753057308495,0.329006314277649,0.000144803081639111,0.444715797901154,4.11961591453291e-05,133629.453125,8.42991766724249
"NO052",-1.83899748325348,4.37433815002441,12.958610534668,5.69971323013306,14.7976083755493,7.33153533935547,4.42974424362183,3.72075366973877,6.54573726654053,81.1616439819336,75.5599975585938,76.7078018188477,82.493408203125,0.023266963660717,0.0249001085758209,0.0364524722099304,0.00302077108062804,0.364955395460129,0,0.373292505741119,0,117167.9765625,6.05192262493426
"NO053",-3.3336398601532,3.2450430393219,11.8407411575317,4.3015456199646,15.1743812561035,6.38104820251465,3.8279345035553,3.46418762207031,5.07195520401001,78.2814712524414,73.9124374389648,79.3055572509766,80.4086380004883,0.0293417330831289,0.0196282453835011,0.0309707690030336,0.00482517760246992,0.34206885099411,0,0.419123739004135,0,185536.28125,12.0905031457117
"NO061",-3.78759598731995,3.39399743080139,12.4971551895142,4.2493896484375,16.2847518920898,3.80621457099915,2.56939435005188,3.16944909095764,3.178297996521,80.1504440307617,73.2367630004883,78.071891784668,81.35595703125,0.0392083935439587,0.0223483350127935,0.0208420045673847,0.0061924890615046,0.245787873864174,0,0.574066042900085,0,256766.296875,13.6557334481664
"NO062",-3.7703127861023,3.31966853141785,12.5737562179565,4.51327562332153,16.3440685272217,5.01419305801392,3.30644083023071,3.20684099197388,4.04972314834595,82.9253768920898,75.9827880859375,78.2963638305664,84.2043838500977,0.0240580849349499,0.0399721562862396,0.038353580981493,0.00203353702090681,0.208023548126221,0,0.612342715263367,0,116301.0546875,5.11437280007847
"NO071",-6.13758611679077,1.30646300315857,11.2705764770508,2.82384061813354,17.4081630706787,5.6884617805481,3.86725926399231,3.25069808959961,5.28158855438232,80.5245361328125,75.361946105957,77.8544006347656,82.9805068969727,0.00727700162678957,0.0109802205115557,0.0286234188824892,0.00166796217672527,0.318048655986786,0.00740664545446634,0.480846554040909,0.000104152233689092,114497.3046875,2.96612497843887
"NO072",-9.31082248687744,-1.17293071746826,10.6167039871216,0.467230021953583,19.927526473999,3.13715672492981,2.15296316146851,2.28661131858826,3.10277462005615,79.4499588012695,74.2453994750977,77.528190612793,82.8555068969727,0.0096082491800189,0.000827059848234057,0.00179650960490108,0.00202669552527368,0.409888952970505,0.000338189274771139,0.439879894256592,1.63519951001945e-06,159065.484375,6.12881004228028
"NO073",-11.5231447219849,-0.947517514228821,11.782621383667,0.103849485516548,23.3057670593262,1.74251818656921,1.42905378341675,2.05774569511414,1.78824687004089,81.93505859375,76.0323638916016,76.3451919555664,84.0685806274414,0.00205081282183528,0.00031581535586156,0.000857872480992228,0.000508002121932805,0.595047533512115,0.0288109835237265,0.272644609212875,1.3513474186766e-05,52041.05859375,1.08478881691861
"PL213",-0.0219989661127329,10.2024717330933,19.3662853240967,10.1165008544922,19.3882846832275,1.78956413269043,2.07642245292664,2.92578220367432,1.75268387794495,83.5191421508789,71.6929779052734,73.5407943725586,81.1076507568359,0.270397931337357,0.0986869409680367,7.08001324234431e-10,0.0540574602782726,0,0,0.051955372095108,0.52490234375,100563.59375,300.83568853543
"PL214",-0.428068310022354,9.83567237854004,19.0384540557861,9.8015947341919,19.4665222167969,1.8729647397995,2.26153063774109,3.14201354980469,1.90038907527924,82.92431640625,71.8128280639648,74.2463531494141,81.3952407836914,0.241289407014847,0.0933452993631363,6.9211292252902e-10,0.0428803898394108,0,0,0.111498922109604,0.510952889919281,979306.0625,241.79309054672
"PL217",-0.374673008918762,10.1811065673828,19.4248924255371,10.0412921905518,19.7995643615723,1.65524339675903,2.20906209945679,3.10652852058411,1.83567082881927,82.4085464477539,71.0746231079102,73.1702270507812,80.5295867919922,0.252596139907837,0.101168155670166,1.76272962892909e-09,0.0260426066815853,0,0,0,0.619785487651825,417491.9375,158.2893425017
"PL218",-1.29195952415466,9.19496154785156,18.476505279541,9.23282432556152,19.7684650421143,1.86362016201019,2.52083897590637,3.51447081565857,2.11158227920532,82.3160705566406,71.7646560668945,75.3115844726562,81.9548110961914,0.188118621706963,0.0809979662299156,0.000309328344883397,0.0232141092419624,0,0,0.15435665845871,0.552907049655914,532188.6875,153.674411662018
"PL219",-2.36029815673828,7.60558795928955,16.9159336090088,7.97280550003052,19.2762336730957,3.35116481781006,3.40297102928162,4.36400461196899,3.03590607643127,83.6599426269531,73.7162628173828,77.2741851806641,83.6724166870117,0.152694836258888,0.075464092195034,4.99537018185947e-05,0.027366703376174,0,0.000996752292849123,0.661432921886444,0.0794234350323677,410710.6875,156.071693695084
"PL21A",-0.403092414140701,9.65397644042969,18.8275871276855,9.72602272033691,19.2306804656982,2.58542227745056,2.53141570091248,3.46181559562683,2.27830934524536,83.8521728515625,72.5214233398438,75.0854415893555,81.8830032348633,0.188515082001686,0.0669397190213203,7.77539310714559e-10,0.0750458687543869,0,0.00742052402347326,0.119577072560787,0.54250168800354,766787.6875,387.501087581596
"PL224",0.47120812535286,10.3195314407349,19.4428787231445,10.2606725692749,18.9716701507568,2.20376992225647,2.02246999740601,2.69220805168152,1.79178512096405,85.0233459472656,71.2699508666992,70.940315246582,80.8737258911133,0.27241051197052,0.0861868932843208,8.50770232041498e-10,0.0184493847191334,0,0,0,0.622953295707703,430357.28125,141.0937433202
"PL225",-1.11125147342682,8.86611461639404,18.1636257171631,9.1591100692749,19.2748775482178,3.50995588302612,3.15092325210571,4.22874307632446,3.01021909713745,84.0121459960938,73.3104858398438,76.3996734619141,82.4652709960938,0.182787969708443,0.0599382556974888,9.309480083175e-05,0.04621821641922,0,0.0148266013711691,0.0589632391929626,0.63340562582016,633243.0625,269.693175742876
"PL227",0.492870658636093,10.4197845458984,19.6611289978027,10.5338039398193,19.1682586669922,2.11075186729431,2.08967280387878,3.0382239818573,2.02950930595398,82.983772277832,71.1056442260742,71.9472198486328,79.7792205810547,0.322403818368912,0.0715311542153358,3.75872696167789e-05,0.0824004635214806,0,0.000560945831239223,0,0.521554052829742,518153.28125,382.225658291464
"PL228",0.573816120624542,10.3837747573853,19.5297908782959,10.3927621841431,18.9559745788574,2.2366681098938,2.02186894416809,2.76181292533875,1.87645399570465,84.598274230957,71.3026809692383,71.4688110351562,80.6458206176758,0.222762301564217,0.0645262971520424,1.541751865064e-10,0.0659639909863472,0,0,0,0.645991206169128,492173.25,312.840049194318
"PL229",0.666342437267303,10.5599784851074,19.7252979278564,10.6083211898804,19.0589561462402,2.11704850196838,2.01451134681702,2.87202572822571,1.93794524669647,83.4102020263672,71.0936126708984,72.0443115234375,79.9563903808594,0.242016211152077,0.0531452521681786,1.03206151957913e-10,0.150681108236313,0,3.15884015993084e-12,0,0.552202105522156,511659,594.401746386778
"PL22A",0.557124376296997,10.4971961975098,19.5802898406982,10.4850482940674,19.0231666564941,2.22182655334473,2.10197496414185,2.96922755241394,1.97302389144897,83.8838500976562,71.5606384277344,73.2796478271484,80.6410293579102,0.163031116127968,0.0393378026783466,7.32826022087352e-11,0.170249551534653,0,0,0,0.62606680393219,270226.5625,694.764817323247
"PL22B",0.365328878164291,10.3583850860596,19.4481639862061,10.2858285903931,19.0828342437744,2.15260219573975,2.09675145149231,2.89239716529846,1.86558616161346,84.366096496582,71.6895065307617,72.9394378662109,81.0634384155273,0.201676279306412,0.0698331743478775,5.0150245067826e-10,0.080687090754509,0,0,0,0.647794246673584,713331.8125,392.332792798715
"PL22C",0.136032834649086,10.0569219589233,19.2219467163086,10.1599941253662,19.0859127044678,2.57282662391663,2.39005756378174,3.31850361824036,2.26959419250488,83.7849349975586,71.9103393554688,73.8820037841797,80.8748321533203,0.179859921336174,0.0469094403088093,5.32516351086088e-05,0.141762271523476,0,0.00135173450689763,0,0.626531481742859,563900.3125,600.467106218529
"PL411",1.02404391765594,10.0592136383057,19.2884693145752,10.295166015625,18.2644233703613,1.82648015022278,1.51451599597931,2.26818227767944,1.50088751316071,86.6739501953125,72.6704177856445,71.7801742553711,83.4671020507812,0.370998412370682,0.103740878403187,0.000452638749266043,0.0086377952247858,0,6.6926837336001e-12,0,0.511287868022919,401838.03125,62.1565191914037
"PL414",0.954987525939941,10.4644346237183,19.6743965148926,10.4034519195557,18.7194080352783,1.62687349319458,1.41953432559967,2.27435874938965,1.39723777770996,85.6366271972656,71.8033981323242,70.3075332641602,81.7969741821289,0.511406540870667,0.137900039553642,1.19506637918931e-09,0.0152101432904601,0,0,0,0.328392118215561,587676.6875,91.7490211352292
"PL415",1.15712106227875,10.7075872421265,20.030969619751,10.5088319778442,18.8738479614258,1.6729109287262,1.41477477550507,2.18964552879333,1.31546294689178,85.090087890625,71.4561233520508,69.2018203735352,81.5184707641602,0.465265333652496,0.109919220209122,4.32356067614492e-10,0.0846082493662834,0,0,0,0.33650416135788,97904.0703125,388.595184964875
"PL416",0.924821734428406,10.5690908432007,19.7826690673828,10.481707572937,18.8578472137451,1.82189905643463,1.59344410896301,2.43000745773315,1.52197742462158,84.7909774780273,70.8727264404297,69.0237274169922,80.8347549438477,0.475765347480774,0.115262597799301,1.4015589799854e-09,0.0160288270562887,0,8.46526787470075e-13,0,0.390153139829636,578547.125,99.8041840260227
"PL417",1.30287253856659,10.8075532913208,20.1198978424072,10.7272815704346,18.817024230957,1.74560248851776,1.48745810985565,2.26971912384033,1.37115776538849,84.7909088134766,70.8684234619141,68.3119888305664,81.08056640625,0.417199283838272,0.109529703855515,3.72944450646173e-05,0.0207833163440228,0,1.49692376549826e-11,0,0.447926074266434,693095.6875,116.025652636193
"PL418",1.1731344461441,10.5997018814087,19.8882598876953,10.5239067077637,18.7151260375977,1.71518051624298,1.43416249752045,2.23732686042786,1.36148679256439,85.4286346435547,71.5240173339844,69.5852127075195,81.8994445800781,0.454563140869141,0.109806209802628,5.44482682016678e-05,0.0345660373568535,0,1.85886245632205e-12,0,0.397876590490341,873309.25,178.346895232731
"PL424",1.66260385513306,10.3386907577515,19.5586986541748,10.7536764144897,17.8960933685303,1.81190824508667,1.51408803462982,2.00210762023926,1.48081457614899,86.1175308227539,73.5271224975586,72.6291656494141,83.1233291625977,0.332498788833618,0.107925742864609,1.28881394445557e-09,0.0433657355606556,0,4.38631977961457e-11,0,0.47621563076973,59746.84375,201.368061021083
"PL426",1.21755838394165,9.25371742248535,18.4306564331055,10.2748222351074,17.213098526001,2.36531281471252,1.76779890060425,2.67385506629944,2.30733633041382,87.0971069335938,75.4395904541016,76.8164138793945,84.5008544921875,0.237616077065468,0.0768188089132309,0.000424897676566616,0.0117646502330899,0,5.66100508483935e-12,0,0.554056763648987,208842.53125,48.0810100917913
"PL427",1.19992911815643,9.79474544525146,19.0357761383057,10.3380632400513,17.8358478546143,2.16612768173218,1.70282697677612,2.3689432144165,1.79379630088806,87.141357421875,73.5532989501953,73.3978271484375,84.0514678955078,0.269232392311096,0.085227482020855,0.00232952507212758,0.00868906918913126,0,5.76782458600045e-12,0,0.62204897403717,540148.1875,52.4347726638303
"PL428",1.63006842136383,10.1682548522949,19.4445018768311,10.7209005355835,17.8144340515137,1.94204497337341,1.57818484306335,2.15526604652405,1.62024438381195,86.0276641845703,73.6099853515625,72.5842742919922,82.8576202392578,0.340866476297379,0.117120653390884,0.000189473255886696,0.0163862276822329,0,5.8979113259916e-11,0,0.491419643163681,572940.8125,76.8985365219329
"PL431",1.56691431999207,10.7178869247437,20.1230850219727,10.9008464813232,18.5561695098877,1.80090200901031,1.52121829986572,2.08617758750916,1.38112771511078,85.1201248168945,70.6630630493164,67.5859680175781,81.1857757568359,0.215116515755653,0.0854186490178108,0.00103969126939774,0.0103627564385533,0,4.76424889123139e-12,0,0.682440757751465,389288.8125,64.3619735750997
"PL432",1.58898067474365,10.9523010253906,20.2918338775635,11.0585880279541,18.7028522491455,1.85908210277557,1.59885036945343,2.27428913116455,1.48414087295532,83.9689331054688,69.8580932617188,66.6208953857422,80.2569122314453,0.219255402684212,0.0646489262580872,0.000302221364108846,0.0154242804273963,0,1.2303057878027e-12,0,0.696638703346252,677990.25,86.1074998471792
"PL514",1.12005281448364,10.8630752563477,20.2335166931152,10.8158864974976,19.1134662628174,1.70790863037109,1.62670636177063,2.53679156303406,1.4783182144165,83.3258666992188,70.5028686523438,68.8861312866211,80.1162719726562,0.373901456594467,0.0901614651083946,8.59650184370508e-10,0.0416095517575741,0,0,0,0.494162321090698,74391.203125,257.421504539022
"PL515",0.737769246101379,10.1901731491089,19.4397296905518,10.3731460571289,18.7019596099854,3.05318570137024,2.42505431175232,3.16805171966553,2.36547255516052,84.707878112793,72.5909881591797,71.539436340332,82.4359664916992,0.264475852251053,0.0850051641464233,0.000399051612475887,0.0210611298680305,0,0.00215445691719651,0,0.626410722732544,571122.75,102.717355920393
"PL516",1.32476758956909,10.9433736801147,20.2302188873291,10.9165344238281,18.9054508209229,1.73917615413666,1.63227164745331,2.54123020172119,1.4851405620575,83.6363372802734,70.7117233276367,68.3923645019531,80.5067901611328,0.379290491342545,0.0947129875421524,6.16772194916848e-06,0.0246281325817108,0,0,0,0.498975157737732,391483.40625,114.924076597194
"PL517",-0.487726032733917,9.07790088653564,18.4895877838135,9.38440036773682,18.9773120880127,2.31032133102417,2.19610929489136,3.16803908348083,2.07399654388428,84.6667098999023,73.4949111938477,73.6478271484375,82.953727722168,0.343255192041397,0.110161140561104,0.00192358472850174,0.0233723875135183,0,0.000213261286262423,0.0358140841126442,0.48523285984993,492781.875,117.425607446552
"PL518",0.91968446969986,10.6585636138916,20.0199813842773,10.6485033035278,19.1002960205078,1.70140957832336,1.66511511802673,2.59802889823914,1.53094863891602,83.173942565918,70.740852355957,69.3713760375977,80.2384643554688,0.412135094404221,0.0999774113297462,1.11458886564719e-09,0.0312009565532207,0,2.96171615878082e-12,0,0.455893039703369,1211092,189.687833856671
"PL523",0.265366554260254,10.0517301559448,19.4339847564697,10.2176742553711,19.1686191558838,2.06954050064087,2.05883193016052,2.9626772403717,1.94831359386444,83.0584411621094,71.5777282714844,71.1533813476562,80.3792190551758,0.43979686498642,0.106802836060524,0.000426777929533273,0.0160758253186941,0,0.00904381833970547,0,0.426352351903915,357060.59375,87.5897820995687
"PL524",0.761260807514191,10.6107997894287,19.8717422485352,10.635968208313,19.1104831695557,1.9352742433548,1.84213626384735,2.69709277153015,1.75840389728546,83.4640197753906,70.7601547241211,69.9056930541992,79.851432800293,0.357359200716019,0.0834997147321701,7.58429985481257e-10,0.0195200014859438,0,2.17625461922111e-12,0,0.536504566669464,542849.5,102.579021233818
"PL613",0.851558744907379,10.0593967437744,19.1630916595459,10.1836290359497,18.3115329742432,1.57570087909698,1.37455320358276,2.28034090995789,1.42510390281677,86.7572555541992,73.3583526611328,73.1121826171875,83.4718627929688,0.456837922334671,0.122158549726009,8.70229666105615e-10,0.0349288284778595,0,0,0,0.377093613147736,482058.03125,166.27921946914
"PL616",0.70031076669693,10.1051740646362,19.2149448394775,10.1312093734741,18.5146350860596,1.70312583446503,1.43369293212891,2.34636688232422,1.51328885555267,87.3038101196289,73.9438095092773,74.3377304077148,83.7320327758789,0.478728860616684,0.132270395755768,3.70737798220944e-05,0.0234490875154734,0,0,0,0.356630116701126,496034.90625,121.828679970932
"PL617",0.896594405174255,10.1664123535156,19.3160247802734,10.2522087097168,18.4194316864014,1.54541945457458,1.33830308914185,2.25047779083252,1.38562798500061,86.4210586547852,72.8374557495117,72.0734176635742,83.0049896240234,0.50611424446106,0.129632085561752,1.52665380337424e-09,0.0188258811831474,0,0,0,0.335213154554367,404239.03125,101.068696048583
"PL618",0.800784528255463,9.65373992919922,18.8131523132324,10.0426568984985,18.0123691558838,1.83794510364532,1.49833595752716,2.31255626678467,1.60113704204559,87.5661926269531,74.179931640625,74.2360687255859,84.2944641113281,0.334425956010818,0.100931689143181,0.000149900268297642,0.0183327905833721,0,1.18509531615157e-12,0,0.536684453487396,352981.875,105.91614266097
"PL619",0.787558078765869,10.3437929153442,19.4827175140381,10.2606325149536,18.695161819458,1.66823184490204,1.4235428571701,2.30556178092957,1.45322585105896,86.2989120483398,72.6923980712891,72.1308670043945,82.6404647827148,0.461341828107834,0.12871353328228,1.60446300689898e-09,0.0160370469093323,0,0,0,0.376141101121902,333409.28125,92.0622181429042
"PL621",0.297033458948135,9.70838642120361,18.9372062683105,9.86820411682129,18.6401748657227,2.05440902709961,1.63629627227783,2.50376868247986,1.98052871227264,87.7083969116211,74.7093811035156,75.698860168457,84.1914901733398,0.301869988441467,0.121615044772625,0.000433853536378592,0.011176647618413,0,0.00867161527276039,0,0.489106953144073,463362.53125,63.7390101388274
"PL622",-0.478094965219498,9.24466705322266,18.7202568054199,9.37601470947266,19.1983509063721,2.14601016044617,1.72096610069275,2.54947853088379,1.96293532848358,87.6635284423828,74.1722946166992,75.2087020874023,84.3718185424805,0.266378074884415,0.130493879318237,0.000286994967609644,0.00972487218677998,1.60850431711879e-05,0.00700058648362756,0.335765838623047,0.22821107506752,568211.1875,55.2977525993069
"PL623",-0.946486830711365,9.15029335021973,18.6789112091064,9.08830165863037,19.6253986358643,1.95799076557159,1.70843982696533,2.62285780906677,1.84710454940796,87.4697875976562,73.88330078125,75.1223297119141,84.4561233520508,0.266266226768494,0.131097346544266,0.00130612624343485,0.0080743869766593,1.74817887454992e-05,0.0159088633954525,0.0841754302382469,0.438796252012253,281962.875,44.4346213682501
"PL633",0.893151223659515,9.21021366119385,18.5159549713135,10.1168146133423,17.6228046417236,1.90439784526825,1.49255812168121,2.39515066146851,2.04148650169373,86.6698837280273,75.9888229370117,76.4582672119141,83.800422668457,0.30888232588768,0.101488083600998,1.02171782145888e-09,0.0652837082743645,0,0,0,0.33564567565918,129569.15625,294.031622101179
"PL634",0.899901747703552,8.90258312225342,18.2561779022217,10.0497035980225,17.3562755584717,2.24342560768127,1.60379648208618,2.50213122367859,2.23630952835083,86.9749450683594,76.6073913574219,77.4424819946289,84.1836395263672,0.256958484649658,0.0854251459240913,0.000401532073738053,0.0293799843639135,0,1.6463891370222e-05,0,0.414535015821457,678792.6875,159.385800622152
"PL636",0.93623948097229,8.80422782897949,18.1137790679932,10.0424976348877,17.1775398254395,2.84448170661926,1.88324820995331,2.78979539871216,2.55818295478821,87.8534545898438,75.9982299804688,77.48046875,85.0819396972656,0.242218494415283,0.0730035230517387,9.5081573817879e-05,0.00973575934767723,0,0,0,0.613865315914154,246958.75,47.4449404056074
"PL637",0.702207922935486,9.05087661743164,18.3259716033936,9.85313892364502,17.6237640380859,2.38761401176453,1.74581563472748,2.49889993667603,1.96689033508301,88.6393051147461,75.1571273803711,75.8811950683594,85.4607238769531,0.261815577745438,0.0841906294226646,0.000335013028234243,0.00522736925631762,0,2.87240852847939e-13,0,0.63436609506607,234848.921875,57.4052966952067
"PL638",0.745184779167175,9.64921474456787,18.8203105926514,10.0305805206299,18.0751266479492,1.7759917974472,1.4771591424942,2.35940837860107,1.77572238445282,87.2434310913086,75.0216979980469,75.5378952026367,83.8839416503906,0.337600946426392,0.112534239888191,0.000525958254002035,0.0202404856681824,0,1.05477616658273e-12,0,0.469024270772934,487873.28125,119.497802811162
"PL711",0.568526029586792,10.3738803863525,19.5316524505615,10.1825542449951,18.9631252288818,2.05320978164673,1.69732165336609,2.37662577629089,1.56147348880768,85.6941223144531,72.0828857421875,71.1090621948242,81.7255172729492,0.385777860879898,0.0979994684457779,1.10025599742158e-09,0.0757603421807289,0,0,0,0.440462321043015,90544.9609375,311.109282917955
"PL712",0.555900454521179,10.3702058792114,19.5360832214355,10.173303604126,18.9801826477051,2.05265283584595,1.70010673999786,2.37284255027771,1.55722105503082,85.6992416381836,72.136360168457,71.2140502929688,81.7703704833984,0.392098039388657,0.101014614105225,1.00886421439128e-09,0.0679684206843376,0,0,0,0.43866366147995,626773.9375,282.391290781164
"PL713",0.471628755331039,10.4217576980591,19.5945205688477,10.1991376876831,19.1228923797607,2.11363434791565,1.83802008628845,2.50015759468079,1.6362566947937,85.395866394043,71.8129425048828,70.9716796875,81.4261627197266,0.334703683853149,0.100098356604576,5.6846394258514e-10,0.0179288946092129,0,0,0,0.547269105911255,561570.0625,95.1611902249248
"PL714",0.811450242996216,10.5772228240967,19.7466201782227,10.4755172729492,18.9351692199707,2.00784373283386,1.69258546829224,2.46343231201172,1.60829615592957,85.0775756835938,71.2210998535156,69.5955657958984,80.8589019775391,0.411015301942825,0.111360877752304,1.49771495205897e-09,0.0221491232514381,0,0,0,0.455432683229446,660320.25,117.80897693197
"PL715",0.582927107810974,10.4463090896606,19.6311702728271,10.1613321304321,19.0482425689697,1.86873078346252,1.62136781215668,2.30436325073242,1.47927868366241,85.5172348022461,72.2818603515625,71.7406311035156,81.9761199951172,0.424678385257721,0.134382948279381,0.000125324819236994,0.0149662811309099,0,0,0,0.421596735715866,341883.3125,83.9320342814444
"PL721",-0.019468517974019,10.2723016738892,19.4729175567627,9.9589958190918,19.4923858642578,1.95224499702454,1.91632544994354,2.5651524066925,1.64172101020813,84.9710235595703,71.9126739501953,72.0242233276367,81.6914749145508,0.26387631893158,0.090320535004139,1.14354137270567e-09,0.0266044642776251,0,0,0,0.618948042392731,600524.125,119.87661535725
"PL722",0.0747519806027412,10.4184799194336,19.6229133605957,10.1633577346802,19.5481624603271,1.74919259548187,1.93843030929565,2.60226988792419,1.63924539089203,83.9826049804688,71.2769241333008,71.6995391845703,80.85986328125,0.294519931077957,0.106733351945877,1.52539525455353e-09,0.0210737846791744,0,0,0,0.576626062393188,714719.6875,107.687543584629
"PL811",-0.574365019798279,10.1879644393921,19.6035861968994,9.6377363204956,20.1779518127441,1.82634770870209,1.85844683647156,2.42866921424866,1.61866617202759,85.2585296630859,71.7295455932617,71.4275436401367,81.8247299194336,0.357060611248016,0.123497225344181,0.00122853554785252,0.00521696545183659,0,0,0,0.510911643505096,183453.21875,30.8218600768092
"PL812",-0.612475574016571,10.1410140991211,19.5370101928711,9.83025074005127,20.1494846343994,1.74614930152893,1.99852979183197,2.69711709022522,1.71713936328888,84.4145660400391,71.9130935668945,72.9632186889648,81.1683654785156,0.375116914510727,0.114175267517567,6.18597696302459e-05,0.0115649672225118,0,0.00679930532351136,0,0.491386443376541,506143.96875,54.4499017107256
"PL814",-0.410531908273697,10.1901988983154,19.5234241485596,9.75422191619873,19.9339561462402,1.97677791118622,2.03453516960144,2.49508452415466,1.67941057682037,84.8587799072266,71.5761795043945,71.9496078491211,81.5816116333008,0.418850123882294,0.117307007312775,0.000174346365383826,0.0392769873142242,0,0,0,0.422774344682693,675252.625,160.993394898933
"PL815",-0.196056991815567,10.2986936569214,19.5886497497559,9.85980415344238,19.7847061157227,1.92594289779663,1.95418405532837,2.45882630348206,1.67070627212524,84.5590362548828,71.222282409668,71.6484069824219,81.5211486816406,0.356869459152222,0.115416675806046,3.11183066514786e-05,0.0139802033081651,0,0,0,0.510123789310455,476904.65625,84.6863398402605
"PL821",-0.839746117591858,9.83552360534668,19.1203517913818,9.78892230987549,19.9600982666016,2.16352534294128,2.67636895179749,3.44880056381226,2.34116697311401,84.9103927612305,73.554069519043,76.6595458984375,82.6761322021484,0.159666955471039,0.0620293319225311,0.000274424441158772,0.0152651928365231,0,0.0437767282128334,0.00882882717996836,0.710126340389252,394900.5,70.9602821623439
"PL822",-0.235144108533859,10.3350296020508,19.5825386047363,10.200930595398,19.8176803588867,2.06907367706299,2.40721440315247,2.97012805938721,2.0345664024353,83.7683639526367,72.1874771118164,74.2590942382812,80.7403717041016,0.247711509466171,0.0923403576016426,0.000206127529963851,0.0127861518412828,0,0.0880477130413055,0,0.55890816450119,339285.21875,79.4109410257193
"PL823",-0.111161507666111,10.4527225494385,19.6907615661621,10.2727184295654,19.8019237518311,2.04899549484253,2.29887795448303,2.92861461639404,1.96291792392731,83.3933334350586,71.4075622558594,72.7813415527344,80.4292449951172,0.202595129609108,0.0899277776479721,3.57568319486745e-06,0.0281975977122784,0,0,0,0.679275929927826,507675.28125,144.88870009226
"PL824",-0.040775578469038,10.496584892273,19.7177886962891,10.2305126190186,19.7585639953613,1.88189518451691,2.10957837104797,2.74507927894592,1.78930008411407,83.2271881103516,70.900764465332,71.7449722290039,80.2176055908203,0.254563540220261,0.0981746912002563,1.12826091935858e-06,0.0274973921477795,0,0,0,0.619035422801971,616999.75,137.711557083672
"PL841",-1.15647840499878,9.59594917297363,19.0536308288574,9.07752799987793,20.2101078033447,1.77546691894531,1.7943639755249,2.59950685501099,1.73132860660553,86.6680526733398,72.7593231201172,73.4014511108398,83.5827560424805,0.255833446979523,0.118112027645111,0.0079278014600277,0.0215196646749973,0,0.00685495184734464,0,0.588080704212189,450928.96875,88.2793717478413
"PL842",-0.763986527919769,9.83569622039795,19.2434349060059,9.29598236083984,20.0074214935303,1.90849244594574,1.83167517185211,2.55271530151367,1.71527004241943,86.57177734375,72.700080871582,72.9911117553711,83.3376617431641,0.292981624603271,0.149509653449059,0.00442737992852926,0.0071871536783874,0,3.51675980003741e-12,0,0.545598983764648,375181.78125,42.6272678616441
"PL843",-1.16920232772827,9.27985286712646,18.7943992614746,8.99689769744873,19.96360206604,1.88250422477722,1.74293565750122,2.66227126121521,1.80391824245453,87.1136627197266,73.561767578125,74.7117462158203,84.2360763549805,0.290497571229935,0.131053924560547,0.0056351525709033,0.00728141283616424,0,0.0169842503964901,0,0.534997642040253,252161.21875,40.8182329048202
"PL911",0.281977236270905,10.5001497268677,19.7828235626221,9.94917011260986,19.500846862793,1.94969856739044,1.64337229728699,2.3221116065979,1.42865872383118,85.1581954956055,71.6033935546875,71.7463150024414,82.257568359375,0.219870567321777,0.0788493379950523,7.72316821606722e-10,0.153608307242393,0,0,0,0.53917932510376,397485.59375,786.836435715341
"PL912",0.0425450503826141,10.3401231765747,19.6297035217285,9.8004732131958,19.587158203125,1.88981986045837,1.70071887969971,2.3012068271637,1.45981705188751,85.429817199707,71.7735290527344,71.9141998291016,82.4858474731445,0.271007806062698,0.113502763211727,0.000770624144934118,0.0822244882583618,0,0,0,0.528569877147675,1387289,440.857651988662
"PL913",0.30121448636055,10.4515724182129,19.7419624328613,9.97122097015381,19.4407482147217,1.89479327201843,1.61041951179504,2.31396865844727,1.43370819091797,85.2207183837891,71.897102355957,72.0801849365234,82.2788543701172,0.266059428453445,0.0891554281115532,0.00023547672026325,0.0961036309599876,0,0,0,0.53782993555069,1239615.375,502.172013410653
"PL921",0.0305466260761023,10.3532886505127,19.6068668365479,9.91047954559326,19.5763187408447,1.80875384807587,1.8308972120285,2.43862366676331,1.55060040950775,84.5166397094727,71.5962753295898,71.9276428222656,81.7254943847656,0.296688288450241,0.0957874953746796,0.000297819438856095,0.0202085971832275,0,0,0,0.582075893878937,644960.625,112.333485658387
"PL922",0.154267981648445,10.1161127090454,19.3575038909912,9.84584617614746,19.2032356262207,1.92458629608154,1.61471080780029,2.30748534202576,1.56877982616425,86.9560089111328,73.1732559204102,73.4600524902344,83.4900665283203,0.362211912870407,0.150267943739891,0.000154480308992788,0.00786460656672716,0,4.56021505279569e-13,0,0.477524071931839,342924.21875,65.3304860629731
"PL923",0.480712652206421,10.2915668487549,19.4662246704102,10.0830698013306,18.9855136871338,1.80185794830322,1.53074097633362,2.26786589622498,1.47708773612976,86.3794326782227,72.8804092407227,72.5735778808594,82.7600784301758,0.394255578517914,0.147703602910042,1.17690468481868e-09,0.0146261742338538,0,0,0,0.43289515376091,307226.5625,92.8003609830056
"PL924",-0.283691108226776,9.91962909698486,19.2580070495605,9.55089378356934,19.5416984558105,2.00153303146362,1.77337336540222,2.46801805496216,1.70795297622681,86.63720703125,72.642822265625,72.7640838623047,83.3726577758789,0.267781764268875,0.157016739249229,0.000242271111346781,0.0052685309201479,0,4.98244674684845e-12,0,0.569390058517456,344253.9375,52.9660096133521
"PL925",-0.271026074886322,10.2452554702759,19.5620059967041,9.66400146484375,19.8330326080322,1.83370697498322,1.78680443763733,2.36713147163391,1.57313799858093,85.7926254272461,72.1989593505859,72.3002395629883,82.7585906982422,0.333030223846436,0.145719468593597,0.000224770905333571,0.00946546625345945,0,0,0,0.509142875671387,433027,72.5119947080623
"PL926",0.318436920642853,10.4370212554932,19.6970710754395,9.99739837646484,19.3786334991455,1.83946108818054,1.68528521060944,2.33933854103088,1.47781670093536,84.8984832763672,71.823371887207,71.9496002197266,81.9732666015625,0.346488803625107,0.114910148084164,0.00117297482211143,0.010413802228868,0,0,0,0.52101719379425,223931.34375,88.4590400132125
"PT111",8.86756706237793,12.9308748245239,20.5599098205566,15.3947954177856,11.6923418045044,6.55234050750732,3.27256917953491,1.24880409240723,5.83165788650513,82.2007446289062,75.2878265380859,74.0165481567383,80.5855484008789,0.0690888166427612,0.0868510603904724,4.97717034253498e-10,0.0240795165300369,0.000153681496158242,0,0.664811193943024,0,228626.75,103.444747588894
"PT112",8.24025058746338,12.3983497619629,20.2278995513916,14.8778886795044,11.9876489639282,6.45438098907471,3.25364470481873,1.21996450424194,5.69250535964966,82.2929000854492,74.7497024536133,72.9150619506836,80.0937576293945,0.0729611366987228,0.0728137493133545,3.66742386459507e-10,0.0270420368760824,0.000118861884402577,0,0.717717945575714,0,137598.625,111.825770282757
"PT119",7.61167573928833,12.1153450012207,20.4217796325684,14.5794038772583,12.8101043701172,5.82157611846924,2.950040102005,1.05907356739044,4.92385053634644,82.6167068481445,73.20458984375,70.0826416015625,78.7258987426758,0.102057278156281,0.0965408757328987,0.000219267487409525,0.0254849400371313,8.87317510205321e-05,0,0.774570882320404,0,240103.71875,164.336677774304
"PT11A",9.8042163848877,14.1398477554321,21.8497352600098,16.6143341064453,12.0455179214478,5.57778358459473,2.82564282417297,0.91910719871521,4.69523763656616,81.824104309082,73.0419616699219,70.1201629638672,78.1771926879883,0.098736934363842,0.0584474541246891,1.27621502254982e-09,0.0308911744505167,2.55125452014449e-11,0,0.811924397945404,0,206808.03125,103.258112792361
"PT11B",6.29152393341064,11.4666051864624,20.6910858154297,13.7875995635986,14.399561882019,4.94000816345215,2.65111875534058,1.08362567424774,4.2283501625061,82.4707260131836,70.9601745605469,65.645622253418,76.6283111572266,0.090448185801506,0.143849104642868,0.00105003034695983,0.00584154110401869,0.000210415673791431,0.00855770707130432,0.744833588600159,0.00143134943209589,85672.0390625,29.2795161616412
"PT11C",8.71719932556152,13.1662006378174,21.2219638824463,15.6357746124268,12.5047645568848,5.43545579910278,2.68791270256042,0.926369071006775,4.48767375946045,82.1124038696289,72.6458435058594,69.6867752075195,78.1715240478516,0.139825791120529,0.105510741472244,1.85486881409958e-09,0.0333203673362732,2.68805568082175e-11,0,0.721343100070953,0,502626.96875,273.990868306759
"PT11D",7.26772356033325,12.5340166091919,21.8985710144043,14.8761405944824,14.6308469772339,3.55689811706543,1.76014757156372,0.791347086429596,3.07614517211914,81.7826766967773,68.506103515625,61.6190986633301,74.4824295043945,0.118850268423557,0.166224420070648,0.00318297278136015,0.00721833109855652,1.59482453909732e-07,0.304938822984695,0.334225326776505,0.0653597116470337,161181.078125,39.7751242490548
"PT11E",6.7484860420227,12.6717958450317,22.566520690918,14.7797765731812,15.8180360794067,3.25660872459412,1.7568176984787,0.874053537845612,2.8991870880127,80.66357421875,66.3812484741211,57.4417152404785,72.5884246826172,0.139126494526863,0.198218882083893,0.0150236440822482,0.00318103050813079,0.000143891113111749,0.212733313441277,0.347128033638,0.0835241824388504,93075.8203125,16.9391588994981
"PT150",12.2145547866821,16.3222408294678,24.3323459625244,19.0387210845947,12.1177892684937,2.95947790145874,1.39239585399628,0.179840892553329,2.51418900489807,78.125602722168,67.6106491088867,57.2345504760742,72.0123825073242,0.0990987792611122,0.106819711625576,0.014429803006351,0.0102473236620426,0,0.455771386623383,0,0.105343662202358,304702.15625,61.3960309174515
"PT16B",12.0930709838867,15.7980794906616,22.7482280731201,18.5047073364258,10.6551561355591,2.7551600933075,1.41185259819031,0.260536372661591,2.83987307548523,79.7902603149414,73.5836715698242,72.376823425293,78.3383712768555,0.169460222125053,0.160183489322662,2.08854222805144e-09,0.0164537578821182,8.03994978232359e-12,0.074290320277214,0.269642889499664,0.0420632809400558,309249.28125,139.080452091446
"PT16D",10.6530685424805,14.9152097702026,22.5694332122803,17.4339981079102,11.9163627624512,4.98504257202148,2.52349710464478,0.799945890903473,4.33005094528198,81.2193298339844,72.8755493164062,69.980339050293,77.7823028564453,0.0730905905365944,0.0419955588877201,7.96003651881705e-10,0.0255075599998236,2.38916577494086e-11,0,0.81615024805069,0,78909.6171875,46.9925689471346
"PT16E",10.7972764968872,15.0223741531372,23.0336952209473,17.6681480407715,12.2364177703857,4.09821128845215,1.98750448226929,0.616736352443695,3.73360061645508,80.3262634277344,71.9862747192383,68.5138092041016,76.6724090576172,0.0809638425707817,0.0681354328989983,0.000390213303035125,0.0230863709002733,1.78645674642208e-11,0.176770344376564,0.54182231426239,0.0119584836065769,339685.96875,77.0314099202305
"PT16F",11.3767223358154,15.4251136779785,23.1536121368408,18.1294479370117,11.7768898010254,3.36444354057312,1.74513244628906,0.448476642370224,3.20410919189453,79.6633758544922,72.1297149658203,69.616569519043,77.1138305664062,0.0999343916773796,0.110258601605892,1.28239951990849e-09,0.034593503922224,1.39564781172913e-12,0.558944404125214,0.0418064519762993,0.122599557042122,229789.203125,95.5437001146089
"PT16G",9.47993278503418,14.1245241165161,22.5455589294434,16.6382942199707,13.0656270980835,4.77733755111694,2.43350458145142,0.85083943605423,4.11670064926147,81.9375457763672,71.4881286621094,66.218391418457,76.2203063964844,0.0793986916542053,0.0821706205606461,4.66538840555586e-05,0.0208108518272638,2.16071310149557e-11,0.0259359125047922,0.788386762142181,0.003250538604334,252003.5,78.5627566535494
"PT16H",9.79227828979492,14.8572092056274,24.4784317016602,17.5737171173096,14.6861534118652,3.20768165588379,1.58545577526093,0.454821228981018,3.17939972877502,78.4739608764648,64.9995040893555,53.249397277832,69.3325881958008,0.106762245297432,0.204415693879128,0.0376684814691544,0.00493267178535461,0,0.53849470615387,0,0.107592329382896,77813.3515625,17.0685357280023
"PT16I",11.1176519393921,15.4080142974854,23.5930881500244,18.1673717498779,12.4754343032837,3.23743271827698,1.68754851818085,0.420887231826782,3.16797113418579,79.5063323974609,69.4826507568359,63.3296279907227,74.2421646118164,0.0953632816672325,0.118220470845699,0.00714311329647899,0.0154201546683908,0,0.616378128528595,0,0.141062170267105,173478.078125,51.5722036819013
"PT16J",8.25582790374756,13.4706087112427,23.1681041717529,16.0349178314209,14.9122743606567,3.64400672912598,1.8307101726532,0.679284036159515,3.45377683639526,80.6018295288086,67.2043304443359,57.0013694763184,71.9329376220703,0.10951092094183,0.204465836286545,0.0154013223946095,0.00803586840629578,7.23937728340507e-13,0.509985983371735,0.0270947236567736,0.125391200184822,166619.390625,26.3724672495171
"PT170",12.8221321105957,16.6949577331543,23.7199630737305,19.3724555969238,10.8978319168091,2.59787702560425,1.3272008895874,0.232187733054161,2.63851022720337,79.372184753418,71.6966094970703,68.1020889282227,76.4817276000977,0.134967818856239,0.131638213992119,0.000111505622044206,0.134671404957771,2.32365504875681e-13,0.228304371237755,0.00779304699972272,0.145722135901451,1914457,654.796939315837
"PT181",12.4944667816162,16.6104412078857,24.3485851287842,19.3573150634766,11.854118347168,2.59037923812866,1.31557679176331,0.201487481594086,2.45189356803894,78.5605850219727,70.046875,64.3505020141602,74.7845230102539,0.1396594196558,0.141148090362549,0.0341186039149761,0.00239684106782079,0,0.277921676635742,0,0.160887181758881,91808.0234375,17.5005557995753
"PT184",11.8692026138306,16.5761413574219,25.3395442962646,19.3385066986084,13.4703416824341,2.38718938827515,1.34572422504425,0.226456433534622,2.30146741867065,77.778076171875,65.3949813842773,54.2176742553711,69.6430435180664,0.254101902246475,0.254552096128464,0.0452522970736027,0.00375697971321642,0,0.213490888476372,0,0.2171800583601,122697.09375,14.4669240993747
"PT185",12.2012405395508,16.3437976837158,24.163293838501,19.1239223480225,11.9620542526245,2.66843438148499,1.38030660152435,0.296657502651215,2.74480509757996,79.2189407348633,68.6366271972656,62.1099472045898,73.7956466674805,0.20004902780056,0.208386197686195,0.0122313043102622,0.0181430839002132,0,0.302358567714691,0,0.253054231405258,340012.46875,79.0526603373392
"PT186",11.0288763046265,15.9684419631958,25.3556728363037,18.7989311218262,14.3267946243286,2.7999312877655,1.40893757343292,0.366922736167908,2.88105058670044,78.0768737792969,64.6961135864258,53.3529586791992,68.9345245361328,0.217957213521004,0.299754917621613,0.0291902907192707,0.00493565620854497,0,0.271349102258682,0,0.176812797784805,108141.9453125,17.7827672847504
"PT187",11.6739149093628,16.4007911682129,25.3542919158936,19.2577304840088,13.6803750991821,2.41181182861328,1.33524823188782,0.294397622346878,2.43937516212463,77.699951171875,65.0429458618164,54.2298126220703,69.4139709472656,0.26148334145546,0.302658468484879,0.0293489713221788,0.00675339763984084,0,0.177821964025497,0,0.221193000674248,170449.375,23.0656763969486
"RO111",0.485633730888367,11.6851358413696,21.3878784179688,11.8506164550781,20.9022464752197,2.47686195373535,2.38891863822937,3.05611753463745,2.3140504360199,83.5907745361328,69.1251831054688,69.888916015625,77.4259719848633,0.277114301919937,0.223672568798065,0.0210685897618532,0.00423156144097447,0,0.215571790933609,0.0132764698937535,0.245064690709114,371245.6875,49.8515827098663
"RO112",-2.35803985595703,9.10736560821533,18.5135936737061,9.19451522827148,20.8716335296631,2.10137176513672,2.30939149856567,3.35922193527222,2.05391097068787,84.028923034668,72.3005294799805,76.7419891357422,81.076042175293,0.236174583435059,0.0796912685036659,0.00799056608229876,0.00537667982280254,0.000138083269121125,0.00630818866193295,0.632133603096008,0.0321870259940624,275550.46875,51.457996784303
"RO113",-0.954007148742676,10.2667236328125,19.7352676391602,10.4571218490601,20.6892738342285,2.2464964389801,2.3737907409668,3.19162106513977,2.01373529434204,83.6655349731445,71.0933456420898,74.4966049194336,79.7850570678711,0.200719058513641,0.269410640001297,0.0349272564053535,0.00938848871737719,0,0.195939093828201,0.0953638330101967,0.194251671433449,646007.5625,96.65123154062
"RO114",-2.59335136413574,8.65156841278076,18.1446170806885,8.82514667510986,20.7379684448242,2.63125252723694,2.6012008190155,3.63401460647583,2.47603821754456,85.1549911499023,73.7042770385742,78.4307861328125,82.2596893310547,0.0818597823381424,0.183675825595856,0.0242346078157425,0.00990866031497717,0.000744536810088903,0.0132950330153108,0.67447966337204,0.0118018900975585,442357.40625,70.2881516084925
"RO115",0.355784386396408,11.9940519332886,21.5271072387695,11.8376340866089,21.1713237762451,2.04286170005798,1.94845902919769,2.69597411155701,1.9553394317627,82.7848892211914,67.7421188354492,69.4070587158203,76.5188903808594,0.264266610145569,0.259874224662781,0.00236064731143415,0.00827043037861586,7.48632510294556e-06,0.053965087980032,0.171646043658257,0.239609569311142,314848.34375,70.1807484000776
"RO116",-0.369969695806503,11.0494060516357,20.5320796966553,11.0549945831299,20.9020481109619,1.86417281627655,1.99058759212494,2.93480682373047,1.88758587837219,83.7162246704102,70.2304306030273,72.8969421386719,79.0845642089844,0.186775252223015,0.308945089578629,0.00877921003848314,0.00606564618647099,0,0.210207179188728,0.0504148341715336,0.228812798857689,192885.171875,50.5413622810748
"RO121",-1.16961014270782,9.53438091278076,19.1050148010254,10.057562828064,20.2746257781982,1.75477564334869,2.18317270278931,3.04241967201233,1.67031145095825,82.2801055908203,72.0366897583008,75.53662109375,79.3862075805664,0.135242402553558,0.228230953216553,0.0500516481697559,0.0044389171525836,1.10829463016996e-30,0.117597855627537,0.307324796915054,0.157113417983055,282640.40625,45.3918539661687
"RO122",-1.3131902217865,9.62586116790771,19.0774669647217,9.99198150634766,20.3906574249268,1.80087625980377,2.41190981864929,3.51485753059387,1.70987939834595,82.6935882568359,73.461784362793,77.202033996582,80.6653594970703,0.155049458146095,0.105876699090004,0.0252376385033131,0.00817820522934198,0,0.356866538524628,0.0682615041732788,0.280529975891113,415230.375,77.040866110898
"RO123",-2.18004274368286,8.95182514190674,18.7048416137695,9.37829399108887,20.8848876953125,1.68702507019043,2.29337620735168,3.21607422828674,1.57625079154968,83.5276565551758,74.3568725585938,78.2173690795898,81.6520843505859,0.146624654531479,0.103915512561798,0.0289992317557335,0.0105879316106439,0,0.33464851975441,0.267129510641098,0.108094625174999,279299.09375,75.657647615581
"RO124",-3.46844244003296,7.88224649429321,17.4375514984131,8.1584587097168,20.9059963226318,1.58153140544891,2.18044948577881,3.10248255729675,1.54987859725952,83.706901550293,73.4188385009766,77.7197723388672,81.2282333374023,0.15642523765564,0.0914556533098221,0.0239131543785334,0.00378829892724752,0,0.0328932218253613,0.679670691490173,0.0118236588314176,250296.0625,37.84241757893
"RO125",-1.42686116695404,10.2016859054565,19.549503326416,10.1573696136475,20.9763641357422,1.53584110736847,2.05983924865723,2.93246412277222,1.61832118034363,82.6251754760742,70.0936737060547,74.1513442993164,78.6516189575195,0.340155392885208,0.0999806821346283,0.00548744248226285,0.00737957935780287,0,0.0746755227446556,0.328072488307953,0.144248872995377,462098,69.0764237330505
"RO126",-0.904615819454193,9.99357414245605,19.4555721282959,10.3417091369629,20.3601894378662,1.61131143569946,2.3608615398407,3.46912884712219,1.75674784183502,81.9988250732422,71.7073440551758,75.084098815918,79.1418304443359,0.190235793590546,0.113442353904247,0.0256998781114817,0.00686033954843879,0,0.323525696992874,5.67093375138938e-05,0.340179175138474,353467.53125,65.039055608324
"RO211",-1.31070911884308,10.2557287216187,20.5799236297607,10.6037263870239,21.8906326293945,1.43185842037201,2.01441192626953,2.68136882781982,1.39740169048309,82.1379776000977,71.0831146240234,72.741828918457,78.9359512329102,0.239778250455856,0.211088463664055,0.0163308158516884,0.00922645628452301,0,0.273565679788589,0.102395832538605,0.147179424762726,477728.09375,72.7509398182723
"RO212",-0.178960308432579,11.5794744491577,22.3485698699951,11.7804880142212,22.5275287628174,1.49921929836273,1.83994078636169,2.47836709022522,1.40678215026855,82.1557159423828,67.6188049316406,68.1147766113281,76.8988723754883,0.482401013374329,0.181363344192505,0.00242953049018979,0.0076839323155582,0,0.094731330871582,0,0.230793967843056,356779,71.6325366040503
"RO213",-0.236670359969139,11.7293729782104,22.3949031829834,11.9238433837891,22.6315746307373,1.71949863433838,1.96748340129852,2.29361438751221,1.51883220672607,82.5781860351562,67.601692199707,66.9032287597656,76.1017684936523,0.417943179607391,0.211560994386673,0.000804342445917428,0.00968420691788197,0,0.120421476662159,0,0.239470809698105,507732.90625,93.1728417568694
"RO214",-2.32861948013306,9.22145652770996,19.3472156524658,9.52014446258545,21.6758346557617,1.53403496742249,2.24327540397644,3.035236120224,1.45042288303375,82.4885635375977,71.8679351806641,74.2144470214844,79.9933776855469,0.201463684439659,0.177567094564438,0.0106381447985768,0.0107269240543246,0,0.370847314596176,0.0709124207496643,0.155380427837372,435492.15625,74.117922342224
"RO215",-3.00099849700928,8.29727554321289,18.2283630371094,8.64829921722412,21.229362487793,1.55845808982849,2.34054780006409,3.47564792633057,1.61185657978058,82.6661605834961,73.3951034545898,76.6931457519531,81.2433013916016,0.168224602937698,0.094461590051651,0.00817231554538012,0.00736624607816339,3.75235708816035e-06,0.415156364440918,0.142904043197632,0.163037344813347,475804.40625,55.7252279776336
"RO216",-0.128794685006142,11.6623067855835,22.3755035400391,12.0069818496704,22.5042991638184,1.76640558242798,1.81419694423676,2.05643892288208,1.4812068939209,82.3757476806641,67.8192367553711,66.6109313964844,75.6885604858398,0.431958466768265,0.219078913331032,1.2966465678943e-09,0.00635520135983825,0,0.100134715437889,0,0.242472723126411,233633.96875,43.6338546245587
"RO221",1.7384352684021,12.9604969024658,24.146821975708,13.9669809341431,22.4083881378174,1.67681133747101,1.50644111633301,1.82588315010071,1.30688953399658,81.7713470458984,68.6552276611328,64.6898880004883,74.0544738769531,0.635136246681213,0.172438725829124,0.0228264126926661,0.00952018611133099,0,0.0199421141296625,0,0.122190624475479,378194.75,79.6966467878261
"RO222",0.289499044418335,11.5502452850342,22.1395702362061,12.2213163375854,21.8500709533691,1.78605544567108,1.92012417316437,2.65985202789307,1.5703741312027,80.7083511352539,69.7107238769531,68.7950744628906,76.1070175170898,0.453054130077362,0.175354719161987,0.00965506955981255,0.00971089117228985,0,0.150569215416908,0.089532196521759,0.110609725117683,420775.3125,68.8508878415665
"RO223",2.84789896011353,12.2789878845215,23.7831134796143,14.5952033996582,20.9352149963379,1.57099056243896,1.63903427124023,1.72244739532471,1.53830230236053,81.8020629882812,72.2392425537109,68.6759948730469,75.7670745849609,0.606212079524994,0.15550734102726,0.0195094011723995,0.00238639721646905,0,0.019984869286418,0,0.15639816224575,204583.25,29.0701736043248
"RO224",0.785941898822784,12.4139347076416,23.4627075195312,13.0809850692749,22.6767654418945,1.79485499858856,1.68041169643402,1.95918154716492,1.50150716304779,81.5569686889648,67.6990966796875,64.5008392333984,74.1414413452148,0.607531428337097,0.177544549107552,0.0215577706694603,0.0058979419991374,0,0.029411094263196,0,0.153451904654503,244077.3125,55.454610439831
"RO225",2.195152759552,12.2284498214722,23.7823905944824,14.0266265869141,21.5872383117676,1.61615431308746,1.38374555110931,1.45037662982941,1.29739558696747,82.356315612793,71.6058731079102,66.8346710205078,75.3589630126953,0.417194128036499,0.158775970339775,0.10840231180191,0.00671329721808434,0,0.0649085268378258,0,0.0946306958794594,222191.078125,26.3344483641794
"RO226",-0.670577228069305,10.6466827392578,21.2243804931641,11.2614164352417,21.8949584960938,1.93133819103241,2.12517809867859,2.70498490333557,1.67167258262634,80.5827331542969,69.7856597900391,69.5604095458984,76.4455413818359,0.334445387125015,0.167702108621597,0.00453927461057901,0.0085086626932025,0,0.345589220523834,0.00280616572126746,0.135769426822662,302450.15625,62.1425427949209
"RO311",-0.156451985239983,10.561731338501,20.6943264007568,11.3524971008301,20.8507785797119,1.8293422460556,2.30112481117249,3.44476342201233,1.81300175189972,82.6666793823242,72.5895004272461,74.6709671020508,79.4750213623047,0.188357278704643,0.0687034800648689,0.0167274158447981,0.00902528036385775,0,0.126430332660675,0.499351292848587,0.0914049074053764,547277.3125,80.3629306403603
"RO312",2.1299946308136,13.1662940979004,24.2775230407715,14.2549486160278,22.1475296020508,1.91558480262756,1.7860985994339,2.16728496551514,1.61290991306305,83.031608581543,70.1198959350586,67.2405242919922,74.9768676757812,0.620249390602112,0.146102800965309,0.0245383735746145,0.014081303961575,0,0.0247135572135448,0,0.149411588907242,752836.1875,149.36878751097
"RO313",0.554005682468414,11.4596824645996,21.8483924865723,12.258415222168,21.2943859100342,1.89481556415558,2.14432692527771,3.16906642913818,1.75966000556946,82.8424453735352,72.2735595703125,73.515251159668,78.7611389160156,0.265173554420471,0.0628310665488243,0.00723220501095057,0.0105490675196052,0,0.183436557650566,0.40001791715622,0.0707596391439438,449396.28125,110.890168211497
"RO314",1.94108641147614,13.190242767334,24.3885288238525,14.2336759567261,22.4474430084229,2.24057674407959,1.83497714996338,2.36531519889832,1.69281983375549,83.879997253418,69.8483734130859,67.084342956543,74.9380645751953,0.493876487016678,0.111183479428291,0.0122673017904162,0.0248337499797344,0,0.0215186029672623,0.0193050932139158,0.315637141466141,1046635.9375,293.737789166246
"RO315",1.90941190719604,13.0328140258789,24.121057510376,14.0918045043945,22.2116432189941,1.64275455474854,1.59045970439911,2.02872943878174,1.4394838809967,82.3876724243164,69.4709396362305,66.1123275756836,74.6228408813477,0.658845365047455,0.155359447002411,0.0245254170149565,0.00462013203650713,0,0.00973498355597258,0,0.13999255001545,232250.265625,52.3132163023665
"RO316",0.000198887748410925,10.6803798675537,20.9294109344482,11.4656267166138,20.9292125701904,2.02800464630127,2.16426277160645,3.26563906669617,1.80511152744293,81.8357543945312,72.2038269042969,73.5647354125977,78.6968688964844,0.254413217306137,0.102258272469044,0.0171596705913544,0.0111257517710328,0,0.232938215136528,0.220035582780838,0.162069365382195,535616.625,114.042429733865
"RO317",1.91535949707031,13.35719871521,24.5667114257812,14.4449863433838,22.6513519287109,1.78870594501495,1.72837173938751,2.23093724250793,1.52452373504639,83.4831390380859,68.8018341064453,65.192741394043,73.8918914794922,0.524548709392548,0.127837657928467,0.0101080220192671,0.0065905824303627,0,0.0163369309157133,0.000128623243654147,0.312865316867828,328804.53125,57.2940211229345
"RO321",1.87788939476013,13.1935691833496,24.3502025604248,14.1038045883179,22.4723129272461,2.59463620185852,1.93776571750641,2.3879930973053,1.79415333271027,84.0453872680664,70.0371246337891,67.3831253051758,75.3281784057617,0.537839412689209,0.102148823440075,0.0285864844918251,0.0679577887058258,0,0.0209280792623758,0.00120597949717194,0.24104705452919,188936.46875,782.446983987052
"RO322",1.68308520317078,13.1123819351196,24.0778827667236,13.9119653701782,22.3947982788086,2.23083114624023,1.88886654376984,2.47298836708069,1.73979544639587,83.6486358642578,69.9608612060547,67.8484191894531,75.7660675048828,0.534762322902679,0.0980823785066605,0.0104712434113026,0.0347807817161083,0,0.0253582149744034,0.0355358086526394,0.260904341936111,612445.3125,396.699707563628
"RO411",2.18983578681946,13.3624963760376,24.1613903045654,13.9989290237427,21.9715538024902,1.88004899024963,1.99956274032593,2.34439849853516,1.65679979324341,82.7018432617188,67.2884750366211,62.8711166381836,73.5012664794922,0.358045339584351,0.12641678750515,0.0109048979356885,0.00962993875145912,0,0.0207837112247944,0.0557751059532166,0.416911602020264,555449.375,75.1541258775988
"RO412",-0.218165278434753,10.0116138458252,20.2313537597656,10.9951076507568,20.449520111084,2.05298590660095,2.41678237915039,3.14686918258667,2.04325222969055,82.6599502563477,72.1591644287109,73.7888793945312,79.2981567382812,0.120402358472347,0.053212720900774,0.0136444019153714,0.00589251192286611,0,0.156228065490723,0.6027392745018,0.0477056466042995,282515.875,50.7502750423706
"RO413",1.83679854869843,12.3772077560425,22.953685760498,13.2142934799194,21.1168880462646,2.05474138259888,2.17642450332642,2.42225074768066,1.96603834629059,83.8166351318359,70.1413192749023,67.7498626708984,76.7046432495117,0.201998084783554,0.082832008600235,0.00215468346141279,0.00591744622215629,1.3284253257931e-20,0.00839998573064804,0.490024298429489,0.20479442179203,234552.484375,47.6420128409811
"RO414",1.69714045524597,13.3053340911865,24.2791194915771,14.1339950561523,22.5819778442383,1.82515847682953,1.86432754993439,2.49693012237549,1.57898950576782,83.2185134887695,68.2017440795898,65.2633666992188,74.3213806152344,0.436089217662811,0.100413106381893,0.00535256182774901,0.00918485596776009,0,0.017841387540102,0.144017860293388,0.286548316478729,385739.90625,70.0014315753326
"RO415",-0.37092462182045,10.2539138793945,20.3389511108398,11.0364141464233,20.7098751068115,2.00433683395386,2.3541214466095,3.25404119491577,1.86880683898926,82.3060836791992,71.9073867797852,74.473388671875,79.3853149414062,0.141816601157188,0.0568166486918926,0.014678543433547,0.00712024047970772,0,0.294239670038223,0.414233267307281,0.0710950866341591,306421.5,53.3319234139365
"RO421",1.30694532394409,12.2065963745117,22.1326274871826,12.6149244308472,20.82568359375,1.92222845554352,2.06363534927368,2.61913347244263,1.99464499950409,83.7233428955078,69.5550308227539,70.7009201049805,77.791130065918,0.372467547655106,0.148829951882362,0.00495899328961968,0.0051068919710815,0,0.221772164106369,0.0232500582933426,0.223614364862442,373391.9375,48.017951233505
"RO422",0.749573588371277,10.6715593338013,20.973072052002,11.8726139068604,20.2234992980957,2.44553160667419,2.59876847267151,3.14506125450134,2.39636492729187,84.3618927001953,73.0298843383789,74.5684967041016,79.4756393432617,0.139730051159859,0.0914465337991714,0.00698878150433302,0.00613122945651412,1.46370788769866e-20,0.382963359355927,0.204649746417999,0.165075778961182,245836.0625,28.7796896755246
"RO423",-0.770445227622986,9.35978984832764,19.2340850830078,10.310489654541,20.0045299530029,1.84629392623901,2.25679564476013,3.09779977798462,1.88135576248169,82.5783843994141,73.6694030761719,77.1704330444336,80.6243286132812,0.0675458833575249,0.100457280874252,0.0169692132622004,0.00744885997846723,2.87922464177415e-30,0.106235235929489,0.665313601493835,0.0360298976302147,325792.65625,46.2786592927321
"RO424",2.15832138061523,12.9435205459595,23.1430549621582,13.60866355896,20.984733581543,1.67332351207733,1.96731603145599,2.39172458648682,1.88605213165283,82.9282608032227,68.4251556396484,68.3725738525391,75.6739959716797,0.492762356996536,0.164213329553604,0.00138965016230941,0.00852573290467262,0,0.11485281586647,0.00106310402043164,0.217192977666855,666812.4375,76.8933505064484
"RSG125371",1.52860105037689,11.7029705047607,22.2952270507812,12.7853946685791,20.7666263580322,2.05071568489075,2.18324565887451,2.369948387146,2.0303111076355,85.3259353637695,71.5546875,68.3887176513672,77.8477096557617,0.173009440302849,0.0751934051513672,0.00432628532871604,0.00368516030721366,1.34916405237538e-20,0.0778082758188248,0.159035831689835,0.502451658248901,88660.9296875,25.4613381668979
"RSG125372",1.94888532161713,12.087215423584,22.6712436676025,13.2176628112793,20.7223587036133,2.06328344345093,2.13684797286987,2.50101399421692,2.14066338539124,83.7587509155273,70.5883102416992,69.7397308349609,76.8014297485352,0.31903013586998,0.102326795458794,0.00856520887464285,0.0063882670365274,3.3677503873949e-23,0.231625646352768,0.000282024207990617,0.326409310102463,130352.484375,33.6389975232388
"RSG125373",3.11700391769409,13.674840927124,24.1826343536377,14.5148420333862,21.0656318664551,1.80323255062103,2.03084969520569,2.47667503356934,2.11050748825073,81.4864044189453,66.6793823242188,65.5925140380859,74.1497268676758,0.524765372276306,0.137319445610046,0.000279549072729424,0.0834226161241531,0,0.00612919824197888,0,0.248068064451218,1249621.375,391.720468189885
"RSG125374",1.22302806377411,11.1587963104248,21.6449928283691,12.556282043457,20.4219646453857,1.58540546894073,1.91503095626831,2.12368702888489,1.85892724990845,80.4460372924805,69.3791732788086,66.3398361206055,75.0561294555664,0.238414198160172,0.117464825510979,0.00510843191295862,0.0162468012422323,0,0.183774843811989,0,0.438724488019943,216709.359375,80.1516786675988
"RSG125375",2.75505781173706,13.6704788208008,23.9404773712158,14.157657623291,21.1854190826416,1.49286675453186,1.91424667835236,2.29407453536987,1.99923896789551,82.8316268920898,65.9726028442383,63.8200607299805,74.5109939575195,0.62884533405304,0.085112564265728,0.00320636387914419,0.0233341883867979,0,0.00877314060926437,0,0.250622063875198,493959.6875,120.511379659445
"RSG125376",3.0163369178772,13.6655950546265,24.1646862030029,14.4805679321289,21.1483478546143,1.74975252151489,1.98666977882385,2.44182395935059,2.01750111579895,81.9242172241211,67.143424987793,66.3024826049805,73.8348083496094,0.593653857707977,0.164854660630226,0.0069294311106205,0.0160152316093445,0,0.00355685432441533,0,0.212452411651611,377377.03125,91.7914312807353
"RSG125377",1.7892370223999,11.8528938293457,22.301362991333,12.9514379501343,20.5121250152588,2.03948855400085,2.32895255088806,2.7147057056427,2.39474987983704,81.4215621948242,68.1134948730469,68.7764434814453,76.3152465820312,0.402341276407242,0.0871377810835838,0.000590628304053098,0.0131874373182654,0,0.116001255810261,0,0.380741626024246,185038.671875,72.4985016176501
"RSG125381",2.77041459083557,13.0193014144897,23.3482723236084,13.8934555053711,20.5778560638428,2.13076949119568,2.35282778739929,2.71721816062927,2.57671189308167,81.72265625,67.5778350830078,67.5487823486328,75.9919204711914,0.433683127164841,0.0522151626646519,0.00158264755737036,0.0146671375259757,0,0.199405506253242,0,0.298446416854858,228042.5,69.9065703383576
"RSG125382",1.24902176856995,11.0851926803589,21.635612487793,12.3875751495361,20.3865909576416,1.96865463256836,2.2761504650116,2.75877690315247,2.37872719764709,81.523567199707,70.6376419067383,72.1680221557617,77.9864501953125,0.322042912244797,0.119202420115471,0.00394586799666286,0.0147287510335445,0.000103373407910112,0.167977452278137,0.105229414999485,0.266769796609879,208828.53125,67.6483430203793
"RSG125383",1.35571932792664,11.4616460800171,21.9410057067871,12.6365032196045,20.5852870941162,1.69714617729187,2.07636117935181,2.17527365684509,1.86550152301788,81.6056213378906,69.1411209106445,65.9579391479492,75.1863708496094,0.368912756443024,0.144030854105949,0.00367921683937311,0.0168082732707262,0,0.0518451929092407,0,0.414723753929138,239000.40625,87.9179839381779
"RSG125384",1.08353662490845,10.7435111999512,21.1827983856201,12.3815422058105,20.0992622375488,1.49622488021851,1.86991488933563,2.13445591926575,1.8495397567749,78.8816909790039,68.4305572509766,65.2064056396484,73.8499069213867,0.171250686049461,0.149655222892761,0.029032638296485,0.00856813322752714,0,0.221070975065231,0,0.42008638381958,169946.828125,49.2408466584278
"RSG125386",0.251847416162491,10.2431783676147,20.6831188201904,11.6247978210449,20.4312705993652,1.55741894245148,2.03406548500061,2.28747701644897,1.75215005874634,81.6513366699219,70.7542953491211,70.0017623901367,76.619873046875,0.162936642765999,0.121101468801498,0.0298705473542213,0.00337856891565025,0,0.150773033499718,0,0.531887948513031,61590.10546875,23.0531985710049
"RSG125387",2.87946915626526,13.2550086975098,23.8530921936035,14.2091999053955,20.9736232757568,1.83067500591278,1.9879344701767,2.39101052284241,2.03207230567932,81.0681991577148,67.2876510620117,66.8038101196289,74.1408920288086,0.541054964065552,0.154755592346191,0.00269650667905807,0.0234480444341898,0,0.00843081623315811,0,0.26781952381134,155024.28125,127.618388823798
"RSG125388",2.1601026058197,12.3108978271484,22.8945446014404,13.4082403182983,20.7344417572021,1.88082671165466,2.15480375289917,2.4170286655426,2.00088024139404,82.3779373168945,69.7479248046875,68.3919448852539,76.0293426513672,0.438041627407074,0.114464893937111,0.00294864596799016,0.0151148419827223,0,0.0890906900167465,0,0.34033927321434,187713.765625,70.1815353423053
"RSG125390",1.41833627223969,11.4552946090698,21.9867916107178,12.6461372375488,20.5684547424316,1.91680216789246,2.37018370628357,2.5859100818634,2.14429903030396,81.6768188476562,70.2027435302734,69.2563095092773,76.6532592773438,0.357098340988159,0.10870585590601,0.00643521873280406,0.0179528351873159,0,0.100069142878056,0,0.409738570451736,209412.390625,77.2355025707805
"RSG125391",0.540534198284149,10.2744960784912,20.8366432189941,11.6736850738525,20.2961101531982,2.20357084274292,2.52567362785339,2.81952023506165,2.58505535125732,81.296272277832,71.1389236450195,71.5977401733398,77.7546463012695,0.22409251332283,0.149742767214775,0.018829895183444,0.0147313019260764,0,0.091404639184475,0.175454467535019,0.325744420289993,260607.4375,67.1781839761066
"RSG125392",2.29146385192871,13.4486074447632,23.4874687194824,13.6469202041626,21.1960048675537,1.37911009788513,1.71427464485168,2.17327785491943,1.88476824760437,82.9002685546875,65.3432006835938,63.1590690612793,75.1917877197266,0.684897363185883,0.0485637709498405,0.000312625896185637,0.00959897879511118,0,0.00388228590600193,0,0.252745002508163,103427.7109375,57.539508570859
"RSG125393",2.49318695068359,13.6149101257324,23.7688312530518,13.956901550293,21.2756462097168,1.37918841838837,1.7199501991272,2.12499904632568,1.76297247409821,83.0955123901367,65.9416198730469,63.5319633483887,74.552116394043,0.65382993221283,0.113295666873455,0.0139394532889128,0.0117804184556007,0,0.00273540848866105,0,0.204419106245041,157095.65625,69.0380810560015
"RSG125394",2.84964323043823,13.7986211776733,24.1650829315186,14.3733263015747,21.3154373168945,1.48465979099274,1.83408439159393,2.25460028648376,1.83433091640472,82.8728942871094,66.5147094726562,64.4535827636719,73.9865951538086,0.642233490943909,0.169124156236649,0.0112503599375486,0.00903709419071674,0,7.45828147046268e-05,0,0.168121382594109,161895.546875,50.2875764693377
"RSG125395",3.19346785545349,13.9210529327393,24.2626762390137,14.5492715835571,21.069206237793,1.71891069412231,2.04731583595276,2.43522334098816,2.18410444259644,82.255500793457,66.3749694824219,64.6619567871094,74.6178588867188,0.574833631515503,0.0872769728302956,0.00141618039924651,0.0379064008593559,0,0.0152251264080405,0,0.283254683017731,623852.8125,182.310867541632
"RSG125396",2.39163398742676,12.5916156768799,23.1580181121826,13.6145257949829,20.7663841247559,1.82431948184967,2.06553053855896,2.45243215560913,2.04850387573242,81.2306060791016,68.1905288696289,68.1740570068359,75.4558792114258,0.476060718297958,0.147329151630402,0.00328680197708309,0.0219571441411972,0,0.0459405593574047,0,0.305425584316254,253461.296875,106.635647664222
"RSG125397",1.03675103187561,11.0370292663574,21.5660018920898,12.3047122955322,20.5292510986328,1.81126880645752,2.20860028266907,2.35647702217102,2.06677651405334,81.1001663208008,69.6334991455078,67.3318023681641,75.9085159301758,0.324340373277664,0.113220751285553,0.00275329081341624,0.0165384486317635,0,0.146147102117538,0,0.397000044584274,186440.703125,85.5779764585097
"RSG125398",1.17825829982758,11.2223348617554,21.7609214782715,12.396559715271,20.5826606750488,1.74199235439301,2.10264611244202,2.21804451942444,1.84796392917633,83.5436553955078,70.9482879638672,68.36865234375,77.3224792480469,0.25930118560791,0.146075233817101,0.0104049760848284,0.00501984544098377,0,0.0882259085774422,0,0.490452408790588,103415.1484375,28.1570685600257
"RSG125399",2.36497378349304,13.4653568267822,23.4842777252197,13.7061624526978,21.1193046569824,1.45408093929291,1.82548868656158,2.20076394081116,2.03412914276123,82.8402557373047,66.0142669677734,64.176643371582,75.465705871582,0.652513146400452,0.0609341040253639,0.000424414174631238,0.0116809159517288,0,0.0312416795641184,0,0.243205726146698,135151.265625,55.7101983230182
"RSG125400",0.589679956436157,10.0257911682129,20.5859642028809,11.5640144348145,19.9962844848633,2.51552081108093,2.51554417610168,2.79802298545837,3.05293083190918,80.9543075561523,71.1776733398438,72.84814453125,78.1672058105469,0.235032021999359,0.135443598031998,0.00603728927671909,0.0081928838044405,0.00362508301623166,0.0398209467530251,0.506945073604584,0.0649031549692154,262453.46875,42.6081019248522
"SE110",-0.451667815446854,6.99143934249878,17.6488437652588,8.61931037902832,18.100513458252,1.78521084785461,1.18544495105743,2.02906084060669,2.15265488624573,84.5583572387695,73.7488250732422,74.222785949707,84.1432800292969,0.103675574064255,0.0226433109492064,0.00638527516275644,0.0630513206124306,0,0.411754667758942,0,0.148875847458839,2315825.25,321.273167997956
"SE121",-1.24526572227478,6.82593059539795,17.258996963501,7.89804410934448,18.5042629241943,1.98968267440796,1.34689605236053,2.24435925483704,2.19064450263977,84.6762542724609,71.0641708374023,71.8502807617188,84.0760803222656,0.175908386707306,0.030437208712101,0.0106674544513226,0.0114652765914798,2.10850376977277e-28,0.469682633876801,0.0751724019646645,0.141773596405983,426824.8125,49.2961586310888
"SE122",-0.977963984012604,7.36106157302856,17.4858703613281,8.06421184539795,18.4638347625732,1.82557082176208,1.30743205547333,2.20827889442444,2.09377264976501,85.1674041748047,72.6681365966797,72.8013534545898,84.8551559448242,0.160384491086006,0.0282928068190813,0.0106169953942299,0.0115782078355551,8.59477822933892e-28,0.391885608434677,0.0349898263812065,0.155851498246193,288495.96875,40.9583477208727
"SE123",-0.780269145965576,7.36941194534302,17.4738330841064,8.27544498443604,18.2541027069092,1.8553808927536,1.39229297637939,2.33566737174988,2.03847026824951,86.5375366210938,73.8383102416992,73.9330368041992,85.6013793945312,0.142936229705811,0.0170313511043787,0.00397203164175153,0.00918979663401842,2.02206235237534e-26,0.482905149459839,0.0809923410415649,0.122844159603119,433776.84375,35.0627060981608
"SE124",-2.32833909988403,6.69203758239746,16.602876663208,6.95030498504639,18.9312152862549,2.20801377296448,1.59318673610687,2.69152426719666,2.5717146396637,86.2734985351562,72.2303695678711,73.5829010009766,85.5764465332031,0.0998730510473251,0.0173726249486208,0.00333413924090564,0.00851963181048632,2.83801447287784e-24,0.0174368564039469,0.732249319553375,0.00357893784530461,309190.875,32.2203502251467
"SE125",-2.1054265499115,6.64335107803345,16.4142913818359,6.84223794937134,18.519718170166,1.84437572956085,1.42510998249054,2.44590067863464,2.24351954460144,84.870002746582,70.2094650268555,71.3538360595703,84.6211471557617,0.159599795937538,0.0299975462257862,0.00921524781733751,0.0167506281286478,2.27341804554121e-24,0.0247942097485065,0.674145936965942,0.0102976327762008,218927.359375,38.8255598363835
"SE211",-0.808410227298737,7.154860496521,16.8835639953613,8.0348424911499,17.6919746398926,2.26260614395142,1.72884976863861,2.53093767166138,2.54490828514099,88.9892349243164,74.443717956543,75.7275238037109,87.8116607666016,0.0650242492556572,0.00846654921770096,0.0040827332995832,0.00718769198283553,8.37206260723439e-30,0.589001476764679,0.166148886084557,0.0702188611030579,333266.5,28.5045761373865
"SE212",-0.0102321272715926,7.60893821716309,17.2867164611816,8.79523181915283,17.2969493865967,2.3007504940033,1.68613493442535,2.35652613639832,2.50794386863708,89.4362258911133,75.6773147583008,76.6158142089844,87.9733428955078,0.0455073975026608,0.00978838466107845,0.00296981749124825,0.00607673171907663,1.11656582008987e-26,0.445149809122086,0.34782600402832,0.0479801744222641,227579.71875,24.4002558293822
"SE213",0.118674337863922,7.45654916763306,17.5839538574219,8.97034072875977,17.4652786254883,1.84602010250092,1.34092032909393,2.07581567764282,2.01822543144226,85.8164367675781,73.7648696899414,73.542106628418,84.7324523925781,0.070037804543972,0.0102039705961943,0.00467632664367557,0.0050145061686635,0,0.72471696138382,0,0.0810951888561249,187441.609375,15.8601472225441
"SE214",2.10275101661682,7.04660558700562,17.9711933135986,10.3338203430176,15.8684406280518,1.69502747058868,1.05053949356079,1.57180917263031,1.99221527576447,82.6126251220703,75.4888381958008,73.355094909668,81.143798828125,0.156878232955933,0.0402831174433231,0.00672679953277111,0.00220531411468983,0,0.246282860636711,0,0.109931237995625,12521.1064453125,3.99464385283323
"SE221",0.975589990615845,7.99121570587158,17.7901477813721,9.70466232299805,16.8145561218262,2.28188180923462,1.48368036746979,2.04701471328735,2.36580657958984,86.6598892211914,76.5218124389648,76.9709320068359,85.4980087280273,0.051963247358799,0.00588751770555973,0.00098898820579052,0.00758871389552951,9.0625826068963e-26,0.531060636043549,0.026251420378685,0.0991287976503372,115680.4140625,36.9663705919534
"SE224",1.07238531112671,8.35953903198242,17.7968940734863,9.76965045928955,16.7245101928711,2.56030201911926,1.69494700431824,2.39343166351318,2.62645697593689,89.1041793823242,77.2681655883789,77.8084869384766,86.9265441894531,0.284888118505478,0.0283230450004339,0.000796676555182785,0.0204370338469744,5.27077956165291e-25,0.0717652887105942,0.516032814979553,0.0437109172344208,809651,71.5905338330244
"SE231",0.585902452468872,8.16083145141602,17.4649276733398,9.20082855224609,16.8790264129639,3.27625465393066,2.15993118286133,3.00506663322449,3.53832745552063,88.99365234375,75.7660598754883,76.595832824707,87.1096649169922,0.116225026547909,0.0145458597689867,0.00258675264194608,0.00885298475623131,4.71421157233432e-30,0,0.704152047634125,0,237452.5,41.7751855854395
"SE232",-0.657562613487244,7.49237680435181,17.1693534851074,8.22017002105713,17.8269157409668,2.7014524936676,1.85705149173737,2.6668529510498,3.08202910423279,87.1788711547852,74.8280410766602,75.026611328125,85.4860687255859,0.138728260993958,0.0270701702684164,0.00662754522636533,0.00861655455082655,0.00175854342523962,0.181388676166534,0.37896317243576,0.0663993135094643,1175284.625,40.5365112249461
"SE311",-3.26129293441772,6.3956732749939,16.4177532196045,6.4923357963562,19.6790466308594,2.16453695297241,1.7080078125,2.79316711425781,2.8116021156311,85.3711318969727,72.0983963012695,72.9168014526367,84.2344818115234,0.048616673797369,0.0141383297741413,0.00471566012129188,0.00788697320967913,0.00657745636999607,0.013655417598784,0.73889946937561,0.00856671296060085,292704.6875,13.4316950774075
"SEG226001",-7.63335418701172,2.99653840065002,13.6295528411865,3.10113406181335,21.2629051208496,1.66562271118164,1.60387456417084,3.0068633556366,2.35818529129028,83.5830841064453,70.9537353515625,73.0715484619141,83.2805023193359,0.00260615767911077,0.00200992962345481,0.00757318269461393,0.000414509820984676,0.0112205231562257,0,0.957855999469757,0,8096.7314453125,1.14114336440675
"SEG226002",-2.73953437805176,5.90382432937622,15.5224800109863,6.01725244522095,18.2620143890381,1.64435458183289,1.38902640342712,2.39432215690613,2.20252370834351,84.3649444580078,69.4375228881836,71.0830230712891,83.9963989257812,0.102361455559731,0.0156287457793951,0.0127422083169222,0.00432932330295444,1.8271522475464e-28,0,0.822754144668579,0,10869.2900390625,16.2503999464812
"SEG226003",-4.26263618469238,5.38897705078125,15.3547925949097,5.40583801269531,19.6174297332764,1.81905281543732,1.53725349903107,2.74525570869446,2.34504628181458,84.4709091186523,69.3027954101562,72.0341110229492,84.294807434082,0.0478861220180988,0.00487732654437423,0.00179137196391821,0.00952000450342894,4.55501657866956e-24,0,0.880157053470612,0,22570.841796875,35.765318109213
"SEG226004",-4.20543766021729,5.16289854049683,15.1977500915527,5.36370325088501,19.4031887054443,1.72985291481018,1.41730916500092,2.60976338386536,2.30025553703308,84.7249374389648,69.6905517578125,71.9527969360352,84.5123443603516,0.0289660599082708,0.00316205993294716,0.0010968727292493,0.0071508320979774,1.71810087070355e-23,0,0.884661018848419,0,53904.6015625,23.9426456794455
"SEG226005",-4.66184616088867,5.37040758132935,15.4683723449707,5.29479074478149,20.1302185058594,1.80475640296936,1.57705271244049,2.85101819038391,2.39631032943726,84.7359008789062,69.3832473754883,72.3917236328125,84.2903823852539,0.0209498926997185,0.00350672914646566,0.000959889264777303,0.00438041519373655,5.43289057628344e-24,0,0.905514121055603,0,11613.220703125,14.3756486601488
"SEG226006",-3.07470941543579,5.82595586776733,15.471981048584,5.87710475921631,18.5466918945312,1.69050788879395,1.434699177742,2.50193977355957,2.23718881607056,84.3757171630859,69.3188629150391,71.3658752441406,84.1051635742188,0.107364475727081,0.015395843423903,0.00983846094459295,0.00563848484307528,1.61845651682776e-24,0,0.822784185409546,0,18036.5390625,19.4675323696524
"SEG226007",-5.05014133453369,5.20930051803589,15.3787136077881,5.10400199890137,20.4288539886475,1.55196046829224,1.46163129806519,2.77335619926453,2.1867504119873,84.0975494384766,69.4868316650391,72.3044815063477,83.8249435424805,0.0290427729487419,0.00577754667028785,0.00158387597184628,0.00479477224871516,1.06617840890595e-23,0,0.827161252498627,0,22516.55859375,15.5107887034609
"SEG226008",-4.54982089996338,5.37620639801025,15.4437637329102,5.32097339630127,19.9935836791992,1.99198079109192,1.68725275993347,2.93100094795227,2.54696393013,85.1855239868164,69.3855209350586,72.5078430175781,84.5873260498047,0.0130102979019284,0.000689014792442322,0.000361440295819193,0.00390752824023366,1.00040519822393e-24,0,0.944700837135315,0,22841.078125,13.8046608281919
"SEG226009",-6.17152881622314,4.72399234771729,15.1188125610352,4.48594665527344,21.2903423309326,1.98827219009399,1.82148373126984,3.12485575675964,2.71719312667847,84.5166473388672,70.0488586425781,72.3622360229492,83.9752960205078,0.00417211232706904,0.00200689141638577,0.00909025687724352,0.000862278800923377,0.010721274651587,0,0.944129586219788,0,11459.716796875,2.64959714090772
"SEG226010",-6.01719760894775,4.63814258575439,14.9448356628418,4.44118070602417,20.9620342254639,1.70703709125519,1.61898005008698,2.93314528465271,2.37270593643188,83.8450317382812,69.3623733520508,72.1914443969727,83.4059219360352,0.00907669961452484,0.00144490168895572,0.00168906652834266,0.00152937124948949,2.45641858998006e-24,0,0.938908755779266,0,15939.3828125,5.10449681694711
"SEG226011",-6.22733020782471,4.42582702636719,14.6900911331177,4.2458963394165,20.9174213409424,1.73537600040436,1.6274688243866,2.88910102844238,2.46956706047058,83.6644134521484,69.1624526977539,71.9524078369141,83.1008834838867,0.0094074672088027,0.00170101260300726,0.000495301675982773,0.00237594940699637,7.35936384861915e-24,0,0.953505337238312,0,14415.884765625,7.99533349283755
"SEG226012",-5.40933799743652,4.8355598449707,14.9812278747559,4.76824569702148,20.3905658721924,1.64496886730194,1.46799695491791,2.67851638793945,2.2893168926239,83.8340759277344,68.8644790649414,71.5429992675781,83.4332122802734,0.0200985576957464,0.00396402832120657,0.000978326192125678,0.00310980132780969,7.28669082658657e-24,0,0.919546186923981,0,20276.470703125,9.4915997725791
"SEG226013",-3.53824424743652,5.7392201423645,15.5086984634399,5.78308773040771,19.0469417572021,1.76044750213623,1.49432730674744,2.65625596046448,2.26416206359863,84.4478225708008,69.234245300293,71.8032531738281,84.2645568847656,0.103127896785736,0.0116722229868174,0.0061814971268177,0.00770128145813942,4.79754713081433e-24,0,0.823803961277008,0,16580.45703125,25.9683841476713
"SEG226014",-3.67940378189087,5.70239353179932,15.5831727981567,5.75345945358276,19.2625770568848,1.92341291904449,1.56460702419281,2.72754716873169,2.37363433837891,84.7154312133789,69.5748138427734,72.0348358154297,84.5127639770508,0.0648071765899658,0.00708225183188915,0.0034851199015975,0.00836658291518688,4.42720336265339e-24,0,0.867243945598602,0,31843.28125,30.2227579199028
"SEG226015",-5.13633918762207,5.14399147033691,15.3136587142944,5.01887273788452,20.4499988555908,1.9692075252533,1.75240969657898,3.0125617980957,2.57214188575745,85.0930252075195,69.4586029052734,72.522705078125,84.3659439086914,0.00816338788717985,0.000631164410151541,0.00109725340735167,0.00121808680705726,1.0624951581749e-24,0,0.950285196304321,0,5404.30126953125,3.26384193052664
"SEG226016",-4.78361368179321,4.45498275756836,14.8403520584106,5.1017050743103,19.623966217041,1.82259345054626,1.49777245521545,2.52958917617798,2.37053990364075,83.1733245849609,69.0507354736328,71.5441207885742,82.9625015258789,0.0454086512327194,0.00562968058511615,0.00589151354506612,0.00365158007480204,6.7068316762279e-23,0,0.887075662612915,0,25479.12890625,12.8164265862472
"SEG226017",-1.81405436992645,6.12776851654053,16.4412460327148,7.33136653900146,18.2553005218506,1.91128969192505,1.36738300323486,2.34348392486572,2.27791619300842,83.5837478637695,70.206428527832,70.743049621582,83.2160339355469,0.0460595041513443,0.00561114447191358,0.00587380398064852,0.0104525405913591,2.00520222176549e-23,0.368441879749298,0.2702397108078,0.0703531503677368,70927.7890625,39.9511985742073
"SEG226018",-2.9536018371582,5.71368503570557,15.5589256286621,6.05613660812378,18.5125274658203,1.77518236637115,1.40120935440063,2.48527789115906,2.29774379730225,84.4494247436523,69.7530212402344,71.3760986328125,84.1446685791016,0.0611292757093906,0.00886777695268393,0.00807502772659063,0.00333719816990197,4.24091583203771e-24,0,0.872816026210785,0,5221.77392578125,11.6429567304266
"SEG226019",-4.85024166107178,4.44096946716309,15.1703786849976,5.4003758430481,20.0206203460693,1.84770369529724,1.50554990768433,2.39755511283875,2.37076830863953,82.2270736694336,70.8276824951172,72.8337020874023,82.1716613769531,0.0339205116033554,0.00720518874004483,0.00337262055836618,0.00273830816149712,3.52349393373524e-23,0,0.787356376647949,0,27267.462890625,9.91023269703526
"SEG226020",-6.46250820159912,4.03853416442871,14.4414882659912,4.05015277862549,20.9039974212646,1.58617043495178,1.49182963371277,2.60559177398682,2.17199087142944,83.0726699829102,68.5160827636719,71.3108367919922,82.716064453125,0.0118262451142073,0.00153965293429792,0.00214418349787593,0.000768242753110826,1.12860436443798e-23,0,0.948397934436798,0,15880.92578125,2.82648598895564
"SEG226021",-5.06163883209229,4.53423070907593,15.3497629165649,5.4263129234314,20.4114017486572,1.82946562767029,1.5584774017334,2.35564160346985,2.37676596641541,82.1923599243164,71.5429382324219,72.9160537719727,82.1360321044922,0.0322770737111568,0.00618016254156828,0.00275511620566249,0.00664095021784306,1.44857108076105e-23,0,0.804214596748352,0,39579.96484375,27.2797760492165
"SEG226022",-3.13118672370911,5.4218053817749,15.6032867431641,6.22729349136353,18.7344741821289,1.97281992435455,1.45410573482513,2.56592559814453,2.41999363899231,83.7650833129883,69.9258575439453,71.4868621826172,83.6437530517578,0.0385786890983582,0.00499433139339089,0.00328987999819219,0.00575426034629345,5.6477442591129e-23,0,0.87420529127121,0,21225.59375,18.7495683042166
"SEG226023",-5.58976316452026,4.40189981460571,14.6332130432129,4.52679967880249,20.2229747772217,1.66475296020508,1.44975221157074,2.6011323928833,2.24120140075684,83.6996078491211,68.7949371337891,71.6181411743164,83.3057479858398,0.0214276444166899,0.00234594871290028,0.00165375915821642,0.00190716702491045,2.83568579492868e-23,0,0.917581140995026,0,12723.7001953125,6.28062938568297
"SEG226024",-2.6124746799469,5.78986310958862,15.8348140716553,6.51476526260376,18.4472885131836,1.88232684135437,1.39949178695679,2.49877643585205,2.31627917289734,84.1446151733398,69.9949951171875,71.2792587280273,83.8887252807617,0.0533675998449326,0.0056680953130126,0.00736757973209023,0.00491046626120806,4.57255240438999e-23,0,0.853476762771606,0,21509.45703125,16.5511138173484
"SEG226025",-3.584148645401,5.02414751052856,15.4479866027832,6.10044860839844,19.0321350097656,2.00329780578613,1.54520392417908,2.4633481502533,2.49934530258179,82.2422485351562,69.7885818481445,71.7420654296875,82.2082366943359,0.0516067743301392,0.0104409279301763,0.00537992781028152,0.00259905098937452,6.03701544307412e-25,0,0.851790428161621,0,6843.05078125,5.82013449423513
"SEG226033",-6.32189035415649,1.97703886032104,11.758412361145,2.90280795097351,18.0803031921387,3.14460849761963,2.21102166175842,2.98449277877808,2.67015242576599,83.1085510253906,74.5021209716797,77.6953277587891,84.2914123535156,0.00698299519717693,0.00195833435282111,0.0060271741822362,0.000357969693141058,0.00947677064687014,0,0.88146299123764,0,13855.248046875,1.67872594659572
"SEG226034",-7.05714654922485,2.38590741157532,12.6339931488037,2.77194666862488,19.6911392211914,1.52149546146393,1.45446288585663,2.83892560005188,2.04689860343933,82.6542053222656,71.3788070678711,74.1348266601562,82.7282791137695,0.00978765357285738,0.000442980293883011,0.00385541724972427,0.000449294369900599,6.87985316965875e-25,0.302510559558868,0.628277003765106,0.00520729087293148,10166.1298828125,1.65642993088485
"SEG226035",-6.60635471343994,3.97407722473145,14.3884878158569,3.88870716094971,20.9948425292969,1.4860520362854,1.44030523300171,2.62210392951965,1.99369633197784,83.6485824584961,69.6069412231445,71.9895401000977,83.1810531616211,0.00680099613964558,0.000130924934637733,0.000692445959430188,0.000617240730207413,6.57512458361899e-25,0.0760525390505791,0.855081021785736,0.000951932568568736,9587.076171875,2.52987306222897
"SEG226036",-7.58997488021851,2.26676797866821,12.7217607498169,2.58556032180786,20.3117351531982,1.46316933631897,1.44110035896301,2.84353828430176,2.09191465377808,83.1068115234375,71.0045700073242,73.4388427734375,82.9320602416992,0.00180304516106844,0.000307726877508685,0.00396484369412065,0.00033008647733368,0.00631822785362601,0.00022831215756014,0.967217743396759,4.48518085249816e-06,11131.033203125,0.937405124604872
"SEG226037",-6.05119848251343,3.20098495483398,13.187949180603,3.67950582504272,19.2391471862793,2.64697265625,2.06609535217285,2.89329648017883,2.51711535453796,84.0510940551758,73.0908050537109,75.162956237793,84.5004959106445,0.00991845596581697,0.00133178196847439,0.00431214645504951,0.000690023764036596,0.00652826856821775,0,0.894038140773773,0,17743.19140625,2.56626889274349
"SEG226038",-5.73928880691528,4.37496423721313,14.3965291976929,4.311842918396,20.1358184814453,1.67528915405273,1.53382837772369,2.73496627807617,2.04258751869202,82.8065643310547,70.2473754882812,72.8284225463867,82.7322082519531,0.0343131609261036,0.00237245671451092,0.00211540213786066,0.00586334988474846,1.94977385689322e-23,0.0878874137997627,0.793002784252167,0.00110006704926491,51840.171875,20.6721483525441
"SEG226039",-6.94157314300537,3.76754856109619,14.3144912719727,3.69282984733582,21.2560634613037,1.59154284000397,1.51010632514954,2.71788883209229,2.02102255821228,84.1286849975586,69.8952789306641,71.6310119628906,83.472541809082,0.00931026693433523,9.96023591142148e-05,0.00118759495671839,0.000486662931507453,1.80613786605535e-24,0,0.960419833660126,0,5015.56787109375,1.89934164330015
"SEG226040",-7.12253046035767,2.81183171272278,13.3015737533569,3.13060474395752,20.4241046905518,2.29448986053467,1.8467401266098,2.91988825798035,2.39564442634583,84.8043594360352,73.4585189819336,74.4604873657227,84.7299423217773,0.00372295035049319,5.2115061407676e-05,0.00386793375946581,0.000336926110321656,0.00641741044819355,0,0.911893606185913,0,13721.71875,1.1711953333667
"SEG226072",-9.38787841796875,2.28539276123047,14.4419870376587,2.33594679832458,23.8298664093018,1.78807544708252,1.5302426815033,2.57981014251709,1.95369303226471,82.9545822143555,71.6966171264648,69.9258804321289,82.5397262573242,0.00622152769938111,0.000139417359605432,0.00053582206601277,0.000815396080724895,9.87654444982386e-25,0,0.969720005989075,0,5269.6923828125,2.92400034131628
"SEG226073",-11.8577823638916,-0.687617301940918,11.5480213165283,0.366838037967682,23.4058036804199,2.04473328590393,1.76983499526978,3.02957105636597,2.31592035293579,82.9232788085938,74.8813018798828,75.3737335205078,83.8461837768555,0.000210932179470547,0.000394693954149261,0.00284130056388676,0.000116027651529294,0.00612861337140203,0,0.897468507289886,0,4273.39453125,0.295955049488757
"SEG226074",-10.0446348190308,1.6155503988266,13.7212438583374,1.7964608669281,23.7658786773682,1.7944188117981,1.70707285404205,2.9517650604248,2.10270047187805,83.7849578857422,72.4521179199219,71.587516784668,83.7067413330078,0.000323744956403971,1.40430238388944e-05,0.00036937347613275,0.000332569528836757,1.3576283660309e-27,0,0.95372998714447,0,7505.39111328125,1.22855562020384
"SEG226075",-9.6461763381958,2.10039067268372,14.4976234436035,2.33981537818909,24.1438007354736,1.92846405506134,1.5484402179718,2.47738909721375,2.180091381073,83.4738235473633,72.7636184692383,69.9939651489258,82.8861770629883,0.00492546940222383,0.000274742691544816,0.000430026673711836,0.000557511870283633,1.28866522818345e-24,0,0.966671526432037,0,7437.10791015625,1.7323902417613
"SEG226076",-11.2518730163574,-0.427746713161469,12.1422748565674,0.418309360742569,23.3941478729248,1.59009647369385,1.45220935344696,2.65342903137207,1.99959492683411,82.0817794799805,73.7837677001953,73.8098678588867,83.1144332885742,0.000218318891711533,3.51667331415229e-05,0.00116825883742422,0.000457033922430128,0.00347793311811984,0,0.957804322242737,0,30826.88671875,1.82945476769852
"SEG226077",-8.610595703125,2.68240189552307,15.4115219116211,3.5709285736084,24.0221176147461,2.04368591308594,1.64998340606689,2.28891110420227,2.14946842193604,85.6804504394531,74.9644546508789,71.2455749511719,85.3886489868164,0.0294881761074066,0.0011122094001621,0.00165975117124617,0.00152050366159528,1.96796005898696e-24,0,0.937164068222046,0,1612.99548339844,1.71512601030292
"SEG226078",-11.7449398040771,-1.00618553161621,11.354923248291,0.00309234880842268,23.0998630523682,1.88284623622894,1.65115904808044,2.8363573551178,2.23920559883118,82.1172409057617,74.29736328125,74.7266387939453,83.3095703125,8.44051537569612e-05,5.1736078603426e-06,0.000651299546007067,8.68410934344865e-05,0.00462361983954906,0,0.934719204902649,0,5535.4375,0.285586961168584
"SEG226079",-8.13273239135742,2.62715530395508,15.2537393569946,3.77216506004333,23.3864707946777,1.756143450737,1.45154595375061,2.19221568107605,2.04993414878845,84.6219253540039,74.3066711425781,70.4245681762695,83.7873611450195,0.0042671631090343,0.000269461510470137,0.000473477848572657,0.000905663473531604,4.18627222599395e-24,0,0.864181697368622,0,2326.04736328125,1.27910622916272
"SEG226080",-11.9381694793701,-1.44688534736633,11.4080305099487,-0.312479346990585,23.3462009429932,1.35773944854736,1.31974828243256,2.51199221611023,1.78412020206451,82.2736968994141,74.5897674560547,74.8901138305664,83.7137603759766,0.000630526279564947,1.07158257378615e-05,0.00166358647402376,0.000360080390237272,0.0097454022616148,0,0.950166702270508,0,15466.6484375,0.755807520167664
"SEG226081",-7.79996299743652,3.02268958091736,15.5161609649658,3.93938946723938,23.3161239624023,1.67499673366547,1.30080902576447,2.18657183647156,1.96502494812012,83.8708038330078,74.6670837402344,71.2812271118164,82.7246932983398,0.0180902071297169,0.00133302062749863,0.000907007080968469,0.00836045015603304,5.04160404992461e-23,0,0.731042683124542,0,58228.58984375,26.9865183057269
"SEG226082",-9.01636505126953,2.3166708946228,14.9108905792236,2.90669631958008,23.9272556304932,1.84264147281647,1.57108855247498,2.3752646446228,2.09592413902283,84.4388198852539,73.6759643554688,69.9226226806641,83.9024124145508,0.00123470730613917,9.1595393314492e-05,0.000593222386669368,0.000195752145373262,8.95929976028507e-27,0,0.974711060523987,0,3269.53125,1.11598327835363
"SEG226083",-8.8594217300415,2.67002725601196,15.3611536026001,3.22517347335815,24.2205772399902,1.74902701377869,1.50471830368042,2.30926918983459,1.9252952337265,85.2225112915039,74.2753219604492,70.676872253418,84.999397277832,0.00862643215805292,0.00026776286540553,0.00135352823417634,0.000686518265865743,4.17073669514937e-25,0.000464890443254262,0.965213060379028,0.000177112568053417,5605.47509765625,2.23293501495459
"SEG226084",-10.4965105056763,1.41895997524261,14.2819919586182,1.59800982475281,24.7785034179688,1.57027220726013,1.51092624664307,2.46755218505859,1.8571754693985,83.9477920532227,73.5581817626953,70.9104156494141,83.8214569091797,0.000747386016882956,3.37845012836624e-05,0.000660996767692268,0.000195303960936144,3.45615524091276e-27,0,0.993561387062073,0,7302.0859375,0.894884516496971
"SEG226085",-7.86693239212036,2.76682782173157,14.8564929962158,3.43891000747681,22.7234268188477,1.7747141122818,1.46755957603455,2.46820044517517,2.03982186317444,83.390754699707,72.948371887207,70.99755859375,82.7861862182617,0.018248176202178,0.00226629269309342,0.00110038777347654,0.00246815755963326,1.20396022352312e-23,0,0.951420605182648,0,26873.1796875,8.3735329141939
"SEG226201",-9.20394611358643,2.48181581497192,13.9627294540405,2.51861786842346,23.166675567627,1.73556292057037,1.62997806072235,2.85752701759338,2.15191411972046,85.5332412719727,72.1293029785156,72.0524139404297,84.8176116943359,0.00265677692368627,1.55608358909376e-05,0.00091147207422182,0.000214243860682473,3.51531272138214e-26,0,0.972774267196655,0,3250.86889648438,0.713837808136938
"SEG226202",-7.13525629043579,3.28697872161865,14.875039100647,3.90274286270142,22.0102939605713,1.94640326499939,1.72081959247589,2.71043920516968,2.46834802627563,85.1878280639648,71.7666702270508,71.3553009033203,84.6400146484375,0.0107073560357094,0.000135302543640137,0.00163967651315033,0.000796348438598216,2.13456846824577e-24,0,0.9615837931633,0,4221.83447265625,3.06993760948842
"SEG226203",-8.36920642852783,2.35855984687805,13.3589916229248,2.62342643737793,21.728199005127,2.09467935562134,1.73879981040955,3.13887739181519,2.34032607078552,85.0068893432617,73.1642227172852,73.6481552124023,84.5944442749023,0.00199726759456098,3.8722631870769e-05,0.00102744915056974,0.000212548984563909,8.51057657217031e-27,0,0.955157220363617,0,2384.31079101562,0.801317263858211
"SEG226204",-9.17972183227539,2.31135368347168,14.0692052841187,2.49789571762085,23.2489280700684,1.65443670749664,1.64187622070312,2.9146134853363,2.03486275672913,84.6094970703125,71.398307800293,71.3473129272461,84.0736923217773,0.00178280333057046,2.15402596950298e-05,0.000707479601260275,0.000495498417876661,1.21626797774849e-26,0,0.96936970949173,0,12988.2568359375,2.2025710830286
"SEG226205",-9.43856430053711,2.1331992149353,14.0929565429688,2.39092922210693,23.5315208435059,1.75458776950836,1.64745211601257,3.04638457298279,2.14584922790527,84.3805465698242,72.1936569213867,71.7452545166016,84.0252456665039,0.000646699161734432,4.39023351646028e-05,0.000410174659918994,0.000269107811618596,8.57397433407965e-28,0,0.96304988861084,0,3179.88452148438,1.8103989389021
"SEG226206",-6.0726809501648,3.57999467849731,15.2227001190186,4.63780832290649,21.2953815460205,1.70333182811737,1.4962465763092,2.59228754043579,2.40944528579712,84.774040222168,71.8409576416016,71.298698425293,84.3176116943359,0.0273726563900709,0.00285355444066226,0.00293796160258353,0.00204428564757109,1.55964143403872e-23,0,0.905513763427734,0,8785.0439453125,7.11225798190077
"SEG226207",-7.94058752059937,2.7865104675293,14.5594425201416,3.15903949737549,22.5000305175781,1.81049358844757,1.68541753292084,2.73320841789246,2.10739302635193,84.7224960327148,71.7349090576172,71.1172790527344,84.3735733032227,0.00176356045994908,2.79166724794777e-05,0.000499037210829556,0.000361334648914635,6.58237803638298e-26,0,0.951062560081482,0,3326.84301757812,1.72718246359023
"SEG226208",-4.65090417861938,3.55104613304138,15.3376407623291,5.67901611328125,19.9885444641113,2.84417700767517,2.15051293373108,2.41861891746521,2.77619075775146,84.0566329956055,74.4068908691406,73.2235870361328,82.9937515258789,0.0481389313936234,0.000247165124164894,0.00716213928535581,0.0012592583661899,0,0.8581503033638,0,0.0317822583019733,4928.3017578125,3.7681431316077
"SEG226209",-6.72155857086182,3.16809749603271,15.0593709945679,4.17657709121704,21.7809295654297,2.08909463882446,1.74666750431061,2.54681086540222,2.25781011581421,84.1108703613281,72.5642547607422,71.4646530151367,83.5759124755859,0.0283459760248661,0.0021373750641942,0.0032523546833545,0.00240689516067505,2.49517934944418e-23,0.102300956845284,0.834964036941528,0.00261874566785991,57889.05078125,8.09543339251191
"SEG226210",-11.4708776473999,0.138700991868973,12.081729888916,0.822950422763824,23.5526065826416,2.15814328193665,1.81669104099274,3.09848070144653,2.2974066734314,83.6481246948242,73.8214492797852,74.7801361083984,84.0766296386719,0.000760789611376822,0.00132287829183042,0.00303828157484531,0.000167597623658367,0.00786399748176336,0,0.93826687335968,0,3529.25219726562,0.443896106618378
"SEG226211",-10.3793163299561,0.495446085929871,11.9270992279053,1.18675029277802,22.3064155578613,2.51104760169983,1.9950944185257,3.02534413337708,2.4361264705658,84.3053283691406,74.0329132080078,75.4674682617188,84.7186889648438,0.00144351983908564,0.000622004095930606,0.00179824151564389,0.000127264589536935,0.0105398548766971,0,0.913331747055054,0,5313.64208984375,0.644464796072666
"SEG226212",-4.75717496871948,3.78771209716797,15.5470371246338,5.57323265075684,20.3042125701904,2.00502419471741,1.69280886650085,2.47627735137939,2.38874745368958,84.4015960693359,72.6012420654297,71.928825378418,83.6510314941406,0.033331423997879,0.00580178061500192,0.00203312211669981,0.00905765034258366,7.4418526668954e-24,0.529432356357574,0.19133648276329,0.0250083152204752,73223.1953125,30.9983829550921
"SEG226213",-5.77985858917236,3.42978715896606,15.119478225708,4.77922677993774,20.8993358612061,1.74880695343018,1.57016885280609,2.49587941169739,2.29149603843689,84.7832717895508,72.1598358154297,71.4980773925781,84.2104187011719,0.0389825478196144,0.00545560009777546,0.00350277661345899,0.0022914947476238,2.67142286635632e-23,0,0.859126031398773,0,5342.845703125,9.69881967399677
"SEG226214",-9.57023620605469,1.34949469566345,12.6139059066772,1.81352031230927,22.1841411590576,2.19088983535767,1.83017075061798,3.12723922729492,2.32298278808594,84.7524871826172,73.2969360351562,74.7212524414062,84.7634201049805,0.00130960182286799,2.78724528470775e-05,0.00157172919716686,0.000124706915812567,0.00625478569418192,0,0.943404972553253,0,7238.7060546875,0.830041660295688
"SEG226215",-7.13621950149536,2.95727515220642,14.6556730270386,3.75378561019897,21.7918930053711,1.87022757530212,1.75450050830841,2.57961678504944,2.1441969871521,85.3527984619141,71.9150314331055,71.2596588134766,84.6555099487305,0.00918011367321014,0.000129033898701891,0.00111310801003128,0.000356768810888752,3.43464195632149e-25,0.0372879467904568,0.917753040790558,0.000525451265275478,7497.61474609375,2.62480716895539
"SEG226216",-6.59840631484985,4.02942848205566,14.4634943008423,3.97787046432495,21.0619010925293,1.48289620876312,1.41709792613983,2.51593995094299,2.02612662315369,83.5924301147461,69.1908340454102,71.6612396240234,83.0755310058594,0.00665388768538833,0.000282845023320988,0.000818914268165827,0.000525353651028126,1.54193316332441e-24,0.0278996732085943,0.916234195232391,0.000349213922163472,6672.60693359375,2.01925737156163
"SEG226217",-6.17865991592407,4.51684331893921,15.6513843536377,4.96704578399658,21.8300437927246,1.77678763866425,1.52305507659912,2.27648711204529,2.50214290618896,82.8886337280273,72.0872573852539,72.6550521850586,82.8606185913086,0.0269612390547991,0.00290864473208785,0.00063986296299845,0.00618132762610912,1.30705929512572e-23,0,0.863879561424255,0,22651.373046875,20.1221875873643
"SEG226218",-6.83801221847534,4.17782402038574,15.3325414657593,4.43913745880127,22.1705532073975,2.03294944763184,1.74706447124481,2.44623756408691,2.5743293762207,83.7361373901367,71.8758010864258,72.2748870849609,83.5158538818359,0.0305110681802034,0.00213293265551329,0.00167073565535247,0.0032076786737889,1.44017744295732e-23,0,0.889475345611572,0,16356.1337890625,9.19874605838218
"SEG226219",-7.45788240432739,3.70075011253357,15.0129432678223,3.87690687179565,22.4708251953125,2.06933736801147,1.79153084754944,2.64097094535828,2.57211804389954,84.8018493652344,72.0000915527344,72.0102081298828,84.3551635742188,0.0159989111125469,0.000969516986515373,0.00127448025159538,0.00163287203758955,6.69690054851989e-24,0,0.893222987651825,0,40642.40234375,6.05326860774807
"SEG226220",-7.59224843978882,3.6497175693512,14.5919303894043,3.60398578643799,22.1841793060303,1.64675951004028,1.56215929985046,2.6379816532135,2.13421773910522,84.5004730224609,70.4774475097656,71.3778610229492,84.0448150634766,0.0124594420194626,0.000299157574772835,0.0009137176675722,0.00116983021143824,3.9937870096764e-24,0,0.955114603042603,0,22487.65234375,3.89002835957671
"SEG226221",-6.17794895172119,4.12782573699951,14.9724931716919,4.61849451065063,21.1504421234131,1.82429003715515,1.58496463298798,2.41157388687134,2.34074544906616,83.3195037841797,70.4765853881836,72.0484619140625,83.1270370483398,0.023435540497303,0.00347985466942191,0.00244913646019995,0.00525331497192383,8.38264818246198e-24,0,0.907418012619019,0,73636.5234375,21.1591311162745
"SEG226222",-6.60201263427734,4.087486743927,15.1852970123291,4.48514270782471,21.7873115539551,1.94417870044708,1.68147778511047,2.41105389595032,2.52046966552734,83.7123031616211,71.0378799438477,72.3136596679688,83.6051330566406,0.0218673106282949,0.00332863954827189,0.00128020893316716,0.00382698955945671,9.42596169468836e-24,0,0.919705748558044,0,11212.890625,13.7624237116777
"SI031",1.89787209033966,12.4924125671387,22.0085430145264,12.3436250686646,20.1106719970703,1.54544103145599,2.04754710197449,3.40560865402222,2.8551938533783,79.6054153442383,66.98974609375,68.5828857421875,79.3296051025391,0.294060587882996,0.0841297209262848,3.15376428261516e-06,0.0142800994217396,0,0.00668267766013741,0.586556434631348,0.014287393540144,92438.390625,69.8263650404771
"SI032",1.96401882171631,12.1670637130737,21.6737499237061,12.2771062850952,19.7097320556641,1.91407310962677,2.61952066421509,4.08966255187988,3.64539051055908,79.6318817138672,68.7991027832031,71.504035949707,81.0420074462891,0.237566187977791,0.108716659247875,7.62310228310525e-05,0.018728744238615,0,0.0465774573385715,0.547637820243835,0.0406968295574188,243517.21875,112.440438065134
"SI033",0.347803443670273,10.4027414321899,19.9306488037109,10.8047428131104,19.5828475952148,2.05873322486877,2.83185052871704,4.80590295791626,3.97005748748779,80.2239303588867,71.430061340332,74.7859497070312,82.6788024902344,0.128843009471893,0.0622911490499973,0.00386136840097606,0.0187657587230206,0,0,0.786238729953766,0,100737.1171875,97.721332293148
"SI034",1.32532858848572,10.804328918457,20.2983627319336,11.3878393173218,18.9730358123779,2.34352850914001,2.99622273445129,4.74516153335571,4.45250988006592,80.0654754638672,70.8723449707031,73.7404861450195,82.3155746459961,0.131115615367889,0.0907686874270439,0.00325123756192625,0.0243846643716097,0,0,0.750479817390442,0,300513.15625,130.791982117109
"SI035",1.04709827899933,10.5850095748901,20.1156787872314,11.1801338195801,19.06858253479,2.52828812599182,3.16581916809082,5.00308561325073,4.68355655670166,80.2820739746094,71.5574340820312,74.4528427124023,82.6779632568359,0.0990016013383865,0.0735294073820114,0.0068959160707891,0.0268934797495604,0,0,0.793679594993591,0,71705.03125,149.473164368697
"SI036",1.77138912677765,11.5199174880981,21.0225238800049,11.9631185531616,19.2511329650879,2.43701672554016,2.90657138824463,4.1633768081665,4.26491451263428,81.2428970336914,70.782958984375,72.6767349243164,81.5320739746094,0.141961067914963,0.0924858748912811,7.35244029783644e-05,0.026082081720233,3.71720179133126e-37,0,0.739397406578064,0,139359.140625,145.333688880652
"SI037",1.12582695484161,10.5546607971191,20.1263275146484,11.3575448989868,19.0004997253418,3.12539434432983,3.43252182006836,4.2760763168335,4.98934888839722,82.6158676147461,72.8451232910156,74.5046997070312,82.4965362548828,0.0629397854208946,0.091814398765564,0.000278703140793368,0.00815162993967533,2.01929314239091e-32,0,0.835498988628387,0,147401.09375,53.7882584631014
"SI038",1.0447450876236,9.50921726226807,19.1925182342529,10.869626045227,18.1477737426758,4.1285834312439,4.03817892074585,4.42075490951538,6.12455034255981,81.786491394043,73.7560195922852,75.1010894775391,82.6801300048828,0.0426902174949646,0.0866349935531616,0.00319856172427535,0.00581663148477674,3.10814426056409e-25,0,0.852407932281494,0,71271.6640625,48.7048953792035
"SI041",0.8615682721138,10.098147392273,19.705057144165,10.9627361297607,18.8434886932373,3.37966513633728,3.73923254013062,4.91219520568848,5.48286390304565,81.5586471557617,73.0897598266602,75.2508316040039,83.0706176757812,0.0634484961628914,0.068768821656704,0.00658875051885843,0.0171987991780043,0,0,0.843995094299316,0,262422.9375,113.522241072012
"SI042",-0.159110486507416,8.27337169647217,17.8726959228516,9.52770042419434,18.0318069458008,4.2104549407959,4.58940696716309,5.6987419128418,6.91809272766113,80.8609466552734,73.9631423950195,76.5952301025391,83.6240310668945,0.0702401697635651,0.0536833480000496,0.00888668838888407,0.0214953273534775,0,0,0.845551550388336,0,275453.375,128.361629636398
"SI043",0.0266182515770197,7.38743305206299,17.1441078186035,9.33554458618164,17.117488861084,4.900062084198,5.12135648727417,5.56973648071289,7.93211889266968,79.0103302001953,73.7991561889648,75.5055465698242,81.8489227294922,0.0406934320926666,0.077987052500248,0.00352158257737756,0.0158670507371426,0,0,0.804248034954071,0,203393.46875,87.1526256038601
"SI044",4.60064649581909,12.4980945587158,22.4188003540039,14.0323543548584,17.8181533813477,3.823814868927,3.69026041030884,3.64618062973022,5.73258066177368,77.6920471191406,72.3396835327148,72.2147750854492,79.272087097168,0.0927225649356842,0.126801535487175,0.000665027997456491,0.0321738794445992,5.44640046023484e-26,0,0.575466454029083,0,169416.28125,160.601259449373
"SK010",1.05136740207672,11.8329029083252,21.6272163391113,11.7430000305176,20.5758495330811,1.69274687767029,1.69440352916718,2.16124296188354,1.97724854946136,80.9313278198242,67.3756103515625,64.2958526611328,76.3314056396484,0.368498533964157,0.13540318608284,2.51557286112813e-09,0.0487813912332058,0,0.0261375177651644,0,0.420821458101273,546012.375,270.177045580403
"SK021",1.06714594364166,11.8071222305298,21.5471725463867,11.7419691085815,20.4800262451172,1.58054172992706,1.67552149295807,2.16478061676025,1.92013359069824,80.9025802612305,66.9423370361328,64.188117980957,75.9668655395508,0.460554033517838,0.131607413291931,4.08682644774672e-05,0.0302156284451485,0,0.00844397395849228,0.0612708106637001,0.307820469141006,618766.4375,147.954710783596
"SK022",-0.613821148872375,9.84782981872559,19.4014282226562,10.0653486251831,20.0152492523193,2.25345897674561,2.02016448974609,2.67319250106812,2.23511743545532,83.5519714355469,70.9369735717773,71.6228332519531,80.6298904418945,0.249008193612099,0.0765232145786285,9.2984912043903e-05,0.0240457691252232,0,0.000313544005621225,0.64268434047699,0.00733198085799813,513907.53125,114.794128899879
"SK023",0.796601891517639,11.8141374588013,21.415548324585,11.5980310440063,20.6189460754395,1.69645690917969,1.68652713298798,2.10833954811096,1.97614908218384,81.6611404418945,67.0829696655273,65.7375640869141,76.7885818481445,0.461125552654266,0.0877817943692207,2.89479680759541e-06,0.0237850099802017,0,0.000103541337011848,0.257278650999069,0.169922560453415,721267.875,114.77891226578
"SK031",-2.33071899414062,7.77095174789429,17.1620063781738,8.19086265563965,19.4927234649658,2.96461939811707,2.84711360931396,3.76477861404419,2.85018944740295,85.4271926879883,73.9844207763672,76.7822265625,84.1120376586914,0.128189668059349,0.0571908988058567,0.000258058513281867,0.0259211417287588,0,0.000513433362357318,0.771732866764069,0.0140172522515059,791415.3125,115.971578051333
"SK032",-1.27433121204376,9.40475273132324,18.8769836425781,9.5205602645874,20.1513137817383,2.19257402420044,2.24397969245911,2.7749719619751,2.33222961425781,83.6863708496094,70.8135452270508,73.1682662963867,81.8344802856445,0.207316786050797,0.0635935589671135,0.000444133329438046,0.0138309048488736,0,0,0.71481466293335,0,636638.625,67.5894515307073
"SK041",-1.70318591594696,8.90311527252197,18.2338027954102,8.98326873779297,19.9369869232178,2.30902719497681,2.68977999687195,3.56537795066833,2.43966770172119,83.8038024902344,72.2555694580078,75.5579833984375,82.825325012207,0.203330561518669,0.0604963675141335,0.000532173726242036,0.0164682827889919,5.0899925554404e-05,0.0271732099354267,0.473280608654022,0.217892155051231,839915.75,93.7801784741859
"SK042",-1.10084009170532,9.82459735870361,19.2440891265869,9.78423118591309,20.3449306488037,1.81302976608276,2.15952324867249,2.94229650497437,2.10977411270142,82.7971801757812,69.6534729003906,71.8170394897461,80.6123275756836,0.263748556375504,0.0601526685059071,0.000320294813718647,0.0239007230848074,0.000131100678117946,0.00458847917616367,0.539276301860809,0.106353029608727,824733.625,123.211714677449
"SM",3.40413737297058,10.2374382019043,20.9300498962402,12.859619140625,17.5259132385254,2.1763551235199,2.03724813461304,1.74968731403351,3.21602344512939,81.1396408081055,71.6654739379883,67.4634780883789,79.2347946166992,0.255500644445419,0.0808551013469696,0.00286669447086751,0.00803286675363779,0,1.80791250026235e-11,0,0.64939147233963,3689.41967773438,61.5944396965397
"UKC1",3.69899010658264,8.07766819000244,15.0681781768799,9.8511152267456,11.3691892623901,2.76451659202576,2.04771971702576,2.11663579940796,2.92621898651123,85.9518737792969,78.6235198974609,78.7769622802734,85.2638320922852,0.194744125008583,0.474286526441574,0.0390350706875324,0.0516667552292347,0,0,0.0778478607535362,0.160705298185349,810809.625,268.672488225985
"UKC2",3.82104158401489,8.00578498840332,14.8961372375488,9.8364086151123,11.0750961303711,2.6804530620575,2.00300645828247,2.15142440795898,2.93552160263062,85.2702331542969,78.5499496459961,79.1853103637695,84.8178329467773,0.172288358211517,0.442427098751068,0.0796380415558815,0.0177354048937559,1.21008489521783e-27,0,0.224898517131805,0.0206334851682186,679050.5625,121.354007203244
"UKD1",3.96889543533325,8.24603176116943,15.13560962677,10.0084409713745,11.1667146682739,4.39092350006104,2.77423119544983,2.6555666923523,4.50409603118896,87.1872406005859,79.8047485351562,81.0154266357422,86.3760452270508,0.069534569978714,0.532839179039001,0.0797280892729759,0.00568457087501884,2.80208916138619e-28,0,0.206470787525177,0,440894.78125,65.2972562809633
"UKD3",4.58110570907593,9.18321418762207,16.3856220245361,10.8517513275146,11.804515838623,3.53509902954102,2.4884946346283,2.64031720161438,3.88646531105042,86.8898391723633,78.4188232421875,78.9201202392578,85.7153625488281,0.147384881973267,0.454327195882797,0.000338675046805292,0.136750891804695,0,0,0.255470097064972,0,1259558,988.707614625706
"UKD4",4.48700094223022,8.93795967102051,16.0474185943604,10.6872806549072,11.5604162216187,3.84582161903381,2.5639705657959,2.71566081047058,4.24552488327026,86.2744445800781,78.6834564208984,79.6443405151367,85.3030090332031,0.149996653199196,0.48235297203064,0.0129628833383322,0.0823652893304825,2.56248373552249e-28,0,0.239801362156868,0,1845300,601.324752945893
"UKD6",4.87010335922241,9.57274341583252,16.8051376342773,11.1673574447632,11.9350347518921,2.61852979660034,2.05835819244385,2.17374420166016,3.08606100082397,85.6178131103516,77.3872909545898,77.4308090209961,84.3708114624023,0.188071072101593,0.378684431314468,5.63879038963933e-05,0.146027594804764,0,0,0.26555398106575,0,2271658.5,1003.4873317792
"UKD7",4.86734008789062,9.36064052581787,16.5223388671875,11.0859680175781,11.6549997329712,2.5327525138855,1.96648013591766,2.06077075004578,3.0371823310852,84.9022674560547,77.4961166381836,77.6222381591797,83.8071517944336,0.186735481023788,0.358340859413147,9.44906597410977e-10,0.116911172866821,0,0,0.250652819871902,0,488690.5,719.588213558679
"UKE1",4.68626928329468,9.41363048553467,16.8333072662354,11.2544050216675,12.1470384597778,1.74323666095734,1.56889998912811,1.78238475322723,2.05005049705505,84.0438842773438,76.8180389404297,75.8632583618164,82.43212890625,0.423791319131851,0.284915655851364,0.00205078814178705,0.0294053629040718,0,3.03764088535607e-12,0.0966100543737411,0.0760129988193512,753676.6875,215.511138836459
"UKE2",3.86064720153809,8.47285747528076,15.6710052490234,10.2421245574951,11.8103590011597,2.67361330986023,1.89850974082947,2.10356879234314,2.78301048278809,85.7748870849609,78.3660278320312,78.3203353881836,84.8158645629883,0.291502565145493,0.433170348405838,0.0409667119383812,0.0229083877056837,4.59671931329731e-30,0,0.0952410101890564,0.112719431519508,1455196.25,175.205386841681
"UKE3",4.35031223297119,9.09616947174072,16.5411224365234,10.7871980667114,12.1908102035522,2.2978880405426,1.90946924686432,1.97757184505463,2.54788422584534,85.5598526000977,76.9366760253906,75.865104675293,83.8799285888672,0.308788478374481,0.3418048620224,0.00992573518306017,0.0927819833159447,0,9.92038699451636e-13,0.0732935592532158,0.171826049685478,1033643,666.757867413232
"UKE4",4.31101560592651,8.91923332214355,16.2476634979248,10.6658573150635,11.9366474151611,3.01744484901428,2.20649743080139,2.31806778907776,3.14032316207886,86.4090957641602,78.1152420043945,77.8337173461914,85.1356201171875,0.223527148365974,0.394780039787292,5.04132025014314e-09,0.138699918985367,0,0,0.181964457035065,0.0602108798921108,2002366.875,1008.91708690436
"UKF1",4.39882898330688,9.22866535186768,16.7330989837646,10.8706493377686,12.3342704772949,2.36434388160706,1.95289719104767,1.99736618995667,2.63581323623657,85.9721755981445,76.9085159301758,75.5582504272461,84.0496063232422,0.305306285619736,0.374004930257797,0.0150701412931085,0.0759987160563469,0,2.35954502464386e-11,0.0767169445753098,0.151836112141609,2679076.75,560.658560674419
"UKF2",4.67558479309082,9.68764019012451,17.3511791229248,11.2946004867554,12.6755952835083,1.92312669754028,1.6595059633255,1.71563339233398,2.19599628448486,85.7892913818359,76.2022094726562,73.9534149169922,83.3539199829102,0.434048444032669,0.296729803085327,2.13969686413407e-09,0.0634594261646271,0,0,0.00443172315135598,0.198965519666672,2402896.75,487.42771135557
"UKF3",4.70996856689453,9.6159029006958,17.135440826416,11.43297290802,12.4254732131958,1.79458713531494,1.61719489097595,1.7132077217102,2.05899238586426,84.4326324462891,76.5159225463867,74.9341430664062,82.424934387207,0.457467794418335,0.278705090284348,3.04689096175537e-09,0.013430523686111,0,3.9012718056064e-10,0.000292613782221451,0.15426042675972,813203.9375,138.474137085498
"UKG1",4.76871967315674,9.58589935302734,17.177360534668,11.1767730712891,12.4086418151855,2.45881414413452,1.91528916358948,1.85844671726227,2.67393755912781,86.0358810424805,76.7453002929688,75.1221771240234,84.0635681152344,0.368758827447891,0.364630222320557,0.000175901092006825,0.0546815171837807,6.18629462069393e-30,0,0.015183093957603,0.189946964383125,2557962.25,432.759391485149
"UKG2",4.61098384857178,9.32862758636475,16.7690315246582,10.9368600845337,12.1580467224121,2.54811477661133,2.01929974555969,2.00204062461853,2.8319947719574,86.2518615722656,77.3687896728516,76.2980270385742,84.5618057250977,0.275757133960724,0.448541641235352,0.00571021903306246,0.056154265999794,5.00726024512425e-30,0,0.188417240977287,0.0248848106712103,2636618,425.051509348901
"UKG3",4.76597261428833,9.62752151489258,17.2408905029297,11.2063026428223,12.4749183654785,2.25735783576965,1.89554309844971,1.95303416252136,2.57504534721375,85.8698501586914,76.290283203125,74.6721115112305,83.8435134887695,0.355086952447891,0.328747034072876,5.52345857940395e-09,0.0980548858642578,0,0,0.0976131036877632,0.120094805955887,631788.8125,751.069417147829
"UKH1",4.86747455596924,9.81835746765137,17.4902744293213,11.7428512573242,12.6227989196777,1.87610113620758,1.49246501922607,1.70573556423187,2.12670946121216,84.8511428833008,76.9103775024414,75.4241638183594,82.6475524902344,0.483458280563354,0.286001265048981,2.26906049647368e-05,0.0175685491412878,0,1.21037888045628e-10,0,0.162030875682831,2139779.25,170.134432421502
"UKH2",5.04576873779297,10.0489616394043,17.8716812133789,11.7935733795166,12.8259124755859,1.95804512500763,1.53903651237488,1.62096500396729,2.24947738647461,85.7090148925781,76.0898971557617,73.9279937744141,83.2950134277344,0.383818805217743,0.203168109059334,2.33540453642433e-09,0.184594348073006,0,4.58865688501842e-11,0,0.225915357470512,4733316,1662.77601319622
"UKH3",5.32225799560547,10.2845687866211,18.1892852783203,12.2203435897827,12.8670263290405,1.89509320259094,1.3624347448349,1.56862509250641,2.13229775428772,85.1801834106445,77.1629257202148,75.3006973266602,82.7985153198242,0.465093940496445,0.190877914428711,0.00185004505328834,0.091316245496273,0,4.9387277600843e-10,0,0.169923439621925,2420921.5,681.809117990802
"UKI3",5.10029745101929,10.0491046905518,17.9472198486328,11.8412132263184,12.846920967102,2.25532817840576,1.59247040748596,1.6429979801178,2.47554445266724,85.8696136474609,76.346923828125,74.634765625,83.7184524536133,0.246892496943474,0.18001326918602,1.43513989581123e-09,0.296147137880325,0,0,0,0.27569192647934,293919.75,2659.55559354522
"UKI4",5.13068437576294,10.0893802642822,17.9865856170654,11.8839521408081,12.8559017181396,2.20902252197266,1.56014728546143,1.63202047348022,2.43093967437744,85.8382568359375,76.3879089355469,74.6180801391602,83.6262359619141,0.28520655632019,0.178237169981003,1.67258973338136e-09,0.272559434175491,0,0,0,0.261785864830017,466045.09375,2432.88442577234
"UKI5",5.23702096939087,10.2091541290283,18.0804309844971,12.0187253952026,12.843409538269,2.12817645072937,1.47065246105194,1.59033465385437,2.35389161109924,85.7794799804688,76.6517715454102,74.7927551269531,83.4082794189453,0.405693352222443,0.186949148774147,2.89905965900061e-09,0.174965590238571,0,0,0,0.224091067910194,612473.6875,1481.3280745313
"UKI6",5.10838651657104,10.0098915100098,17.8499526977539,11.8167858123779,12.74156665802,2.46573543548584,1.63183236122131,1.62541997432709,2.65925478935242,85.9358901977539,76.7359085083008,75.3411026000977,83.9013290405273,0.251720249652863,0.230080127716064,1.62186053476177e-09,0.217015087604523,0,0,0,0.294051498174667,646527.375,1848.0678601871
"UKI7",5.12076091766357,10.0831069946289,17.9903221130371,11.875226020813,12.8695602416992,2.18035936355591,1.56758594512939,1.64063215255737,2.41490459442139,85.8578796386719,76.2818832397461,74.4563522338867,83.6449508666992,0.262004435062408,0.16535696387291,1.93000015968892e-09,0.306117385625839,0,1.17900633510694e-14,0,0.265033602714539,1264215.25,2771.66194541868
"UKJ1",5.07758092880249,9.98738288879395,17.7915992736816,11.6841039657593,12.7140169143677,2.23691916465759,1.6855616569519,1.65228593349457,2.51758408546448,86.0992050170898,76.363395690918,74.5618667602539,83.9982223510742,0.42428731918335,0.280297696590424,3.42948358600381e-09,0.0528232492506504,0,1.23197285706311e-10,0,0.242280125617981,2242129.75,389.823319341433
"UKJ2",5.52581071853638,10.1518421173096,17.9588451385498,12.2404737472534,12.4330348968506,2.67697954177856,1.68108236789703,1.66805136203766,2.88212585449219,85.7974166870117,76.8118515014648,75.4959106445312,83.7583389282227,0.230778753757477,0.208614394068718,2.1160754840821e-05,0.129595413804054,0,8.34112640069051e-11,0,0.24953156709671,4680052,856.345140537696
"UKJ3",5.63400411605835,10.1247119903564,17.8219738006592,12.2055959701538,12.1879682540894,2.799635887146,1.74159479141235,1.64372169971466,3.00121116638184,85.2253189086914,76.92236328125,75.6953582763672,83.512451171875,0.296234309673309,0.230874210596085,3.43465762853157e-06,0.057185523211956,0,2.87435963919336e-10,0,0.227025151252747,1753161.75,426.885888938813
"UKJ4",5.59646940231323,10.3255796432495,18.1971683502197,12.4902391433716,12.6006984710693,2.39242076873779,1.58350014686584,1.60209488868713,2.7065703868866,85.4814453125,77.88720703125,76.5027008056641,83.3742065429688,0.339739859104156,0.216648563742638,1.86261883694527e-09,0.0665444806218147,0,0,0,0.188083559274673,1782042.875,485.963409257651
"UKK1",5.16931295394897,9.87294769287109,17.5825309753418,11.595573425293,12.4132175445557,2.72060084342957,1.87514245510101,1.80087721347809,2.91742706298828,86.0125350952148,77.1086883544922,75.9657897949219,84.4022369384766,0.405416458845139,0.342360556125641,3.26584315146761e-09,0.0319357663393021,0,1.56781326202809e-12,0.0160658303648233,0.190127909183502,2009250.125,269.659097910051
"UKK2",5.85680103302002,9.94824886322021,17.4030113220215,12.0780801773071,11.5462102890015,3.09170198440552,1.94267201423645,1.78420603275299,3.28243470191956,85.2610855102539,78.0615539550781,77.3567199707031,84.2196273803711,0.280541181564331,0.302152156829834,2.21421525559151e-09,0.0279777478426695,0,1.77541887441679e-11,0.131270185112953,0.0393964052200317,1225847.875,200.023173108131
"UKK3",7.08599424362183,9.93754863739014,16.619348526001,12.6386833190918,9.53335475921631,4.01796674728394,2.25982785224915,1.86981284618378,3.98893737792969,83.4791946411133,80.4098129272461,80.7413482666016,83.9945983886719,0.158133745193481,0.359117716550827,3.68340047351978e-09,0.0106909228488803,0,0,0.128906100988388,0,152532.078125,42.7475931384368
"UKK4",6.20887899398804,9.66872119903564,16.7831802368164,12.0544633865356,10.5743026733398,4.30828428268433,2.43159580230713,2.05796003341675,4.22296524047852,85.7768859863281,80.6851196289062,80.703125,85.5422592163086,0.183770433068275,0.484122604131699,0.00557048106566072,0.0102706160396338,1.94784183682432e-20,0,0.162552282214165,0,583048.875,87.7290318875181
"UKL1",5.12675666809082,8.8558235168457,15.830150604248,11.0377473831177,10.7033929824829,4.75438213348389,2.91328620910645,2.61696696281433,4.91305923461914,86.1928939819336,80.3280944824219,80.6423110961914,85.4526062011719,0.103662297129631,0.431609958410263,0.0469154417514801,0.020850220695138,4.46386023978997e-28,0,0.202134653925896,0.000124351470731199,1479778.375,112.633671120289
"UKL2",4.39834117889404,8.58032894134521,15.8255052566528,10.4623737335205,11.4271631240845,4.41293859481812,2.77416801452637,2.39924883842468,4.36019277572632,87.7276229858398,79.85400390625,79.4027862548828,86.4430999755859,0.145681366324425,0.51776385307312,0.0530563369393349,0.0245806127786636,4.03192922282326e-29,0,0.195257514715195,0.0269045308232307,1215062.5,158.909926518871
"UKM50",3.50590872764587,7.62337255477905,13.8727769851685,8.80731964111328,10.366868019104,2.41967988014221,1.95975720882416,2.16603779792786,3.08739304542542,83.0307388305664,77.7016983032227,79.3708190917969,83.5362396240234,0.191754311323166,0.342787086963654,0.117152869701385,0.00997968576848507,1.48808354578176e-23,2.32502249874686e-13,0.245278164744377,0.0558496415615082,392562.71875,60.405162171608
"UKM61",3.6644983291626,7.33072376251221,13.2039642333984,8.86307144165039,9.53946590423584,5.07700443267822,3.28538656234741,2.73363971710205,4.58456563949585,85.3848419189453,79.7560348510742,82.1200408935547,85.3623580932617,0.0256437696516514,0.0660731270909309,0.441843092441559,0.000718775438144803,1.55157432548518e-24,0,0.331289201974869,0,66576.1875,5.11075648357918
"UKM62",2.1418936252594,6.36084938049316,12.95068359375,7.83586120605469,10.8087902069092,3.96826839447021,2.7202832698822,2.36373209953308,3.82077932357788,87.5345153808594,79.9595260620117,80.775146484375,86.8798217773438,0.0351805612444878,0.110127873718739,0.427880108356476,0.00239192019216716,1.23264199119116e-22,2.51088727717605e-13,0.347355663776398,0.0603143200278282,109373.7421875,13.9065043766777
"UKM63",3.14786887168884,6.81044483184814,12.8869667053223,8.36864757537842,9.73909854888916,8.13063049316406,5.02497386932373,3.80341720581055,7.25990200042725,86.4968719482422,80.6890335083008,83.4009170532227,86.0088043212891,0.0491904653608799,0.0684061050415039,0.358042567968369,0.000684344675391912,1.19903568043619e-23,5.14917726512909e-11,0.33620086312294,0.00593478651717305,75347.0859375,5.17243513181346
"UKM64",6.34028100967407,8.4260950088501,13.2635097503662,10.5200214385986,6.92322874069214,5.69782638549805,3.46826529502869,2.89960241317749,5.01756000518799,78.1669235229492,78.0331649780273,83.116096496582,80.7387466430664,0.00532018439844251,0.0805558040738106,0.241760313510895,0.000224035204155371,1.55533220245786e-23,8.72625305348151e-10,0.135228991508484,0.0375729016959667,3380.51318359375,1.04127942676594
"UKM66",7.18787622451782,8.12055110931396,12.4715242385864,10.7243022918701,5.2836480140686,5.08015060424805,2.94543480873108,2.59079909324646,4.40273904800415,74.980110168457,78.7891540527344,86.3755645751953,79.9779586791992,0.00527261104434729,0.232744798064232,0.0808155834674835,0.000557949591893703,0,5.45750289404623e-09,0,0.125046387314796,9188.2724609375,6.40942704271534
"UKM71",3.26907348632812,7.43235778808594,14.1392364501953,8.9961748123169,10.8701629638672,2.56566333770752,1.98333442211151,2.08507013320923,3.09438443183899,84.8266296386719,77.9080352783203,78.8717575073242,84.5421981811523,0.229348883032799,0.235821411013603,0.201896950602531,0.00602326123043895,2.12474022587243e-27,2.67412585130966e-11,0.271333336830139,0.00289962324313819,95309.296875,43.1797522544235
"UKM72",4.1320071220398,8.52963447570801,15.202579498291,10.0178337097168,11.0705718994141,2.56684803962708,1.95634317398071,2.08650779724121,2.94066119194031,83.1198348999023,76.519775390625,77.4159393310547,82.6819839477539,0.224424362182617,0.235329240560532,0.0158026684075594,0.0278434809297323,0,2.72969646886168e-10,0.159937590360641,0.0295987986028194,294294.65625,198.586922462268
"UKM73",3.88196849822998,8.11981296539307,14.8591213226318,9.73193550109863,10.9771518707275,2.57775115966797,2.00548458099365,2.04663491249084,2.98512411117554,85.153450012207,78.4738540649414,79.2464599609375,84.65283203125,0.181796491146088,0.343124121427536,0.118144169449806,0.021334707736969,6.97631481537084e-28,9.85207540549204e-11,0.231957882642746,0.0106828585267067,177853.1875,172.920689102736
"UKM75",3.76264476776123,8.09146595001221,14.7783727645874,9.57433605194092,11.0157289505005,3.06545948982239,2.27977728843689,2.15608668327332,3.34522581100464,86.4301071166992,79.240104675293,79.9054641723633,85.8096389770508,0.131141915917397,0.31283050775528,0.169937416911125,0.054947055876255,0,0,0.297594398260117,0,118758.3046875,429.201040571964
"UKM76",3.6317880153656,8.18134498596191,14.8676347732544,9.49894332885742,11.2358474731445,3.55909395217896,2.44329285621643,2.27124166488647,3.71179986000061,86.4936904907227,78.4581451416016,79.3938751220703,85.7845993041992,0.1716218739748,0.440057903528214,0.049908883869648,0.0308007895946503,2.34376121619402e-25,0,0.291552782058716,0,68210.296875,231.573599171846
"UKM77",2.41614747047424,6.80180883407593,13.5817718505859,8.24096775054932,11.1656246185303,4.7307333946228,3.04899215698242,2.58640265464783,4.53574228286743,88.0706481933594,79.8450317382812,80.6135940551758,87.1924362182617,0.114322274923325,0.192630901932716,0.296019434928894,0.00793578289449215,1.77135529269321e-23,0,0.352362751960754,0,438597.1875,57.1667629453337
"UKM78",3.7387752532959,8.21332359313965,14.8798122406006,9.56557559967041,11.1410369873047,3.36484551429749,2.40246844291687,2.21924877166748,3.62904834747314,86.757942199707,79.1710662841797,80.0957336425781,86.1510162353516,0.138712182641029,0.445095419883728,0.0615970268845558,0.0420641042292118,0,0,0.30229577422142,0,138644.28125,326.532742880948
"UKM81",3.21422386169434,7.35364723205566,13.8710784912109,8.83016586303711,10.6568546295166,7.16839742660522,4.57840776443481,3.54494547843933,6.67774724960327,87.5661468505859,80.2381820678711,81.9611740112305,86.8740081787109,0.0929228067398071,0.210928440093994,0.242203891277313,0.0438291020691395,1.58399719894306e-24,0,0.346931368112564,0,214988.9375,302.745430179573
"UKM82",4.09078407287598,8.31830501556396,14.8615112304688,9.78226184844971,10.7707262039185,4.53271102905273,3.12446308135986,2.56717109680176,4.66561222076416,85.8101425170898,78.9647064208984,80.4204788208008,85.3100738525391,0.116888232529163,0.428957879543304,5.98186389311195e-10,0.125705987215042,0,0,0.328447908163071,0,146037.46875,865.413207959884
"UKM83",4.62998533248901,8.5302677154541,14.9310216903687,10.1365423202515,10.3010358810425,4.99944353103638,3.4121949672699,2.78489899635315,5.08106565475464,85.1530151367188,79.1765823364258,80.8728179931641,84.8361663818359,0.0832943469285965,0.359752148389816,0.0239163972437382,0.0700111761689186,0,0,0.25304514169693,0,272742.84375,476.515832861937
"UKM84",3.80187344551086,8.23130798339844,14.8560380935669,9.58802223205566,11.0541648864746,3.90533494949341,2.71230673789978,2.37700724601746,4.10268115997314,86.6052017211914,79.1242218017578,80.2900161743164,86.0201797485352,0.132376462221146,0.468132197856903,0.0212131571024656,0.0629757270216942,2.49985504635856e-24,0,0.313843041658401,0,213828.328125,454.659352833567
"UKM91",3.77947807312012,8.05944442749023,14.8594694137573,9.681715965271,11.0799903869629,3.12235569953918,2.25802302360535,2.25703406333923,3.4022364616394,86.0103912353516,78.8439483642578,79.5735244750977,85.4329605102539,0.15904289484024,0.368391513824463,0.137434303760529,0.013926443643868,2.61199857587246e-27,0,0.280191451311111,0,523009.15625,111.7432064298
"UKM92",3.61603879928589,7.83217763900757,14.4821338653564,9.38681411743164,10.8660955429077,4.99419403076172,3.27419185638428,2.75134587287903,5.09724283218384,87.598747253418,80.2263259887695,81.4619445800781,87.0769653320312,0.0745130330324173,0.397477746009827,0.174257382750511,0.00370728247798979,1.1675175101045e-28,0,0.326791614294052,0,102362.4453125,16.023650133125
"UKM93",4.07179498672485,8.06447124481201,14.5407648086548,9.66174507141113,10.4689693450928,5.08315229415894,3.43548154830933,2.7393946647644,5.19497060775757,86.13037109375,79.8469772338867,81.5506591796875,85.7766723632812,0.0867247581481934,0.342934280633926,0.0800868421792984,0.0481672361493111,5.34209285202943e-31,0,0.325930207967758,0,557676.1875,322.085554101935
"UKM94",4.60207891464233,8.3313102722168,14.6003475189209,10.04088306427,9.99826908111572,4.51625061035156,3.07369637489319,2.54744291305542,4.79433536529541,84.8991241455078,80.4892654418945,82.9200820922852,84.8756866455078,0.0738783106207848,0.295697391033173,0.0687486603856087,0.0139440214261413,2.11525216811259e-29,0,0.297975391149521,0,98558.5625,81.397396915184
"UKM95",3.80951571464539,8.21933269500732,14.8487577438354,9.60113334655762,11.0392417907715,4.04390430450439,2.78459429740906,2.42377781867981,4.2411470413208,86.8649368286133,79.3466110229492,80.4874038696289,86.2989807128906,0.123959340155125,0.470652729272842,0.0490336939692497,0.0513740070164204,7.01842033840939e-29,0,0.303225010633469,0,657975.5,370.797577878993
"UKN06",5.51651048660278,8.88373947143555,15.1310596466064,10.8606214523315,9.6145486831665,3.2606794834137,2.47559118270874,2.20366883277893,3.47215867042542,83.3662719726562,80.3630981445312,82.014404296875,83.3838806152344,0.0540220253169537,0.352186232805252,0.00539741618558764,0.0477387234568596,4.19579275160079e-23,0,0.153377488255501,0,44057.94140625,336.711462807614
"UKN07",4.88769865036011,8.66542434692383,15.1113243103027,10.2755098342896,10.2236251831055,3.06859087944031,2.35359048843384,1.98698925971985,3.19439005851746,85.5172500610352,79.5939559936523,79.6932144165039,85.0218124389648,0.0535685122013092,0.743386149406433,0.00120912806596607,0.0163678079843521,0,0,0.157858073711395,0,183151.1875,130.924276378412
"UKN08",4.91847658157349,8.61199569702148,15.091326713562,10.2959470748901,10.1728506088257,3.01269268989563,2.34605383872986,1.99102306365967,3.18862819671631,85.1920013427734,79.5585632324219,79.6720962524414,84.7894668579102,0.065625287592411,0.719986200332642,1.437365670931e-09,0.0201265215873718,0,0,0.168997004628181,0,141034.328125,87.4173048664341
"UKN09",5.69077587127686,8.97136688232422,15.1940631866455,11.0077152252197,9.50328826904297,3.13422465324402,2.41855645179749,2.17176389694214,3.37629652023315,83.0636444091797,80.4742813110352,82.2914505004883,83.1593627929688,0.0570516958832741,0.298802018165588,0.00433503650128841,0.0532254427671432,4.99183102888187e-23,0,0.155131191015244,0,109047.4296875,245.148167992642
"UKN10",4.47862195968628,8.17922687530518,14.2518262863159,9.77400588989258,9.7732048034668,3.97844576835632,2.88876080513,2.34534621238708,3.76258039474487,86.3012313842773,80.4128723144531,81.5625076293945,85.7469635009766,0.0765027403831482,0.660341918468475,0.0110250813886523,0.00780010735616088,2.46289338749761e-12,0,0.208095759153366,0,85860.6953125,68.5233470025225
"UKN11",4.60048198699951,8.50609302520752,14.7698593139648,10.0222692489624,10.1693773269653,3.48951077461243,2.59112000465393,2.11560201644897,3.49788928031921,85.9774017333984,79.9114837646484,80.3750610351562,85.3816299438477,0.0423860475420952,0.741975665092468,0.017257034778595,0.00867319107055664,3.47788165661539e-27,0,0.165107637643814,0,153527.5625,78.5314987021377
"UKN12",4.63674736022949,8.4169454574585,14.5702276229858,10.0139684677124,9.93348121643066,3.65714240074158,2.68620920181274,2.20730447769165,3.6094319820404,85.5991897583008,79.9951934814453,80.8624572753906,85.1569137573242,0.0439973473548889,0.682956516742706,0.0180219784379005,0.00996940582990646,3.24049576234942e-12,0,0.169302180409431,0,52163.625,25.9450029430345
"UKN13",4.74565029144287,8.49612236022949,14.8523626327515,10.2099514007568,10.1067123413086,3.82005214691162,2.7278835773468,2.34480094909668,3.89620590209961,84.704948425293,79.8712921142578,80.7888870239258,84.377067565918,0.0406203158199787,0.588330805301666,0.0100968405604362,0.0234683211892843,6.74526876606261e-24,0,0.145620048046112,0,135780.71875,186.697968712535
"UKN14",4.95355224609375,8.5930290222168,14.9762163162231,10.3646364212036,10.0226640701294,3.44006609916687,2.55530405044556,2.20474553108215,3.58617353439331,84.5317153930664,79.8549957275391,80.6549453735352,84.2674026489258,0.054187037050724,0.58076149225235,0.00571011565625668,0.0278613604605198,1.11975681606938e-23,0,0.157453238964081,0,93292.546875,179.080877664413
"UKN15",4.95718765258789,8.60249042510986,14.9288396835327,10.3885068893433,9.97165393829346,3.66655039787292,2.65864992141724,2.30607175827026,3.77983975410461,84.3375854492188,80.0062484741211,81.1251907348633,84.1045150756836,0.0442979745566845,0.523528575897217,0.00880723632872105,0.0301285423338413,1.64082342533938e-23,0,0.147748813033104,0,229346.03125,220.560226977123
"UKN16",4.51145839691162,8.31588745117188,14.5024518966675,9.83906841278076,9.99099349975586,4.17868995666504,3.00704431533813,2.3789267539978,3.90336465835571,87.0198364257812,80.3954391479492,81.0710067749023,86.2570190429688,0.0955622121691704,0.634994506835938,0.0362211056053638,0.0042837131768465,2.18781026281589e-12,0,0.21694341301918,0,139522.609375,47.2526250494412
"VA",10.4412860870361,15.5283193588257,25.6835117340088,19.2631168365479,15.2422246932983,2.79739141464233,1.88990902900696,0.800671279430389,8.10166835784912,76.3211517333984,74.044548034668,71.0659866333008,76.800048828125,0.218724489212036,0.0390620231628418,1.16741338818116e-12,0.15377801656723,0,0,0,0.152933865785599,225.580795288086,663.088549706919
"XKG125378",0.99536782503128,10.837890625,21.4892177581787,12.3708066940308,20.4938507080078,1.79863226413727,1.95750248432159,2.10179567337036,2.19360399246216,79.0370407104492,68.6071243286133,63.9978523254395,74.0224533081055,0.239986911416054,0.238579005002975,0.00534071121364832,0.0405602268874645,0,0.0660482570528984,0.0764379650354385,0.333046913146973,682719.9375,213.727626232105
"XKG125379",0.874127268791199,10.6887273788452,21.3614559173584,12.1618738174438,20.4873294830322,2.17754173278809,2.37582659721375,2.43694067001343,2.55224204063416,78.8625106811523,68.5542144775391,65.3157272338867,74.3881988525391,0.230861142277718,0.233288809657097,0.0107871918007731,0.022632310166955,0,0.0372432880103588,0.225321516394615,0.239865720272064,263404.65625,130.70072978978
"XKG125380",1.30397987365723,11.1840419769287,21.7964992523193,12.7085409164429,20.4925193786621,1.63484179973602,1.86612606048584,2.04966878890991,2.03132557868958,79.2570724487305,68.4224700927734,63.388240814209,73.7068786621094,0.262286484241486,0.216739431023598,0.00726346485316753,0.0328462682664394,0,0.0988181382417679,0,0.38204625248909,231772.359375,166.562155942328
"XKG125385",-0.173099964857101,9.10508728027344,19.8671169281006,10.9977207183838,20.0402164459229,3.02454972267151,2.46072697639465,2.05680108070374,3.25786685943604,78.9218063354492,70.3976058959961,66.630256652832,75.0192260742188,0.177181512117386,0.242182075977325,0.0396403707563877,0.0210601259022951,0.0151480184867978,0,0.504610955715179,0,271477.53125,109.855323856977
"XKG125389",-0.133687898516655,9.14262676239014,19.8986835479736,11.0685453414917,20.0323715209961,2.44380021095276,2.10246419906616,2.0147705078125,2.85650634765625,78.5282211303711,69.4691619873047,62.8155746459961,73.3124618530273,0.161085531115532,0.294843912124634,0.0327477268874645,0.0294621363282204,0.000234324805205688,0,0.481399178504944,0,359807.125,191.428362369377
