"NUTM","temperature_winter","temperature_spring","temperature_summer","temperature_fall","seasonal_variation","precipitation_winter","precipitation_spring","precipitation_summer","precipitation_fall","relative_humidity_winter","relative_humidity_spring","relative_humidity_summer","relative_humidity_fall","croplands","pastures","rangelands","urbanAreas","primaryForest","primaryNonForest","secondaryForest","secondaryNonForest","total_population","population_density","total_population_density"
"AD",4.29432058334351,10.1596221923828,21.6110343933105,13.3331346511841,17.3167152404785,2.49229025840759,2.52548432350159,1.92405164241791,2.53411173820496,74.8799057006836,71.6158447265625,67.612548828125,75.2291564941406,0.182240843772888,0.0595459155738354,0.0355205796658993,0.0158773418515921,5.45881157449912e-05,0.0280041601508856,0.145879596471786,0.532876968383789,19565.505859375,NA,41.2935860381325
"AL013",2.9276270866394,11.0355882644653,23.29372215271,13.3284587860107,20.3660945892334,4.43803215026855,3.10061621665955,0.776176989078522,3.8819100856781,79.4739685058594,70.9599990844727,55.5432205200195,71.9241638183594,0.145056962966919,0.189292088150978,0.00582505902275443,0.0177214369177818,0.0553643926978111,0,0.585126996040344,0,149634.40625,NA,64.4573351686032
"AL015",3.71496772766113,11.3345327377319,23.5161094665527,13.8661031723022,19.8011417388916,6.26845550537109,3.94099926948547,0.76819634437561,5.37257432937622,77.8691253662109,71.3666076660156,58.332763671875,72.1102523803711,0.157432034611702,0.132561758160591,0.00615057814866304,0.0117703853175044,0.077351026237011,0,0.571119010448456,0,202178.984375,NA,56.5528695436231
"AL014",7.91332960128784,15.3188982009888,27.2252082824707,17.8451843261719,19.3118782043457,4.83267831802368,3.05119729042053,0.585000097751617,4.39065170288086,75.9816436767578,70.8740539550781,59.4586791992188,71.6357269287109,0.135564476251602,0.130483105778694,5.29534194271264e-10,0.0115861501544714,0.0749916210770607,0,0.573309123516083,0,83395.5078125,NA,50.3433640820325
"AL011",4.94533967971802,12.6925983428955,24.879638671875,15.1778469085693,19.9343013763428,3.97615194320679,2.69251108169556,0.587947607040405,3.65932583808899,80.4343719482422,71.9179153442383,58.301685333252,73.2196731567383,0.128406226634979,0.229160889983177,0.00242221052758396,0.010790609754622,0.0736887827515602,0,0.542586326599121,0,113090.2421875,NA,44.8747053881982
"AL012",9.5381326675415,16.3983421325684,28.0581798553467,19.1861000061035,18.5200481414795,4.07106494903564,2.70651793479919,0.474548190832138,3.938232421875,74.2003021240234,69.7386016845703,60.6026878356934,71.0214691162109,0.195795074105263,0.109479896724224,4.93267426904254e-10,0.0252138208597898,0.0738565474748611,0,0.554901123046875,0,216845.65625,NA,281.785376070691
"AL021",5.91662454605103,13.2045545578003,25.246187210083,15.9778852462769,19.3295631408691,3.34029698371887,2.38872838020325,0.499668896198273,3.38094711303711,79.1406707763672,70.0386199951172,58.0819396972656,72.4495544433594,0.134239062666893,0.213387101888657,0.0131271490827203,0.0144668072462082,0.0835257768630981,0,0.535082042217255,0,338224.21875,NA,102.208696296816
"AL022",9.12119388580322,15.8798818588257,27.5456886291504,18.7640972137451,18.4244956970215,3.46233606338501,2.44094777107239,0.429028511047363,3.49784111976624,75.0782775878906,69.5766525268555,60.6183128356934,71.3320922851562,0.216224551200867,0.134649112820625,6.481362113675e-10,0.0302931759506464,0.0760704353451729,0,0.53765082359314,0,665560.375,NA,402.105364093094
"AL034",4.17448616027832,11.8909559249878,24.2731170654297,14.6125202178955,20.0986289978027,2.98577570915222,2.19958138465881,0.55901962518692,3.0177104473114,81.4869918823242,70.4088516235352,54.3530883789062,71.6389541625977,0.14560167491436,0.155288502573967,0.0401488542556763,0.00875630415976048,0.0119526879861951,0.3396355509758,0.0933649316430092,0.147905617952347,145094.734375,NA,39.2685217486654
"AL031",7.13728141784668,14.0585060119629,25.8541641235352,16.995719909668,18.7168827056885,3.44896936416626,2.34112596511841,0.443302512168884,3.57570385932922,77.7145462036133,69.1964263916016,57.5032691955566,71.8322601318359,0.188430622220039,0.214032843708992,0.021111261099577,0.011056843213737,0.06512700766325,0,0.497839003801346,0,79968.453125,NA,43.9966418801749
"AL032",11.1767292022705,17.3792743682861,28.717945098877,20.5071048736572,17.5412178039551,3.31480741500854,2.25054097175598,0.345255881547928,3.68399596214294,75.345573425293,68.7011947631836,59.2283782958984,71.6632385253906,0.331202775239944,0.164888605475426,0.0014359432971105,0.0221911445260048,0.0353272035717964,0,0.431351870298386,0,183618.859375,NA,99.1016848742965
"AL035",9.76114559173584,16.2259712219238,27.2970523834229,19.2564182281494,17.5359077453613,4.72607421875,2.59757804870605,0.320218861103058,4.70522785186768,76.4466094970703,72.1744232177734,63.4719314575195,73.8922424316406,0.149307429790497,0.185439452528954,0.0365022495388985,0.00418219994753599,0.0260404739528894,0.00457914592698216,0.425009459257126,0.000895378296263516,51787.8515625,NA,18.9830381039932
"AL033",6.30435276031494,13.2746486663818,24.9602546691895,16.2117710113525,18.6559009552002,4.81890916824341,2.71155261993408,0.423150599002838,4.61324834823608,77.5629501342773,70.4729843139648,58.3780937194824,72.2342224121094,0.16449648141861,0.21509838104248,0.0272958278656006,0.00462513184174895,0.047523271292448,0.0127688273787498,0.473987460136414,0.00334782246500254,42436.34375,NA,14.7798460663876
"AT11",4.42203092575073,13.6720180511475,24.0136051177979,14.4044599533081,19.5915756225586,1.43644523620605,2.24455618858337,2.63943195343018,2.08635926246643,81.7123489379883,68.413948059082,63.2369613647461,76.4922714233398,0.321204632520676,0.0138628501445055,6.29200530966045e-06,0.012266356498003,1.40129846432482e-45,0.0252633783966303,0.298863381147385,0.30883914232254,343195.59375,NA,86.8114592140164
"AT12",3.62649345397949,12.5519170761108,22.6433086395264,13.3711128234863,19.0168170928955,2.14927887916565,2.7750608921051,2.75374531745911,2.05688905715942,83.6091690063477,71.7263717651367,67.1954193115234,79.011474609375,0.281679749488831,0.181437358260155,0.00377312628552318,0.0202291719615459,0,0.0997565165162086,0.0744956061244011,0.338285118341446,3315559.25,NA,173.604177057442
"AT13",5.07794523239136,14.0935668945312,24.408031463623,14.7127819061279,19.3300876617432,1.73127591609955,2.30132389068604,2.18976759910583,1.82551980018616,81.930290222168,69.0981063842773,62.3496475219727,75.9262771606445,0.251187115907669,0.167120099067688,2.47817016907348e-10,0.116770669817924,0,0.0853981450200081,0,0.37952396273613,470517.5,NA,1109.87725274157
"AT21",0.732161402702332,8.35640811920166,18.606632232666,10.5613737106323,17.8744716644287,2.24257016181946,3.39283680915833,4.22148561477661,3.90137219429016,83.2277297973633,75.9768371582031,75.4141006469727,83.0802688598633,0.118844196200371,0.104843080043793,0.0626261457800865,0.0113469772040844,0,0,0.698206007480621,0,611733.5,NA,64.7101786475255
"AT22",1.43940496444702,9.65222072601318,19.5820903778076,11.3178033828735,18.1426868438721,2.36295366287231,3.42942833900452,4.20003366470337,3.17315721511841,84.3087387084961,74.9358901977539,74.9609832763672,82.8368225097656,0.135394215583801,0.0707503035664558,0.0249181687831879,0.0137368207797408,9.4071860162832e-25,0.0376910790801048,0.692307233810425,0.024257717654109,1287145.625,NA,78.6217705637526
"AT31",2.82733750343323,11.4046726226807,21.035758972168,12.5772466659546,18.2084197998047,3.4015953540802,3.9591794013977,3.89978742599487,3.04739856719971,85.8778839111328,74.6847839355469,73.8486328125,83.3481140136719,0.231312423944473,0.231596574187279,0.0119124688208103,0.0194584261626005,0,0.0563428662717342,0.304602354764938,0.140051141381264,1405277.625,NA,117.7984524696
"AT32",0.0844583287835121,6.52490091323853,16.2429161071777,9.25455570220947,16.1584587097168,3.35821676254272,4.72162055969238,5.59638929367065,4.14429950714111,84.904541015625,79.0031433105469,79.6816482543945,85.1043014526367,0.0957268252968788,0.168062180280685,0.156798616051674,0.00935985986143351,0,0,0.553305447101593,0,541684.8125,NA,75.6249354330919
"AT33",-0.295090526342392,5.61870861053467,15.2803964614868,8.35537338256836,15.5754880905151,2.9978506565094,3.97622418403625,4.84226131439209,3.65400648117065,81.8485565185547,77.9406051635742,78.8039703369141,83.5255432128906,0.0818479433655739,0.167167097330093,0.197274714708328,0.00735623110085726,0,0,0.52515721321106,0,889519.3125,NA,70.6040077025571
"AT34",1.4736248254776,7.40798568725586,16.929256439209,9.73695373535156,15.4556312561035,3.99975275993347,4.62226676940918,4.90445709228516,4.22720193862915,81.8096771240234,76.7598266601562,76.9122848510742,82.6361083984375,0.114336974918842,0.193980097770691,0.142907053232193,0.024994969367981,0.00037938158493489,0,0.51489520072937,0,426344.125,NA,162.362012923145
"BAG1652",3.92980289459229,11.8478221893311,23.6563568115234,14.0990657806396,19.7265529632568,3.55867433547974,3.33528709411621,1.48574185371399,3.53156590461731,81.6340026855469,71.684814453125,60.5002021789551,75.1682815551758,0.173461258411407,0.153957709670067,0.030225295573473,0.0114304190501571,0.000113792491902132,0.113345794379711,0.451284050941467,0.0581885948777199,1394485.125,NA,52.1421969226529
"BAG1653",4.44073486328125,12.7533321380615,24.5477714538574,14.7758512496948,20.1070384979248,3.33183908462524,3.29736089706421,1.56737434864044,3.32722115516663,81.3476486206055,70.9500045776367,60.5945091247559,74.586051940918,0.209954530000687,0.113494329154491,0.0257729049772024,0.00969723705202341,0.000225679963477887,0.139311835169792,0.398105800151825,0.0943359881639481,994450.375,NA,40.5718489455874
"BE10",6.63709545135498,12.3561754226685,21.4145183563232,14.7389163970947,14.7774229049683,3.10503339767456,2.21681809425354,2.07609248161316,2.56406450271606,87.3300476074219,77.4611892700195,73.0805816650391,83.5113220214844,0.362351566553116,0.106236569583416,7.14613257457586e-10,0.259109526872635,0,0,0,0.272302389144897,199453.25,NA,1319.38727590198
"BE21",6.71039152145386,12.4056301116943,21.398120880127,14.6423244476318,14.6877307891846,3.02376413345337,2.0834231376648,2.01767563819885,2.56971573829651,87.0866775512695,76.7459335327148,72.6583023071289,83.4738311767578,0.273272275924683,0.113739192485809,1.39280897926142e-09,0.125116720795631,0,2.21877197170706e-10,0,0.468882888555527,1508752.875,NA,529.411120614135
"BE22",6.34900903701782,12.312463760376,21.4497470855713,14.5543193817139,15.1007375717163,2.97986698150635,2.32457256317139,2.1143798828125,2.46564841270447,86.8300018310547,76.4668045043945,72.0180435180664,83.1926574707031,0.271802067756653,0.12613745033741,7.23819393311231e-10,0.106464043259621,0,0,0,0.495596438646317,1050387,NA,432.490540655569
"BE23",6.77059936523438,12.2694120407104,21.3364105224609,14.9059553146362,14.5658102035522,3.08045625686646,2.06041097640991,2.05480360984802,2.683748960495,87.1036071777344,77.9513168334961,74.1987457275391,83.7273864746094,0.281149357557297,0.160267323255539,1.29170163454262e-09,0.120935201644897,0,1.80114242964713e-10,0,0.361943244934082,1561953.875,NA,517.070499669676
"BE24",6.43501091003418,12.3171911239624,21.5081119537354,14.690972328186,15.0731019973755,2.97555899620056,2.20951628684998,2.0517213344574,2.45584344863892,87.2016296386719,77.2671127319336,72.8761215209961,83.4879760742188,0.392663389444351,0.118710622191429,1.60340363208888e-09,0.169657304883003,0,1.7766529566976e-11,0,0.317448228597641,1587769.375,NA,750.811470234384
"BE25",6.80454874038696,11.9740591049194,20.8261032104492,14.8311052322388,14.0215549468994,3.29849195480347,2.1464695930481,2.13416647911072,2.89840912818909,86.3497085571289,78.2973937988281,75.0583953857422,83.2638473510742,0.364803731441498,0.161310195922852,3.99082572544174e-10,0.102788746356964,0,0,0,0.251039922237396,1342809.625,NA,426.159563713424
"BE31",6.41185617446899,12.3174715042114,21.5413055419922,14.708743095398,15.129448890686,2.9615170955658,2.18058657646179,2.03026652336121,2.42653942108154,87.2359390258789,77.2945861816406,72.8743667602539,83.4845428466797,0.412534326314926,0.116463772952557,1.92275995125613e-09,0.169366046786308,0,0,0,0.301635891199112,781620.625,NA,726.323997983963
"BE32",6.45857906341553,12.1831111907959,21.5143737792969,14.6790151596069,15.0557947158813,3.33256101608276,2.33211469650269,2.1070294380188,2.69587779045105,87.8126983642578,78.0872116088867,73.4003677368164,83.9224166870117,0.349153697490692,0.154192626476288,8.31857693839311e-10,0.109867237508297,0,0,0.200819209218025,0.185967266559601,1941252.25,NA,510.694470519914
"BE33",5.57767200469971,11.7471227645874,21.0698680877686,14.0077896118164,15.4921960830688,3.30015897750854,2.6279718875885,2.32483649253845,2.78021335601807,88.2269973754883,78.0779342651367,73.8498382568359,84.9152450561523,0.215657949447632,0.111448727548122,1.42255263124724e-09,0.0772271826863289,0,6.08425290672069e-15,0.285632014274597,0.310034155845642,1250065.375,NA,323.443164687766
"BE34",5.17585182189941,11.2704620361328,20.9226493835449,13.4860305786133,15.7467966079712,3.88147902488708,2.8359272480011,2.31351566314697,3.11858892440796,89.4790649414062,78.7557601928711,73.8189163208008,85.8715286254883,0.28653010725975,0.144608065485954,0.000378167402232066,0.0313570648431778,2.80782411210545e-11,1.08620630316856e-36,0.444859564304352,0.0922669991850853,394012.96875,NA,88.3728900155052
"BE35",5.89358425140381,11.8541402816772,21.365743637085,14.253363609314,15.4721593856812,3.51120543479919,2.60467791557312,2.25538921356201,2.78963136672974,88.5349044799805,78.5857696533203,73.852424621582,84.8051605224609,0.321068733930588,0.144322842359543,1.71768097061431e-05,0.0522919520735741,0,1.51607310423993e-36,0.0782268419861794,0.404072523117065,722787.3125,NA,196.64129698675
"BG311",5.0728554725647,14.641622543335,26.6228427886963,15.5185852050781,21.5499858856201,1.69950556755066,2.00537848472595,0.951155662536621,1.65524423122406,82.7340393066406,68.3771591186523,55.733814239502,74.0942764282227,0.10222414880991,0.180027991533279,0.00463152723386884,0.00550112687051296,0,0.0389622449874878,0,0.666341841220856,77538.6640625,NA,25.8195776796795
"BG312",4.51060390472412,14.1677350997925,26.2247524261475,15.2070055007935,21.714147567749,1.63222086429596,2.16909027099609,1.01414096355438,1.67874777317047,82.0390548706055,68.290168762207,55.5085258483887,72.8413238525391,0.0773394703865051,0.198611542582512,0.0192011184990406,0.00587956653907895,0,0.0340653024613857,0,0.66300243139267,89251.984375,NA,24.4720179545661
"BG313",4.65394115447998,14.6239833831787,26.9946632385254,15.7923288345337,22.3407249450684,1.70634806156158,2.35608577728271,1.08875644207001,1.734992146492,82.3522033691406,68.6861877441406,55.5718193054199,72.5703430175781,0.120915278792381,0.175262287259102,0.0280457139015198,0.00775299174711108,0,0.00345437438227236,0,0.662930130958557,104202.46875,NA,28.5215914671751
"BG314",4.71582937240601,15.1369371414185,27.6290607452393,16.3580703735352,22.9132308959961,1.65868866443634,2.08502840995789,1.12721395492554,1.51941978931427,82.354866027832,68.6005935668945,56.9543304443359,72.6214599609375,0.449092179536819,0.182171225547791,0.0108986748382449,0.00793355889618397,0,0.00576428044587374,0,0.342988103628159,176938.03125,NA,38.6170389593561
"BG315",3.66023659706116,13.3327369689941,25.8711338043213,14.9681587219238,22.2108974456787,1.77537643909454,2.71205639839172,1.47824811935425,1.75675022602081,81.4088668823242,71.549919128418,59.8882598876953,73.9236755371094,0.265023946762085,0.11973662674427,0.00598612893372774,0.00997901614755392,0,1.82667481567478e-05,0,0.599244177341461,139472.375,NA,33.7179953718411
"BG321",4.60546970367432,14.3363399505615,26.7803802490234,15.9046211242676,22.1749095916748,1.73884928226471,2.24800229072571,1.18097746372223,1.53151345252991,82.3114700317383,70.8858184814453,60.5747604370117,74.4897308349609,0.366103619337082,0.150082513689995,0.00312348548322916,0.00978774297982454,0,0.00252881995402277,0,0.467994540929794,167452.71875,NA,35.918710214247
"BG322",3.14760041236877,12.5578908920288,25.0330257415771,14.294545173645,21.885425567627,1.86169302463531,2.63410067558289,1.46488916873932,1.66228258609772,81.6660537719727,72.1237411499023,61.6139488220215,74.9433059692383,0.214325681328773,0.100690498948097,0.00056390673853457,0.0115150650963187,0,2.24978812184418e-05,0,0.672317087650299,76930.515625,NA,38.6956690570319
"BG323",4.84319305419922,15.0694932937622,27.3381290435791,16.267951965332,22.4949340820312,1.90864419937134,2.1349401473999,1.29951131343842,1.74097526073456,83.1581268310547,69.0777053833008,60.3798217773438,74.1988830566406,0.517119526863098,0.109987527132034,0.00614945916458964,0.0120809078216553,0,0.0108000449836254,0,0.341719001531601,150662.484375,NA,52.2874473413047
"BG324",4.74264144897461,14.5899353027344,26.7669315338135,15.9936428070068,22.0242900848389,1.87068605422974,2.17363715171814,1.28019797801971,1.86876106262207,83.1677551269531,70.4908905029297,62.2254676818848,75.4332809448242,0.520985960960388,0.0340895056724548,0.000303575419820845,0.00861786119639874,0,0.00360079645179212,0,0.432319462299347,67883.3359375,NA,28.548729963907
"BG325",4.88955354690552,14.7588548660278,26.7699394226074,16.097957611084,21.8803844451904,1.8747091293335,1.99524354934692,1.188157081604,1.82025170326233,83.5093383789062,70.5460586547852,62.4252777099609,75.6766204833984,0.518915116786957,0.0691602826118469,0.00641222205013037,0.00818920694291592,0,0.00942255929112434,0,0.380538105964661,127356.8984375,NA,44.4113028800684
"BG331",6.16772270202637,14.034255027771,26.0328559875488,16.8837146759033,19.8651313781738,1.55684399604797,1.79935371875763,0.961833000183105,1.91293835639954,81.8951416015625,74.3434371948242,67.484977722168,77.7450408935547,0.427264869213104,0.0273460000753403,0.000121904646221083,0.0133418561890721,0,5.11154685227666e-05,0,0.438205301761627,322342.3125,NA,84.8305784734991
"BG332",5.68584728240967,14.1097955703735,26.1255054473877,16.4853115081787,20.439661026001,1.57787454128265,1.71059262752533,0.944811940193176,1.89681696891785,82.576286315918,73.0170593261719,65.6426010131836,76.9950408935547,0.50912868976593,0.0419270731508732,2.80941181429739e-09,0.00694566732272506,0,0.00559979397803545,0,0.431100338697433,128910.640625,NA,27.0429968864214
"BG333",5.26327419281006,14.0867481231689,26.2720966339111,16.1852416992188,21.0088233947754,1.64829790592194,2.04582571983337,1.11373627185822,1.76168870925903,82.7425231933594,72.9718399047852,64.327880859375,76.8447494506836,0.49789109826088,0.0340903326869011,0.000142695571412332,0.0081674000248313,0,6.66132518745144e-06,0,0.45954817533493,106476.9296875,NA,31.1974837485999
"BG334",4.83726024627686,14.1359424591064,26.4364185333252,15.9246807098389,21.599157333374,1.67626798152924,2.16421246528625,1.21543431282043,1.66033637523651,82.7384338378906,72.3021240234375,63.2232971191406,76.3028717041016,0.439678132534027,0.0337090529501438,8.71137744979933e-05,0.00765405735000968,0,0.000319375132676214,0,0.518545150756836,65863.8671875,NA,24.5314344013588
"BG341",6.83773183822632,14.5145654678345,26.2497081756592,17.4468517303467,19.4119739532471,1.8075008392334,1.86887431144714,0.888400554656982,2.10518312454224,80.5840835571289,74.2875900268555,67.0860443115234,76.4705810546875,0.324188470840454,0.0243329852819443,0.00112929299939424,0.00710422731935978,0,0.0331434160470963,0,0.486488610506058,254777.046875,NA,32.8350203953752
"BG342",4.60463285446167,13.3033285140991,25.5750522613525,15.346396446228,20.9704208374023,1.59907627105713,1.93895208835602,1.03512680530548,1.56950771808624,81.4736633300781,72.4531478881836,61.7916450500488,75.1199111938477,0.348668813705444,0.0380607843399048,0.00131062150467187,0.00877408031374216,0,1.69937156897504e-05,0,0.603168666362762,117261.2421875,NA,33.5293118345879
"BG343",6.66029739379883,14.8448734283447,26.9181537628174,17.1503620147705,20.2578582763672,1.6293044090271,1.83982574939728,0.868116080760956,1.69339823722839,80.6788635253906,71.5882873535156,59.961368560791,73.6284790039062,0.48975396156311,0.0364812687039375,0.00247863261029124,0.00626069121062756,0,0.000973102287389338,0,0.463904947042465,72449.1796875,NA,21.6705904709102
"BG344",4.95157194137573,13.768611907959,26.2387561798096,15.6730079650879,21.2871856689453,1.76110005378723,2.19480776786804,1.11944377422333,1.54576730728149,80.8720016479492,71.1985244750977,58.1926803588867,73.1785430908203,0.297664135694504,0.12336890399456,0.00193091202527285,0.0106346290558577,0,1.48814024214516e-05,0,0.566181540489197,222047.21875,NA,42.9354746083987
"BG411",3.52048921585083,12.4998168945312,24.4849319458008,14.2897529602051,20.9644432067871,1.83490753173828,2.77587842941284,1.3814709186554,2.01195287704468,79.8891830444336,69.738151550293,57.8134651184082,72.0621795654297,0.042621549218893,0.0368086472153664,0.00669496180489659,0.0517120994627476,0,2.70453274424654e-05,0,0.861449956893921,533698.25,NA,405.307507263915
"BG412",2.90622520446777,11.86256980896,24.0288791656494,13.7338781356812,21.1226539611816,1.97724640369415,3.03115200996399,1.43133020401001,2.04746246337891,80.337776184082,71.0463485717773,59.2067985534668,73.077262878418,0.0491694286465645,0.0529512129724026,0.00606250995770097,0.0154491513967514,0,0.0100665166974068,0,0.864068567752838,688983.8125,NA,96.8369063199204
"BG413",3.54728770256042,11.9960880279541,24.2569847106934,14.1471796035767,20.7096977233887,1.82866168022156,2.06579232215881,0.897762894630432,1.55031299591064,78.0311660766602,68.7840347290039,56.5570793151855,70.3170928955078,0.116752617061138,0.167113453149796,0.0252491850405931,0.00560683198273182,0,0.0616438314318657,0,0.620640277862549,200505.5625,NA,31.229481552563
"BG414",3.29607915878296,12.1616535186768,24.0065326690674,14.0037002563477,20.7104530334473,1.7323203086853,2.28365874290466,1.11114144325256,1.80586421489716,79.1657943725586,68.9970932006836,57.3468322753906,71.6840438842773,0.0420286729931831,0.040025070309639,0.0113842701539397,0.0149511527270079,0,0.108813628554344,0,0.782775580883026,231316.890625,NA,97.1843745654313
"BG415",3.12769913673401,11.7868585586548,23.6743030548096,13.8176956176758,20.5466022491455,1.85858333110809,2.28841805458069,1.06181311607361,1.75862205028534,77.0019836425781,67.0907821655273,54.2370338439941,69.1065292358398,0.0390907451510429,0.0815641656517982,0.0186940617859364,0.00797262880951166,0,0.145126566290855,0,0.7075315117836,90577.1328125,NA,29.642019613486
"BG421",4.48381090164185,13.3075485229492,25.8238162994385,15.199481010437,21.3400058746338,1.96785366535187,2.52605390548706,1.33572244644165,1.66250205039978,79.9376754760742,71.2731781005859,57.933277130127,72.8196411132812,0.277969837188721,0.11566798388958,0.00458492850884795,0.0157940723001957,0,0.00150730309542269,0,0.5838223695755,553928.625,NA,92.489479832925
"BG422",6.82828426361084,14.8258943557739,27.1524047851562,16.9891757965088,20.3241195678711,1.94609522819519,1.94809901714325,0.77202695608139,1.6747624874115,80.3122863769531,69.9592437744141,54.129581451416,70.5009384155273,0.381222188472748,0.163063958287239,0.0181904137134552,0.00722998613491654,0,0.0458972491323948,0,0.38260018825531,178808.25,NA,32.2970279707526
"BG423",3.49334216117859,12.1855239868164,24.5520648956299,14.2069253921509,21.0587215423584,1.97886598110199,2.56410002708435,1.17944061756134,1.64024817943573,79.3839492797852,71.2910537719727,58.6404571533203,72.5794906616211,0.179793655872345,0.0892847776412964,0.00689849629998207,0.00902471132576466,0,0.0502243377268314,0,0.658809959888458,188075.25,NA,42.2572465985702
"BG424",3.24861931800842,11.2764301300049,23.5653991699219,13.4762115478516,20.316780090332,2.3413782119751,2.44441843032837,1.23736584186554,1.78469729423523,79.8757400512695,72.7871475219727,61.1119995117188,73.3957595825195,0.105536930263042,0.0459213182330132,0.0156827662140131,0.00386112509295344,0,0.14784337580204,0,0.673655271530151,77225.3359375,NA,24.2203066344962
"BG425",6.21298599243164,13.8850393295288,26.1677989959717,16.0864238739014,19.9548110961914,2.14194369316101,2.08426237106323,0.790374040603638,1.66522109508514,80.4060668945312,71.3595199584961,55.7645645141602,71.2620239257812,0.292667388916016,0.11252474039793,0.0499534234404564,0.00485087838023901,0,0.114955313503742,0,0.41933062672615,110068.984375,NA,34.1624551293766
"CH01",0.478714436292648,6.28926038742065,16.576301574707,9.15154361724854,16.0975875854492,4.37293291091919,4.2692084312439,3.05728816986084,4.03109455108643,78.8295822143555,75.0816040039062,73.4414215087891,80.3854293823242,0.158284574747086,0.121165342628956,0.041366882622242,0.0198930706828833,9.82730328989677e-27,0,0.573362708091736,0,1403843.5,NA,161.394715480539
"CH02",3.02842020988464,9.56143283843994,19.5286350250244,11.6637077331543,16.5002136230469,4.59005689620972,4.58247661590576,3.73723864555359,4.18072414398193,81.7675170898438,75.3219299316406,74.4260635375977,82.3528442382812,0.21441176533699,0.162003338336945,0.0186452325433493,0.0311689898371696,3.3633044249569e-29,3.7685276765842e-07,0.534675419330597,2.68136113845685e-06,2171092,NA,215.602048561938
"CH03",4.88863897323608,11.8509960174561,21.5275173187256,13.3291244506836,16.638879776001,4.18652200698853,4.2497181892395,3.46268486976624,3.60316777229309,83.9115600585938,74.2713012695312,72.4613189697266,82.7445220947266,0.210100695490837,0.184802576899529,0.0083735603839159,0.0572853684425354,2.4082626129987e-26,0.00899407081305981,0.451995313167572,0.0639940947294235,885213.4375,NA,451.507507983446
"CH04",4.73143672943115,11.7942924499512,21.3503818511963,13.0817022323608,16.6189460754395,4.32340145111084,4.75113821029663,4.12604522705078,3.89331007003784,84.3439407348633,74.8171997070312,73.4947738647461,83.4990310668945,0.148108467459679,0.230894491076469,0.00873407442122698,0.0802155882120132,7.3814893570656e-27,0,0.502801239490509,0,1031515.375,NA,603.677818839424
"CH05",0.666010856628418,5.92219305038452,15.6611042022705,8.66722393035889,14.9950923919678,4.07604503631592,4.48033237457275,4.20355653762817,4.49320030212402,81.2682266235352,75.3345565795898,75.0955123901367,82.3627777099609,0.0741488412022591,0.212897285819054,0.152211904525757,0.0146572133526206,1.95369757420849e-05,0,0.521414935588837,0,1366198.25,NA,119.467321289582
"CH06",2.05198621749878,7.99670648574829,17.6289176940918,10.228536605835,15.5769309997559,5.55917310714722,6.05582523345947,4.84370946884155,5.19718503952026,82.1562423706055,75.9302444458008,76.2548599243164,83.2673873901367,0.0966431871056557,0.21730662882328,0.0696355476975441,0.0430802255868912,1.15571065435833e-26,0,0.50629061460495,0,1395728.625,NA,314.049574022392
"CH07",1.4740514755249,7.20061206817627,17.3250617980957,9.74017333984375,15.8510112762451,3.74499130249023,6.05044507980347,4.57430505752563,6.58435344696045,77.7814712524414,72.2877807617188,70.3547897338867,80.1110916137695,0.0512329265475273,0.118262626230717,0.112203828990459,0.0185623187571764,4.08628717019295e-21,0,0.6602463722229,0,410471.375,NA,143.559359687044
"CZ01",3.71800756454468,12.4486122131348,22.1337547302246,13.2406873703003,18.4157485961914,1.51060891151428,1.81282341480255,2.20118570327759,1.47575128078461,83.246696472168,71.9648284912109,66.2169494628906,78.925178527832,0.479681819677353,0.0799484327435493,1.16122211846204e-09,0.0441413223743439,0,0.000120780838187784,0.156738057732582,0.239260286092758,251341.40625,NA,523.313816976597
"CZ02",3.32135057449341,11.9155521392822,21.5751914978027,12.7976007461548,18.2538414001465,1.75490295886993,2.04608798027039,2.30776786804199,1.57462584972382,83.9706726074219,72.8785934448242,68.3142623901367,80.0431747436523,0.45019993185997,0.133105307817459,0.000124435202451423,0.0195540562272072,0,0.00019255600636825,0.107878684997559,0.288702547550201,2246761.25,NA,206.081001685629
"CZ03",2.95557951927185,11.3875293731689,20.9862308502197,12.3723192214966,18.0306510925293,2.31195759773254,2.51036500930786,2.63638043403625,1.9011834859848,85.7447357177734,74.513313293457,71.324821472168,82.3013381958008,0.326466232538223,0.177561461925507,0.00163651641923934,0.00708309467881918,0,0.00280516827479005,0.0463879965245724,0.436701357364655,1244325,NA,70.2751021562441
"CZ04",3.15478372573853,11.3652362823486,20.8883666992188,12.3956031799316,17.7335834503174,2.44109559059143,2.30304217338562,2.57443571090698,2.07037854194641,86.4995346069336,75.3000793457031,70.962043762207,83.1577987670898,0.322630435228348,0.109647326171398,0.00405500968918204,0.011033384129405,0,0.000436067930422723,0.0178721062839031,0.533850312232971,1219107,NA,141.100098589423
"CZ05",2.86574983596802,11.2587261199951,20.8768711090088,12.3508148193359,18.0111198425293,3.30205941200256,2.8370144367218,2.52162384986877,2.35150218009949,86.4862060546875,75.0171813964844,71.2169342041016,82.3192596435547,0.340107381343842,0.113726168870926,0.000272905046585947,0.0158225931227207,0,0.000111139706859831,0.250387579202652,0.279531359672546,1414782.75,NA,114.184875475944
"CZ06",3.202392578125,12.0469942092896,22.0059642791748,12.9584436416626,18.8035717010498,1.87733054161072,2.20056629180908,2.10985207557678,1.59197294712067,84.5997695922852,71.6011810302734,66.1135559082031,78.8596954345703,0.4337078332901,0.178759798407555,0.000349943264154717,0.0129042202606797,0,0.000250946352025494,0.0899976044893265,0.28394415974617,1588467.875,NA,113.89408727143
"CZ07",2.57539892196655,11.2338485717773,21.1585865020752,12.3474931716919,18.5831871032715,2.49733209609985,2.54694294929504,2.20499515533447,1.97916030883789,85.4827041625977,73.1689682006836,68.0825347900391,79.5456237792969,0.344706177711487,0.144591793417931,0.000417976058088243,0.0176027491688728,0,0.000265912152826786,0.306179404258728,0.185462027788162,1055410.125,NA,115.135630467135
"CZ08",2.5464723110199,11.0440731048584,20.814208984375,12.2203636169434,18.2677364349365,2.62711358070374,2.84407472610474,2.46869206428528,2.15927171707153,85.2589340209961,74.2385025024414,70.3112869262695,79.8785858154297,0.345027595758438,0.0998441204428673,0.000246710289502516,0.0213092118501663,0,0.000308513583149761,0.0545632690191269,0.476895362138748,1128832.25,NA,208.130822982084
"DE11",4.18930673599243,11.9361248016357,22.0452480316162,13.3060855865479,17.8559417724609,2.80839061737061,2.5515501499176,2.31814527511597,2.46010136604309,84.9970321655273,73.0603637695312,66.332145690918,81.3247985839844,0.288279265165329,0.0843321084976196,1.06025154309464e-05,0.0211045742034912,0,2.52226218426868e-14,0,0.606273472309113,3739025.5,NA,353.842902163181
"DE12",5.06021404266357,12.6211576461792,22.8094615936279,14.072732925415,17.7492485046387,3.16302847862244,2.68701505661011,2.33766508102417,2.70579433441162,84.2795944213867,72.4027557373047,65.0351257324219,80.3437805175781,0.220776036381721,0.0545333474874496,5.34628379682545e-05,0.021363852545619,0,0,0.0622545555233955,0.641018748283386,2407526.75,NA,351.4842218424
"DE13",4.76494741439819,11.8721733093262,21.8076286315918,13.4064817428589,17.0426826477051,3.53409123420715,3.2880368232727,2.69412851333618,3.06493282318115,84.396110534668,73.6751708984375,68.6541213989258,81.5516357421875,0.245581746101379,0.0982840657234192,0.000684726808685809,0.0247684512287378,0,0.0122204376384616,0.427232563495636,0.18592281639576,2535627,NA,270.077257852534
"DE14",4.22638702392578,11.8755664825439,21.6804809570312,13.1801290512085,17.4540939331055,2.45768809318542,3.05234980583191,2.8424654006958,2.64123773574829,85.0615081787109,74.4949645996094,70.9681777954102,82.9296951293945,0.245615780353546,0.15008270740509,0.000929687288589776,0.0135634019970894,0,4.89906323109879e-15,0.330489605665207,0.226512476801872,2090275.75,NA,228.674860831174
"DE21",3.09238648414612,11.2545518875122,20.8487281799316,12.5061407089233,17.7563419342041,2.81566214561462,3.77745485305786,4.08793210983276,3.15966963768005,84.2143478393555,74.924430847168,73.988037109375,83.6574020385742,0.244571805000305,0.174106478691101,0.0138154523447156,0.0180727057158947,0,9.29455947970559e-13,0.299798786640167,0.240675494074821,4942293.5,NA,282.414212801496
"DE22",3.29294872283936,11.9715394973755,21.6289539337158,12.8472604751587,18.3360042572021,2.87810969352722,2.87039732933044,2.84809732437134,2.46011686325073,85.1585083007812,72.9715881347656,69.6072769165039,81.7957763671875,0.328348875045776,0.173176541924477,0.000936316151637584,0.00787694659084082,0,2.45828912781576e-09,0.173730432987213,0.315930902957916,1128726.875,NA,110.355442295404
"DE23",3.15412592887878,11.460521697998,21.2063980102539,12.4407844543457,18.0522727966309,2.6857545375824,2.32041025161743,2.5188455581665,2.25966191291809,86.0886840820312,73.406364440918,68.3914413452148,82.1790618896484,0.276274174451828,0.122611299157143,0.000142525415867567,0.00833170209079981,0,9.79059611161404e-10,0.00649276981130242,0.586147606372833,1202985.5,NA,124.529952163594
"DE24",3.49599123001099,11.1273784637451,20.9226512908936,12.4645500183105,17.4266605377197,2.94541192054749,2.32772088050842,2.40346932411194,2.515212059021,86.2363204956055,74.0452423095703,68.6512222290039,82.7829666137695,0.258698970079422,0.106108002364635,4.33210300965214e-10,0.00799433421343565,0,0,0,0.627198696136475,925854.25,NA,128.304676948783
"DE25",3.69684720039368,11.5274362564087,21.567268371582,12.8166809082031,17.8704223632812,2.36657357215881,2.15082621574402,2.20723342895508,2.14817261695862,85.0579605102539,72.7302093505859,66.2114410400391,81.3770141601562,0.343996286392212,0.111424326896667,1.68750224904812e-09,0.0131297586485744,0,0,0,0.531449615955353,1523174.875,NA,211.047546658889
"DE26",4.05650997161865,11.6130657196045,21.5985355377197,13.0210227966309,17.5420265197754,2.67788076400757,2.15651226043701,2.00201725959778,2.34729862213135,85.6000289916992,73.7555618286133,66.6352462768555,82.3089370727539,0.321020156145096,0.088517889380455,0.000123433012049645,0.00655087176710367,0,1.78761370398135e-13,0.039410624653101,0.544376969337463,1062110.5,NA,124.766005998082
"DE27",3.58187389373779,11.3916244506836,21.0586280822754,12.65505027771,17.4767551422119,2.64641785621643,3.33145332336426,3.38102316856384,2.8823516368866,83.6827392578125,74.6705017089844,72.4239501953125,83.1363143920898,0.271218985319138,0.199967011809349,0.0140378400683403,0.0114476019516587,4.15312086943231e-08,0,0.174637675285339,0.325839281082153,2005665.875,NA,200.698057905548
"DE30",4.52774047851562,12.6000776290894,22.1619529724121,13.7975521087646,17.6342105865479,1.86034226417542,1.80411517620087,1.96819221973419,1.73479402065277,85.6694793701172,73.5421981811523,67.1026000976562,80.9060134887695,0.223804518580437,0.116128452122211,0.00217553786933422,0.0617250502109528,0,0,0,0.581700682640076,740877.25,NA,820.481063402718
"DE40",4.49798440933228,12.3955411911011,21.9966259002686,13.7784843444824,17.4986419677734,1.86136603355408,1.88047134876251,2.00596880912781,1.7619423866272,85.6585159301758,73.9867477416992,68.0294570922852,81.2375869750977,0.330681562423706,0.132087886333466,0.00143886113073677,0.0146650075912476,0,2.06547257596001e-12,0,0.507096111774445,5601371.5,NA,190.25152732379
"DE50",5.21599578857422,11.5076599121094,20.1275177001953,13.6322069168091,14.9115228652954,3.08834838867188,2.50003814697266,2.60530686378479,2.77060580253601,87.2949829101562,78.7929077148438,77.0854110717773,84.8161239624023,0.267965048551559,0.201009720563889,0.000569177675060928,0.0334065407514572,0,4.62561499520175e-12,0.379801541566849,0.058625053614378,152107.75,NA,360.552812949406
"DE60",4.95960092544556,11.2608709335327,20.1823577880859,13.4979095458984,15.2227573394775,2.88169479370117,2.50812816619873,2.57710218429565,2.63221502304077,88.0891723632812,78.6667175292969,75.4279937744141,84.8827972412109,0.34104135632515,0.153264746069908,0.000163487420650199,0.0370163805782795,0,2.24391360527376e-12,0.126361489295959,0.326543003320694,341937.71875,NA,459.967835904489
"DE71",4.80046939849854,12.4020853042603,22.2893142700195,13.7367305755615,17.4888439178467,2.65759110450745,2.27011513710022,2.09956622123718,2.49301886558533,84.9664764404297,72.9408645629883,65.3594131469727,81.253303527832,0.208026856184006,0.0525166802108288,0.000283065775875002,0.0304071884602308,0,0,0.129342496395111,0.579423725605011,3594411.25,NA,488.663156000516
"DE72",4.43459415435791,11.5959930419922,21.0120811462402,13.0972785949707,16.577486038208,2.82578206062317,2.31368780136108,1.98215794563293,2.54314947128296,86.2044219970703,74.8086166381836,69.7094345092773,83.3263244628906,0.215125694870949,0.0700972005724907,3.99215532524977e-05,0.0121116749942303,0,0,0.569660484790802,0.132965013384819,1196745.625,NA,220.887134483237
"DE73",3.93769788742065,10.9192485809326,20.1943244934082,12.5274362564087,16.2566261291504,2.63447952270508,2.34718132019043,2.05200052261353,2.46007966995239,86.2339096069336,75.8724060058594,71.6182632446289,83.7793731689453,0.253039807081223,0.0729416087269783,6.72596922601798e-10,0.00581362470984459,0,6.9923717525486e-15,0.208942994475365,0.459261983633041,1067711.125,NA,129.798645596191
"DE80",4.72019577026367,11.4435520172119,20.7607955932617,13.5759658813477,16.040599822998,2.09841513633728,2.10466289520264,2.32258367538452,2.04524517059326,87.2854919433594,77.8381042480469,74.5798263549805,84.2821655273438,0.417961120605469,0.165284186601639,0.000909268041141331,0.00647066719830036,0,1.67969783047839e-12,0,0.334708005189896,1207290.75,NA,52.2939909950818
"DE91",4.50239181518555,11.2220497131348,20.3622512817383,13.0048189163208,15.8598585128784,2.95227074623108,2.5255651473999,2.30364966392517,2.66289901733398,86.3731994628906,76.0982437133789,71.6430511474609,83.0441741943359,0.371028393507004,0.101439319550991,3.46869237546343e-05,0.0112963858991861,0,1.31494272935517e-12,0,0.516141951084137,1300248.25,NA,160.085598988395
"DE92",4.92877531051636,11.4747304916382,20.3823928833008,13.3753023147583,15.4536180496216,2.71016836166382,2.3355495929718,2.3012204170227,2.45083951950073,86.2368545532227,76.5411071777344,72.7646789550781,83.0795516967773,0.421753764152527,0.136367797851562,0.000149189654621296,0.0175947230309248,0,2.18670003979127e-12,0.00283729983493686,0.418637990951538,2072032.75,NA,229.390719559686
"DE93",5.01596450805664,11.4367160797119,20.3434906005859,13.5395917892456,15.3275260925293,2.70226192474365,2.31472635269165,2.43237257003784,2.45307564735413,87.0723190307617,77.1577453613281,73.9744873046875,83.8056488037109,0.32639154791832,0.171446740627289,0.000657725904602557,0.0093911848962307,0,2.75372541609642e-12,0.112725526094437,0.352369368076324,2179123.75,NA,140.945114187244
"DE94",5.49323844909668,11.5166711807251,20.0291938781738,13.6344308853149,14.5359563827515,2.97412610054016,2.3332622051239,2.36537194252014,2.57178711891174,87.5722045898438,77.8056106567383,75.6241073608398,84.6601791381836,0.372460454702377,0.257200956344604,2.37830704463704e-06,0.0131716905161738,0,4.17169562783037e-11,0.0540042892098427,0.285238295793533,1944308,NA,131.349684527716
"DEA1",6.49872016906738,12.5227823257446,21.4872760772705,14.6631603240967,14.9885549545288,3.11165833473206,2.39407205581665,2.24645352363586,2.58618831634521,86.439697265625,75.8955993652344,71.3595657348633,82.9447555541992,0.272890120744705,0.0289791692048311,4.69505685032345e-05,0.0639322027564049,0,1.58201785005474e-10,0,0.634151577949524,4383960.5,NA,831.785936241916
"DEA2",5.69328451156616,12.0789127349854,21.3172454833984,14.1466274261475,15.6239604949951,3.06580591201782,2.50418996810913,2.31448364257812,2.62008595466614,86.5336685180664,76.4243774414062,71.7579574584961,83.4065856933594,0.218328192830086,0.0215042717754841,4.24438439949881e-05,0.0442447811365128,0,1.42190760169881e-14,0.104943387210369,0.61093020439148,4417489,NA,601.374284431319
"DEA3",5.97257804870605,11.9966850280762,20.8017024993896,14.0770444869995,14.8291244506836,2.97715330123901,2.36686158180237,2.27426648139954,2.59266066551208,86.7168731689453,76.0865325927734,71.5562438964844,83.1946334838867,0.3731409907341,0.126228615641594,3.25581450688617e-09,0.030573520809412,0,7.31216961979975e-11,0,0.469987988471985,2823437.75,NA,408.510206873125
"DEA4",4.78794193267822,11.3283023834229,20.2626132965088,13.2013788223267,15.4746723175049,3.00371670722961,2.50017929077148,2.33192300796509,2.70278453826904,86.3809280395508,76.6635131835938,72.6645736694336,83.4380111694336,0.399126052856445,0.110282108187675,1.07956210637639e-09,0.0140665583312511,0,5.70503767925029e-13,0.00500810984522104,0.470948308706284,1770055.25,NA,272.563547216934
"DEA5",5.01197910308838,11.5051498413086,20.581916809082,13.4149513244629,15.5699396133423,3.99704837799072,2.96050310134888,2.48912024497986,3.30700469017029,87.8823089599609,77.478759765625,73.2059326171875,84.8162002563477,0.210019797086716,0.04539630189538,7.83563491868478e-10,0.0214997045695782,0,0,0.0920113176107407,0.630300402641296,2675793,NA,335.209846117863
"DEB1",5.19340181350708,12.0553436279297,21.5606536865234,13.7459316253662,16.3672523498535,2.80318093299866,2.26935529708862,2.07965135574341,2.53137397766113,86.7324981689453,74.8022613525391,69.2292327880859,83.3259124755859,0.242317482829094,0.0339321605861187,8.23666766791575e-07,0.0143554005771875,0,0,0.178540170192719,0.530853927135468,1568058.5,NA,195.745811080634
"DEB2",4.94052791595459,11.6493587493896,21.2217788696289,13.534008026123,16.2812519073486,3.11595845222473,2.41783022880554,2.10040688514709,2.72683715820312,88.4740447998047,76.5622711181641,71.1057815551758,84.9400482177734,0.277328014373779,0.0504416972398758,1.10491971128113e-09,0.0160535238683224,1.75281421321838e-11,0,0.591496527194977,0.0646802261471748,568940.25,NA,116.039694933224
"DEB3",5.51727771759033,12.9997472763062,23.0869388580322,14.3969869613647,17.5696620941162,2.54569482803345,2.07108306884766,1.8981819152832,2.30071043968201,85.2144546508789,72.2755355834961,63.6684608459473,80.5712814331055,0.333740621805191,0.048802562057972,0.000278857565717772,0.0262536779046059,0,3.56253894376489e-19,0,0.590924322605133,2226915,NA,324.324465743181
"DEC0",5.36223459243774,12.3534469604492,22.2966041564941,14.0601768493652,16.9343700408936,3.21804714202881,2.3618631362915,2.03409004211426,2.74638724327087,86.7829513549805,73.9720153808594,66.067268371582,82.2486114501953,0.413228988647461,0.0590771250426769,8.1150902664362e-10,0.0323915518820286,3.26025925007078e-12,0,0.0755365788936615,0.419765770435333,659972.5625,NA,253.931437398726
"DED2",4.00932788848877,12.3223581314087,21.9798221588135,13.4424724578857,17.970495223999,2.33046102523804,2.2477867603302,2.40908789634705,2.05017685890198,84.419807434082,73.7284240722656,68.8295745849609,80.8860321044922,0.345070511102676,0.0959669128060341,0.000709052779711783,0.0150147518143058,0,6.83494945405982e-05,0,0.538785576820374,1333366,NA,169.46826774948
"DED4",3.43993639945984,11.4064321517944,20.9854755401611,12.556266784668,17.545539855957,2.63134264945984,2.50583291053772,2.77843332290649,2.476895570755,85.5920867919922,75.2736206054688,70.9824752807617,82.6988220214844,0.347893357276917,0.128137141466141,0.000111202738480642,0.0160005670040846,0,3.78050935978536e-05,0,0.50772500038147,1345977.375,NA,204.992183415459
"DED5",4.60243701934814,12.6596794128418,22.4004077911377,13.7801284790039,17.7979717254639,1.87031614780426,1.81470787525177,2.0483705997467,1.85532641410828,83.2618408203125,72.755744934082,65.9641036987305,79.4218063354492,0.489390134811401,0.138756886124611,1.3514294128214e-09,0.0131330844014883,0,0,0,0.357566982507706,748581.75,NA,189.813105550659
"DEE0",4.78737163543701,12.0924825668335,21.5460681915283,13.6245307922363,16.758695602417,1.9291079044342,1.87072050571442,1.94488370418549,1.91322684288025,84.7319717407227,73.8537216186523,67.6664505004883,80.7590103149414,0.440720498561859,0.136800915002823,0.00136353250127286,0.00881010945886374,0,4.47746820089051e-13,0,0.410694152116776,2327612.5,NA,113.499171808859
"DEF0",4.94138336181641,11.014853477478,19.9118995666504,13.4866371154785,14.970516204834,3.07805752754211,2.5096287727356,2.70319128036499,2.96350479125977,88.4076080322266,80.3733673095703,77.0546875,85.4925308227539,0.313740134239197,0.194372490048409,8.40095890453085e-05,0.0224369466304779,0,2.61889759878287e-10,0.153924763202667,0.213601648807526,3224003,NA,207.19453326701
"DEG0",3.92508172988892,11.1960458755493,20.6791000366211,12.6085901260376,16.7540168762207,2.30692982673645,2.19747233390808,2.15135741233826,2.2766318321228,85.7986221313477,75.3248901367188,69.9721374511719,82.7259140014648,0.156588688492775,0.120405726134777,1.43210554526263e-09,0.00877103488892317,0,5.77453530955715e-15,0,0.714048206806183,2038403.75,NA,126.679763789393
"DK01",4.67854404449463,10.2987880706787,19.7959175109863,13.4256830215454,15.1173725128174,2.17379212379456,1.79972839355469,2.26473999023438,2.36117386817932,85.9756088256836,80.5099563598633,77.9092788696289,84.3619995117188,0.261649549007416,0.0300054606050253,0.00081624329322949,0.131552249193192,0,6.69356859361869e-06,0,0.25430503487587,709129.0625,NA,274.942988453697
"DK02",4.97288751602173,10.6786527633667,20.1362419128418,13.7805471420288,15.1633539199829,2.31974577903748,1.74578595161438,2.19541621208191,2.43632578849792,85.9656066894531,80.1712875366211,77.07421875,84.2422637939453,0.277620047330856,0.0370664596557617,0.0006130266119726,0.0323857218027115,0,1.10359246718872e-06,0,0.224398672580719,490481.125,NA,67.9466966235179
"DK03",4.44683647155762,10.3235511779785,19.1034545898438,12.9714021682739,14.6566171646118,3.30604600906372,2.31805920600891,2.56620812416077,3.35999703407288,88.3768539428711,81.1067352294922,78.4079208374023,86.100944519043,0.366451859474182,0.0728408247232437,0.000788749719504267,0.0260643884539604,1.5414283107573e-44,2.30381274946012e-07,0.286165475845337,0.0871812030673027,901643.75,NA,74.43994191167
"DK04",4.14350366592407,10.0276336669922,18.7828979492188,12.5989646911621,14.6393957138062,3.11845636367798,2.35940313339233,2.52470803260803,3.41197204589844,87.8194808959961,81.1210098266602,79.1299133300781,85.8512268066406,0.298650115728378,0.0490428693592548,0.000427563121775165,0.0339065194129944,2.70824118316456e-29,2.10418625101738e-06,0.186538860201836,0.267734616994858,1274185.375,NA,96.5994337088983
"DK05",3.90144515037537,9.94168472290039,18.7951622009277,12.3784217834473,14.8937168121338,2.63177108764648,2.19282126426697,2.51545333862305,3.09650015830994,86.4096069335938,79.6737670898438,77.9881896972656,84.6944046020508,0.302446931600571,0.0507945008575916,0.000313815224217251,0.0273765083402395,1.70229300554556e-28,8.68168456236162e-07,0.273122102022171,0.157450392842293,435889.75,NA,53.1962632076086
"EE001",0.560693800449371,8.98519420623779,19.611946105957,10.510009765625,19.0512523651123,2.51492190361023,1.69201123714447,2.4988157749176,2.70610809326172,86.9678268432617,75.3899841308594,76.7923278808594,86.0202713012695,0.0667692869901657,0.0792236328125,0.0190526470541954,0.0145892407745123,9.64054343057796e-05,0.0774941444396973,0.447357207536697,0.226188480854034,358235.625,NA,82.5480917625818
"EE004",1.12614989280701,9.12334442138672,19.7820091247559,11.1972017288208,18.6558589935303,2.48012351989746,1.71794712543488,2.47809028625488,2.62728023529053,86.7237701416016,76.5164794921875,76.9591522216797,85.4869613647461,0.0498223379254341,0.0491570346057415,0.0343306660652161,0.00387000571936369,1.74912474903977e-05,0.260535299777985,0.0395996458828449,0.467299729585648,83670.3828125,NA,7.56117535029259
"EE006",0.23284225165844,9.0513219833374,19.3706512451172,10.3698263168335,19.137809753418,2.41882634162903,1.92561042308807,2.74499559402466,2.62810730934143,88.112922668457,74.8477249145508,76.8754272460938,86.9663848876953,0.0958440378308296,0.0735979527235031,0.0288659352809191,0.00732911936938763,8.25577662908472e-05,0.126427128911018,0.296700775623322,0.359245926141739,278572.09375,NA,30.8529063931147
"EE007",-0.316410809755325,9.10576248168945,19.3588523864746,10.1104516983032,19.6752624511719,2.13216876983643,1.94236159324646,2.72434329986572,2.53839159011841,87.7918014526367,75.4763107299805,76.0149612426758,86.19580078125,0.0301739051938057,0.0530704520642757,0.0122746601700783,0.00705389026552439,1.9607297872426e-05,0.289602100849152,0.0406549349427223,0.343992978334427,50500.26171875,NA,12.6078021227708
"EE008",-0.15136493742466,9.58012580871582,19.305814743042,10.181453704834,19.4571800231934,2.27485990524292,2.15416169166565,2.77933955192566,2.33189082145691,88.0685119628906,74.7744216918945,77.683349609375,86.9335327148438,0.103141725063324,0.0621367283165455,0.0210421178489923,0.00427075568586588,0.000100812067103107,0.157399818301201,0.314520061016083,0.257369250059128,245570.421875,NA,14.7614971117505
"EL301",11.2936487197876,17.2566909790039,28.9837779998779,20.7987976074219,17.6901264190674,2.05293941497803,1.14431369304657,0.185167759656906,1.64529573917389,76.2052688598633,61.5633735656738,48.4760932922363,66.7275314331055,0.212328612804413,0,0.331693172454834,0.0563611723482609,0,0.112154342234135,0,0.147960141301155,49849.8125,NA,603.706022830917
"EL302",11.2936496734619,17.2566909790039,28.9837760925293,20.7987976074219,17.690128326416,2.05293917655945,1.14431369304657,0.185167759656906,1.64529573917389,76.2052764892578,61.5633697509766,48.4760894775391,66.7275314331055,0.212328627705574,0,0.331693172454834,0.0563611686229706,0,0.112154342234135,0,0.147960141301155,31059.357421875,NA,464.486387584073
"EL303",11.2936496734619,17.2566909790039,28.9837779998779,20.7987976074219,17.690128326416,2.05293941497803,1.14431369304657,0.185167759656906,1.64529573917389,76.2052764892578,61.5633735656738,48.4760894775391,66.7275314331055,0.212328612804413,0,0.331693172454834,0.0563611723482609,0,0.112154342234135,0,0.147960141301155,18410.0546875,NA,178.629654614771
"EL305",11.3955745697021,17.3069438934326,28.9484310150146,20.843770980835,17.5528583526611,2.0920717716217,1.15218424797058,0.190026566386223,1.66006767749786,76.0464935302734,61.5540885925293,48.5670013427734,66.7023391723633,0.203964948654175,0,0.317581176757812,0.0525738745927811,0,0.1059205904603,0,0.14753994345665,534453.625,NA,346.220935659169
"EL306",10.6570777893066,16.8156471252441,28.7216777801514,20.3267021179199,18.0645999908447,2.07585263252258,1.18808388710022,0.195229515433311,1.69944453239441,76.663688659668,62.8542366027832,49.7242774963379,67.1478576660156,0.27678507566452,0.267567813396454,0.109761200845242,0.0167387612164021,0,0.0581268109381199,0,0.153237983584404,191884.9375,NA,184.767962970607
"EL411",11.80921459198,17.3031406402588,27.6694068908691,20.4379596710205,15.8601932525635,3.73807430267334,1.86667788028717,0.129738301038742,1.79339182376862,74.6539688110352,69.834342956543,58.2144432067871,70.3439483642578,0.0982412621378899,0.0572075732052326,0.0828860700130463,0.00601622927933931,0,0.225350081920624,0,0.159940674901009,20249.435546875,NA,8.94648132310067
"EL412",11.7942047119141,17.7421741485596,28.640531539917,21.364408493042,16.8463268280029,5.22932767868042,2.00021862983704,0.0436548814177513,2.01439571380615,74.9586944580078,72.4015579223633,61.4851531982422,70.6973190307617,0.124517425894737,0.0401240289211273,0.00494363950565457,0.0020464351400733,0,0.0417217686772346,0,0.00971660856157541,4659.93896484375,NA,6.02972927519903
"EL431",13.5670671463013,17.9821281433105,27.1125659942627,21.6045799255371,13.5454988479614,3.81697773933411,1.10509514808655,0.062094047665596,1.84710156917572,78.8789672851562,65.8639373779297,56.022331237793,70.6655731201172,0.187480509281158,0.427168488502502,0.0230991169810295,0.00383399706333876,0,0.0206181220710278,0,0.0298209618777037,182325.234375,NA,68.5151633600917
"EL432",16.0959453582764,18.7224788665771,26.6718730926514,23.271068572998,10.5759267807007,1.99781274795532,0.884804844856262,0.171548932790756,1.15652942657471,72.6250686645508,74.4681701660156,73.2324447631836,73.3799438476562,0.0762077495455742,0.066234178841114,0.137360513210297,0.00113778654485941,0,0.00611392734572291,0,0.0148502290248871,13623.185546875,NA,7.66480069923661
"EL433",13.6015539169312,17.9090747833252,27.1842555999756,21.6790618896484,13.5827016830444,4.38106250762939,1.26585149765015,0.0654209703207016,2.10173439979553,79.6240997314453,67.3383865356445,57.2349014282227,71.1122589111328,0.137910589575768,0.404997974634171,0.0605495534837246,0.00163322116713971,0,0.0194523297250271,0,0.0268387123942375,41063.78515625,NA,27.2731543411819
"EL434",14.4205160140991,18.492790222168,27.951042175293,22.5176849365234,13.5305280685425,4.55296421051025,1.34733688831329,0.0528085008263588,2.09614038467407,78.849479675293,68.3543014526367,59.2188377380371,71.151237487793,0.074506938457489,0.304453790187836,0.0390085615217686,0.000637886230833828,0,0.0314192026853561,0,0.0216862875968218,36571.34765625,NA,15.3868456016871
"EL511",7.56199979782104,15.2752466201782,27.3885841369629,17.6211814880371,19.8265838623047,2.35126066207886,1.99015247821808,0.572765171527863,1.90021550655365,79.5475692749023,69.4848861694336,52.9165458679199,69.0855026245117,0.373622089624405,0.166046783328056,0.0311311688274145,0.00596563331782818,0,0.235629081726074,0,0.187605172395706,48999.51171875,NA,11.6056460568189
"EL512",6.77865743637085,14.1365175247192,26.2625427246094,16.4098834991455,19.4838848114014,2.41565346717834,1.96570110321045,0.731710314750671,1.65423369407654,77.9005279541016,73.1170425415039,61.5787696838379,72.2762451171875,0.234290257096291,0.0870386436581612,0.0285045932978392,0.00283050979487598,0,0.420139640569687,0,0.150941267609596,69714.5625,NA,39.2275861167489
"EL513",6.61691951751709,13.9615287780762,26.1091461181641,16.316520690918,19.4922275543213,2.25053453445435,1.98341941833496,0.634609460830688,1.68768703937531,80.4024124145508,71.6552429199219,55.7649269104004,70.9696578979492,0.308214902877808,0.0929983407258987,0.0890117511153221,0.00275770830921829,0,0.273550510406494,0,0.225822478532791,61803.390625,NA,23.9978228686186
"EL514",5.76502418518066,13.6295194625854,25.9187450408936,15.8256921768188,20.1537189483643,2.06761908531189,1.73267364501953,0.747931778430939,1.49247896671295,78.3905410766602,71.047248840332,60.7190284729004,72.7537078857422,0.287740588188171,0.124430000782013,0.0406835861504078,0.00290750502608716,0,0.370807826519012,0,0.172516375780106,122494.3125,NA,35.5104584015515
"EL515",8.14419746398926,15.2137403488159,27.158727645874,17.600902557373,19.0145320892334,2.63947868347168,1.86666524410248,0.637738406658173,1.75628185272217,76.0397796630859,73.0810165405273,62.8404960632324,71.5791168212891,0.183672621846199,0.0951223522424698,0.0275938771665096,0.00209534517489374,0,0.275838166475296,0,0.0995110347867012,36484.671875,NA,17.290626327718
"EL521",6.4253420829773,14.7301683425903,27.4361991882324,17.0980319976807,21.010856628418,1.75248682498932,1.64367949962616,0.515475273132324,1.95081090927124,77.6277923583984,65.8209457397461,50.0755004882812,69.4314880371094,0.336962550878525,0.206434488296509,0.07632777094841,0.00698484713211656,0,0.129952192306519,0,0.230115532875061,162261.21875,NA,95.2531001251846
"EL522",8.88095474243164,16.5632495880127,28.8486480712891,18.9743995666504,19.9676933288574,1.53316903114319,1.41457319259644,0.515530943870544,1.45847117900848,76.9820098876953,66.1513824462891,53.7475318908691,70.228385925293,0.304605811834335,0.221659436821938,0.0827382728457451,0.00808870885521173,0,0.105054616928101,0,0.195448100566864,498004.28125,NA,136.019268533943
"EL523",7.45029497146606,15.9119243621826,28.3152828216553,18.0096397399902,20.8649883270264,1.77135503292084,1.64679789543152,0.614034354686737,1.72952497005463,76.135383605957,64.0758361816406,49.0685806274414,67.6488037109375,0.294136852025986,0.213495656847954,0.0969830676913261,0.0111198835074902,0,0.125818163156509,0,0.221720814704895,400135.90625,NA,155.302875698267
"EL524",5.95246648788452,14.525918006897,27.1291675567627,16.7357330322266,21.176700592041,1.87108612060547,1.75880742073059,0.548256695270538,2.05339789390564,77.9591598510742,65.0977096557617,47.9467658996582,68.5217132568359,0.295756727457047,0.241236537694931,0.0754571259021759,0.00592426070943475,0,0.133108243346214,0,0.24060532450676,174141.203125,NA,69.7222260368303
"EL525",5.09648561477661,12.9780225753784,25.8055095672607,15.6665487289429,20.7090244293213,1.44440937042236,1.39967036247253,0.508438289165497,1.71094489097595,77.7861251831055,67.114875793457,53.5872001647949,70.9866561889648,0.241866484284401,0.168532028794289,0.129490301012993,0.00259989127516747,0,0.243945464491844,0,0.191600471735001,38535.57421875,NA,24.8439418028079
"EL526",7.17242765426636,15.213098526001,27.4923896789551,17.4096202850342,20.3199615478516,1.57447290420532,1.43562364578247,0.578946053981781,1.34912574291229,77.3266830444336,66.2349624633789,53.1878814697266,69.3655700683594,0.253588765859604,0.219887509942055,0.0405951179563999,0.00349731091409922,0,0.232003107666969,0,0.182148784399033,126615.6328125,NA,31.887458117465
"EL527",9.48447608947754,16.5587825775146,28.5726737976074,19.259952545166,19.0881977081299,1.42035102844238,1.26044595241547,0.498956561088562,1.34811246395111,76.6307907104492,67.887580871582,58.4537696838379,71.9471435546875,0.199250072240829,0.268406093120575,0.0301436297595501,0.00232742563821375,0,0.0817104354500771,0,0.151920363306999,38528.34765625,NA,13.0720717214823
"EL531",5.05618715286255,13.0051050186157,25.7227096557617,15.6959409713745,20.6665229797363,1.94960737228394,1.63694989681244,0.522762775421143,2.06511306762695,79.2426910400391,66.5911254882812,48.167667388916,68.59619140625,0.283295422792435,0.215747117996216,0.0729622095823288,0.00265935226343572,0,0.181316465139389,0,0.236158296465874,154567.953125,NA,26.7594151461805
"EL532",3.97138929367065,11.9528150558472,24.5386161804199,14.5771045684814,20.5672283172607,2.35392951965332,1.8967878818512,0.555891275405884,2.47063040733337,80.6642761230469,68.5858917236328,50.5248641967773,69.9199295043945,0.233039319515228,0.140727311372757,0.0576834678649902,0.0030382196418941,0,0.330982625484467,0,0.200655564665794,33274.6171875,NA,19.2692867479872
"EL533",3.87880778312683,12.2706518173218,24.8254356384277,14.6611804962158,20.9466285705566,1.92212104797363,1.78874254226685,0.552289366722107,2.19845581054688,80.5735549926758,67.7720718383789,49.9245796203613,69.9397048950195,0.235262736678123,0.183974012732506,0.0599493309855461,0.00325473910197616,0,0.245773911476135,0,0.215655088424683,52030.453125,NA,26.9077441814736
"EL541",9.81530380249023,16.426399230957,27.8941116333008,19.5188541412354,18.0788078308105,4.5489821434021,2.27128386497498,0.328813403844833,3.75290036201477,80.0241470336914,73.813232421875,63.6734962463379,75.4931793212891,0.109319075942039,0.204034075140953,0.100515551865101,0.0012364077847451,0,0.00450295163318515,0.484295278787613,0.000504632655065507,53731.9375,NA,20.3588102360422
"EL542",9.90642356872559,16.5279445648193,27.5025577545166,19.4970455169678,17.596134185791,4.8552680015564,2.45636630058289,0.300702512264252,4.33018922805786,77.7416152954102,74.238395690918,66.3316421508789,75.6568832397461,0.142844349145889,0.223407551646233,0.0470435172319412,0.00258923694491386,0.0056580756790936,0,0.449538141489029,0,34087.62109375,NA,22.0662415210378
"EL543",6.7332935333252,13.9924392700195,25.7957038879395,16.79758644104,19.0624122619629,4.02075242996216,2.29842829704285,0.464984357357025,3.54214382171631,80.0625305175781,71.6817855834961,57.6537208557129,73.033203125,0.132028117775917,0.135407224297523,0.0595957636833191,0.00284964870661497,0.00109857879579067,0.231701329350471,0.367720812559128,0.0447650514543056,171348.453125,NA,34.213605482065
"EL611",7.85592269897461,15.2065410614014,27.6451454162598,18.1789512634277,19.7892227172852,2.72105717658997,1.80105006694794,0.40356656908989,2.51581954956055,79.7216262817383,67.3548736572266,50.0264930725098,69.5938720703125,0.229370042681694,0.17955881357193,0.0969071388244629,0.002066804561764,0,0.24261274933815,0.0509246475994587,0.195607587695122,180532.09375,NA,29.87459791898
"EL612",8.30569553375244,15.7986516952515,28.3971748352051,18.7519950866699,20.091480255127,1.52384960651398,1.31823968887329,0.423628240823746,1.77040827274323,77.0799560546875,64.8854904174805,49.9678382873535,68.8480529785156,0.343650251626968,0.0687577351927757,0.255778759717941,0.00308064022101462,0,0.0780359134078026,0,0.158214837312698,248521.796875,NA,46.4395464676706
"EL613",9.48627948760986,16.3439464569092,28.331729888916,19.5284404754639,18.8454494476318,1.89820051193237,1.32478845119476,0.418296098709106,1.88637709617615,77.4883041381836,66.4626998901367,54.9543876647949,70.9796142578125,0.202131673693657,0.0219749007374048,0.288714528083801,0.00341396522708237,0,0.0649952068924904,0,0.128795489668846,100364.8515625,NA,38.52153604367
"EL621",15.475531578064,18.2318229675293,26.9652557373047,23.3439121246338,11.4897241592407,3.92282271385193,1.74955916404724,0.183607846498489,3.76231527328491,71.544059753418,77.3740081787109,81.4168930053711,74.0080871582031,0.0125292474403977,0.0766115039587021,0.00122946675401181,0.000769086414948106,0,0.0369535312056541,0,0.0383733250200748,5225.9072265625,NA,14.4086607328614
"EL622",10.6666698455811,17.2294769287109,28.0225448608398,20.3527202606201,17.3558769226074,4.77970457077026,2.4144549369812,0.269793450832367,4.71398115158081,75.9343032836914,75.9623794555664,72.4304046630859,75.9972457885742,0.0139876333996654,0.0564256906509399,1.17238815877663e-10,0.00279111205600202,0,0.138577237725258,0,0.0270965490490198,15763.736328125,NA,24.7727841799751
"EL623",10.5934438705444,16.8897018432617,28.3280582427979,20.2429904937744,17.7346153259277,4.02939176559448,1.92041552066803,0.294896692037582,3.35098910331726,78.4708023071289,72.284065246582,63.2474784851074,74.0802688598633,0.0753804966807365,0.311547875404358,0.0763344243168831,0.0027143016923219,0,0.277683705091476,0,0.150214791297913,42.4464111328125,NA,0.0464979404592556
"EL631",9.55051708221436,15.9130640029907,27.4748554229736,19.2518730163574,17.9243392944336,3.72253394126892,1.8242062330246,0.280502378940582,3.08361077308655,79.5554885864258,72.0832214355469,61.6264686584473,73.8091430664062,0.0743901506066322,0.26563423871994,0.106407076120377,0.00258231512270868,0,0.272955268621445,0.0527530275285244,0.128942564129829,150070.453125,NA,27.5220364134278
"EL632",10.1616344451904,15.8425045013428,26.8547306060791,19.5179080963135,16.6930961608887,3.39741826057434,1.50178050994873,0.210044398903847,2.56512832641602,80.2850723266602,71.3678894042969,59.5064582824707,72.609504699707,0.144454017281532,0.338753938674927,0.102879278361797,0.00467482022941113,0,0.108709596097469,0,0.179141983389854,128312.453125,NA,39.3875755598897
"EL633",11.1210346221924,16.3117008209229,26.9832019805908,20.2637023925781,15.8621673583984,3.86734056472778,1.51615083217621,0.186199381947517,2.88913440704346,80.3289413452148,72.1321182250977,60.8436317443848,73.0190582275391,0.177108332514763,0.288736134767532,0.119344770908356,0.00033717235783115,0,0.117044053971767,0,0.232077598571777,25533.453125,NA,9.5691705246744
"EL641",10.4598989486694,16.6866016387939,28.6185092926025,20.1791248321533,18.1586112976074,2.08024883270264,1.22628033161163,0.218534275889397,1.74246740341187,77.2098922729492,63.4603805541992,50.3518753051758,67.8115158081055,0.276586025953293,0.259517520666122,0.125417768955231,0.00975965149700642,0,0.0521406978368759,0,0.155309662222862,237060.46875,NA,79.2401547477796
"EL642",12.0151920318604,17.5979976654053,28.6335105895996,21.0791492462158,16.6183166503906,2.39238476753235,1.22645354270935,0.234788298606873,1.78892040252686,75.029541015625,61.847843170166,49.6630935668945,66.7686538696289,0.146508023142815,0.0265882164239883,0.190401017665863,0.0185491368174553,0,0.0530827268958092,0,0.143850535154343,346148.75,NA,84.6449908023897
"EL643",7.54287147521973,14.3901929855347,26.5312900543213,17.5701866149902,18.9884204864502,3.14153718948364,1.77037632465363,0.32070779800415,2.71734046936035,80.9544448852539,70.5772705078125,56.7174301147461,72.5721969604492,0.101995036005974,0.174481719732285,0.140176966786385,0.00134683318901807,0,0.354192942380905,0.056993056088686,0.142994999885559,36023.9453125,NA,19.5118117031456
"EL644",9.06539154052734,15.7622756958008,27.9308261871338,19.0997714996338,18.8654365539551,2.14878249168396,1.46737539768219,0.327594459056854,2.04145240783691,80.0129547119141,66.6706924438477,52.2890663146973,70.7018203735352,0.248757138848305,0.182739809155464,0.199939161539078,0.00187367899343371,0,0.131076142191887,0,0.166997075080872,92766.125,NA,20.6455263238303
"EL645",8.27901840209961,14.9214429855347,27.0485458374023,18.2919235229492,18.7695293426514,2.38420081138611,1.47353649139404,0.276589810848236,2.10644245147705,80.7941589355469,68.7178115844727,55.0897026062012,71.838264465332,0.171273961663246,0.327272981405258,0.088414877653122,0.00337031343951821,0,0.205681592226028,0,0.177223533391953,48320.35546875,NA,22.843568815044
"EL651",8.56560897827148,14.4814624786377,26.0261898040771,18.219295501709,17.4605808258057,3.02848243713379,1.3430198431015,0.268473625183105,2.18368577957153,79.2815704345703,66.9775161743164,52.8316993713379,68.6998138427734,0.190132677555084,0.365571588277817,0.150216802954674,0.00334065966308117,0,0.0776571407914162,0,0.130633220076561,162219.390625,NA,24.4815528117413
"EL652",8.01087951660156,14.2785882949829,26.1774349212646,17.8589115142822,18.1665573120117,2.37452411651611,1.25145757198334,0.247101157903671,1.78698968887329,77.3231964111328,64.8828659057617,50.996940612793,66.8500518798828,0.271587997674942,0.414441853761673,0.0791673809289932,0.00444780336692929,0,0.0457108356058598,0,0.124611638486385,71258.7734375,NA,31.4520712964829
"EL653",11.2844829559326,16.322301864624,27.0734081268311,20.3928623199463,15.7889232635498,3.58863568305969,1.3854523897171,0.213387086987495,2.51257061958313,78.689826965332,69.9890365600586,58.5393714904785,70.6418228149414,0.103478983044624,0.279298931360245,0.12927120923996,0.00226086541078985,0,0.098850890994072,0,0.134642273187637,83834.59375,NA,12.3739543965511
"ES111",11.0776424407959,14.4937314987183,21.4032936096191,17.2613868713379,10.3256521224976,6.19194936752319,2.88770937919617,1.14183580875397,4.89573574066162,84.6144256591797,79.832405090332,79.2294235229492,83.7540054321289,0.0631056651473045,0.080298662185669,7.96176735651244e-10,0.0211706552654505,0.000163153046742082,0,0.687237203121185,0,671802.5625,NA,85.2694383910842
"ES112",8.06513404846191,12.8589515686035,21.2036170959473,15.3369722366333,13.1384840011597,4.89676475524902,2.49381351470947,0.96524840593338,3.95020627975464,85.3645477294922,77.7268981933594,74.0934982299805,81.5564270019531,0.0708825960755348,0.0914014205336571,0.00397319486364722,0.00533126015216112,0.00018846066086553,0,0.82806259393692,0,206978.453125,NA,20.9719726977815
"ES113",7.50400924682617,13.1526212692261,22.5000648498535,15.3497581481934,14.9960556030273,5.46469497680664,2.43346548080444,0.708749532699585,3.87226152420044,84.5614929199219,73.9501342773438,66.0694198608398,78.5836944580078,0.0538256838917732,0.110149011015892,0.0122062666341662,0.00721208611503243,0.000225276598939672,0,0.814592897891998,0,262220,NA,36.1511509317841
"ES114",9.86851596832275,14.1743822097778,21.8514938354492,16.6502380371094,11.9829788208008,6.77323341369629,3.04357552528381,1.00256037712097,5.11104774475098,85.6255416870117,78.80517578125,75.7775497436523,83.0659332275391,0.0707118287682533,0.128037735819817,1.7291459375457e-09,0.00541396159678698,0.000167645077453926,0,0.766757309436798,0,146346.03125,NA,32.9586128802599
"ES120",7.56456995010376,11.9895830154419,20.7913951873779,14.9381370544434,13.226824760437,4.3585262298584,2.85354089736938,1.24473834037781,3.60266423225403,82.7885284423828,78.2345352172852,76.9570846557617,80.0809173583984,0.016634002327919,0.0736275240778923,0.0294004343450069,0.00735322665423155,7.08891529939137e-05,0.539723038673401,0.264209538698196,0.0527606941759586,516980.5625,NA,48.9044264860084
"ES130",8.86876106262207,13.0777816772461,21.8318500518799,16.2188014984131,12.9630880355835,4.0622878074646,2.7799289226532,1.34460377693176,3.50343990325928,82.7220077514648,76.7124557495117,75.1696395874023,78.6664352416992,0.0277376398444176,0.122856631875038,0.0254955850541592,0.0130394930019975,1.53027667693095e-05,0.54789274930954,0.0748917534947395,0.0719135850667953,393077.96875,NA,75.154153498115
"ES211",7.19012022018433,12.5428781509399,22.5897312164307,15.597785949707,15.3996105194092,3.01266670227051,2.25370216369629,1.00297462940216,2.61882495880127,82.1668701171875,73.9123992919922,70.3094024658203,77.1975936889648,0.12997730076313,0.154405489563942,0.0230522286146879,0.0155182806774974,0.00014236694551073,0.034794669598341,0.605140388011932,0.00768175953999162,385535.8125,NA,127.856427240186
"ES212",9.86102771759033,14.1125078201294,22.8921546936035,17.396427154541,13.0311250686646,4.92362880706787,3.71672773361206,1.6204719543457,4.50030469894409,81.1341171264648,76.5337371826172,75.9289016723633,79.4651184082031,0.0329435095191002,0.111294969916344,0.00251344474963844,0.0195469446480274,0.000130225977045484,0,0.551066398620605,0,272951.3125,NA,136.875283588432
"ES213",9.72316837310791,13.9562635421753,22.4177780151367,17.2085571289062,12.6946096420288,4.03297138214111,2.92007350921631,1.31362807750702,3.76651620864868,80.6256484985352,76.9482498168945,76.6143264770508,78.8589630126953,0.0172731839120388,0.118610985577106,0.0067247268743813,0.0486939661204815,0.000120788179629017,0.126008197665215,0.473447173833847,0.0266676545143127,639199.4375,NA,291.624915380982
"ES220",7.78188467025757,13.6658630371094,24.4484233856201,16.5264110565186,16.6665382385254,3.05374073982239,2.41557288169861,1.07094275951385,2.8747022151947,80.5279846191406,69.4712905883789,63.4142036437988,75.0958251953125,0.206393092870712,0.137093350291252,0.0278223715722561,0.011974211782217,0.000109338026959449,0.0139719862490892,0.50693678855896,0.0728516057133675,847147.9375,NA,81.5581512188348
"ES230",6.14745473861694,12.2741012573242,23.7305011749268,15.0742101669312,17.5830478668213,2.00100874900818,1.67991089820862,0.832534193992615,1.74510252475739,79.3556213378906,68.1464538574219,60.2400817871094,72.4326782226562,0.142325028777122,0.141854763031006,0.046399861574173,0.00766742322593927,6.09007001912687e-05,0.268633723258972,0.252527981996536,0.140402570366859,289681.40625,NA,57.5065101186551
"ES241",6.65937805175781,13.5607280731201,25.4840335845947,16.1201553344727,18.8246574401855,1.94104933738708,1.80505514144897,1.13680291175842,2.36501288414001,75.3145141601562,62.8585662841797,53.7868881225586,70.9502182006836,0.243223443627357,0.0842392146587372,0.0833577811717987,0.00366086489520967,0.000470482627861202,0.0819206982851028,0.321447134017944,0.180340170860291,310157.875,NA,19.9201856168087
"ES242",6.89162158966064,13.7593841552734,25.9803867340088,16.2350788116455,19.0887641906738,1.04452955722809,1.06071245670319,0.875268638134003,1.30056393146515,71.2207260131836,56.5166244506836,48.6610527038574,65.1862335205078,0.168469846248627,0.0644732788205147,0.19800141453743,0.00136268965434283,0,0.312264919281006,0,0.255375802516937,141751.0625,NA,9.61225053225186
"ES243",8.21827125549316,15.4697189331055,27.3734378814697,17.609317779541,19.1551666259766,1.06747472286224,1.11663115024567,0.709846198558807,1.32329404354095,73.1193237304688,55.505256652832,46.4783325195312,65.4416275024414,0.251631289720535,0.0601401627063751,0.159958124160767,0.00702171958982944,1.79149428731762e-05,0.16223980486393,0.0912121534347534,0.267312914133072,946914.5625,NA,54.5022559876198
"ES300",8.40562629699707,15.7659339904785,28.3650093078613,17.8289070129395,19.9593849182129,1.91718769073486,1.15733897686005,0.389527142047882,1.34861218929291,75.8659591674805,54.1786804199219,34.2335205078125,60.4403762817383,0.119022004306316,0.103029519319534,0.177452698349953,0.0852038189768791,0,0.232126340270042,0,0.282388597726822,5956333,NA,744.358936245622
"ES411",7.06139802932739,14.0706758499146,26.0678386688232,16.1748008728027,19.006441116333,2.62563061714172,1.3812735080719,0.350489020347595,1.72163593769073,76.75341796875,58.9221992492676,38.5852165222168,64.2464141845703,0.0956410840153694,0.115045748651028,0.250014632940292,0.00449122674763203,0,0.201230123639107,0,0.333255380392075,196804.421875,NA,24.5127424873663
"ES412",6.89736747741699,12.7345638275146,23.5323944091797,15.5318002700806,16.6350269317627,2.25610160827637,1.66329491138458,0.774430572986603,1.82181906700134,80.8135299682617,68.677604675293,59.263988494873,71.8659515380859,0.160644397139549,0.137518644332886,0.0945788770914078,0.00610676594078541,4.69531732960604e-05,0.140980139374733,0.216118931770325,0.234634667634964,500418.5,NA,34.9406168171674
"ES413",6.2933521270752,12.1260671615601,22.5946674346924,14.708779335022,16.3013153076172,3.48047947883606,1.99020111560822,0.746237218379974,2.62881803512573,82.4189224243164,69.5744857788086,59.1157913208008,73.6815643310547,0.0807154774665833,0.128005236387253,0.0268864333629608,0.00469156494364142,0.000257812469499186,0.0694745853543282,0.585094213485718,0.100063025951385,428350.71875,NA,27.5163361065287
"ES414",7.14404392242432,13.1009101867676,23.9062843322754,15.7856063842773,16.7622413635254,2.19485998153687,1.45536923408508,0.624201059341431,1.70903718471527,80.9855651855469,65.8191909790039,54.4178848266602,70.6363677978516,0.173349052667618,0.176782160997391,0.0759985595941544,0.00455377483740449,4.21939985244535e-05,0.0132611207664013,0.25385969877243,0.299532175064087,212353.65625,NA,26.3102181837435
"ES415",8.11225318908691,15.1302804946899,26.468563079834,17.0387363433838,18.3563079833984,2.60823082923889,1.23694956302643,0.276003181934357,1.67041397094727,79.42919921875,61.3752403259277,43.0066986083984,66.879035949707,0.119490221142769,0.28362187743187,0.0834232568740845,0.00430072471499443,0,0.201560392975807,0,0.30505183339119,314853.9375,NA,25.4820463909161
"ES416",6.94812154769897,13.6991491317749,26.0410842895508,16.0484218597412,19.0929641723633,1.96124768257141,1.29159235954285,0.490808963775635,1.35667657852173,77.1577453613281,58.6808280944824,39.9098701477051,63.9021911621094,0.122404053807259,0.123707637190819,0.200221747159958,0.00767980143427849,0,0.200869366526604,0,0.344993531703949,269340.9375,NA,39.0495190345123
"ES417",6.46951580047607,13.0324096679688,25.3996143341064,15.642165184021,18.9300975799561,1.68791043758392,1.3849071264267,0.72456967830658,1.40617573261261,76.867317199707,60.7801742553711,45.6603507995605,65.7391357421875,0.117642417550087,0.112247057259083,0.185818806290627,0.003558618016541,5.99857412453275e-06,0.251438856124878,0.0241417679935694,0.3046013712883,123173.8359375,NA,12.0462611097947
"ES418",7.64147186279297,14.542407989502,25.9954357147217,16.673469543457,18.3539638519287,1.5781067609787,1.03466534614563,0.408579349517822,1.15928542613983,78.500358581543,58.8307304382324,42.9390754699707,65.692268371582,0.20380562543869,0.0662289038300514,0.24729011952877,0.00789484847337008,0,0.0279830917716026,0,0.446797370910645,406322.34375,NA,50.1189372816085
"ES419",7.3936619758606,14.3322858810425,25.6214694976807,16.3362941741943,18.2278079986572,2.56814956665039,1.28579616546631,0.397922933101654,1.7262544631958,80.3815155029297,61.8611679077148,46.0945854187012,68.3602447509766,0.146128699183464,0.209293112158775,0.0769175738096237,0.00272039696574211,9.76008232100867e-05,0.101222403347492,0.155792355537415,0.305732041597366,152317.078125,NA,14.4681085901772
"ES421",9.07873153686523,16.3780307769775,28.6458587646484,18.7616500854492,19.5671291351318,1.28509736061096,0.95805960893631,0.412414222955704,1.20650112628937,72.1839294433594,52.5119018554688,42.5902137756348,61.8920974731445,0.398820549249649,0,0.268266171216965,0.00368436961434782,0,0.142101615667343,0,0.187122032046318,438702.75,NA,29.5673258122883
"ES422",9.56997394561768,17.4409065246582,29.8652744293213,19.3294792175293,20.2952995300293,1.87730896472931,1.07606148719788,0.274158418178558,1.20066606998444,75.0239791870117,52.1951103210449,33.5745239257812,58.7204971313477,0.386267632246017,0.0420044995844364,0.304329246282578,0.00380572210997343,0,0.0956563800573349,0,0.167203724384308,522572.59375,NA,26.4638056688407
"ES423",7.90788221359253,15.2853374481201,27.6697120666504,17.4590396881104,19.7618293762207,1.6893618106842,1.12867879867554,0.522630274295807,1.26053392887115,74.318359375,53.7812080383301,40.6180725097656,62.1744384765625,0.295554429292679,0.0074951839633286,0.270792156457901,0.00261785020120442,0,0.211352035403252,0,0.211975067853928,269026,NA,15.6632849951798
"ES424",7.02846050262451,14.02414894104,26.522310256958,16.3317317962646,19.4938507080078,1.71102201938629,1.2527734041214,0.58512532711029,1.3397923707962,75.457893371582,56.223331451416,38.2960014343262,61.9938201904297,0.123450942337513,0.0358183793723583,0.253186017274857,0.00558076705783606,0,0.280734181404114,0,0.300282984972,396988.375,NA,32.4824318528658
"ES425",9.39623546600342,17.1243000030518,29.5123729705811,19.0092887878418,20.1161346435547,1.97520279884338,1.09336709976196,0.291392505168915,1.29023230075836,76.1341552734375,53.7059364318848,33.5372276306152,60.4135437011719,0.366457432508469,0.00460904184728861,0.29860708117485,0.0145625239238143,0,0.126390606164932,0,0.188330963253975,2095130.5,NA,135.991237380285
"ES431",11.5418634414673,18.904613494873,29.6359901428223,20.6995983123779,18.0941257476807,2.39230370521545,1.09398150444031,0.135078817605972,1.41971361637115,76.0435256958008,54.7532119750977,39.4663772583008,61.3812065124512,0.280279457569122,0.210077673196793,0.0755470842123032,0.00478625250980258,0,0.124305427074432,0,0.30251744389534,610498.375,NA,28.0543432168245
"ES432",10.6518230438232,17.8316249847412,29.0018539428711,19.7888698577881,18.3500289916992,3.21523809432983,1.32124710083008,0.160598188638687,1.85708153247833,76.9561614990234,57.1687965393066,38.7985191345215,62.6067352294922,0.129035592079163,0.169922962784767,0.145638421177864,0.00289334892295301,0,0.300479590892792,0,0.248924642801285,314300.4375,NA,15.8606690363543
"ES511",9.42962551116943,14.7779664993286,25.7493686676025,17.9582023620605,16.3197460174561,1.41108238697052,1.47252106666565,1.29550445079803,2.24405312538147,76.6497344970703,67.6566543579102,66.5327987670898,77.2083053588867,0.12441973388195,0.104219153523445,0.0314259938895702,0.0510359406471252,0.000111858083982952,0.104565590620041,0.446121871471405,0.0497746914625168,2146430.25,NA,278.267760981219
"ES512",8.91710948944092,14.3549060821533,25.601879119873,17.5027389526367,16.6847686767578,1.80344212055206,2.00708961486816,1.67018592357635,2.63901853561401,75.1601486206055,68.2440719604492,65.400520324707,76.0664520263672,0.104615457355976,0.0661082491278648,0.0169406421482563,0.015677697956562,2.09070203709416e-05,0.526708662509918,0.0639185309410095,0.123274371027946,556471.5,NA,94.7638843072987
"ES513",7.208411693573,13.7585744857788,25.1658344268799,16.4224987030029,17.9574222564697,1.45205676555634,1.54891300201416,1.27167236804962,2.01620078086853,74.2410278320312,63.0914993286133,58.6614646911621,72.3179702758789,0.227315276861191,0.123683400452137,0.0619713589549065,0.00637201685458422,0.000161479023518041,0.101576402783394,0.257938921451569,0.218869879841805,496698.03125,NA,40.8473534648016
"ES514",11.4864883422852,17.5817203521729,28.3661880493164,20.2904472351074,16.8797016143799,1.1420019865036,1.02121365070343,0.692460179328918,1.98753619194031,73.1823577880859,60.8959159851074,60.3858680725098,71.654426574707,0.141935616731644,0.122265808284283,0.0936808362603188,0.0111089153215289,0,0.226026520133018,0,0.231452405452728,546098.25,NA,85.9968698107166
"ES521",13.1524591445923,18.1497077941895,28.8580360412598,21.7309761047363,15.7055788040161,1.17467129230499,0.808048784732819,0.238279536366463,1.58655977249146,68.6774368286133,59.1024436950684,58.1158294677734,67.2996978759766,0.676077485084534,0.00039176011341624,0.0601501725614071,0.0239364802837372,0,0.0670230612158775,0,0.0960022881627083,1161426.5,NA,196.757667664977
"ES522",10.3461065292358,16.3363208770752,27.6291103363037,19.2342376708984,17.2830047607422,1.25861394405365,1.06282138824463,0.781891524791718,1.85265147686005,68.4113082885742,59.8379859924316,60.3208694458008,68.0318374633789,0.128273114562035,0.0620785318315029,0.150724023580551,0.0123295355588198,0,0.344288855791092,0,0.167289614677429,500842.1875,NA,75.2085728327043
"ES523",10.681188583374,16.7872371673584,28.0729866027832,19.6866226196289,17.3917999267578,1.25732576847076,0.897638142108917,0.478777468204498,1.49946296215057,69.3747177124023,56.844970703125,56.2535362243652,66.2417068481445,0.28464463353157,0.00257845548912883,0.20950123667717,0.0111227380111814,0,0.298727512359619,0,0.168215215206146,703178.125,NA,65.205782676235
"ES532",12.0615510940552,16.0248413085938,26.7344856262207,20.7010078430176,14.6729354858398,2.08013987541199,1.11389017105103,0.344266325235367,2.77600455284119,78.1939468383789,71.4896011352539,67.1752548217773,75.9747467041016,0.193616449832916,0.113304048776627,0.0152923874557018,0.0260340049862862,0,0.145471066236496,0,0.108669765293598,418062.5,NA,116.281096075923
"ES611",10.5956201553345,16.5881519317627,28.2244968414307,19.6307048797607,17.6288776397705,1.38633787631989,0.811151266098022,0.18619342148304,1.08655869960785,68.3591842651367,53.8491401672363,44.7832832336426,61.684154510498,0.140781596302986,0.026546910405159,0.151821628212929,0.00354335992597044,0,0.471476256847382,0,0.104181051254272,212211.265625,NA,24.3190513221497
"ES612",14.1846208572388,19.4350776672363,27.520471572876,21.872200012207,13.3358526229858,4.08224391937256,1.2825540304184,0.059622511267662,1.71011734008789,77.168586730957,64.6098937988281,57.3066024780273,70.2107696533203,0.251979887485504,0.22184157371521,0.0415924452245235,0.00809097662568092,0,0.142014816403389,0,0.224479869008064,466973.78125,NA,63.0622834571622
"ES613",11.5342378616333,19.081090927124,30.4143314361572,20.9203357696533,18.8800945281982,2.4489586353302,1.14299464225769,0.160321205854416,1.45744836330414,73.793701171875,53.5053558349609,38.4240989685059,59.9067420959473,0.375446319580078,0.260016024112701,0.064917303621769,0.00807232409715652,0,0.0875874534249306,0,0.20235401391983,721380.9375,NA,52.1229898002997
"ES614",9.71910285949707,16.4669799804688,28.4455299377441,19.0092811584473,18.7264289855957,2.002281665802,1.04229605197906,0.205181285738945,1.23069596290588,72.3812942504883,56.4727592468262,43.3594436645508,62.0777359008789,0.256470829248428,0.116141781210899,0.0946661457419395,0.00928780622780323,0,0.288072109222412,0,0.165081322193146,847058.375,NA,66.3427618311634
"ES615",13.6143360137939,19.938081741333,28.6634693145752,21.7926120758057,15.0491333007812,2.93710517883301,1.14578139781952,0.0782051086425781,1.58799636363983,74.1860122680664,57.2705230712891,46.7763900756836,63.8969879150391,0.134656399488449,0.0536398366093636,0.00923259276896715,0.00691129080951214,0,0.304519385099411,0,0.395871430635452,543834.9375,NA,53.2947919660572
"ES616",10.4707202911377,17.9067974090576,30.3772487640381,20.0410823822021,19.906530380249,2.26095652580261,1.27121639251709,0.249182820320129,1.36268103122711,73.2963180541992,53.5985984802246,37.7835159301758,59.2703056335449,0.34204289317131,0.0322015322744846,0.264949262142181,0.00638268468901515,0,0.167179152369499,0,0.187043622136116,568371.9375,NA,42.2186415233684
"ES617",13.011040687561,18.9722270965576,28.749095916748,21.3002395629883,15.7380561828613,3.14990997314453,1.21908795833588,0.0865388736128807,1.67969393730164,76.4856567382812,61.6873741149902,51.3892021179199,67.8771438598633,0.265510529279709,0.245635643601418,0.0161686576902866,0.0172371380031109,0,0.148363336920738,0,0.191737771034241,1031332,NA,140.062095085457
"ES618",13.2527723312378,20.0825157165527,29.8864040374756,22.0863170623779,16.6336307525635,2.93311285972595,1.1214485168457,0.0843991860747337,1.53316152095795,73.4337463378906,55.2572631835938,43.7633514404297,61.9821739196777,0.378887683153152,0.205709278583527,0.0327228680253029,0.0181860625743866,0,0.0803495422005653,0,0.27681091427803,1834794.625,NA,131.464300834854
"ES620",11.2032918930054,17.3203983306885,28.9777317047119,20.4702987670898,17.7744407653809,0.900198996067047,0.73354834318161,0.237340077757835,1.0312819480896,68.6118927001953,55.3981018066406,50.9750175476074,64.2023696899414,0.317756623029709,2.46781155510689e-06,0.163914695382118,0.0113872978836298,0,0.308054059743881,0,0.178240656852722,1052894.125,NA,93.098649726438
"FI193",-2.70165514945984,7.76507139205933,18.2217559814453,8.53849983215332,20.923412322998,1.99932372570038,1.87109839916229,3.04254770278931,2.41986632347107,91.0368118286133,74.3167114257812,78.5998001098633,90.4767684936523,0.037318978458643,8.1626494647935e-05,0.000280979176750407,0.00327745405957103,0,0.0582823939621449,0.113288342952728,0.63153487443924,279921.65625,NA,14.1607780562966
"FI194",-1.99154019355774,7.8448748588562,18.0580177307129,8.66824340820312,20.049560546875,1.8805285692215,1.68355894088745,2.99886178970337,2.32247090339661,89.3993682861328,71.9469146728516,76.9617156982422,89.3853302001953,0.175728872418404,0.00046164687955752,0.000330968468915671,0.00304735940881073,0,0.064604252576828,0,0.730647623538971,192282.046875,NA,13.8723578071522
"FI195",-1.43543756008148,7.50079965591431,18.2868537902832,9.00142192840576,19.7222900390625,2.02283716201782,1.54698967933655,2.55587577819824,2.29385900497437,87.0987548828125,72.5335235595703,75.8682708740234,87.2037887573242,0.171502143144608,0.000943132909014821,0.000459474133094773,0.00311933411285281,0,0.0480949468910694,0,0.560388088226318,94067.890625,NA,11.9247357912737
"FI196",-0.695798099040985,8.35096454620361,19.0827674865723,9.4239673614502,19.778564453125,2.31299519538879,1.58571493625641,2.72332668304443,2.60475826263428,87.5343551635742,73.1930160522461,76.0458297729492,87.2840957641602,0.0975536778569221,0.000952735601458699,0.000801985210273415,0.00591842830181122,0,0.0615995340049267,0,0.774289727210999,195099.71875,NA,23.920033794419
"FI197",-1.76773381233215,8.0897331237793,18.2928924560547,8.82681560516357,20.0606269836426,1.96993505954742,1.71360874176025,2.91933035850525,2.40099549293518,90.4190521240234,73.8692169189453,78.235710144043,89.9703521728516,0.081658124923706,0.000682992395013571,0.000743897457141429,0.00798950996249914,0,0.0621208027005196,0,0.732732832431793,520997.78125,NA,35.5591323481202
"FI1B1",-0.923561871051788,8.26362609863281,19.0538425445557,9.55056285858154,19.9774036407471,2.45594787597656,1.6318324804306,2.40397763252258,2.71283984184265,88.2590179443359,74.3796768188477,75.7373504638672,87.5276412963867,0.174674078822136,0.00118987681344151,0.000283743225736544,0.0301346722990274,0,0.0303791128098965,0.219144925475121,0.393458724021912,1130098.75,NA,119.668233526114
"FI1C1",0.0798870176076889,8.40337085723877,19.351619720459,10.0855712890625,19.2717323303223,2.36663460731506,1.45395994186401,2.31017851829529,2.60004806518555,87.5381317138672,74.8891830444336,75.3704986572266,86.9314041137695,0.16128221154213,0.00237599923275411,0.000600496598053724,0.00706072989851236,0,0.0435192808508873,0,0.667462527751923,328952.90625,NA,31.1369030682107
"FI1C2",-1.42931604385376,8.2122859954834,18.5597095489502,9.23577117919922,19.9890251159668,2.08571171760559,1.63900792598724,2.67344212532043,2.4104790687561,90.0597763061523,74.1327056884766,77.1939468383789,89.5954513549805,0.145922139286995,0.000935228308662772,0.000616445438936353,0.00794359017163515,0,0.0518863126635551,0.0551557950675488,0.648874580860138,205055.546875,NA,36.3073463160575
"FI1C3",-1.92131769657135,8.10581493377686,18.6544761657715,9.05775451660156,20.5757923126221,2.03101801872253,1.69594287872314,2.75799608230591,2.41697955131531,90.2627105712891,73.9774627685547,77.0853958129883,89.2421798706055,0.11276788264513,0.000620903272647411,0.000497695349622518,0.00554110901430249,0,0.00125144596677274,0.691424310207367,0.0139054274186492,154257.671875,NA,24.8904957377441
"FI1C4",-1.30201482772827,8.47665309906006,19.2454948425293,9.5193281173706,20.5475101470947,2.52786350250244,1.83534240722656,2.5818943977356,2.76704668998718,89.4188766479492,73.9716033935547,74.9465789794922,88.0838928222656,0.0663797557353973,0.000271806900855154,0.000446415855549276,0.00598851684480906,2.74871381407138e-05,0,0.837327122688293,0,132864.796875,NA,23.8656092063521
"FI1C5",-1.91707527637482,8.58008766174316,19.3998851776123,9.27608585357666,21.3169612884521,2.36731052398682,1.83859276771545,2.60449528694153,2.63561081886292,90.060417175293,74.8746719360352,75.2184219360352,88.5092926025391,0.0150575144216418,4.91686841996852e-05,0.000291680364171043,0.00300144264474511,7.24645724403672e-05,0.0529809631407261,0.419919908046722,0.220167055726051,112140.15625,NA,16.3688701786506
"FI1D1",-2.56053328514099,8.2011308670044,19.0576858520508,8.94745349884033,21.6182193756104,2.26218557357788,1.86593401432037,2.79063820838928,2.5610499382019,90.815559387207,74.7906646728516,76.8067932128906,89.6500015258789,0.0108081717044115,6.6968183091376e-05,0.000266459450358525,0.00245606456883252,5.95160736338585e-06,0.0254744607955217,0.438704311847687,0.275650084018707,175711.140625,NA,9.25824054752109
"FI1D2",-3.2588369846344,7.8256688117981,18.7096996307373,8.66872787475586,21.9685363769531,2.39980721473694,2.13890552520752,3.11790680885315,2.71504998207092,90.8597106933594,74.0622634887695,77.4261093139648,90.1289443969727,0.058721199631691,5.11398284288589e-05,0.000236306907027029,0.00215384061448276,1.85545929661249e-41,0.0573835298418999,0.0854931175708771,0.631277024745941,225879.46875,NA,11.1537605059127
"FI1D3",-4.19988059997559,7.2552809715271,18.3820648193359,8.17315196990967,22.5819435119629,2.43754649162292,2.19480466842651,3.26314067840576,2.86921405792236,90.5769424438477,74.2580795288086,77.4392547607422,90.2112655639648,0.0263570602983236,1.02672047432861e-05,0.000109356478787959,0.00208500842563808,0.000116609138785861,0.00362491654232144,0.762825787067413,0.0394253768026829,156815.96875,NA,7.32150607194673
"FI1D5",-2.89349126815796,7.29894542694092,17.6886787414551,8.09064865112305,20.5821704864502,1.97321438789368,1.84758710861206,2.87955975532532,2.31199526786804,89.531494140625,71.9211120605469,76.4377746582031,89.5227355957031,0.108715318143368,9.47022417676635e-05,0.000360373349394649,0.00193074240814894,0,0.0701712667942047,0.00530201848596334,0.775271952152252,47865.50390625,NA,9.31496309289922
"FI1D7",-7.18572330474854,4.89262580871582,16.3393840789795,5.52796936035156,23.5251083374023,1.67686688899994,1.85023653507233,2.62044286727905,2.00884437561035,88.566535949707,72.1205520629883,72.1953964233398,88.7258911132812,0.00232498836703598,0.000418946088757366,0.0020046706777066,0.000374440773157403,0.0595903135836124,0.0130905387923121,0.733020544052124,0.141947284340858,141978.015625,NA,1.44621845414686
"FI1D8",-4.81252527236938,6.689781665802,17.9255084991455,7.62293434143066,22.7380332946777,2.34319734573364,2.34434103965759,3.4718234539032,2.86494565010071,91.0156326293945,73.4311141967773,77.0504760742188,90.9474411010742,0.00817379634827375,2.90171992674004e-05,0.000908023212105036,0.000781278067734092,0.000326244538882747,0.0278977937996387,0.564369976520538,0.300120949745178,71571.546875,NA,3.17632503734526
"FI1D9",-4.60455560684204,6.40167140960693,17.4794750213623,7.15305280685425,22.0840301513672,2.153240442276,2.07141637802124,3.08952617645264,2.45130848884583,90.1135635375977,73.1287307739258,76.1838760375977,90.0885620117188,0.0507680736482143,0.000130174186779186,0.00116791541222483,0.00163930165581405,8.2782753452193e-05,0.022637190297246,0.61733466386795,0.252151161432266,281559.75,NA,7.23228324220468
"FI200",1.39620244503021,8.17421627044678,19.2699775695801,10.8231611251831,17.8737735748291,1.95153141021729,1.17264473438263,1.94581842422485,2.35536336898804,82.2842483520508,77.0485305786133,74.3642807006836,81.6981811523438,0.0341061688959599,0.0026681893505156,0.000479412759887055,0.00243182363919914,0,0.0171387288719416,0,0.211894497275352,11852.458984375,NA,8.64246431388127
"FR101",7.94074201583862,13.7387800216675,23.5660247802734,16.1974563598633,15.6252822875977,2.42960166931152,1.96944487094879,1.79869210720062,2.14333295822144,87.5021286010742,76.6502990722656,67.500732421875,81.4582901000977,0.2417943328619,0.0267544705420732,0.0014926646836102,0.364378690719604,0,5.03491736320125e-16,0,0.365579873323441,384338.28125,NA,5024.3392378694
"FR102",7.5077657699585,13.4794511795044,23.5031585693359,15.9283924102783,15.9953918457031,2.65359735488892,2.13020014762878,1.80329239368439,2.24428915977478,87.2803802490234,76.2822418212891,66.3884429931641,81.1461791992188,0.564127624034882,0.0774632394313812,1.07128783621846e-09,0.0498671941459179,0,2.3206712558214e-17,0,0.308541983366013,2300485.25,NA,388.499519464458
"FR103",7.52142429351807,13.0380878448486,22.7202053070068,15.72483253479,15.1987791061401,2.44821500778198,1.95033228397369,1.76064646244049,2.19935655593872,88.0372695922852,77.634895324707,68.802848815918,82.0605773925781,0.396714359521866,0.160138234496117,0.000302586733596399,0.100275218486786,0,1.39986494618327e-10,0,0.342569559812546,2873999,NA,1256.47394058814
"FR104",7.68327236175537,13.5039377212524,23.4950790405273,16.0391960144043,15.8118076324463,2.42679762840271,2.0351665019989,1.73550868034363,2.16561985015869,87.3348846435547,76.2828521728516,66.243766784668,80.8582992553711,0.427006900310516,0.0660015940666199,0.000744580058380961,0.190843775868416,0,2.9228197553216e-12,0,0.315403163433075,4691158.5,NA,2568.13300738637
"FR105",7.94074249267578,13.7387800216675,23.5660247802734,16.1974582672119,15.6252813339233,2.4296019077301,1.96944499015808,1.79869210720062,2.14333295822144,87.5021286010742,76.6502914428711,67.500732421875,81.4582901000977,0.2417943328619,0.0267544724047184,0.0014926646836102,0.364378660917282,0,5.03491736320125e-16,0,0.365579873323441,813974.0625,NA,5023.09091693325
"FR106",7.8931622505188,13.7425956726074,23.6140003204346,16.2003898620605,15.7208385467529,2.49986815452576,2.03942584991455,1.8415105342865,2.1524031162262,87.4327392578125,76.5476379394531,67.2584075927734,81.4023361206055,0.345964044332504,0.0372194573283195,0.000823586655315012,0.258888304233551,0,2.7780425444719e-16,0,0.357104629278183,756412.6875,NA,3242.88730835849
"FR107",7.90415287017822,13.743655204773,23.6069793701172,16.2014236450195,15.7028274536133,2.48477721214294,2.02512621879578,1.83247709274292,2.15004777908325,87.4467544555664,76.5662536621094,67.2994232177734,81.410774230957,0.324134707450867,0.0349904857575893,0.000961862795520574,0.281031519174576,0,3.24446335445985e-16,0,0.358881384134293,850891.375,NA,3605.81255939764
"FR108",7.71120023727417,13.1488847732544,22.6276054382324,15.8182621002197,14.9164066314697,2.87412881851196,2.08118629455566,1.83046209812164,2.40018010139465,87.8378524780273,77.8839645385742,70.5219421386719,82.7129821777344,0.506682276725769,0.115222483873367,0.000169055841979571,0.0660315826535225,0,1.27173500230981e-16,0,0.311894536018372,1150162.375,NA,895.550484761592
"FRB01",7.19075727462769,13.2725419998169,23.9483070373535,15.9349279403687,16.7575511932373,2.69381189346313,2.44839572906494,1.67374849319458,2.4466564655304,85.7339401245117,73.8830032348633,62.227466583252,78.715461730957,0.640537977218628,0.0576713122427464,0.0015718387439847,0.00633554626256227,0,1.7539317220816e-10,0,0.293883353471756,319054.28125,NA,43.7133969730014
"FRB02",7.06035661697388,12.5684270858765,22.3884811401367,15.3372097015381,15.328125,2.44067120552063,1.89803850650787,1.45966601371765,2.14647793769836,88.307975769043,77.4135589599609,67.073616027832,81.456672668457,0.583204209804535,0.212199866771698,3.20738053005698e-07,0.0115925911813974,0,1.68667597250094e-11,0,0.193003103137016,556790.1875,NA,94.285908860399
"FRB03",7.41956472396851,13.3852844238281,23.991886138916,16.020357131958,16.5723209381104,2.84528112411499,2.30571031570435,1.49948084354401,2.50685214996338,85.5165863037109,73.4098815917969,61.4052848815918,78.0693893432617,0.617294251918793,0.117488503456116,0.000987100531347096,0.00619002524763346,0,4.88627693862043e-10,0,0.25804015994072,258866.9375,NA,37.9249567538779
"FRB04",7.79879713058472,13.5855464935303,23.7805328369141,16.14182472229,15.9817352294922,2.66350436210632,1.88265407085419,1.29766130447388,2.27750182151794,86.4573822021484,73.7981872558594,62.4052276611328,78.9208755493164,0.629314482212067,0.103975757956505,6.22648949502036e-05,0.0136446105316281,0,1.40048155364281e-11,0,0.253002941608429,738141.1875,NA,119.814498725352
"FRB05",7.44636678695679,13.2976388931274,23.5687465667725,15.9164981842041,16.1223793029785,2.60183548927307,2.00964546203613,1.38803839683533,2.27309393882751,86.7712936401367,74.30712890625,62.5621910095215,79.201171875,0.622068643569946,0.0940257236361504,0.000364133215043694,0.0098555963486433,0,0,0,0.273685902357101,508795.25,NA,79.5238877841583
"FRB06",7.38421154022217,13.3690919876099,23.6891918182373,15.9550666809082,16.3049793243408,2.54649829864502,2.17675280570984,1.61355757713318,2.28923749923706,86.8639450073242,74.9369354248047,63.7958793640137,79.8349227905273,0.624082922935486,0.0704486295580864,0.000120258155220654,0.0109283197671175,0,1.52783117874741e-16,0,0.294419825077057,634697.4375,NA,93.115772559595
"FRC11",5.86897563934326,12.7719097137451,23.4903450012207,14.9134387969971,17.6213684082031,3.16001629829407,2.78814339637756,2.14729809761047,3.031733751297,85.959602355957,73.757453918457,64.392951965332,80.431022644043,0.541144371032715,0.0380645133554935,0.000158196417032741,0.00862526707351208,0,0,0.0994543135166168,0.312553405761719,599530.75,NA,68.4743711561939
"FRC12",6.59690475463867,12.9181423187256,23.6676273345947,15.4755153656006,17.0707225799561,3.16696310043335,2.72624945640564,1.94570338726044,2.81061673164368,85.4749298095703,73.7381134033203,63.1730117797852,79.6522750854492,0.561095535755157,0.0551006607711315,0.000940827128943056,0.00555289071053267,0,5.26724294963759e-18,0.00796319264918566,0.36934694647789,219638,NA,32.2332470826285
"FRC13",6.04043054580688,12.9600286483765,23.9408016204834,15.1682586669922,17.9003715515137,3.08407616615295,2.71263742446899,2.1775209903717,3.16582584381104,83.768180847168,71.6864929199219,62.0880241394043,78.7147750854492,0.465149253606796,0.0510294362902641,0.000523355673067272,0.0102051179856062,0,2.34552152006406e-11,0.118206359446049,0.354886531829834,609240.5,NA,70.6447154263223
"FRC14",6.90769672393799,13.2123651504517,23.6520309448242,15.6292304992676,16.7443351745605,2.84459352493286,2.46979808807373,1.81402385234833,2.60238432884216,86.6454010009766,75.1929931640625,64.8518295288086,80.6892318725586,0.638954222202301,0.0608387142419815,0.000179036767804064,0.00770410289987922,0,8.4121601466348e-17,0,0.292323917150497,356250.96875,NA,47.7145669469122
"FRC21",4.35658693313599,10.997992515564,21.3490905761719,13.210075378418,16.9925022125244,5.1938362121582,4.18988800048828,2.90984725952148,4.23235321044922,83.0555419921875,74.3196868896484,69.1856307983398,80.3687744140625,0.252295553684235,0.0870851427316666,0.000154329158249311,0.0148757817223668,0,0,0.644704341888428,0,540646.0625,NA,103.688264712191
"FRC22",5.1742262840271,12.1060190200806,22.7574062347412,14.2687292098999,17.583179473877,5.37000131607056,4.45984601974487,2.71323561668396,4.60650873184204,82.3135375976562,72.975715637207,66.381965637207,78.8146209716797,0.420910269021988,0.0381754785776138,0.000158039591042325,0.0102926194667816,0,0,0.455603212118149,0.0731839090585709,397657.3125,NA,78.79393872364
"FRC23",5.66355085372925,12.4886846542358,22.8683128356934,14.5286340713501,17.2047595977783,4.1099328994751,3.24629974365234,2.48031401634216,3.66838097572327,83.887451171875,73.1191024780273,65.4872970581055,79.7289810180664,0.356784075498581,0.0619073696434498,4.75688284495845e-06,0.0101253297179937,0,0,0.570757567882538,0.000420674245106056,384557.59375,NA,71.3173466043487
"FRC24",4.68483543395996,11.3797883987427,21.5765628814697,13.3880071640015,16.8917274475098,5.73043346405029,3.97806668281555,2.83167386054993,4.30013799667358,84.3896942138672,74.0281219482422,67.9946746826172,81.2050018310547,0.245568126440048,0.0398387014865875,2.77493722444788e-10,0.0184353794902563,0,0,0.696059823036194,0,100301.671875,NA,169.59600658298
"FRD11",7.90280532836914,12.2977695465088,20.7001132965088,15.3730211257935,12.7973070144653,3.47769403457642,2.0843722820282,1.68919360637665,2.95554709434509,86.9489212036133,79.0291290283203,76.1807250976562,84.17626953125,0.306276172399521,0.267778426408768,2.43160269697285e-09,0.014506964944303,0,9.21370202355831e-11,0.0506950616836548,0.1955776065588,608302.5,NA,109.907842258492
"FRD12",8.30290508270264,12.4982452392578,20.7157135009766,15.6860580444336,12.4128084182739,4.01265430450439,2.18749141693115,1.81631350517273,3.39474296569824,86.097038269043,79.5235900878906,78.2868270874023,83.9080276489258,0.371851295232773,0.325097590684891,2.62972066344958e-09,0.00991031248122454,0,0,0.100128337740898,0.145258843898773,253701.046875,NA,42.4916568973044
"FRD13",7.1697416305542,12.0072584152222,21.1618957519531,14.980001449585,13.9921541213989,3.2453887462616,2.16280817985535,1.58893835544586,2.65484690666199,88.8958358764648,78.8573532104492,72.3112335205078,83.9136962890625,0.384838044643402,0.310436338186264,2.50042675453699e-09,0.00964318867772818,0,3.12670201816431e-17,0,0.295082449913025,299704.5,NA,48.6898038174134
"FRD21",7.48166847229004,12.3651418685913,21.4072284698486,15.3418045043945,13.9255609512329,3.2636833190918,2.15234589576721,1.77415573596954,2.6625759601593,88.1896209716797,79.0979232788086,73.3321533203125,83.771858215332,0.417828112840652,0.239008396863937,1.77679515545037e-09,0.0221076253801584,0,3.78286603430755e-11,0,0.313661724328995,989776.4375,NA,165.187943263063
"FRD22",7.6435718536377,12.2611656188965,20.986499786377,15.4203767776489,13.3429279327393,4.1387243270874,2.33916640281677,2.06698274612427,3.51555705070496,87.2698974609375,79.5466537475586,76.134391784668,84.2029495239258,0.381944358348846,0.262125670909882,0.00010277985711582,0.0154261579737067,0,2.70018091219626e-10,0,0.25740709900856,640995.0625,NA,101.608007370942
"FRE11",6.61183786392212,12.035080909729,21.2167358398438,14.6868009567261,14.6048984527588,3.33773803710938,2.230313539505,2.0557906627655,2.8054678440094,87.2740859985352,78.1397247314453,73.5270462036133,83.4518508911133,0.448906272649765,0.159805715084076,1.21167009758949e-09,0.0699716880917549,0,0,0.140891551971436,0.180383294820786,2164968.25,NA,375.747787631496
"FRE12",7.1778450012207,11.9834032058716,20.7649555206299,15.0150547027588,13.5871095657349,4.11440277099609,2.26359939575195,2.18829393386841,3.60839486122131,86.879768371582,78.8823471069336,75.3101119995117,83.771842956543,0.511346518993378,0.202798798680305,2.2755435313826e-09,0.0283907558768988,0,5.27027206598252e-11,0,0.197513237595558,1366805.625,NA,204.586405494235
"FRE21",6.69776010513306,12.5156030654907,22.1582279205322,14.9493265151978,15.4604682922363,3.12450814247131,2.27271485328674,2.06779289245605,2.4523983001709,87.5739669799805,77.4203262329102,70.408203125,82.7263336181641,0.593104600906372,0.106472574174404,1.65623981196461e-09,0.0157504510134459,0,0,0.0366592407226562,0.248013153672218,631897.4375,NA,85.0721583970313
"FRE22",7.46367120742798,12.912299156189,22.327184677124,15.5768547058105,14.8635139465332,2.97530651092529,2.1068115234375,1.94482588768005,2.47099113464355,87.6629180908203,77.9523239135742,71.2388153076172,82.8459777832031,0.590215384960175,0.112463265657425,1.53093093757661e-09,0.0220919959247112,0,3.61077638443646e-17,0,0.275229454040527,1304918,NA,222.486103701207
"FRE23",7.33204078674316,12.4116191864014,21.4548435211182,15.2859258651733,14.1228017807007,3.56612634658813,2.20264935493469,2.13692116737366,3.00662112236023,87.2798004150391,78.7995758056641,74.1241607666016,83.4853591918945,0.61452329158783,0.168521896004677,1.7351107217678e-09,0.0160887595266104,0,8.15609546923493e-17,0,0.185741633176804,662129.8125,NA,107.581467381539
"FRF11",5.63096761703491,12.9201784133911,23.1457214355469,14.4710121154785,17.5147552490234,3.05210208892822,2.5756676197052,2.18313455581665,2.80606722831726,84.3496627807617,72.5690383911133,64.9589385986328,80.4121780395508,0.436528354883194,0.049909096211195,3.2369869586546e-05,0.0274788159877062,0,4.13529883317706e-20,0,0.486051380634308,1363808.375,NA,283.605156419785
"FRF12",5.23428153991699,12.1635265350342,22.2614917755127,13.8830757141113,17.0272121429443,3.66713213920593,3.04996657371521,2.41093325614929,3.16995573043823,84.3050537109375,73.8138809204102,68.0126953125,81.4102020263672,0.37437629699707,0.05146199837327,3.79115626856219e-05,0.024847786873579,0,0.0049779936671257,0.351918280124664,0.191800370812416,918953,NA,257.525904664411
"FRF21",5.85250520706177,11.8154802322388,21.6366138458252,14.1865577697754,15.7841091156006,3.69718790054321,2.6471221446991,2.15746569633484,2.80923962593079,88.3068542480469,77.6351470947266,71.0055313110352,83.9746704101562,0.50163871049881,0.129687458276749,0.000328714289935306,0.0122136538848281,1.40129846432482e-45,0,0.340902775526047,0.0152287119999528,346208.96875,NA,66.3374430648352
"FRF22",6.71588897705078,13.0852537155151,23.4084053039551,15.3344497680664,16.6925182342529,2.85012197494507,2.46902108192444,1.92041599750519,2.68826031684875,86.9063873291016,75.6920547485352,66.0625305175781,81.5634689331055,0.642150461673737,0.0984499678015709,0.000293618417344987,0.00868369545787573,0,6.07742897106959e-17,0.00242664664983749,0.245704606175423,351213.1875,NA,58.2619740936974
"FRF23",6.52498292922974,12.6327638626099,22.6520557403564,14.94983959198,16.1270732879639,2.86693024635315,2.27434587478638,1.89932572841644,2.36386513710022,87.2583160400391,76.3861541748047,67.7181243896484,82.2025985717773,0.661076307296753,0.108996137976646,0.000120495817100164,0.00978466775268316,0,0,0.107448361814022,0.110533662140369,527560.6875,NA,64.9461304280277
"FRF24",5.87990188598633,12.5377540588379,23.0010356903076,14.6658344268799,17.1211338043213,3.4938485622406,2.81144547462463,2.27118587493896,3.15506911277771,86.8043441772461,74.839241027832,66.1229248046875,81.7485427856445,0.531687557697296,0.0824314132332802,0.00038275500992313,0.0058736577630043,0,0,0.317155629396439,0.0619005523622036,163744.796875,NA,26.1864824960003
"FRF31",5.52986907958984,12.111554145813,22.3165321350098,14.1165761947632,16.7866630554199,3.29280972480774,2.49531531333923,2.04833698272705,2.86749339103699,86.7654724121094,75.1811218261719,66.403190612793,81.9509429931641,0.503063857555389,0.0924025028944016,3.38861500495113e-05,0.0162883009761572,1.81523752192797e-12,0,0.147937119007111,0.240274295210838,653415.3125,NA,123.897031498024
"FRF32",5.7182354927063,12.0870923995972,22.267240524292,14.2308320999146,16.5490055084229,3.72530269622803,2.67260384559631,2.09149956703186,2.93524479866028,87.713737487793,76.2100524902344,68.1516647338867,82.9647979736328,0.526714324951172,0.110588811337948,0.00151401327457279,0.00793272908776999,0,0,0.353043049573898,0,270068.34375,NA,43.5998407235725
"FRF33",5.61537837982178,12.4914455413818,22.586612701416,14.2877931594849,16.9712333679199,3.14200234413147,2.39402961730957,2.01104331016541,2.78319668769836,86.3417739868164,74.2828140258789,65.527473449707,81.5691909790039,0.464246690273285,0.0711715817451477,1.46324528031982e-05,0.0277716293931007,4.57525591848404e-14,1.86905530685934e-20,0.130410864949226,0.306384652853012,1386771,NA,223.424253715926
"FRF34",5.29464912414551,11.9337091445923,22.2072505950928,13.9387989044189,16.9126033782959,4.09710311889648,3.02855110168457,2.39579892158508,3.56605267524719,85.8471298217773,74.4919052124023,66.6978073120117,81.6248626708984,0.385946184396744,0.0763443633913994,5.06895412399899e-06,0.011473236605525,0,0,0.179709896445274,0.346521317958832,422089.3125,NA,71.700137483007
"FRG01",8.72176361083984,13.7188262939453,22.6874389648438,16.3352565765381,13.9656744003296,3.99500346183777,2.03039646148682,1.3051028251648,3.00704312324524,87.1134719848633,77.2371826171875,71.4918594360352,82.6069107055664,0.534923136234283,0.177697584033012,8.60693853610428e-06,0.0203779470175505,0,1.21129814273203e-16,0,0.189069658517838,1482383.875,NA,214.040180739984
"FRG02",8.15841770172119,13.5995197296143,23.2527160644531,16.1697273254395,15.0942993164062,3.18872141838074,1.89108669757843,1.22228968143463,2.50045657157898,87.1206970214844,75.5926742553711,66.2883834838867,80.6520538330078,0.62159538269043,0.168682992458344,6.75998353472096e-06,0.0160612091422081,0,3.86835480235731e-17,0,0.19365368783474,917179.5625,NA,126.58474762259
"FRG03",7.72630834579468,12.7523031234741,22.0705623626709,15.5377464294434,14.3442535400391,3.92953586578369,2.27731657028198,1.51177024841309,3.00966620445251,88.0919570922852,77.1209564208984,69.7060317993164,82.5874557495117,0.550325930118561,0.270918130874634,5.04664665612609e-09,0.0090665128082037,0,1.09990973674785e-16,0,0.169686526060104,374057,NA,71.7473633934697
"FRG04",7.55275774002075,12.9597606658936,22.7425212860107,15.6496667861938,15.1897659301758,3.02176928520203,1.9834760427475,1.34895098209381,2.40836119651794,87.8701477050781,76.063346862793,66.4180679321289,81.2407684326172,0.504242599010468,0.214296817779541,2.5858271079926e-09,0.0128679778426886,0,3.40312063258891e-17,0,0.268592596054077,596722.4375,NA,96.6730452360846
"FRG05",8.75943088531494,14.0509328842163,23.0981025695801,16.568904876709,14.3386716842651,3.90009140968323,2.04406046867371,1.28060126304626,3.06743502616882,86.2322082519531,75.8551864624023,70.2819519042969,81.6894989013672,0.63176017999649,0.169509440660477,5.83536748308688e-05,0.0105517320334911,0,2.00757237592432e-16,0,0.156801924109459,601953.4375,NA,88.9596235872282
"FRH01",8.82143974304199,12.504674911499,20.3773097991943,15.7087297439575,11.5558681488037,4.25887584686279,2.22813773155212,1.5929594039917,3.20814418792725,86.9349746704102,80.3743515014648,78.5308609008789,84.8183822631836,0.450434863567352,0.302421689033508,0.000100339209893718,0.0087671484798193,0,0,0.161813989281654,0.00269645382650197,401813.59375,NA,57.5487894454037
"FRH02",9.08054733276367,12.2928056716919,19.6333065032959,15.4827718734741,10.5527601242065,5.2303581237793,2.63292479515076,2.11268043518066,4.05915212631226,85.442756652832,80.5148468017578,81.0004577636719,85.114128112793,0.391654223203659,0.332726418972015,1.03752928470868e-09,0.0118321804329753,0,0,0.182731136679649,0,350808.6875,NA,52.4836264650268
"FRH03",8.33177089691162,13.0391054153442,21.8302707672119,15.8487319946289,13.498498916626,3.66739916801453,2.07185387611389,1.45090436935425,2.86820721626282,87.3124618530273,77.6824340820312,72.7407073974609,83.074821472168,0.564338982105255,0.257665544748306,3.25661764222218e-09,0.0147817293182015,0,4.0835665182283e-18,0.0132815279066563,0.149775207042694,1059335.25,NA,155.211074468425
"FRH04",9.01630210876465,12.9958753585815,21.072322845459,16.0094604492188,12.0560207366943,4.64126443862915,2.288982629776,1.6654018163681,3.39094924926758,87.0603179931641,79.3270416259766,76.3124847412109,84.4838409423828,0.454821467399597,0.255805909633636,3.09896397432396e-09,0.012275654822588,0,0,0.145158007740974,0.0448151230812073,715992.8125,NA,103.503196075679
"FRI11",8.30966854095459,14.4963235855103,25.1718692779541,17.0821781158447,16.8621997833252,3.07185316085815,2.35483407974243,1.39460825920105,2.34415483474731,83.0167694091797,69.5278244018555,60.1347465515137,75.9467926025391,0.571134626865387,0.0387004353106022,0.000270051852567121,0.00671134889125824,0,4.63873676883469e-13,0.0595868080854416,0.323596805334091,461149.1875,NA,50.0705258023543
"FRI12",9.40462493896484,15.3095369338989,24.9456844329834,17.6084251403809,15.5410585403442,3.18786072731018,2.13873147964478,1.37635970115662,2.6114010810852,83.6599884033203,69.3597564697266,63.6960372924805,77.6294937133789,0.430947333574295,0.0752569064497948,0.00201888335868716,0.0204922519624233,0,1.91046180611498e-14,0,0.470486342906952,1521105.125,NA,152.476151495514
"FRI13",10.1419277191162,15.4412412643433,24.61501121521,18.0520439147949,14.4730834960938,3.58799839019775,2.55658888816833,1.34571385383606,3.27685117721558,82.3506011962891,71.3655242919922,68.1181259155273,78.2795333862305,0.282322138547897,0.0771192833781242,0.00693160574883223,0.00525542814284563,0,1.11365023106047e-11,0.25623095035553,0.282458871603012,428134.875,NA,45.8318932343556
"FRI14",9.01027488708496,15.247073173523,25.9329109191895,17.7862148284912,16.9226379394531,2.46991610527039,2.11278033256531,1.22225558757782,2.0407280921936,83.4708862304688,69.0320053100586,58.4343719482422,75.2193298339844,0.642897665500641,0.0414980016648769,0.00019436253933236,0.00725898891687393,0,3.63971629078337e-18,0,0.308151036500931,327557.71875,NA,60.8283289913718
"FRI15",7.8630781173706,13.4302988052368,23.8325061798096,16.4242858886719,15.9694271087646,4.54615879058838,3.66543531417847,1.73439872264862,4.1553692817688,80.7487487792969,74.745735168457,71.7837905883789,78.6692504882812,0.197600930929184,0.118918031454086,0.0152739835903049,0.00920364633202553,2.48288251896156e-05,0.0172936338931322,0.449560523033142,0.181477665901184,617444.25,NA,80.0658417908101
"FRI21",6.52683544158936,12.6678667068481,23.5654487609863,15.4644317626953,17.0386123657227,4.09627485275269,3.28531169891357,1.77002096176147,3.36100792884827,83.1502151489258,72.0959777832031,64.3469009399414,78.4842758178711,0.386413365602493,0.031567420810461,0.000657111697364599,0.00595545256510377,0,2.61292949083058e-11,0.442653805017471,0.132752850651741,236341.0625,NA,40.363913217586
"FRI22",6.12236833572388,12.1526622772217,22.9457187652588,14.9464874267578,16.8233509063721,3.53555226325989,2.97043681144714,1.77697682380676,2.95406866073608,84.7089462280273,74.0394515991211,64.8408432006836,79.3110656738281,0.427807122468948,0.0844152569770813,0.000411263259593397,0.00507948826998472,0,2.22336968280779e-10,0.0553767904639244,0.426910072565079,123298.921875,NA,22.030475122051
"FRI23",7.14675378799438,13.1480369567871,23.8214263916016,15.8738498687744,16.6746711730957,3.91256594657898,2.92108273506165,1.68018853664398,3.00913906097412,84.7125015258789,73.1468505859375,63.6411361694336,78.5093994140625,0.555171191692352,0.071333184838295,1.15993043436902e-05,0.00914324168115854,0,1.44699511882179e-16,0.0741438493132591,0.29019695520401,384376.6875,NA,68.8709824320115
"FRI31",8.40132331848145,14.3497867584229,24.6349849700928,16.875883102417,16.2336597442627,3.3858470916748,2.25187420845032,1.40902972221375,2.64123272895813,84.5158233642578,71.4958801269531,62.2744560241699,77.5545806884766,0.653536677360535,0.0808093026280403,1.03589181676966e-09,0.00818290933966637,0,2.43569279329003e-11,0,0.257471114397049,382382.09375,NA,63.7556297693491
"FRI32",9.02797031402588,14.7350625991821,24.3334980010986,17.2203998565674,15.3055267333984,3.52198481559753,2.04299521446228,1.26952695846558,2.80454754829407,84.56982421875,71.8290557861328,64.7400970458984,78.3688735961914,0.639252424240112,0.140044555068016,2.73037881193261e-09,0.00897342339158058,0,2.06340058217565e-16,0,0.200036212801933,438687.5625,NA,64.3117305569699
"FRI33",8.17085933685303,13.8213663101196,23.6506443023682,16.3166999816895,15.4797859191895,3.42574882507324,2.01963090896606,1.28683292865753,2.66172909736633,86.5756530761719,74.2752304077148,65.2504730224609,80.0822143554688,0.658934056758881,0.168580994009972,3.66035490806382e-09,0.0094915246590972,0,2.34055969050573e-11,0,0.162993431091309,400960,NA,66.7113124960087
"FRI34",7.78897523880005,13.5907249450684,23.9258689880371,16.1353626251221,16.1368923187256,3.00568795204163,2.09296894073486,1.37377965450287,2.49410510063171,85.9827346801758,73.4947204589844,62.6019401550293,78.6949768066406,0.676949858665466,0.120905756950378,2.49162330874242e-05,0.0076841046102345,0,9.22179832496539e-11,0,0.194435343146324,462128.75,NA,65.6233423792074
"FRJ11",8.61968517303467,14.6495065689087,26.1911773681641,17.5129375457764,17.5714912414551,2.69457221031189,2.41823172569275,1.23242700099945,2.66764116287231,78.7133255004883,69.6449890136719,60.9890174865723,75.5140914916992,0.23290441930294,0.106051415205002,0.0103735011070967,0.00896331761032343,0,2.12289517562136e-12,0,0.616159081459045,519933.9375,NA,81.3081574744045
"FRJ12",8.36375617980957,14.7978143692017,26.6095485687256,17.3987255096436,18.2457904815674,2.90833020210266,2.30047726631165,1.20595300197601,5.07138252258301,74.2502899169922,63.1287803649902,52.7032165527344,72.2923202514648,0.223799213767052,0.0888194963335991,0.00334980105981231,0.0184412263333797,0,0,0.426365286111832,0.208357453346252,965242.3125,NA,164.414616623339
"FRJ13",8.77612495422363,15.0396375656128,26.8779468536377,17.7157707214355,18.1018218994141,3.08538436889648,2.33546233177185,1.06545162200928,4.35235404968262,77.4926452636719,67.3685302734375,56.7857475280762,75.2663955688477,0.198320627212524,0.114157631993294,0.00405965838581324,0.0143510242924094,0,0,0.423677414655685,0.157733917236328,916398.3125,NA,146.901972624321
"FRJ14",4.23384857177734,10.1537618637085,21.57785987854,13.0922536849976,17.3440113067627,3.29729771614075,3.1734082698822,1.89450407028198,5.1793360710144,81.246940612793,72.3389434814453,65.6935424804688,80.7000961303711,0.177996024489403,0.105968602001667,0.0121924672275782,0.00321414251811802,0,0,0.700628817081451,0,101614.0078125,NA,19.7463919653023
"FRJ15",8.22712230682373,13.9890289306641,25.4283409118652,16.9533004760742,17.2012195587158,2.26740860939026,2.23977088928223,1.38475286960602,2.55336999893188,74.4440307617188,67.6703567504883,62.5524940490723,74.24072265625,0.115751020610332,0.0612189322710037,0.0229620821774006,0.0112258987501264,6.04568504058989e-06,0.142468571662903,0.0165447369217873,0.626737296581268,409742.8125,NA,99.1626724449188
"FRJ21",5.74135732650757,11.7414484024048,23.0693683624268,14.7977705001831,17.328010559082,2.71470046043396,2.73327207565308,1.8522469997406,2.65403890609741,77.7318115234375,72.9167633056641,67.7551116943359,75.9462738037109,0.269916415214539,0.0770721361041069,0.028647817671299,0.0109934536740184,0,0.0686691403388977,0,0.544701099395752,261937.296875,NA,54.1106607849749
"FRJ22",6.45411539077759,12.6259984970093,24.122730255127,15.4590578079224,17.6686153411865,3.47509789466858,3.04176926612854,1.574746966362,3.68497014045715,82.8146743774414,72.3019027709961,63.884407043457,79.4973983764648,0.324312597513199,0.158934444189072,0.00300327339209616,0.00461855065077543,0,3.47033469669245e-12,0.495095729827881,0.0139488931745291,311682.65625,NA,35.5779110863147
"FRJ23",8.17058563232422,14.3776731491089,25.4856834411621,17.1855506896973,17.3150959014893,2.40759372711182,2.45008087158203,1.47078621387482,2.33860778808594,80.9303970336914,71.9270553588867,64.4094848632812,75.9121170043945,0.464768409729004,0.115941151976585,0.00799061171710491,0.0143314832821488,0,0.0502465926110744,0,0.346721708774567,1114023.5,NA,173.331787869392
"FRJ24",9.08865833282471,15.3007049560547,26.1099014282227,17.9674129486084,17.021240234375,2.43420481681824,2.2803065776825,1.21321594715118,2.18986368179321,82.7406005859375,71.3044967651367,62.2590179443359,76.1873016357422,0.599616944789886,0.142128601670265,4.92868366563926e-07,0.00606912327930331,0,1.02419444453217e-11,0,0.252184897661209,372879.6875,NA,59.5029794172797
"FRJ25",7.93500423431396,14.2329511642456,25.2975311279297,16.9833354949951,17.36252784729,2.93107056617737,2.59774422645569,1.41058731079102,2.48481845855713,82.1761703491211,69.4203948974609,60.7610740661621,75.9355163574219,0.519627869129181,0.0575914941728115,0.00032813404686749,0.00611483072862029,0,5.54299217636611e-10,0.0634646415710449,0.352873057126999,231352.90625,NA,44.2760635729849
"FRJ26",5.31365919113159,11.3296928405762,22.6513595581055,14.4025278091431,17.3376998901367,3.28619647026062,2.93203139305115,1.80935037136078,3.30497741699219,79.729606628418,74.398307800293,68.8195953369141,77.4536819458008,0.284640491008759,0.0728938579559326,0.0366955883800983,0.00754687609151006,0,0.136846929788589,0,0.461376219987869,232900.859375,NA,51.3748045201773
"FRJ27",8.33848571777344,14.6285095214844,26.204496383667,17.3832149505615,17.8660106658936,2.97226023674011,2.6141312122345,1.32064807415009,2.69948649406433,82.9701461791992,71.1718597412109,60.3092765808105,77.0746307373047,0.420183211565018,0.163486108183861,0.00163190101739019,0.00879812892526388,0,1.81166368065343e-17,0.117722272872925,0.28810852766037,495660.875,NA,86.4939485571864
"FRJ28",8.78081321716309,15.1101474761963,26.2217884063721,17.8094043731689,17.440975189209,2.35207080841064,2.18305969238281,1.23042607307434,2.01690244674683,82.6056976318359,69.1713104248047,58.3494682312012,74.8881759643555,0.608980596065521,0.0711477547883987,0.000156987181981094,0.0153977163136005,0,9.39640779913287e-17,0,0.304316967725754,637388.375,NA,170.934185724056
"FRK11",6.50446367263794,12.6811714172363,23.4467964172363,15.3373804092407,16.9423332214355,2.41180562973022,2.47499132156372,1.97759759426117,2.55721735954285,83.9118499755859,72.8628692626953,63.1867294311523,78.7166900634766,0.570352673530579,0.0705161392688751,0.000219140114495531,0.00675634434446692,0,3.65634855725716e-10,0,0.352155745029449,332402,NA,45.151411699291
"FRK12",4.9423451423645,10.9668893814087,22.0222549438477,13.8274545669556,17.0799102783203,3.6479172706604,3.31885743141174,1.86383831501007,3.60787630081177,82.9477920532227,73.2084808349609,67.2655563354492,80.5964965820312,0.21432614326477,0.121578052639961,0.00592523999512196,0.00439418852329254,0,0,0.577210903167725,0.0765654444694519,151147.703125,NA,26.1672985135876
"FRK13",4.5900616645813,10.7238817214966,21.723669052124,13.4096956253052,17.1336078643799,2.13941764831543,2.46952891349792,2.1104097366333,3.47881174087524,82.1003646850586,72.8436813354492,67.2800064086914,81.0656433105469,0.201520249247551,0.124617978930473,0.00520532578229904,0.0101660005748272,0,0,0.546912372112274,0.111578099429607,401156.5,NA,80.7173807562218
"FRK14",5.01184749603271,11.1103849411011,21.9262180328369,13.8481492996216,16.9143714904785,2.58390140533447,2.75354027748108,2.15751695632935,2.98239302635193,83.4850845336914,73.4964370727539,66.8783645629883,80.3572845458984,0.279678225517273,0.111277662217617,0.00276376260444522,0.0108114033937454,0,2.37231003070992e-12,0.076202280819416,0.519266664981842,782014.75,NA,97.8304521750611
"FRK21",5.67002630233765,12.7520351409912,23.7621383666992,14.936671257019,18.092113494873,4.00276947021484,3.62993121147156,2.33964967727661,4.00924777984619,81.9090194702148,71.3909301757812,63.7430953979492,78.2369232177734,0.39714589715004,0.0597499348223209,0.000181935727596283,0.0190818533301353,0,0,0.244530886411667,0.273708045482635,1048735.625,NA,181.970865748983
"FRK22",6.05554151535034,12.5192127227783,23.989278793335,15.1498804092407,17.9337387084961,3.05947232246399,2.65813183784485,1.85023081302643,5.40091323852539,78.3913421630859,67.9996948242188,59.3246269226074,76.4647445678711,0.203652143478394,0.0942730158567429,0.00147646851837635,0.0142831187695265,0,0,0.6863152384758,0,584707.9375,NA,104.801129921297
"FRK23",5.84793043136597,12.2131280899048,23.8375568389893,15.0194292068481,17.9896240234375,2.74412298202515,2.41458559036255,1.48287868499756,3.90541672706604,78.3727111816406,68.4444427490234,58.2384223937988,75.2997207641602,0.251802891492844,0.0849077850580215,0.00956276245415211,0.0111376401036978,0,0,0.588947355747223,0.0536416582763195,527778.875,NA,81.1454536362496
"FRK24",4.90005397796631,11.4092178344727,22.6551494598389,14.1205615997314,17.7550964355469,3.28449821472168,3.04300951957703,2.04134511947632,3.77332234382629,78.8009643554688,72.0135726928711,64.7961120605469,77.2022171020508,0.222623601555824,0.0788615569472313,0.0130816074088216,0.0206525325775146,0,0,0.46676579117775,0.195896700024605,1486109.375,NA,189.531267552054
"FRK25",5.50859832763672,12.0678243637085,23.0677757263184,14.5315504074097,17.5591773986816,2.17064762115479,2.45865249633789,2.29713726043701,3.19616770744324,83.0775146484375,71.9225845336914,64.4541091918945,79.8781509399414,0.282991915941238,0.125121712684631,0.000653386872727424,0.0144010884687304,0,1.25114862914444e-10,0.352791607379913,0.224040314555168,624009.5625,NA,129.510761552649
"FRK26",5.97512722015381,12.9318628311157,24.0624408721924,15.1995239257812,18.0873146057129,2.3093376159668,2.46539998054504,2.1247992515564,3.2330892086029,83.097297668457,70.6389083862305,62.070011138916,78.746223449707,0.35380282998085,0.0989475250244141,2.31929742078307e-09,0.0529373474419117,0,3.02649994909227e-13,0.331874549388885,0.16243776679039,1804931.75,NA,552.79618345098
"FRK27",1.56432449817657,7.4845781326294,18.4022312164307,10.5768165588379,16.8379058837891,3.50504755973816,3.13069152832031,2.30114722251892,3.32703280448914,75.7418975830078,74.6466903686523,70.2100296020508,77.940788269043,0.0847104415297508,0.100414223968983,0.0578319281339645,0.00880520511418581,1.61197643052555e-29,0,0.727336823940277,0,558586.0625,NA,89.3432354381593
"FRK28",3.18838310241699,9.80954074859619,20.4737453460693,12.2602167129517,17.2853622436523,4.82279634475708,4.23431348800659,2.86577296257019,4.15328073501587,79.1259613037109,74.8627014160156,71.7051620483398,79.4476699829102,0.152763903141022,0.0824819505214691,0.0215785559266806,0.0249587930738926,1.40411583710128e-28,0,0.64155787229538,0,1218728.5,NA,253.075243700899
"FRL01",5.31140613555908,10.8339242935181,22.3787612915039,14.1991062164307,17.0673561096191,2.50893425941467,2.01017832756042,1.1543173789978,3.06324791908264,71.4093627929688,66.9805603027344,58.457893371582,72.2266235351562,0.107488021254539,0.0821616053581238,0.0539737157523632,0.006322817876935,3.71949019707527e-30,0,0.74762374162674,0,273081.75,NA,39.0454745776849
"FRL02",2.03485321998596,7.51088285446167,18.9246845245361,10.9813222885132,16.8898296356201,2.62253499031067,2.24552369117737,1.46016931533813,3.08910655975342,72.4364166259766,71.4689407348633,63.0404090881348,73.9805679321289,0.10602094233036,0.0844543948769569,0.0651872083544731,0.00419542146846652,2.54921730987473e-32,0,0.733624875545502,0,160154.859375,NA,28.1713736031309
"FRL03",6.99577569961548,12.3318138122559,23.5130023956299,15.7621240615845,16.5172252655029,3.09719443321228,2.22010135650635,1.17573761940002,3.67564630508423,72.6962280273438,70.64013671875,66.3794479370117,75.3561096191406,0.04266107827425,0.0577054806053638,0.0564128831028938,0.0223619639873505,6.07352051386248e-30,0,0.655150949954987,0.0412513427436352,845257.125,NA,196.966131132979
"FRL04",9.92580032348633,16.1626167297363,27.8182582855225,18.9208106994629,17.8924579620361,2.14257168769836,1.43128085136414,0.653925120830536,3.01775407791138,73.718132019043,61.4398460388184,51.0954666137695,70.7036209106445,0.199805021286011,0.112757198512554,0.000193905056221411,0.0282015651464462,2.44734143451368e-30,0,0.238441735506058,0.35181912779808,855326.625,NA,163.036064257534
"FRL05",9.67531585693359,14.9373836517334,25.9404487609863,18.2648181915283,16.2651329040527,2.91075110435486,1.73514187335968,0.774292469024658,3.29353213310242,73.181396484375,66.4775085449219,59.3672180175781,72.9097900390625,0.0806658491492271,0.0613950416445732,0.00713352346792817,0.0177506916224957,2.90227918929886e-30,0,0.372042447328568,0.326777040958405,831506.5625,NA,137.89047560472
"FRL06",8.37766456604004,14.709041595459,26.5147399902344,17.4950160980225,18.1370754241943,2.32930040359497,1.70572149753571,0.869314849376678,3.32398390769958,74.8736343383789,62.4535255432129,50.7192993164062,71.2504425048828,0.267247676849365,0.110293865203857,0.00646400265395641,0.0197369623929262,2.58792510457824e-30,0,0.552783250808716,0.0359805151820183,533068.8125,NA,148.146871160256
"FRM01",10.3487958908081,14.667724609375,25.1892623901367,18.6793022155762,14.8404664993286,3.73614430427551,1.88243091106415,0.521523237228394,3.72897744178772,79.2483520507812,69.8963470458984,63.4216194152832,76.6977996826172,0.00921443477272987,0.0182599406689405,0.0116653107106686,0.00342178763821721,0,2.4746128757247e-11,0,0.635085761547089,94504.046875,NA,23.5966702353863
"FRM02",8.45928001403809,12.7260503768921,23.4813442230225,16.8091735839844,15.0220632553101,3.54119181632996,1.92186224460602,0.582790970802307,3.50231146812439,78.8547210693359,69.4326324462891,64.222785949707,77.1298751831055,0.029217541217804,0.0254560429602861,0.00528073171153665,0.00222347746603191,0,1.98541738605229e-11,0,0.849173903465271,47499.65625,NA,10.2673034037534
"HR031",4.7207293510437,12.2841186523438,23.7894134521484,14.6613807678223,19.0686855316162,4.14868879318237,3.58688735961914,2.17666578292847,5.41117477416992,83.1497573852539,73.577751159668,62.9230880737305,79.1344146728516,0.0300600379705429,0.0295809712260962,0.00239544454962015,0.00634800968691707,2.43598965633277e-24,0,0.776679813861847,0,110091.6015625,NA,31.1755941386717
"HR032",3.06040024757385,11.2358894348145,22.0898513793945,13.2641229629517,19.0294494628906,4.54263687133789,3.78666663169861,1.67285740375519,5.23002243041992,81.7890548706055,72.9704666137695,65.0307922363281,78.9662246704102,0.0928404629230499,0.0371977500617504,0.0185528062283993,0.0056043122895062,2.58962364756422e-20,0,0.811331033706665,0,94415.5625,NA,17.6545881677179
"HR033",4.77807378768921,12.7027006149292,23.6056537628174,14.8677883148193,18.8275814056396,3.67099332809448,2.91809916496277,1.18545722961426,4.09361505508423,77.5435562133789,69.9629669189453,60.9676322937012,74.6912231445312,0.114984519779682,0.0462384149432182,0.0496369488537312,0.00387615407817066,1.93008096758829e-31,0,0.653638958930969,0,63010.4453125,NA,18.0885893872628
"HR034",5.63220977783203,13.0823459625244,24.6178073883057,15.5407037734985,18.9855976104736,3.7526593208313,2.77677226066589,1.08216989040375,3.6910924911499,76.4499359130859,68.9766311645508,56.6426734924316,71.9984283447266,0.150099590420723,0.0986386239528656,0.0482106320559978,0.0138341803103685,3.87868995958482e-32,0,0.666992962360382,0,117459.546875,NA,39.0070352328362
"HR035",6.52086782455444,13.6257762908936,25.4697589874268,16.2714023590088,18.9488925933838,4.48647832870483,3.00215768814087,0.969134271144867,3.99264454841614,77.4523315429688,69.1565780639648,56.1891403198242,72.2933654785156,0.190188214182854,0.174806624650955,0.026441553607583,0.00878998823463917,0,0,0.516220331192017,0,170222.5,NA,38.0260312609859
"HR036",8.28982067108154,15.2059183120728,26.5668830871582,17.7520446777344,18.277063369751,3.42389130592346,2.82191038131714,1.7913726568222,4.52436971664429,75.9742050170898,70.5285720825195,62.5891075134277,74.2014007568359,0.117770671844482,0.0960130617022514,0.00153863348532468,0.0106004718691111,3.41405983574718e-24,0,0.553889691829681,0,115748.8984375,NA,42.0298040164957
"HR037",7.43812036514282,14.4047908782959,26.3597507476807,17.1151390075684,18.921630859375,6.04483604431152,3.97262215614319,0.866503834724426,4.92678499221802,76.4623260498047,69.1654663085938,57.484790802002,72.2886352539062,0.199836015701294,0.311647176742554,0.020361814647913,0.00655974401161075,2.90592247922005e-25,0,0.317780017852783,0,26940.400390625,NA,15.5690919179595
"HR041",5.36932420730591,14.9552726745605,25.8653087615967,15.9437103271484,20.4959850311279,2.32196927070618,2.85859680175781,2.53636002540588,3.43198013305664,82.6962051391602,69.8278350830078,61.1025199890137,76.4451599121094,0.213303789496422,0.056808453053236,2.90324151137611e-05,0.0337076559662819,6.85359204992264e-37,0,0.696151077747345,0,134842.984375,NA,223.583558816974
"HR042",5.27978181838989,14.8548641204834,25.782751083374,15.8708028793335,20.5029678344727,2.32046866416931,2.85304117202759,2.49498200416565,3.3966863155365,82.6375350952148,69.6792831420898,61.0490188598633,76.3626174926758,0.212135463953018,0.0585155859589577,3.7818947021151e-05,0.0284332130104303,1.39297326225545e-21,0.0494280308485031,0.622485101222992,0.0289324130862951,585430.25,NA,189.682336827047
"HR043",5.05531167984009,14.3732233047485,25.0667839050293,15.5075454711914,20.0114727020264,2.12571597099304,3.01049256324768,2.95830535888672,3.43875861167908,82.2814483642578,69.2045822143555,63.8532791137695,77.1288452148438,0.234066903591156,0.0653847977519035,3.79352513846243e-06,0.0165453068912029,1.27445550572331e-37,0.112486474215984,0.460886597633362,0.110626108944416,142688.15625,NA,112.707510331685
"HR044",5.45331287384033,15.0177116394043,25.7501068115234,15.9955644607544,20.2967948913574,1.94309329986572,2.63363337516785,2.60637474060059,3.06223630905151,82.3313522338867,68.0651702880859,62.3844337463379,76.3306198120117,0.250838667154312,0.0105857606977224,1.2491857548369e-09,0.0128979533910751,0,0.31666299700737,0.0440898798406124,0.364924699068069,110802.5234375,NA,89.0823604184916
"HR045",4.99645757675171,14.7893533706665,25.6389865875244,15.7164106369019,20.6425304412842,1.88642740249634,2.35705208778381,2.17690253257751,2.6156222820282,82.3272857666016,67.2672729492188,60.1330451965332,75.1549072265625,0.265535861253738,0.0124205350875854,0.000143159428262152,0.00851521734148264,0,0.226064562797546,0.0051269861869514,0.482166916131973,99781.3671875,NA,56.2042707442034
"HR046",5.26560592651367,14.9434833526611,25.6882305145264,15.8723411560059,20.4226245880127,1.86152565479279,2.45231795310974,2.42165851593018,2.81974196434021,82.3332595825195,67.6021499633789,61.5396347045898,75.8519592285156,0.257680475711823,0.00387910683639348,1.60639679336327e-08,0.0113822594285011,0,0.274411737918854,0.0390957146883011,0.413550645112991,57665.375,NA,78.0412848424987
"HR047",4.83346176147461,14.6041460037231,25.6729412078857,15.6797094345093,20.8394794464111,2.14638161659241,2.60444808006287,2.07357621192932,2.80680823326111,82.1724700927734,68.1246566772461,59.7872085571289,75.0654144287109,0.230388268828392,0.0527610257267952,0.000751873420085758,0.00793514586985111,0,0.428925544023514,0.00170391949359328,0.277359187602997,90365.0234375,NA,34.8800084345572
"HR048",4.725022315979,14.507381439209,25.7169990539551,15.6050691604614,20.9919757843018,2.05594611167908,2.42410945892334,1.92219221591949,2.41276621818542,82.7564086914062,68.1813430786133,59.5804595947266,75.1573715209961,0.266821533441544,0.0473031029105186,0.000747830199543387,0.00553764775395393,0,0.333488553762436,0,0.346101343631744,46833.3359375,NA,23.8927538825228
"HR049",5.14002227783203,14.5287036895752,26.120153427124,15.95725440979,20.9801292419434,2.22922587394714,2.58269119262695,1.80482602119446,2.58193707466125,82.4285583496094,68.9606857299805,58.7535514831543,74.6158142089844,0.256052672863007,0.0566170588135719,0.000850398151669651,0.00748114474117756,0,0.466157585382462,0.00883847288787365,0.204000130295753,64558.8203125,NA,35.2861542595681
"HR04A",5.25809812545776,14.6590023040771,26.3077659606934,16.1030750274658,21.0496692657471,2.21423816680908,2.5634343624115,1.75126159191132,2.5211672782898,82.3852310180664,68.7883224487305,58.1999588012695,74.3107452392578,0.272210896015167,0.0545474626123905,0.000651691691018641,0.00937997736036777,0,0.450513988733292,0,0.212695971131325,83143.453125,NA,41.3634377123401
"HR04B",5.03312397003174,14.9753980636597,26.4136180877686,16.1034259796143,21.3804950714111,1.84064245223999,2.1990532875061,1.65127003192902,2.01868319511414,82.8019027709961,67.3804092407227,57.3558311462402,73.696159362793,0.323413878679276,0.0354160778224468,0.00132017803844064,0.0139524564146996,0,0.253864645957947,0,0.372032761573792,231458.15625,NA,56.5000320187154
"HR04C",5.4545373916626,15.2064924240112,26.9699821472168,16.4951934814453,21.5154457092285,1.90147113800049,2.29011249542236,1.51797902584076,2.10266089439392,82.5148620605469,67.0595169067383,55.6958427429199,72.6365127563477,0.390809416770935,0.0430443100631237,0.000432140252087265,0.0125210164114833,0,0.213685035705566,0,0.339433372020721,149080.25,NA,62.6188192639501
"HR04D",4.19233226776123,13.1152420043945,24.3288116455078,14.6501636505127,20.1364784240723,3.57050323486328,3.64417314529419,2.25087404251099,4.52471542358398,84.1188507080078,73.0687789916992,62.9721908569336,79.3659896850586,0.109905287623405,0.0401726737618446,0.00121598155237734,0.0093932505697012,9.80898493840598e-20,0,0.838242709636688,0,168830.796875,NA,46.5280844521058
"HR04E",5.30590438842773,14.6433238983154,25.9116497039795,15.9420738220215,20.6057453155518,2.62566089630127,3.05251717567444,2.05373358726501,3.38269829750061,82.4509963989258,70.7914276123047,61.0892601013184,76.529411315918,0.17728216946125,0.0474326834082603,0.0018389627803117,0.0070241168141365,2.61365389059374e-20,0.0693037956953049,0.666620433330536,0.0304672457277775,205019.5,NA,45.9999417175052
"HU110",4.02784729003906,14.1435699462891,25.061056137085,14.8964195251465,21.0332088470459,1.5143826007843,1.67127811908722,1.58314287662506,1.43953776359558,83.7342529296875,66.3473968505859,57.3315849304199,73.0204544067383,0.330126523971558,0.000584066612645984,1.37446641019778e-05,0.0441266931593418,0,1.9415617202867e-07,0,0.624989807605743,245558.984375,NA,469.475401758191
"HU120",4.06260967254639,14.1766548156738,25.1017780303955,14.9271078109741,21.0391654968262,1.48273324966431,1.65852928161621,1.56899642944336,1.4380179643631,83.6590118408203,66.1116790771484,57.0703887939453,72.785888671875,0.382724940776825,0.00180546764750034,1.17232602860895e-05,0.0245890989899635,0,2.05946989240147e-07,0.00590397045016289,0.584734201431274,1724598.5,NA,270.454296436614
"HU211",4.40114688873291,14.4576396942139,25.4471321105957,15.2299757003784,21.0459861755371,1.48235428333282,1.72822189331055,1.65044486522675,1.53876626491547,83.6345901489258,67.1081314086914,58.7332725524902,73.9444885253906,0.454259037971497,0.000498135923407972,2.30493370168006e-07,0.0110756689682603,0,8.97497116625345e-08,0,0.521029233932495,439712.21875,NA,100.787879929225
"HU212",4.26851844787598,14.0616121292114,24.9236888885498,14.7851428985596,20.6551685333252,1.62141513824463,1.74537193775177,1.63132739067078,1.55627882480621,83.4608840942383,67.1688842773438,58.7671585083008,73.6882858276367,0.409561276435852,0.000875072146300226,8.19467823021114e-06,0.0134694995358586,0,3.57164230990747e-06,0,0.573468089103699,237289.46875,NA,105.739938517882
"HU213",4.72733354568481,14.4674291610718,25.3137950897217,15.213207244873,20.586462020874,1.60185825824738,1.96625328063965,1.95397984981537,1.86016535758972,83.2413024902344,67.3750610351562,59.7703285217285,74.9099578857422,0.386515825986862,0.00267428555525839,8.94994955160655e-05,0.0065492233261466,0,1.29207194277114e-07,0,0.577195584774017,238739.28125,NA,54.2504643560371
"HU221",4.94764757156372,14.4893369674683,25.1825981140137,15.1386852264404,20.2349491119385,1.42299616336823,1.88112533092499,1.92660903930664,1.72079730033875,81.775016784668,66.506103515625,58.2840461730957,73.6068954467773,0.471874475479126,0.00300900475122035,6.718652730342e-05,0.00881343521177769,0,0.00151676870882511,0,0.504544258117676,338359.875,NA,80.0794271758746
"HU222",4.78736686706543,14.2530241012573,24.7426528930664,14.9840602874756,19.955286026001,1.37285232543945,2.05733513832092,2.38899612426758,2.07686877250671,81.9961624145508,66.9822463989258,60.9293518066406,75.4811935424805,0.451258093118668,0.00288026407361031,3.24324059874925e-06,0.008788769133389,0,7.30299873907825e-08,0.118704415857792,0.418365180492401,217317.03125,NA,65.0109260791582
"HU223",4.92119979858398,14.7073783874512,25.4060707092285,15.4874534606934,20.4848709106445,1.5386917591095,2.05222487449646,2.22730422019958,2.18005204200745,82.3699111938477,66.6524200439453,60.5304679870605,75.0951919555664,0.321090430021286,0.00341165484860539,7.14346315362491e-05,0.00665548909455538,0,0.0246785450726748,0.0313055478036404,0.595695078372955,183429.1875,NA,48.6594776881473
"HU231",4.68277978897095,14.7354736328125,25.8923416137695,15.6909437179565,21.2095603942871,1.79326450824738,2.13913798332214,1.82660830020905,1.97480654716492,83.0296630859375,67.1129989624023,58.7894515991211,74.3052749633789,0.376539498567581,0.0171448718756437,0.000374846043996513,0.010476965457201,0,0.0971467420458794,0,0.498317062854767,290294.75,NA,64.9213583213324
"HU232",4.74010848999023,14.7130355834961,25.6424713134766,15.5610103607178,20.9023609161377,1.73562479019165,2.07845258712769,1.96969676017761,2.05397844314575,82.9762268066406,66.8060760498047,59.2493209838867,74.5276794433594,0.371897310018539,0.00454842718318105,9.95879527181387e-05,0.00526231760159135,0,0.0158197619020939,0,0.560917258262634,239006,NA,39.330760936794
"HU233",4.46566009521484,14.6355113983154,25.6668128967285,15.4917640686035,21.2011547088623,1.5532613992691,1.84904932975769,1.77732574939728,1.6945892572403,83.2977447509766,66.7735595703125,59.1054725646973,73.9845275878906,0.480812340974808,0.000473268184578046,3.9442775232601e-06,0.00741756381466985,0,5.58430848229818e-08,0,0.498930603265762,237606.484375,NA,64.4614730900478
"HU311",3.61974620819092,13.6235303878784,24.0610733032227,14.2719011306763,20.4413242340088,1.43592083454132,1.98403775691986,1.68596291542053,1.47904455661774,83.1403045654297,66.2427825927734,57.7509117126465,72.6902160644531,0.330030202865601,0.0273091625422239,0.000171342209796421,0.0109269125387073,4.0608003359921e-07,4.66322780994233e-05,0.470339804887772,0.158969402313232,585240.875,NA,80.526729389813
"HU312",3.85613298416138,13.8993625640869,24.6162147521973,14.6506280899048,20.7600841522217,1.47635698318481,1.77605628967285,1.55782186985016,1.51099383831024,83.5911712646484,66.0597076416016,57.5153923034668,72.7025985717773,0.391143769025803,0.0201975405216217,6.96848383086035e-06,0.00724882492795587,0,7.91549084055987e-08,0.0983706414699554,0.481781363487244,255178.6875,NA,70.7227388223978
"HU313",3.30435800552368,13.2209625244141,23.8401298522949,14.03782081604,20.5357723236084,1.66856169700623,1.85035419464111,1.63560116291046,1.58118808269501,84.2832489013672,68.1464157104492,60.9271926879883,74.9365234375,0.311212331056595,0.0324456430971622,1.69161212397739e-05,0.0223369561135769,0,8.53827017976982e-08,0.29553410410881,0.338453948497772,515062.71875,NA,204.928687009928
"HU321",4.54562091827393,14.7086801528931,25.4149017333984,15.2888269424438,20.8692817687988,1.44651782512665,1.83381235599518,1.54548728466034,1.36414635181427,82.946418762207,65.047477722168,54.874210357666,70.781608581543,0.455107152462006,0.026944775134325,0.000932857685256749,0.00765928067266941,0,0.0197399351745844,0,0.489184856414795,598208.375,NA,96.9729945363247
"HU322",4.452552318573,14.6997356414795,25.5849056243896,15.3989667892456,21.1323528289795,1.33803427219391,1.60662090778351,1.48039793968201,1.39090800285339,83.3535690307617,64.7102813720703,54.6038513183594,71.0840911865234,0.505938172340393,0.0189679060131311,0.000840736727695912,0.00491490913555026,0,3.08011323113533e-08,0,0.467413544654846,304850.34375,NA,54.9268483038964
"HU323",4.27963399887085,14.3834028244019,24.9077796936035,14.9128570556641,20.6281452178955,1.63106453418732,2.02743983268738,1.55530846118927,1.43288016319275,82.5518188476562,65.9244995117188,56.1815948486328,70.7896728515625,0.408469408750534,0.08560611307621,9.61115656537004e-05,0.0103205582126975,1.08618842205033e-05,0.0253073833882809,0.118007898330688,0.3521688580513,511912,NA,86.2321132326453
"HU331",4.59141874313354,14.8530340194702,25.9815616607666,15.6866874694824,21.3901424407959,1.45976889133453,1.69782269001007,1.56226313114166,1.49673712253571,83.3279266357422,65.6034927368164,56.597038269043,73.0529479980469,0.467676907777786,0.00156986596994102,0.00015693593013566,0.00642578350380063,0,0.00486148847267032,0,0.519304692745209,535760.375,NA,63.5889699570592
"HU332",4.83954381942749,14.9553842544556,26.0625495910645,15.7135124206543,21.2230052947998,1.39772880077362,1.74659705162048,1.44318318367004,1.47586810588837,83.5437393188477,65.8139038085938,55.6872634887695,71.8693237304688,0.545642197132111,0.0229391697794199,0.00179821078199893,0.00485109677538276,0,0.0127237997949123,0,0.411852091550827,267835.90625,NA,47.3317015469577
"HU333",4.94052219390869,15.1454429626465,26.4267520904541,16.0024471282959,21.4862308502197,1.39109945297241,1.64934599399567,1.3901025056839,1.459641456604,83.4318466186523,65.3968963623047,54.9594688415527,72.0943298339844,0.540844976902008,0.0186964105814695,0.00124279945157468,0.00708572426810861,0,0.00611841306090355,0,0.426011711359024,320899.15625,NA,75.5494720281486
"IEG11582",7.52809572219849,10.6507301330566,17.7943000793457,13.2594633102417,10.2662029266357,3.56932020187378,2.23445320129395,2.35032033920288,3.69111204147339,87.7610855102539,80.5385208129883,79.6276245117188,86.7153015136719,0.348139196634293,0.623627066612244,5.5243671859273e-09,0.0129238218069077,0,0,0.000641559367068112,0.00635969266295433,66177.578125,NA,73.3858868726192
"IEG11583",6.9417314529419,10.4928941726685,17.4506568908691,12.7222061157227,10.5089244842529,3.92613530158997,2.59214210510254,2.81226873397827,3.99045705795288,88.0649108886719,80.9400177001953,81.1419830322266,87.0626983642578,0.0850620195269585,0.795522093772888,0.0240274593234062,0.00560661032795906,1.8586574404675e-14,0,0.081316351890564,0,100791.2109375,NA,53.0230840424858
"IEG11584",7.67180252075195,10.9706382751465,17.7919139862061,13.3831024169922,10.1201114654541,4.82932662963867,2.6789538860321,2.9109320640564,4.71111106872559,87.0731964111328,80.8665161132812,82.1054077148438,86.5173645019531,0.105862282216549,0.692159652709961,0.00168320944067091,0.0119437398388982,1.78800366439774e-12,0,0.101963646709919,0,199055.46875,NA,61.6488873282994
"IEG11585",7.90642690658569,10.7547912597656,17.6164894104004,13.4584789276123,9.71006202697754,5.60640525817871,3.056236743927,3.00875377655029,5.17839479446411,87.941520690918,82.494384765625,82.9893417358398,87.5469741821289,0.140699341893196,0.621214091777802,0.0237705782055855,0.00485096219927073,1.32026496939969e-13,0,0.132183834910393,0,287620.21875,NA,39.3567743765432
"IEG11586",6.77345132827759,9.88018989562988,16.4300537109375,12.3884344100952,9.65660190582275,5.05065631866455,3.14501667022705,3.44364237785339,5.15334510803223,86.1888046264648,81.0761566162109,83.5002212524414,85.9874496459961,0.0797296762466431,0.405615389347076,0.0678494572639465,0.00369591941125691,1.60536883943687e-14,0,0.203095272183418,0.0277395434677601,153860.984375,NA,31.8552587574075
"IEG11587",7.54796457290649,10.6077175140381,17.7850875854492,13.3234634399414,10.2371234893799,3.70915579795837,2.43497109413147,2.44754004478455,3.85120725631714,86.4388809204102,80.777473449707,80.2898406982422,85.819580078125,0.133669972419739,0.520444452762604,4.81606843294458e-09,0.15292926132679,0,0,0.0175966210663319,0,726462.375,NA,783.426708965502
"IEG11588",7.45371007919312,10.799840927124,17.5659942626953,13.0975542068481,10.112283706665,4.6175971031189,2.70445322990417,2.92165613174438,4.70103788375854,87.3758239746094,80.6603469848633,81.9241943359375,86.6357192993164,0.12465363740921,0.650986015796661,0.0111824860796332,0.00849914830178022,9.54116546512083e-14,0,0.130343154072762,0,236035.390625,NA,40.0823760805833
"IEG11589",8.0343017578125,10.7651386260986,17.3396053314209,13.5066118240356,9.30530452728271,6.30475091934204,3.47238612174988,3.4287760257721,5.93510389328003,87.4520645141602,82.3876953125,84.0561904907227,87.3835678100586,0.101253502070904,0.556194186210632,0.0310184191912413,0.00425313599407673,1.49670195941781e-12,0,0.16255946457386,0,124454.734375,NA,33.2911320259819
"IEG11590",7.59544515609741,10.9650115966797,18.0981178283691,13.3627882003784,10.5026741027832,3.20858883857727,2.11556172370911,2.37960386276245,3.42657256126404,87.4764862060547,79.8629379272461,78.9710540771484,86.2915954589844,0.225981861352921,0.729925215244293,5.20679366289301e-09,0.032906286418438,0,0,0.00927950441837311,0.000780678237788379,244297.640625,NA,144.982847607712
"IEG11591",7.54079675674438,10.7624950408936,17.9049243927002,13.1722211837769,10.3641271591187,3.47125506401062,2.17456483840942,2.33635210990906,3.6583206653595,87.640251159668,80.9580841064453,80.1701354980469,86.6126251220703,0.158026739954948,0.72879421710968,4.14867118436746e-09,0.00847608502954245,2.48606948287204e-14,0,0.00687215710058808,0.000190990249393508,125324.7890625,NA,60.4839456825879
"IEG11592",7.40522766113281,10.7723197937012,17.8956089019775,13.0643472671509,10.490382194519,3.27246332168579,2.11242914199829,2.3669056892395,3.47553205490112,88.0435791015625,80.4474945068359,79.7190475463867,86.78076171875,0.159835189580917,0.820090234279633,5.61553115119295e-09,0.00878021772950888,2.99818966854014e-14,0,0.0103040440008044,0.000271100288955495,107936.9140625,NA,63.2785858631766
"IEG11593",6.67993688583374,10.1946411132812,17.0037136077881,12.4701843261719,10.3237752914429,4.40074682235718,2.81963443756104,3.02773714065552,4.46849632263184,88.2608795166016,81.3673782348633,82.688591003418,87.5546951293945,0.15693411231041,0.611259937286377,0.0513563677668571,0.00263847573660314,1.78376736124919e-13,0,0.145822897553444,0,60045.51171875,NA,37.5126016049391
"IEG11594",7.67043542861938,10.8733959197998,17.814962387085,13.3531217575073,10.1445255279541,4.76111507415771,2.68147420883179,2.7518572807312,4.56285762786865,88.2477493286133,81.7240982055664,82.0064468383789,87.4759063720703,0.1175806671381,0.75609278678894,0.00260772299952805,0.00811458472162485,4.96912840736163e-13,0,0.0980191752314568,0,157347.53125,NA,58.5120932940626
"IEG11595",7.24501657485962,10.7460374832153,17.7322483062744,12.9882555007935,10.4872312545776,3.66626405715942,2.33477878570557,2.60227632522583,3.83403778076172,88.2258529663086,80.7586059570312,80.855094909668,87.0639953613281,0.0931390598416328,0.879686832427979,1.67229996517193e-09,0.00333012919872999,3.31834847143789e-13,0,0.0119399847462773,0,45019.33984375,NA,41.8230971809003
"IEG11596",7.08036231994629,10.5578575134277,17.6378364562988,12.8985137939453,10.5574750900269,3.19752478599548,2.28553366661072,2.58827877044678,3.50428533554077,86.6839141845703,80.2200622558594,80.0819396972656,85.8984909057617,0.135485574603081,0.757092177867889,4.6356349869825e-09,0.0164143983274698,0,0,0.0766164362430573,0,57551.6640625,NA,69.031948745517
"IEG11597",7.40057182312012,10.4819993972778,16.8475131988525,12.9176244735718,9.44693946838379,5.24469137191772,3.06327605247498,3.0957019329071,5.24346351623535,85.8002853393555,80.9842224121094,84.2340545654297,86.0309371948242,0.14605501294136,0.432203948497772,0.040299441665411,0.00422393810003996,8.2561243269514e-14,0,0.17385271191597,0,123841.171875,NA,22.8911284063374
"IEG11598",7.42185163497925,10.8980674743652,17.9979000091553,13.2037868499756,10.5760478973389,3.16056561470032,2.1566174030304,2.48946905136108,3.44724488258362,87.1598892211914,79.8860092163086,79.2196884155273,86.0449371337891,0.201193079352379,0.759418070316315,8.53229398245503e-09,0.0228231642395258,0,0,0.00823247246444225,0,292171.25,NA,125.792648467654
"IEG11599",6.83010482788086,10.4273643493652,17.4137172698975,12.6327486038208,10.5836124420166,3.43307733535767,2.44277715682983,2.66318106651306,3.59619951248169,87.7620239257812,80.8025817871094,80.9333190917969,86.8354187011719,0.0586559399962425,0.827512741088867,8.00798982680817e-09,0.00657521560788155,9.3562886182337e-27,0,0.107256107032299,0,85087.4375,NA,66.7460325535181
"IEG11600",8.19158172607422,10.6719455718994,17.1229934692383,13.5330190658569,8.93141078948975,7.4946756362915,4.1052098274231,4.03850936889648,7.08664751052856,87.3557510375977,82.8639526367188,84.8541717529297,87.5507354736328,0.100664250552654,0.242771849036217,0.118578121066093,0.000900775310583413,5.48913941644108e-14,0,0.288667678833008,0,0.880484163761139,NA,9.69654188241577
"IEG11601",7.48605823516846,10.8834218978882,17.9300651550293,13.118371963501,10.4440069198608,3.26092910766602,2.10515689849854,2.45360326766968,3.48951244354248,87.7596817016602,79.960090637207,79.4965057373047,86.4453964233398,0.134202286601067,0.834839582443237,4.02244060282442e-09,0.0101373698562384,1.25914547749939e-14,0,0.0170032773166895,0,122633.515625,NA,61.4380933352578
"IEG11602",7.22556924819946,10.6766328811646,17.5298004150391,12.9142436981201,10.3042316436768,4.04285907745361,2.49297595024109,2.70423984527588,4.16982412338257,88.18994140625,80.8979034423828,81.6763000488281,87.1584548950195,0.118650026619434,0.768396735191345,0.00329075031913817,0.00428889226168394,3.98395265345172e-13,0,0.0998275056481361,0,83945.171875,NA,33.1617707114527
"IEG11603",6.9298415184021,10.2951917648315,16.8707656860352,12.6185998916626,9.94092464447021,4.36980628967285,2.73019790649414,2.8813967704773,4.47042417526245,86.8829956054688,81.1348571777344,83.731803894043,86.7530059814453,0.111666202545166,0.440299898386002,0.0443214029073715,0.00185710261575878,8.6613442112915e-14,0,0.154182195663452,0,49492.015625,NA,26.6305333038526
"IEG11604",7.42505359649658,10.6525363922119,17.7650775909424,13.052619934082,10.3400239944458,4.07779550552368,2.43099188804626,2.56326961517334,4.08333921432495,88.5666656494141,81.4885864257812,80.94091796875,87.4204711914062,0.12200054526329,0.799371004104614,0.00231520179659128,0.0044225244782865,5.07570263488626e-14,0,0.053344938904047,0,177322.984375,NA,41.4171053911919
"IEG11605",7.61109066009521,10.6818075180054,17.8057308197021,13.1970529556274,10.1946392059326,4.10300064086914,2.43033361434937,2.49157619476318,4.14531850814819,87.3771286010742,81.5278854370117,80.767707824707,86.5557250976562,0.15311174094677,0.70978593826294,0.0010575536871329,0.00795831065624952,1.47251477097864e-14,0,0.014533331617713,0,92197.0234375,NA,50.3612703927359
"IEG11606",7.37429332733154,10.8679084777832,17.8738288879395,13.0779733657837,10.4995346069336,3.36352324485779,2.2014274597168,2.55092883110046,3.5860607624054,87.8014373779297,80.2605514526367,79.9508514404297,86.5790328979492,0.0989084616303444,0.875513911247253,8.24346813033117e-09,0.00867550354450941,4.76258945204377e-14,0,0.0119360843673348,0,108705.5390625,NA,60.1098793903487
"IEG11607",8.13867092132568,10.9831924438477,18.0080642700195,13.8052492141724,9.86939334869385,3.78565907478333,2.28288078308105,2.42643594741821,3.87994956970215,85.7806854248047,80.7553176879883,80.5262451171875,85.2418365478516,0.244762048125267,0.468888491392136,0.00129503116477281,0.00707209389656782,6.44846645965842e-17,0,0.00449273688718677,0.00133605091832578,104446.3828125,NA,44.6654559673209
"IEG11608",7.73661041259766,10.7518472671509,17.8682632446289,13.4908466339111,10.1316518783569,3.71443033218384,2.38293123245239,2.4773371219635,3.91403770446777,86.8326721191406,80.7416687011719,80.1208648681641,86.1151657104492,0.199881225824356,0.567216277122498,0.00160350138321519,0.0638581663370132,0,0,0.0105251083150506,0.00125426170416176,837697.75,NA,414.416873285701
"ITC11",4.04484844207764,11.0104331970215,22.0939483642578,13.421537399292,18.0491008758545,1.63093388080597,2.6723358631134,1.94803178310394,2.61860752105713,72.682014465332,70.4845199584961,64.9703979492188,75.64306640625,0.169004052877426,0.130330964922905,0.0591224692761898,0.0428561642765999,2.47729696518732e-28,0,0.589039206504822,0,1877207.75,NA,274.154800947238
"ITC12",5.71396780014038,13.924617767334,24.9844455718994,15.4296674728394,19.2704772949219,1.8836612701416,3.0850932598114,2.33162713050842,3.37844157218933,77.1107025146484,69.1062622070312,63.8747062683105,76.580810546875,0.262216985225677,0.103415951132774,0.0141513664275408,0.0181456077843904,0,0,0.590806424617767,0,187888.640625,NA,91.9997999111472
"ITC13",4.48106908798218,12.1519165039062,22.9792671203613,13.9040050506592,18.4981994628906,2.00779867172241,3.49510931968689,2.73522305488586,3.72621488571167,74.8326721191406,69.7562255859375,66.6808929443359,76.6192626953125,0.13574780523777,0.115345723927021,0.027240164577961,0.0217842143028975,0,0,0.678895592689514,0,87278.203125,NA,96.9729504495808
"ITC14",1.5800873041153,7.77169513702393,18.1124897003174,10.2561645507812,16.5324039459229,3.6034677028656,5.87177276611328,3.93660473823547,5.84059238433838,76.6135711669922,72.6333999633789,70.9748687744141,79.454231262207,0.047652292996645,0.102655500173569,0.115760184824467,0.0168427396565676,5.58707795249327e-21,0,0.685341417789459,0,220993.875,NA,98.5279314983982
"ITC15",6.41094923019409,14.6724052429199,25.9396514892578,16.0195693969727,19.5287036895752,2.32809257507324,3.36942100524902,2.31606864929199,4.04826831817627,78.7265396118164,67.412467956543,60.6731376647949,76.3949508666992,0.227705016732216,0.0728979706764221,0.00446351710706949,0.0385134406387806,2.5773773355306e-20,0,0.63182532787323,0,422990,NA,311.130403973175
"ITC16",5.8511962890625,12.5177631378174,23.7549800872803,15.2378377914429,17.9037837982178,1.96072959899902,2.40258288383484,1.4433741569519,2.92959427833557,75.0183944702148,70.917854309082,65.8738021850586,76.5476379394531,0.188341557979584,0.120218977332115,0.0726779624819756,0.0130125759169459,0,0,0.439863979816437,0.152833268046379,559744.875,NA,81.8445403317989
"ITC17",7.25407123565674,15.7448959350586,27.106840133667,17.3452167510986,19.8527679443359,1.57709264755249,2.0537383556366,1.22259068489075,2.66602993011475,80.7172775268555,69.8062057495117,61.3071899414062,77.2657852172852,0.316184371709824,0.132937073707581,1.10461828572994e-09,0.0290425140410662,0,0,0.521636188030243,0,197747.375,NA,129.353406748919
"ITC18",7.29255485534668,15.1033039093018,26.5216732025146,16.9515628814697,19.2291202545166,2.38974404335022,2.00799465179443,1.07302927970886,3.46828460693359,81.3351440429688,68.4477386474609,58.9108428955078,77.1051864624023,0.300364762544632,0.0970933362841606,0.000561019871383905,0.0206858906894922,0,0,0.580272078514099,0,385189.90625,NA,108.67978437962
"ITC20",-0.592872202396393,4.86471605300903,15.4417810440063,8.08457660675049,16.0346546173096,2.91042351722717,3.2074921131134,2.43028402328491,3.06055784225464,72.5811538696289,73.7189712524414,70.1594467163086,77.4139556884766,0.042965404689312,0.178366020321846,0.0881460383534431,0.00809944048523903,1.0848080056789e-26,0,0.605409383773804,0,99823.640625,NA,30.8123010370015
"ITC31",6.1108250617981,12.261549949646,23.3471908569336,15.2747011184692,17.2363662719727,2.21554231643677,2.33813047409058,1.3384096622467,3.22574281692505,76.0974578857422,72.0871963500977,68.9680709838867,77.8055267333984,0.126287445425987,0.139338135719299,0.0675565972924232,0.0112608345225453,0,0,0.0301143452525139,0.615457236766815,22209.2421875,NA,19.170154774655
"ITC32",8.28091335296631,14.8714399337769,25.7752361297607,17.5710182189941,17.4943237304688,2.41826319694519,2.06555533409119,0.839206218719482,3.24006366729736,76.8299407958984,73.4522933959961,71.1793060302734,78.4326324462891,0.0219697877764702,0.0765709578990936,3.9431186451111e-05,0.0183261856436729,0,0,0.664845168590546,0.000359221216058359,110625.46875,NA,71.3809641804907
"ITC33",6.42839050292969,13.4717874526978,24.8947734832764,15.7559223175049,18.466381072998,3.0133855342865,2.09369421005249,0.955004990100861,4.0922999382019,81.3039016723633,68.7135009765625,59.4112358093262,77.8278884887695,0.187772020697594,0.0922505706548691,0.00309214438311756,0.0134557969868183,0,0,0.69169008731842,0,52146.15625,NA,28.0723526377193
"ITC34",8.38172626495361,14.367301940918,25.3833923339844,17.3045425415039,17.0016651153564,4.75681304931641,2.85539984703064,0.983758747577667,5.39185190200806,78.9690399169922,73.1949005126953,68.5324554443359,79.504638671875,0.018727594986558,0.0537267960608006,0.00177324807737023,0.0177650116384029,0,0,0.647508263587952,0.0286154728382826,82490.1953125,NA,95.2357142653313
"ITC41",6.19453763961792,14.2186527252197,25.2552738189697,15.4781522750854,19.060733795166,2.77593851089478,4.18908643722534,2.85998773574829,5.06189346313477,78.8478012084961,66.9475326538086,61.4507064819336,77.1207122802734,0.108890719711781,0.0623794347047806,0.0094334539026022,0.066435880959034,6.99455007933861e-20,0,0.687117516994476,0,696735.8125,NA,588.787102227193
"ITC42",4.54207277297974,11.652660369873,22.4462127685547,13.4143218994141,17.9041404724121,2.81249284744263,4.08014965057373,3.16615200042725,5.08547735214233,77.6411666870117,68.6002655029297,63.0220069885254,77.8347473144531,0.0603221580386162,0.0803680792450905,0.0452689714729786,0.144011482596397,6.33371669966035e-21,0,0.625117242336273,0,946939.375,NA,741.872123165019
"ITC43",5.08743143081665,12.4580821990967,23.3515644073486,14.0672340393066,18.2641334533691,2.74079155921936,3.89841938018799,2.97982454299927,4.9468822479248,77.5821380615234,68.2992095947266,62.2102699279785,77.5936813354492,0.0624920055270195,0.0717117637395859,0.0350092984735966,0.178003758192062,1.94633343881107e-27,0,0.609675824642181,0,709425.9375,NA,887.544164147553
"ITC44",-1.50982391834259,2.93555068969727,13.1423645019531,6.38210010528564,14.6521883010864,2.92553544044495,4.04203224182129,3.50319457054138,4.64653587341309,75.2142562866211,72.6129455566406,70.2989349365234,78.9419555664062,0.0213065966963768,0.160717412829399,0.159583434462547,0.00670402590185404,7.79133757221571e-26,0,0.623100578784943,0,119722.9609375,NA,37.3893472824161
"ITC46",4.31397390365601,11.9336185455322,23.1436748504639,13.5979480743408,18.8297004699707,2.5627760887146,3.44704556465149,2.49012684822083,4.15847206115723,76.4479446411133,70.6522216796875,64.0768661499023,78.2085418701172,0.129780113697052,0.10536152869463,0.022540345788002,0.0667875185608864,1.51519071700766e-26,0,0.668578207492828,0,1180085,NA,427.348939113252
"ITC47",3.35159587860107,10.9329700469971,22.3620567321777,12.8431367874146,19.0104598999023,2.58901262283325,3.13813281059265,2.38818454742432,3.76719903945923,78.6695022583008,70.7166213989258,62.7854423522949,78.0144348144531,0.152800470590591,0.105185389518738,0.0359863787889481,0.0318052470684052,3.56554895417751e-34,0,0.646281778812408,0,998948.75,NA,210.373335903425
"ITC48",6.98416614532471,15.2476215362549,27.2064228057861,16.8317451477051,20.2222557067871,2.40839624404907,2.18664908409119,1.18753778934479,3.35704970359802,82.093376159668,66.5616760253906,54.1899566650391,76.1522598266602,0.361047595739365,0.0705264285206795,0.00110994570422918,0.0499239936470985,0,0,0.514659643173218,0,1255170.5,NA,419.459975533161
"ITC49",7.20942974090576,16.2268123626709,28.6282997131348,17.499885559082,21.4188690185547,2.35330057144165,2.08328175544739,1.2899706363678,3.01166272163391,82.9035263061523,66.458625793457,52.5544815063477,76.2446441650391,0.424376279115677,0.0895801931619644,1.32264366126122e-09,0.0598914362490177,0,0,0.421987593173981,0,348885.8125,NA,442.835750439843
"ITC4A",6.88035345077515,16.289981842041,28.8636589050293,17.5095329284668,21.983304977417,2.42830610275269,2.10601115226746,1.33597016334534,2.94841241836548,83.3436126708984,67.0842971801758,52.8700981140137,76.4208145141602,0.430559605360031,0.0873355120420456,8.50257401907584e-06,0.02844662591815,3.18214356373507e-35,2.86913617338877e-17,0.430432140827179,0.0197853241115808,381721.59375,NA,215.455842573728
"ITC4B",6.37786960601807,16.1874485015869,28.7725925445557,17.3868427276611,22.3947219848633,2.12859439849854,2.02076244354248,1.27997255325317,2.5649037361145,83.0180435180664,67.5618438720703,52.5166244506836,75.4379806518555,0.369920402765274,0.0792454332113266,0.00197529676370323,0.0382902100682259,7.39376322307221e-33,6.63318945620356e-18,0.398013681173325,0.0888490974903107,637663,NA,275.626775870049
"ITC4C",7.08624362945557,15.5827531814575,27.3580322265625,16.8578052520752,20.2717895507812,2.371248960495,2.73251628875732,1.75741410255432,3.72390127182007,80.7584533691406,66.3106842041016,55.3922309875488,76.1229019165039,0.287664949893951,0.0599308609962463,0.00119684543460608,0.114449881017208,1.12579410615438e-20,0,0.513323903083801,0,1203406.125,NA,776.906225206076
"ITC4D",6.74109363555908,14.8883762359619,26.041675567627,16.0378150939941,19.3005809783936,2.57607007026672,3.53008961677551,2.53541612625122,4.67160415649414,77.8783264160156,67.0862121582031,59.8579521179199,76.8696975708008,0.0739895403385162,0.0472259521484375,0.00403444236144423,0.242508009076118,4.93038065763132e-32,0,0.586485803127289,0,469531.8125,NA,1197.07383665868
"ITF11",6.80680179595947,12.7983732223511,25.3603115081787,16.6565494537354,18.5535087585449,2.93948125839233,1.80385744571686,0.873996257781982,2.89999461174011,80.9363327026367,72.8827209472656,60.256591796875,75.9052886962891,0.141734391450882,0.125258937478065,0.00403844332322478,0.0138049703091383,0,5.52015056318948e-15,0.410464644432068,0.301628679037094,302271.5625,NA,59.435303576773
"ITF12",6.98649597167969,13.3928623199463,25.8825645446777,16.9681148529053,18.896068572998,2.45258212089539,1.66879236698151,0.991263568401337,2.54150462150574,79.6840286254883,71.7263336181641,61.8298034667969,75.6390533447266,0.296848446130753,0.0779779255390167,0.0014260692987591,0.0221645571291447,0,1.49134669038231e-16,0.000480148097267374,0.533751428127289,233479.109375,NA,121.009849046123
"ITF13",6.97419881820679,13.1062078475952,25.4451789855957,16.8738384246826,18.4709796905518,2.6153085231781,1.6689612865448,0.872648596763611,2.67025661468506,80.4422912597656,71.7928466796875,60.298713684082,75.3410339355469,0.237851470708847,0.096938282251358,0.00382923986762762,0.0191777031868696,0,0,0,0.583878755569458,130778.4921875,NA,108.098631101188
"ITF14",8.33067798614502,14.4956207275391,26.5957698822021,18.1689300537109,18.2650909423828,2.58152174949646,1.67407286167145,0.836344838142395,2.67129564285278,79.3343353271484,71.0502243041992,60.7786293029785,75.0136184692383,0.286043494939804,0.105592235922813,1.22479271169595e-09,0.02506447955966,0,2.49470374913408e-11,0,0.495975732803345,296419.8125,NA,113.361753758255
"ITF21",7.0051999092102,13.0452671051025,25.7197608947754,16.9015998840332,18.7145614624023,3.09447622299194,1.93060898780823,0.904150724411011,2.90602803230286,80.9551086425781,73.4021530151367,63.0804862976074,76.8815002441406,0.141679599881172,0.144427344202995,3.00577540635061e-09,0.00937686488032341,0,1.37970125775599e-12,0.00705078197643161,0.696052074432373,77724.1640625,NA,51.6354250363724
"ITF22",9.18659114837646,15.2033195495605,27.5685882568359,18.9996795654297,18.3819980621338,2.46827673912048,1.58627414703369,0.706217586994171,2.25006699562073,79.243782043457,69.6512908935547,57.4624786376953,73.5720672607422,0.369931876659393,0.131103873252869,1.19213809739449e-05,0.0125297233462334,0,1.56556781427675e-10,0,0.46405041217804,197218.375,NA,66.8095758693014
"ITF31",10.1765995025635,15.9662885665894,27.5471515655518,19.6306400299072,17.3705520629883,3.67631435394287,2.03835105895996,0.777357280254364,3.18503785133362,79.6658477783203,74.0952453613281,68.1046676635742,77.4866027832031,0.262593775987625,0.111893571913242,6.68578803431075e-10,0.0252688266336918,0,5.77528927458992e-11,0,0.518366873264313,507955.875,NA,189.664117129871
"ITF32",9.44438743591309,15.4216833114624,27.4891128540039,19.1602401733398,18.0447254180908,3.14807343482971,2.03484320640564,0.834423542022705,2.61334371566772,81.556037902832,71.7313842773438,60.3013763427734,75.8980560302734,0.365610092878342,0.111756041646004,1.941437455244e-09,0.0183796416968107,0,0,0,0.504229962825775,221592.171875,NA,107.247569849956
"ITF33",9.7529182434082,15.2213916778564,26.8109092712402,19.1159763336182,17.057991027832,3.46608686447144,2.12518930435181,0.712643980979919,3.01426267623901,77.8576965332031,72.1720657348633,65.9182510375977,74.7781982421875,0.0974689796566963,0.0552146136760712,5.25813038942946e-11,0.125130712985992,0,0,0,0.505274057388306,114462.3984375,NA,95.9298869941
"ITF34",8.83918476104736,14.6723480224609,26.6813812255859,18.4929389953613,17.8421955108643,2.81646347045898,1.82874619960785,0.703779757022858,2.46702003479004,79.9602203369141,70.4169464111328,59.4872360229492,74.145263671875,0.295788079500198,0.103322856128216,1.02088881792639e-09,0.0397339761257172,0,0,0,0.503881514072418,447000.375,NA,162.03947028133
"ITF35",9.04163455963135,14.5743350982666,26.2133769989014,18.5254669189453,17.1717433929443,3.24228882789612,1.87680077552795,0.621159136295319,2.77556490898132,80.2797546386719,72.0081481933594,64.4621810913086,75.7532958984375,0.15202958881855,0.105477772653103,0.000879198894836009,0.0280315820127726,0,1.70311834080117e-10,0,0.595561861991882,607114,NA,122.831519245528
"ITF43",10.7591190338135,16.7086048126221,28.2608585357666,20.4400672912598,17.5017395019531,1.97497630119324,1.53227698802948,0.540367066860199,2.25284886360168,77.8456649780273,67.0182342529297,56.3966941833496,73.0321807861328,0.322570741176605,0.289172768592834,2.28888397124649e-09,0.0222092270851135,0,2.53755956753236e-16,0,0.295823156833649,225651.21875,NA,92.0664281607045
"ITF44",10.9586391448975,16.8506126403809,28.2966842651367,20.5935726165771,17.3380451202393,1.98894286155701,1.54150092601776,0.53249204158783,2.34987139701843,77.7989120483398,67.7577896118164,58.126091003418,73.7196807861328,0.289019674062729,0.273578464984894,1.54218541865703e-05,0.0270920861512423,0,0,0,0.299506962299347,54250.33984375,NA,29.7763901142301
"ITF45",12.3531694412231,17.4878368377686,28.1179103851318,21.3384227752686,15.7647409439087,2.2802460193634,1.63450121879578,0.447882413864136,3.41838479042053,76.0671005249023,71.0942687988281,64.7114791870117,74.8720550537109,0.204932078719139,0.129797071218491,0.000587766757234931,0.0425280705094337,0,0,0,0.408605009317398,402323.40625,NA,146.147771300847
"ITF46",10.1781587600708,16.2305889129639,28.5020008087158,20.0045261383057,18.3238410949707,1.67645585536957,1.2753392457962,0.634955286979675,1.75020456314087,77.3535232543945,65.0857543945312,51.1631393432617,69.9845275878906,0.332304745912552,0.103664822876453,2.65466842392925e-05,0.0129616865888238,0,2.0993495570415e-12,0,0.438200563192368,418023.46875,NA,59.7378586383527
"ITF47",10.4628553390503,16.4434356689453,28.1714725494385,20.1977443695068,17.7086162567139,1.95129215717316,1.50208234786987,0.557400465011597,2.1048903465271,77.902099609375,66.3531341552734,54.5176315307617,71.9769592285156,0.354864954948425,0.278593838214874,2.24364260503762e-09,0.0173371769487858,0,8.56131457536351e-16,0,0.287838727235794,341878,NA,90.295317035102
"ITF48",10.9721221923828,16.9251136779785,28.8610019683838,20.6696166992188,17.8888778686523,1.88209021091461,1.3626571893692,0.557805061340332,1.85844218730927,76.4685668945312,65.5148391723633,54.0075035095215,70.3347625732422,0.2554130256176,0.231914475560188,3.84583520585124e-09,0.0224279593676329,0,2.83161870187471e-16,0,0.23230142891407,237433.75,NA,151.975432331897
"ITF51",8.11188888549805,14.0802402496338,26.1532497406006,18.0118160247803,18.0413589477539,2.35743737220764,1.64546990394592,0.637074649333954,2.1386411190033,80.6149597167969,69.0138778686523,56.5854797363281,72.9218292236328,0.278520733118057,0.156896457076073,0.00115206220652908,0.0135248303413391,0,1.55471260865347e-10,0,0.537094593048096,350486.0625,NA,53.5802462260837
"ITF52",9.49027347564697,15.447268486023,27.4243659973145,19.3582763671875,17.9340915679932,2.17139625549316,1.57879841327667,0.631938755512238,2.07374358177185,78.8851470947266,66.7563934326172,53.6887741088867,71.3032989501953,0.353230655193329,0.252133727073669,2.42512165904429e-09,0.0128631656989455,0,2.97690094797076e-10,0,0.379893779754639,115801.609375,NA,33.4328912054893
"ITF61",10.3972673416138,15.4607429504395,26.8172359466553,19.7622165679932,16.4199676513672,3.7301025390625,1.86321771144867,0.37884783744812,2.78670382499695,80.0241088867188,72.4389419555664,67.1069107055664,75.7134857177734,0.181357935070992,0.112243704497814,0.000429856299888343,0.0143414521589875,0,2.43552927825519e-10,0,0.651555120944977,373543.6875,NA,55.6938098106418
"ITF62",10.0783948898315,15.2207078933716,26.9109020233154,19.6594104766846,16.8325061798096,3.94377136230469,1.91668570041656,0.310651510953903,2.92084074020386,79.2738952636719,69.486328125,62.4300537109375,74.7326889038086,0.157421723008156,0.120459191501141,0.00215896475128829,0.00683767022565007,0,0,0,0.709218204021454,36732.02734375,NA,20.61772249063
"ITF63",11.4579257965088,16.2093200683594,27.3629169464111,20.7374610900879,15.9049892425537,4.1758017539978,2.00769472122192,0.312573671340942,2.88761258125305,80.0632858276367,74.1933364868164,70.4415130615234,77.1079177856445,0.149543300271034,0.12127323448658,0.000508911325596273,0.0150179220363498,0,1.18776280477739e-10,0,0.571640312671661,122260.5234375,NA,50.8467882009805
"ITF64",12.6309518814087,17.1542320251465,28.0779628753662,21.7712020874023,15.4470100402832,4.22918462753296,2.01947951316833,0.288880169391632,2.8561749458313,80.2521743774414,76.2665176391602,73.5951843261719,78.2842025756836,0.151103243231773,0.128198802471161,1.03161007514174e-10,0.0148727679625154,0,0,0,0.483918011188507,70522.75,NA,61.4047729969702
"ITF65",13.2407455444336,17.5693111419678,28.6481075286865,22.2908744812012,15.4073648452759,3.05185389518738,1.55232501029968,0.229886800050735,2.36484789848328,79.9521331787109,74.1712417602539,69.2800369262695,77.4679946899414,0.082052581012249,0.0601002834737301,1.01414243669495e-09,0.0239618998020887,0,0,0,0.436602532863617,325763.5,NA,103.523949587372
"ITG11",14.4275236129761,18.0966663360596,28.5354061126709,23.1184329986572,14.1078824996948,2.54171419143677,1.36699759960175,0.121864199638367,2.55714201927185,78.0112380981445,70.9400787353516,62.2600212097168,74.3455429077148,0.258798748254776,0,0.298942714929581,0.0101880123838782,0,3.77044646250753e-15,0,0.255858689546585,140532.734375,NA,56.3535082959542
"ITG12",12.5815296173096,16.5254688262939,27.7486991882324,21.6353874206543,15.1671695709229,2.82609581947327,1.67916548252106,0.237073108553886,2.33399152755737,81.8037185668945,71.0662078857422,59.1717376708984,75.0483093261719,0.481205314397812,0,0.223370179533958,0.00450190436094999,0,3.27888465585389e-15,0,0.282181084156036,213395.46875,NA,42.1803234606163
"ITG13",11.5316591262817,15.7509908676147,27.244197845459,20.8066539764404,15.7125396728516,2.53618884086609,1.34407758712769,0.241932034492493,1.83767402172089,81.4882354736328,70.5935897827148,60.651912689209,74.9251861572266,0.296564847230911,0.0867697596549988,0.0617845393717289,0.0126460688188672,0,1.43156413728651e-15,0,0.506336390972137,81960.2734375,NA,24.6621615684449
"ITG14",13.6428470611572,17.5102024078369,28.525146484375,22.6324501037598,14.8822984695435,2.58083343505859,1.47533237934113,0.197862237691879,2.25783443450928,80.6214294433594,70.0629272460938,59.062744140625,74.7842559814453,0.400840789079666,0,0.199892595410347,0.0133789032697678,0,1.48377789513322e-15,0,0.198676824569702,222099.578125,NA,72.0480206361326
"ITG15",13.4625701904297,17.4821357727051,28.6180458068848,22.623291015625,15.1554756164551,2.32842421531677,1.26847112178802,0.214966729283333,1.90702891349792,80.9685211181641,69.5441818237305,58.5808410644531,74.9344635009766,0.431363940238953,0,0.151242032647133,0.0136880073696375,0,1.62778016655091e-15,0,0.286069959402084,171419.796875,NA,79.7186607622944
"ITG16",12.1867637634277,16.3331356048584,27.713586807251,21.4441184997559,15.5268230438232,2.40189933776855,1.28088092803955,0.233447849750519,1.80112910270691,81.4276275634766,69.9821090698242,59.2735176086426,74.8707046508789,0.37243115901947,0.0457812622189522,0.102704115211964,0.0109003828838468,0,1.6895107630765e-15,0,0.438573628664017,177818.625,NA,68.4603704156942
"ITG17",12.647834777832,16.8818531036377,28.1664581298828,21.9621200561523,15.5186223983765,2.28832483291626,1.06822562217712,0.188489526510239,1.84153807163239,80.5736236572266,69.4465103149414,58.5648498535156,74.7963943481445,0.396128058433533,0.0589851029217243,0.0872697308659554,0.00787490606307983,0,9.94412339032694e-16,0,0.440258175134659,193455.859375,NA,54.9132475526016
"ITG18",14.2829790115356,18.1077289581299,28.977689743042,23.3164119720459,14.694712638855,2.1588442325592,0.823416829109192,0.105383314192295,2.02235555648804,79.833625793457,71.2677230834961,60.6163673400879,76.6760406494141,0.342521488666534,0,0.0732993260025978,0.0150047009810805,0,5.76854901008155e-16,0,0.214017435908318,121570.875,NA,76.7855177190745
"ITG19",13.7776098251343,17.8608360290527,28.8894844055176,22.9929447174072,15.111873626709,2.18003702163696,0.90905624628067,0.140632823109627,1.93733668327332,79.9160461425781,69.6697463989258,58.1487808227539,75.4293823242188,0.438426345586777,0,0.115670263767242,0.00735443131998181,0,1.40835564628998e-15,0,0.307024002075195,64846.84375,NA,29.7812193329141
"ITG25",11.9927425384521,16.0481090545654,26.9623241424561,20.4038352966309,14.9695816040039,2.69343519210815,1.35745942592621,0.312093466520309,2.74008703231812,80.5299682617188,74.480842590332,65.3202362060547,76.6955413818359,0.258894741535187,0.174303352832794,0.0149521687999368,0.0081388596445322,0,1.73427522343061e-10,0,0.334745943546295,214830.734375,NA,49.8916002207173
"ITG26",10.5812664031982,14.6948308944702,26.3242683410645,19.1903629302979,15.7430019378662,3.10777020454407,1.54110741615295,0.361268699169159,2.87217378616333,81.9055404663086,71.0157623291016,57.7822418212891,75.4995803833008,0.231951087713242,0.168237209320068,0.0205911174416542,0.00563082890585065,0,2.00062424959846e-10,0,0.572686433792114,85121.046875,NA,21.5588000658904
"ITG27",12.3398733139038,16.5734272003174,27.7423915863037,21.2019996643066,15.4025192260742,2.42461037635803,1.31069123744965,0.221479535102844,2.42560529708862,80.0351181030273,69.5811920166016,58.3143005371094,74.8359375,0.141013935208321,0.0468829087913036,0.0292189884930849,0.0160589683800936,0,2.49345747364458e-16,0,0.607653021812439,349532.65625,NA,76.1550654237419
"ITG28",12.1050100326538,16.2594509124756,27.3160362243652,20.7242393493652,15.2110252380371,2.77973556518555,1.37590980529785,0.257600158452988,2.57269239425659,81.1149978637695,72.861701965332,61.7922515869141,75.7397842407227,0.330697894096375,0.166639104485512,0.0101496987044811,0.00727353524416685,0,2.87973145329801e-10,0,0.465136528015137,104658.6953125,NA,34.1337041713897
"ITG29",10.4219627380371,14.3929672241211,25.8178482055664,18.8435115814209,15.3958864212036,3.09386205673218,1.57902634143829,0.396354049444199,3.05203604698181,80.8067398071289,72.1631622314453,61.6774024963379,76.3043594360352,0.167279720306396,0.149037197232246,0.0308174751698971,0.00550896348431706,0,7.25810038766238e-16,0,0.632127225399017,73063.03125,NA,21.6281815173458
"ITG2A",11.3324642181396,15.5642786026001,27.1294898986816,20.1075592041016,15.7970266342163,3.21192574501038,1.59561955928802,0.360785841941833,2.79422402381897,81.4342727661133,68.8898773193359,55.3396453857422,74.7888259887695,0.167353123426437,0.0954480767250061,0.0172825288027525,0.00500137824565172,0,2.68107445966503e-11,0,0.714914798736572,17692.7421875,NA,9.52121843988469
"ITG2B",12.3646411895752,16.5737190246582,27.5464859008789,21.1183643341064,15.1818447113037,2.42551755905151,1.22306931018829,0.194305270910263,2.30268979072571,80.5312652587891,71.8489303588867,60.9286918640137,75.292724609375,0.286775857210159,0.102579072117805,0.00886927172541618,0.010088418610394,0,3.31534154947376e-17,0,0.562231719493866,70048.71875,NA,48.3615658925163
"ITG2C",12.248514175415,16.4962635040283,27.4014339447021,21.1535091400146,15.1529188156128,1.96213245391846,1.04144203662872,0.12933537364006,2.10156989097595,80.6822738647461,71.5388259887695,60.2270355224609,75.6406173706055,0.205671057105064,0.0854122415184975,0.0144100468605757,0.0112252710387111,0,0,0,0.665311455726624,64238.39453125,NA,43.2675124504711
"ITH10",-1.54860186576843,3.47791957855225,13.4513683319092,6.71655321121216,14.9999713897705,1.70928931236267,2.71414732933044,3.78777861595154,3.00237798690796,78.6385726928711,74.3750915527344,74.6906967163086,80.2363815307617,0.0278855450451374,0.212545409798622,0.117231003940105,0.00757897086441517,0,0,0.605314195156097,0,419072.90625,NA,56.6239636933608
"ITH20",0.194827809929848,6.16517305374146,16.6244850158691,8.85306549072266,16.4296569824219,1.93481743335724,3.13099193572998,3.09771728515625,3.52400159835815,75.7714538574219,72.2532043457031,69.7060928344727,77.9330520629883,0.0320459678769112,0.152778536081314,0.0659640356898308,0.013849969021976,0,0,0.705758094787598,0,592678.75,NA,96.102879167979
"ITH31",5.11678314208984,14.0990419387817,26.0333995819092,15.4894514083862,20.916618347168,2.24161458015442,2.51177501678467,1.79277670383453,2.95713758468628,80.9359359741211,69.0944976806641,57.4373359680176,76.1819534301758,0.261476218700409,0.0796143561601639,0.00526331923902035,0.0272834245115519,2.57937329501393e-33,0,0.582749485969543,0,608879.75,NA,197.059862465199
"ITH32",4.58389806747437,12.9041147232056,24.1990280151367,14.4258050918579,19.6151294708252,2.34486413002014,2.8613018989563,2.28120899200439,3.43455386161804,79.4038238525391,71.7724685668945,63.4906921386719,77.4877014160156,0.194905295968056,0.0871307626366615,0.0100982645526528,0.0394681319594383,0,0,0.667238295078278,0,659157.75,NA,244.031739530734
"ITH33",-0.497237384319305,5.23756980895996,15.8016586303711,8.39198112487793,16.2988967895508,2.23384141921997,3.30500054359436,3.27364945411682,3.70509028434753,80.7444305419922,77.5892486572266,74.657356262207,81.441520690918,0.0788814350962639,0.146471813321114,0.0749879702925682,0.00976569578051567,0,0,0.688817203044891,0,210225.78125,NA,56.7041304059784
"ITH34",6.14357089996338,14.2667951583862,25.5237007141113,15.9455318450928,19.3801288604736,2.64825940132141,3.10016989707947,2.29698038101196,3.64789938926697,81.2104568481445,73.3953323364258,64.5165100097656,77.1372756958008,0.374982327222824,0.07228884100914,0.00237228022888303,0.0535199716687202,0,0,0.470796793699265,0,813183.8125,NA,332.139608674009
"ITH35",7.94360017776489,15.9139423370361,27.3238086700439,17.7958946228027,19.3802108764648,2.83774948120117,3.19487571716309,2.09217023849487,3.70979595184326,81.2179641723633,73.061149597168,63.4038391113281,75.7573623657227,0.434394896030426,0.0630567073822021,2.60693497011744e-07,0.0307082664221525,0,0,0.348771244287491,0,299172.15625,NA,147.371289461902
"ITH36",6.30852460861206,15.3331279754639,27.3228988647461,16.7915649414062,21.0143756866455,2.26575255393982,2.36919045448303,1.65445840358734,2.75086736679077,82.1630935668945,69.6638488769531,57.4052696228027,75.9306869506836,0.347245335578918,0.071528859436512,0.00131518894340843,0.0467950887978077,0,0,0.531857013702393,0,636817.8125,NA,299.432339274576
"ITH37",6.95709800720215,16.2445888519287,28.5723571777344,17.8402557373047,21.6152591705322,1.92724466323853,1.91965997219086,1.18815398216248,2.21307730674744,81.8901214599609,68.3227920532227,53.959774017334,74.4925308227539,0.362715810537338,0.0765094682574272,6.8072669723307e-10,0.0271611958742142,0,0,0.26278892159462,0.162261441349983,274263.09375,NA,164.191699684991
"ITH41",4.54336309432983,11.8996181488037,22.8612232208252,14.1669750213623,18.3178577423096,3.0176510810852,3.80689430236816,2.81149888038635,4.13693189620972,81.1791381835938,75.4449691772461,69.3080978393555,78.7649307250977,0.235895663499832,0.117557540535927,0.0320663303136826,0.00913391541689634,0,0,0.567948222160339,0,201801.5,NA,88.8938180854768
"ITH42",4.0330286026001,11.130368232727,22.0701313018799,13.6243267059326,18.0371036529541,3.9505341053009,4.54126405715942,3.4769458770752,5.45590114593506,81.0137100219727,74.6747283935547,68.5586013793945,78.5486907958984,0.184881255030632,0.112652853131294,0.0410584211349487,0.0143184754997492,0,0,0.55654388666153,0,400168.65625,NA,82.9487086511558
"ITH43",8.37782382965088,15.6157989501953,27.0198936462402,17.9088001251221,18.642068862915,3.84008049964905,3.66919994354248,2.26913809776306,4.78116130828857,79.8834915161133,72.6810684204102,63.4870414733887,75.338623046875,0.176937580108643,0.0948450341820717,0.000686180719640106,0.0243642833083868,0,0,0.37853392958641,0,52419.046875,NA,139.384408558307
"ITH44",7.53298091888428,14.6089553833008,25.9194736480713,16.955982208252,18.3864917755127,4.46208715438843,4.02643203735352,2.4826340675354,5.44962692260742,80.6267318725586,73.0947418212891,64.9590530395508,76.6912384033203,0.0776724442839622,0.141150027513504,1.88196103145799e-09,0.0387338101863861,0,0,0.522342324256897,0,43531.23046875,NA,204.414951590482
"ITH51",6.22616815567017,13.8913831710815,25.7993755340576,15.9697828292847,19.5732078552246,3.00234079360962,2.354243516922,1.12522768974304,3.8408522605896,82.3011016845703,68.3838729858398,57.1474876403809,78.0084915161133,0.231196075677872,0.108354397118092,0.00206264341250062,0.0161051284521818,0,4.03299310916711e-18,0.639235973358154,0.00228420621715486,275736.0625,NA,105.000481851783
"ITH52",6.33796882629395,14.3525724411011,26.431209564209,16.4632816314697,20.093240737915,3.28715062141418,2.53552627563477,1.08984863758087,3.82275366783142,82.0464477539062,69.0894775390625,57.1426010131836,77.6488494873047,0.242402657866478,0.0997505187988281,0.000447643280494958,0.0214966125786304,0,5.13146059034252e-16,0.251223236322403,0.359849750995636,471015.9375,NA,138.367258837902
"ITH53",5.82596492767334,14.1283187866211,26.4056663513184,16.2746257781982,20.5797004699707,2.9471287727356,2.29614663124084,1.12730944156647,3.32860374450684,81.8257598876953,69.6553039550781,57.4082298278809,77.1566009521484,0.250832676887512,0.0875831469893456,0.000396656367229298,0.0399967096745968,0,1.20370674229116e-16,0,0.615017771720886,614853.875,NA,265.426393033855
"ITH54",5.63683938980103,13.8710994720459,26.2966823577881,16.1297874450684,20.6598434448242,2.74033260345459,2.14681458473206,1.22633481025696,3.07554650306702,81.6900939941406,69.5738296508789,56.7865982055664,76.8720779418945,0.256814926862717,0.0934269800782204,0.00200320780277252,0.0289638079702854,0,5.65744290429682e-17,0,0.617217600345612,549969.4375,NA,204.415469604705
"ITH55",6.01750993728638,14.407717704773,26.9585361480713,16.6548614501953,20.9410247802734,2.53123474121094,2.2758903503418,1.20697915554047,2.80714511871338,81.4435577392578,68.4959411621094,54.0200004577637,75.6136779785156,0.264524757862091,0.0907627865672112,0.000786966062150896,0.0268399771302938,0,1.26261653381394e-15,0,0.615349769592285,672443.9375,NA,183.296622944718
"ITH56",7.25784015655518,16.5837745666504,29.0235481262207,18.3352565765381,21.7657089233398,1.71073627471924,1.77103006839752,1.06776523590088,2.03986406326294,81.304084777832,67.8421478271484,52.55419921875,73.9014129638672,0.378048777580261,0.0852153152227402,6.65498878227311e-10,0.0163081511855125,0,0,0,0.379528254270554,305901.71875,NA,114.728765250007
"ITH57",7.18525743484497,15.723051071167,28.0667896270752,17.9598808288574,20.8815326690674,2.0967230796814,2.05996441841125,1.11559164524078,2.50097250938416,80.8096313476562,67.2008743286133,52.3140563964844,74.5882110595703,0.323029011487961,0.0908321142196655,0.000664892897475511,0.0240585375577211,0,0,0,0.437521278858185,302076.40625,NA,159.616893329373
"ITH58",6.37271070480347,14.1108236312866,26.5134315490723,16.7622737884521,20.140718460083,2.30982565879822,2.0779857635498,1.08963620662689,2.80270075798035,81.4245986938477,68.2360992431641,54.1462821960449,75.959098815918,0.258303910493851,0.0957575589418411,0.00106990593485534,0.0218835677951574,0,0,0,0.539584517478943,333185.3125,NA,141.458009593467
"ITH59",6.25240612030029,13.5040998458862,25.9235954284668,16.3868045806885,19.6711902618408,2.41410994529724,2.07113885879517,1.16796350479126,2.94949531555176,81.8823928833008,69.3761215209961,56.1632308959961,76.6380233764648,0.306666731834412,0.0894589200615883,0.00180722994264215,0.016758294776082,0,1.51301415840521e-10,0,0.522519052028656,85049.8046875,NA,98.7233713331083
"ITI11",6.3043384552002,12.2725410461426,23.5467567443848,15.3422050476074,17.2424201965332,4.44779253005981,2.71633791923523,1.03214883804321,5.0185866355896,79.8984527587891,73.5770797729492,67.8146514892578,79.8911514282227,0.0213356837630272,0.0663546472787857,0.000835335638839751,0.0166704151779413,0,0,0.305025935173035,0.472708165645599,101364.34375,NA,87.1088329457684
"ITI12",5.68388032913208,11.9807434082031,23.6259937286377,15.0471229553223,17.9421119689941,3.69120121002197,2.37638807296753,1.0783976316452,4.30402946472168,80.4753723144531,73.2197799682617,65.9371185302734,79.5646591186523,0.121212676167488,0.0928214713931084,0.000815816922113299,0.0221190080046654,0,0,0.167648062109947,0.58782684803009,164460.96875,NA,91.2603000772189
"ITI13",6.98929309844971,13.697322845459,25.5305957794189,16.6135482788086,18.5413036346436,3.16819357872009,2.16880083084106,1.07903575897217,3.85814452171326,80.2735443115234,72.336669921875,64.1113739013672,78.7030029296875,0.221807360649109,0.108671113848686,0.00148665113374591,0.0310796778649092,0,1.16539676557583e-16,0.316079288721085,0.32085257768631,184467.6875,NA,195.148787038977
"ITI14",7.1273307800293,14.1940793991089,26.3790969848633,16.9565544128418,19.2517681121826,2.91122698783875,2.22544026374817,1.02356684207916,3.42297101020813,80.9744644165039,71.0805435180664,59.6603240966797,77.5290451049805,0.212137311697006,0.110766544938087,0.000358593155397102,0.0445895604789257,0,4.35193299261084e-16,0.0731503143906593,0.558598756790161,1075456.25,NA,303.25542315528
"ITI15",6.87055063247681,14.0540571212769,26.3209972381592,16.760217666626,19.4504470825195,2.99933791160583,2.34140110015869,1.09009981155396,3.4039261341095,81.0144882202148,70.8748626708984,58.8233757019043,77.2933349609375,0.19457896053791,0.109687738120556,0.000244910595938563,0.0491149574518204,0,1.13179187159404e-15,0.0103096598759294,0.635836660861969,116149.4296875,NA,342.459180115842
"ITI16",10.9374904632568,15.9846439361572,26.8332214355469,19.6457195281982,15.8957319259644,2.65238428115845,1.65729784965515,0.675155758857727,3.35186886787415,75.8501052856445,72.9121322631836,70.2375411987305,76.3156585693359,0.130566388368607,0.0938345864415169,0.0100233759731054,0.00580874877050519,0,0,0,0.445803970098495,20265.724609375,NA,16.0972292235845
"ITI17",9.0480375289917,15.2634258270264,26.7110576629639,18.3480091094971,17.6630229949951,2.79703187942505,1.89344954490662,0.822393894195557,3.64686012268066,78.9213409423828,72.281982421875,66.7023849487305,78.1057968139648,0.235304191708565,0.124210543930531,0.00861232914030552,0.022541705518961,0,1.55830565195516e-19,0.225055500864983,0.365591675043106,250314.921875,NA,102.08926686306
"ITI18",6.1553840637207,12.7544231414795,25.1944217681885,15.8652515411377,19.0390377044678,2.5589542388916,1.99232828617096,0.934850513935089,3.28385496139526,82.0643539428711,70.4341125488281,57.4856872558594,77.6110153198242,0.21643178164959,0.115724094212055,0.000691505963914096,0.0118403555825353,0,1.12110776609275e-18,0.204815343022346,0.446381688117981,241008.875,NA,75.2991579190175
"ITI19",8.85046195983887,15.2074708938599,27.2206401824951,18.2459583282471,18.3701801300049,2.54610466957092,1.82503914833069,0.741917431354523,3.39515209197998,80.7028961181641,70.4092407226562,59.7740859985352,77.4621276855469,0.278239965438843,0.148478165268898,0.00113672157749534,0.0127737987786531,0,4.00777635930092e-16,0.142849072813988,0.407380729913712,267823.1875,NA,69.9657917199054
"ITI1A",10.1124229431152,16.0047245025635,27.6139965057373,19.350414276123,17.5015735626221,2.52092242240906,1.63899898529053,0.592479586601257,3.30566358566284,78.6021575927734,71.4746627807617,63.6313362121582,76.9972839355469,0.293936222791672,0.166112020611763,0.0025206480640918,0.00789384357631207,0,1.21515836304025e-16,0,0.465046256780624,139960.125,NA,31.0519438473657
"ITI21",7.05768871307373,13.5274715423584,26.2902793884277,16.8608150482178,19.2325916290283,2.47051119804382,1.89054191112518,0.97834587097168,3.15776705741882,81.5367736816406,70.4343490600586,55.4617004394531,75.5572891235352,0.25271263718605,0.0899728909134865,0.0017291372641921,0.014645891264081,0,2.09955858254673e-10,0.19089138507843,0.43383377790451,542866.375,NA,85.6287890169085
"ITI22",8.93553066253662,15.3189105987549,27.821216583252,18.6126232147217,18.8856868743896,2.60755252838135,1.82987153530121,0.808398902416229,3.39523506164551,80.795539855957,70.4285049438477,55.9144172668457,75.5410385131836,0.318662822246552,0.0921200811862946,0.00146957125980407,0.0109832901507616,0,2.33290581297396e-10,0,0.570240080356598,156265.859375,NA,74.4126256554704
"ITI31",6.52774810791016,13.6364307403564,26.0562896728516,16.5727443695068,19.5285415649414,2.54288911819458,2.13197135925293,1.22486412525177,3.05864763259888,81.8668365478516,69.9436645507812,57.016284942627,76.6648483276367,0.348845988512039,0.0839527398347855,0.00103848474100232,0.0160085558891296,0,2.76163036883048e-10,0,0.498903512954712,263547.34375,NA,103.590666748706
"ITI32",6.70839786529541,13.3810682296753,26.1040000915527,16.6952381134033,19.395601272583,2.32206225395203,1.89092266559601,1.1453378200531,2.73029899597168,81.4698181152344,70.2578964233398,55.947093963623,75.2351989746094,0.334144055843353,0.0872788280248642,7.0764016868452e-10,0.0119329439476132,0,5.01134550523474e-11,0,0.521247386932373,91004.25,NA,46.2859312034327
"ITI33",6.73622035980225,13.3361644744873,25.9708728790283,16.7516613006592,19.2346515655518,2.12873721122742,1.72022783756256,1.08232498168945,2.46680092811584,80.5388565063477,70.2227554321289,56.4568977355957,74.6267166137695,0.33748921751976,0.0780416205525398,0.00086940621258691,0.0112186744809151,0,2.86182414571678e-11,0,0.511005580425262,234402.828125,NA,84.1897852761192
"ITI34",6.22378158569336,12.5209293365479,25.0832805633545,16.1852569580078,18.8594989776611,2.36597275733948,1.68171906471252,1.01210057735443,2.58464884757996,79.7899703979492,71.701416015625,60.8734169006348,75.4472351074219,0.214502438902855,0.0714575722813606,0.0032518554944545,0.0159548558294773,0,5.61254428349534e-12,0,0.606291115283966,113494.8125,NA,91.3632149997599
"ITI35",8.11525726318359,14.8337726593018,27.0021018981934,18.1550331115723,18.8868446350098,2.03131055831909,1.60583066940308,1.04102623462677,2.19307470321655,78.3777847290039,71.1342544555664,59.6808204650879,73.997932434082,0.254847705364227,0.0469747297465801,0.00124857504852116,0.0166152883321047,0,4.11297905456021e-11,0,0.338652968406677,84824.78125,NA,99.3098499583355
"ITI41",10.3450546264648,16.2735424041748,28.2835063934326,19.7643051147461,17.9384517669678,3.04056310653687,1.81152486801147,0.628569066524506,4.28648090362549,79.6403350830078,71.9108581542969,62.1066665649414,77.1909637451172,0.321013987064362,0.11797109246254,0.00153617304749787,0.00821644905954599,0,9.85593984897948e-16,0,0.421543478965759,280441.1875,NA,77.1134741517684
"ITI42",7.14567041397095,13.2135391235352,25.9371738433838,16.9338836669922,18.79150390625,2.79100704193115,1.85152900218964,0.885955572128296,3.33925366401672,79.7620620727539,71.5933074951172,57.6395568847656,74.8496627807617,0.198129713535309,0.0909920409321785,0.00286414357833564,0.0108393141999841,0,5.56693025011157e-11,0.198812201619148,0.495294123888016,238687.609375,NA,86.4471847831048
"ITI43",10.7194309234619,16.5354995727539,28.3080387115479,20.157735824585,17.5886077880859,3.31108784675598,1.79316878318787,0.639374911785126,4.88981771469116,78.6952285766602,72.4222030639648,63.2530250549316,76.3389739990234,0.275130391120911,0.0968833416700363,0.000897482328582555,0.0866894721984863,0,1.81953304686734e-16,0.0687234625220299,0.358353078365326,2493802.75,NA,461.123543033502
"ITI44",11.0831203460693,16.841178894043,28.2668056488037,20.443078994751,17.1836853027344,3.59393644332886,1.84884738922119,0.635814428329468,3.83776664733887,78.4083633422852,73.2765960693359,65.8953323364258,76.6508026123047,0.248456314206123,0.120494112372398,0.000942838203627616,0.0887668505311012,0,8.40414057790007e-11,0.0911752730607986,0.32266703248024,530540.3125,NA,233.646101419698
"ITI45",10.4547595977783,16.5578365325928,28.2657260894775,20.103630065918,17.8109645843506,3.62329792976379,1.95810103416443,0.755865931510925,3.26368379592896,79.9996337890625,73.396354675293,63.4327621459961,76.7530517578125,0.190034806728363,0.13701257109642,0.00259691290557384,0.0263097397983074,0,4.71634363508056e-11,0.510003626346588,0.0673764124512672,288880.53125,NA,90.2387770887849
"LI000",2.47522521018982,8.84848403930664,18.3603286743164,10.8469514846802,15.885103225708,4.18762159347534,4.97635078430176,5.06182956695557,4.41874694824219,81.9702377319336,76.7008056640625,76.8142395019531,82.736083984375,0.119360007345676,0.191289693117142,0.0925357267260551,0.0375754982233047,0.000592740543652326,0,0.555269777774811,0,37445.35546875,NA,234.634082728491
"LT011",0.778975605964661,10.8222923278809,20.179479598999,11.3200950622559,19.400505065918,2.24047589302063,2.35800170898438,2.50725102424622,1.82977378368378,86.7146606445312,73.912483215332,74.425666809082,83.0400619506836,0.271110326051712,0.097182460129261,0.00412705121561885,0.0202608592808247,5.19319182785694e-05,0.0428978651762009,0.12846577167511,0.423606932163239,624390.375,NA,64.3830947687482
"LT021",1.15931677818298,10.9342250823975,20.4629650115967,11.7244243621826,19.3036479949951,2.15933775901794,2.2710497379303,2.48756861686707,1.78817069530487,86.7861785888672,74.5095062255859,73.8808746337891,82.3501815795898,0.241221487522125,0.0975435450673103,0.000185837445314974,0.0063293450511992,0,0.177903413772583,0,0.456834644079208,98853.515625,NA,18.2340031635337
"LT022",1.17263209819794,10.8601169586182,20.2969379425049,11.6074075698853,19.124303817749,2.22169232368469,2.19168090820312,2.45065641403198,1.92870211601257,86.1778106689453,73.4839019775391,74.185417175293,82.588737487793,0.360100388526917,0.0867741256952286,0.00148286030162126,0.0120105314999819,2.3708344087936e-06,0.037738561630249,0.0211619604378939,0.472887545824051,344428.4375,NA,42.8834651661755
"LT023",2.20292019844055,10.2465686798096,20.1123847961426,12.3308687210083,17.9094638824463,3.43716406822205,2.08126950263977,2.74843454360962,3.42784309387207,86.5578689575195,76.9119415283203,77.0900115966797,83.9710540771484,0.289445579051971,0.0771172195672989,0.00663396110758185,0.012978682294488,0.000154205685248598,0.0517627187073231,0.456442594528198,0.0296176001429558,202603.328125,NA,42.1134692654823
"LT024",1.39673447608948,10.8660688400269,20.2907867431641,11.7674407958984,18.8940525054932,2.2063353061676,2.14641118049622,2.51278376579285,1.93155038356781,86.5740356445312,74.381965637207,74.7333602905273,82.6570663452148,0.404803067445755,0.082499198615551,0.000827279465738684,0.0136134568601847,3.27400834976288e-06,0.0136837726458907,0.0291688367724419,0.449859648942947,157097.78125,NA,35.5520401036883
"LT025",0.870845317840576,10.6072368621826,20.0004138946533,11.2430486679077,19.1295700073242,2.0729992389679,2.1828031539917,2.41721630096436,1.92009854316711,85.8033447265625,72.5731430053711,73.8945388793945,83.0418548583984,0.34731662273407,0.09994275867939,0.00368374027311802,0.00684605911374092,2.47743428190006e-05,0.132273584604263,0.0237114671617746,0.383148908615112,155675.421875,NA,19.866711016875
"LT026",1.35037457942963,10.3918533325195,19.9417018890381,11.5197811126709,18.5913257598877,2.07499623298645,2.02068305015564,2.466637134552,2.06205773353577,87.2148666381836,74.3053817749023,75.5717468261719,84.2316818237305,0.377866238355637,0.0906483456492424,0.00201032846234739,0.00732290325686336,3.03809520119103e-05,0.0418166518211365,0.166334509849548,0.312254250049591,186079.015625,NA,21.7393559416859
"LT027",1.53137850761414,10.5822992324829,20.1271953582764,11.7791929244995,18.595817565918,2.95228576660156,2.33242034912109,2.70580410957336,2.63965511322021,87.380729675293,75.6300659179688,76.2226028442383,84.0493392944336,0.329100787639618,0.0847691968083382,0.00186232489068061,0.00487458845600486,6.81337915011682e-05,1.98461316824883e-10,0.525741517543793,0.0521848909556866,95326.2578125,NA,21.839052374243
"LT028",1.65190398693085,10.136399269104,19.8546237945557,11.7346773147583,18.2027206420898,3.09050989151001,2.1721043586731,2.7355968952179,2.9428768157959,88.0587539672852,76.308723449707,77.3418960571289,85.3222122192383,0.287171572446823,0.0869592279195786,0.00396164506673813,0.00591513840481639,0.000142766162753105,0,0.611729085445404,0,89890.2578125,NA,20.8873904971351
"LT029",0.409562647342682,10.5088243484497,19.8507232666016,10.9241285324097,19.4411602020264,2.13188934326172,2.28872966766357,2.46480226516724,1.84776389598846,86.5142059326172,73.4270935058594,74.8841781616211,83.7461929321289,0.25782573223114,0.0884485840797424,0.00955264456570148,0.00355991791002452,8.3463586634025e-05,0.076198510825634,0.207471176981926,0.330510437488556,98556.171875,NA,13.8330637802533
"LU000",5.03332757949829,11.7166700363159,21.4299850463867,13.6240816116333,16.3966579437256,3.32403779029846,2.46259140968323,2.05708575248718,2.77329778671265,88.6506958007812,77.1001281738281,71.1140213012695,84.8799209594727,0.356111615896225,0.107093282043934,0.000388765591196716,0.065719909965992,1.37347827555701e-10,0,0.47068640589714,0,553050.9375,NA,211.736165367579
"LV003",2.23701310157776,9.60839176177979,19.6240940093994,12.0294351577759,17.3870811462402,2.79017043113708,1.94133937358856,2.77719688415527,2.91450977325439,86.7001953125,77.546745300293,78.1183319091797,84.666618347168,0.137015804648399,0.095952995121479,0.0207115728408098,0.00384047348052263,3.45908520102967e-05,0.539783000946045,0.0544867999851704,0.107301242649555,180418.234375,NA,13.3034312652152
"LV005",-0.36901330947876,10.1785125732422,19.6164436340332,10.3181743621826,19.9854583740234,2.07396531105042,2.21538329124451,2.63316869735718,1.93770384788513,86.511962890625,72.9713592529297,76.3650054931641,84.9983291625977,0.152908906340599,0.122189998626709,0.0104640489444137,0.00417744088917971,6.34551252005622e-05,0.48140475153923,0.0520692951977253,0.151117086410522,169964.3125,NA,11.7278770921685
"LV006",1.17973256111145,10.3479413986206,20.0376987457275,11.3736400604248,18.857967376709,2.19581079483032,2.04128694534302,2.59283351898193,2.23641991615295,85.765266418457,74.3882522583008,75.1672058105469,83.6106872558594,0.124752216041088,0.103436589241028,0.0101553406566381,0.0249667018651962,0,0.577396094799042,0,0.145639181137085,49383.94921875,NA,164.385581599422
"LV007",0.938709020614624,9.92155838012695,19.7501926422119,11.1635427474976,18.8114814758301,2.5878050327301,2.17633318901062,2.75474119186401,2.51579785346985,86.5873413085938,75.5041580200195,76.969612121582,85.1240158081055,0.122045539319515,0.107256270945072,0.0112127652391791,0.00774203613400459,0.000264587753918022,0.426092594861984,0.221193939447403,0.0932354927062988,373755.59375,NA,37.0403397612718
"LV008",-0.0807419419288635,9.82596683502197,19.3408622741699,10.280104637146,19.4216041564941,2.38476181030273,2.28933763504028,2.80346775054932,2.32710385322571,87.0509414672852,74.383659362793,77.926155090332,86.3654861450195,0.103054165840149,0.107989087700844,0.00762275792658329,0.00503834104165435,0.000308874528855085,0.410586088895798,0.258954137563705,0.097495324909687,167088.015625,NA,10.9751873895404
"LV009",0.839030504226685,10.2292108535767,19.7592620849609,11.0732908248901,18.9202308654785,2.2401716709137,2.18553900718689,2.62800097465515,2.15951180458069,86.4780426025391,74.1350784301758,75.764045715332,84.4208526611328,0.190160974860191,0.115899883210659,0.00960542913526297,0.00657328544184566,0.000275683793006465,0.269154846668243,0.251788645982742,0.148841187357903,345795.1875,NA,32.4274795072574
"MC",9.93739223480225,15.1159801483154,26.0711364746094,18.5293312072754,16.1337432861328,3.68075442314148,1.95841217041016,0.836368680000305,3.97870087623596,74.0747604370117,70.3429183959961,67.9617156982422,75.9021606445312,0.00383889977820218,0.0285976808518171,0.0103379720821977,0.0466944053769112,1.57772181044202e-29,0,0.574910461902618,0,7039.46875,NA,446.344625287311
"MEG125350",0.881600975990295,8.68079280853271,20.8702449798584,11.1145467758179,19.9886455535889,6.36439990997314,4.49486923217773,1.15524089336395,5.42679643630981,81.8121032714844,74.9841156005859,61.9859924316406,75.4982757568359,0.122852988541126,0.0746211260557175,0.0574279502034187,0.0039597088471055,0,0,0.741138279438019,0,8625.16015625,NA,25.0037575573845
"MEG125351",9.05648136138916,16.2535362243652,28.4852733612061,18.8863525390625,19.4287910461426,6.81015300750732,4.03609323501587,0.580345749855042,5.74519300460815,74.6706390380859,69.8507537841797,58.8735733032227,70.5604705810547,0.200658887624741,0.292615413665771,0.000981158227659762,0.0229549519717693,0,0,0.266768634319305,0,77452.0078125,NA,118.867389479007
"MEG125352",1.01368165016174,8.91430473327637,21.0921077728271,11.300181388855,20.078426361084,5.62050914764404,4.05998373031616,1.10492420196533,4.86215782165527,81.5326080322266,74.3655776977539,61.4464073181152,75.219123840332,0.124486044049263,0.112651184201241,0.0619694851338863,0.00831304118037224,0,0,0.692580223083496,0,31104.666015625,NA,43.6384909236926
"MEG125353",2.71784949302673,10.8953199386597,22.9371147155762,13.0610771179199,20.2192649841309,3.88809657096863,3.33246994018555,1.31667125225067,3.74625492095947,81.367919921875,73.5915985107422,62.5828170776367,75.2955780029297,0.204530358314514,0.13479046523571,0.014923726208508,0.00480341212823987,1.30564542603618e-21,0,0.640952050685883,0,28195.580078125,NA,28.1645361549797
"MEG125355",4.40445470809937,11.791205406189,23.7301330566406,14.3839740753174,19.3256759643555,8.88359451293945,5.50837135314941,0.977624535560608,7.08120441436768,77.2156143188477,71.8359298706055,61.9767456054688,73.8293151855469,0.231086656451225,0.212022244930267,0.0969836339354515,0.00983028765767813,0,0,0.407829850912094,0,24824.546875,NA,27.4369918429246
"MEG125356",3.12229585647583,10.5752573013306,22.7637138366699,13.158522605896,19.6414184570312,7.80118131637573,5.0439624786377,1.03046715259552,6.49835586547852,79.5886993408203,72.9694137573242,60.3176307678223,73.9909057617188,0.159849748015404,0.178113743662834,0.110904887318611,0.00383190251886845,0,0,0.527426242828369,0,11946.884765625,NA,22.6871717836722
"MEG125357",4.52769947052002,11.838152885437,23.6687622070312,14.466854095459,19.1410617828369,8.50334739685059,5.39019632339478,0.990889668464661,6.78623580932617,76.7641906738281,71.6887054443359,62.5175971984863,74.0684509277344,0.218632027506828,0.24252425134182,0.0896670371294022,0.00634740060195327,0,0,0.390941679477692,0,2676.09033203125,NA,16.0965771670599
"MEG125358",1.91461145877838,9.50224304199219,21.718578338623,12.0329732894897,19.8039665222168,7.25768423080444,4.8645510673523,1.1020325422287,6.12068939208984,80.8660354614258,73.9318161010742,60.7408828735352,74.688606262207,0.137030318379402,0.134089663624763,0.101167343556881,0.00210922420956194,0,0,0.625603437423706,0,12555.4951171875,NA,14.2284710097534
"MEG125359",3.30840921401978,10.7398538589478,22.6097927093506,13.3231859207153,19.301383972168,9.37210941314697,5.85524845123291,1.07122588157654,7.39597749710083,77.8152313232422,72.3036499023438,62.7078704833984,74.5994720458984,0.238255620002747,0.193034023046494,0.119602404534817,0.006738037802279,0,0,0.441064745187759,0,4229.859375,NA,19.577562120582
"MEG125360",1.86980247497559,9.63535976409912,21.7702579498291,12.0466499328613,19.9004554748535,5.79962873458862,4.18560218811035,1.18214726448059,5.13210535049438,81.2758102416992,73.9138336181641,61.4919166564941,75.0871505737305,0.147430270910263,0.119469434022903,0.0608549453318119,0.00292285345494747,3.92182767010478e-21,0,0.669322490692139,0,5172.5419921875,NA,16.3096513821084
"MEG125361",3.09173727035522,10.5340881347656,22.4944686889648,13.1132049560547,19.4027309417725,8.70277214050293,5.53794193267822,1.0751359462738,6.98563623428345,78.5569839477539,72.4971618652344,61.9569473266602,74.5107879638672,0.208233505487442,0.182923495769501,0.114523440599442,0.00525758322328329,0,0,0.485113352537155,0,46546.74609375,NA,22.9269275688201
"MEG125362",1.05940055847168,8.9580135345459,21.136417388916,11.3477296829224,20.077018737793,5.60523557662964,4.02872896194458,1.08822739124298,4.85224628448486,81.3821182250977,74.2001724243164,61.2710227966309,75.0790405273438,0.125979959964752,0.11524223536253,0.0600058995187283,0.00868925079703331,0.00456817168742418,0,0.685238301753998,0,22332.955078125,NA,45.2363754176408
"MEG125363",1.94572126865387,9.84970569610596,21.8528614044189,12.1370706558228,19.9071407318115,3.80304312705994,3.23741269111633,1.28094696998596,3.83440089225769,81.6502838134766,73.3635482788086,61.9472389221191,75.3488540649414,0.146433964371681,0.104828372597694,0.0127182202413678,0.00310374889522791,0.000108650681795552,0,0.732807099819183,0,14723.66015625,NA,11.5386674434073
"MEG125364",1.89276874065399,9.41915988922119,21.5713233947754,11.9304113388062,19.6785545349121,5.78353548049927,4.2265305519104,1.16604173183441,5.03385591506958,81.5096969604492,72.4635009765625,59.7552757263184,74.6204071044922,0.108890563249588,0.104884594678879,0.0722664147615433,0.00200563669204712,6.71452969648541e-23,0,0.711848199367523,0,5851.8056640625,NA,6.94451450971284
"MEG125365",5.88048696517944,13.2517747879028,25.4766788482666,15.8398809432983,19.59619140625,7.00381708145142,4.39621067047119,0.808424174785614,5.9084324836731,77.3936996459961,71.6357498168945,59.6726341247559,72.3660507202148,0.172635793685913,0.221601113677025,0.044247467070818,0.0137655977159739,0.00145131221506745,0,0.426220506429672,0,128969.265625,NA,81.5587571534614
"MEG125366",1.45466887950897,9.69394683837891,21.8328609466553,11.919976234436,20.3781909942627,3.13682723045349,2.60799980163574,0.936928629875183,2.97695803642273,80.5994415283203,72.3004455566406,59.6448669433594,74.287109375,0.129938468337059,0.239624932408333,0.0771326497197151,0.0228478312492371,0,0,0.530456125736237,0,43533.546875,NA,105.657257118623
"MEG125367",2.14388847351074,9.77272129058838,21.919075012207,12.247428894043,19.7751865386963,6.17074584960938,4.33760976791382,1.1533659696579,5.42689990997314,80.9829635620117,73.4079055786133,60.8039741516113,74.7628173828125,0.14250174164772,0.137372136116028,0.0790416672825813,0.00196308735758066,4.81810896385831e-21,0,0.639114677906036,0,5159.26513671875,NA,9.5858491994307
"MEG125369",9.05648136138916,16.2535343170166,28.4852733612061,18.8863525390625,19.4287910461426,6.81015348434448,4.03609323501587,0.580345749855042,5.74519348144531,74.6706390380859,69.8507537841797,58.8735733032227,70.5604705810547,0.200658887624741,0.292615413665771,0.000981158227659762,0.0229549519717693,0,0,0.266768634319305,0,12798.19140625,NA,48.5017076538672
"MEG125370",1.7830046415329,9.65482997894287,21.6707916259766,11.9629278182983,19.8877849578857,3.91152286529541,3.27342200279236,1.26967585086823,3.92302227020264,81.7509384155273,73.5800704956055,62.0590934753418,75.512451171875,0.147743061184883,0.105028867721558,0.013651991263032,0.00312403310090303,1.32662790432728e-20,0,0.730452060699463,0,4911.345703125,NA,11.0781876820321
"MK001",5.07555770874023,14.0842218399048,26.4991798400879,15.9655113220215,21.4236221313477,1.57126903533936,1.68243181705475,0.658335983753204,1.80694603919983,76.4535446166992,61.9795951843262,43.990795135498,65.4738464355469,0.143166109919548,0.35416254401207,0.163452804088593,0.0076495804823935,0,0.11779960244894,0,0.213769376277924,206229.65625,NA,50.4105563074749
"MK002",4.86621475219727,13.7294321060181,25.8616199493408,15.6552629470825,20.9954032897949,1.48439753055573,1.71361613273621,0.828362226486206,1.68965792655945,76.6767654418945,63.8506469726562,48.8431167602539,66.9259185791016,0.134096905589104,0.351876705884933,0.0919571220874786,0.0031140772625804,0,0.154019102454185,0,0.264936059713364,120890.7109375,NA,33.9835821371223
"MK003",3.68446707725525,11.7747068405151,24.1532211303711,14.2208194732666,20.4687557220459,2.50222373008728,2.08972883224487,0.637246906757355,2.83488821983337,81.3439636230469,69.9979476928711,54.4633293151855,71.8175506591797,0.0754893347620964,0.217227399349213,0.0833042860031128,0.0148064084351063,0.00021837193344254,0.084473542869091,0.3619404733181,0.105694852769375,277926.90625,NA,77.976644968908
"MK004",5.61414003372192,14.4463024139404,26.7693424224854,16.3987407684326,21.1552028656006,1.75118005275726,1.73427712917328,0.731714844703674,1.78759694099426,76.6718139648438,63.5197143554688,47.6169128417969,66.8799819946289,0.175162672996521,0.346392393112183,0.060356967151165,0.00378579809330404,0,0.182583197951317,0,0.22686605155468,110556.4765625,NA,40.1705275408962
"MK005",4.34195041656494,12.964882850647,25.3944263458252,15.1874752044678,21.0524749755859,1.88770306110382,1.79752147197723,0.610447883605957,2.21688270568848,79.5294647216797,66.2900390625,48.6388473510742,68.6945190429688,0.16131266951561,0.229850992560387,0.158957913517952,0.00737311225384474,0,0.185449182987213,0.0200319103896618,0.220120891928673,205086.078125,NA,41.9428803127051
"MK006",2.64436388015747,10.9402761459351,23.2255172729492,13.1674852371216,20.5811557769775,2.71633267402649,2.32781195640564,0.77636992931366,2.88249731063843,80.9733047485352,70.9040069580078,55.4922142028809,72.3957595825195,0.0973830297589302,0.340047955513,0.0482948087155819,0.0246176440268755,0,0.0499323010444641,0.348242819309235,0.0900096371769905,331815.75,NA,136.674632036883
"MK007",4.32286596298218,12.8888339996338,24.8560600280762,14.8078937530518,20.5331935882568,1.4767107963562,1.86588549613953,0.843175709247589,1.78470587730408,76.6389770507812,65.0077285766602,49.8857231140137,67.991943359375,0.191572979092598,0.246402934193611,0.0522392392158508,0.0106014972552657,0,0.0992981866002083,0,0.399885207414627,125418.96875,NA,54.4782291473253
"MK008",4.13749599456787,12.9816017150879,25.2647609710693,14.8772125244141,21.1272678375244,1.73688399791718,1.85336065292358,0.740064203739166,2.05964493751526,77.5906143188477,65.2327499389648,48.7795028686523,68.0811614990234,0.168497934937477,0.296996861696243,0.0971810445189476,0.026950953528285,0,0.127936124801636,0,0.282437056303024,263882.90625,NA,148.010560329984
"NL11",5.54611206054688,11.2882165908813,19.5334453582764,13.5807485580444,13.9873342514038,3.22100901603699,2.20139670372009,2.3319103717804,2.79676842689514,87.993293762207,79.8843688964844,78.8857879638672,85.5346069335938,0.240686610341072,0.306239783763885,3.46543926887932e-09,0.0383570119738579,0,2.27137664232657e-09,0,0.292050510644913,504179.15625,NA,212.285164373269
"NL12",6.19506072998047,11.3234119415283,19.5889110565186,14.0118284225464,13.3938512802124,3.43605494499207,2.1990954875946,2.31164264678955,2.98978328704834,86.7761306762695,80.5827713012695,79.2239685058594,84.5193176269531,0.17956218123436,0.290480077266693,0.00137775612529367,0.0318486504256725,7.79162463688875e-29,2.53670723315835e-10,0.122119165956974,0.126246348023415,587166.375,NA,149.130932496524
"NL13",5.82558631896973,11.4651298522949,19.8382778167725,13.7176141738892,14.0126905441284,3.23784947395325,2.25378155708313,2.33900594711304,2.70228695869446,88.2249069213867,78.7408142089844,77.1555633544922,85.3622741699219,0.270294100046158,0.318131417036057,2.29929519868222e-09,0.0343103483319283,2.20243691020913e-28,1.18902931944831e-09,0.105194583535194,0.242794632911682,505607.28125,NA,187.017553279202
"NL21",6.19943046569824,11.7390460968018,20.2158241271973,13.9662399291992,14.016393661499,3.15581917762756,2.27945470809937,2.3020498752594,2.62626552581787,87.9280853271484,77.8154373168945,75.1579666137695,84.7069625854492,0.248728111386299,0.312031984329224,4.01554078877098e-09,0.0480144135653973,1.86070026198892e-28,6.70902555732766e-10,0.0888722836971283,0.290219008922577,933250.5625,NA,271.516887399852
"NL22",6.37907266616821,11.9346475601196,20.6052684783936,14.1625080108643,14.2261943817139,3.2528235912323,2.28871774673462,2.1612982749939,2.66852521896362,87.7920989990234,77.4532699584961,74.0887680053711,84.3150405883789,0.253752201795578,0.180139183998108,1.8695449632844e-09,0.0748990997672081,5.22158704865488e-33,1.58750360079729e-10,0.00319346110336483,0.483052313327789,2050665.5,NA,401.757326616179
"NL23",6.45085954666138,11.5846757888794,20.0046844482422,14.3205137252808,13.553825378418,3.53383564949036,2.29206085205078,2.33334946632385,2.97691106796265,86.7522964477539,79.8024139404297,77.7927932739258,84.0279006958008,0.218871399760246,0.174608558416367,2.49782616812411e-09,0.0689943358302116,0,9.66221685994029e-11,0.0703369826078415,0.214246556162834,896680.375,NA,376.816740293232
"NL31",6.39765977859497,11.8428897857666,20.3334217071533,14.2647104263306,13.9357624053955,3.46967124938965,2.20364332199097,2.15372824668884,3.00613117218018,87.4157028198242,78.9649200439453,76.5418090820312,84.5241165161133,0.304610878229141,0.12473177164793,1.6677673686516e-09,0.173391953110695,0,1.71146855910444e-13,0.165629833936691,0.146394327282906,1430581,NA,978.366136775661
"NL32",6.5836067199707,11.5793037414551,19.9026641845703,14.6064853668213,13.3190574645996,3.77423620223999,2.26085329055786,2.26258754730225,3.3629515171051,85.6405029296875,80.6600875854492,79.2701644897461,83.3909301757812,0.297385007143021,0.100567862391472,8.97484531137138e-10,0.106291264295578,0,2.72758269963258e-13,0.063698448240757,0.0890176892280579,2105288.5,NA,623.091192747665
"NL33",6.71420335769653,11.9217081069946,20.4934043884277,14.4773359298706,13.7792015075684,3.26072692871094,2.07558131217957,2.08048701286316,2.9651198387146,87.0315246582031,78.7705612182617,75.9308395385742,84.1402740478516,0.253094702959061,0.122636444866657,1.41784095575304e-09,0.161386474967003,0,1.79632267394148e-10,0,0.381469666957855,2360972,NA,735.121549104587
"NL34",6.95411920547485,12.2448101043701,21.1418285369873,15.0072002410889,14.1877098083496,3.06699728965759,1.9820282459259,2.04414868354797,2.77383494377136,86.9474182128906,78.302848815918,74.9730682373047,83.8803939819336,0.23238842189312,0.14709435403347,2.05473105197029e-09,0.121377840638161,0,2.67653482710628e-10,0,0.365452229976654,749394,NA,404.727667682962
"NL41",6.58379983901978,12.1184272766113,20.943998336792,14.3960494995117,14.3601989746094,3.11445927619934,2.1514265537262,2.00275421142578,2.62072563171387,87.2978439331055,77.158935546875,73.3445053100586,83.7546234130859,0.260910153388977,0.124154582619667,9.7097030415938e-10,0.121702961623669,0,6.29119534245604e-11,0,0.475901126861572,2929126,NA,578.299263778398
"NL42",6.38227653503418,12.309757232666,21.3500061035156,14.5165195465088,14.9677295684814,2.99549412727356,2.28985786437988,2.14613914489746,2.47975993156433,86.6247787475586,76.1141662597656,71.6239547729492,82.9446334838867,0.228759959340096,0.0942589715123177,6.14593376191408e-10,0.0912261977791786,0,6.20938717110775e-11,0,0.585754990577698,1050486.625,NA,480.061658184192
"NO011",-0.822340726852417,8.92138957977295,18.3273010253906,9.66020107269287,19.1496429443359,2.81197071075439,2.53062152862549,3.24124193191528,3.85793662071228,86.2664642333984,71.0521087646484,72.2901840209961,85.5415878295898,0.0205224435776472,0.0964619666337967,0.00919203460216522,0.110173486173153,0.0919456332921982,0,0.557280540466309,0,225242.625,NA,493.874338227056
"NO012",-0.836061716079712,8.99623012542725,18.3552494049072,9.615478515625,19.1913089752197,2.59738826751709,2.30914187431335,3.06412291526794,3.58257269859314,86.478874206543,70.6170349121094,72.2731094360352,85.8488922119141,0.0551329478621483,0.122917659580708,0.00898097082972527,0.0462753474712372,0.078012228012085,0,0.615412652492523,0,911049,NA,185.734294642874
"NO021",-4.14523553848267,6.1143479347229,15.4503288269043,6.96261262893677,19.5955638885498,1.83413755893707,2.01105523109436,3.30600953102112,2.70093727111816,86.5002822875977,70.6881790161133,73.7409057617188,85.30712890625,0.0336204841732979,0.0548173785209656,0.0473399646580219,0.00389475002884865,0.13368833065033,0,0.696922361850739,0,214469.453125,NA,7.88005542202174
"NO022",-4.920569896698,4.6140627861023,14.2057342529297,6.15573120117188,19.1263046264648,2.14225697517395,2.06022071838379,3.13034224510193,2.797114610672,84.8356246948242,72.7675857543945,73.1807403564453,84.2883377075195,0.024407334625721,0.0409189686179161,0.0292086154222488,0.00376086425967515,0.27794823050499,0,0.581096768379211,0,209733.65625,NA,8.40802100430387
"NO031",0.967858552932739,9.68860340118408,18.9457836151123,10.5433969497681,17.9779243469238,2.94857907295227,2.30408048629761,2.92814493179321,3.74856185913086,85.7319488525391,72.2375030517578,73.4657440185547,85.7443466186523,0.00756777124479413,0.0751864165067673,0.0124222766608,0.0329714827239513,0.0448765382170677,0,0.618548154830933,0,379617.84375,NA,90.6204712080749
"NO032",-2.63335156440735,7.09006977081299,16.5894718170166,8.25477027893066,19.2228240966797,2.13935327529907,2.2427294254303,3.32426023483276,3.11737561225891,85.1722412109375,72.3256607055664,71.8048248291016,84.0071563720703,0.0134497648105025,0.0482351332902908,0.0217379741370678,0.00917872507125139,0.167702004313469,0,0.704279959201813,0,381550.78125,NA,25.704038780679
"NO033",0.987435162067413,9.80324745178223,18.9808578491211,10.9045896530151,17.9934215545654,3.77793979644775,3.08888483047485,3.5004243850708,4.73556137084961,83.7722091674805,72.0447769165039,73.5417022705078,84.4574584960938,0.0123084103688598,0.102715648710728,0.000266553164692596,0.0542555563151836,0.0724710077047348,0,0.591132521629333,0,306499.46875,NA,136.136699010541
"NO034",-2.66474318504333,5.92397499084473,15.4837093353271,7.66796827316284,18.1484527587891,2.97496604919434,2.77912616729736,3.54681539535522,4.08094549179077,85.7823028564453,73.7560806274414,73.5990219116211,85.03125,0.00584574649110436,0.0729003176093102,0.0435600504279137,0.00417845975607634,0.172104299068451,0,0.674675703048706,0,131049.1953125,NA,8.56478182890978
"NO041",-0.221513360738754,7.30517196655273,16.3582191467285,9.26102638244629,16.5797309875488,5.45593500137329,3.88328385353088,3.81595659255981,5.90652513504028,86.2229995727539,76.2740478515625,75.4410400390625,86.4255676269531,0.0106808068230748,0.028921602293849,0.0378115773200989,0.00382377253845334,0.218740820884705,0,0.633602023124695,0,74275.8046875,NA,8.10027983366839
"NO042",1.46346652507782,7.99020671844482,16.6582069396973,10.2553548812866,15.1947402954102,9.0253210067749,5.33130788803101,4.3469614982605,8.2377758026123,86.7930221557617,78.7791900634766,78.310791015625,87.4688568115234,0.019420126453042,0.00502540357410908,0.00446358462795615,0.0061898953281343,0.180380612611771,0,0.676281571388245,0,149110.640625,NA,20.1069733432479
"NO043",1.69455683231354,7.59451675415039,15.8994178771973,10.0845947265625,14.2048597335815,8.70023345947266,5.25344610214233,4.61874961853027,8.91293048858643,86.1275482177734,80.0235824584961,81.3619537353516,86.899284362793,0.0618383102118969,0.00580095918849111,0.00287440652027726,0.0134733859449625,0.24105529487133,0.0109609086066484,0.513864815235138,0.00328471860848367,337460.6875,NA,35.3718964638042
"NO051",0.695178091526031,7.40337991714478,15.5602674484253,9.48510646820068,14.8650894165039,8.6434268951416,6.20370626449585,4.91143798828125,9.25965595245361,85.6116638183594,78.3415985107422,78.8363800048828,86.0257415771484,0.020951172336936,0.0463020540773869,0.062440674751997,0.00274624046869576,0.289954483509064,0.000144542165799066,0.433130383491516,4.33157838415354e-05,117784.640625,NA,7.43035909909547
"NO052",0.288234829902649,6.78321123123169,15.0772495269775,9.06515026092529,14.7890148162842,7.92759323120117,5.7606930732727,4.34048843383789,8.24371433258057,83.7438354492188,76.8797073364258,77.6556701660156,84.7184524536133,0.0225245207548141,0.0457653887569904,0.071636363863945,0.00338222458958626,0.332863599061966,0,0.349716067314148,0,117607.765625,NA,6.07463846808209
"NO053",-1.10031259059906,5.04812288284302,13.7326707839966,7.61573028564453,14.8329820632935,7.11264514923096,5.02097320556641,3.8525857925415,6.42888307571411,80.8414611816406,75.6818695068359,80.6099700927734,82.5300598144531,0.0293342489749193,0.0360214933753014,0.0686606764793396,0.00522499531507492,0.306449890136719,0,0.400267243385315,0,166377.703125,NA,10.8420311620809
"NO061",-1.05858254432678,6.13435792922974,14.3895444869995,7.82447290420532,15.4481267929077,4.49032688140869,3.5963180065155,3.6562979221344,3.94427371025085,83.7233810424805,74.0743103027344,79.3238067626953,84.1637496948242,0.0392083935439587,0.0452008359134197,0.0466316305100918,0.00649358285591006,0.181272521615028,0,0.58963817358017,0,318403.71875,NA,16.9338280182141
"NO062",-0.749594926834106,6.28850650787354,14.5329275131226,8.13959121704102,15.2825222015381,5.49678516387939,4.65360593795776,3.61504006385803,4.80896472930908,86.568115234375,76.2417144775391,79.5619888305664,87.0061721801758,0.0240580849349499,0.0763945803046227,0.081289678812027,0.00219631637446582,0.12689308822155,0,0.613951921463013,0,110419.84375,NA,4.85574483379652
"NO071",-3.56159257888794,3.27131366729736,13.5222206115723,6.10356426239014,17.083812713623,6.0561351776123,4.7546820640564,3.40572381019592,6.04557132720947,83.4350662231445,77.6010818481445,77.9966506958008,85.0810928344727,0.00727700162678957,0.0247397385537624,0.0636552944779396,0.00181290181353688,0.282443702220917,0.00659435801208019,0.468341916799545,8.97427526069805e-05,106734.7734375,NA,2.76503170467685
"NO072",-5.36956691741943,1.09196138381958,12.7486934661865,4.55272197723389,18.1182594299316,3.38448214530945,2.64242219924927,2.4246072769165,3.42848896980286,82.607551574707,76.6074676513672,77.794189453125,85.0805969238281,0.0096082491800189,0.00150392972864211,0.00285140611231327,0.00213827705010772,0.399702131748199,0.000338152865879238,0.448223412036896,1.62618721333274e-06,119406.6328125,NA,4.60075027069256
"NO073",-7.98770093917847,2.15884113311768,14.2666807174683,4.23573970794678,22.2543811798096,1.79153943061829,1.81064105033875,2.32613778114319,2.00388169288635,85.6221694946289,76.6004486083984,75.1905670166016,87.0577774047852,0.00205081282183528,0.000626574270427227,0.0018558957381174,0.0005414824699983,0.586559891700745,0.028745174407959,0.279855906963348,1.34061456265044e-05,47926.453125,NA,0.99902042328589
"PL213",2.95847344398499,12.0117950439453,21.4685668945312,12.7409238815308,18.5100936889648,1.95318150520325,2.43723654747009,2.17651033401489,1.69094753265381,84.9098739624023,73.8501586914062,70.087043762207,79.1067657470703,0.2679103910923,0.0321170315146446,7.08001324234431e-10,0.0468481406569481,0,0,0.054276131093502,0.598848342895508,96665.3828125,NA,289.174202229018
"PL214",2.54685878753662,11.7027931213379,21.098991394043,12.4226808547974,18.5521335601807,2.0376980304718,2.64171838760376,2.37848377227783,1.82385087013245,84.4643859863281,73.9059677124023,71.1458511352539,79.4540634155273,0.233698904514313,0.0366090498864651,6.9211292252902e-10,0.0372483655810356,0,0,0.116479396820068,0.575931251049042,935198.75,NA,230.90288592789
"PL217",2.66671061515808,12.1370477676392,21.5039901733398,12.7308692932129,18.8372802734375,1.81418097019196,2.59136748313904,2.40707850456238,1.78749823570251,83.8871917724609,72.9639587402344,69.8220138549805,78.1071853637695,0.24147042632103,0.0334575511515141,1.76272962892909e-09,0.02232700958848,0,0,0,0.702337443828583,386401.3125,NA,146.50153500849
"PL218",1.74885857105255,11.2280988693237,20.4924545288086,11.8956699371338,18.743595123291,2.0387876033783,2.96420168876648,2.74443626403809,2.02073812484741,84.0656280517578,73.5450744628906,72.5294189453125,79.6736221313477,0.168551176786423,0.0428005717694759,0.000166103971423581,0.0199660416692495,0,0,0.166023135185242,0.602396726608276,501650.96875,NA,144.856362589138
"PL219",0.58376669883728,9.59474849700928,18.9156169891357,10.5610837936401,18.3318519592285,3.68700957298279,4.00654697418213,3.37731385231018,2.93945622444153,85.5738525390625,75.5079040527344,74.8687057495117,82.0422821044922,0.137174233794212,0.0564680397510529,2.68255134869833e-05,0.0246286261826754,0,3.87702384614386e-05,0.693550288677216,0.085541844367981,394855.71875,NA,150.046742551597
"PL21A",2.56526875495911,11.4698286056519,20.9195022583008,12.3037271499634,18.3542327880859,2.79923892021179,2.96947503089905,2.53559350967407,2.17758321762085,85.3614501953125,74.5955810546875,71.7177963256836,80.1528854370117,0.181232169270515,0.0408278293907642,7.77539310714559e-10,0.0663797333836555,0,0.000288632843876258,0.124918386340141,0.586353242397308,720541.875,NA,364.130468918858
"PL224",3.33703684806824,11.8966426849365,21.6355152130127,12.8850288391113,18.2984790802002,2.45590376853943,2.46680784225464,2.02298879623413,1.77595293521881,86.3093414306641,74.2088775634766,67.1841278076172,79.3101348876953,0.27195081114769,0.0352680832147598,8.50770232041498e-10,0.0160787589848042,0,0,0,0.676702380180359,391947.53125,NA,128.501007833648
"PL225",1.89343678951263,10.707857131958,20.2273616790771,11.7136602401733,18.3339252471924,3.82758355140686,3.66248393058777,3.06869101524353,2.82470631599426,85.6165771484375,75.1789245605469,73.3764953613281,81.0027847290039,0.164466574788094,0.0529589951038361,7.83526047598571e-05,0.0424069836735725,0,0.000576703867409378,0.0601906068623066,0.675554752349854,578916.25,NA,246.555819080382
"PL227",3.5367956161499,12.0832605361938,21.7297554016113,13.1027278900146,18.1929607391357,2.30427360534668,2.55762648582458,2.25181365013123,1.92704927921295,84.2154541015625,73.2742309570312,69.1306381225586,78.5200424194336,0.316159546375275,0.0350835435092449,2.99062812700868e-05,0.0721183568239212,0,2.19535741052823e-05,0,0.575074672698975,476922.21875,NA,351.810778030356
"PL228",3.47476959228516,11.9800901412964,21.6818103790283,12.9745559692383,18.2070407867432,2.50309062004089,2.46535992622375,2.07396697998047,1.82029724121094,85.8972244262695,73.9952163696289,67.977409362793,79.2980880737305,0.222386389970779,0.0285291578620672,1.541751865064e-10,0.0574880465865135,0,0,0,0.690840184688568,453617.78125,NA,288.333039232968
"PL229",3.67444157600403,12.2100114822388,21.8123931884766,13.1809387207031,18.1379528045654,2.32502484321594,2.46357989311218,2.13446426391602,1.85108029842377,84.6559753417969,73.3843002319336,69.0508270263672,78.6434631347656,0.241607815027237,0.02381706610322,1.03206151957913e-10,0.13131956756115,0,7.37176975278836e-14,0,0.601300299167633,475391.78125,NA,552.269587738945
"PL22A",3.536949634552,12.1861715316772,21.7173385620117,13.0632152557373,18.1803894042969,2.43234944343567,2.50319862365723,2.16738700866699,1.88559520244598,85.166633605957,73.7867050170898,69.7011642456055,78.9968566894531,0.162756010890007,0.0201962664723396,7.32826022087352e-11,0.14837358891964,0,0,0,0.667359411716461,251944.078125,NA,647.759716124093
"PL22B",3.30983829498291,12.048828125,21.6206607818604,12.8980169296265,18.3108234405518,2.35648036003113,2.48992419242859,2.12571549415588,1.81498539447784,85.685417175293,74.1296844482422,69.0410385131836,79.1853485107422,0.201335951685905,0.0302899796515703,5.0150245067826e-10,0.0703193247318268,0,0,0,0.698045611381531,663911.3125,NA,365.151497296758
"PL22C",3.14264941215515,11.7741298675537,21.3328990936279,12.7317457199097,18.1902503967285,2.82822275161743,2.83852624893188,2.42315530776978,2.15499782562256,85.1328201293945,74.0338745117188,70.5553359985352,79.3502502441406,0.173563525080681,0.0306992121040821,4.41915799456183e-05,0.124055847525597,0,5.25778232258745e-05,0,0.668052792549133,524016.59375,NA,557.997079775608
"PL411",3.7181248664856,11.5350351333618,20.9614753723145,12.92995262146,17.243350982666,2.17620205879211,2.1309540271759,2.24423217773438,1.68304347991943,87.9304885864258,76.2572174072266,72.4280242919922,83.744255065918,0.348627895116806,0.0558385439217091,0.000283647299511358,0.00660810619592667,0,1.55940906888807e-13,0,0.583759367465973,361743.15625,NA,55.9546227216692
"PL414",3.72907423973083,11.9345293045044,21.5330829620361,13.0703935623169,17.8040065765381,1.92498433589935,1.93343591690063,2.01283144950867,1.53751885890961,86.4958343505859,74.9622268676758,69.5668411254883,81.1522903442383,0.497002869844437,0.0751496329903603,1.19506637918931e-09,0.0126861995086074,0,0,0,0.408070176839828,499237.84375,NA,77.941807888585
"PL415",3.8452730178833,12.1424283981323,21.899866104126,13.1235990524292,18.054594039917,2.00809597969055,1.95685839653015,2.05002450942993,1.57883214950562,86.2828521728516,75.0203323364258,68.4786987304688,81.5531997680664,0.437217444181442,0.0563601367175579,4.32356067614492e-10,0.0647153183817863,0,0,0,0.438004046678543,94464.7890625,NA,374.944188339055
"PL416",3.69724631309509,12.0350522994995,21.730655670166,13.0823163986206,18.033411026001,2.1183032989502,2.08687877655029,1.96486687660217,1.60637009143829,86.0187530517578,74.2731399536133,67.5299987792969,80.2158050537109,0.457028150558472,0.0537307076156139,1.4015589799854e-09,0.013978629373014,0,1.99559844289623e-14,0,0.472472429275513,507829.5625,NA,87.6048171695686
"PL417",3.97749257087708,12.2545795440674,21.992467880249,13.3141717910767,18.0149745941162,2.06492877006531,2.02535629272461,2.01964139938354,1.59069585800171,86.109001159668,74.5830688476562,67.4983367919922,81.09521484375,0.392103761434555,0.0613441243767738,2.32768543355633e-05,0.0167047623544931,0,3.49300205730249e-13,0,0.525299727916718,634577.6875,NA,106.229618317389
"PL418",3.8701901435852,12.0419092178345,21.6843700408936,13.1326389312744,17.8141803741455,2.06861424446106,1.99324452877045,2.09503102302551,1.59189999103546,86.6343688964844,75.0783233642578,69.3263473510742,81.98681640625,0.427165389060974,0.0569864585995674,2.97577134915628e-05,0.0264723841100931,0,4.33525557032993e-14,0,0.486212432384491,827424.375,NA,168.976302863084
"PL424",4.18302583694458,11.8670797348022,21.2643718719482,13.3875799179077,17.0813465118408,2.04846048355103,2.00312519073486,2.13041520118713,1.68413925170898,87.3301086425781,76.7644271850586,73.3342056274414,83.48681640625,0.311880528926849,0.0894477739930153,1.28881394445557e-09,0.0318732522428036,0,1.22439786174461e-12,0,0.526804327964783,56972.68359375,NA,192.018157050198
"PL426",3.72850251197815,11.0162115097046,20.1732959747314,12.8562479019165,16.4447937011719,2.87014293670654,2.38051080703735,2.7236852645874,2.45138907432556,87.2538452148438,78.273307800293,77.9526062011719,85.0946426391602,0.176429718732834,0.0752311050891876,0.000335456687025726,0.0086542135104537,0,1.31018473522627e-13,0,0.620030641555786,196816.390625,NA,45.3122781419581
"PL427",3.80282855033875,11.3207235336304,20.62229347229,12.9760551452637,16.819465637207,2.50973057746887,2.32529234886169,2.46594452857971,1.98606908321381,88.3725280761719,77.0612335205078,74.7742919921875,84.6046524047852,0.252703666687012,0.065702311694622,0.00190600170753896,0.00646984530612826,0,1.34553731546451e-13,0,0.660745680332184,495722,NA,48.1221097765125
"PL428",4.16235733032227,11.7077865600586,21.0904541015625,13.3384780883789,16.9280967712402,2.21041870117188,2.07916259765625,2.24326920509338,1.83013999462128,87.2627944946289,76.8743057250977,73.6001358032227,83.4457168579102,0.319729328155518,0.0963158532977104,0.000179787079105154,0.0120472079142928,0,1.55488675320642e-12,0,0.537710309028625,532795.6875,NA,71.5103685059041
"PL431",4.14355802536011,12.2030515670776,21.8323345184326,13.4859924316406,17.688777923584,2.0472400188446,1.99572670459747,2.00848197937012,1.61710393428802,86.4139862060547,74.3159637451172,68.2130508422852,81.7122268676758,0.201777145266533,0.0772613808512688,0.00104016368277371,0.00762296514585614,0,1.11220169358994e-13,0,0.706676781177521,359510.34375,NA,59.4386339946836
"PL432",4.19951629638672,12.440896987915,22.1754474639893,13.6227321624756,17.9759292602539,2.15771079063416,2.05092978477478,2.02945184707642,1.70481538772583,85.333740234375,73.2552108764648,65.7351608276367,80.2822723388672,0.208410814404488,0.0616332516074181,0.000347910478012636,0.014566414989531,0,2.87545561092253e-14,0,0.711311161518097,615972.125,NA,78.230947508912
"PL514",3.95502591133118,12.3702259063721,22.0840110778809,13.3865833282471,18.1289844512939,1.99793064594269,2.09356451034546,2.08209300041199,1.57109975814819,84.7220687866211,73.7342147827148,68.0943145751953,79.7954330444336,0.351565957069397,0.0492540597915649,8.59650184370508e-10,0.0366730727255344,0,0,0,0.562341690063477,71341.0625,NA,246.866872327687
"PL515",3.56549501419067,11.7796277999878,21.242696762085,12.9259738922119,17.6772022247314,3.44033002853394,3.0700798034668,2.74329566955566,2.53980994224548,86.0546646118164,75.5162200927734,71.179931640625,82.2802963256836,0.252660423517227,0.0713488087058067,0.000650915608275682,0.0202805362641811,0,8.34116071928293e-05,0,0.654482305049896,514909.46875,NA,92.6073058171368
"PL516",4.07294416427612,12.4383172988892,22.0834083557129,13.472903251648,18.010461807251,2.06069397926331,2.14438581466675,2.14949345588684,1.64925265312195,85.0561294555664,74.1463928222656,67.6757659912109,80.3959426879883,0.35774838924408,0.0569244958460331,6.45983845970477e-06,0.0221382547169924,0,0,0,0.560795307159424,342939.625,NA,100.673538399083
"PL517",2.54753232002258,10.7494888305664,20.3248043060303,11.9342374801636,17.777271270752,2.60201573371887,2.77935695648193,2.57406449317932,2.08009052276611,86.1820755004883,75.9255523681641,72.8444137573242,82.5513610839844,0.322750359773636,0.0588895939290524,0.00102899991907179,0.0206039808690548,0,8.27573694550665e-06,0.042047206312418,0.554644048213959,430005.53125,NA,102.466554218149
"PL518",3.78484988212585,12.1806507110596,21.8792171478271,13.2177209854126,18.0943660736084,1.9714959859848,2.13895058631897,2.12556076049805,1.60048520565033,84.6005249023438,73.8585357666016,68.4741668701172,79.8752059936523,0.387515664100647,0.0534038320183754,1.11458886564719e-09,0.0275008678436279,0,6.98349865890964e-14,0,0.530786156654358,1132922.25,NA,177.444461304777
"PL523",3.2737889289856,11.6739692687988,21.3859272003174,12.7763605117798,18.1121387481689,2.30679178237915,2.5474374294281,2.29551720619202,1.88550865650177,84.4033355712891,73.9928131103516,69.3371887207031,79.6311416625977,0.413894176483154,0.0564215555787086,0.000317859638016671,0.0141758685931563,0,0.000350919493939728,0,0.513338088989258,316068.1875,NA,77.5340212734708
"PL524",3.679039478302,12.174108505249,21.9298667907715,13.2106523513794,18.2508277893066,2.15618848800659,2.28386378288269,2.06033849716187,1.71744537353516,84.8075256347656,73.4409408569336,67.2977905273438,78.8593521118164,0.350286573171616,0.0372864454984665,7.58429985481257e-10,0.0170809403061867,0,5.08078822070157e-14,0,0.592229545116425,476915.1875,NA,90.1198087965318
"PL613",3.63551759719849,11.5758352279663,20.8672542572021,12.8927564620972,17.2317371368408,1.83622062206268,1.85635590553284,2.2907931804657,1.56761181354523,87.7683029174805,76.313606262207,73.472541809082,83.1510620117188,0.448276400566101,0.0720546245574951,8.70229666105615e-10,0.0296703726053238,0,0,0,0.44101756811142,439690.0625,NA,151.66497737058
"PL616",3.50970673561096,11.655930519104,20.9409198760986,12.8975839614868,17.4312114715576,1.90598702430725,1.86123311519623,2.25785613059998,1.58038091659546,88.1600952148438,76.5469665527344,74.3588714599609,82.9871826171875,0.47608095407486,0.0803815051913261,2.54740843956824e-05,0.0205315221101046,0,0,0,0.414096027612686,442253.8125,NA,108.619771532433
"PL617",3.67148208618164,11.6711273193359,21.0607280731201,12.9325542449951,17.3892459869385,1.82906937599182,1.8288494348526,2.17112731933594,1.53497362136841,87.4049682617188,75.9584274291992,72.1703872680664,82.7400054931641,0.48754945397377,0.0709439292550087,1.52665380337424e-09,0.0151980202645063,0,0,0,0.41609400510788,355273.40625,NA,88.8262071067046
"PL618",3.56944108009338,11.1678972244263,20.3988132476807,12.7297458648682,16.8293724060059,2.20051431655884,2.08705377578735,2.46973252296448,1.78612518310547,88.7924728393555,77.4339065551758,75.4640350341797,84.5072174072266,0.324108898639679,0.0619132779538631,0.000100870573078282,0.0152912456542253,0,2.70445998766262e-14,0,0.589110493659973,315560.375,NA,94.6874048324694
"PL619",3.62426829338074,11.8888502120972,21.3073692321777,13.0042009353638,17.6830997467041,1.85349440574646,1.8569837808609,2.05572366714478,1.49488735198975,86.8900985717773,75.3447723388672,71.6209945678711,81.6365737915039,0.458790153264999,0.0789171159267426,1.60446300689898e-09,0.0140435295179486,0,0,0,0.430482715368271,283794.09375,NA,78.3622869421254
"PL621",3.0182318687439,11.390022277832,20.689266204834,12.6082029342651,17.6710338592529,2.26648998260498,2.08738350868225,2.43295764923096,1.99822103977203,88.0929946899414,77.0058975219727,75.9488220214844,83.7219696044922,0.279569804668427,0.0888453349471092,0.000487727258587256,0.00982009992003441,0,0.00847760401666164,0,0.545673549175262,417793.8125,NA,57.4706892657861
"PL622",2.37989902496338,10.8920335769653,20.370979309082,12.1814527511597,17.991081237793,2.33229494094849,2.2500491142273,2.50877237319946,1.95458102226257,88.2789001464844,76.582275390625,75.506950378418,83.6060104370117,0.246272891759872,0.0684676840901375,0.000114071270218119,0.0087464228272438,1.23187119243084e-05,0.00683788256719708,0.384831130504608,0.262594997882843,518695.1875,NA,50.4789042944109
"PL623",1.96143579483032,10.8534832000732,20.2768898010254,11.9455289840698,18.3154544830322,2.14268684387207,2.24596810340881,2.43350839614868,1.80903851985931,88.0959625244141,75.9589309692383,75.2162094116211,83.3117446899414,0.235668554902077,0.0845995396375656,0.000864480738528073,0.0075318175368011,1.33893418023945e-05,0.0152523219585419,0.0967140942811966,0.504997909069061,265398.96875,NA,41.8243099838243
"PL633",3.39852452278137,10.9985046386719,20.3277778625488,12.7365293502808,16.9292526245117,2.22218108177185,1.92357492446899,2.2924222946167,2.10694456100464,87.2290115356445,78.1190643310547,76.7687301635742,84.0446929931641,0.230838403105736,0.118952296674252,1.02171782145888e-09,0.0576240569353104,0,0,0,0.403885036706924,116190.2265625,NA,263.670782285235
"PL634",3.36397695541382,10.7377033233643,20.1099071502686,12.6653823852539,16.7459316253662,2.64737105369568,2.06467580795288,2.4206109046936,2.32442140579224,87.2368774414062,78.6975631713867,77.8077011108398,84.4913177490234,0.187281101942062,0.102147795259953,0.000522134592756629,0.0257066786289215,0,1.61421776283532e-05,0,0.471042722463608,601718.6875,NA,141.288226173618
"PL636",3.51165628433228,10.5519742965698,19.8307571411133,12.6686677932739,16.3191013336182,3.44965577125549,2.54839468002319,2.83040142059326,2.69613742828369,88.3987731933594,78.7173767089844,78.2640075683594,85.4515151977539,0.160881504416466,0.0807855725288391,8.46694019855931e-05,0.0071424632333219,0,0,0,0.690024018287659,223805.328125,NA,42.9967776211535
"PL637",3.39771938323975,10.6083946228027,19.8494625091553,12.5090856552124,16.4517421722412,2.87751531600952,2.46048879623413,2.66888999938965,2.15096044540405,89.7784271240234,78.5063629150391,77.5262298583984,86.0032196044922,0.232164308428764,0.0609716773033142,0.000215577470953576,0.00411974918097258,0,6.55501221946448e-15,0,0.688463449478149,206710.875,NA,50.5273731502021
"PL638",3.46715092658997,11.2669630050659,20.4713973999023,12.7324686050415,17.0042457580566,2.04854106903076,1.95679986476898,2.4097466468811,1.85559499263763,88.2296295166016,77.6493988037109,76.4063339233398,83.9566345214844,0.317586481571198,0.0857429057359695,0.000516452942974865,0.017820481210947,0,2.40745211987263e-14,0,0.518259584903717,419474.71875,NA,102.744522301005
"PL711",3.42047357559204,11.9053649902344,21.5411758422852,12.8789310455322,18.1207027435303,2.25151205062866,2.12031817436218,1.87492179870605,1.54402542114258,86.5454864501953,75.0663223266602,69.1505584716797,80.4811935424805,0.385126858949661,0.0370522662997246,1.10025599742158e-09,0.066025622189045,0,0,0,0.511795222759247,85376.3515625,NA,293.35012393561
"PL712",3.41161060333252,11.904447555542,21.5413455963135,12.875804901123,18.1297359466553,2.25015020370483,2.12267255783081,1.88027119636536,1.54152941703796,86.5360717773438,75.1126174926758,69.2864837646484,80.5083847045898,0.391367614269257,0.0393840000033379,1.00886421439128e-09,0.0592359192669392,0,0,0,0.509757161140442,589309.125,NA,265.511621529203
"PL713",3.34744167327881,11.9919385910034,21.6837978363037,12.8946962356567,18.3363571166992,2.30506229400635,2.26770257949829,1.93688809871674,1.6281498670578,86.3286743164062,74.7549819946289,68.2621231079102,79.8728485107422,0.333694517612457,0.0334361977875233,5.6846394258514e-10,0.0155526166781783,0,0,0,0.617316663265228,490660.25,NA,83.1451256112129
"PL714",3.62145566940308,12.0784091949463,21.7845344543457,13.1074142456055,18.1630802154541,2.24817204475403,2.15667104721069,1.89846289157867,1.61715877056122,86.1181564331055,74.2637405395508,67.4041519165039,79.8091506958008,0.410295277833939,0.0419970415532589,1.49771495205897e-09,0.0193036012351513,0,0,0,0.528362095355988,587524,NA,104.821261142572
"PL715",3.45114850997925,11.9800958633423,21.5886249542236,12.9328746795654,18.1374759674072,2.05112910270691,2.04991030693054,1.93155705928802,1.48473858833313,86.1045150756836,75.0851669311523,70.1892929077148,80.4858551025391,0.421348065137863,0.0645140409469604,2.3847040210967e-05,0.0129722850397229,0,0,0,0.496891438961029,298901.75,NA,73.3801007844854
"PL721",2.96406698226929,11.9550514221191,21.6003246307373,12.7195796966553,18.6362571716309,2.18125581741333,2.30251836776733,1.97654819488525,1.64682292938232,86.0241165161133,74.6661529541016,68.55224609375,79.3264007568359,0.262094169855118,0.017498167231679,1.14354137270567e-09,0.0227327384054661,0,0,0,0.697424292564392,546788.9375,NA,109.14999816583
"PL722",3.080806016922,12.1735391616821,21.7774276733398,12.8998260498047,18.6966209411621,1.95171201229095,2.28109955787659,1.98682379722595,1.61607909202576,85.1980972290039,73.7855758666992,67.8713607788086,78.3569641113281,0.292669892311096,0.0226919297128916,1.52539525455353e-09,0.0180111695080996,0,0,0,0.665580153465271,646263.8125,NA,97.3732271447504
"PL811",2.49767184257507,11.8046751022339,21.5458126068115,12.4918718338013,19.0481414794922,2.13571286201477,2.3463761806488,1.92488586902618,1.5817369222641,85.9829254150391,74.8062973022461,68.7094955444336,79.141227722168,0.377232432365417,0.025800010189414,0.000214309402508661,0.00453272182494402,0,0,0,0.590135514736176,170324.453125,NA,28.6161044087857
"PL812",2.51159191131592,11.9293832778931,21.6750736236572,12.675877571106,19.1634826660156,2.06428742408752,2.47008323669434,2.0253689289093,1.64667153358459,85.0709457397461,74.1347808837891,68.8912658691406,77.8353652954102,0.398326098918915,0.0198554638773203,1.11444114736514e-05,0.010021086782217,0,0.00650132307782769,0,0.564389586448669,456221.71875,NA,49.0793712421093
"PL814",2.63506889343262,11.8384971618652,21.5332660675049,12.5871448516846,18.8981971740723,2.29093146324158,2.506507396698,1.89788174629211,1.69009733200073,85.6567611694336,74.444091796875,68.9035949707031,78.8657379150391,0.438441574573517,0.0203132666647434,3.03159813483944e-05,0.0340253785252571,0,0,0,0.505572319030762,652688.5625,NA,155.613682343818
"PL815",2.8272659778595,11.9626045227051,21.6088600158691,12.673243522644,18.7815952301025,2.19794368743896,2.39439558982849,1.90605962276459,1.69038164615631,85.4723739624023,74.1181716918945,68.7077331542969,79.0019836425781,0.37163457274437,0.022141020745039,5.45183775102487e-06,0.012091051787138,0,0,0,0.590549111366272,429313.46875,NA,76.2353351683459
"PL821",2.43751645088196,11.9087686538696,21.3574848175049,12.5504655838013,18.9199695587158,2.42411184310913,3.16357183456421,2.5276825428009,2.17469215393066,86.1035842895508,74.9804382324219,71.9120864868164,79.3209075927734,0.149095430970192,0.0405889265239239,0.000256506580626592,0.0135971661657095,0,0.00968087930232286,0.00969439465552568,0.777054488658905,353943.15625,NA,63.6005936607591
"PL822",2.98169922828674,12.277099609375,21.8542938232422,12.9971389770508,18.8725967407227,2.38737869262695,2.88599586486816,2.15711975097656,1.87687265872955,84.4827423095703,74.0009231567383,69.2058944702148,77.2528381347656,0.262924909591675,0.0418928600847721,3.71288406313397e-05,0.0118565177544951,0,0.0870126411318779,0,0.596275925636292,303577.15625,NA,71.0533389593009
"PL823",3.00689578056335,12.3942012786865,21.9373683929443,13.0216550827026,18.9304714202881,2.32392072677612,2.73716378211975,2.13648867607117,1.86172616481781,84.4793319702148,73.1264343261719,68.0030059814453,77.300895690918,0.204257845878601,0.0302424114197493,7.06193418409384e-07,0.0244704987853765,0,0,0,0.741028547286987,472255.96875,NA,134.780155643039
"PL824",3.02312564849854,12.3572587966919,21.9232025146484,12.9893417358398,18.9000759124756,2.1365487575531,2.50206971168518,2.02793979644775,1.73013854026794,84.2926483154297,72.9372253417969,67.3603057861328,77.2269515991211,0.264582127332687,0.0201867837458849,2.23061974224947e-07,0.023650411516428,0,0,0,0.690852642059326,562879.25,NA,125.632105957238
"PL841",1.81036794185638,11.2618913650513,20.7381801605225,11.9810075759888,18.9278125762939,2.01086854934692,2.31010413169861,2.19311881065369,1.60230910778046,87.3195343017578,75.4091339111328,72.3855743408203,81.4148178100586,0.225439980626106,0.0732685551047325,0.00531976437196136,0.0198083892464638,0,0.00676159141585231,0,0.667730271816254,441383.09375,NA,86.4105544702123
"PL842",2.2227578163147,11.4428110122681,20.9417152404785,12.1952247619629,18.718957901001,2.13931274414062,2.38241195678711,2.23244595527649,1.65630340576172,87.2706756591797,75.6946792602539,72.1126251220703,81.3051071166992,0.260835945606232,0.0841669291257858,0.00305723748169839,0.00653646280989051,0,8.19886964310151e-14,0,0.64510828256607,356914,NA,40.5517257018216
"PL843",1.74272286891937,11.0136470794678,20.4256610870361,11.8819227218628,18.6829376220703,2.07420206069946,2.21096682548523,2.28450775146484,1.72304558753967,87.7102508544922,75.7029571533203,74.2966995239258,82.6314849853516,0.25168713927269,0.0905189961194992,0.00364450737833977,0.0068573197349906,0,0.0162805989384651,0,0.617461442947388,238319.6875,NA,38.577655035144
"PL911",3.19175410270691,12.0411367416382,21.7339496612549,12.7474308013916,18.5421943664551,2.06658530235291,2.01967072486877,1.90752363204956,1.48781061172485,85.8003845214844,74.8173675537109,69.7016754150391,80.567512512207,0.211266323924065,0.0274449475109577,7.72316821606722e-10,0.13354417681694,0,0,0,0.61925208568573,381458.125,NA,755.109508795014
"PL912",2.97198796272278,11.8911056518555,21.5492000579834,12.6093292236328,18.5772132873535,2.02507543563843,2.09954500198364,1.94544756412506,1.52705657482147,86.1048583984375,75.0194320678711,69.9497375488281,80.7307968139648,0.260967671871185,0.0364490710198879,0.000254087906796485,0.0714823380112648,0,0,0,0.626922428607941,1327257.25,NA,421.780548119338
"PL913",3.21296787261963,12.0031299591064,21.6913318634033,12.7687482833862,18.478364944458,2.01329326629639,2.00918054580688,1.92632806301117,1.47459483146667,85.847541809082,75.0163650512695,70.272102355957,80.6733703613281,0.257129281759262,0.0282376743853092,4.48054051958025e-05,0.083546057343483,0,0,0,0.620425999164581,1182316,NA,478.959859793309
"PL921",3.00273871421814,11.9862823486328,21.6481094360352,12.7004919052124,18.6453704833984,2.02083015441895,2.26894617080688,1.94989311695099,1.61361789703369,85.4105606079102,74.5252914428711,69.1328964233398,79.6136856079102,0.294683337211609,0.0183960609138012,5.66684793739114e-05,0.0172711424529552,0,0,0,0.664650917053223,593043.9375,NA,103.291100364382
"PL922",3.04363751411438,11.6724834442139,21.1462020874023,12.6451997756958,18.1025657653809,2.07222986221313,2.07104516029358,2.10700011253357,1.53806257247925,87.5079879760742,76.1609497070312,72.9725799560547,82.2874374389648,0.34952038526535,0.0528236515820026,5.60742591915186e-05,0.00684568332508206,0,1.0481566007118e-14,0,0.588777244091034,294862.9375,NA,56.1743323322248
"PL923",3.36449074745178,11.8474788665771,21.3230533599854,12.8756132125854,17.9585628509521,1.95035266876221,1.94458258152008,1.99221301078796,1.45791268348694,86.8538131713867,75.6029739379883,71.8186645507812,81.4831008911133,0.390296667814255,0.0841928198933601,1.17690468481868e-09,0.0128010455518961,0,0,0,0.502189934253693,267570.25,NA,80.8218390566833
"PL924",2.65165233612061,11.4983892440796,20.9976806640625,12.3883094787598,18.3460292816162,2.17600440979004,2.30536341667175,2.25612568855286,1.68418109416962,87.3174209594727,75.6922454833984,72.2117614746094,81.9592361450195,0.254961043596268,0.0543708056211472,8.79044164321385e-05,0.0046030692756176,0,1.14520182616443e-13,0,0.685676574707031,303351.90625,NA,46.6729301612308
"PL925",2.70685076713562,11.805214881897,21.394136428833,12.504979133606,18.6872863769531,2.02764225006104,2.28101563453674,2.06121754646301,1.61053657531738,86.5737838745117,75.4241561889648,70.7129135131836,80.7632675170898,0.30551940202713,0.070652075111866,7.41115654818714e-05,0.00854001939296722,0,0,0,0.612797200679779,409895.09375,NA,68.6384702775132
"PL926",3.23101997375488,11.9936475753784,21.6734657287598,12.7850255966187,18.4424457550049,2.01413130760193,2.10088610649109,1.92389070987701,1.53099989891052,85.6426391601562,74.8826370239258,69.9410934448242,80.2969055175781,0.339844524860382,0.0287985652685165,0.000223187045776285,0.00901140458881855,0,0,0,0.616125285625458,204027.5625,NA,80.5964989659279
"PT111",10.254020690918,14.7504205703735,22.0677528381348,17.0676593780518,11.8137321472168,7.09952926635742,2.98949718475342,0.831562340259552,4.84726285934448,83.6072616577148,76.8386764526367,73.8424377441406,81.2053451538086,0.0649450942873955,0.0745862275362015,4.97717034253498e-10,0.0213319547474384,5.97568432567641e-05,0,0.684061229228973,0,201465.234375,NA,91.1552139802504
"PT112",9.64514541625977,14.3022956848145,21.8731555938721,16.5973243713379,12.2280111312866,7.08051013946533,2.94993591308594,0.77335125207901,4.68375205993652,83.5533905029297,76.0171585083008,72.0098342895508,80.5606536865234,0.0682217255234718,0.0587650164961815,3.66742386459507e-10,0.0239490810781717,4.62266070826445e-05,0,0.73967170715332,0,124393.640625,NA,101.094140157048
"PT119",9.04975700378418,14.2047033309937,22.4173240661621,16.4087066650391,13.3675670623779,6.56448602676392,2.62819218635559,0.613515794277191,3.99768257141113,83.7109985351562,73.5492782592773,67.3037414550781,78.6901168823242,0.0927738770842552,0.103069439530373,0.000360067613655701,0.0225711483508348,3.37296987709124e-05,0,0.780153691768646,0,219502.609375,NA,150.236446879182
"PT11A",11.25270652771,16.2967262268066,23.6866874694824,18.4047966003418,12.4339790344238,6.48693799972534,2.47936630249023,0.523295879364014,3.58593654632568,83.017448425293,73.1232757568359,68.403564453125,78.2690277099609,0.0923231840133667,0.0473838783800602,1.27621502254982e-09,0.0273578371852636,0,0,0.832935094833374,0,187511.796875,NA,93.6236090764345
"PT11B",7.71867275238037,13.609561920166,23.15207862854,15.7033910751343,15.433406829834,5.7658896446228,2.33295679092407,0.57156378030777,3.55123376846313,83.3628158569336,70.7519073486328,60.1693305969238,75.8406143188477,0.0740316957235336,0.210279658436775,0.00172429787926376,0.00517803756520152,7.65305521781556e-05,0.00800374615937471,0.695531070232391,0.00139684823807329,79753.5859375,NA,27.2568090354698
"PT11C",10.1592407226562,15.2785739898682,23.1098709106445,17.4444885253906,12.950629234314,6.12864685058594,2.37940073013306,0.528295636177063,3.50345993041992,83.280632019043,72.8387222290039,67.4228668212891,78.1831436157227,0.1281528621912,0.104966334998608,1.85486881409958e-09,0.0295074414461851,0,0,0.737373352050781,0,456003.96875,NA,248.575844745977
"PT11D",8.73034000396729,14.8250494003296,24.4537677764893,16.8433055877686,15.723427772522,4.12438678741455,1.57835400104523,0.347828447818756,2.35897302627563,82.5077667236328,67.3379440307617,55.7469253540039,73.1454238891602,0.0968528091907501,0.231476679444313,0.00435729883611202,0.00639919331297278,5.83252912633725e-08,0.28517147898674,0.311818778514862,0.0639237388968468,152752.921875,NA,37.6952835758573
"PT11E",8.22356414794922,14.9771089553833,25.7133922576904,16.8753414154053,17.4898281097412,3.79594969749451,1.56020820140839,0.398203074932098,2.28805565834045,81.472785949707,64.8286819458008,49.2835083007812,70.2815551757812,0.113376207649708,0.254367470741272,0.0199245475232601,0.00282024731859565,5.2754254284082e-05,0.198938518762589,0.327156692743301,0.0824430212378502,92518.46875,NA,16.8377247499158
"PT150",13.7284240722656,18.6463012695312,25.4577102661133,20.5716934204102,11.7292852401733,3.15616607666016,1.10005080699921,0.0682902857661247,1.46587932109833,78.296272277832,66.3098373413086,58.5507545471191,71.3235473632812,0.0836129784584045,0.0323473401367664,0.00495432503521442,0.0089997835457325,0,0.447547674179077,0,0.214248552918434,294345.34375,NA,59.3091826053755
"PT16B",13.5261602401733,17.8404731750488,24.1297416687012,20.1649341583252,10.6035814285278,3.27831935882568,1.15178918838501,0.226385146379471,1.83238160610199,80.8016128540039,73.7473754882812,74.0610961914062,78.5384979248047,0.15185883641243,0.0961329340934753,2.08854222805144e-09,0.0162024796009064,0,0.0741595774888992,0.333873808383942,0.0598663128912449,286776.09375,NA,128.973456644918
"PT16D",12.0782699584961,17.0655879974365,24.2649974822998,19.1799545288086,12.1867294311523,5.91092109680176,2.2187008857727,0.453901082277298,3.16441106796265,82.4292449951172,72.9480590820312,68.8439865112305,77.9435729980469,0.0683427676558495,0.0342562347650528,7.96003651881705e-10,0.022592406719923,0,0,0.831552565097809,0,71769.1953125,NA,42.7402765240797
"PT16E",12.1892375946045,17.1690826416016,24.5946140289307,19.3839225769043,12.4053773880005,4.79979848861694,1.78295886516571,0.346483588218689,2.54209136962891,81.5353927612305,71.9734878540039,67.5970993041992,76.7795562744141,0.0746094956994057,0.0722321197390556,0.00123627518769354,0.0205066744238138,0,0.163796320557594,0.558046400547028,0.0126997772604227,312247.6875,NA,70.8091644202084
"PT16F",12.7078790664673,17.4500598907471,24.2797470092773,19.6770782470703,11.5718679428101,3.93005895614624,1.42201280593872,0.295719981193542,2.04898858070374,81.3213729858398,72.6240310668945,71.2227554321289,77.6888046264648,0.0897778421640396,0.0690959766507149,1.28239951990849e-09,0.0338041931390762,0,0.55742746591568,0.0431389287114143,0.174892455339432,198169.703125,NA,82.3966767354012
"PT16G",10.9111738204956,16.3781337738037,24.5692749023438,18.4411144256592,13.6581001281738,5.69003105163574,2.13825345039368,0.394478589296341,3.09975409507751,82.9565048217773,70.8107223510742,62.9512214660645,75.9084091186523,0.0678855329751968,0.123329743742943,0.000147806131280959,0.0184405315667391,0,0.0239267069846392,0.763137400150299,0.00313230906613171,233829.5625,NA,72.8969836414709
"PT16H",11.258846282959,17.4697074890137,26.7929344177246,19.5025157928467,15.5340890884399,3.75630116462708,1.38633918762207,0.165959894657135,2.13217997550964,79.2542114257812,62.4369163513184,49.0250053405762,67.6061859130859,0.0955863296985626,0.184657409787178,0.0287802387028933,0.00443265028297901,0,0.504551410675049,0,0.181858092546463,76335.9296875,NA,16.7444598778763
"PT16I",12.5380592346191,17.8367176055908,25.209114074707,19.9017181396484,12.6710548400879,3.87605309486389,1.39843130111694,0.231947749853134,2.04329586029053,80.7272338867188,67.9282836914062,62.9665412902832,73.8505630493164,0.0856335088610649,0.0768303200602531,0.0042981137521565,0.0156195936724544,0,0.610820591449738,0,0.200385168194771,152650.421875,NA,45.3804811198859
"PT16J",9.74924564361572,15.963620185852,25.8667335510254,18.0438404083252,16.1174869537354,4.28677892684937,1.64771914482117,0.249718889594078,2.47659134864807,81.2759323120117,65.2279586791992,50.6455230712891,70.2101364135742,0.089247964322567,0.26308012008667,0.0191732868552208,0.00712390337139368,0,0.474116384983063,0.0251988358795643,0.121945336461067,166367.25,NA,26.3325585069023
"PT170",14.2524070739746,18.8944988250732,25.0653133392334,20.9934101104736,10.8129062652588,3.19560503959656,1.07904899120331,0.16186697781086,1.70692336559296,80.3196716308594,70.7873764038086,69.8039779663086,76.4646453857422,0.120949059724808,0.0793305560946465,6.84963379171677e-05,0.128912404179573,0,0.228094428777695,0.00964940804988146,0.21620412170887,1858640.375,NA,635.706118674298
"PT181",13.9581079483032,18.869213104248,25.4759922027588,20.8668746948242,11.5178842544556,2.92352223396301,1.0914546251297,0.0921845212578773,1.36487531661987,79.2595138549805,69.1139678955078,66.0044403076172,74.5226364135742,0.127207085490227,0.0614936277270317,0.0186986438930035,0.0025130424182862,0,0.276304632425308,0,0.26991480588913,85950.5,NA,16.3839876399844
"PT184",13.5139694213867,19.3978538513184,27.0935573577881,21.1975650787354,13.579586982727,2.65960812568665,1.08538603782654,0.08197932690382,1.37746953964233,77.1047668457031,61.0005340576172,52.8596382141113,67.4016876220703,0.219776570796967,0.108672611415386,0.020451508462429,0.00341357756406069,0,0.208625078201294,0,0.427394896745682,118731.5390625,NA,13.9993549261971
"PT185",13.61452293396,18.7211456298828,25.4609069824219,20.7465438842773,11.8463840484619,3.25395131111145,1.1640465259552,0.176603898406029,1.73619031906128,80.2834243774414,66.8385848999023,63.3367462158203,73.6987609863281,0.179270461201668,0.125177159905434,0.00732509652152658,0.0180397927761078,0,0.301872223615646,0,0.362537682056427,309103.03125,NA,71.8662378132219
"PT186",12.5183334350586,18.6947784423828,27.2951488494873,20.6328754425049,14.7768173217773,3.2396969795227,1.23815858364105,0.128203600645065,1.78634214401245,78.4735870361328,61.2284545898438,50.9156837463379,67.3507232666016,0.200434491038322,0.209311351180077,0.0198386255651712,0.00462424382567406,0,0.258678108453751,0,0.307113200426102,104780.25,NA,17.2299730359354
"PT187",13.2057466506958,19.1961803436279,27.1884117126465,21.1036529541016,13.982666015625,2.81362342834473,1.14032006263733,0.0987040400505066,1.49889183044434,77.7642059326172,61.0461311340332,52.6143341064453,67.4658203125,0.239132270216942,0.201703831553459,0.0187272131443024,0.00642280327156186,0,0.173196479678154,0,0.360076546669006,164943.015625,NA,22.3205407608158
"RO111",3.82012367248535,13.5553359985352,24.5020732879639,14.4614105224609,20.6819496154785,2.53575277328491,2.72626519203186,1.83660364151001,1.97444713115692,83.7551422119141,69.7401504516602,60.2146797180176,73.4000549316406,0.254895955324173,0.190565332770348,0.0190199632197618,0.00357174430973828,0,0.214189827442169,0.0138544403016567,0.303902715444565,322954.15625,NA,43.3669033038719
"RO112",0.562067925930023,11.1794996261597,21.0251140594482,11.7122468948364,20.4630470275879,2.28344678878784,2.80728816986084,2.22452306747437,2.09608054161072,86.3590850830078,73.8983688354492,69.6295700073242,77.8368911743164,0.226562365889549,0.0435754060745239,0.00423227483406663,0.00522350845858455,4.8514993977733e-05,0.00630765501409769,0.673360228538513,0.0406900644302368,240232.359375,NA,44.8624748572643
"RO113",2.40168714523315,12.2132263183594,22.6383895874023,13.0010938644409,20.236701965332,2.40936851501465,2.85011291503906,1.93444883823395,1.91880106925964,84.989143371582,72.9834594726562,65.2675094604492,75.9762268066406,0.188773557543755,0.239779427647591,0.0316839553415775,0.00897940993309021,0,0.19460254907608,0.103461943566799,0.232719197869301,586195.375,NA,87.7025412797169
"RO114",0.506781816482544,10.6515913009644,20.7275619506836,11.4266624450684,20.2207813262939,2.88333654403687,3.15162038803101,2.26705193519592,2.35225510597229,86.5735015869141,75.1782379150391,70.3992156982422,78.4325485229492,0.0773938521742821,0.15897224843502,0.0204386878758669,0.00950715970247984,0.000261334527749568,0.0132885398343205,0.70611584186554,0.0140223484486341,394873.4375,NA,62.7432109172844
"RO115",3.80005550384521,13.8251533508301,24.3477230072021,14.468747138977,20.5476665496826,2.21023035049438,2.39074301719666,1.62957561016083,1.68139719963074,83.4053344726562,69.2090835571289,60.6476135253906,72.633186340332,0.245725765824318,0.235446915030479,0.00214110407978296,0.00790802668780088,2.61209925156436e-06,0.0539312548935413,0.18716849386692,0.267675876617432,278960.1875,NA,62.1811583932653
"RO116",3.03866314888,12.8628988265991,23.4641666412354,13.6671485900879,20.4255027770996,1.96887516975403,2.44563889503479,1.70881187915802,1.67333042621613,84.1713790893555,71.5644912719727,62.9259338378906,74.6052322387695,0.174295872449875,0.279016941785812,0.00796289090067148,0.0058083375915885,0,0.209820196032524,0.0545971728861332,0.268498599529266,162118.203125,NA,42.4795475818506
"RO121",2.13519835472107,11.5992155075073,22.1388282775879,12.5208568572998,20.0036296844482,1.86399257183075,2.46032810211182,1.75942921638489,1.67192947864532,83.5267333984375,73.0974426269531,65.6092758178711,75.7876663208008,0.124993711709976,0.199232518672943,0.0437295585870743,0.00428056437522173,1.10829463016996e-30,0.117346964776516,0.324794471263885,0.185622200369835,246755.84375,NA,39.6288180214811
"RO122",1.72565734386444,11.7795829772949,21.9984645843506,12.3074512481689,20.2728080749512,1.96160638332367,2.70154714584351,2.10964798927307,1.8957484960556,85.2421875,74.4782485961914,68.3456420898438,78.2971801757812,0.10934542119503,0.0855375453829765,0.0213969592005014,0.00786660984158516,0,0.356864243745804,0.0771110504865646,0.341878175735474,376274.59375,NA,69.813102179787
"RO123",0.758695721626282,11.0766248703003,21.5209159851074,11.6893110275269,20.7622222900391,1.80759239196777,2.61082363128662,2.11081600189209,1.90706872940063,86.1175918579102,75.6133422851562,70.0250396728516,79.5787811279297,0.108476266264915,0.0924479886889458,0.0271234791725874,0.0102701187133789,0,0.334594637155533,0.289185672998428,0.137901827692986,254490.9375,NA,68.937515737048
"RO124",-0.520111560821533,10.031060218811,20.1033782958984,10.5481548309326,20.6234893798828,1.72877073287964,2.4673593044281,2.09072065353394,1.82511627674103,86.4044418334961,74.6607437133789,70.0035095214844,78.8380584716797,0.145475119352341,0.0553423352539539,0.0157745555043221,0.00370191177353263,0,0.0328103080391884,0.732382357120514,0.0144832627847791,222231.453125,NA,33.5993118083057
"RO125",1.71349406242371,12.2974891662598,22.2246646881104,12.5591135025024,20.5111713409424,1.68666219711304,2.38506984710693,1.96202051639557,1.76872730255127,85.1283798217773,71.4686126708984,66.1722030639648,76.0330200195312,0.326349973678589,0.0530330426990986,0.00290014338679612,0.00713754026219249,0,0.0746746957302094,0.357178539037704,0.178726091980934,407794.4375,NA,60.9588904533908
"RO126",2.29084277153015,12.116605758667,22.3710289001465,12.6849069595337,20.0801849365234,1.75247406959534,2.65058088302612,2.08219218254089,1.83711814880371,84.1486511230469,72.7760772705078,65.9633636474609,76.4189147949219,0.155415326356888,0.0830847099423409,0.0202858615666628,0.00660882843658328,0,0.323522865772247,6.0451671743067e-05,0.411021918058395,318364.78125,NA,58.5800473334159
"RO211",1.58454287052155,12.3000040054321,23.2560234069824,12.8746290206909,21.671480178833,1.45263457298279,2.35491871833801,2.02290940284729,1.94191551208496,84.5122528076172,72.5322647094727,65.7373046875,77.5265502929688,0.0456363074481487,0.217027336359024,0.016915388405323,0.00884691067039967,0,0.270665675401688,0.110961243510246,0.32951208949089,415530.78125,NA,63.2792068435025
"RO212",2.76471710205078,13.5694398880005,24.5574588775635,14.2204074859619,21.7927436828613,1.54089510440826,2.33760333061218,2.13072228431702,1.74884223937988,83.4013671875,69.5954895019531,63.4356880187988,74.7117767333984,0.188045710325241,0.181253105401993,0.00244787498377264,0.0073966421186924,0,0.0946264863014221,0,0.525633335113525,312015.84375,NA,62.6451846898655
"RO213",2.70806097984314,13.6409721374512,24.678617477417,14.1261234283447,21.9705581665039,1.7875120639801,2.4691686630249,2.01724720001221,2.04189395904541,83.918830871582,69.4483947753906,62.4561347961426,75.1123199462891,0.0794424787163734,0.214653566479683,0.000812262238468975,0.00925225485116243,0,0.120297536253929,0,0.575426936149597,437136.90625,NA,80.2179399655933
"RO214",0.475952982902527,11.3022727966309,21.7937774658203,11.8729372024536,21.3178253173828,1.61324894428253,2.69864439964294,2.44280982017517,1.90634047985077,84.8052597045898,73.6469879150391,68.3207473754883,78.1375122070312,0.0461088046431541,0.176581308245659,0.00962668843567371,0.0102778235450387,0,0.367067486047745,0.0756941959261894,0.312179684638977,370477.28125,NA,63.0528149983086
"RO215",-0.304756879806519,10.422854423523,20.4502811431885,11.1142148971558,20.7550373077393,1.64640641212463,2.91335606575012,2.83586072921753,1.88426244258881,84.8671417236328,75.4268264770508,71.8875198364258,78.6996612548828,0.0775999054312706,0.0786888003349304,0.00450735166668892,0.00710690347477794,1.31833303385065e-06,0.414626449346542,0.14826774597168,0.268527776002884,406477.96875,NA,47.6058590020239
"RO216",2.79855346679688,13.629153251648,24.9899444580078,14.1366596221924,22.1913928985596,1.78217649459839,2.15618085861206,1.69516253471375,2.08914828300476,84.0252456665039,68.954216003418,60.7242469787598,75.2512283325195,0.0821064934134483,0.221753090620041,1.2966465678943e-09,0.00608523096889257,0,0.100116334855556,0,0.589938879013062,196248.703125,NA,36.651722470962
"RO221",4.48287630081177,15.0186738967896,26.8342056274414,15.8793458938599,22.3513298034668,1.77443015575409,1.73775219917297,1.19324612617493,1.72908985614777,83.397346496582,68.9249877929688,59.3074035644531,74.6582565307617,0.53120219707489,0.170111194252968,0.0224525164812803,0.00916486978530884,0,0.0194109063595533,0,0.229712590575218,337048.5,NA,71.0259337414563
"RO222",3.11300086975098,13.6300401687622,25.0411586761475,14.3330774307251,21.9281578063965,1.95181703567505,2.24244785308838,1.65511751174927,1.93105030059814,82.8828964233398,70.387077331543,61.1700706481934,75.2841415405273,0.368717670440674,0.174747928977013,0.00962394755333662,0.00944973528385162,0,0.15054289996624,0.095050647854805,0.190353125333786,357466.875,NA,58.4918149581322
"RO223",5.38070058822632,14.3777322769165,26.2419929504395,16.3364753723145,20.8612937927246,1.59882283210754,1.67874121665955,1.04939019680023,1.83611297607422,82.9060668945312,71.6978302001953,64.1314697265625,76.4667892456055,0.586689949035645,0.117858469486237,0.0181955005973577,0.00236688461154699,0,0.0194812994450331,0,0.215406060218811,180874.03125,NA,25.7012218202202
"RO224",3.63162112236023,14.4383039474487,26.1421775817871,15.1041126251221,22.5105571746826,1.85290348529816,1.97595512866974,1.35147714614868,2.0404486656189,83.3175354003906,68.5724868774414,58.5492286682129,74.2966079711914,0.446696192026138,0.177020221948624,0.0213957168161869,0.00569567596539855,0,0.0291731748729944,0,0.315413743257523,206865.40625,NA,47.0000279811797
"RO225",4.72969961166382,14.3069725036621,26.1570701599121,15.7672128677368,21.4273700714111,1.59604108333588,1.5364545583725,1.00235223770142,1.78090381622314,83.6420745849609,71.503173828125,63.0469741821289,76.4570922851562,0.431255966424942,0.141033932566643,0.096040740609169,0.00648778770118952,0,0.0624096691608429,0,0.113396860659122,203362.609375,NA,24.1028675902903
"RO226",2.2371871471405,12.7139310836792,24.0139389038086,13.4214267730713,21.7767524719238,2.04437613487244,2.47113585472107,1.82409048080444,2.220707654953,82.8203582763672,70.896369934082,62.267505645752,75.586067199707,0.241066724061966,0.168128937482834,0.00454049371182919,0.00833649188280106,0,0.345185697078705,0.0030411914922297,0.229060724377632,245693.375,NA,50.4810817744984
"RO311",2.6613667011261,12.7158164978027,23.7786560058594,13.4932870864868,21.1172904968262,2.0447416305542,2.53941369056702,1.96332967281342,1.89391648769379,84.69970703125,72.6797485351562,66.0601501464844,78.1035614013672,0.115770809352398,0.0589955449104309,0.0143638011068106,0.00866538472473621,0,0.126430332660675,0.56203418970108,0.113739974796772,466640.5625,NA,68.5221227002101
"RO312",4.81366539001465,15.296648979187,27.1112422943115,16.1676959991455,22.2975788116455,2.06774091720581,1.92069017887115,1.27186012268066,1.78675639629364,84.1291198730469,69.4663238525391,61.3418159484863,75.2029647827148,0.504835903644562,0.14558307826519,0.0244512427598238,0.0135391568765044,0,0.0247119255363941,0,0.265975713729858,695029.25,NA,137.899423647403
"RO313",3.30391812324524,13.6273183822632,24.9350566864014,14.3356008529663,21.6311378479004,2.21080017089844,2.4074342250824,1.85008680820465,1.9102588891983,84.8421401977539,72.1429214477539,65.6153945922852,77.9531784057617,0.162984728813171,0.0539529137313366,0.00621028104797006,0.010105999186635,0,0.183436557650566,0.500067472457886,0.0832420513033867,380581.375,NA,93.9098396064283
"RO314",4.65553617477417,15.3686714172363,27.465518951416,16.2118873596191,22.8099842071533,2.48506259918213,2.04432249069214,1.3818963766098,1.79006433486938,84.9020538330078,68.9196929931641,60.2270965576172,74.8109588623047,0.372430831193924,0.0993995815515518,0.011982748284936,0.0240190643817186,0,0.0215168222784996,0.0248354375362396,0.444437325000763,957774.9375,NA,268.798999327395
"RO315",4.6301851272583,15.1660346984863,26.8723964691162,15.986475944519,22.2422122955322,1.80350840091705,1.74301314353943,1.28797674179077,1.70818197727203,83.880859375,69.0228729248047,60.6885795593262,75.0682144165039,0.54034811258316,0.154333561658859,0.0243892427533865,0.00448131375014782,0,0.00971870496869087,0,0.259806990623474,200566.8125,NA,45.1766761908894
"RO316",2.77857184410095,12.8218717575073,23.9604663848877,13.6297931671143,21.1818943023682,2.25148463249207,2.43855881690979,1.94489121437073,2.0162193775177,84.0175552368164,72.6502304077148,65.1980895996094,77.3409881591797,0.195392578840256,0.0976817682385445,0.0151419816538692,0.0107722440734506,0,0.232937514781952,0.245064690709114,0.203009262681007,462752,NA,98.5282382603519
"RO317",4.69666147232056,15.5382843017578,27.7300624847412,16.4145069122314,23.0334014892578,2.02007842063904,1.89643347263336,1.25234937667847,1.54077398777008,84.2033081054688,67.5823516845703,57.9308128356934,73.6481781005859,0.398480385541916,0.116202838718891,0.00934312958270311,0.00663550617173314,0,0.0163323115557432,0.000155793983140029,0.451265841722488,281552.40625,NA,49.0603625490655
"RO321",4.55429267883301,15.3658666610718,27.340633392334,16.0860958099365,22.786340713501,2.83994364738464,2.11269617080688,1.39012467861176,1.89689421653748,85.2055969238281,69.2060470581055,60.8336181640625,75.1678619384766,0.432681798934937,0.101191952824593,0.0284849274903536,0.06507807970047,0,0.0209267847239971,0.00155173614621162,0.349798291921616,176523.484375,NA,731.040803641061
"RO322",4.39143848419189,15.2743473052979,27.0525722503662,15.8905372619629,22.6611347198486,2.49528408050537,2.09445142745972,1.46410310268402,1.90048205852509,85.1151657104492,69.422607421875,61.3429718017578,75.6595916748047,0.420773088932037,0.0961081087589264,0.0104340435937047,0.0333609208464622,0,0.0253563057631254,0.0457239896059036,0.368138641119003,565446.4375,NA,366.257087483456
"RO411",5.13726902008057,15.5349836349487,27.4721641540527,16.0720233917236,22.3348960876465,2.01331782341003,2.0223605632782,1.11955761909485,1.6429283618927,83.1335220336914,65.8386688232422,54.165168762207,72.3136138916016,0.233178079128265,0.10652083158493,0.0108101377263665,0.00953657925128937,0,0.0207825358957052,0.061164140701294,0.556475102901459,500096.5625,NA,67.6647084337424
"RO412",2.79958581924438,12.1699695587158,23.4204292297363,13.1749315261841,20.6208438873291,2.20331788063049,2.47832012176514,1.80775249004364,2.05644583702087,83.8980178833008,72.0315475463867,64.5684814453125,77.4107666015625,0.095906138420105,0.0330505818128586,0.00847457069903612,0.00573637103661895,0,0.156227946281433,0.645112812519073,0.0553165823221207,238637.9375,NA,42.8681785180002
"RO413",4.90743207931519,14.5298089981079,26.2740650177002,15.2689027786255,21.3666324615479,2.17915844917297,2.2438747882843,1.27604675292969,1.98701703548431,84.203742980957,69.4843368530273,59.1095314025879,75.9052581787109,0.160900950431824,0.0514466688036919,0.00133828434627503,0.00575351901352406,1.3284253257931e-20,0.00839997921139002,0.527798652648926,0.240482866764069,208711.28125,NA,42.3931793682163
"RO414",4.53623008728027,15.491042137146,27.477518081665,16.1322727203369,22.9412879943848,2.04771637916565,1.99319815635681,1.31532001495361,1.56793057918549,84.0494995117188,66.8956985473633,57.3713722229004,73.7370300292969,0.303564339876175,0.0890735909342766,0.00483239069581032,0.00890152342617512,0,0.0178404077887535,0.174079850316048,0.401155173778534,325844.5625,NA,59.1320355412098
"RO415",2.53775453567505,12.3989477157593,23.4273262023926,13.1963930130005,20.8895702362061,2.16542434692383,2.50221633911133,1.94751119613647,1.88814997673035,84.057373046875,72.0264434814453,65.6478500366211,77.716423034668,0.0951102524995804,0.043774202466011,0.0101482858881354,0.00685968017205596,0,0.294239044189453,0.465055614709854,0.0848129764199257,243273.34375,NA,42.341139043857
"RO421",4.47307205200195,14.109188079834,25.4306106567383,15.1331033706665,20.9575386047363,1.95730102062225,2.22971200942993,1.5115237236023,1.82794058322906,83.8814086914062,69.6052627563477,60.5292282104492,74.3793182373047,0.335973739624023,0.108405359089375,0.00308374990709126,0.00391762144863605,0,0.219353556632996,0.0242622140794992,0.305003702640533,320528.09375,NA,41.2196965946963
"RO422",3.91366767883301,12.7166433334351,24.5142345428467,14.1942481994629,20.6005668640137,2.56142163276672,2.60881495475769,1.67341983318329,2.31462645530701,84.4561157226562,72.591064453125,64.0365219116211,77.1507873535156,0.0955783724784851,0.0807798504829407,0.0051274923607707,0.00727786729112267,1.46370788769866e-20,0.382928907871246,0.209738627076149,0.215554356575012,215786.390625,NA,25.2618159241345
"RO423",2.437983751297,11.4677238464355,22.4621524810791,12.7227668762207,20.0241680145264,1.9006814956665,2.37026309967041,1.68410611152649,1.79619264602661,83.6130523681641,74.1943130493164,66.7238540649414,77.2210006713867,0.0553406327962875,0.0801089480519295,0.013300939463079,0.00722867157310247,2.87922464177415e-30,0.106155388057232,0.696107745170593,0.0417576357722282,284711.40625,NA,40.443091376767
"RO424",5.28714275360107,14.878231048584,26.5462627410889,15.9864645004272,21.2591190338135,1.72465038299561,1.97320675849915,1.34330546855927,1.81562268733978,82.7854995727539,68.0047912597656,58.4793128967285,73.4494171142578,0.3385029733181,0.153034374117851,0.00119117787107825,0.009160615503788,0,0.114829942584038,0.00111586938146502,0.382164984941483,604101.125,NA,69.6618073293884
"RSG125371",4.60397100448608,13.7739143371582,25.8092594146729,14.926230430603,21.2052879333496,2.1258819103241,2.2627284526825,1.16433894634247,2.05191016197205,85.2584762573242,70.9125900268555,58.8254776000977,76.5459899902344,0.130709588527679,0.0511944741010666,0.00322021660394967,0.00415586726740003,1.34916405237538e-20,0.077801488339901,0.16676476597786,0.561663627624512,81173.7265625,NA,23.3111891512965
"RSG125372",5.05596733093262,14.149712562561,26.3515815734863,15.5171337127686,21.2956142425537,2.06318616867065,2.22878575325012,1.19257295131683,2.03480076789856,83.4459533691406,69.7115936279297,58.9344863891602,74.6674423217773,0.207806766033173,0.099051222205162,0.00829093065112829,0.00874676275998354,3.3677503873949e-23,0.23159895837307,0.000289568532025442,0.438843190670013,118707.09375,NA,30.6337669879729
"RSG125373",6.10692548751831,15.5633296966553,27.8378391265869,16.9676647186279,21.7309131622314,1.80432033538818,2.192378282547,1.22624516487122,1.98510694503784,81.4103317260742,66.5847015380859,54.1878967285156,71.4597396850586,0.342126578092575,0.132933035492897,0.000270611111773178,0.0846678093075752,0,0.00612823711708188,0,0.433857947587967,1174148.125,NA,368.061768509101
"RSG125374",4.22084951400757,13.1131067276001,25.0940895080566,14.718204498291,20.8732414245605,1.63038849830627,1.9719774723053,0.877249658107758,1.83163571357727,80.1465377807617,68.6758651733398,54.887767791748,72.1115341186523,0.212302535772324,0.117458485066891,0.00510721188038588,0.0185117479413748,0,0.18361285328865,0,0.46274071931839,208820.703125,NA,77.2339964655348
"RSG125375",5.63098239898682,15.5106334686279,27.3073043823242,16.6764831542969,21.6763229370117,1.60548710823059,1.87295150756836,1.43138492107391,1.8735773563385,82.7334671020508,65.4150238037109,54.7468795776367,72.2494506835938,0.516576528549194,0.0836291685700417,0.00310388510115445,0.0242185350507498,0,0.00876419711858034,0,0.363601386547089,468906.15625,NA,114.399067880403
"RSG125376",6.09428882598877,15.6290636062622,27.7630653381348,16.8553371429443,21.6687774658203,1.77491760253906,1.96676909923553,1.28789806365967,1.96617960929871,81.5276489257812,66.2521133422852,56.0460014343262,71.8386840820312,0.3866848051548,0.159583777189255,0.00670787692070007,0.0171432588249445,0,0.00355614069849253,0,0.423786610364914,349528.15625,NA,85.0176006441939
"RSG125377",4.7517876625061,13.7169647216797,25.8286457061768,15.4519948959351,21.0768585205078,1.99038827419281,2.5847761631012,1.37357401847839,2.17704367637634,81.5680770874023,68.7842407226562,57.0706672668457,72.825569152832,0.308423578739166,0.0867605656385422,0.000732687010895461,0.0148274460807443,0,0.115599900484085,0,0.473655790090561,168496.75,NA,66.0173453400917
"RSG125381",5.68091917037964,14.8220529556274,26.8534698486328,16.4470329284668,21.1725521087646,2.12082552909851,2.64208769798279,1.4655396938324,2.30184102058411,82.0384216308594,68.3165740966797,56.2561454772949,72.4525146484375,0.37658354640007,0.0535894520580769,0.00197557546198368,0.0160506162792444,0,0.198389619588852,0,0.353411197662354,205931.90625,NA,63.1285540597814
"RSG125382",4.23727798461914,13.0272445678711,25.0799026489258,14.7931842803955,20.8426246643066,1.93602824211121,2.5303361415863,1.29538547992706,2.16629266738892,81.7469635009766,71.3606948852539,60.3582916259766,74.4828033447266,0.280579656362534,0.117892995476723,0.00394151685759425,0.0176033899188042,1.04719374576234e-05,0.167601436376572,0.104792796075344,0.307577699422836,190934.4375,NA,61.851693564517
"RSG125383",4.39728927612305,13.4312057495117,25.4659461975098,14.8594017028809,21.0686588287354,1.71959114074707,2.10755825042725,0.913926184177399,1.85001134872437,81.3977508544922,68.6740417480469,54.4568061828613,72.4677200317383,0.320858836174011,0.144016072154045,0.00367894046939909,0.0186107214540243,0,0.0517306588590145,0,0.461104840040207,225674.96875,NA,83.0161278347672
"RSG125384",4.03595972061157,12.6947212219238,24.6230545043945,14.5182971954346,20.5870952606201,1.55482029914856,1.91727757453918,0.872528076171875,1.79989755153656,78.6172714233398,67.5803451538086,54.1065521240234,70.7837142944336,0.137177124619484,0.149640187621117,0.0290270540863276,0.0102219181135297,0,0.220971137285233,0,0.452626615762711,163603.390625,NA,47.4028821805319
"RSG125386",3.20465874671936,12.1627712249756,24.0647602081299,13.757571220398,20.8601016998291,1.65709733963013,2.08966660499573,0.981087148189545,1.75328826904297,81.7950668334961,70.6091232299805,59.3946952819824,74.3470687866211,0.0451222807168961,0.121070846915245,0.0298629924654961,0.00436983071267605,0,0.150762721896172,0,0.648759543895721,57515.5703125,NA,21.5280986003735
"RSG125387",5.93761396408081,15.2253217697144,27.5382804870605,16.5946998596191,21.6006660461426,1.79924857616425,2.09889507293701,1.13008177280426,1.93639755249023,80.7904663085938,66.7935104370117,55.4749565124512,71.7480163574219,0.352423787117004,0.14980760216713,0.00261029158718884,0.024790670722723,0,0.0084293857216835,0,0.460143744945526,143245.515625,NA,117.921926571079
"RSG125388",5.26964664459229,14.3471975326538,26.6040935516357,15.7508373260498,21.3344459533691,1.88412547111511,2.28023171424866,1.03885757923126,1.93701100349426,82.1733856201172,69.245246887207,56.3586387634277,73.3005065917969,0.372070014476776,0.112856186926365,0.00291333673521876,0.0172664932906628,0,0.089006133377552,0,0.405887812376022,170654.375,NA,63.8034510175872
"RSG125390",4.4933385848999,13.4364442825317,25.5778312683105,14.9725694656372,21.0844917297363,1.89296698570251,2.50432348251343,1.12744331359863,2.06912326812744,81.5269775390625,70.1469573974609,56.8758926391602,73.4783782958984,0.357098340988159,0.10870585590601,0.00643521873280406,0.0208077188581228,0,0.0998159274458885,0,0.407136887311935,191353.875,NA,70.5751587113916
"RSG125391",3.51184606552124,12.2116537094116,24.2777652740479,14.0095872879028,20.7659206390381,2.15532922744751,2.75949907302856,1.32350170612335,2.37433815002441,81.5381698608398,71.7072982788086,59.8189811706543,74.4326171875,0.224092528223991,0.149742767214775,0.018829895183444,0.0180498342961073,0,0.0911953300237656,0.174471944570541,0.323617696762085,247709.03125,NA,63.8532922678219
"RSG125392",5.12795448303223,15.2366323471069,26.7113018035889,16.2438564300537,21.5833492279053,1.51209223270416,1.78076756000519,1.44493770599365,1.6310225725174,83.0539855957031,65.0000076293945,54.7251014709473,72.4768447875977,0.60187178850174,0.0411651469767094,8.11823792901123e-06,0.0093214986845851,0,0.00388226099312305,0,0.343751221895218,96510.3046875,NA,53.6911767011678
"RSG125393",5.41091918945312,15.4403524398804,27.0395736694336,16.4518928527832,21.6286544799805,1.46963429450989,1.73237359523773,1.35035264492035,1.61962234973907,83.1108016967773,65.4545593261719,54.6988067626953,72.1689605712891,0.490093499422073,0.10366877168417,0.0134313181042671,0.0113087212666869,0,0.00271343602798879,0,0.378784269094467,145703.59375,NA,64.0316655188435
"RSG125394",5.83277416229248,15.689455986023,27.5559825897217,16.7951049804688,21.7232074737549,1.55267345905304,1.78173351287842,1.34372663497925,1.80933511257172,82.6141586303711,65.6578140258789,55.248119354248,72.0628509521484,0.418327838182449,0.163716778159142,0.0108906533569098,0.00999756157398224,0,7.45653815101832e-05,0,0.396833688020706,149253.78125,NA,46.3608238943241
"RSG125395",6.09487342834473,15.7495813369751,27.7550964355469,17.0716896057129,21.6602230072021,1.77923929691315,2.13669395446777,1.38326013088226,2.02248311042786,82.3060073852539,66.2959213256836,54.4005088806152,71.9036560058594,0.464656621217728,0.0858563259243965,0.00137374561745673,0.0389183312654495,0,0.0152096273377538,0,0.393898338079453,587198.25,NA,171.59916607161
"RSG125396",5.43276834487915,14.53200340271,26.8174610137939,16.0393753051758,21.384693145752,1.7801456451416,2.24002933502197,1.09899568557739,1.93617427349091,81.103759765625,68.2352752685547,56.0102729797363,72.4836578369141,0.338540643453598,0.143393620848656,0.00328023266047239,0.023751387372613,0,0.0458572171628475,0,0.445176839828491,232553.71875,NA,97.839459994003
"RSG125397",4.08654880523682,13.0022630691528,25.0445709228516,14.5403118133545,20.9580211639404,1.76599621772766,2.26364517211914,1.0307320356369,2.00909209251404,80.7073669433594,69.2861633300781,55.4311103820801,72.7947540283203,0.324340373277664,0.113220751285553,0.00275329081341624,0.0195800308138132,0,0.145767137408257,0,0.394338428974152,179472,NA,82.3792784168178
"RSG125398",4.24183177947998,13.2513723373413,25.3749828338623,14.6405754089355,21.133150100708,1.80895948410034,2.18097400665283,0.9813631772995,1.87516927719116,83.5384674072266,70.3792953491211,57.2894592285156,75.0459899902344,0.146985962986946,0.143157422542572,0.010265251621604,0.00646835984662175,0,0.0881321430206299,0,0.604470372200012,95570.6796875,NA,26.0212379032219
"RSG125399",5.14212131500244,15.2357702255249,26.7229595184326,16.2947216033936,21.5808391571045,1.5774347782135,1.88684296607971,1.49133706092834,1.76004815101624,82.9626770019531,65.7491989135742,55.7838859558105,72.8260803222656,0.566639959812164,0.060384638607502,0.000448550359578803,0.0125018274411559,0,0.031177818775177,0,0.328847199678421,125682.921875,NA,51.8072877164198
"RSG125400",3.50057196617126,11.979001045227,23.90598487854,13.9541311264038,20.4054145812988,2.46489000320435,2.84189057350159,1.42686057090759,2.68079924583435,81.3969879150391,71.9217224121094,61.7722969055176,74.5838470458984,0.230235353112221,0.134004086256027,0.00597162218764424,0.00934114307165146,0.000367044005542994,0.0397100821137428,0.50969123840332,0.0706794634461403,243244.09375,NA,39.4895490940936
"SE110",2.22200775146484,9.45839881896973,19.5847568511963,11.1785497665405,17.3627490997314,1.97396147251129,1.42233192920685,2.21649074554443,2.21604442596436,85.4827346801758,74.1015090942383,75.5072174072266,85.169319152832,0.0730745792388916,0.026276184245944,0.00720916828140616,0.0648005306720734,0,0.409968167543411,0,0.175057351589203,2602967.75,NA,361.108289685939
"SE121",1.47053205966949,9.39299392700195,18.94553565979,10.529369354248,17.475004196167,2.15578651428223,1.71730089187622,2.54395389556885,2.32440519332886,86.300666809082,71.1493988037109,74.0396728515625,85.4687881469727,0.145734012126923,0.0331475809216499,0.0116956448182464,0.0120352944359183,2.10850376977277e-28,0.468313753604889,0.078510545194149,0.165670171380043,481788.6875,NA,55.6442148396986
"SE122",1.62748003005981,9.76780605316162,19.1639308929443,10.6587047576904,17.536449432373,1.96902906894684,1.57040786743164,2.29770493507385,2.19486832618713,86.5069808959961,72.9905395507812,74.8690414428711,85.7807006835938,0.128014892339706,0.0328827723860741,0.012300031259656,0.0123658971861005,8.59477822933892e-28,0.389952808618546,0.0359374284744263,0.182145610451698,315938.15625,NA,44.8543697787073
"SE123",1.63363301753998,9.66524982452393,19.1938800811768,10.8963804244995,17.5602474212646,2.02757549285889,1.69021809101105,2.26984024047852,2.15106129646301,87.6500396728516,74.3110885620117,75.4146499633789,86.3384780883789,0.124342896044254,0.0201838668435812,0.00606749812141061,0.00964142009615898,2.02206235237534e-26,0.480720430612564,0.0814728513360023,0.137442097067833,484424.90625,NA,39.1566501513437
"SE124",0.206078350543976,9.09001064300537,18.2613506317139,9.61456108093262,18.0552730560303,2.36448264122009,1.99799656867981,2.80412340164185,2.86044096946716,87.9737167358398,72.936882019043,75.5003433227539,86.9847640991211,0.0902726799249649,0.0201282612979412,0.00499215116724372,0.00887317582964897,2.83801447287784e-24,0.0173626746982336,0.736888349056244,0.00384725676849484,352340.1875,NA,36.7168799520486
"SE125",0.524632632732391,9.1884355545044,17.9895191192627,9.52596759796143,17.4648857116699,1.96474480628967,1.82931566238403,2.73568773269653,2.45241498947144,86.7567291259766,70.3051223754883,74.1615219116211,86.0463104248047,0.132379531860352,0.0333421155810356,0.0112742045894265,0.0172969494014978,2.27341804554121e-24,0.0246726777404547,0.693681240081787,0.0121542531996965,246861.828125,NA,43.7795838151451
"SE211",1.57530283927917,9.20938682556152,18.4430332183838,10.6804132461548,16.8677310943604,2.50223541259766,2.21246886253357,2.63984942436218,2.68432974815369,89.8840942382812,76.062614440918,77.4198150634766,88.689338684082,0.0532024912536144,0.0132792396470904,0.00743016321212053,0.0067342771217227,8.37206260723439e-30,0.58615642786026,0.164826601743698,0.0785012990236282,379216.5625,NA,32.4347252974398
"SE212",2.35083174705505,9.57876873016357,18.7878456115723,11.3926458358765,16.4370136260986,2.55847239494324,2.28439474105835,2.657466173172,2.63014507293701,89.9030914306641,77.6280288696289,78.7306213378906,88.915153503418,0.0364029966294765,0.0150280278176069,0.00569751858711243,0.00569119164720178,1.11656582008987e-26,0.443121612071991,0.346981674432755,0.0523752942681313,258072.078125,NA,27.6695338374493
"SE213",2.39567828178406,9.6956787109375,19.3547401428223,11.5380487442017,16.9590625762939,2.06302905082703,1.67419540882111,2.18584299087524,2.07484984397888,86.1050186157227,74.5252532958984,74.9755630493164,85.5232238769531,0.0578264184296131,0.0142635349184275,0.0067585650831461,0.00474357744678855,0,0.721276879310608,0,0.0908757969737053,202808.046875,NA,17.1603599226412
"SE214",4.23316764831543,9.38941287994385,20.1457481384277,12.8451356887817,15.9125804901123,1.99603676795959,1.09175229072571,1.52268922328949,2.00746154785156,81.9855117797852,75.53662109375,73.674690246582,82.3045425415039,0.123059272766113,0.0457626059651375,0.00785345397889614,0.00232839374803007,0,0.24351292848587,0,0.139790922403336,13898.1162109375,NA,4.43395515647641
"SE221",3.23957967758179,9.97288513183594,19.4570007324219,12.2455291748047,16.2174205780029,2.56519627571106,1.98479747772217,2.32723426818848,2.43864154815674,86.7632751464844,78.3432464599609,78.7164993286133,86.3264923095703,0.0409712977707386,0.00945181399583817,0.00241687591187656,0.00698507763445377,9.0625826068963e-26,0.528546154499054,0.0270249787718058,0.107473164796829,115045.359375,NA,36.7634350551598
"SE224",3.45965099334717,10.1531133651733,19.349271774292,12.3517360687256,15.8896198272705,2.92879939079285,2.40705275535583,2.64587950706482,2.80330848693848,89.3307495117188,79.6174926757812,79.3896179199219,87.8152084350586,0.237327381968498,0.0460865534842014,0.00190704758279026,0.0194588899612427,5.27077956165291e-25,0.0686857476830482,0.539401710033417,0.0530865639448166,942144.8125,NA,83.3058318644573
"SE231",2.7458221912384,9.98782730102539,19.0656108856201,11.730842590332,16.3197898864746,3.69628524780273,2.83762669563293,3.08367919921875,3.61957883834839,88.6274108886719,77.8629989624023,78.372688293457,88.1711196899414,0.0963655859231949,0.0220056958496571,0.00648900121450424,0.00824297498911619,4.71421157233432e-30,0,0.713259398937225,0,261333.46875,NA,45.9765812392706
"SE232",1.66954112052917,9.5093994140625,18.8264389038086,10.8384437561035,17.1568984985352,3.02861618995667,2.33582139015198,2.70771718025208,3.27797889709473,87.8830032348633,76.5918807983398,76.7751770019531,86.7203369140625,0.129691898822784,0.0348291844129562,0.00966235809028149,0.00919244531542063,0.000866010610479861,0.180082604289055,0.376705378293991,0.0685223266482353,1346355.625,NA,46.4368874948754
"SE311",-0.813226580619812,8.84342288970947,18.1595897674561,9.23820304870605,18.9728164672852,2.29662942886353,2.17383408546448,2.92732810974121,3.12304139137268,87.4597015380859,72.980339050293,74.7173080444336,86.5017471313477,0.047692310065031,0.0187042355537415,0.00892258249223232,0.00842724181711674,0.00327186938375235,0.0135597502812743,0.733904182910919,0.0085745295509696,333579.53125,NA,15.3073686181214
"SEG226001",-5.00904369354248,6.17280340194702,15.4687147140503,6.55658626556396,20.4777565002441,1.85842573642731,2.14412069320679,3.38633990287781,2.68650317192078,86.6926879882812,70.0233306884766,74.3929214477539,85.5653991699219,0.00259147421456873,0.00456993700936437,0.0175031833350658,0.000549587595742196,0.00890454929322004,0,0.94756156206131,0,7845.73486328125,NA,1.10576821506305
"SEG226002",-0.161025822162628,8.42175960540771,17.0788612365723,8.68973159790039,17.2398872375488,1.75273776054382,1.8074803352356,2.80341649055481,2.40845799446106,86.7807083129883,69.7695617675781,73.8057174682617,85.8214340209961,0.0977620705962181,0.0163976922631264,0.0135336490347981,0.00452108727768064,1.8271522475464e-28,0,0.82560133934021,0,12082.787109375,NA,18.0646686480791
"SEG226003",-1.70250976085663,7.92429780960083,17.0522422790527,8.16786479949951,18.7547512054443,1.95323848724365,2.03276419639587,3.01145839691162,2.57302379608154,87.2154693603516,70.0876846313477,74.2144927978516,86.4699249267578,0.0478847995400429,0.00530468067154288,0.00209676171652973,0.00955361872911453,4.55501657866956e-24,0,0.879391968250275,0,25859.58203125,NA,40.9765920935654
"SEG226004",-1.60215497016907,7.79736757278442,16.898494720459,8.1930570602417,18.5006484985352,1.85929238796234,1.93054437637329,2.92736625671387,2.48684668540955,87.6028823852539,70.2602081298828,74.040641784668,86.584846496582,0.0288004279136658,0.00364259700290859,0.00163958279881626,0.00724590849131346,1.71810087070355e-23,0,0.883708357810974,0,61496.59375,NA,27.3147581462388
"SEG226005",-2.11630058288574,7.90640783309937,17.1806812286377,8.10948085784912,19.2969818115234,1.95169818401337,2.09595799446106,3.09857749938965,2.62633776664734,87.592155456543,70.4321441650391,74.4669723510742,86.7110977172852,0.0209493134170771,0.00391313433647156,0.00130733870901167,0.00446411361917853,5.43289057628344e-24,0,0.904677212238312,0,13280.3837890625,NA,16.439378558622
"SEG226006",-0.50649619102478,8.35452651977539,17.0747051239014,8.57209300994873,17.5812015533447,1.80908727645874,1.87817966938019,2.87103486061096,2.45396971702576,86.8450317382812,69.7491302490234,73.8854522705078,86.0088424682617,0.104561604559422,0.0160645935684443,0.0104291159659624,0.00577742559835315,1.61845651682776e-24,0,0.824188709259033,0,20377.8671875,NA,21.9946181316976
"SEG226007",-2.46373701095581,7.80066013336182,17.1091861724854,8.02732944488525,19.5729217529297,1.65281319618225,2.02134537696838,3.06678009033203,2.38531017303467,87.4817047119141,70.6377792358398,74.5537796020508,86.3695755004883,0.0290419701486826,0.00614216225221753,0.00190788973122835,0.00486403051763773,1.06617840890595e-23,0,0.82640415430069,0,25829.724609375,NA,17.7931009757328
"SEG226008",-2.03416562080383,7.87553071975708,17.1461811065674,8.06759834289551,19.180347442627,2.17075061798096,2.18146538734436,3.14566135406494,2.8076548576355,87.715202331543,70.3686141967773,74.4399337768555,86.9521255493164,0.01300875749439,0.00102972146123648,0.000816135434433818,0.00400161230936646,1.00040519822393e-24,0,0.943812906742096,0,25996.02734375,NA,15.7114448975193
"SEG226009",-3.67267179489136,7.47219848632812,16.8498992919922,7.63921070098877,20.5225715637207,2.15834403038025,2.43591141700745,3.45194530487061,3.05612683296204,87.7218322753906,70.5213470458984,74.415901184082,86.5261306762695,0.00414506206288934,0.00457073841243982,0.0212933328002691,0.00101247814018279,0.00540261901915073,0,0.934558153152466,0,12497.6884765625,NA,2.88958621250442
"SEG226010",-3.49124789237976,7.30790758132935,16.6612396240234,7.53743028640747,20.1524887084961,1.84725606441498,2.19356942176819,3.2783408164978,2.6099739074707,87.206298828125,70.1220092773438,74.3747863769531,85.958137512207,0.00907316245138645,0.00241824658587575,0.00378310913220048,0.00164805061649531,2.45641858998006e-24,0,0.935726225376129,0,17978.6328125,NA,5.75755504739479
"SEG226011",-3.74167060852051,7.11312437057495,16.3795795440674,7.42717695236206,20.1212501525879,1.92613172531128,2.164963722229,3.27207708358765,2.71844124794006,86.9458999633789,69.6408157348633,74.2455444335938,85.5668258666992,0.00940720736980438,0.00191433040890843,0.00107578269671649,0.00248437444679439,7.35936384861915e-24,0,0.95260339975357,0,16370.05078125,NA,9.07915243626777
"SEG226012",-2.88616275787354,7.42306423187256,16.6822185516357,7.79642343521118,19.568380355835,1.78120279312134,1.97719097137451,3.04641342163086,2.47919487953186,87.1935882568359,69.6872787475586,73.9373092651367,85.8861770629883,0.0200980007648468,0.00423261197283864,0.00147526990622282,0.00320693966932595,7.28669082658657e-24,0,0.918684124946594,0,22999.02734375,NA,10.7660532200919
"SEG226013",-0.982330977916718,8.27912425994873,17.1787509918213,8.49948310852051,18.1610813140869,1.88976383209229,1.9673672914505,2.95338869094849,2.50057935714722,86.9695053100586,69.8462295532227,74.0591125488281,86.2810668945312,0.103099800646305,0.0120702842250466,0.00651317927986383,0.00774974143132567,4.79754713081433e-24,0,0.82305383682251,0,18998.125,NA,29.7549462693118
"SEG226014",-1.11889684200287,8.23585796356201,17.260648727417,8.47239780426025,18.3795471191406,2.05480265617371,2.02901911735535,2.9851062297821,2.62183451652527,87.0960464477539,70.1297836303711,74.2569961547852,86.4633102416992,0.0636965334415436,0.00808678474277258,0.00430218549445271,0.00850262306630611,4.42720336265339e-24,0,0.866397023200989,0,36304.0625,NA,34.456527385868
"SEG226015",-2.61310124397278,7.66792297363281,17.0263938903809,7.84899187088013,19.6394958496094,2.14270257949829,2.29410719871521,3.26187634468079,2.84808278083801,87.9462356567383,70.5733261108398,74.4805526733398,86.9305572509766,0.0081586204469204,0.00121787702664733,0.00261200987733901,0.00134007853921503,1.0624951581749e-24,0,0.948066532611847,0,5977.6533203125,NA,3.61010879666965
"SEG226016",-2.23989939689636,7.06719255447388,16.6578140258789,8.0209550857544,18.8977127075195,2.00256109237671,1.87340688705444,2.96295094490051,2.52517199516296,85.9834671020508,69.7024459838867,73.4037399291992,85.1975402832031,0.0433774553239346,0.00626500323414803,0.0069245002232492,0.00386630976572633,6.7068316762279e-23,0,0.887223839759827,0,28905.666015625,NA,14.5400318738905
"SEG226017",0.839375436306,8.78476905822754,18.1617755889893,10.043116569519,17.3224010467529,2.07615065574646,1.76422822475433,2.63972806930542,2.43238139152527,85.8302459716797,70.0918579101562,72.4726028442383,84.8533782958984,0.0439899228513241,0.00637342967092991,0.00645350944250822,0.0105536617338657,2.00520222176549e-23,0.367801249027252,0.270530462265015,0.0713295415043831,76265.28125,NA,42.957625435803
"SEG226018",-0.35101854801178,8.29499816894531,17.1674022674561,8.7696943283081,17.5184211730957,1.90459382534027,1.84373676776886,2.86006665229797,2.49892377853394,86.9562530517578,70.0132217407227,73.7819061279297,85.9634094238281,0.0583825595676899,0.00959428399801254,0.00900076329708099,0.00355232344008982,4.24091583203771e-24,0,0.873695373535156,0,5739.6240234375,NA,12.7976038609909
"SEG226019",-2.28543138504028,7.12149906158447,17.0665340423584,8.38230323791504,19.3519649505615,2.05334949493408,1.81909048557281,2.8062059879303,2.53037190437317,85.0122604370117,71.0465621948242,74.3299942016602,84.3416137695312,0.0325280800461769,0.00797814130783081,0.00386921036988497,0.00291051133535802,3.52349393373524e-23,0,0.787307024002075,0,30186.220703125,NA,10.9710416628049
"SEG226020",-3.93519496917725,6.78774785995483,16.1813354492188,7.25396966934204,20.1165294647217,1.74564027786255,1.92068386077881,3.10423803329468,2.39456129074097,86.6618881225586,68.6592712402344,73.5117721557617,85.039176940918,0.0115348398685455,0.00170276418793947,0.0028651412576437,0.000891534553375095,1.12860436443798e-23,0,0.947682023048401,0,16882.71484375,NA,3.00478433176311
"SEG226021",-2.52784132957458,7.20308017730713,17.2666625976562,8.4012975692749,19.7945041656494,2.03752565383911,1.78648746013641,2.77416658401489,2.55847024917603,84.9391632080078,71.3687896728516,74.2263259887695,84.3473129272461,0.031828835606575,0.00653400458395481,0.00301938806660473,0.0067115593701601,1.44857108076105e-23,0,0.803974151611328,0,41285.8671875,NA,28.4555384351369
"SEG226022",-0.512115836143494,8.08446311950684,17.345365524292,9.00934028625488,17.8574810028076,2.14296674728394,1.8791538476944,2.89104986190796,2.60128378868103,86.3381652832031,70.1112670898438,73.3391799926758,85.4877624511719,0.0368452370166779,0.00559081509709358,0.00434680050238967,0.00594667624682188,5.6477442591129e-23,0,0.874092936515808,0,23807.072265625,NA,21.0299100616565
"SEG226023",-3.06612849235535,7.0271201133728,16.3731536865234,7.55483484268188,19.439281463623,1.80905365943909,1.88985085487366,3.01745748519897,2.4217004776001,86.8560180664062,69.5300521850586,73.8096618652344,85.7334823608398,0.0210994370281696,0.0025371266528964,0.00238435226492584,0.00203644181601703,2.83568579492868e-23,0,0.916858315467834,0,14143.4267578125,NA,6.98142995715173
"SEG226024",0.017273036763072,8.42633724212646,17.4925708770752,9.23274803161621,17.4752979278564,2.02410316467285,1.81911969184875,2.82671046257019,2.51659774780273,86.6019668579102,70.1157608032227,73.4524230957031,85.6173553466797,0.0509696416556835,0.00615325896069407,0.00849763955920935,0.00510512804612517,4.57255240438999e-23,0,0.854064881801605,0,23842.4453125,NA,18.3463034644608
"SEG226025",-1.04199063777924,7.61653709411621,17.3657646179199,8.93930149078369,18.4077568054199,2.23798894882202,1.90145266056061,2.91980075836182,2.63240599632263,84.7481842041016,70.398551940918,73.4297790527344,84.3591079711914,0.0492879375815392,0.0116079729050398,0.00582479685544968,0.00281520769931376,6.03701544307412e-25,0,0.852281212806702,0,7682.5908203125,NA,6.53417799571367
"SEG226033",-3.55115985870361,5.24009084701538,13.7433490753174,6.47656679153442,17.2945079803467,3.50212979316711,3.10575294494629,3.3240385055542,3.02947449684143,87.2094802856445,73.5009155273438,78.7451095581055,86.8365783691406,0.00698299519717693,0.00345576112158597,0.0092498604208231,0.000384213926736265,0.0074864043854177,0,0.878707051277161,0,14240.232421875,NA,1.72537132292965
"SEG226034",-4.2846417427063,5.85099744796753,14.5676574707031,6.29373741149902,18.8522987365723,1.74414658546448,1.93564128875732,3.33072090148926,2.26398468017578,86.4106674194336,69.5880432128906,75.4742813110352,85.126220703125,0.00978765357285738,0.000512400292791426,0.00541999889537692,0.00048101507127285,6.87985316965875e-25,0.302297681570053,0.626832664012909,0.00519881676882505,11038.7607421875,NA,1.79861303209884
"SEG226035",-4.05917978286743,7.02713346481323,16.2502670288086,7.2459454536438,20.3094463348389,1.6716206073761,1.81738376617432,3.1448929309845,2.1167631149292,87.4709243774414,68.4618606567383,73.7430801391602,85.3451385498047,0.00680060498416424,0.000209340912988409,0.00119831541087478,0.000673499656841159,6.57512458361899e-25,0.0759990587830544,0.854496538639069,0.00094971340149641,10085.8408203125,NA,2.66148891943639
"SEG226036",-4.87266778945923,5.54195308685303,14.5972652435303,6.04958486557007,19.469934463501,1.65166831016541,1.91987550258636,3.32541513442993,2.36305618286133,86.5389633178711,69.5758438110352,74.6914138793945,85.307502746582,0.00180279742926359,0.000515118474140763,0.00703493785113096,0.000388991698855534,0.00536536565050483,0.000228151417104527,0.964834570884705,4.47892352894996e-06,10930.4443359375,NA,0.920512440106594
"SEG226037",-3.35511016845703,6.58777952194214,15.2938690185547,7.17752981185913,18.6489791870117,2.87420344352722,2.66236066818237,3.15712261199951,2.72652912139893,88.0451431274414,71.318717956543,75.7866058349609,86.8952484130859,0.00991845596581697,0.00260261120274663,0.00694885896518826,0.000717281305696815,0.00385671830736101,0,0.892774939537048,0,19214.19921875,NA,2.77902664887476
"SEG226038",-3.17669367790222,7.62772750854492,16.4044151306152,7.69934606552124,19.5811100006104,1.87998831272125,1.95263028144836,3.09937214851379,2.18670773506165,86.8730697631836,68.4640426635742,73.8062591552734,85.0671691894531,0.0343131609261036,0.0025334944948554,0.0025530424900353,0.00585353886708617,1.94977385689322e-23,0.0878256186842918,0.792478263378143,0.00109750253614038,59058.08984375,NA,23.5504156431364
"SEG226039",-4.43281126022339,6.80806827545166,16.2140102386475,7.00687885284424,20.646821975708,1.79767632484436,1.82429099082947,3.16140627861023,2.17723441123962,87.9296646118164,68.4795303344727,73.220329284668,85.7918243408203,0.00930839590728283,0.000123803300084546,0.00171097123529762,0.000564748886972666,1.80613786605535e-24,0,0.959796071052551,0,4745.01416015625,NA,1.79688586099589
"SEG226040",-4.38110971450806,6.23009204864502,15.5701932907104,6.63628244400024,19.9513034820557,2.44869160652161,2.27925038337708,3.16435313224792,2.61027479171753,88.5014114379883,71.5863876342773,74.3081436157227,87.0667266845703,0.00372286979109049,8.56100159580819e-05,0.00716219190508127,0.000365944375516847,0.00474220560863614,0,0.910212099552155,0,13934.5419921875,NA,1.18936052044153
"SEG226072",-6.18946838378906,5.83311700820923,16.5372123718262,6.00255823135376,22.7266807556152,2.02253794670105,1.94391572475433,3.05816054344177,2.19442009925842,86.9140243530273,68.4256744384766,70.6026916503906,85.6075973510742,0.00622152769938111,0.000165026227477938,0.000689618929754943,0.000912941351998597,9.87654444982386e-25,0,0.969443023204803,0,5745.00830078125,NA,3.18773943753121
"SEG226073",-9.3037052154541,2.56854891777039,14.2232370376587,3.81067895889282,23.5269412994385,2.22063755989075,2.15694880485535,3.1295268535614,2.46564841270447,87.195442199707,75.0752182006836,72.6727066040039,86.3212432861328,0.000210932179470547,0.000926922482904047,0.00472174258902669,0.000144052624818869,0.00594322755932808,0,0.895213186740875,0,4661,NA,0.322798767017563
"SEG226074",-7.10290718078613,5.38499593734741,16.0518188476562,5.430823802948,23.1547260284424,1.98318719863892,2.14246106147766,3.35687184333801,2.26564311981201,87.6755218505859,68.7277755737305,70.5741653442383,86.3281173706055,0.000323744956403971,1.93159266927978e-05,0.000480687886010855,0.000377334450604394,1.3576283660309e-27,0,0.953568637371063,0,7897.16552734375,NA,1.29268507741452
"SEG226075",-6.41661024093628,5.76529359817505,16.6491432189941,6.02367210388184,23.0657520294189,2.23716282844543,1.94225537776947,2.86949610710144,2.40519595146179,87.2934646606445,68.8160018920898,69.781364440918,85.7835235595703,0.00492546940222383,0.000291159434709698,0.000469407677883282,0.000606558343861252,1.28866522818345e-24,0,0.966566681861877,0,7764.60888671875,NA,1.8086778932003
"SEG226076",-8.52151679992676,2.8419349193573,14.6937313079834,4.07493352890015,23.2152481079102,1.7998034954071,1.81473183631897,2.88067126274109,2.06743788719177,86.3985595703125,72.3283920288086,71.2695999145508,85.5435104370117,0.000218318891711533,5.86776586715132e-05,0.00131568394135684,0.000481485825730488,0.00342761352658272,0,0.957659244537354,0,32196.23046875,NA,1.91071994620686
"SEG226077",-5.49047327041626,6.24058246612549,17.4322490692139,7.08383131027222,22.922721862793,2.44920253753662,2.03134632110596,2.4551694393158,2.50504207611084,88.7896118164062,71.0226593017578,71.6766815185547,88.1899032592773,0.0294881761074066,0.0011683275224641,0.00175804796162993,0.00151287275366485,1.96796005898696e-24,0,0.937017381191254,0,1710.54479980469,NA,1.81885188652368
"SEG226078",-9.14791870117188,2.18530058860779,13.8799505233765,3.54250383377075,23.0278701782227,2.06966876983643,2.03980755805969,3.03759431838989,2.32210683822632,86.4072265625,73.5150680541992,72.4933853149414,85.7648696899414,8.44051537569612e-05,1.07810192275792e-05,0.000668646651320159,0.000100078170362394,0.0046235122717917,0,0.93468314409256,0,5560.71044921875,NA,0.286890855353489
"SEG226079",-4.95207262039185,5.89231014251709,17.3492431640625,7.13937282562256,22.3013172149658,2.05892992019653,1.75006711483002,2.39382982254028,2.29235935211182,87.6789398193359,71.0291976928711,71.023796081543,86.0307693481445,0.0042671631090343,0.000316195975756273,0.000606677611358464,0.000957030046265572,4.18627222599395e-24,0,0.863950431346893,0,2401.18090820312,NA,1.32042257845368
"SEG226080",-8.48044872283936,1.56287777423859,13.9676704406738,3.70634388923645,22.4481182098389,1.53836584091187,1.62673377990723,2.72953009605408,1.82337462902069,86.2199325561523,74.6076202392578,72.3361968994141,86.0762557983398,0.000630526221357286,1.36126354846056e-05,0.0016852020053193,0.000424232217483222,0.00970657356083393,0,0.950116872787476,0,17050.91796875,NA,0.833225897557562
"SEG226081",-4.58352088928223,6.16962814331055,17.5816955566406,7.30066823959351,22.1652164459229,1.95780158042908,1.61752343177795,2.43268489837646,2.22364020347595,87.255729675293,72.0224151611328,72.1467895507812,85.1053695678711,0.018090208992362,0.00142484367825091,0.000995996524579823,0.00829233322292566,5.04160404992461e-23,0,0.730930030345917,0,49520.03125,NA,22.950465285426
"SEG226082",-5.87282037734985,5.98651742935181,17.0612888336182,6.57896327972412,22.9341068267822,2.15118861198425,1.96892261505127,2.62100291252136,2.35373950004578,88.0350036621094,69.5749053955078,69.6184463500977,86.678596496582,0.00123470730613917,0.000105265418824274,0.000741274328902364,0.000214101659366861,8.95929976028507e-27,0,0.974530935287476,0,3271.32885742188,NA,1.11659685249331
"SEG226083",-5.76698160171509,6.3427677154541,17.4883880615234,6.8888635635376,23.2553691864014,2.05414891242981,1.89937627315521,2.46078157424927,2.19934034347534,88.679817199707,70.1977081298828,70.4816970825195,87.7773132324219,0.00862643215805292,0.000286055612377822,0.00149579916615039,0.000695464026648551,4.17073669514937e-25,5.48822536075022e-05,0.965043544769287,0.00058712501777336,5622.6767578125,NA,2.23978727789556
"SEG226084",-7.45509767532349,5.24682760238647,16.7574062347412,5.42425870895386,24.2125034332275,1.86671149730682,1.91935133934021,2.63869953155518,2.03895998001099,87.9988555908203,69.4038925170898,68.3048400878906,86.4343338012695,0.000747386016882956,4.09981403208803e-05,0.000814208935480565,0.000215112828300335,3.45615524091276e-27,0,0.993381142616272,0,6809.130859375,NA,0.834471934322726
"SEG226085",-4.78285503387451,6.19795274734497,16.8610687255859,6.90768575668335,21.6439228057861,1.97788548469543,1.82808756828308,2.97124123573303,2.29113268852234,87.2959899902344,69.709831237793,72.0419311523438,85.9832992553711,0.018248176202178,0.00230794469825923,0.00123065011575818,0.00254699774086475,1.20396022352312e-23,0,0.951169848442078,0,26240.998046875,NA,8.17654864076291
"SEG226201",-6.54300165176392,5.92303466796875,15.9730291366577,5.86647319793701,22.5160312652588,1.927090883255,1.92868387699127,3.3754985332489,2.43685150146484,88.9267807006836,69.187370300293,73.1033172607422,87.3135757446289,0.00265669100917876,1.84672007890185e-05,0.00102568371221423,0.000258277432294562,3.51531272138214e-26,0,0.972613155841827,0,2944.42456054688,NA,0.646547628173614
"SEG226202",-4.25521421432495,6.39393854141235,16.7727718353271,7.18639516830444,21.0279865264893,2.26711845397949,1.92599630355835,3.31825017929077,2.78386354446411,88.3560485839844,70.1709442138672,73.3010177612305,87.2966613769531,0.0107073560357094,0.000141367243486457,0.00179210619535297,0.00091499910922721,2.13456846824577e-24,0,0.961306691169739,0,4084.57690429688,NA,2.97012977144492
"SEG226203",-5.65988826751709,6.03639507293701,15.7918272018433,6.13523054122925,21.4517135620117,2.22983908653259,2.1060996055603,3.34013366699219,2.54088759422302,88.5722885131836,70.6785736083984,72.613525390625,86.9037933349609,0.00199726060964167,6.29956120974384e-05,0.0012336045037955,0.000229930956265889,8.51057657217031e-27,0,0.954909443855286,0,2544.98876953125,NA,0.855317790379992
"SEG226204",-6.44766855239868,5.90362215042114,16.2115345001221,5.96673583984375,22.6592044830322,1.82703518867493,1.94948995113373,3.48234534263611,2.29418730735779,88.2359848022461,68.30712890625,71.8124465942383,86.6616592407227,0.00178280333057046,2.69699139607837e-05,0.000813610618934035,0.000536319625098258,1.21626797774849e-26,0,0.969217300415039,0,14134.7236328125,NA,2.3969909075167
"SEG226205",-6.67817306518555,5.91148853302002,16.4021759033203,5.86888122558594,23.0803489685059,1.92231392860413,2.0410623550415,3.42609000205994,2.35515856742859,88.0610809326172,68.3294067382812,70.6309967041016,86.5683059692383,0.000646699161734432,5.65109548915643e-05,0.000518147018738091,0.000313672673655674,8.57397433407965e-28,0,0.962884724140167,0,3124.35424804688,NA,1.77878397067637
"SEG226206",-3.09562039375305,6.56359243392944,17.1696510314941,7.8513593673706,20.2652702331543,2.03298497200012,1.65689957141876,3.14183759689331,2.66911792755127,87.6806716918945,70.6912612915039,73.1203079223633,86.7675094604492,0.0273726563900709,0.00288988510146737,0.00306339398957789,0.00217110197991133,1.55964143403872e-23,0,0.905225217342377,0,9313.2451171875,NA,7.53988282067255
"SEG226207",-5.05607318878174,6.26323413848877,16.5682353973389,6.67292356491089,21.6243076324463,2.01532411575317,2.03145122528076,3.38342499732971,2.35938572883606,88.5026626586914,68.7244873046875,72.1457138061523,87.1008148193359,0.00176356045994908,3.53151226590853e-05,0.000615886354353279,0.000409711996326223,6.58237803638298e-26,0,0.950889885425568,0,3282.02807617188,NA,1.7039160874809
"SEG226208",-1.68648171424866,6.58130931854248,17.2276210784912,8.81889915466309,18.9141044616699,3.16606450080872,2.43616199493408,3.03745532035828,3.21582770347595,87.2144317626953,72.2440948486328,74.7266464233398,86.1306381225586,0.0481389313936234,0.000254544109338894,0.00731969997286797,0.00134501350112259,0,0.857933580875397,0,0.0317483507096767,5222.7197265625,NA,3.99325293642202
"SEG226209",-3.7415463924408,6.48746728897095,16.9793853759766,7.59726285934448,20.7209320068359,2.32639098167419,2.08950185775757,3.15437746047974,2.56324172019958,88.0043716430664,69.8759918212891,72.8592300415039,86.6403884887695,0.0283459797501564,0.00216438691131771,0.00338960299268365,0.00247957231476903,2.49517934944418e-23,0.102275274693966,0.834757030010223,0.00261451560072601,62501.5078125,NA,8.74045759257017
"SEG226210",-8.82000732421875,3.68268156051636,14.8061800003052,4.30842971801758,23.6261863708496,2.28365421295166,2.2257559299469,3.187659740448,2.48390936851501,87.678092956543,73.2072372436523,71.9408493041992,86.4095764160156,0.000760789611376822,0.00310864299535751,0.00624931324273348,0.000228553501074202,0.00759565597400069,0,0.933477401733398,0,3616.40649414062,NA,0.454858047249271
"SEG226211",-7.65930414199829,3.90626215934753,14.5805196762085,4.68542766571045,22.2398242950439,2.58730506896973,2.44002652168274,3.17821359634399,2.6930992603302,88.0335845947266,73.8517379760742,73.211296081543,86.9509658813477,0.00144351983908564,0.00145090732257813,0.00269792741164565,0.00015684224490542,0.00997034180909395,0,0.912143111228943,0,5567.9541015625,NA,0.675309014783674
"SEG226212",-1.81291890144348,6.74598741531372,17.4801635742188,8.73354911804199,19.293083190918,2.31793332099915,1.89401364326477,3.06818866729736,2.68116688728333,87.3054351806641,71.0389938354492,73.8079223632812,86.1936111450195,0.0328465662896633,0.00587595580145717,0.00209337612614036,0.00870058126747608,7.4418526668954e-24,0.52932608127594,0.191281944513321,0.0258766207844019,81148.546875,NA,34.353509452094
"SEG226213",-2.80063557624817,6.4406852722168,17.0845794677734,7.97757482528687,19.8852157592773,2.03397464752197,1.75401854515076,3.09723997116089,2.54912185668945,87.6537704467773,70.6090393066406,73.4332122802734,86.6557846069336,0.0389825478196144,0.00552272936329246,0.00357452454045415,0.00237890100106597,2.67142286635632e-23,0,0.858899831771851,0,5848.92578125,NA,10.6175022808079
"SEG226214",-6.83053636550903,4.95830869674683,15.1628923416138,5.3355450630188,21.99342918396,2.3049910068512,2.22814416885376,3.32113671302795,2.52931475639343,88.4093856811523,71.9907608032227,72.9936065673828,86.9948348999023,0.00130960182286799,5.57778585061897e-05,0.00174442224670202,0.00014289139653556,0.00550103886052966,0,0.943939924240112,0,7931.9111328125,NA,0.909529498263591
"SEG226215",-4.25801086425781,6.19625186920166,16.5140991210938,7.09088134765625,20.7721099853516,2.06388568878174,2.06806182861328,3.35010647773743,2.45828342437744,88.8062744140625,69.3908233642578,73.382682800293,87.5670471191406,0.00918011367321014,0.000144150908454321,0.00121991336345673,0.000402651348849759,3.43464195632149e-25,0.0372786447405815,0.917596161365509,0.00052384048467502,7366.77880859375,NA,2.57900338757467
"SEG226216",-4.09100484848022,6.88071966171265,16.2543926239014,7.25403261184692,20.3453998565674,1.6442449092865,1.77984809875488,3.07294726371765,2.17939448356628,87.2914047241211,68.57470703125,73.7262802124023,85.2982559204102,0.00665271049365401,0.00034391539520584,0.0013271861243993,0.00059108337154612,1.54193316332441e-24,0.0278800539672375,0.915620684623718,0.000348399829817936,6808.25927734375,NA,2.06030834276566
"SEG226217",-3.34378027915955,7.33242988586426,17.5771198272705,8.09458541870117,20.9208984375,2.06829786300659,1.73618912696838,2.78944396972656,2.63812375068665,86.3242797851562,71.9529113769531,74.508659362793,85.4670715332031,0.026953773573041,0.00312261981889606,0.000823693349957466,0.00623702863231301,1.30705929512572e-23,0,0.863433480262756,0,24971.67578125,NA,22.1834121667286
"SEG226218",-4.06668758392334,7.04278326034546,17.2502632141113,7.60470151901245,21.316951751709,2.36240935325623,1.92811131477356,2.97065830230713,2.78227233886719,87.0821075439453,71.0863647460938,74.2306976318359,86.1077346801758,0.0305054802447557,0.00227249739691615,0.00187343067955226,0.00329938903450966,1.44017744295732e-23,0,0.889046907424927,0,17861.189453125,NA,10.0451945550739
"SEG226219",-4.67912721633911,6.71937417984009,16.9423847198486,7.14131784439087,21.6215114593506,2.40008735656738,1.97421061992645,3.17795562744141,2.83762049674988,88.0455322265625,70.6350021362305,73.9191284179688,86.8946228027344,0.0159977525472641,0.0010151881724596,0.00148577918298542,0.00174884672742337,6.69690054851989e-24,0,0.892851233482361,0,43175.5078125,NA,6.4305486633021
"SEG226220",-5.02169370651245,6.7371392250061,16.4998474121094,6.9247317314148,21.521541595459,1.86531150341034,1.82313024997711,3.14810252189636,2.31725478172302,88.1684188842773,68.9279632568359,73.1543121337891,86.4583587646484,0.0124560138210654,0.000359790457878262,0.00129529926925898,0.00127685244660825,3.9937870096764e-24,0,0.954568803310394,0,23724.732421875,NA,4.10402475695125
"SEG226221",-3.59603595733643,6.88320779800415,16.8339366912842,7.73925590515137,20.4299736022949,2.05031514167786,1.8208749294281,2.89254283905029,2.51526212692261,86.5368423461914,70.1580963134766,73.7323608398438,85.4229354858398,0.0234290473163128,0.00359711237251759,0.00274973176419735,0.00532198790460825,8.38264818246198e-24,0,0.906937897205353,0,75384.265625,NA,21.6613371463316
"SEG226222",-3.86798214912415,6.91949987411499,17.0131816864014,7.66922235488892,20.8811645507812,2.2600359916687,1.90586602687836,2.91729092597961,2.66606521606445,87.2787322998047,70.8379898071289,74.2038497924805,86.1786804199219,0.0218612514436245,0.00349451438523829,0.00153783813584596,0.00390887213870883,9.42596169468836e-24,0,0.919206440448761,0,11349.365234375,NA,13.9299292606855
"SI031",4.5591287612915,14.2678709030151,24.7013244628906,15.1246070861816,20.1421947479248,1.59838581085205,2.34787797927856,2.78225445747375,2.55847978591919,81.9880142211914,67.204475402832,63.2927856445312,76.1005783081055,0.293950319290161,0.0138267567381263,4.2305583747293e-07,0.012584307231009,0,0.00657009426504374,0.657855451107025,0.0152127034962177,86275.3671875,NA,65.1709234929746
"SI032",4.54369020462036,13.8695936203003,24.3301200866699,14.9797601699829,19.7864284515381,1.96816289424896,3.01527404785156,3.23032236099243,3.32803344726562,82.1222152709961,69.3479537963867,66.1116790771484,77.8038330078125,0.230737447738647,0.0953932330012321,0.000100260513136163,0.0184032525867224,0,0.0458117835223675,0.564499855041504,0.0450541265308857,222722.53125,NA,102.838801745823
"SI033",2.90216946601868,12.10400390625,22.3763294219971,13.3719425201416,19.4741592407227,2.05312466621399,3.27028584480286,3.89824509620667,3.61406016349792,83.1774215698242,72.4032974243164,71.2229309082031,80.7018432617188,0.126374751329422,0.064580038189888,0.00430337013676763,0.0187989454716444,0,0,0.785942912101746,0,96777.234375,NA,93.8799971927799
"SI034",3.81839823722839,12.464147567749,23.0738220214844,14.0227785110474,19.2554225921631,2.42098069190979,3.41004323959351,3.5656635761261,4.0576491355896,82.9018402099609,71.5599670410156,67.6646423339844,79.401725769043,0.128378823399544,0.087395466864109,0.00339471991173923,0.0243010222911835,0,0,0.756529927253723,0,287688.96875,NA,125.210526306332
"SI035",3.52897143363953,12.224663734436,22.8880844116211,13.7771110534668,19.3591156005859,2.61837458610535,3.57209253311157,3.67675423622131,4.30238246917725,83.3824768066406,72.3125534057617,68.2817459106445,79.9979248046875,0.098035529255867,0.073365792632103,0.00721420859917998,0.0267909504473209,0,0,0.794593572616577,0,69944.3515625,NA,145.802928685893
"SI036",4.22971391677856,13.1783771514893,23.9851169586182,14.5996513366699,19.7554035186768,2.50022888183594,3.27274394035339,3.06226086616516,3.94392108917236,83.0786895751953,71.4394073486328,65.1558456420898,78.5918579101562,0.140024110674858,0.0901816934347153,7.09497253410518e-05,0.0263863280415535,3.71720179133126e-37,0,0.743336915969849,0,130605.625,NA,136.204896102868
"SI037",3.57657265663147,12.2199792861938,23.2807922363281,13.9309167861938,19.7042198181152,3.24813961982727,3.75468039512634,2.90376973152161,4.69114875793457,84.2407302856445,73.146110534668,65.4953308105469,79.8205642700195,0.062618188560009,0.0917855873703957,0.0002941997081507,0.00881876144558191,2.01929314239091e-32,0,0.835166752338409,0,136334.875,NA,49.7500751688596
"SI038",3.48616075515747,11.154504776001,22.3615474700928,13.3913621902466,18.8753890991211,4.42426681518555,4.33387327194214,2.8336660861969,5.69952774047852,84.1210784912109,73.9244689941406,66.1014785766602,80.2575149536133,0.042475949972868,0.0866997092962265,0.00322636845521629,0.00650721648707986,3.10814426056409e-25,0,0.851839065551758,0,68208.484375,NA,46.6116112084206
"SI041",3.33237552642822,11.7262306213379,22.6500701904297,13.5119285583496,19.3176937103271,3.56251764297485,4.10040807723999,3.42401790618896,5.14826726913452,84.3574371337891,73.6244812011719,67.7157135009766,80.6051712036133,0.0632421001791954,0.0704562291502953,0.00690439529716969,0.0174697488546371,0,0,0.841927528381348,0,257894.3125,NA,111.563191059569
"SI042",2.28794074058533,9.83634281158447,20.6479167938232,12.0454654693604,18.3599758148193,4.52259254455566,4.95187473297119,4.21559858322144,6.46222114562988,84.8149490356445,74.8832168579102,70.1672592163086,81.6098098754883,0.0862142890691757,0.0684868097305298,0.0106100803241134,0.0213431250303984,0,0,0.813202798366547,0,270578.90625,NA,126.090120883377
"SI043",2.4270920753479,8.89976596832275,19.9904747009277,11.7919912338257,17.563383102417,5.37337493896484,5.36496353149414,3.99584102630615,7.24757289886475,83.1889419555664,74.7278366088867,68.3646469116211,79.8498611450195,0.0731224194169044,0.10660732537508,0.00615068478509784,0.0138868996873498,0,0,0.742549777030945,0,187678.40625,NA,80.4188353458887
"SI044",6.91456604003906,14.0829105377197,25.3659000396729,16.4365825653076,18.4513320922852,4.25276184082031,3.86735963821411,2.41740584373474,5.31874227523804,80.2900466918945,72.7578811645508,64.855354309082,76.8192977905273,0.0822725743055344,0.128636211156845,0.0006703149410896,0.0275309700518847,5.44640046023484e-26,0,0.588719427585602,0,155128.703125,NA,147.057088697742
"SK010",4.18839263916016,13.6005792617798,24.3017044067383,14.3627490997314,20.1133098602295,1.93815207481384,1.96418190002441,1.82305252552032,1.71856760978699,82.5067443847656,67.4529037475586,59.0065574645996,74.3039703369141,0.349973082542419,0.180307239294052,2.51557286112813e-09,0.0480831116437912,0,0.000961821351666003,0,0.420316845178604,542073.9375,NA,268.228233691381
"SK021",4.18403768539429,13.5708227157593,24.2622241973877,14.3857154846191,20.0781879425049,1.78749239444733,1.86780536174774,1.72863209247589,1.61104071140289,82.4568405151367,67.0655517578125,58.3711776733398,73.6871643066406,0.438266843557358,0.157037630677223,3.36490006702661e-06,0.0297485776245594,0,0.000312130752718076,0.0571423545479774,0.317442297935486,576125.8125,NA,137.758809782571
"SK022",2.53978538513184,11.6187801361084,21.8728084564209,12.6956377029419,19.3330230712891,2.53930711746216,2.32794284820557,2.00797319412231,1.98464775085449,84.9796981811523,71.9138717651367,66.4843597412109,78.3545608520508,0.228489741683006,0.0840617343783379,0.000116459304990713,0.0227681044489145,0,1.15887287392979e-05,0.657386958599091,0.00716549530625343,477550.15625,NA,106.672797846295
"SK023",3.86072516441345,13.5000038146973,24.1542434692383,14.2714319229126,20.2935199737549,1.91137886047363,1.8729133605957,1.70358574390411,1.64788675308228,83.2604141235352,67.5423965454102,59.5431442260742,73.9902420043945,0.420090228319168,0.067267395555973,2.16391526919324e-06,0.0213553719222546,0,3.97740905100363e-06,0.299944519996643,0.191336303949356,656605.375,NA,104.488849902492
"SK031",0.676043272018433,9.65546989440918,19.2931861877441,10.7712202072144,18.6171436309814,3.26958966255188,3.27927446365356,2.8529896736145,2.67638659477234,87.1608810424805,75.5291290283203,73.5839691162109,82.3635406494141,0.115339368581772,0.0523102805018425,0.000272764940746129,0.023847533389926,0,1.99707938008942e-05,0.790971755981445,0.0150616243481636,744694,NA,109.125179891385
"SK032",1.76231110095978,11.2079992294312,21.3203868865967,12.2277002334595,19.5580749511719,2.45062375068665,2.51992774009705,2.05737638473511,2.06905460357666,85.6291732788086,72.0748748779297,68.0351486206055,78.9128265380859,0.186433404684067,0.0522152744233608,0.000526761868968606,0.0126885045319796,0,0,0.748136162757874,0,602753.5625,NA,63.9920059791454
"SK041",1.48118793964386,10.9794855117798,20.4390716552734,11.7248706817627,18.9578857421875,2.56144762039185,3.16533255577087,2.66621947288513,2.2659056186676,85.4208831787109,73.5838623046875,71.3981323242188,79.7237396240234,0.184084475040436,0.0350272729992867,0.000372916518244892,0.0142886629328132,3.98761258111335e-05,0.00106328388210386,0.5066779255867,0.257669806480408,803415.9375,NA,89.7048186175284
"SK042",2.16625165939331,11.8615875244141,21.6875419616699,12.614294052124,19.5212898254395,2.00070691108704,2.49011039733887,2.01990914344788,1.83536005020142,84.4961395263672,70.7192916870117,65.9359664916992,76.6755752563477,0.241159573197365,0.0360002852976322,0.000411829561926425,0.0208199471235275,0.000101463971077465,0.000179666443727911,0.565498650074005,0.134299740195274,781312.375,NA,116.724763613779
"SM",5.15579652786255,11.9963874816895,24.5735683441162,15.0898418426514,19.4177722930908,2.39922833442688,2.0188295841217,1.10565614700317,3.01119661331177,82.7254333496094,70.2008590698242,57.1387596130371,77.7675399780273,0.213865801692009,0.101313717663288,0.00372476922348142,0.00668549071997404,0,1.80690844231446e-11,0,0.671056985855103,3384.11889648438,NA,56.4974780595927
"UKC1",5.63035535812378,9.57214546203613,17.0464763641357,12.144326210022,11.4161205291748,3.14381194114685,2.19276666641235,2.37791562080383,3.20956778526306,86.871696472168,80.3876800537109,80.070915222168,86.0595321655273,0.172972232103348,0.429159641265869,0.0328437350690365,0.0476313456892967,0,0,0.120321497321129,0.19535718858242,877168.8125,NA,290.661482279033
"UKC2",5.72580528259277,9.5241060256958,16.9156837463379,12.100549697876,11.1898794174194,2.96357202529907,2.14005947113037,2.38685965538025,3.10066485404968,86.1987152099609,79.9231033325195,80.2527847290039,85.6437225341797,0.142302721738815,0.398114383220673,0.0703473538160324,0.0164232309907675,1.21008489521783e-27,0,0.305459529161453,0.0249736569821835,731360.125,NA,130.702316997808
"UKD1",5.8756537437439,9.77662754058838,17.1666316986084,12.3476552963257,11.2909774780273,5.03731441497803,2.9184741973877,2.97647166252136,4.88902997970581,87.7071151733398,81.507682800293,82.5523986816406,87.0953903198242,0.0470936186611652,0.45233815908432,0.0685030817985535,0.00537049258127809,2.80208916138619e-28,0,0.320951879024506,0,461948.65625,NA,68.4153704661318
"UKD3",6.44540166854858,10.6781072616577,18.2954330444336,13.1815853118896,11.8500308990479,4.14334726333618,2.60539984703064,2.74240016937256,4.20693874359131,87.5972290039062,80.1928634643555,80.1528472900391,86.2244110107422,0.123936451971531,0.408135920763016,0.000329840753693134,0.128389671444893,0,0,0.333479851484299,0,1359129.625,NA,1066.86775003682
"UKD4",6.35597944259644,10.4443054199219,17.9715690612793,13.0284461975098,11.6155910491943,4.48692321777344,2.68005728721619,2.8070559501648,4.55960607528687,86.716552734375,80.5025634765625,81.1650848388672,85.8513793945312,0.124713055789471,0.424837410449982,0.0110342064872384,0.0773930996656418,2.56248373552249e-28,0,0.329501390457153,0,1984494.375,NA,646.68378570931
"UKD6",6.7140154838562,11.0450534820557,18.7056884765625,13.4847774505615,11.9916734695435,3.10216808319092,2.16192221641541,2.31893563270569,3.34158968925476,86.668815612793,79.0979232788086,78.5842895507812,84.9976425170898,0.158663854002953,0.344966322183609,5.49170727026649e-05,0.13707523047924,0,0,0.337633162736893,0,2430273.75,NA,1073.55437486776
"UKD7",6.7142653465271,10.8612127304077,18.4543724060059,13.4140911102295,11.7401065826416,2.99251651763916,2.06824588775635,2.20672583580017,3.296138048172,85.8737335205078,79.1271667480469,78.7800216674805,84.4743576049805,0.157544493675232,0.32633975148201,9.44906597410977e-10,0.109791219234467,0,0,0.318964868783951,0,519320.3125,NA,764.690076718516
"UKE1",6.56460523605347,10.9325675964355,18.7834720611572,13.5710506439209,12.2188663482666,1.97281217575073,1.63682234287262,1.78386282920837,2.16939234733582,85.0829467773438,78.1810989379883,76.0599822998047,82.6409225463867,0.328390747308731,0.313426584005356,0.0019285271409899,0.0278133321553469,0,2.96650616397887e-12,0.138321205973625,0.102905750274658,809056.9375,NA,231.346922196214
"UKE2",5.77575016021729,9.96735382080078,17.6475162506104,12.5425081253052,11.8717660903931,3.04056906700134,2.04389810562134,2.24811434745789,3.0922372341156,86.7345886230469,80.0135726928711,79.1827850341797,85.3419723510742,0.254845082759857,0.402391791343689,0.0374536961317062,0.0216097421944141,4.59671931329731e-30,0,0.133935794234276,0.146272361278534,1573724,NA,189.476108258276
"UKE3",6.22683191299438,10.5520839691162,18.4630680084229,13.0867862701416,12.2362365722656,2.70008301734924,2.02566909790039,2.06123614311218,2.72752618789673,86.6661758422852,78.5518341064453,76.4310073852539,84.180046081543,0.237841919064522,0.381738096475601,0.00966682378202677,0.0874231979250908,0,9.68807391081572e-13,0.0925192609429359,0.189231395721436,1117095.625,NA,720.589503940579
"UKE4",6.18727397918701,10.3743381500244,18.1447315216064,12.959433555603,11.9574575424194,3.45356559753418,2.35103750228882,2.38607692718506,3.45752263069153,87.3622436523438,79.9701232910156,78.68603515625,85.4979553222656,0.17295677959919,0.417279273271561,5.04132025014314e-09,0.130500704050064,0,0,0.207140535116196,0.0713051557540894,2182324.25,NA,1099.59081548966
"UKF1",6.25832748413086,10.6810264587402,18.6602153778076,13.1744003295898,12.4018878936768,2.81129908561707,2.04509997367859,2.07930850982666,2.78341174125671,87.1306076049805,78.3881759643555,75.9326324462891,84.3023300170898,0.235207363963127,0.402178198099136,0.0146770374849439,0.0716429427266121,0,2.30428991859766e-11,0.0977470204234123,0.177480593323708,2880780,NA,602.869614847597
"UKF2",6.53016757965088,11.1693954467773,19.3206329345703,13.6205596923828,12.7904653549194,2.24359011650085,1.65050601959229,1.76717031002045,2.25781869888306,86.9064712524414,77.2317504882812,73.5508193969727,83.279899597168,0.334356427192688,0.336252689361572,2.13969686413407e-09,0.0598312355577946,0,0,0.0053006918169558,0.261893898248672,2581491.25,NA,523.655613530598
"UKF3",6.6037278175354,11.1296529769897,19.1495666503906,13.765139579773,12.5458383560181,2.09326958656311,1.61749255657196,1.69684612751007,2.11018681526184,85.5077285766602,77.4473571777344,74.443229675293,82.3304672241211,0.344542503356934,0.323040157556534,3.04689096175537e-09,0.0127687575295568,0,3.75583397715928e-10,0.000423191551817581,0.223381832242012,855959.4375,NA,145.754636718051
"UKG1",6.55904769897461,11.0424613952637,19.0665493011475,13.4796705245972,12.5075016021729,2.95400953292847,1.93517744541168,2.07865858078003,2.84460949897766,87.3511734008789,78.1916351318359,75.7173385620117,84.4242324829102,0.29958239197731,0.353965818881989,0.000162918528076261,0.0515415407717228,6.18629462069393e-30,0,0.0210582930594683,0.267065554857254,2735226.5,NA,462.749188622332
"UKG2",6.4009108543396,10.7861976623535,18.6216945648193,13.2446870803833,12.2207851409912,3.02855658531189,2.0983715057373,2.20600724220276,3.02977323532104,87.6053466796875,79.0604476928711,77.3511657714844,85.1759414672852,0.229040145874023,0.408580124378204,0.00520650995895267,0.0528828911483288,5.00726024512425e-30,0,0.265137881040573,0.0386177636682987,2817559,NA,454.221167279287
"UKG3",6.56975650787354,11.0781669616699,19.1120891571045,13.5005578994751,12.5423336029053,2.69523906707764,1.90639901161194,2.11568689346313,2.7025454044342,87.1737213134766,77.7712707519531,75.2518844604492,84.2019271850586,0.280247837305069,0.344851464033127,5.52345857940395e-09,0.0922743901610374,0,0,0.123282261192799,0.158940821886063,679492.125,NA,807.77903024405
"UKH1",6.79304218292236,11.3558549880981,19.5373229980469,14.0984201431274,12.7442798614502,2.20731973648071,1.51797270774841,1.71443057060242,2.12619233131409,85.7186813354492,77.6083908081055,74.4254531860352,82.3215179443359,0.327112406492233,0.420418292284012,2.61096574831754e-05,0.0164335630834103,0,1.1490848550455e-10,0,0.185091242194176,2290337,NA,182.105320232901
"UKH2",6.91227960586548,11.5585012435913,19.9479331970215,14.1276664733887,13.0356531143188,2.25380539894104,1.55748069286346,1.63680446147919,2.25951671600342,86.6937026977539,76.8006362915039,72.5851516723633,82.9067306518555,0.303057879209518,0.273825287818909,2.33540453642433e-09,0.175470575690269,0,4.14247074143059e-11,0,0.245142921805382,5170093.5,NA,1816.21245185864
"UKH3",7.19071102142334,11.8141098022461,20.274435043335,14.5258941650391,13.0837240219116,2.15575289726257,1.39861869812012,1.47708880901337,2.11416578292847,86.0284652709961,77.8773880004883,73.8275527954102,82.5433349609375,0.383061438798904,0.257253050804138,0.00212884484790266,0.0859829559922218,0,4.59255938833891e-10,0,0.190635278820992,2606099.5,NA,733.961180274235
"UKI3",6.96027326583862,11.5613021850586,20.0534992218018,14.1789360046387,13.093225479126,2.60508251190186,1.60195922851562,1.62145960330963,2.51996350288391,86.8449249267578,77.0869369506836,73.1218414306641,83.3615875244141,0.197060436010361,0.27322793006897,1.43513989581123e-09,0.281867563724518,0,0,0,0.246588870882988,321091,NA,2905.41675095678
"UKI4",6.98892402648926,11.6055221557617,20.0958576202393,14.2150020599365,13.1069326400757,2.54278540611267,1.57618308067322,1.60208773612976,2.46278405189514,86.8070526123047,77.1107406616211,73.0505142211914,83.2684555053711,0.231013029813766,0.266538769006729,1.67258973338136e-09,0.259193480014801,0,0,0,0.241043776273727,508952.03125,NA,2656.87051939557
"UKI5",7.09161710739136,11.7400703430176,20.2099151611328,14.3255424499512,13.1182975769043,2.43900322914124,1.50018405914307,1.51522779464722,2.35487604141235,86.72314453125,77.2926712036133,72.9641189575195,83.0743026733398,0.339199483394623,0.259898006916046,2.89905965900061e-09,0.165513604879379,0,0,0,0.227088034152985,666450,NA,1611.87511466994
"UKI6",6.97462034225464,11.5246505737305,19.991907119751,14.1467809677124,13.0172863006592,2.89978814125061,1.61527466773987,1.54536592960358,2.74314188957214,86.8964080810547,77.412239074707,73.5511169433594,83.6089096069336,0.206203654408455,0.324173271656036,1.62186053476177e-09,0.206269010901451,0,0,0,0.256221026182175,702741.9375,NA,2008.75452288368
"UKI7",6.97817945480347,11.5980682373047,20.0886878967285,14.2109079360962,13.1105079650879,2.50265789031982,1.58770620822906,1.62939286231995,2.43993306159973,86.8338165283203,77.0218811035156,72.9849243164062,83.2781982421875,0.209122255444527,0.255921959877014,1.93000015968892e-09,0.29132404923439,0,1.06436364442127e-14,0,0.242144137620926,1382328.375,NA,3030.61282725385
"UKJ1",6.90781927108765,11.4817590713501,19.8450050354004,14.0088748931885,12.9371862411499,2.59011030197144,1.69821560382843,1.69036340713501,2.52781534194946,87.1366500854492,77.2444152832031,73.5841369628906,83.7322845458984,0.337382823228836,0.365653097629547,3.42948358600381e-09,0.050484586507082,0,1.112179862095e-10,0,0.246167883276939,2404958,NA,418.1331211705
"UKJ2",7.36481618881226,11.6740055084229,20.1058177947998,14.5579519271851,12.7410011291504,3.14162182807922,1.65691149234772,1.56472277641296,2.96674513816833,86.7834243774414,77.5079574584961,73.7464141845703,83.5554428100586,0.187531769275665,0.290335685014725,4.91827267978806e-05,0.123362109065056,0,7.6062857401471e-11,0,0.217262551188469,5059902,NA,925.849219046491
"UKJ3",7.42369699478149,11.6257400512695,19.9327983856201,14.5314350128174,12.5091037750244,3.29041576385498,1.75753474235535,1.6387209892273,3.0865797996521,86.4313430786133,77.8113708496094,74.5610656738281,83.3064956665039,0.236443251371384,0.310711681842804,7.98008932179073e-06,0.0546845905482769,0,2.49774589899943e-10,0,0.209475114941597,1858353.375,NA,452.499509785289
"UKJ4",7.46901607513428,11.85435962677,20.2913303375244,14.7876892089844,12.8223142623901,2.83561635017395,1.55823373794556,1.41171073913574,2.75302410125732,86.2180328369141,78.6269912719727,75.0913314819336,83.3798828125,0.286628812551498,0.275067746639252,1.86261883694527e-09,0.0628508031368256,0,0,0,0.186469048261642,1899617.875,NA,518.026132688741
"UKK1",6.93337774276733,11.3348236083984,19.5773410797119,13.9219408035278,12.6439647674561,3.2444417476654,1.88957631587982,1.95278537273407,3.02022790908813,87.2705001831055,78.3601684570312,75.8204193115234,84.443000793457,0.334576666355133,0.363202214241028,3.26584315146761e-09,0.0302928183227777,0,1.17069396711467e-12,0.0220111459493637,0.235823720693588,2149981.5,NA,288.546490354603
"UKK2",7.55563259124756,11.4358100891113,19.4397048950195,14.3717613220215,11.884072303772,3.64951682090759,1.967728972435,1.95032167434692,3.39613747596741,86.7580718994141,79.3096237182617,77.2472839355469,84.4563522338867,0.237738102674484,0.291907221078873,2.21421525559151e-09,0.026473181322217,0,1.3257140177303e-11,0.18092842400074,0.0442907735705376,1293637.125,NA,211.084432146998
"UKK3",8.78132438659668,11.6730194091797,18.7942390441895,14.9286813735962,10.0129146575928,4.40732479095459,2.20304322242737,2.29254102706909,4.18704319000244,84.7422561645508,81.1984100341797,81.4291763305664,84.4854049682617,0.138408839702606,0.301012724637985,3.68340047351978e-09,0.0100961802527308,0,0,0.207330703735352,0,161371.53125,NA,45.2248775916396
"UKK4",7.85585069656372,11.2713489532471,18.8246879577637,14.3336248397827,10.9688367843628,5.09183931350708,2.46481037139893,2.39095282554626,4.47518873214722,87.0631713867188,81.7259368896484,81.2260131835938,85.9598999023438,0.15723817050457,0.427269697189331,0.00506314262747765,0.00975092314183712,1.19543627206082e-27,0,0.246964499354362,0,614081.3125,NA,92.3983586210358
"UKL1",6.89795207977295,10.4896898269653,17.8792839050293,13.4149570465088,10.9813318252563,5.58525991439819,2.9357705116272,2.9592707157135,5.30238246917725,86.9286651611328,81.461296081543,81.5099945068359,85.8618545532227,0.0892360433936119,0.38699334859848,0.0413709282875061,0.0197596028447151,4.46386023978997e-28,0,0.267782032489777,0.000154968947754242,1544925.125,NA,117.592330969643
"UKL2",6.16026926040649,10.1220226287842,17.7828254699707,12.8120775222778,11.6225576400757,5.25314092636108,2.83535003662109,2.76530909538269,4.77760553359985,88.7435150146484,81.2162170410156,80.2022247314453,86.9019927978516,0.123287960886955,0.457551658153534,0.0466101355850697,0.0233075991272926,4.03192922282326e-29,0,0.27887150645256,0.0336153917014599,1278602,NA,167.219834261103
"UKM50",5.49996423721313,9.22760581970215,15.9419555664062,11.1166925430298,10.441990852356,2.62330436706543,2.1973192691803,2.53749251365662,3.12881588935852,84.4960632324219,78.8393325805664,80.892692565918,84.5768585205078,0.152389079332352,0.386937350034714,0.132951274514198,0.00937057659029961,1.48808354578176e-23,1.88432345356489e-13,0.234837844967842,0.0463156662881374,426658.375,NA,65.6515942619671
"UKM61",5.43797492980957,8.6912260055542,15.405876159668,11.2051286697388,9.96790218353271,5.18526983261108,3.66442036628723,3.00467133522034,5.32497882843018,85.7276611328125,81.3782424926758,83.8778686523438,86.1288604736328,0.0255769491195679,0.0682021155953407,0.452791839838028,0.000783000548835844,1.55157432548518e-24,0,0.318214058876038,0,68358.625,NA,5.24758624736972
"UKM62",4.25630044937134,7.94020080566406,15.0765180587769,10.233850479126,10.8202180862427,4.31782960891724,3.06384348869324,2.7423894405365,4.2970404624939,88.3368682861328,81.1318054199219,82.3976745605469,87.7051239013672,0.0323017053306103,0.12131754308939,0.464135110378265,0.00227167084813118,1.23264199119116e-22,2.03495803107606e-13,0.313206195831299,0.0500181913375854,115719.3671875,NA,14.7133293062296
"UKM63",4.96822166442871,8.27170467376709,15.0572261810303,10.7158269882202,10.0890045166016,8.6813268661499,5.33567333221436,4.30359745025635,8.32806587219238,87.0078506469727,81.8942718505859,85.0142517089844,86.9699783325195,0.0484096221625805,0.0735561400651932,0.376141726970673,0.000648532470222563,1.19903568043619e-23,4.23470043753316e-11,0.31502440571785,0.00467869592830539,76895.7109375,NA,5.27874531297493
"UKM64",7.81394529342651,9.74261283874512,15.6519556045532,12.7526302337646,7.83801126480103,5.33671712875366,3.32462906837463,3.17824077606201,5.59090423583984,79.0330505371094,79.2024230957031,84.6874008178711,81.9902801513672,0.00522890640422702,0.0895152390003204,0.285963237285614,0.000292614131467417,1.55533220245786e-23,7.45039085980892e-10,0.0809727683663368,0.0386894531548023,3498.81396484375,NA,1.0777189147951
"UKM66",8.66366386413574,9.54665088653564,14.721622467041,13.0160646438599,6.05795764923096,5.13863372802734,3.19851016998291,2.67466282844543,4.52898550033569,76.5777053833008,80.1760025024414,87.4587020874023,81.1982574462891,0.00527261104434729,0.262329041957855,0.0912143737077713,0.000531526049599051,0,3.71332053994422e-09,0,0.085089772939682,9474.1796875,NA,6.60886622101878
"UKM71",5.27703046798706,9.00984382629395,16.1370506286621,11.269606590271,10.8600206375122,2.75573658943176,2.10257029533386,2.47667455673218,3.15503764152527,85.9916000366211,79.0965728759766,80.643310546875,85.6087265014648,0.182265877723694,0.266940385103226,0.226232603192329,0.0056695225648582,2.12474022587243e-27,2.42007906769981e-11,0.263054668903351,0.00316044315695763,99408.375,NA,45.0368342360602
"UKM72",6.13876724243164,10.0498580932617,17.182409286499,12.2299280166626,11.0436420440674,2.75042676925659,2.03967714309692,2.47521257400513,3.00431871414185,84.3591461181641,77.8846054077148,79.3989639282227,83.882453918457,0.178352311253548,0.273297905921936,0.0175263285636902,0.0260422695428133,0,2.47037029721398e-10,0.165456116199493,0.0322611965239048,309126,NA,208.59495641308
"UKM73",5.84575748443604,9.64406776428223,16.850040435791,11.9725198745728,11.0042839050293,2.73165917396545,2.04452252388,2.48683667182922,3.02298998832703,86.1476669311523,79.5748138427734,80.8284301757812,85.7160568237305,0.124923259019852,0.314177870750427,0.105239532887936,0.0200483240187168,6.97631481537084e-28,8.9161095173651e-11,0.331007421016693,0.0116437766700983,189302.890625,NA,184.052851434079
"UKM75",5.7654333114624,9.59944152832031,16.7477779388428,11.822114944458,10.9823446273804,3.19678354263306,2.26452207565308,2.65877795219421,3.42736053466797,87.3685836791992,80.2488555908203,81.7233810424805,86.9260025024414,0.0888183861970901,0.290732622146606,0.152279734611511,0.0515952371060848,0,0,0.383025318384171,0,127559.890625,NA,461.01060414732
"UKM76",5.65252161026001,9.63193511962891,16.8167095184326,11.7493734359741,11.1641893386841,3.86504125595093,2.58038473129272,2.79664850234985,3.90075945854187,87.674186706543,80.0466079711914,81.4770584106445,86.9580612182617,0.127278506755829,0.436963587999344,0.0525330007076263,0.0289023909717798,2.34376121619402e-25,0,0.338264733552933,0,71299.0625,NA,242.059942224865
"UKM77",4.48014450073242,8.31399440765381,15.5727787017822,10.5267267227173,11.0926332473755,5.18131589889526,3.26905131340027,3.05678200721741,4.90293407440186,89.1738433837891,81.2422714233398,82.5354919433594,88.2555313110352,0.097819097340107,0.212627470493317,0.320761799812317,0.00744834449142218,1.77135529269321e-23,0,0.324614465236664,0,456444.34375,NA,59.4929615158434
"UKM78",5.72128629684448,9.66507244110107,16.8333892822266,11.8226518630981,11.1121025085449,3.60334062576294,2.44813394546509,2.77348375320435,3.82858848571777,87.7771224975586,80.5258331298828,82.0556488037109,87.2539291381836,0.0939602479338646,0.408372581005096,0.0545563846826553,0.0395115874707699,0,0,0.393363744020462,0,147142.6875,NA,346.548050240977
"UKM81",5.14368152618408,8.8055305480957,15.8853464126587,11.1153230667114,10.7416639328003,7.89155721664429,4.75608253479004,4.12037801742554,7.39878702163696,88.5514144897461,81.6561889648438,83.820442199707,87.9695358276367,0.0793872028589249,0.228089958429337,0.254587650299072,0.0414490886032581,1.58399719894306e-24,0,0.333301663398743,0,228768.90625,NA,322.150254518871
"UKM82",6.00137567520142,9.80990028381348,16.8953418731689,12.0774965286255,10.8939638137817,4.91206073760986,3.10042977333069,3.16915440559387,5.06098747253418,86.8852462768555,80.2551879882812,82.3736572265625,86.5645446777344,0.0797585546970367,0.470415323972702,5.98186389311195e-10,0.118884600698948,0,0,0.330941528081894,0,156057.15625,NA,924.789544569597
"UKM83",6.47709035873413,10.0009317398071,16.9549617767334,12.4348440170288,10.4778718948364,5.40698575973511,3.39639735221863,3.34596729278564,5.52808856964111,86.1526489257812,80.4684753417969,82.8502731323242,86.0437698364258,0.0568358041346073,0.384453743696213,0.026174359023571,0.066247433423996,0,0,0.256307899951935,0,288330.3125,NA,503.749088743158
"UKM84",5.75887155532837,9.68224048614502,16.8326969146729,11.8596849441528,11.0738258361816,4.23068237304688,2.75919961929321,2.95729613304138,4.40695953369141,87.6712951660156,80.5527877807617,82.2796401977539,87.1714096069336,0.0911944955587387,0.454146236181259,0.0197012573480606,0.0594086274504662,2.49985504635856e-24,0,0.374089956283569,0,227194.296875,NA,483.079173327679
"UKM91",5.72195482254028,9.57186508178711,16.8601245880127,11.9308195114136,11.1381683349609,3.38237476348877,2.3378963470459,2.68280100822449,3.49040007591248,86.9438858032227,80.0213241577148,81.0024337768555,86.3817596435547,0.107714854180813,0.334251195192337,0.124341949820518,0.0131134996190667,2.61199857587246e-27,0,0.379565089941025,0,558297.4375,NA,119.282702916907
"UKM92",5.46405124664307,9.2822790145874,16.5031986236572,11.6652269363403,11.0391473770142,5.56770467758179,3.30659866333008,3.27744579315186,5.431884765625,88.3829193115234,81.5961532592773,83.0437088012695,87.8458251953125,0.0505926422774792,0.365429788827896,0.169665336608887,0.00358754605986178,1.1675175101045e-28,0,0.387471705675125,0,104877.578125,NA,16.4173649188826
"UKM93",5.90084838867188,9.53570652008057,16.580738067627,11.9623107910156,10.6798906326294,5.57577896118164,3.39069390296936,3.2926287651062,5.62608766555786,87.0417938232422,81.0974426269531,83.3690872192383,86.8286285400391,0.0591741316020489,0.370055586099625,0.0923511981964111,0.0456536523997784,5.34209285202943e-31,0,0.316608756780624,0,590325.4375,NA,340.94210923728
"UKM94",6.35075092315674,9.78051567077637,16.6444702148438,12.3340501785278,10.293719291687,4.95372343063354,2.98378419876099,3.01989126205444,5.12640190124512,85.7350387573242,81.6146926879883,84.5558395385742,85.795295715332,0.0504107847809792,0.320597887039185,0.0816451609134674,0.0133195398375392,2.11525216811259e-29,0,0.284270405769348,0,101088.1796875,NA,83.4865533418964
"UKM95",5.74368238449097,9.66080856323242,16.8249664306641,11.8703422546387,11.0812845230103,4.4093861579895,2.82233214378357,2.99232125282288,4.545569896698,87.8584899902344,80.7910842895508,82.4175720214844,87.3489074707031,0.0840907841920853,0.44376602768898,0.0431668385863304,0.0484546273946762,7.01842033840939e-29,0,0.378766506910324,0,698713.75,NA,393.755339113308
"UKN06",7.38286304473877,10.5930166244507,17.3740119934082,13.226095199585,9.99114894866943,3.52150440216064,2.41691446304321,2.69976949691772,3.73489260673523,84.6224670410156,81.3324661254883,83.1764755249023,84.5799789428711,0.0376248881220818,0.367908626794815,0.00543767539784312,0.0450636297464371,4.19579275160079e-23,0,0.156687065958977,0,46711.73828125,NA,356.993023844162
"UKN07",6.79034614562988,10.331184387207,17.3578872680664,12.6422538757324,10.5675411224365,3.33913660049438,2.41818809509277,2.66972923278809,3.59943222999573,86.8349227905273,80.6718978881836,80.9705429077148,86.1868133544922,0.0432880781590939,0.788139462471008,0.00128334120381624,0.0149875096976757,0,0,0.124691233038902,0,192292.953125,NA,137.459200151561
"UKN08",6.82280826568604,10.2858200073242,17.3380947113037,12.6631288528442,10.515287399292,3.29376745223999,2.41047072410583,2.66211295127869,3.58193826675415,86.4750671386719,80.6333312988281,80.9513778686523,85.9494857788086,0.0530310161411762,0.768234968185425,1.437365670931e-09,0.0184245929121971,0,0,0.13504447042942,0,147845.921875,NA,91.6393348883894
"UKN09",7.54990816116333,10.6872234344482,17.4372158050537,13.3680953979492,9.88730812072754,3.37715196609497,2.35305047035217,2.64116406440735,3.61235880851746,84.3098831176758,81.4343338012695,83.4373397827148,84.3634872436523,0.0389291644096375,0.309911370277405,0.0042663817293942,0.0503451898694038,4.99183102888187e-23,0,0.165093302726746,0,115639.9453125,NA,259.968720229068
"UKN10",6.36275577545166,9.80569362640381,16.551025390625,12.1464605331421,10.188268661499,4.28759860992432,2.90300416946411,3.01723861694336,4.35341644287109,87.6791152954102,81.5183792114258,82.9123306274414,86.9414367675781,0.0618209466338158,0.715869247913361,0.0146471215412021,0.00716651324182749,5.84042896713938e-15,0,0.164261728525162,0,92236.5,NA,73.6117227189286
"UKN11",6.50595140457153,10.1532030105591,17.0215530395508,12.3942852020264,10.5156021118164,3.76737308502197,2.63397121429443,2.81570219993591,3.9390697479248,87.3853302001953,80.9784393310547,81.6307525634766,86.5275650024414,0.034251656383276,0.787095904350281,0.0185637939721346,0.00795677211135626,3.47788165661539e-27,0,0.127531453967094,0,160255.828125,NA,81.9731008131419
"UKN12",6.53215932846069,10.0684680938721,16.8516902923584,12.3931865692139,10.3195304870605,3.9246256351471,2.70185017585754,2.88628554344177,4.08851528167725,87.0447158813477,80.9944839477539,81.9826202392578,86.2675552368164,0.035553727298975,0.729231536388397,0.0193775277584791,0.00914215855300426,7.684411646499e-15,0,0.130942493677139,0,54486.37109375,NA,27.1002841229422
"UKN13",6.64394474029541,10.1762990951538,17.0944347381592,12.5979604721069,10.4504919052124,4.1600456237793,2.69941759109497,2.9590117931366,4.27692079544067,86.0051956176758,80.8818359375,82.0225601196289,85.5376739501953,0.0318554416298866,0.624459028244019,0.0106188813224435,0.0217007454484701,6.74526876606261e-24,0,0.11950222402811,0,143695.0625,NA,197.580161084327
"UKN14",6.84820508956909,10.2785625457764,17.2200260162354,12.7417593002319,10.3718214035034,3.74854636192322,2.5511736869812,2.81234526634216,3.94592595100403,85.8099365234375,80.8776626586914,81.8901138305664,85.4331512451172,0.0421787202358246,0.617839097976685,0.0059593771584332,0.0258669331669807,1.11975681606938e-23,0,0.134129121899605,0,98502.1953125,NA,189.081123619329
"UKN15",6.84671640396118,10.2906532287598,17.1711559295654,12.7703313827515,10.3244390487671,3.98481845855713,2.62189364433289,2.8878710269928,4.12817859649658,85.6257476806641,81.0054931640625,82.3392028808594,85.2748641967773,0.0334386751055717,0.554057121276855,0.00919706840068102,0.0281119253486395,1.64082342533938e-23,0,0.129706382751465,0,242895.3125,NA,233.590461385755
"UKN16",6.39197206497192,9.92340087890625,16.777494430542,12.2015676498413,10.3855218887329,4.52993726730347,2.99482679367065,3.06743717193604,4.46485996246338,88.2513961791992,81.586555480957,82.662467956543,87.4606094360352,0.078641451895237,0.690082132816315,0.0440482199192047,0.00394191546365619,5.15089036148223e-15,0,0.171291276812553,0,151174.4375,NA,51.1987916814839
"VA",12.0805501937866,17.2946796417236,28.2023391723633,21.153528213501,16.1217880249023,3.09157204627991,1.5424782037735,0.482748210430145,7.78935098648071,77.2197036743164,73.6526870727539,68.8109970092773,76.986946105957,0.173614785075188,0.0452437847852707,1.16741338818116e-12,0.149002835154533,0,0,0,0.196637004613876,212.726638793945,NA,625.304109872312
"XKG125378",3.95783424377441,12.8215675354004,24.9836254119873,14.5417594909668,21.0257930755615,1.80522906780243,2.03039121627808,0.865347921848297,2.07877492904663,78.6801681518555,67.7939453125,52.100399017334,70.7207565307617,0.239986926317215,0.238579005002975,0.00534071121364832,0.0432231761515141,0,0.0658716708421707,0.0760099142789841,0.330988615751266,719859.125,NA,225.35416582553
"XKG125379",3.83026456832886,12.6564645767212,24.7920722961426,14.3979549407959,20.9618072509766,2.11458516120911,2.51800775527954,1.10602247714996,2.34641194343567,78.7315139770508,68.4784774780273,53.612964630127,71.1271514892578,0.230861157178879,0.233288809657097,0.0107871918007731,0.0254458822309971,0,0.037175465375185,0.224059730768204,0.238381758332253,275411.03125,NA,136.658262951762
"XKG125380",4.26578140258789,13.1696271896362,25.2932300567627,14.8602428436279,21.0274486541748,1.66067826747894,1.92610287666321,0.824385106563568,1.94522154331207,78.7943115234375,67.3501510620117,51.6216583251953,70.3936386108398,0.262286484241486,0.216739431023598,0.00726346485316753,0.0355390720069408,0,0.0985347107052803,0,0.379636853933334,240356.34375,NA,172.730997420797
"XKG125385",2.63262319564819,11.0667390823364,23.2561550140381,13.1455430984497,20.6235313415527,3.07183504104614,2.58962249755859,0.896831214427948,2.91769099235535,79.3085250854492,70.3003387451172,55.7435340881348,72.1698150634766,0.177181541919708,0.242182075977325,0.0396403707563877,0.0239707361906767,0.0106126544997096,0,0.506235718727112,0,287252.5625,NA,116.238803030533
"XKG125389",2.71847462654114,11.1254692077637,23.3871250152588,13.2227334976196,20.6686515808105,2.41708993911743,2.23332285881042,0.80421507358551,2.54966020584106,78.4548721313477,68.7659378051758,51.3399353027344,70.1618118286133,0.159160122275352,0.29750394821167,0.0333079919219017,0.0319586060941219,0.000164167242473923,0,0.477677971124649,0,373580.34375,NA,198.756134741499
