"NUTM","temperature_winter","temperature_spring","temperature_summer","temperature_fall","seasonal_variation","precipitation_winter","precipitation_spring","precipitation_summer","precipitation_fall","relative_humidity_winter","relative_humidity_spring","relative_humidity_summer","relative_humidity_fall","croplands","pastures","rangelands","urbanAreas","primaryForest","primaryNonForest","secondaryForest","secondaryNonForest","secondaryLand","total_population","population_density"
"AD",3.09300947189331,8.08235359191895,19.0723667144775,11.8125715255737,15.9793577194214,2.51159596443176,2.77031087875366,2.2690806388855,2.98907995223999,73.3242721557617,73.0690612792969,71.2488098144531,76.9047775268555,0.182240843772888,0.0595459155738354,0.0355205796658993,0.0158773418515921,5.45881157449912e-05,0.0280041601508856,0.145879596471786,0.532876968383789,19565.505859375,NA,NA
"AL013",0.8029345870018,9.49637699127197,21.4922962188721,12.0214338302612,20.6893615722656,3.81414318084717,3.24691271781921,1.5429253578186,3.87526416778564,77.8684310913086,70.2882614135742,58.6372413635254,72.3030853271484,0.145056962966919,0.189292088150978,0.00582505902275443,0.0177214369177818,0.0553643926978111,0,0.585126996040344,0,149634.40625,NA,NA
"AL015",2.06173133850098,10.1372766494751,22.1163806915283,12.9473695755005,20.0546493530273,5.17475032806396,4.11360263824463,1.54511880874634,5.45912027359009,75.6449890136719,70.6046752929688,60.7431144714355,72.2197113037109,0.151459112763405,0.127503231167793,0.00581315532326698,0.0111668184399605,0.0731075257062912,0.0017086158040911,0.539787232875824,0.00470912549644709,204184.984375,NA,NA
"AL014",5.98788452148438,13.864426612854,25.7127304077148,16.5823783874512,19.7248477935791,3.97788977622986,3.47954368591309,1.24587368965149,4.22213315963745,74.5441741943359,70.2001342773438,61.1118659973145,71.6996383666992,0.135556682944298,0.130475029349327,5.29486732236961e-10,0.0115851797163486,0.0749849006533623,2.79167193184549e-06,0.573257744312286,7.69414236856392e-06,83397.0234375,NA,NA
"AL011",2.88275074958801,11.2324266433716,23.2567367553711,13.8937139511108,20.3739852905273,3.3001594543457,3.01565742492676,1.19370138645172,3.38002467155457,78.7698135375977,71.4201583862305,59.974479675293,73.0137634277344,0.128406226634979,0.229160889983177,0.00242221052758396,0.010790609754622,0.0736887827515602,0,0.542586326599121,0,113090.2421875,NA,NA
"AL012",7.94609832763672,15.0991945266724,26.7751960754395,18.1215114593506,18.8290958404541,3.26846098899841,3.014075756073,0.941323399543762,3.43596076965332,72.2805557250977,69.6356430053711,62.0323104858398,70.6218948364258,0.175055518746376,0.0995578467845917,4.8466686219939e-10,0.0231064595282078,0.0646108984947205,0.000748047255910933,0.485436469316483,0.0093262754380703,221795.15625,NA,NA
"AL021",4.1575722694397,11.734504699707,23.676212310791,14.7434206008911,19.5186405181885,2.77594637870789,2.62192368507385,0.988403677940369,2.8564453125,77.3430023193359,70.1970520019531,59.3258438110352,71.8021240234375,0.134239062666893,0.213387101888657,0.0131271490827203,0.0144668072462082,0.0835257768630981,0,0.535082042217255,0,338224.21875,NA,NA
"AL022",7.55882120132446,14.5053863525391,26.1791095733643,17.662166595459,18.6202869415283,2.86020517349243,2.75946736335754,0.834762632846832,2.90394687652588,73.0448989868164,69.7015686035156,61.6902656555176,70.684944152832,0.207002252340317,0.129475355148315,6.39663544355074e-10,0.0292643290013075,0.0723447278141975,0.000145810525282286,0.511318266391754,0.00358267431147397,670113.3125,NA,NA
"AL034",2.20613718032837,10.3748006820679,22.4465484619141,13.2193050384521,20.2404117584229,2.30419778823853,2.24154758453369,0.916149377822876,2.49261236190796,79.928596496582,70.7437286376953,57.1735076904297,71.5395889282227,0.14560167491436,0.155288502573967,0.0401488542556763,0.00875630415976048,0.0119526879861951,0.3396355509758,0.0933649316430092,0.147905617952347,145094.734375,NA,NA
"AL031",5.51599931716919,12.597749710083,24.3814601898193,15.7733106613159,18.8654613494873,2.76990604400635,2.46095275878906,0.907305657863617,2.97324299812317,75.8277053833008,69.3983001708984,58.9130058288574,71.1182708740234,0.188430622220039,0.214032843708992,0.021111261099577,0.011056843213737,0.06512700766325,0,0.497839003801346,0,79968.453125,NA,NA
"AL032",9.5750732421875,15.9796838760376,27.3991050720215,19.3140506744385,17.824031829834,2.60517168045044,2.36467051506042,0.765719950199127,3.04308176040649,73.4789505004883,69.3198547363281,61.5169296264648,71.3976058959961,0.285353064537048,0.14447771012783,0.00114049320109189,0.0181706100702286,0.0280585121363401,0.00541688269004226,0.342599749565125,0.0322156548500061,186972.1875,NA,NA
"AL035",8.50402164459229,15.0700283050537,26.6047515869141,18.3510894775391,18.1007308959961,3.7809362411499,2.60716843605042,0.666603565216064,3.85439372062683,74.8760681152344,71.6908264160156,62.676513671875,72.6173095703125,0.13745878636837,0.16666404902935,0.0336962975561619,0.00454619061201811,0.0225857347249985,0.00701860012486577,0.368624269962311,0.0155332246795297,58535.7109375,NA,NA
"AL033",4.76962804794312,11.9059915542603,23.8238773345947,15.0650806427002,19.0542488098145,4.10880661010742,2.74579572677612,0.789444983005524,3.88583421707153,75.7746353149414,70.2704620361328,58.4023208618164,70.9165878295898,0.16449648141861,0.21509838104248,0.0272958278656006,0.00462513184174895,0.047523271292448,0.0127688273787498,0.473987460136414,0.00334782246500254,42436.34375,NA,NA
"AT11",2.33922624588013,12.0044460296631,22.5667667388916,12.9985980987549,20.2275390625,1.3012158870697,1.86117553710938,3.03822946548462,2.39005279541016,78.3326416015625,66.55322265625,65.5341033935547,77.7756042480469,0.321204632520676,0.0138628501445055,6.29200530966045e-06,0.012266356498003,1.40129846432482e-45,0.0252633783966303,0.298863381147385,0.30883914232254,343195.59375,NA,NA
"AT12",1.58490645885468,10.7753257751465,21.2198905944824,11.8928918838501,19.6349849700928,2.01445746421814,2.3232479095459,3.2496235370636,2.3993935585022,80.1638793945312,69.6777420043945,68.6172485351562,79.9569549560547,0.281679749488831,0.181437358260155,0.00377312628552318,0.0202291719615459,0,0.0997565165162086,0.0744956061244011,0.338285118341446,3315559.25,NA,NA
"AT13",2.86280822753906,12.3706045150757,22.9416351318359,13.2879333496094,20.0788269042969,1.52273988723755,1.88148176670074,2.55091547966003,2.20058679580688,78.6156311035156,66.8919067382812,64.6935653686523,76.9871292114258,0.251187115907669,0.167120099067688,2.47817016907348e-10,0.116770669817924,0,0.0853981450200081,0,0.37952396273613,470517.5,NA,NA
"AT21",-0.92694890499115,6.76296949386597,17.0772819519043,9.08502388000488,18.0042304992676,2.44018578529358,3.27110886573792,4.58243131637573,4.38978052139282,79.5938110351562,74.2505645751953,74.9589538574219,82.8533706665039,0.118844196200371,0.104843080043793,0.0626261457800865,0.0113469772040844,0,0,0.698206007480621,0,611733.5,NA,NA
"AT22",-0.211906045675278,7.91502952575684,18.268856048584,9.8845157623291,18.4807624816895,2.37038946151733,2.92994165420532,4.42045259475708,3.41575884819031,80.6175155639648,73.3461151123047,74.2449798583984,82.9453430175781,0.135394215583801,0.0707503035664558,0.0249181687831879,0.0137368207797408,9.4071860162832e-25,0.0376910790801048,0.692307233810425,0.024257717654109,1287145.625,NA,NA
"AT31",1.23860883712769,9.53639221191406,19.6495723724365,11.0940380096436,18.4109630584717,3.35875988006592,3.36376976966858,4.61872577667236,3.38617634773254,81.8340225219727,72.7785797119141,73.5160293579102,82.9975738525391,0.231312423944473,0.231596574187279,0.0119124688208103,0.0194584261626005,0,0.0563428662717342,0.304602354764938,0.140051141381264,1405277.625,NA,NA
"AT32",-1.33866143226624,4.8547101020813,14.7898073196411,7.77724647521973,16.1284675598145,3.46203899383545,4.14617156982422,5.94998931884766,4.32880353927612,80.3092346191406,76.7184753417969,78.4241714477539,83.8430786132812,0.0957268252968788,0.168062180280685,0.156798616051674,0.00935985986143351,0,0,0.553305447101593,0,541684.8125,NA,NA
"AT33",-2.23622560501099,3.95198345184326,13.6647958755493,6.88671636581421,15.9010219573975,3.05986166000366,3.61617350578308,5.52529859542847,3.79727172851562,76.8999252319336,75.0938186645508,78.2505493164062,81.4417877197266,0.0818479433655739,0.167167097330093,0.197274714708328,0.00735623110085726,0,0,0.52515721321106,0,889519.3125,NA,NA
"AT34",-0.650542199611664,5.58127975463867,15.195125579834,8.29419898986816,15.8456678390503,4.04988670349121,4.31178045272827,6.25145244598389,4.29632186889648,76.8076705932617,74.3202819824219,77.8820114135742,80.6857376098633,0.114336974918842,0.193980097770691,0.142907053232193,0.024994969367981,0.00037938158493489,0,0.51489520072937,0,426344.125,NA,NA
"BAG1652",2.1902346611023,10.3395986557007,21.6974124908447,12.818510055542,19.5071792602539,2.9274206161499,3.02273273468018,2.17948985099792,3.6856255531311,79.077995300293,70.4823760986328,65.1692962646484,76.713493347168,0.171879470348358,0.153928056359291,0.0301324427127838,0.0112694138661027,0.000112041932879947,0.111602112650871,0.44850081205368,0.0572934374213219,1396695.625,NA,NA
"BAG1653",2.54886436462402,11.2077741622925,22.623950958252,13.4349050521851,20.0750865936279,2.73154854774475,2.94805955886841,2.30210590362549,3.2847580909729,78.9276428222656,69.2480316162109,64.8653717041016,75.9609375,0.209769427776337,0.113545522093773,0.0257707983255386,0.00968563370406628,0.000225380106712691,0.139126732945442,0.397936046123505,0.0942106395959854,994625.6875,NA,NA
"BE10",5.0044207572937,10.5496740341187,19.4658374786377,12.8617658615112,14.4614171981812,2.88721132278442,2.30851888656616,2.40534996986389,2.6116247177124,85.3368453979492,76.0144805908203,75.1179122924805,83.7655258178711,0.362351566553116,0.106236569583416,7.14613257457586e-10,0.259109526872635,0,0,0,0.272302389144897,199453.25,NA,NA
"BE21",5.07176351547241,10.4858713150024,19.3847007751465,12.7209339141846,14.3129367828369,2.78614401817322,2.14477705955505,2.40934300422668,2.65819454193115,84.9181213378906,75.3491897583008,74.8590469360352,83.949462890625,0.273272275924683,0.113739192485809,1.39280897926142e-09,0.125116720795631,0,2.21877197170706e-10,0,0.468882888555527,1508752.875,NA,NA
"BE22",4.76651000976562,10.5402364730835,19.6246223449707,12.7697353363037,14.8581132888794,2.81032299995422,2.33409738540649,2.52864456176758,2.56461834907532,84.9112319946289,74.7320861816406,74.002067565918,83.3927383422852,0.271802067756653,0.12613745033741,7.23819393311231e-10,0.106464043259621,0,0,0,0.495596438646317,1050387,NA,NA
"BE23",5.09215927124023,10.3228034973145,19.2812576293945,12.9383268356323,14.1890983581543,2.84145665168762,2.13031601905823,2.40473103523254,2.73500919342041,85.1891479492188,76.7084197998047,76.0899963378906,84.1405792236328,0.281149357557297,0.160267323255539,1.29170163454262e-09,0.120935201644897,0,1.80114242964713e-10,0,0.361943244934082,1561953.875,NA,NA
"BE24",4.79107761383057,10.5059814453125,19.5771369934082,12.8227939605713,14.7860593795776,2.79880499839783,2.30226588249207,2.39747452735901,2.51251339912415,85.23193359375,75.7229995727539,74.9394454956055,83.7083206176758,0.392663389444351,0.118710622191429,1.60340363208888e-09,0.169657304883003,0,1.7766529566976e-11,0,0.317448228597641,1587769.375,NA,NA
"BE25",5.22118520736694,10.0558843612671,18.7783336639404,12.8966283798218,13.5571479797363,2.89104318618774,2.18370079994202,2.39004278182983,2.91552829742432,84.4076614379883,77.5451889038086,76.874885559082,83.48779296875,0.333555638790131,0.153267234563828,7.53064659875236e-06,0.0903828665614128,0,1.76672718121829e-10,0,0.221918925642967,1412247.25,NA,NA
"BE31",4.75822114944458,10.5040292739868,19.6010284423828,12.8311080932617,14.8428058624268,2.79703903198242,2.28599238395691,2.36651277542114,2.47742938995361,85.2669906616211,75.7535858154297,74.9629287719727,83.71142578125,0.412534326314926,0.116463772952557,1.92275995125613e-09,0.169366046786308,0,0,0,0.301635891199112,781620.625,NA,NA
"BE32",4.79617166519165,10.3669166564941,19.4496459960938,12.7561025619507,14.6534748077393,3.13323760032654,2.42294001579285,2.45158910751343,2.7602071762085,85.9689865112305,76.7124710083008,75.8636093139648,84.4259796142578,0.349153697490692,0.154192626476288,8.31857693839311e-10,0.109867237508297,0,0,0.200819209218025,0.185967266559601,1941252.25,NA,NA
"BE33",3.92926454544067,9.98473834991455,19.2481098175049,12.2343111038208,15.318844795227,3.26908802986145,2.64418792724609,2.79417371749878,2.80627179145813,86.7038269042969,76.4078979492188,75.9307479858398,84.9538040161133,0.215657949447632,0.111448727548122,1.42255263124724e-09,0.0772271826863289,0,6.08425290672069e-15,0.285632014274597,0.310034155845642,1250065.375,NA,NA
"BE34",3.48389673233032,9.49937915802002,18.9354686737061,11.6406545639038,15.4515714645386,3.96050596237183,2.84538793563843,2.7814314365387,3.1650230884552,88.2958450317383,77.3610000610352,76.6453247070312,86.2943267822266,0.28653010725975,0.144608065485954,0.000378167402232066,0.0313570648431778,2.80782411210545e-11,1.08620630316856e-36,0.444859564304352,0.0922669991850853,394012.96875,NA,NA
"BE35",4.23060178756714,10.0813255310059,19.3647403717041,12.3857097625732,15.1341390609741,3.46450924873352,2.67546725273132,2.60904979705811,2.87009119987488,86.940788269043,77.0199737548828,76.3255996704102,85.265754699707,0.321068733930588,0.144322842359543,1.71768097061431e-05,0.0522919520735741,0,1.51607310423993e-36,0.0782268419861794,0.404072523117065,722787.3125,NA,NA
"BG311",2.48875880241394,13.0416021347046,25.0735378265381,14.4015979766846,22.5847778320312,1.51401746273041,1.71404600143433,1.41511309146881,1.33611059188843,80.213264465332,66.6395874023438,57.6568603515625,72.7021713256836,0.10222414880991,0.180027991533279,0.00463152723386884,0.00550112687051296,0,0.0389622449874878,0,0.666341841220856,77538.6640625,NA,NA
"BG312",2.09178996086121,12.7304172515869,24.6931629180908,14.1037149429321,22.6013736724854,1.44770467281342,1.86247229576111,1.59172487258911,1.3511518239975,79.2378692626953,66.2956619262695,57.7298469543457,71.5262603759766,0.0773394703865051,0.198611542582512,0.0192011184990406,0.00587956653907895,0,0.0340653024613857,0,0.66300243139267,89251.984375,NA,NA
"BG313",2.24903225898743,13.2406415939331,25.4703559875488,14.7214050292969,23.2213230133057,1.48076331615448,1.99804842472076,1.72988677024841,1.42108106613159,79.417724609375,66.4216003417969,57.9961738586426,71.3462600708008,0.120915278792381,0.175262287259102,0.0280457139015198,0.00775299174711108,0,0.00345437438227236,0,0.662930130958557,104202.46875,NA,NA
"BG314",2.39933586120605,13.7953701019287,26.3812236785889,15.3537340164185,23.9818878173828,1.43994760513306,1.74110198020935,1.57369744777679,1.30402433872223,79.0987167358398,66.1044921875,57.7342414855957,70.8414306640625,0.449092179536819,0.182171225547791,0.0108986748382449,0.00793355889618397,0,0.00576428044587374,0,0.342988103628159,176938.03125,NA,NA
"BG315",1.27073216438293,12.0177412033081,24.5752544403076,13.8788509368896,23.3045215606689,1.57725882530212,2.30926775932312,2.24556660652161,1.59544336795807,78.4267654418945,68.7959594726562,61.2932777404785,72.7076950073242,0.265023946762085,0.11973662674427,0.00598612893372774,0.00997901614755392,0,1.82667481567478e-05,0,0.599244177341461,139472.375,NA,NA
"BG321",2.32917857170105,13.0895900726318,25.8338031768799,14.9465494155884,23.5046253204346,1.54923570156097,1.85445642471313,1.43484532833099,1.42171096801758,78.8562469482422,67.8344650268555,60.2422218322754,72.4846725463867,0.366103619337082,0.150082513689995,0.00312348548322916,0.00978774297982454,0,0.00252881995402277,0,0.467994540929794,167452.71875,NA,NA
"BG322",0.72061151266098,11.2716398239136,24.0138835906982,13.2593097686768,23.2932720184326,1.66735589504242,2.20214509963989,1.98400723934174,1.51213657855988,78.8259506225586,69.1549377441406,61.3428916931152,73.3904190063477,0.214325681328773,0.100690498948097,0.00056390673853457,0.0115150650963187,0,2.24978812184418e-05,0,0.672317087650299,76930.515625,NA,NA
"BG323",2.57400226593018,13.7452640533447,26.4132804870605,15.2667541503906,23.8392791748047,1.70047473907471,1.74425911903381,1.33026254177094,1.54358196258545,79.7157363891602,66.2697982788086,59.2778511047363,72.2049942016602,0.517119526863098,0.109987527132034,0.00614945916458964,0.0120809078216553,0,0.0108000449836254,0,0.341719001531601,150662.484375,NA,NA
"BG324",2.4466552734375,13.3158006668091,25.9455432891846,14.9627351760864,23.4988880157471,1.68051862716675,1.717902302742,1.32469022274017,1.71405971050262,79.6989974975586,67.3814468383789,60.9861602783203,73.6088714599609,0.520985960960388,0.0340895056724548,0.000303575419820845,0.00861786119639874,0,0.00360079645179212,0,0.432319462299347,67883.3359375,NA,NA
"BG325",2.60472989082336,13.4521999359131,25.8768634796143,15.0325584411621,23.2721328735352,1.65654385089874,1.57717823982239,1.22222030162811,1.57601165771484,80.0780487060547,67.6604766845703,61.6329917907715,73.7317962646484,0.518915116786957,0.0691602826118469,0.00641222205013037,0.00818920694291592,0,0.00942255929112434,0,0.380538105964661,127356.8984375,NA,NA
"BG331",4.05021190643311,12.7850255966187,25.4146556854248,15.883186340332,21.3644428253174,1.5156717300415,1.41765308380127,0.971769571304321,1.73406898975372,78.7965850830078,71.5834503173828,66.1503143310547,75.5339050292969,0.423883616924286,0.027289716526866,0.000122809855383821,0.0132254464551806,0,5.0600225222297e-05,0,0.435753166675568,323071.75,NA,NA
"BG332",3.59254193305969,12.8730640411377,25.2968120574951,15.4501094818115,21.7042694091797,1.40229022502899,1.29132258892059,0.965871930122375,1.57042980194092,79.3974227905273,71.2822113037109,65.9416122436523,75.2131576538086,0.448189318180084,0.0387966707348824,2.22213893721346e-05,0.0063149300403893,0,0.00508230505511165,0,0.395022869110107,142283.125,NA,NA
"BG333",3.0119297504425,12.8647356033325,25.4873542785645,15.143482208252,22.4754238128662,1.55077040195465,1.60918283462524,1.17414557933807,1.60891854763031,79.4563674926758,69.7698516845703,63.5810012817383,74.9367599487305,0.49789109826088,0.0340903326869011,0.000142695571412332,0.0081674000248313,0,6.66132518745144e-06,0,0.45954817533493,106476.9296875,NA,NA
"BG334",2.59962201118469,12.9773178100586,25.6375560760498,14.9236125946045,23.0379333496094,1.51204752922058,1.71533620357513,1.26499116420746,1.5568265914917,79.1420135498047,68.7247314453125,62.664379119873,74.4334335327148,0.439678132534027,0.0337090529501438,8.71137744979933e-05,0.00765405735000968,0,0.000319375132676214,0,0.518545150756836,65863.8671875,NA,NA
"BG341",4.64749717712402,13.1824798583984,25.6323890686035,16.3941478729248,20.9848899841309,1.76449739933014,1.49209356307983,0.939247846603394,1.7920708656311,78.2251358032227,71.9863891601562,65.5950927734375,74.6880950927734,0.320698589086533,0.0260657016187906,0.00117563165258616,0.00726657686755061,0,0.0371209532022476,0,0.486021548509598,262119.234375,NA,NA
"BG342",2.1656231880188,12.0332374572754,24.7860412597656,14.260404586792,22.6204166412354,1.45968639850616,1.55024647712708,1.13451254367828,1.43236827850342,78.6077651977539,69.3751907348633,60.6795997619629,73.6827697753906,0.348668813705444,0.0380607843399048,0.00131062150467187,0.00877408031374216,0,1.69937156897504e-05,0,0.603168666362762,117261.2421875,NA,NA
"BG343",4.41438341140747,13.6509046554565,26.4018459320068,16.1872749328613,21.9874610900879,1.55740642547607,1.45923125743866,0.898186266422272,1.54925382137299,77.7381744384766,68.517692565918,57.7611351013184,71.5697708129883,0.489687442779541,0.0431673191487789,0.00239236350171268,0.00655516609549522,0,0.0022381036542356,0,0.45581728219986,88789.2578125,NA,NA
"BG344",2.53709578514099,12.4527177810669,25.3337955474854,14.649001121521,22.7966995239258,1.58732712268829,1.80089485645294,1.37267076969147,1.40848696231842,78.277702331543,68.3465270996094,57.1780395507812,71.5680236816406,0.297664135694504,0.12336890399456,0.00193091202527285,0.0106346290558577,0,1.48814024214516e-05,0,0.566181540489197,222047.21875,NA,NA
"BG411",1.07712996006012,11.0137748718262,22.8978404998779,13.0456705093384,21.8207092285156,1.66418194770813,2.4699387550354,2.23806619644165,1.71335911750793,77.8180236816406,67.9808120727539,60.2350578308105,71.6605377197266,0.042621549218893,0.0368086472153664,0.00669496180489659,0.0517120994627476,0,2.70453274424654e-05,0,0.861449956893921,533698.25,NA,NA
"BG412",0.472310483455658,10.4082384109497,22.4836769104004,12.5041656494141,22.0113677978516,1.80445063114166,2.7120144367218,2.21594095230103,1.75416779518127,78.0661087036133,69.1363067626953,61.6550445556641,72.6567153930664,0.0491694286465645,0.0529512129724026,0.00606250995770097,0.0154491513967514,0,0.0100665166974068,0,0.864068567752838,688983.8125,NA,NA
"BG413",0.892500281333923,10.4089241027832,22.7341594696045,12.879490852356,21.8416595458984,1.54332971572876,2.00390291213989,1.25396704673767,1.21307277679443,76.1964569091797,68.3446273803711,57.9448738098145,69.285026550293,0.116752617061138,0.167113453149796,0.0252491850405931,0.00560683198273182,0,0.0616438314318657,0,0.620640277862549,200505.5625,NA,NA
"BG414",0.819465339183807,10.6448154449463,22.4032745361328,12.7568788528442,21.5838088989258,1.54772543907166,2.08314919471741,1.85206532478333,1.45170760154724,77.218132019043,67.6185607910156,59.8588600158691,71.3335266113281,0.0420286729931831,0.040025070309639,0.0113842701539397,0.0149511527270079,0,0.108813628554344,0,0.782775580883026,231316.890625,NA,NA
"BG415",0.702111423015594,10.2607345581055,22.0707893371582,12.5669870376587,21.3686771392822,1.67108702659607,2.15560054779053,1.67160928249359,1.43164551258087,75.0400085449219,66.0443954467773,56.4549102783203,68.8942260742188,0.0390907451510429,0.0815641656517982,0.0186940617859364,0.00797262880951166,0,0.145126566290855,0,0.7075315117836,90577.1328125,NA,NA
"BG421",1.99097990989685,11.9304733276367,24.6771831512451,14.0651025772095,22.6862030029297,1.79314243793488,2.19391703605652,1.85294377803802,1.47447884082794,77.5341262817383,68.7515335083008,58.439582824707,71.6526260375977,0.277969837188721,0.11566798388958,0.00458492850884795,0.0157940723001957,0,0.00150730309542269,0,0.5838223695755,553928.625,NA,NA
"BG422",4.36971044540405,13.5782413482666,26.2538967132568,15.9190874099731,21.8841876983643,1.81860196590424,1.59913909435272,0.951013505458832,1.35756385326385,77.8245697021484,67.0841674804688,53.8810806274414,68.8574447631836,0.382768511772156,0.164014175534248,0.0179265961050987,0.00733863422647119,0,0.0457728318870068,0,0.380409240722656,190006.046875,NA,NA
"BG423",0.989180445671082,10.7405891418457,23.1669578552246,12.9540100097656,22.1777782440186,1.7439546585083,2.3072726726532,1.61229300498962,1.36532473564148,77.0891571044922,69.3241882324219,60.439453125,71.9857177734375,0.179793655872345,0.0892847776412964,0.00689849629998207,0.00902471132576466,0,0.0502243377268314,0,0.658809959888458,188075.25,NA,NA
"BG424",0.584938645362854,9.84789085388184,22.399808883667,12.2934732437134,21.814868927002,2.04711413383484,2.20754337310791,1.56939911842346,1.39790725708008,77.3899917602539,70.6537246704102,61.84228515625,71.8404769897461,0.105536930263042,0.0459213182330132,0.0156827662140131,0.00386112509295344,0,0.14784337580204,0,0.673655271530151,77225.3359375,NA,NA
"BG425",3.6939685344696,12.5621538162231,25.2627277374268,14.9899101257324,21.5687618255615,1.99809634685516,1.7453510761261,1.00893867015839,1.31059646606445,77.8948135375977,68.8226013183594,55.2737617492676,69.4642639160156,0.292667388916016,0.11252474039793,0.0499534234404564,0.00485087838023901,0,0.114955313503742,0,0.41933062672615,110068.984375,NA,NA
"CH01",-0.775783658027649,4.50415802001953,14.4715375900269,7.47273540496826,15.2473201751709,4.55762577056885,4.42687177658081,3.68125152587891,4.30260992050171,74.2749633789062,73.4965591430664,75.3200073242188,80.3684539794922,0.158284574747086,0.121165342628956,0.041366882622242,0.0198930706828833,9.82730328989677e-27,0,0.573362708091736,0,1403843.5,NA,NA
"CH02",1.56011235713959,7.81842613220215,17.6704139709473,10.0544195175171,16.1103019714355,4.76664733886719,4.57950496673584,4.52969694137573,4.4019947052002,78.0048217773438,73.365966796875,75.176139831543,81.987663269043,0.21441176533699,0.162003338336945,0.0186452325433493,0.0311689898371696,3.3633044249569e-29,3.7685276765842e-07,0.534675419330597,2.68136113845685e-06,2171092,NA,NA
"CH03",3.1286609172821,10.1008586883545,19.7241497039795,11.7393980026245,16.5954875946045,4.37050819396973,4.1496057510376,4.37535238265991,3.9052836894989,80.3433227539062,72.1186447143555,73.5011291503906,82.2292098999023,0.210100695490837,0.184802576899529,0.0083735603839159,0.0572853684425354,2.4082626129987e-26,0.00899407081305981,0.451995313167572,0.0639940947294235,885213.4375,NA,NA
"CH04",2.88089036941528,9.98598670959473,19.5501728057861,11.5385417938232,16.669282913208,4.44250679016113,4.5096435546875,5.14013481140137,4.19533538818359,80.2161712646484,72.7547454833984,74.840576171875,82.5872497558594,0.148108467459679,0.230894491076469,0.00873407442122698,0.0802155882120132,7.3814893570656e-27,0,0.502801239490509,0,1031515.375,NA,NA
"CH05",-1.55428421497345,4.13887405395508,13.7579574584961,7.20520973205566,15.3122415542603,4.12976884841919,4.3434419631958,5.2561993598938,4.5595383644104,76.232307434082,73.8818359375,76.7363128662109,81.048942565918,0.0741488412022591,0.212897285819054,0.152211904525757,0.0146572133526206,1.95369757420849e-05,0,0.521414935588837,0,1366198.25,NA,NA
"CH06",0.367512822151184,6.28072261810303,15.817967414856,8.7310380935669,15.4504537582397,5.77836894989014,5.92636346817017,5.82532405853271,5.4850811958313,77.0671615600586,74.0949935913086,76.9421234130859,82.1275024414062,0.0966431871056557,0.21730662882328,0.0696355476975441,0.0430802255868912,1.15571065435833e-26,0,0.50629061460495,0,1395728.625,NA,NA
"CH07",-0.350172996520996,5.37213802337646,15.1598787307739,8.18917179107666,15.5100526809692,3.67037272453308,6.40044069290161,5.825026512146,6.83602523803711,72.6802215576172,71.6911849975586,73.5817947387695,79.741584777832,0.0512329265475273,0.118262626230717,0.112203828990459,0.0185623187571764,4.08628717019295e-21,0,0.6602463722229,0,410471.375,NA,NA
"CZ01",1.85235822200775,10.7123079299927,20.8052597045898,11.6880502700806,18.9528999328613,1.35558319091797,1.61134827136993,3.0239360332489,1.84022355079651,80.6338348388672,69.6935195922852,67.3359069824219,79.6571502685547,0.479681819677353,0.0799484327435493,1.16122211846204e-09,0.0441413223743439,0,0.000120780838187784,0.156738057732582,0.239260286092758,251341.40625,NA,NA
"CZ02",1.45540881156921,10.1687917709351,20.3101863861084,11.2825803756714,18.8547782897949,1.54742383956909,1.77101910114288,3.03383111953735,1.89056396484375,81.3792114257812,70.4701766967773,68.7397079467773,80.4009704589844,0.45019993185997,0.133105307817459,0.000124435202451423,0.0195540562272072,0,0.00019255600636825,0.107878684997559,0.288702547550201,2246761.25,NA,NA
"CZ03",1.116290807724,9.55739116668701,19.6912631988525,10.8634901046753,18.5749740600586,2.05313730239868,2.11731863021851,3.26455974578857,2.19728589057922,83.1704483032227,72.0156860351562,71.2163848876953,82.3623733520508,0.326466232538223,0.177561461925507,0.00163651641923934,0.00708309467881918,0,0.00280516827479005,0.0463879965245724,0.436701357364655,1244325,NA,NA
"CZ04",1.3210357427597,9.60197448730469,19.5918807983398,10.8170928955078,18.270845413208,2.21439266204834,2.09115433692932,3.31356310844421,2.31067442893982,84.2030715942383,72.8125610351562,71.4673004150391,83.3917846679688,0.322630435228348,0.109647326171398,0.00405500968918204,0.011033384129405,0,0.000436067930422723,0.0178721062839031,0.533850312232971,1219107,NA,NA
"CZ05",0.920036852359772,9.54733848571777,19.7222766876221,10.8969297409058,18.8022384643555,2.93020582199097,2.37672686576843,3.4878671169281,2.70929908752441,83.8326034545898,72.3197174072266,71.6299819946289,82.6370315551758,0.340107381343842,0.113726168870926,0.000272905046585947,0.0158225931227207,0,0.000111139706859831,0.250387579202652,0.279531359672546,1414782.75,NA,NA
"CZ06",1.15851378440857,10.3245525360107,20.6895027160645,11.5302600860596,19.5309867858887,1.59348106384277,1.79169297218323,2.72659373283386,1.93625617027283,81.7962112426758,69.2991790771484,67.4005432128906,79.4590225219727,0.4337078332901,0.178759798407555,0.000349943264154717,0.0129042202606797,0,0.000250946352025494,0.0899976044893265,0.28394415974617,1588467.875,NA,NA
"CZ07",0.435304999351501,9.51819133758545,19.9170780181885,10.9373826980591,19.4817733764648,2.18110585212708,2.1509211063385,3.12911701202393,2.37067174911499,82.9785995483398,70.7033309936523,69.6739730834961,80.0686187744141,0.344706177711487,0.144591793417931,0.000417976058088243,0.0176027491688728,0,0.000265912152826786,0.306179404258728,0.185462027788162,1055410.125,NA,NA
"CZ08",0.422762155532837,9.32123470306396,19.6839637756348,10.8247976303101,19.2612018585205,2.3375301361084,2.43049454689026,3.49490189552307,2.56235885620117,82.7531051635742,71.5028381347656,71.3898239135742,80.1793594360352,0.345027595758438,0.0998441204428673,0.000246710289502516,0.0213092118501663,0,0.000308513583149761,0.0545632690191269,0.476895362138748,1128832.25,NA,NA
"DE11",2.43626570701599,10.0907602310181,20.0340309143066,11.5479106903076,17.5977649688721,2.66997218132019,2.5499267578125,3.13629031181335,2.57619452476501,83.5574645996094,71.9092330932617,70.9225387573242,82.27978515625,0.288279265165329,0.0843321084976196,1.06025154309464e-05,0.0211045742034912,0,2.52226218426868e-14,0,0.606273472309113,3739025.5,NA,NA
"DE12",3.29703831672668,10.7621374130249,20.6222591400146,12.2583093643188,17.3252220153809,3.02834939956665,2.74275469779968,3.06732821464539,2.82494211196899,82.9387512207031,71.6028137207031,70.5177459716797,81.5360107421875,0.220776036381721,0.0545333474874496,5.34628379682545e-05,0.021363852545619,0,0,0.0622545555233955,0.641018748283386,2407526.75,NA,NA
"DE13",2.92986536026001,9.97696876525879,19.7148761749268,11.6447381973267,16.7850093841553,3.58133149147034,3.34510922431946,3.53763151168823,3.34420108795166,82.3845138549805,72.6481781005859,72.3387756347656,82.5101470947266,0.245581746101379,0.0982840657234192,0.000684726808685809,0.0247684512287378,0,0.0122204376384616,0.427232563495636,0.18592281639576,2535627,NA,NA
"DE14",2.32867836952209,9.92535972595215,19.8086051940918,11.5059003829956,17.4799251556396,2.50712704658508,2.92208623886108,3.91339159011841,2.83526921272278,82.5732574462891,73.0321731567383,73.6321334838867,83.2558059692383,0.245615780353546,0.15008270740509,0.000929687288589776,0.0135634019970894,0,4.89906323109879e-15,0.330489605665207,0.226512476801872,2090275.75,NA,NA
"DE21",1.43005192279816,9.41428279876709,19.3568096160889,10.9716033935547,17.9267559051514,2.83671236038208,3.3306131362915,4.96849918365479,3.2886745929718,80.6053237915039,72.4287567138672,73.6530380249023,82.6291122436523,0.244571805000305,0.174106478691101,0.0138154523447156,0.0180727057158947,0,9.29455947970559e-13,0.299798786640167,0.240675494074821,4942293.5,NA,NA
"DE22",1.66682839393616,10.0816745758057,20.101842880249,11.2494487762451,18.4350128173828,2.77539396286011,2.56737017631531,3.77123522758484,2.79412984848022,81.948112487793,70.9193572998047,70.6720809936523,82.0940322875977,0.328348875045776,0.173176541924477,0.000936316151637584,0.00787694659084082,0,2.45828912781576e-09,0.173730432987213,0.315930902957916,1128726.875,NA,NA
"DE23",1.36712348461151,9.60761451721191,19.6857223510742,10.8357391357422,18.3185977935791,2.36658620834351,2.07995939254761,3.12379479408264,2.34964632987976,84.310791015625,71.1458282470703,69.897331237793,82.1977844238281,0.276274174451828,0.122611299157143,0.000142525415867567,0.00833170209079981,0,9.79059611161404e-10,0.00649276981130242,0.586147606372833,1202985.5,NA,NA
"DE24",1.71306085586548,9.28577709197998,19.2704238891602,10.8025321960449,17.5573635101318,2.74814510345459,2.19034552574158,3.14510345458984,2.54200649261475,84.7681198120117,72.1381454467773,71.4201354980469,82.9057312011719,0.258698970079422,0.106108002364635,4.33210300965214e-10,0.00799433421343565,0,0,0,0.627198696136475,925854.25,NA,NA
"DE25",1.94837689399719,9.69889640808105,19.8022899627686,11.1506681442261,17.8539142608643,2.148761510849,2.04131317138672,2.86810231208801,2.20340371131897,83.629508972168,70.8648147583008,69.3682022094727,81.5002593994141,0.343996286392212,0.111424326896667,1.68750224904812e-09,0.0131297586485744,0,0,0,0.531449615955353,1523174.875,NA,NA
"DE26",2.321617603302,9.84585762023926,19.6574687957764,11.3287496566772,17.3358516693115,2.57636427879333,2.14093947410583,2.82178401947021,2.36287117004395,84.2790145874023,72.1498184204102,71.2660751342773,82.6221084594727,0.321020156145096,0.088517889380455,0.000123433012049645,0.00655087176710367,0,1.78761370398135e-13,0.039410624653101,0.544376969337463,1062110.5,NA,NA
"DE27",1.7455325126648,9.48423290252686,19.3868713378906,11.037802696228,17.6413383483887,2.65971660614014,3.05604267120361,4.47026348114014,3.05421495437622,80.6447296142578,72.6056365966797,73.6134338378906,82.6674499511719,0.271218985319138,0.199967011809349,0.0140378400683403,0.0114476019516587,4.15312086943231e-08,0,0.174637675285339,0.325839281082153,2005665.875,NA,NA
"DE30",3.04509949684143,10.9814882278442,20.6109485626221,12.1105804443359,17.5658473968506,1.78848326206207,1.62719798088074,2.63608288764954,1.8896564245224,83.4063949584961,70.8990478515625,69.9753265380859,81.9136505126953,0.223804518580437,0.116128452122211,0.00217553786933422,0.0617250502109528,0,0,0,0.581700682640076,740877.25,NA,NA
"DE40",2.9596254825592,10.7584972381592,20.4406986236572,12.0608806610107,17.481071472168,1.82646107673645,1.70613849163055,2.62914443016052,1.87205111980438,83.3851852416992,71.4425354003906,70.6062240600586,82.145378112793,0.330681562423706,0.132087886333466,0.00143886113073677,0.0146650075912476,0,2.06547257596001e-12,0,0.507096111774445,5601371.5,NA,NA
"DE50",3.57128262519836,9.65845775604248,18.3118305206299,11.7012166976929,14.7405471801758,3.1891930103302,2.18558859825134,3.10204553604126,2.66094875335693,85.6598052978516,76.2171859741211,77.9656600952148,84.6684799194336,0.267941385507584,0.20100174844265,0.000569181167520583,0.0334036014974117,0,4.62574336473898e-12,0.37975800037384,0.0586373321712017,152109.953125,NA,NA
"DE60",3.34098196029663,9.51943588256836,18.5508518218994,11.6570692062378,15.2098703384399,3.01448440551758,2.12789368629456,3.0463171005249,2.47662162780762,86.4868392944336,75.7909469604492,76.1411972045898,84.4611282348633,0.338139176368713,0.153038173913956,0.000168019629199989,0.0367126390337944,0,2.28031395849149e-12,0.125049367547035,0.324874401092529,342293.25,NA,NA
"DE71",3.05435180664062,10.6054382324219,20.1827354431152,11.9724264144897,17.1283836364746,2.63958787918091,2.34419775009155,2.94802045822144,2.48901724815369,83.6922149658203,71.874755859375,70.6988906860352,81.8620300292969,0.208026856184006,0.0525166802108288,0.000283065775875002,0.0304071884602308,0,0,0.129342496395111,0.579423725605011,3594411.25,NA,NA
"DE72",2.63896322250366,9.76268100738525,19.2034606933594,11.3428115844727,16.5644989013672,2.88148713111877,2.38567018508911,2.96980452537537,2.53799438476562,85.1942825317383,73.6488723754883,73.399055480957,83.8083724975586,0.215125694870949,0.0700972005724907,3.99215532524977e-05,0.0121116749942303,0,0,0.569660484790802,0.132965013384819,1196745.625,NA,NA
"DE73",2.13810467720032,9.07031345367432,18.5044422149658,10.7978553771973,16.3663387298584,2.71165418624878,2.29054021835327,2.96076989173889,2.43009853363037,85.0753021240234,74.4254608154297,74.6297836303711,84.1075439453125,0.253039807081223,0.0729416087269783,6.72596922601798e-10,0.00581362470984459,0,6.9923717525486e-15,0.208942994475365,0.459261983633041,1067711.125,NA,NA
"DE80",3.07865238189697,9.63816356658936,19.2234287261963,11.7177391052246,16.144775390625,2.22241687774658,1.80702006816864,2.64113473892212,1.99145519733429,85.766227722168,75.6812362670898,74.9464111328125,84.2217788696289,0.393646627664566,0.157595381140709,0.000881341751664877,0.00650457432493567,0,1.56443326175537e-12,0,0.328431218862534,1269725.5,NA,NA
"DE91",2.78885889053345,9.42162227630615,18.7913722991943,11.2858896255493,16.0025119781494,2.954026222229,2.41566109657288,3.04985427856445,2.55184531211853,84.7137603759766,73.969352722168,73.8538208007812,83.1756286621094,0.371028393507004,0.101439319550991,3.46869237546343e-05,0.0112963858991861,0,1.31494272935517e-12,0,0.516141951084137,1300248.25,NA,NA
"DE92",3.29526281356812,9.7115306854248,18.8296089172363,11.6544322967529,15.5343465805054,2.69201946258545,2.18074083328247,2.82666349411011,2.33524084091187,84.4410018920898,73.9681549072266,74.2648239135742,83.0119247436523,0.421753764152527,0.136367797851562,0.000149189654621296,0.0175947230309248,0,2.18670003979127e-12,0.00283729983493686,0.418637990951538,2072032.75,NA,NA
"DE93",3.39207935333252,9.67623710632324,18.70383644104,11.7216720581055,15.3117570877075,2.77742481231689,2.04685068130493,2.89992237091064,2.33647394180298,85.2965621948242,74.4184722900391,75.0471572875977,83.5805435180664,0.326338052749634,0.171438664197922,0.000657714263070375,0.00939085613936186,0,2.75433083458954e-12,0.112702757120132,0.352331697940826,2179266.5,NA,NA
"DE94",3.91177868843079,9.63714027404785,18.2523956298828,11.7737970352173,14.3406171798706,2.91518235206604,2.0825822353363,2.84017181396484,2.58369636535645,85.8871078491211,75.9622421264648,77.1628112792969,84.9482574462891,0.350029349327087,0.248850613832474,0.000118216987175401,0.0124471662566066,0,3.73594800928689e-11,0.0566269531846046,0.263999432325363,2006667.375,NA,NA
"DEA1",4.95523595809937,10.7563047409058,19.6827487945557,12.8988924026489,14.7275123596191,2.98561215400696,2.33211493492126,2.89516663551331,2.66661381721497,84.6506652832031,74.1622772216797,74.0781860351562,83.3729248046875,0.272890120744705,0.0289791692048311,4.69505685032345e-05,0.0639322027564049,0,1.58201785005474e-10,0,0.634151577949524,4383960.5,NA,NA
"DEA2",4.05303049087524,10.3349866867065,19.5175457000732,12.4223289489746,15.4645156860352,3.03432559967041,2.47549891471863,3.02444791793823,2.60323333740234,84.9656600952148,74.6140975952148,74.5852432250977,83.499870300293,0.218328192830086,0.0215042717754841,4.24438439949881e-05,0.0442447811365128,0,1.42190760169881e-14,0.104943387210369,0.61093020439148,4417489,NA,NA
"DEA3",4.38649606704712,10.217001914978,19.0356159210205,12.2871437072754,14.6491193771362,2.936199426651,2.27555394172668,2.87233829498291,2.63045859336853,84.9394836425781,74.0419387817383,74.0380859375,83.7042007446289,0.3731409907341,0.126228615641594,3.25581450688617e-09,0.030573520809412,0,7.31216961979975e-11,0,0.469987988471985,2823437.75,NA,NA
"DEA4",3.09442853927612,9.54141139984131,18.649600982666,11.4569263458252,15.5551719665527,3.05665826797485,2.3841507434845,3.05066275596619,2.64744210243225,84.8600311279297,74.4888153076172,74.6517105102539,83.6210174560547,0.399126052856445,0.110282108187675,1.07956210637639e-09,0.0140665583312511,0,5.70503767925029e-13,0.00500810984522104,0.470948308706284,1770055.25,NA,NA
"DEA5",3.32219839096069,9.71103668212891,18.8288116455078,11.6590204238892,15.5066146850586,4.0839409828186,2.85646152496338,3.45626091957092,3.3001594543457,86.580207824707,75.7932815551758,76.2772903442383,85.2371673583984,0.210019797086716,0.04539630189538,7.83563491868478e-10,0.0214997045695782,0,0,0.0920113176107407,0.630300402641296,2675793,NA,NA
"DEB1",3.43936634063721,10.2205848693848,19.5579261779785,11.9602251052856,16.1185607910156,2.86694192886353,2.33873510360718,2.91658520698547,2.46202802658081,85.541374206543,73.9554443359375,73.4652099609375,83.8051452636719,0.242317482829094,0.0339321605861187,8.23666766791575e-07,0.0143554005771875,0,0,0.178540170192719,0.530853927135468,1568058.5,NA,NA
"DEB2",3.20182085037231,9.83505916595459,19.2052993774414,11.7210388183594,16.0034790039062,3.20264625549316,2.44999265670776,2.78807091712952,2.62100386619568,87.2461624145508,75.5130462646484,74.8624649047852,85.28369140625,0.277328014373779,0.0504416972398758,1.10491971128113e-09,0.0160535238683224,1.75281421321838e-11,0,0.591496527194977,0.0646802261471748,568940.25,NA,NA
"DEB3",3.76465058326721,11.1685094833374,20.8221950531006,12.5591106414795,17.057544708252,2.49598932266235,2.17449760437012,2.68365240097046,2.28096556663513,83.9448394775391,71.5888061523438,69.7573547363281,81.4863891601562,0.333740621805191,0.048802562057972,0.000278857565717772,0.0262536779046059,0,3.56253894376489e-19,0,0.590924322605133,2226915,NA,NA
"DEC0",3.62007927894592,10.5221700668335,20.0071849822998,12.1937112808228,16.3871078491211,3.23518562316895,2.43358540534973,2.81160306930542,2.73477625846863,85.5147933959961,73.3081512451172,71.7910461425781,83.1301574707031,0.413228988647461,0.0590771250426769,8.1150902664362e-10,0.0323915518820286,3.26025925007078e-12,0,0.0755365788936615,0.419765770435333,659972.5625,NA,NA
"DED2",2.31718325614929,10.6410531997681,20.5792636871338,11.8421783447266,18.2620811462402,2.17779731750488,2.03174185752869,3.33115363121033,2.25648236274719,81.8334350585938,71.2221527099609,70.7295684814453,81.7126922607422,0.345070511102676,0.0959669128060341,0.000709052779711783,0.0150147518143058,0,6.83494945405982e-05,0,0.538785576820374,1333366,NA,NA
"DED4",1.71060919761658,9.66534328460693,19.575719833374,10.9605751037598,17.8651103973389,2.4257276058197,2.32940244674683,3.62610745429993,2.55054831504822,83.3931350708008,72.9056625366211,72.4638137817383,82.895637512207,0.347893357276917,0.128137141466141,0.000111202738480642,0.0160005670040846,0,3.78050935978536e-05,0,0.50772500038147,1345977.375,NA,NA
"DED5",3.03353309631348,10.9550514221191,20.7307167053223,12.1132144927979,17.6971836090088,1.70890963077545,1.78051400184631,2.88026428222656,1.86871707439423,80.6564102172852,70.8192749023438,69.6943511962891,80.2088012695312,0.489390134811401,0.138756886124611,1.3514294128214e-09,0.0131330844014883,0,0,0,0.357566982507706,748581.75,NA,NA
"DEE0",3.1447229385376,10.3319787979126,19.9095268249512,11.9138860702515,16.7648048400879,1.8611980676651,1.79175662994385,2.56120586395264,1.85323858261108,82.5605010986328,71.8348083496094,70.7107772827148,81.1764373779297,0.440720498561859,0.136800915002823,0.00136353250127286,0.00881010945886374,0,4.47746820089051e-13,0,0.410694152116776,2327612.5,NA,NA
"DEF0",3.32833647727966,9.12121486663818,18.1459197998047,11.5971984863281,14.8175840377808,3.15922689437866,2.09016704559326,3.21141004562378,2.80727791786194,86.9811859130859,78.0207214355469,77.9242477416992,84.9942779541016,0.298573791980743,0.186355367302895,0.000528563454281539,0.021076463162899,0,4.16232959210561e-09,0.143000975251198,0.208181738853455,3241060,NA,NA
"DEG0",2.12958836555481,9.34479427337646,19.033935546875,10.9397983551025,16.9043464660645,2.27158117294312,2.1485493183136,2.97895383834839,2.20887446403503,84.2730026245117,73.699089050293,72.9514236450195,82.8960723876953,0.156588688492775,0.120405726134777,1.43210554526263e-09,0.00877103488892317,0,5.77453530955715e-15,0,0.714048206806183,2038403.75,NA,NA
"DK01",2.66954517364502,8.20924186706543,18.0469264984131,11.173041343689,15.3773813247681,2.30835199356079,1.64264035224915,2.51140332221985,2.2874596118927,85.8724746704102,78.8800811767578,77.9332504272461,84.4661178588867,0.22694642841816,0.0301909260451794,0.000504404888488352,0.0960075929760933,2.95371720461062e-29,0.00201922538690269,0.00611565681174397,0.228362023830414,949246.25,NA,NA
"DK02",3.28556060791016,8.37378597259521,18.168478012085,11.7046489715576,14.8829164505005,2.35689854621887,1.628333568573,2.48639845848083,2.28447794914246,86.203125,79.1734619140625,77.4550476074219,84.2309265136719,0.27749091386795,0.0399228818714619,0.000776129949372262,0.0296399518847466,0,4.51203914053622e-06,0,0.236222103238106,622551.75,NA,NA
"DK03",2.84304118156433,8.27438163757324,17.2126502990723,10.9797658920288,14.369607925415,3.27500653266907,2.03537392616272,2.97351789474487,3.19480419158936,87.5007019042969,79.2984161376953,78.9960479736328,85.5017013549805,0.33746349811554,0.0671632885932922,0.000945573206990957,0.0240786876529455,1.26116861789234e-44,2.34972603152528e-07,0.247652411460876,0.0973211228847504,951128.5,NA,NA
"DK04",2.32116508483887,7.96848154067993,16.8358631134033,10.4115419387817,14.5146970748901,3.21318864822388,2.03955554962158,2.94160032272339,3.35387969017029,87.1821212768555,79.3262634277344,79.6343383789062,85.6211776733398,0.288377016782761,0.0475978031754494,0.000407183251809329,0.0324372462928295,2.55925726119784e-29,1.98923999050749e-06,0.181068867444992,0.256182819604874,1287847.625,NA,NA
"DK05",1.87058281898499,7.83504629135132,16.9672908782959,10.0908250808716,15.0967073440552,2.85826802253723,1.89341294765472,2.77458786964417,3.02784466743469,85.3700866699219,78.2794418334961,78.6593627929688,84.2139892578125,0.255766063928604,0.0457280017435551,0.0007938138442114,0.0232316013425589,1.29888663605861e-28,1.57658325861121e-06,0.219544678926468,0.174481332302094,453955.625,NA,NA
"EE001",-0.661972403526306,7.53204965591431,18.8846092224121,9.00712299346924,19.5465812683105,2.52097487449646,1.49802732467651,2.47171807289124,2.77067947387695,84.6281433105469,73.4501495361328,73.9472198486328,84.733039855957,0.0597659945487976,0.0708983391523361,0.018375700339675,0.0130064273253083,8.55203325045295e-05,0.0964654386043549,0.396846264600754,0.215283870697021,359488.625,NA,NA
"EE004",-0.0354747511446476,7.34396266937256,18.8735065460205,9.6873254776001,18.9089813232422,2.31610465049744,1.36351764202118,2.31471300125122,2.58701038360596,84.6131896972656,75.5829010009766,74.4995269775391,83.6773147583008,0.0372237339615822,0.0389397256076336,0.0283970031887293,0.00285122590139508,1.01709792943439e-05,0.2062758654356,0.0230267848819494,0.38178277015686,102308.3515625,NA,NA
"EE006",-1.11170864105225,7.53028869628906,19.0017623901367,8.77498626708984,20.1134719848633,2.43565154075623,1.50023651123047,2.57234597206116,2.55595397949219,85.4043273925781,72.3661422729492,73.0683288574219,85.3474731445312,0.0917902588844299,0.070532500743866,0.0279316063970327,0.00703726010397077,7.90042904554866e-05,0.131783559918404,0.283930063247681,0.346466273069382,278979.09375,NA,NA
"EE007",-1.48695802688599,7.72682905197144,19.1918563842773,8.58950424194336,20.6788158416748,2.24866151809692,1.50282323360443,2.65433120727539,2.49496054649353,84.8992004394531,72.1323852539062,71.4895706176758,84.3064346313477,0.0290859825909138,0.0502951592206955,0.0115581480786204,0.00700205564498901,4.01695106120314e-05,0.297330498695374,0.0492833591997623,0.327377885580063,63352.91796875,NA,NA
"EE008",-1.38737404346466,7.99454975128174,19.2916946411133,8.56954002380371,20.679069519043,2.31829071044922,1.5104353427887,2.65988326072693,2.30887508392334,85.6220550537109,71.8813858032227,72.4352569580078,85.1128616333008,0.102886073291302,0.062692791223526,0.0209445711225271,0.00420890934765339,0.000104056598502211,0.158068865537643,0.310767650604248,0.256701022386551,248662.9375,NA,NA
"EL301",9.89771556854248,15.9652824401855,28.1244678497314,19.6953048706055,18.2267532348633,1.86485981941223,0.870901048183441,0.171991378068924,1.14370882511139,74.7502517700195,61.90234375,48.891357421875,65.9046173095703,0.204983934760094,0.00639104563742876,0.311649709939957,0.0545813851058483,0,0.108648113906384,0,0.141454726457596,53706.703125,NA,NA
"EL302",10.0666151046753,16.1104488372803,28.1790657043457,19.841480255127,18.1124515533447,1.78397715091705,0.860871136188507,0.166980043053627,1.14028811454773,74.447135925293,61.6866111755371,48.4232940673828,65.6190872192383,0.178772822022438,0.0291989296674728,0.240120127797127,0.048229806125164,0,0.0961353331804276,0,0.118238724768162,45320.2265625,NA,NA
"EL303",10.4142045974731,16.4091949462891,28.2914295196533,20.1423015594482,17.8772239685059,1.61752367019653,0.840229868888855,0.15666688978672,1.1332483291626,73.8233413696289,61.2426452636719,47.4600372314453,65.0314636230469,0.124831296503544,0.0761367306113243,0.0929148271679878,0.0351585000753403,0,0.0703844949603081,0,0.0704610049724579,75686.875,NA,NA
"EL305",10.2550487518311,16.2584209442139,28.2103996276855,19.983455657959,17.9553508758545,1.76317322254181,0.85911375284195,0.164689868688583,1.13294839859009,74.0087661743164,61.4616165161133,48.3432197570801,65.4217147827148,0.149763286113739,0.0395850464701653,0.184385657310486,0.0392621569335461,0,0.0828594043850899,0,0.100151695311069,929303.6875,NA,NA
"EL306",9.34748268127441,15.5268230438232,27.6782188415527,19.1980876922607,18.3307361602783,1.90408527851105,0.880934238433838,0.178907960653305,1.240886926651,75.0416564941406,63.8057098388672,51.1460037231445,66.6083297729492,0.259418457746506,0.244931057095528,0.123008161783218,0.015407002530992,0,0.056730005890131,0,0.145413100719452,193943.296875,NA,NA
"EL411",10.6326065063477,16.27978515625,27.5537300109863,19.8651390075684,16.9211254119873,2.88281416893005,1.35337996482849,0.171708792448044,1.39511406421661,73.437370300293,69.3527526855469,59.9858894348145,69.3175811767578,0.0828133746981621,0.0623797364532948,0.0603817850351334,0.00445057963952422,0,0.172648102045059,0,0.148575201630592,36323.71484375,NA,NA
"EL412",11.6534252166748,16.9728717803955,27.7550144195557,20.8396682739258,16.1015911102295,4.10503959655762,1.54677450656891,0.0442837774753571,1.78693354129791,72.4791793823242,71.3045654296875,65.0656204223633,71.198616027832,0.124325416982174,0.0542970523238182,0.00634642923250794,0.00191914301831275,0,0.0365945547819138,0,0.0149692874401808,11110.6279296875,NA,NA
"EL431",12.2754096984863,16.8937644958496,27.0051689147949,20.7666702270508,14.7297582626343,3.86150217056274,1.11814844608307,0.0422212667763233,1.56338953971863,78.2603759765625,65.2765426635742,55.5288124084473,70.6016235351562,0.164832785725594,0.377311319112778,0.0222035106271505,0.00334244314581156,0,0.0182144790887833,0,0.0263505782932043,183026.765625,NA,NA
"EL432",13.5459756851196,17.3574047088623,26.815559387207,21.6092224121094,13.2695846557617,2.5543749332428,0.768297135829926,0.0633795410394669,0.983133852481842,74.0359802246094,66.5455093383789,62.6038131713867,70.7037887573242,0.0844742953777313,0.0242913868278265,0.259467780590057,0.00109414954204112,0,0.00864197593182325,0,0.0172569081187248,35977.53515625,NA,NA
"EL433",12.270546913147,16.739818572998,26.9710712432861,20.7596092224121,14.7005243301392,4.37013578414917,1.43373715877533,0.0404445566236973,2.08269834518433,79.0436630249023,66.5798263549805,56.4056625366211,70.9103851318359,0.137910589575768,0.404997974634171,0.0605495534837246,0.00163322116713971,0,0.0194523297250271,0,0.0268387123942375,41063.78515625,NA,NA
"EL434",13.1231775283813,17.3598747253418,27.7536029815674,21.6595439910889,14.630425453186,4.3584942817688,1.53584492206573,0.0462937317788601,2.15363097190857,77.7567291259766,68.710090637207,59.9959411621094,71.2908706665039,0.0681306421756744,0.260417699813843,0.0518359765410423,0.00093905336689204,0,0.0277764145284891,0,0.0200338512659073,41026.609375,NA,NA
"EL511",5.90336894989014,14.3845357894897,26.7163372039795,16.9800662994385,20.812967300415,2.25590968132019,1.49671220779419,0.665497183799744,1.47900998592377,76.791618347168,67.2084503173828,53.1901779174805,67.6819610595703,0.33218115568161,0.160703048110008,0.0286742467433214,0.00546011282131076,0,0.16631093621254,0,0.169966369867325,100194.984375,NA,NA
"EL512",4.42047119140625,12.7527589797974,25.3755073547363,15.3524894714355,20.9550361633301,2.1710057258606,1.66416263580322,0.841113030910492,1.32754385471344,75.2827911376953,71.5509719848633,60.308708190918,69.9501647949219,0.232855021953583,0.0866745188832283,0.0283297393471003,0.0028052250854671,0,0.416491210460663,0,0.150062039494514,69738.140625,NA,NA
"EL513",4.73773050308228,13.0867719650269,25.7047843933105,15.7563152313232,20.9670543670654,2.1036593914032,1.54838967323303,0.721515119075775,1.32256293296814,77.3375930786133,69.6907806396484,54.3554191589355,68.5949020385742,0.271550595760345,0.0901443734765053,0.076490543782711,0.00249216239899397,0,0.233991727232933,0,0.198242455720901,67000.4375,NA,NA
"EL514",3.26368403434753,12.1534261703491,24.7702045440674,14.7054567337036,21.5065212249756,1.80249881744385,1.61217832565308,0.931634306907654,1.20079565048218,76.1576080322266,69.981071472168,59.8407020568848,70.5052108764648,0.287440717220306,0.124484643340111,0.040618110448122,0.00290861097164452,0,0.370225489139557,0,0.172358423471451,122732.2109375,NA,NA
"EL515",5.62702989578247,13.7902765274048,26.0701675415039,16.4571990966797,20.4431381225586,2.2166850566864,1.41999399662018,0.762737691402435,1.33065903186798,73.7844467163086,72.3195877075195,63.1889038085938,69.9099807739258,0.167579635977745,0.115250989794731,0.0206478498876095,0.00258071999996901,0,0.206415250897408,0,0.0975162237882614,62131.0625,NA,NA
"EL521",4.14830160140991,13.231936454773,25.8906326293945,15.8046817779541,21.7423305511475,1.53512823581696,1.50898146629333,0.636827886104584,1.51628088951111,76.5791854858398,66.0818405151367,50.7669258117676,68.2805480957031,0.336858332157135,0.206391543149948,0.076289102435112,0.0069827507250011,0,0.129891350865364,0,0.230042472481728,162297.21875,NA,NA
"EL522",6.5484938621521,14.9767599105835,27.4073715209961,17.7259521484375,20.8588790893555,1.31729960441589,1.24326157569885,0.682275176048279,1.12204599380493,75.5336761474609,66.9345092773438,54.1510238647461,68.5293807983398,0.296599835157394,0.217041075229645,0.078917570412159,0.00784655660390854,0,0.100658923387527,0,0.190389409661293,505067.90625,NA,NA
"EL523",4.98025465011597,14.2841520309448,26.9507598876953,16.7968807220459,21.9705028533936,1.53253316879272,1.5256963968277,0.7867431640625,1.38611686229706,75.0966644287109,64.7593154907227,48.0326232910156,65.7650527954102,0.294136852025986,0.213495656847954,0.0969830676913261,0.0111198835074902,0,0.125818163156509,0,0.221720814704895,400135.90625,NA,NA
"EL524",3.5979015827179,12.9880695343018,25.5382328033447,15.4184236526489,21.9403324127197,1.63282239437103,1.65078139305115,0.696992993354797,1.63066685199738,77.0563583374023,65.5433044433594,48.9405250549316,67.6931076049805,0.295756727457047,0.241236537694931,0.0754571259021759,0.00592426070943475,0,0.133108243346214,0,0.24060532450676,174141.203125,NA,NA
"EL525",4.44410228729248,13.0159950256348,25.7406387329102,15.8526945114136,21.296537399292,1.23278105258942,1.19483494758606,0.569293081760406,1.22681522369385,75.6594924926758,67.4395751953125,54.7969169616699,69.0454635620117,0.207192555069923,0.153837755322456,0.0889060571789742,0.00267666741274297,0,0.17058102786541,0,0.158472627401352,58717.8125,NA,NA
"EL526",4.68589544296265,13.6005029678345,26.1081161499023,16.2206268310547,21.4222221374512,1.32562470436096,1.34065139293671,0.773780643939972,1.05877208709717,75.8286437988281,66.5845718383789,52.9249687194824,67.5206832885742,0.250853359699249,0.218265026807785,0.0398227013647556,0.00349637167528272,0,0.228413388133049,0,0.180051609873772,129844.703125,NA,NA
"EL527",7.91349220275879,15.1391773223877,27.3446712493896,18.3640403747559,19.4311771392822,1.38672363758087,1.10185527801514,0.610655128955841,1.04864895343781,74.7058792114258,68.2206192016602,57.4994087219238,69.3645629882812,0.126069068908691,0.225637048482895,0.0325257107615471,0.00150417862460017,0,0.0918247550725937,0,0.108658969402313,52937.8359375,NA,NA
"EL531",3.00647306442261,11.532621383667,24.1868076324463,14.3382301330566,21.1803340911865,1.58847916126251,1.54405641555786,0.733833193778992,1.67033779621124,77.9969253540039,66.8491363525391,49.4822158813477,68.028190612793,0.283295422792435,0.215747117996216,0.0729622095823288,0.00265935226343572,0,0.181316465139389,0,0.236158296465874,154567.953125,NA,NA
"EL532",1.91617250442505,10.4859609603882,22.855110168457,13.1669836044312,20.9389381408691,1.92368304729462,1.87327945232391,0.853164851665497,2.09145379066467,79.4295043945312,68.7980346679688,52.8840751647949,69.7950286865234,0.233039319515228,0.140727311372757,0.0576834678649902,0.0030382196418941,0,0.330982625484467,0,0.200655564665794,33274.6171875,NA,NA
"EL533",1.61970198154449,10.7630605697632,23.1158866882324,13.2406778335571,21.4961833953857,1.58874428272247,1.71945929527283,0.827907681465149,1.85704100131989,79.7199630737305,68.1315155029297,52.2733955383301,70.0168838500977,0.235262736678123,0.183974012732506,0.0599493309855461,0.00325473910197616,0,0.245773911476135,0,0.215655088424683,52030.453125,NA,NA
"EL541",8.36921215057373,15.1499605178833,27.03391456604,18.4415626525879,18.664701461792,3.77163767814636,2.31604313850403,0.514193415641785,3.13753032684326,78.0975341796875,73.4734954833984,62.1812400817871,73.8222198486328,0.106527522206306,0.201895341277122,0.0971469506621361,0.00122908258344978,0,0.0068820808082819,0.46734943985939,0.0025467574596405,54849.62109375,NA,NA
"EL542",8.80430603027344,15.4441499710083,27.1789436340332,18.7367191314697,18.3746376037598,3.75838565826416,2.37742924690247,0.592239558696747,3.52746605873108,75.5958709716797,73.7493286132812,64.3767776489258,73.6456832885742,0.11105165630579,0.201226457953453,0.0342132411897182,0.00200577266514301,0.00407456932589412,0.018830107524991,0.323727428913116,0.0163022987544537,38491.16015625,NA,NA
"EL543",5.09536170959473,12.603461265564,24.6075782775879,15.5681228637695,19.5122146606445,3.07047653198242,2.32070541381836,0.740999579429626,3.01894283294678,78.3557052612305,71.5270462036133,57.4562911987305,71.8006439208984,0.132028117775917,0.135407224297523,0.0595957636833191,0.00284964870661497,0.00109857879579067,0.231701329350471,0.367720812559128,0.0447650514543056,171348.453125,NA,NA
"EL611",6.10256338119507,13.8005437850952,26.3403224945068,16.9096412658691,20.2377586364746,2.20217728614807,1.74387121200562,0.59010374546051,2.01545548439026,78.0027160644531,67.6255264282227,50.222297668457,68.4971771240234,0.229370042681694,0.17955881357193,0.0969071388244629,0.002066804561764,0,0.24261274933815,0.0509246475994587,0.195607587695122,180532.09375,NA,NA
"EL612",6.47239208221436,14.4389123916626,27.1866493225098,17.5581703186035,20.7142581939697,1.32687449455261,1.16038417816162,0.504238784313202,1.29836416244507,75.4435577392578,65.0288467407227,49.9765663146973,67.1958923339844,0.343650251626968,0.0687577351927757,0.255778759717941,0.00308064022101462,0,0.0780359134078026,0,0.158214837312698,248521.796875,NA,NA
"EL613",8.28059101104736,15.1777219772339,27.5228958129883,18.7003211975098,19.2423038482666,1.82472884654999,1.12745845317841,0.508594989776611,1.37903141975403,75.4657974243164,67.2227172851562,55.4661064147949,68.9618682861328,0.187517642974854,0.0219048447906971,0.267261624336243,0.00315792672336102,0,0.061423771083355,0,0.119790658354759,100845.625,NA,NA
"EL621",14.2722406387329,16.9885444641113,26.3884353637695,22.3131885528564,12.1161937713623,3.27846693992615,1.6633574962616,0.315991133451462,3.14709949493408,69.914909362793,76.752197265625,80.0028610229492,72.6844787597656,0.0125292474403977,0.0766115039587021,0.00122946675401181,0.000769086414948106,0,0.0369535312056541,0,0.0383733250200748,5225.9072265625,NA,NA
"EL622",10.0817623138428,16.0980205535889,27.3513641357422,19.7315292358398,17.269603729248,4.07835054397583,2.3817183971405,0.638407647609711,4.17109775543213,73.5630416870117,75.5301055908203,71.3587265014648,74.2829818725586,0.014852549880743,0.0629663094878197,0.000158243128680624,0.00219409773126245,0,0.122648276388645,0,0.0285268127918243,16780.177734375,NA,NA
"EL623",13.7618675231934,16.863618850708,26.6871891021729,22.0764141082764,12.9253215789795,3.10594367980957,1.66158044338226,0.343620300292969,2.86258506774902,69.6154708862305,75.9037399291992,77.4612503051758,71.6529922485352,0.0186804626137018,0.124014116823673,0.00243188021704555,0.000561511609703302,0,0.0652214363217354,0,0.0431821011006832,7140.998046875,NA,NA
"EL631",8.60218715667725,14.9443759918213,26.7816734313965,18.5093364715576,18.1794853210449,2.96965003013611,1.78922009468079,0.384886682033539,2.6153826713562,76.6655654907227,72.3324203491211,61.9751968383789,72.4484252929688,0.0696929320693016,0.241736873984337,0.0892395600676537,0.00246575684286654,0,0.24008546769619,0.0425648242235184,0.121362678706646,168308.125,NA,NA
"EL632",8.85507488250732,14.771821975708,26.3810386657715,18.5386333465576,17.5259647369385,2.62609195709229,1.43151533603668,0.243959382176399,2.11783027648926,77.7607192993164,70.3719863891602,57.3228988647461,70.8553009033203,0.137052744626999,0.310722321271896,0.089192196726799,0.00351575622335076,0,0.0949325039982796,0,0.160883322358131,149060.296875,NA,NA
"EL633",10.6329498291016,15.7131862640381,26.7573566436768,19.8620529174805,16.1244068145752,3.07876539230347,1.43764054775238,0.209050908684731,2.57416200637817,77.2241058349609,72.4288940429688,62.3848075866699,72.6874694824219,0.151809632778168,0.243330419063568,0.0796678438782692,0.00195743329823017,0,0.103127367794514,0,0.189761877059937,57906.16796875,NA,NA
"EL641",8.96158504486084,15.3245782852173,27.570125579834,18.9469585418701,18.6085414886475,1.95500314235687,0.974902629852295,0.220495596528053,1.33463060855865,75.3249588012695,64.7787399291992,52.069206237793,67.316291809082,0.226813167333603,0.258144795894623,0.0904252529144287,0.00677382573485374,0,0.0435664281249046,0,0.138849869370461,261864.8125,NA,NA
"EL642",10.2318382263184,15.8189916610718,27.2348594665527,19.6170082092285,17.0030212402344,2.19627046585083,1.01761019229889,0.256826788187027,1.29865264892578,74.584831237793,65.3977432250977,55.8966026306152,68.3119049072266,0.112705089151859,0.127506464719772,0.0990387573838234,0.00745290331542492,0,0.0632542595267296,0,0.119034789502621,370710.15625,NA,NA
"EL643",5.94453287124634,12.9919509887695,25.3357944488525,16.3328227996826,19.3912620544434,2.47675919532776,1.77827715873718,0.48735699057579,2.19850087165833,78.9409332275391,70.9732360839844,56.5612373352051,71.4532928466797,0.101995036005974,0.174481719732285,0.140176966786385,0.00134683318901807,0,0.354192942380905,0.056993056088686,0.142994999885559,36023.9453125,NA,NA
"EL644",7.57798337936401,14.5354890823364,26.9008178710938,17.9896278381348,19.3228340148926,1.80877697467804,1.29358553886414,0.44008868932724,1.56006562709808,78.0355911254883,66.4266128540039,51.8491439819336,69.3965301513672,0.237897425889969,0.18812370300293,0.185018882155418,0.00175377365667373,0,0.124383844435215,0,0.162169054150581,98886.5625,NA,NA
"EL645",7.31484413146973,14.1071929931641,26.326057434082,17.5586013793945,19.0112113952637,2.08111715316772,1.3334629535675,0.352141529321671,1.75844931602478,78.2686386108398,68.0374069213867,53.9221153259277,70.1411056518555,0.158609867095947,0.307982116937637,0.0789477974176407,0.00247461628168821,0,0.1473508477211,0,0.155892699956894,65958.8359375,NA,NA
"EL651",7.59454774856567,13.5895557403564,25.5200138092041,17.3947448730469,17.925464630127,2.3630588054657,1.21679413318634,0.295150816440582,1.83418381214142,76.4464797973633,66.4093933105469,51.8301277160645,67.7223358154297,0.176569625735283,0.338033944368362,0.147857919335365,0.00304380129091442,0,0.0713805928826332,0,0.121956050395966,174432.703125,NA,NA
"EL652",7.43436241149902,13.7795305252075,25.9785232543945,17.4018955230713,18.5441608428955,1.87741315364838,1.08195912837982,0.281938016414642,1.48679506778717,75.0083999633789,65.1809921264648,51.191463470459,66.8158416748047,0.222847566008568,0.336117029190063,0.0971130728721619,0.00344454403966665,0,0.0433594770729542,0,0.114618979394436,87197.0625,NA,NA
"EL653",10.7056674957275,15.6571750640869,26.8991355895996,19.9369468688965,16.1934661865234,3.07294821739197,1.26871228218079,0.207589954137802,2.38079953193665,75.2885055541992,66.9894485473633,53.7308158874512,67.7024917602539,0.0979762896895409,0.2615125477314,0.108990930020809,0.00181450275704265,0,0.0677388980984688,0,0.106082536280155,110795.125,NA,NA
"ES111",10.0665693283081,12.5302476882935,20.0558128356934,16.1797962188721,9.98924350738525,6.0092716217041,3.53786897659302,0.856164753437042,4.9007043838501,82.9457321166992,79.0065307617188,76.8899459838867,82.7530822753906,0.0529721416532993,0.0693732127547264,0.000552183599211276,0.0170441959053278,0.000163081189384684,0.0336630269885063,0.56799042224884,0.0052599017508328,692749.75,NA,NA
"ES112",7.2059965133667,10.827953338623,19.7203941345215,14.334864616394,12.5143966674805,4.68447780609131,3.00445246696472,0.804139077663422,4.03461074829102,82.9161911010742,77.7479629516602,73.2678756713867,81.0920028686523,0.0661649256944656,0.0867377147078514,0.00394491804763675,0.00500819087028503,0.000192908075405285,0.0154884876683354,0.769712746143341,0.00354985380545259,218436.109375,NA,NA
"ES113",6.3847074508667,11.0163288116455,21.1562976837158,14.2344770431519,14.7715902328491,4.88821029663086,2.8471519947052,0.596153914928436,3.96179103851318,82.5863723754883,73.6570587158203,64.4367828369141,77.6746520996094,0.0538256838917732,0.110149011015892,0.0122062666341662,0.00721208611503243,0.000225276598939672,0,0.814592897891998,0,262220,NA,NA
"ES114",9.36752796173096,12.6738538742065,21.11572265625,16.0724582672119,11.7481966018677,6.62323522567749,3.74323010444641,0.745457589626312,5.37875890731812,83.1795043945312,77.498046875,72.2768096923828,81.4004287719727,0.0613099858164787,0.11371685564518,1.19432008727216e-09,0.0208981614559889,0.000151761283632368,0,0.673290014266968,0,515119.0625,NA,NA
"ES120",6.52150917053223,9.92820644378662,18.8307056427002,13.689700126648,12.3091974258423,4.18971252441406,3.23762464523315,1.16312539577484,3.809321641922,79.9373626708984,78.122314453125,78.5442199707031,81.2783508300781,0.0151938553899527,0.0698799267411232,0.0264840889722109,0.00922464206814766,6.38573765172623e-05,0.490964949131012,0.23800154030323,0.049959022551775,583508.0625,NA,NA
"ES130",7.43948364257812,10.7406444549561,19.2777996063232,14.5344734191895,11.8383150100708,3.83086562156677,3.36579942703247,1.77924263477325,3.65353322029114,80.2909393310547,77.4467849731445,79.3418045043945,80.7516479492188,0.0277371238917112,0.122854344546795,0.0254951119422913,0.0130392508581281,1.53024830069626e-05,0.547882556915283,0.0748903676867485,0.0719122439622879,393077.96875,NA,NA
"ES211",6.07843732833862,10.5325574874878,20.1623916625977,14.1689252853394,14.0839548110962,2.86406683921814,2.74292969703674,1.45156359672546,2.67811226844788,80.273078918457,75.4010925292969,75.0085678100586,78.8040084838867,0.12997730076313,0.154405489563942,0.0230522286146879,0.0155182806774974,0.00014236694551073,0.034794669598341,0.605140388011932,0.00768175953999162,385535.8125,NA,NA
"ES212",8.64173221588135,12.003680229187,20.3948974609375,15.888430595398,11.7531671524048,4.68189859390259,4.34929609298706,2.3665280342102,4.33863019943237,79.6365585327148,77.4287033081055,79.7803344726562,80.5550842285156,0.0329435095191002,0.111294969916344,0.00251344474963844,0.0195469446480274,0.000130225977045484,0,0.551066398620605,0,272951.3125,NA,NA
"ES213",8.44588470458984,11.7500591278076,19.8756065368652,15.6289482116699,11.4297218322754,3.80324292182922,3.50329446792603,1.82132196426392,3.62808752059937,79.0412063598633,77.6250228881836,80.5580749511719,80.2719116210938,0.0172731839120388,0.118610985577106,0.0067247268743813,0.0486939661204815,0.000120788179629017,0.126008197665215,0.473447173833847,0.0266676545143127,639199.4375,NA,NA
"ES220",6.71068954467773,11.6759004592896,21.9726638793945,15.1414804458618,15.2619743347168,2.8620285987854,2.92667198181152,1.67828178405762,2.95318102836609,78.6897430419922,71.2814865112305,67.906135559082,76.3826065063477,0.206393092870712,0.137093350291252,0.0278223715722561,0.011974211782217,0.000109338026959449,0.0139719862490892,0.50693678855896,0.0728516057133675,847147.9375,NA,NA
"ES230",5.05397319793701,10.1278018951416,20.963357925415,13.5872783660889,15.9093866348267,1.83614838123322,2.18399477005005,1.33698785305023,1.93772673606873,77.5282211303711,71.1334609985352,66.4593658447266,74.6843566894531,0.142325028777122,0.141854763031006,0.046399861574173,0.00766742322593927,6.09007001912687e-05,0.268633723258972,0.252527981996536,0.140402570366859,289681.40625,NA,NA
"ES241",5.5358099937439,11.5417823791504,23.0549182891846,14.6846380233765,17.5191078186035,1.76853907108307,2.11834979057312,1.57482159137726,2.70906496047974,74.3368225097656,64.6463623046875,57.0529365539551,72.6658477783203,0.243223443627357,0.0842392146587372,0.0833577811717987,0.00366086489520967,0.000470482627861202,0.0819206982851028,0.321447134017944,0.180340170860291,310157.875,NA,NA
"ES242",5.74332189559937,11.5269737243652,23.6140308380127,14.7247037887573,17.8707103729248,1.1088011264801,1.29124212265015,0.957972049713135,1.61640954017639,71.7477951049805,60.3972778320312,51.4321784973145,68.2487640380859,0.168469846248627,0.0644732788205147,0.19800141453743,0.00136268965434283,0,0.312264919281006,0,0.255375802516937,141751.0625,NA,NA
"ES243",7.11300325393677,13.3830099105835,25.214958190918,16.3168067932129,18.1019535064697,1.03374516963959,1.41631829738617,0.886004686355591,1.44982063770294,73.178955078125,58.2995262145996,48.6430625915527,67.0891418457031,0.251631289720535,0.0601401627063751,0.159958124160767,0.00702171958982944,1.79149428731762e-05,0.16223980486393,0.0912121534347534,0.267312914133072,946914.5625,NA,NA
"ES300",7.21573162078857,13.5252532958984,26.4778671264648,16.6724452972412,19.262134552002,1.73063111305237,1.36009788513184,0.471574187278748,1.70770061016083,76.3197937011719,57.2168960571289,36.8467636108398,62.2586822509766,0.119022004306316,0.103029519319534,0.177452698349953,0.0852038189768791,0,0.232126340270042,0,0.282388597726822,5956333,NA,NA
"ES411",5.88819742202759,11.9788675308228,24.3561935424805,15.1241388320923,18.4679946899414,2.235764503479,1.44619166851044,0.449043989181519,2.03709268569946,77.0395126342773,60.3043670654297,40.8815307617188,65.1935729980469,0.0956410840153694,0.115045748651028,0.250014632940292,0.00449122674763203,0,0.201230123639107,0,0.333255380392075,196804.421875,NA,NA
"ES412",5.78007507324219,10.6592988967896,21.0970458984375,14.1485500335693,15.3169717788696,2.10574340820312,2.02221465110779,1.13000190258026,2.05898475646973,79.4388656616211,70.7960739135742,64.0386428833008,73.7962112426758,0.160644397139549,0.137518644332886,0.0945788770914078,0.00610676594078541,4.69531732960604e-05,0.140980139374733,0.216118931770325,0.234634667634964,500418.5,NA,NA
"ES413",5.05798435211182,9.98098087310791,20.6834564208984,13.3817253112793,15.6254711151123,3.31729221343994,2.27202224731445,0.817194938659668,2.88530468940735,80.0456314086914,70.0866317749023,60.7749786376953,74.6559295654297,0.0807154774665833,0.128005236387253,0.0268864333629608,0.00469156494364142,0.000257812469499186,0.0694745853543282,0.585094213485718,0.100063025951385,428350.71875,NA,NA
"ES414",6.01597929000854,10.998176574707,21.5600051879883,14.4491052627563,15.5440235137939,2.00455617904663,1.72727632522583,0.898164629936218,2.01481342315674,79.4839782714844,67.8186492919922,58.8960952758789,72.5236892700195,0.173349052667618,0.176782160997391,0.0759985595941544,0.00455377483740449,4.21939985244535e-05,0.0132611207664013,0.25385969877243,0.299532175064087,212353.65625,NA,NA
"ES415",6.99622535705566,13.0588121414185,25.0082054138184,16.0252876281738,18.0119800567627,2.20766568183899,1.330326795578,0.345804125070572,1.8919917345047,79.2039337158203,62.1948432922363,43.9128799438477,67.3647232055664,0.119490221142769,0.28362187743187,0.0834232568740845,0.00430072471499443,0,0.201560392975807,0,0.30505183339119,314853.9375,NA,NA
"ES416",5.8149003982544,11.5869560241699,24.1537818908691,14.9956350326538,18.3388805389404,1.75278520584106,1.52533662319183,0.591994524002075,1.62228262424469,77.329216003418,61.1634407043457,42.3452987670898,64.9126052856445,0.122404053807259,0.123707637190819,0.200221747159958,0.00767980143427849,0,0.200869366526604,0,0.344993531703949,269340.9375,NA,NA
"ES417",5.37768888473511,11.0972766876221,23.355827331543,14.4933576583862,17.9781398773193,1.61945688724518,1.72007608413696,0.902933061122894,1.56561863422394,76.4165115356445,62.78466796875,48.1408042907715,66.849609375,0.117642417550087,0.112247057259083,0.185818806290627,0.003558618016541,5.99857412453275e-06,0.251438856124878,0.0241417679935694,0.3046013712883,123173.8359375,NA,NA
"ES418",6.51554203033447,12.4811573028564,24.302209854126,15.6892013549805,17.7866687774658,1.3944433927536,1.15969669818878,0.45898911356926,1.36375021934509,78.4562759399414,60.6623611450195,44.0843887329102,66.1649932861328,0.20380562543869,0.0662289038300514,0.24729011952877,0.00789484847337008,0,0.0279830917716026,0,0.446797370910645,406322.34375,NA,NA
"ES419",6.24929332733154,12.258659362793,24.039234161377,15.2806730270386,17.7899398803711,2.2658326625824,1.48697185516357,0.403867125511169,1.91695082187653,79.632698059082,62.8999786376953,46.7468643188477,68.7877807617188,0.146128699183464,0.209293112158775,0.0769175738096237,0.00272039696574211,9.76008232100867e-05,0.101222403347492,0.155792355537415,0.305732041597366,152317.078125,NA,NA
"ES421",7.84776544570923,14.1664943695068,26.956937789917,17.3956298828125,19.1091709136963,1.31094479560852,1.12928509712219,0.52980774641037,1.70219218730927,73.1996459960938,56.5490798950195,43.4782333374023,65.3235778808594,0.398820549249649,0,0.268266171216965,0.00368436961434782,0,0.142101615667343,0,0.187122032046318,438702.75,NA,NA
"ES422",8.35652160644531,15.1914558410645,28.24192237854,18.1589851379395,19.8853988647461,1.6897463798523,1.23809015750885,0.361503779888153,1.58927667140961,75.8501586914062,55.4069938659668,35.5598793029785,60.8711776733398,0.386267632246017,0.0420044995844364,0.304329246282578,0.00380572210997343,0,0.0956563800573349,0,0.167203724384308,522572.59375,NA,NA
"ES423",6.73395109176636,12.9740886688232,25.9087677001953,16.1728744506836,19.1748180389404,1.61442315578461,1.42232608795166,0.599173545837402,1.69147896766663,74.9296875,58.4495544433594,41.9981842041016,64.920036315918,0.295554429292679,0.0074951839633286,0.270792156457901,0.00261785020120442,0,0.211352035403252,0,0.211975067853928,269026,NA,NA
"ES424",5.86170053482056,11.8723192214966,24.4351215362549,15.0718250274658,18.5734214782715,1.58457565307617,1.55845189094543,0.699982106685638,1.66342580318451,75.6614379882812,59.5333213806152,41.3029136657715,64.2832794189453,0.123450942337513,0.0358183793723583,0.253186017274857,0.00558076705783606,0,0.280734181404114,0,0.300282984972,396988.375,NA,NA
"ES425",8.18017578125,14.9035711288452,27.802640914917,17.8313274383545,19.6224632263184,1.74353909492493,1.17864394187927,0.36381796002388,1.56857562065125,76.8760375976562,56.3083152770996,35.7917709350586,62.2282028198242,0.366457432508469,0.00460904184728861,0.29860708117485,0.0145625239238143,0,0.126390606164932,0,0.188330963253975,2095130.5,NA,NA
"ES431",10.3760175704956,16.6864433288574,28.5117702484131,19.6580219268799,18.1357536315918,2.13765096664429,1.10915744304657,0.295643985271454,1.73039638996124,77.0403289794922,56.4846687316895,40.1250076293945,62.0810813903809,0.280279457569122,0.210077673196793,0.0755470842123032,0.00478625250980258,0,0.124305427074432,0,0.30251744389534,610498.375,NA,NA
"ES432",9.50782203674316,15.6144590377808,27.7999591827393,18.6828289031982,18.2921352386475,2.77440762519836,1.43489265441895,0.290215283632278,2.31602144241333,77.233757019043,58.584056854248,39.0389518737793,63.6749420166016,0.129035592079163,0.169922962784767,0.145638421177864,0.00289334892295301,0,0.300479590892792,0,0.248924642801285,314300.4375,NA,NA
"ES511",8.40715980529785,12.5942459106445,23.3923244476318,16.5704860687256,14.9851655960083,1.41642832756042,1.69211101531982,1.47435986995697,2.67447113990784,76.5288925170898,71.6525344848633,69.6811981201172,78.9743957519531,0.11815831810236,0.0985212400555611,0.0296757351607084,0.0644405260682106,0.000105623170384206,0.101824060082436,0.421255260705948,0.0472648404538631,2834032.25,NA,NA
"ES512",8.13915920257568,12.4496726989746,23.3118362426758,16.3871746063232,15.1726770401001,1.90533912181854,2.11767983436584,1.64152717590332,3.12999510765076,74.7318801879883,72.0197448730469,68.8034133911133,77.1732635498047,0.105025015771389,0.0678129941225052,0.0143911186605692,0.0160075966268778,1.71276878973003e-05,0.461990207433701,0.0523640625178814,0.125156953930855,594719.5625,NA,NA
"ES513",6.00630760192871,11.5604686737061,22.7995719909668,14.92982006073,16.7932643890381,1.39216244220734,1.78118824958801,1.53818559646606,2.38707423210144,73.7799377441406,65.6603775024414,60.9781684875488,74.263053894043,0.227315276861191,0.123683400452137,0.0619713589549065,0.00637201685458422,0.000161479023518041,0.101576402783394,0.257938921451569,0.218869879841805,496698.03125,NA,NA
"ES514",10.4107065200806,15.4527149200439,26.4250965118408,18.8538799285889,16.0143890380859,1.25171458721161,1.36694669723511,0.736354827880859,2.24416160583496,73.4041748046875,63.3412094116211,59.8418388366699,73.2625198364258,0.141935616731644,0.122265808284283,0.0936808362603188,0.0111089153215289,0,0.226026520133018,0,0.231452405452728,546098.25,NA,NA
"ES521",11.9214038848877,16.2705192565918,26.7489891052246,20.2585563659668,14.8275852203369,1.42452776432037,1.11642503738403,0.372500449419022,2.00170969963074,70.2413635253906,61.955810546875,60.7443695068359,70.3879165649414,0.616873145103455,0.000394937698729336,0.0539391487836838,0.0257288720458746,0,0.0605897977948189,0,0.087660662829876,1247362,NA,NA
"ES522",9.24053955078125,14.2115182876587,25.4564476013184,17.6602363586426,16.2159080505371,1.40259075164795,1.43870484828949,0.83462005853653,2.32057356834412,68.8241500854492,62.9507637023926,61.3801383972168,70.7898635864258,0.128091290593147,0.0619889833033085,0.150509566068649,0.012318748049438,0,0.343792229890823,0,0.167064800858498,500961.90625,NA,NA
"ES523",9.96703433990479,14.9661617279053,26.287145614624,18.5155181884766,16.3201122283936,1.49815702438354,1.23933899402618,0.547736883163452,2.16409182548523,70.3807220458984,60.9292602539062,57.9467506408691,69.6547927856445,0.274321168661118,0.00230497005395591,0.204483985900879,0.0184232890605927,0,0.273933082818985,0,0.165002003312111,1434515,NA,NA
"ES532",12.2646884918213,15.3733310699463,25.8894748687744,20.4609107971191,13.6247844696045,1.93718981742859,1.40045237541199,0.319626033306122,2.73964762687683,76.5379943847656,72.107292175293,68.6086349487305,75.5722198486328,0.184301659464836,0.121769160032272,0.00795035716146231,0.0139735229313374,0,0.0737328603863716,0,0.0993291363120079,517385,NA,NA
"ES611",9.92724418640137,15.0000438690186,26.1909790039062,18.69797706604,16.2637348175049,1.18608140945435,0.841013967990875,0.249474003911018,1.32398366928101,69.9547805786133,57.5888938903809,49.9755172729492,66.0750350952148,0.132031559944153,0.0232069622725248,0.131848365068436,0.00544265378266573,0,0.430002450942993,0,0.102567762136459,369002.71875,NA,NA
"ES612",13.2805995941162,17.8519821166992,26.8006153106689,21.0365371704102,13.520016670227,3.29424834251404,1.46300673484802,0.180370271205902,2.50806188583374,77.1531982421875,64.0595397949219,58.0193214416504,70.4895095825195,0.227466940879822,0.206180021166801,0.0352851301431656,0.0104968985542655,0,0.129793778061867,0,0.210173889994621,595927,NA,NA
"ES613",10.2727460861206,16.8586330413818,28.8538970947266,19.7437629699707,18.5811519622803,2.14156484603882,1.28278863430023,0.285829812288284,1.93547582626343,75.1580429077148,55.8785247802734,40.5834426879883,61.4592552185059,0.375446319580078,0.260016024112701,0.064917303621769,0.00807232409715652,0,0.0875874534249306,0,0.20235401391983,721380.9375,NA,NA
"ES614",8.23126602172852,14.1122722625732,26.2891445159912,17.4694747924805,18.0578804016113,1.79476523399353,1.1617683172226,0.298137038946152,1.61607468128204,73.9443130493164,59.9909439086914,46.3322944641113,65.2748794555664,0.256470829248428,0.116141781210899,0.0946661457419395,0.00928780622780323,0,0.288072109222412,0,0.165081322193146,847058.375,NA,NA
"ES615",12.4732694625854,17.7880859375,27.6152534484863,20.6733322143555,15.1419839859009,2.54864478111267,1.24555277824402,0.228487521409988,2.07025957107544,75.367919921875,58.5604667663574,47.6580238342285,64.7933197021484,0.134446457028389,0.0535564161837101,0.00921825878322124,0.0069030961021781,0,0.304058462381363,0,0.395259112119675,543850.5625,NA,NA
"ES616",9.16609477996826,15.5855712890625,28.5470581054688,18.6799201965332,19.3809661865234,2.11366105079651,1.49699366092682,0.37439751625061,1.84629023075104,74.5056991577148,57.134838104248,39.977840423584,62.2111053466797,0.34204289317131,0.0322015322744846,0.264949262142181,0.00638268468901515,0,0.167179152369499,0,0.187043622136116,568371.9375,NA,NA
"ES617",11.7830200195312,16.8437213897705,26.8955059051514,19.9823188781738,15.1124849319458,2.70267176628113,1.42664980888367,0.189010411500931,2.30291771888733,77.7817001342773,63.8558959960938,54.9166641235352,69.9598846435547,0.256901293992996,0.242406919598579,0.0152918165549636,0.0177259016782045,0,0.144581481814384,0,0.188238993287086,1086535.25,NA,NA
"ES618",12.0803632736206,18.0611877441406,28.730655670166,21.0139942169189,16.6502895355225,2.44313359260559,1.19100117683411,0.197427794337273,2.01354169845581,74.6860733032227,56.2592430114746,45.0144691467285,62.7828216552734,0.378887683153152,0.205709278583527,0.0327228680253029,0.0181860625743866,0,0.0803495422005653,0,0.27681091427803,1834794.625,NA,NA
"ES620",10.0196533203125,15.3865232467651,26.7985000610352,19.0268802642822,16.7788486480713,0.939414739608765,0.840174436569214,0.361358076334,1.28811180591583,70.1398239135742,58.6829872131348,54.2146110534668,68.238166809082,0.303755432367325,2.81169868685538e-05,0.153704643249512,0.0121078956872225,0,0.292276471853256,0,0.169996067881584,1184067.625,NA,NA
"FI193",-4.27447986602783,5.8826494216919,18.4060440063477,6.74511623382568,22.6805229187012,1.96388220787048,1.4493693113327,2.20442986488342,2.10561990737915,87.8066558837891,72.1313629150391,69.6121368408203,87.340705871582,0.037318978458643,8.1626494647935e-05,0.000280979176750407,0.00327745405957103,0,0.0582823939621449,0.113288342952728,0.63153487443924,279921.65625,NA,NA
"FI194",-3.92940855026245,5.83582592010498,17.8806037902832,6.9009222984314,21.8100128173828,1.95191526412964,1.43899238109589,2.27085399627686,2.11123132705688,86.7126541137695,70.4799880981445,69.5308456420898,86.6941070556641,0.175728872418404,0.00046164687955752,0.000330968468915671,0.00304735940881073,0,0.064604252576828,0,0.730647623538971,192282.046875,NA,NA
"FI195",-3.53234100341797,5.53474617004395,17.560998916626,7.21238422393799,21.0933399200439,1.96407079696655,1.37542629241943,2.05599308013916,2.1854145526886,84.0345230102539,71.5676956176758,71.0092086791992,85.0576095581055,0.15774430334568,0.00117655901703984,0.000406372972065583,0.00390247767791152,0,0.0446085892617702,0,0.521509408950806,133888,NA,NA
"FI196",-2.50805377960205,6.50384664535522,18.2854423522949,7.74460506439209,20.7934951782227,2.33962202072144,1.50933027267456,2.30585026741028,2.44931435585022,85.7985305786133,71.9551086425781,71.2751617431641,85.5876541137695,0.0952124074101448,0.000930113950744271,0.000786992604844272,0.00581642473116517,0,0.0604621134698391,0,0.759339690208435,196769.78125,NA,NA
"FI197",-3.33546352386475,6.2650637626648,18.3511009216309,7.16811466217041,21.6865634918213,2.08511257171631,1.43776500225067,2.23845171928406,2.14227366447449,87.9734878540039,71.7658996582031,69.9988555908203,87.1292953491211,0.081658124923706,0.000682992395013571,0.000743897457141429,0.00798950996249914,0,0.0621208027005196,0,0.732732832431793,520997.78125,NA,NA
"FI1B1",-2.08884167671204,6.82715606689453,18.7221603393555,8.11056995391846,20.8110008239746,2.56698441505432,1.48298001289368,2.03468942642212,2.5066864490509,86.2923126220703,72.4236679077148,69.4098815917969,85.1412353515625,0.15319761633873,0.00134860270190984,0.000245285889832303,0.0259181745350361,0,0.0273953955620527,0.205422356724739,0.352437138557434,1156842.125,NA,NA
"FI1C1",-1.50428748130798,6.69827270507812,18.5127429962158,8.51165390014648,20.0170307159424,2.36136817932129,1.36955893039703,2.12805795669556,2.43706488609314,85.7449111938477,73.4368667602539,71.3361587524414,84.9577865600586,0.145382210612297,0.00216854736208916,0.000543913163710386,0.00646167062222958,0,0.0405133292078972,0,0.61559134721756,336702,NA,NA
"FI1C2",-2.84130096435547,6.50219106674194,18.5348453521729,7.64712429046631,21.376148223877,2.26613712310791,1.41303515434265,2.09092688560486,2.17039012908936,87.6342468261719,71.5942764282227,69.6874618530273,86.8681564331055,0.145922139286995,0.000935228308662772,0.000616445438936353,0.00794359017163515,0,0.0518863126635551,0.0551557950675488,0.648874580860138,205055.546875,NA,NA
"FI1C3",-3.2293336391449,6.36718320846558,18.7600059509277,7.4262490272522,21.9893398284912,2.13154315948486,1.39677238464355,2.04965949058533,2.14125609397888,87.4403762817383,71.3972549438477,68.9612045288086,86.3620071411133,0.11276788264513,0.000620903272647411,0.000497695349622518,0.00554110901430249,0,0.00125144596677274,0.691424310207367,0.0139054274186492,154257.671875,NA,NA
"FI1C4",-2.65967702865601,6.75275611877441,19.1664161682129,7.88706922531128,21.8260936737061,2.58883833885193,1.51664590835571,2.00419020652771,2.50790143013,86.4701538085938,71.4364624023438,68.2392654418945,85.3323364257812,0.0641560405492783,0.000265285052591935,0.000430460058851168,0.00594018958508968,2.64929694822058e-05,0.000336210534442216,0.807042241096497,0.0040454943664372,136713.9375,NA,NA
"FI1C5",-3.28038692474365,6.72964715957642,19.365213394165,7.58297634124756,22.645601272583,2.36859345436096,1.43560492992401,2.02527546882629,2.41852641105652,86.3789215087891,72.3753662109375,68.4730758666992,85.4429626464844,0.0131487213075161,4.41031843365636e-05,0.000268864707322791,0.00263143633492291,7.73334613768384e-05,0.158156678080559,0.348251312971115,0.221099749207497,120994.8984375,NA,NA
"FI1D1",-3.9565999507904,6.29385709762573,19.0510215759277,7.08761215209961,23.0076217651367,2.18333053588867,1.40789806842804,2.04901599884033,2.26151204109192,86.8446350097656,72.5672836303711,69.6352310180664,86.7154693603516,0.0108081717044115,6.6968183091376e-05,0.000266459450358525,0.00245606456883252,5.95160736338585e-06,0.0254744607955217,0.438704311847687,0.275650084018707,175711.140625,NA,NA
"FI1D2",-4.81535482406616,5.73865938186646,18.7551746368408,6.66154623031616,23.5705280303955,2.25817656517029,1.57800221443176,2.17118525505066,2.32799172401428,86.6391525268555,72.3349380493164,69.3576583862305,86.9819946289062,0.058721199631691,5.11398284288589e-05,0.000236306907027029,0.00215384061448276,1.85545929661249e-41,0.0573835298418999,0.0854931175708771,0.631277024745941,225879.46875,NA,NA
"FI1D3",-5.60466957092285,4.97988748550415,18.2679023742676,6.14791107177734,23.8725700378418,2.34646582603455,1.58366990089417,2.24210643768311,2.49613523483276,85.880989074707,72.4875259399414,69.8326034545898,86.6008377075195,0.025034798309207,9.99998974293703e-06,0.000105297163827345,0.00199791416525841,0.000355327123543248,0.00343781895935535,0.77105301618576,0.0373904630541801,158414.53125,NA,NA
"FI1D5",-4.83877658843994,5.26262378692627,17.5648555755615,6.24613904953003,22.4036331176758,1.89838457107544,1.48684728145599,2.0692286491394,2.06021857261658,85.8309020996094,70.5813980102539,68.7800216674805,86.5564117431641,0.107743516564369,9.8813405202236e-05,0.000353989598806947,0.00193935236893594,0,0.068718858063221,0.0120479809120297,0.759243845939636,48551.1171875,NA,NA
"FI1D7",-10.0213708877563,1.3900990486145,15.3952398300171,2.86644744873047,25.4166126251221,1.53941595554352,1.56562054157257,2.10469579696655,1.92449700832367,85.2783279418945,73.7240295410156,70.6612854003906,86.4886856079102,0.00266274367459118,0.000443104712758213,0.00210589892230928,0.000411151442676783,0.063638873398304,0.0128096742555499,0.731874704360962,0.138901740312576,152926.3125,NA,NA
"FI1D8",-6.78720903396606,4.13555431365967,17.6813564300537,5.44527435302734,24.4685649871826,2.14263939857483,1.66488552093506,2.18986177444458,2.36789798736572,86.6930923461914,72.1843338012695,69.4241104125977,87.2717590332031,0.00778889935463667,2.7686668545357e-05,0.000875211146194488,0.000750791281461716,0.000653481169138104,0.0265449527651072,0.583751320838928,0.285567224025726,71783.8984375,NA,NA
"FI1D9",-6.74515008926392,3.9587094783783,17.1573944091797,5.09089136123657,23.9025459289551,1.97256469726562,1.55496382713318,2.07060503959656,2.14132738113403,86.1749496459961,72.3061141967773,69.7659759521484,86.7237014770508,0.0495337136089802,0.000133158464450389,0.00111873901914805,0.00190052890684456,0.000586185255087912,0.0216110125184059,0.615335881710052,0.240779176354408,328705.09375,NA,NA
"FI200",0.372933089733124,6.16027069091797,17.4955768585205,9.71847152709961,17.1226444244385,2.12905788421631,1.35316562652588,1.97588789463043,2.57523036003113,80.6960830688477,78.5826721191406,76.6169662475586,80.6665267944336,0.0256501026451588,0.00201500719413161,0.000311639334540814,0.00178085849620402,0,0.0161657053977251,0,0.198929354548454,14266.8583984375,NA,NA
"FR101",6.44031238555908,12.1445140838623,21.4336814880371,14.3365001678467,14.993369102478,2.34298872947693,2.21378135681152,2.2243447303772,2.13639354705811,85.4924087524414,74.8228149414062,71.0420608520508,82.4822006225586,0.2417943328619,0.0267544705420732,0.0014926646836102,0.364378690719604,0,5.03491736320125e-16,0,0.365579873323441,384338.28125,NA,NA
"FR102",6.00054550170898,11.8379936218262,21.274450302124,14.0686655044556,15.273904800415,2.5586941242218,2.36100625991821,2.24022507667542,2.32598543167114,85.5283508300781,74.7029800415039,70.4872207641602,82.2051544189453,0.564127624034882,0.0774632394313812,1.07128783621846e-09,0.0498671941459179,0,2.3206712558214e-17,0,0.308541983366013,2300485.25,NA,NA
"FR103",6.00027704238892,11.3530988693237,20.5729560852051,13.8375635147095,14.5726795196533,2.39745426177979,2.17644906044006,2.08970475196838,2.15964341163635,85.9770126342773,75.9505310058594,71.9044799804688,82.9195709228516,0.396714359521866,0.160138234496117,0.000302586733596399,0.100275218486786,0,1.39986494618327e-10,0,0.342569559812546,2873999,NA,NA
"FR104",6.19538831710815,11.8596544265747,21.2361240386963,14.1651000976562,15.0407342910767,2.3834342956543,2.29505848884583,2.25034928321838,2.21726584434509,85.4960861206055,74.7916717529297,70.4903945922852,82.0985641479492,0.427006900310516,0.0660015940666199,0.000744580058380961,0.190843775868416,0,2.9228197553216e-12,0,0.315403163433075,4691158.5,NA,NA
"FR105",6.44031190872192,12.1445140838623,21.4336814880371,14.3364992141724,14.993369102478,2.34298872947693,2.21378135681152,2.2243447303772,2.13639354705811,85.4924087524414,74.8228149414062,71.0420608520508,82.4822006225586,0.2417943328619,0.0267544724047184,0.0014926646836102,0.364378660917282,0,5.03491736320125e-16,0,0.365579873323441,813974.0625,NA,NA
"FR106",6.37789392471313,12.1409606933594,21.464786529541,14.334080696106,15.0868911743164,2.40418553352356,2.27367615699768,2.27224087715149,2.16182041168213,85.4657287597656,74.7198867797852,70.9072036743164,82.4358367919922,0.345964044332504,0.0372194573283195,0.000823586655315012,0.258888304233551,0,2.7780425444719e-16,0,0.357104629278183,756412.6875,NA,NA
"FR107",6.39206314086914,12.1439723968506,21.4614696502686,14.336314201355,15.0694065093994,2.39069414138794,2.26164507865906,2.26298117637634,2.15606307983398,85.4702682495117,74.7372436523438,70.9278869628906,82.4431304931641,0.324134707450867,0.0349904857575893,0.000961862795520574,0.281031519174576,0,3.24446335445985e-16,0,0.358881384134293,850891.375,NA,NA
"FR108",6.16669988632202,11.379997253418,20.4098472595215,13.919792175293,14.243145942688,2.82202243804932,2.28101539611816,2.00452089309692,2.41260004043579,85.9555130004883,76.437873840332,73.4658660888672,83.3828887939453,0.506682276725769,0.115222483873367,0.000169055841979571,0.0660315826535225,0,1.27173500230981e-16,0,0.311894536018372,1150162.375,NA,NA
"FRB01",5.84167098999023,11.52077293396,21.3000793457031,14.0791654586792,15.4584083557129,2.69699215888977,2.67737865447998,2.26353740692139,2.78133893013,83.87060546875,73.6303100585938,67.710075378418,80.6573944091797,0.640537977218628,0.0576713122427464,0.0015718387439847,0.00633554626256227,0,1.7539317220816e-10,0,0.293883353471756,319054.28125,NA,NA
"FRB02",5.57899904251099,10.8049945831299,20.0934295654297,13.44651222229,14.5144309997559,2.47502326965332,2.13608717918396,1.90479040145874,2.18955707550049,86.4920654296875,76.3273773193359,71.0835266113281,82.6990509033203,0.583204209804535,0.212199866771698,3.20738053005698e-07,0.0115925911813974,0,1.68667597250094e-11,0,0.193003103137016,556790.1875,NA,NA
"FRB03",6.09237241744995,11.5376749038696,21.3924713134766,14.2300786972046,15.3001003265381,2.82991290092468,2.65712285041809,1.97132980823517,2.75746774673462,83.9115371704102,73.9250564575195,66.4528198242188,79.8813552856445,0.617294251918793,0.117488503456116,0.000987100531347096,0.00619002524763346,0,4.88627693862043e-10,0,0.25804015994072,258866.9375,NA,NA
"FRB04",6.40034675598145,11.6231298446655,21.2790699005127,14.2997446060181,14.8787231445312,2.75256204605103,2.23724937438965,1.58419179916382,2.45632100105286,85.0889511108398,74.286003112793,66.9269866943359,80.5379180908203,0.629314482212067,0.103975757956505,6.22648949502036e-05,0.0136446105316281,0,1.40048155364281e-11,0,0.253002941608429,738141.1875,NA,NA
"FRB05",6.01109170913696,11.4293365478516,21.0497398376465,14.0326175689697,15.0386486053467,2.68813228607178,2.30608296394348,1.83863699436188,2.41057705879211,85.2056045532227,74.3680877685547,67.5234680175781,80.9123840332031,0.622068643569946,0.0940257236361504,0.000364133215043694,0.0098555963486433,0,0,0,0.273685902357101,508795.25,NA,NA
"FRB06",5.93310785293579,11.6270961761475,21.2298622131348,14.0652074813843,15.2967538833618,2.54779934883118,2.43973994255066,2.1595892906189,2.4984245300293,85.0814361572266,74.1901779174805,68.7741851806641,81.3889541625977,0.624082922935486,0.0704486295580864,0.000120258155220654,0.0109283197671175,0,1.52783117874741e-16,0,0.294419825077057,634697.4375,NA,NA
"FRC11",4.45001745223999,11.0856685638428,21.1178512573242,13.1319847106934,16.6678333282471,3.06625175476074,3.0365047454834,2.67227506637573,3.28832769393921,84.0384674072266,73.0072250366211,68.8613662719727,81.7341995239258,0.541144371032715,0.0380645133554935,0.000158196417032741,0.00862526707351208,0,0,0.0994543135166168,0.312553405761719,599530.75,NA,NA
"FRC12",5.24345541000366,11.1959314346313,21.1082191467285,13.6458044052124,15.8647651672363,3.07402539253235,2.9651997089386,2.46362042427063,3.15949606895447,83.5506744384766,73.2669677734375,68.3424758911133,81.2934646606445,0.561095535755157,0.0551006607711315,0.000940827128943056,0.00555289071053267,0,5.26724294963759e-18,0.00796319264918566,0.36934694647789,219638,NA,NA
"FRC13",4.72762966156006,11.2372007369995,21.4565238952637,13.4057664871216,16.7288932800293,3.02532410621643,3.03915023803711,2.65385055541992,3.49480128288269,81.7322845458984,71.4048461914062,66.4615020751953,80.1908798217773,0.465149253606796,0.0510294362902641,0.000523355673067272,0.0102051179856062,0,2.34552152006406e-11,0.118206359446049,0.354886531829834,609240.5,NA,NA
"FRC14",5.47383880615234,11.5299062728882,21.2819995880127,13.8096961975098,15.8081588745117,2.73846125602722,2.6638081073761,2.26108646392822,2.81587100028992,84.7807388305664,74.1682891845703,69.4310455322266,81.8122482299805,0.638954222202301,0.0608387142419815,0.000179036767804064,0.00770410289987922,0,8.4121601466348e-17,0,0.292323917150497,356250.96875,NA,NA
"FRC21",2.85954189300537,9.28723239898682,19.1901760101318,11.4458799362183,16.3306350708008,5.280029296875,4.42214918136597,3.9050498008728,4.61960315704346,81.1034164428711,72.996337890625,72.1321792602539,81.8068695068359,0.252295553684235,0.0870851427316666,0.000154329158249311,0.0148757817223668,0,0,0.644704341888428,0,540646.0625,NA,NA
"FRC22",3.76519179344177,10.3801622390747,20.4858493804932,12.4599370956421,16.7206573486328,5.42248678207397,4.74201011657715,3.70634865760803,5.04043579101562,80.2879409790039,71.9399337768555,69.7218704223633,80.4942855834961,0.420910269021988,0.0381754785776138,0.000158039591042325,0.0102926194667816,0,0,0.455603212118149,0.0731839090585709,397657.3125,NA,NA
"FRC23",4.10552263259888,10.7865734100342,20.6123523712158,12.7433156967163,16.5068302154541,4.11615800857544,3.62122774124146,3.27566146850586,3.96494555473328,82.2315216064453,72.149658203125,69.4496002197266,81.3286590576172,0.356784075498581,0.0619073696434498,4.75688284495845e-06,0.0101253297179937,0,0,0.570757567882538,0.000420674245106056,384557.59375,NA,NA
"FRC24",3.0165548324585,9.62619304656982,19.4206371307373,11.6110496520996,16.4040832519531,5.74752378463745,4.317063331604,3.72082495689392,4.59380865097046,82.8715667724609,72.8837738037109,71.3243026733398,82.6111145019531,0.245568126440048,0.0398387014865875,2.77493722444788e-10,0.0184353794902563,0,0,0.696059823036194,0,100301.671875,NA,NA
"FRD11",6.31766080856323,10.1511240005493,18.5930309295654,13.4500122070312,12.2753715515137,3.39702343940735,2.2967963218689,1.82356953620911,3.05710291862488,85.6580657958984,78.1297454833984,76.0829620361328,84.2228698730469,0.306276172399521,0.267778426408768,2.43160269697285e-09,0.014506964944303,0,9.21370202355831e-11,0.0506950616836548,0.1955776065588,608302.5,NA,NA
"FRD12",6.84331703186035,10.2975168228149,18.6512966156006,13.8267831802368,11.8079795837402,3.91078186035156,2.29248952865601,1.73201608657837,3.41171264648438,84.2876434326172,79.1010894775391,77.8263854980469,83.2500991821289,0.312827467918396,0.274428576231003,2.32251395893002e-09,0.0100712338462472,0,1.05194422617139e-10,0.0897605121135712,0.127254068851471,323575.625,NA,NA
"FRD13",5.70630311965942,10.1740407943726,19.2576656341553,13.1821432113647,13.5513639450073,3.22844123840332,2.35261225700378,1.70493817329407,2.78335070610046,86.8843078613281,77.3765487670898,73.0336456298828,84.2142181396484,0.384838044643402,0.310436338186264,2.50042675453699e-09,0.00964318867772818,0,3.12670201816431e-17,0,0.295082449913025,299704.5,NA,NA
"FRD21",5.91476488113403,10.4363737106323,19.2323570251465,13.418062210083,13.317590713501,3.2025318145752,2.38728785514832,1.95820319652557,2.71297216415405,86.4312133789062,77.7842864990234,74.9836807250977,84.1880340576172,0.417828112840652,0.239008396863937,1.77679515545037e-09,0.0221076253801584,0,3.78286603430755e-11,0,0.313661724328995,989776.4375,NA,NA
"FRD22",6.12329053878784,10.2412395477295,18.7879638671875,13.5072345733643,12.6646738052368,3.76682162284851,2.54183721542358,2.26305031776428,3.44147348403931,85.4855499267578,78.6102142333984,77.6482162475586,84.1186599731445,0.357429265975952,0.246588125824928,0.000155276764417067,0.0160378199070692,0,2.34175207003418e-10,0.0165540892630816,0.224472939968109,743211.3125,NA,NA
"FRE11",4.97086191177368,10.1752119064331,19.0727767944336,12.7441024780273,14.1019153594971,3.04488754272461,2.34159421920776,2.36083269119263,2.84718894958496,85.3870391845703,76.9664688110352,76.0221099853516,83.9599914550781,0.435136288404465,0.155309766530991,3.3890384543156e-07,0.0678785741329193,0,7.92374586083833e-12,0.13603438436985,0.174996912479401,2183878,NA,NA
"FRE12",5.50917768478394,9.99865531921387,18.6165714263916,13.040958404541,13.1073942184448,3.67518329620361,2.45029640197754,2.47606158256531,3.49692225456238,85.1423645019531,77.8955459594727,77.0652236938477,84.0387496948242,0.511254489421844,0.202762275934219,2.27513385908651e-09,0.0283856429159641,0,5.26932317224116e-11,0,0.197477668523788,1366912.625,NA,NA
"FRE21",5.10875988006592,10.8063583374023,20.0122222900391,13.0797519683838,14.9034624099731,3.02393674850464,2.42820715904236,2.36028099060059,2.51794648170471,86.0569686889648,75.9778747558594,73.6153030395508,83.4841384887695,0.593104600906372,0.106472574174404,1.65623981196461e-09,0.0157504510134459,0,0,0.0366592407226562,0.248013153672218,631897.4375,NA,NA
"FRE22",5.89725351333618,11.1371183395386,20.134744644165,13.6798486709595,14.2374897003174,2.88170576095581,2.28885817527771,2.12375521659851,2.47347164154053,85.8854904174805,76.5398635864258,74.0430221557617,83.4541244506836,0.590215384960175,0.112463265657425,1.53093093757661e-09,0.0220919959247112,0,3.61077638443646e-17,0,0.275229454040527,1304918,NA,NA
"FRE23",5.71690130233765,10.5458765029907,19.3087329864502,13.3575534820557,13.591833114624,3.29157423973083,2.38547205924988,2.38937878608704,2.92577219009399,85.5077285766602,77.497673034668,76.2260055541992,83.8658599853516,0.609293937683105,0.167876347899437,1.74563563604124e-09,0.0160406734794378,0,8.07025132700867e-17,0,0.184721007943153,663131.1875,NA,NA
"FRF11",3.84696197509766,11.0301380157471,20.8787384033203,12.5879697799683,17.0317783355713,2.93857884407043,2.69084620475769,2.91024804115295,2.95542144775391,83.1426773071289,72.0628814697266,70.1180267333984,82.0308609008789,0.436528354883194,0.049909096211195,3.2369869586546e-05,0.0274788159877062,0,4.13529883317706e-20,0,0.486051380634308,1363808.375,NA,NA
"FRF12",3.48943328857422,10.3563137054443,20.1505756378174,12.1201953887939,16.6611442565918,3.68315482139587,3.25369787216187,3.13936018943787,3.3916003704071,82.7809524536133,72.6994857788086,71.2598190307617,82.6367645263672,0.37437629699707,0.05146199837327,3.79115626856219e-05,0.024847786873579,0,0.0049779936671257,0.351918280124664,0.191800370812416,918953,NA,NA
"FRF21",4.22910261154175,10.1101684570312,19.5168838500977,12.3231678009033,15.2877807617188,3.69669055938721,2.7171802520752,2.58899188041687,2.92305731773376,86.9610748291016,76.2863311767578,74.4214172363281,84.7455825805664,0.50163871049881,0.129687458276749,0.000328714289935306,0.0122136538848281,1.40129846432482e-45,0,0.340902775526047,0.0152287119999528,346208.96875,NA,NA
"FRF22",5.18977165222168,11.457859992981,21.181568145752,13.5667486190796,15.9917974472046,2.66857314109802,2.61476135253906,2.29837512969971,2.75998640060425,85.286376953125,74.0870361328125,70.0488739013672,82.1409149169922,0.642150461673737,0.0984499678015709,0.000293618417344987,0.00868369545787573,0,6.07742897106959e-17,0.00242664664983749,0.245704606175423,351213.1875,NA,NA
"FRF23",4.94235277175903,11.0035877227783,20.5018329620361,13.1361980438232,15.5594806671143,2.79461002349854,2.41225981712341,2.27329421043396,2.48835802078247,85.6735992431641,74.7004089355469,71.2563247680664,82.871826171875,0.661076307296753,0.108996137976646,0.000120495817100164,0.00978466775268316,0,0,0.107448361814022,0.110533662140369,527560.6875,NA,NA
"FRF24",4.36502075195312,10.8859043121338,20.7722473144531,12.9254913330078,16.4072265625,3.3394501209259,3.04872512817383,2.76013708114624,3.34759163856506,85.1124954223633,73.572151184082,70.1849517822266,82.5764007568359,0.531687557697296,0.0824314132332802,0.00038275500992313,0.0058736577630043,0,0,0.317155629396439,0.0619005523622036,163744.796875,NA,NA
"FRF31",3.87033367156982,10.3972883224487,20.1009883880615,12.3062505722046,16.230655670166,3.210782289505,2.63595485687256,2.60021185874939,2.99034190177917,85.3204574584961,74.0020217895508,70.7929229736328,82.9692001342773,0.503063857555389,0.0924025028944016,3.38861500495113e-05,0.0162883009761572,1.81523752192797e-12,0,0.147937119007111,0.240274295210838,653415.3125,NA,NA
"FRF32",4.10863065719604,10.4222097396851,20.0883769989014,12.4510107040405,15.9797458648682,3.65037703514099,2.80401396751404,2.57448649406433,3.10140228271484,86.2614669799805,74.844367980957,72.2562713623047,83.6315078735352,0.526714324951172,0.110588811337948,0.00151401327457279,0.00793272908776999,0,0,0.353043049573898,0,270068.34375,NA,NA
"FRF33",3.92121434211731,10.7175369262695,20.3117275238037,12.4351673126221,16.3905124664307,3.10926270484924,2.49405026435852,2.70433497428894,2.84481453895569,84.9191818237305,73.3909378051758,70.7874908447266,82.6525039672852,0.464246690273285,0.0711715817451477,1.46324528031982e-05,0.0277716293931007,4.57525591848404e-14,1.86905530685934e-20,0.130410864949226,0.306384652853012,1386771,NA,NA
"FRF34",3.60369420051575,10.1777095794678,19.9660415649414,12.1486253738403,16.3623466491699,3.93683481216431,3.2827410697937,3.07770323753357,3.72751641273499,84.6201324462891,73.4523620605469,70.9501266479492,82.7425842285156,0.385946184396744,0.0763443633913994,5.06895412399899e-06,0.011473236605525,0,0,0.179709896445274,0.346521317958832,422089.3125,NA,NA
"FRG01",7.39079141616821,11.6139831542969,20.4624843597412,14.5747385025024,13.0716934204102,3.76672077178955,2.29261779785156,1.21950769424438,3.07827472686768,85.5989837646484,77.2007446289062,71.8304290771484,82.748420715332,0.534569442272186,0.17758010327816,8.60124782775529e-06,0.0203644745051861,0,1.21049729955018e-16,0,0.188944652676582,1482412.25,NA,NA
"FRG02",6.79481935501099,11.6065006256104,20.9774169921875,14.3901844024658,14.182599067688,3.10100889205933,2.18374156951904,1.26570904254913,2.61142230033875,85.5220260620117,75.556282043457,68.5252380371094,81.4706344604492,0.62159538269043,0.168682992458344,6.75998353472096e-06,0.0160612091422081,0,3.86835480235731e-17,0,0.19365368783474,917179.5625,NA,NA
"FRG03",6.30614900588989,10.8156404495239,19.991626739502,13.7527446746826,13.6854772567749,3.87362456321716,2.50340032577515,1.55118477344513,3.17617440223694,86.2160568237305,76.3366012573242,70.8787994384766,83.102424621582,0.550325930118561,0.270918130874634,5.04664665612609e-09,0.0090665128082037,0,1.09990973674785e-16,0,0.169686526060104,374057,NA,NA
"FRG04",6.11478614807129,11.0624980926514,20.4643077850342,13.7899799346924,14.3495216369629,3.0985267162323,2.27938485145569,1.56550943851471,2.57812929153442,86.1183166503906,75.5591888427734,69.5248641967773,82.4380187988281,0.504242599010468,0.214296817779541,2.5858271079926e-09,0.0128679778426886,0,3.40312063258891e-17,0,0.268592596054077,596722.4375,NA,NA
"FRG05",7.63529253005981,12.021523475647,20.9626731872559,15.0442218780518,13.3273811340332,3.52918887138367,2.36947059631348,1.24240040779114,3.04711818695068,84.7761917114258,76.3738479614258,70.8716125488281,81.6640243530273,0.56709498167038,0.151900038123131,5.06534925079904e-05,0.0105146775022149,0,1.36152174604054e-11,0,0.14446023106575,700851.5,NA,NA
"FRH01",7.32861328125,10.2724008560181,18.3277969360352,13.8892049789429,10.9991827011108,3.97505950927734,2.37177205085754,1.26469302177429,3.01525282859802,85.4223327636719,79.8282241821289,76.9094772338867,83.7954025268555,0.408037781715393,0.276676058769226,0.000103298916656058,0.00909176748245955,0,1.11778003519802e-10,0.138169690966606,0.0155781200155616,465871.59375,NA,NA
"FRH02",7.83193254470825,10.2126302719116,17.6008815765381,13.8468685150146,9.76894855499268,4.82827806472778,2.72819519042969,1.53069376945496,3.46306133270264,84.3134918212891,80.4183807373047,80.0119323730469,84.3394622802734,0.327365905046463,0.259451121091843,0.000193756306543946,0.0119157042354345,3.01841912201886e-29,7.44297592308873e-12,0.122129268944263,0.0252421554178,514951.5,NA,NA
"FRH03",6.97380828857422,10.9933519363403,19.8055419921875,14.1443014144897,12.831732749939,3.4308021068573,2.20510387420654,1.35565936565399,2.88423252105713,85.3356246948242,77.0895233154297,72.3785781860352,82.7022094726562,0.538619697093964,0.248393520712852,2.53478242484562e-06,0.0146373296156526,0,1.38078064607083e-11,0.0122038749977946,0.147190138697624,1096513.5,NA,NA
"FRH04",7.57122278213501,10.738431930542,18.7376556396484,14.1425838470459,11.1664342880249,4.37980556488037,2.49260187149048,1.37899923324585,3.19775438308716,85.8171005249023,79.0608139038086,75.9492721557617,84.2051620483398,0.453826993703842,0.255174100399017,1.99799637812248e-06,0.0122625604271889,1.3198333961993e-30,0,0.144984617829323,0.0445884168148041,718117.5625,NA,NA
"FRI11",7.16934537887573,12.3942794799805,22.4420547485352,15.4056167602539,15.2727088928223,2.93144798278809,3.08387875556946,1.7699066400528,2.78739953041077,81.6383895874023,71.9145736694336,65.3992919921875,78.2590179443359,0.571134626865387,0.0387004353106022,0.000270051852567121,0.00671134889125824,0,4.63873676883469e-13,0.0595868080854416,0.323596805334091,461149.1875,NA,NA
"FRI12",8.43612766265869,13.0432825088501,22.2316646575928,16.1115436553955,13.7955350875854,3.02357482910156,2.84852814674377,1.41317737102509,2.85310244560242,82.3607177734375,73.0909042358398,67.5117645263672,79.0440521240234,0.397706508636475,0.0683227702975273,0.00239492324180901,0.0167528670281172,0,1.33754989641586e-14,0,0.431113630533218,1664701.625,NA,NA
"FRI13",9.13208866119385,13.4568862915039,22.487096786499,16.7143535614014,13.3550081253052,3.35522103309631,3.28992795944214,1.78612017631531,3.33410215377808,80.9508361816406,73.1093292236328,69.4302215576172,78.6839447021484,0.28198629617691,0.0769440233707428,0.00691625894978642,0.00526859145611525,0,1.11101223707055e-11,0.255623996257782,0.282411813735962,429170.625,NA,NA
"FRI14",7.93749713897705,13.0921611785889,23.1036376953125,16.1982345581055,15.1661405563354,2.4076418876648,2.76700568199158,1.58017802238464,2.4187502861023,82.1593399047852,72.0467910766602,63.9248237609863,77.2538909912109,0.642897665500641,0.0414980016648769,0.00019436253933236,0.00725898891687393,0,3.63971629078337e-18,0,0.308151036500931,327557.71875,NA,NA
"FRI15",6.77234125137329,11.5151491165161,21.4904937744141,15.0137157440186,14.7181520462036,4.35786628723145,4.34864854812622,2.56759786605835,4.30757284164429,78.3561096191406,75.2561645507812,74.4952774047852,79.2641448974609,0.197341367602348,0.118761830031872,0.0152539210394025,0.00919155776500702,2.47962125285994e-05,0.0172709189355373,0.448970019817352,0.181239292025566,617494.5625,NA,NA
"FRI21",5.29967212677002,10.707202911377,20.9720211029053,13.7717418670654,15.6723489761353,3.83124232292175,3.93390274047852,2.50659608840942,3.81491994857788,81.5919342041016,73.586051940918,68.9999542236328,80.7376708984375,0.386413365602493,0.031567420810461,0.000657111697364599,0.00595545256510377,0,2.61292949083058e-11,0.442653805017471,0.132752850651741,236341.0625,NA,NA
"FRI22",4.84127712249756,10.2872076034546,20.3302345275879,13.1758413314819,15.488959312439,3.39304709434509,3.4033510684967,2.48690056800842,3.29855537414551,82.8604736328125,74.7753067016602,69.7478713989258,81.3827133178711,0.427807122468948,0.0844152569770813,0.000411263259593397,0.00507948826998472,0,2.22336968280779e-10,0.0553767904639244,0.426910072565079,123298.921875,NA,NA
"FRI23",5.9238133430481,11.2396373748779,21.2900161743164,14.1672954559326,15.3662033081055,3.73217010498047,3.58052659034729,2.19176411628723,3.41596412658691,83.051139831543,74.3108444213867,68.2434310913086,80.7044219970703,0.555171191692352,0.071333184838295,1.15993043436902e-05,0.00914324168115854,0,1.44699511882179e-16,0.0741438493132591,0.29019695520401,384376.6875,NA,NA
"FRI31",7.20226573944092,12.2891063690186,22.0282287597656,15.2175903320312,14.825963973999,3.16729712486267,2.90006589889526,1.63792836666107,2.95030856132507,82.8394470214844,73.3142318725586,66.8051452636719,79.1521301269531,0.653536677360535,0.0808093026280403,1.03589181676966e-09,0.00818290933966637,0,2.43569279329003e-11,0,0.257471114397049,382382.09375,NA,NA
"FRI32",7.96355819702148,12.5979261398315,21.7948455810547,15.6709203720093,13.8312883377075,3.19579172134399,2.59510087966919,1.28404092788696,2.93580436706543,83.0025787353516,74.0041122436523,67.8988342285156,79.3043441772461,0.566856265068054,0.123048357665539,0.000350250280462205,0.00909473281353712,0,8.11303368236649e-12,0,0.198202863335609,553135.9375,NA,NA
"FRI33",6.89544105529785,11.7908363342285,21.3094062805176,14.6612977981567,14.4139652252197,3.32914876937866,2.49353575706482,1.35318386554718,2.81792736053467,85.1163787841797,75.1121597290039,67.8646621704102,80.7989807128906,0.658934056758881,0.168580994009972,3.66035490806382e-09,0.0094915246590972,0,2.34055969050573e-11,0,0.162993431091309,400960,NA,NA
"FRI34",6.49696683883667,11.6500768661499,21.4683895111084,14.4282827377319,14.9714221954346,2.97378826141357,2.5256838798523,1.6135950088501,2.74395322799683,84.4845962524414,74.2209701538086,66.5944900512695,80.0498046875,0.676949858665466,0.120905756950378,2.49162330874242e-05,0.0076841046102345,0,9.22179832496539e-11,0,0.194435343146324,462128.75,NA,NA
"FRJ11",7.5234260559082,12.6296072006226,23.5218963623047,16.0266990661621,15.9984693527222,2.86704897880554,2.60187482833862,1.36387979984283,3.14617538452148,77.7580718994141,71.7425308227539,65.003288269043,77.0701599121094,0.230185434222221,0.10475791990757,0.0102417757734656,0.00893818866461515,0,2.09593822332599e-12,0,0.609941065311432,522566.4375,NA,NA
"FRJ12",7.12774610519409,12.9365301132202,24.3577136993408,15.9264802932739,17.2299671173096,2.74540233612061,2.68344473838806,1.31341576576233,5.25123500823975,73.1296463012695,64.518424987793,54.1143760681152,72.8237838745117,0.222896561026573,0.0884533151984215,0.00333605916239321,0.0183689072728157,0,0,0.424605935811996,0.207688480615616,965260.0625,NA,NA
"FRJ13",7.73861932754517,13.1973581314087,24.3250522613525,16.3411750793457,16.5864315032959,2.99480700492859,2.58915686607361,1.17024755477905,4.63178062438965,76.45947265625,69.1637496948242,60.2431449890137,76.2349090576172,0.189877331256866,0.108745157718658,0.00381816597655416,0.0140550117939711,0,0,0.398252636194229,0.156803458929062,940765.9375,NA,NA
"FRJ14",2.89088726043701,8.39299392700195,19.6882591247559,11.6661825180054,16.7973728179932,3.13562440872192,3.41348338127136,2.05334162712097,5.37351894378662,79.8883895874023,72.2432403564453,64.4376678466797,80.5810089111328,0.177996024489403,0.105968602001667,0.0121924672275782,0.00321414251811802,0,0,0.700628817081451,0,101614.0078125,NA,NA
"FRJ15",7.1733226776123,11.9077091217041,22.768913269043,15.526162147522,15.5955905914307,2.40684771537781,2.33387732505798,1.44471657276154,3.13435006141663,73.7658004760742,70.4086608886719,66.9220123291016,75.9251251220703,0.111776791512966,0.0592979565262794,0.0217715930193663,0.0110360281541944,5.7179145187547e-06,0.136544704437256,0.0156477559357882,0.599805176258087,417058.34375,NA,NA
"FRJ21",4.56814575195312,9.77423477172852,20.6406307220459,13.319860458374,16.0724868774414,2.73146224021912,2.99723148345947,2.21894311904907,3.02926278114319,75.8924560546875,73.8945617675781,70.9538497924805,77.4170379638672,0.269916415214539,0.0770721361041069,0.028647817671299,0.0109934536740184,0,0.0686691403388977,0,0.544701099395752,261937.296875,NA,NA
"FRJ22",5.2678952217102,10.7990808486938,21.7521839141846,13.936577796936,16.4842891693115,3.28501057624817,3.3737940788269,1.9343695640564,3.95894813537598,81.5353698730469,73.0857620239258,65.7321853637695,80.8062591552734,0.324312597513199,0.158934444189072,0.00300327339209616,0.00461855065077543,0,3.47033469669245e-12,0.495095729827881,0.0139488931745291,311682.65625,NA,NA
"FRJ23",7.07874011993408,12.4886274337769,23.0588321685791,15.7559480667114,15.980092048645,2.39500999450684,2.76796197891235,1.88250184059143,2.56345701217651,78.8989868164062,72.8847885131836,67.7179183959961,77.2847137451172,0.464768409729004,0.115941151976585,0.00799061171710491,0.0143314832821488,0,0.0502465926110744,0,0.346721708774567,1114023.5,NA,NA
"FRJ24",8.0762939453125,13.406683921814,23.5710258483887,16.5526580810547,15.4947328567505,2.33178448677063,2.65110421180725,1.72598147392273,2.47116541862488,80.9049911499023,72.6522674560547,66.6479415893555,77.5782241821289,0.599616944789886,0.142128601670265,4.92868366563926e-07,0.00606912327930331,0,1.02419444453217e-11,0,0.252184897661209,372879.6875,NA,NA
"FRJ25",6.82362031936646,12.2652854919434,22.6841220855713,15.3848190307617,15.860502243042,2.78089094161987,3.09870100021362,1.94855344295502,2.89021444320679,80.9919891357422,71.4116363525391,64.9330062866211,78.298828125,0.519627869129181,0.0575914941728115,0.00032813404686749,0.00611483072862029,0,5.54299217636611e-10,0.0634646415710449,0.352873057126999,231352.90625,NA,NA
"FRJ26",4.17175960540771,9.47887325286865,20.4140472412109,12.9948539733887,16.2422885894775,3.08224773406982,3.41976952552795,2.45105051994324,3.57201766967773,76.9260025024414,74.5431594848633,71.21142578125,78.2890777587891,0.284640491008759,0.0728938579559326,0.0366955883800983,0.00754687609151006,0,0.136846929788589,0,0.461376219987869,232900.859375,NA,NA
"FRJ27",7.28314542770386,12.7498922348022,23.4072380065918,15.8600635528564,16.1240921020508,2.88257122039795,2.92011475563049,1.72928380966187,3.05683207511902,81.8256988525391,72.7500991821289,65.2241058349609,79.1044387817383,0.420183211565018,0.163486108183861,0.00163190101739019,0.00879812892526388,0,1.81166368065343e-17,0.117722272872925,0.28810852766037,495660.875,NA,NA
"FRJ28",7.74894285202026,13.1248769760132,23.4658184051514,16.3065509796143,15.7168760299683,2.29972815513611,2.64659595489502,1.67646729946136,2.33609914779663,81.4213333129883,71.4391937255859,63.5714683532715,76.9097671508789,0.608980596065521,0.0711477547883987,0.000156987181981094,0.0153977163136005,0,9.39640779913287e-17,0,0.304316967725754,637388.375,NA,NA
"FRK11",5.2166862487793,10.9116430282593,20.8789157867432,13.5958728790283,15.6622304916382,2.37759947776794,2.67978882789612,2.50004482269287,2.85610961914062,81.8200988769531,72.7490768432617,67.6704864501953,80.1937942504883,0.570352673530579,0.0705161392688751,0.000219140114495531,0.00675634434446692,0,3.65634855725716e-10,0,0.352155745029449,332402,NA,NA
"FRK12",3.6418833732605,9.10717868804932,19.711971282959,12.2436695098877,16.0700874328613,3.41225218772888,3.62847256660461,2.47817087173462,3.92836451530457,81.3392486572266,73.7914505004883,69.2609634399414,81.7960205078125,0.21432614326477,0.121578052639961,0.00592523999512196,0.00439418852329254,0,0,0.577210903167725,0.0765654444694519,151147.703125,NA,NA
"FRK13",3.23672747612,8.96379566192627,19.7311420440674,11.9607200622559,16.4944133758545,2.0388126373291,2.63022375106812,2.29782438278198,3.48110795021057,80.3824157714844,72.508186340332,67.2677230834961,80.8040924072266,0.201520249247551,0.124617978930473,0.00520532578229904,0.0101660005748272,0,0,0.546912372112274,0.111578099429607,401156.5,NA,NA
"FRK14",3.70953488349915,9.30750465393066,19.5766906738281,12.2445421218872,15.8671560287476,2.48216557502747,2.96048831939697,2.64657640457153,3.18132615089417,81.5998001098633,73.5230560302734,69.3708343505859,81.2169036865234,0.279678225517273,0.111277662217617,0.00276376260444522,0.0108114033937454,0,2.37231003070992e-12,0.076202280819416,0.519266664981842,782014.75,NA,NA
"FRK21",4.42071008682251,11.0525693893433,21.4041423797607,13.2005176544189,16.9834327697754,4.05436277389526,3.89546799659729,3.0967845916748,4.37564706802368,79.6102905273438,70.6537094116211,67.5613479614258,79.612922668457,0.39714589715004,0.0597499348223209,0.000181935727596283,0.0190818533301353,0,0,0.244530886411667,0.273708045482635,1048735.625,NA,NA
"FRK22",4.68490266799927,10.8035793304443,22.1100673675537,13.6591596603394,17.425163269043,2.71233010292053,2.92479038238525,1.93181669712067,5.3935489654541,76.9740371704102,67.8804550170898,59.2513084411621,76.5189743041992,0.203652143478394,0.0942730158567429,0.00147646851837635,0.0142831187695265,0,0,0.6863152384758,0,584707.9375,NA,NA
"FRK23",4.52862071990967,10.498761177063,21.761661529541,13.4689159393311,17.2330417633057,2.48923754692078,2.64328289031982,1.80108737945557,4.14620447158813,76.8763122558594,68.6124877929688,59.9244613647461,76.053825378418,0.251802891492844,0.0849077850580215,0.00956276245415211,0.0111376401036978,0,0,0.588947355747223,0.0536416582763195,527778.875,NA,NA
"FRK24",3.70413994789124,9.7302713394165,20.4352855682373,12.4448623657227,16.731143951416,3.19844388961792,3.25428509712219,2.61014533042908,4.12191534042358,76.3605728149414,71.2335433959961,67.3768692016602,78.3404541015625,0.222623601555824,0.0788615569472313,0.0130816074088216,0.0206525325775146,0,0,0.46676579117775,0.195896700024605,1486109.375,NA,NA
"FRK25",4.23706769943237,10.3517389297485,20.7982749938965,12.9653329849243,16.561206817627,2.1099693775177,2.63350200653076,2.59754467010498,3.26673316955566,81.1410140991211,71.6088485717773,66.7987518310547,80.3168258666992,0.282991915941238,0.125121712684631,0.000653386872727424,0.0144010884687304,0,1.25114862914444e-10,0.352791607379913,0.224040314555168,624009.5625,NA,NA
"FRK26",4.71517658233643,11.2297458648682,21.6996440887451,13.5547924041748,16.9844665527344,2.24481272697449,2.64983725547791,2.49717926979065,3.36764597892761,81.1140289306641,70.3189849853516,65.380256652832,79.5497207641602,0.35380282998085,0.0989475250244141,2.31929742078307e-09,0.0529373474419117,0,3.02649994909227e-13,0.331874549388885,0.16243776679039,1804931.75,NA,NA
"FRK27",0.491489350795746,5.78659296035767,16.1545524597168,8.81449794769287,15.6630630493164,3.54153442382812,3.1397533416748,2.92880845069885,3.65468740463257,71.7890090942383,72.7790603637695,72.442985534668,78.7892684936523,0.0847104415297508,0.100414223968983,0.0578319281339645,0.00880520511418581,1.61197643052555e-29,0,0.727336823940277,0,558586.0625,NA,NA
"FRK28",2.02049565315247,8.08309364318848,18.2746276855469,10.4844665527344,16.2541313171387,4.93400621414185,4.32796812057495,3.79848861694336,4.54819488525391,75.7244873046875,72.8947296142578,74.0688095092773,80.2130432128906,0.152763903141022,0.0824819505214691,0.0215785559266806,0.0249587930738926,1.40411583710128e-28,0,0.64155787229538,0,1218728.5,NA,NA
"FRL01",3.92316508293152,8.84718132019043,19.9774227142334,12.5587253570557,16.0542583465576,2.20974183082581,2.29232978820801,1.56320667266846,3.45762634277344,69.5991592407227,68.2859420776367,62.2607803344727,73.6198883056641,0.107488021254539,0.0821616053581238,0.0539737157523632,0.006322817876935,3.71949019707527e-30,0,0.74762374162674,0,273081.75,NA,NA
"FRL02",0.630333840847015,5.6531081199646,16.7786846160889,9.29441547393799,16.1483497619629,2.43977999687195,2.37927770614624,1.80078983306885,3.40932559967041,69.8386459350586,71.1579513549805,64.9538192749023,74.9697494506836,0.10602094233036,0.0844543948769569,0.0651872083544731,0.00419542146846652,2.54921730987473e-32,0,0.733624875545502,0,160154.859375,NA,NA
"FRL03",5.66812658309937,10.4113779067993,21.17311668396,14.2249517440796,15.5049915313721,2.69699549674988,2.57214498519897,1.52682423591614,4.15775537490845,69.8426971435547,71.7572555541992,70.8497467041016,76.3269424438477,0.0424819178879261,0.0588951781392097,0.0549408383667469,0.0223698019981384,5.91503754429818e-30,1.2995867945155e-13,0.65223628282547,0.0404840670526028,852215.0625,NA,NA
"FRL04",8.8834400177002,14.2343635559082,25.342845916748,17.5796184539795,16.4594058990479,1.86416065692902,1.59051847457886,0.766720712184906,3.04363417625427,73.268424987793,63.9782867431641,54.792724609375,71.7831268310547,0.154649883508682,0.0824234187602997,0.000674006878398359,0.0349052026867867,1.73388933825385e-30,1.19061153351727e-14,0.168930888175964,0.326952219009399,1398045.625,NA,NA
"FRL05",8.64550304412842,13.2501068115234,24.0760364532471,17.0735397338867,15.4305353164673,2.59718871116638,2.09972476959229,1.01019072532654,3.86170196533203,72.3564987182617,67.5198440551758,61.4054641723633,73.4046401977539,0.0757580921053886,0.0559828281402588,0.00634312629699707,0.0179298166185617,2.58070531231504e-30,1.54134552343699e-11,0.330819964408875,0.327235251665115,889404.875,NA,NA
"FRL06",7.09945917129517,12.7795143127441,24.0992450714111,15.9554815292358,16.9997882843018,2.06505870819092,1.99695479869843,1.08770608901978,3.60370635986328,73.9456329345703,64.5255966186523,53.9537391662598,72.2944030761719,0.267247676849365,0.110293865203857,0.00646400265395641,0.0197369623929262,2.58792510457824e-30,0,0.552783250808716,0.0359805151820183,533068.8125,NA,NA
"FRM01",9.6189603805542,12.9188737869263,23.3034687042236,17.5872631072998,13.6845073699951,3.549729347229,2.72044897079468,0.633939564228058,3.75232648849487,78.4800872802734,72.67578125,65.3934173583984,76.6448287963867,0.010335274040699,0.0201417673379183,0.0118419229984283,0.00337033928371966,0,2.36416233811987e-11,0,0.618631839752197,97478.78125,NA,NA
"FRM02",8.53873538970947,12.0336961746216,22.5174999237061,16.6155204772949,13.9787635803223,2.94849562644958,2.42636251449585,0.721849799156189,3.46859192848206,76.9025421142578,72.4981842041016,67.1891784667969,76.540657043457,0.0290032494813204,0.0269001889973879,0.00427079806104302,0.00295034633018076,0,9.85907813721987e-11,0.177068337798119,0.559726238250732,115260.2734375,NA,NA
"HR031",3.67405891418457,11.1774368286133,22.002799987793,13.8795070648193,18.3287391662598,3.73972845077515,3.01146507263184,2.74976849555969,5.23962926864624,79.6859741210938,72.8826293945312,68.5418243408203,78.7879104614258,0.0264665894210339,0.0275609493255615,0.00255138031207025,0.00542965671047568,2.02271982479901e-24,0.023284113034606,0.644914746284485,0.0153925754129887,113093.40625,NA,NA
"HR032",1.90209209918976,9.95248222351074,20.648551940918,12.3763275146484,18.7464599609375,3.74191546440125,3.29777550697327,2.47970151901245,5.06673860549927,80.0657119750977,71.9963836669922,67.2975082397461,79.2073745727539,0.0872339680790901,0.0355079658329487,0.0178286526352167,0.00533769000321627,2.41157673656259e-20,0.0118125267326832,0.755548775196075,0.00598880974575877,97008.0546875,NA,NA
"HR033",4.2324366569519,11.901125907898,22.8137950897217,14.5300512313843,18.5813598632812,2.881432056427,2.46245121955872,1.66172540187836,3.86018228530884,74.8458251953125,68.4092407226562,60.8529472351074,73.9502029418945,0.10016804933548,0.045188058167696,0.0415581502020359,0.00400157226249576,5.94232834536093e-26,0.00494316918775439,0.573778331279755,0.00295675126835704,72393.9609375,NA,NA
"HR034",5.54010057449341,12.7862129211426,23.9357395172119,15.6069707870483,18.3956394195557,2.76948022842407,2.42500805854797,1.51378333568573,3.61112999916077,72.3576583862305,67.2367553710938,58.5679206848145,71.7390747070312,0.116560637950897,0.0873133391141891,0.033737774938345,0.0116635831072927,1.94136832208096e-25,0.0023950133472681,0.559940993785858,0.00146755878813565,141760.15625,NA,NA
"HR035",6.15031957626343,12.9311580657959,24.3399848937988,16.0311336517334,18.1896629333496,3.39847612380981,2.853351354599,1.39512360095978,4.07798957824707,73.4263305664062,69.5327072143555,61.6506462097168,73.1072540283203,0.146525919437408,0.138784721493721,0.0208848565816879,0.00681970128789544,4.58563395905656e-26,0.00176414812449366,0.441405236721039,0.00259446818381548,187903.390625,NA,NA
"HR036",6.86645603179932,13.6987352371216,24.642391204834,16.6249485015869,17.7759342193604,2.98966312408447,2.52736854553223,2.36981964111328,4.33188629150391,74.2588424682617,70.2062530517578,65.8463363647461,74.3193054199219,0.111389838159084,0.0911231189966202,0.00136974966153502,0.0115430997684598,2.96197568109382e-24,0.0230450555682182,0.48054450750351,0.0239370707422495,124232.90625,NA,NA
"HR037",8.0729284286499,14.4943218231201,25.8943405151367,17.8079929351807,17.8214111328125,4.064621925354,3.2365505695343,1.16531527042389,4.46079301834106,72.1204528808594,69.7145462036133,61.8443260192871,72.4729766845703,0.0943673625588417,0.161724299192429,0.0146152246743441,0.00281115993857384,1.02463287923435e-25,0.0374103933572769,0.195046037435532,0.0179802123457193,31850.7890625,NA,NA
"HR041",3.76426339149475,13.4638442993164,24.2210388183594,14.6662473678589,20.4567737579346,2.24163126945496,2.13037490844727,2.83020234107971,3.29018020629883,80.3221893310547,67.5096588134766,63.4393424987793,76.8482437133789,0.213303789496422,0.056808453053236,2.90324151137611e-05,0.0337076559662819,6.85359204992264e-37,0,0.696151077747345,0,134842.984375,NA,NA
"HR042",3.68210697174072,13.3610429763794,24.122709274292,14.5983247756958,20.440601348877,2.21881103515625,2.14256596565247,2.83717131614685,3.27003598213196,80.2151107788086,67.3995971679688,63.5277900695801,76.7841033935547,0.212135463953018,0.0585155859589577,3.7818947021151e-05,0.0284332130104303,1.39297326225545e-21,0.0494280308485031,0.622485101222992,0.0289324130862951,585430.25,NA,NA
"HR043",3.44764709472656,12.8387289047241,23.4096641540527,14.1030006408691,19.9620170593262,1.99960112571716,2.46072959899902,3.2673807144165,3.52032589912415,79.3339920043945,67.5519256591797,66.7609405517578,78.8385848999023,0.234066903591156,0.0653847977519035,3.79352513846243e-06,0.0165453068912029,1.27445550572331e-37,0.112486474215984,0.460886597633362,0.110626108944416,142688.15625,NA,NA
"HR044",3.86578822135925,13.5035095214844,24.0519237518311,14.6279764175415,20.1861362457275,1.73038673400879,2.16687941551208,2.97977900505066,3.15730786323547,79.1287841796875,66.3397827148438,66.0951919555664,78.0880508422852,0.250838667154312,0.0105857606977224,1.2491857548369e-09,0.0128979533910751,0,0.31666299700737,0.0440898798406124,0.364924699068069,110802.5234375,NA,NA
"HR045",3.38066792488098,13.2912864685059,23.8700790405273,14.3859968185425,20.4894123077393,1.66904354095459,1.91680002212524,2.62161064147949,2.71044945716858,79.2800903320312,65.5114822387695,64.2422332763672,76.7446746826172,0.265535861253738,0.0124205350875854,0.000143159428262152,0.00851521734148264,0,0.226064562797546,0.0051269861869514,0.482166916131973,99781.3671875,NA,NA
"HR046",3.65605616569519,13.4254140853882,23.9603881835938,14.5063972473145,20.3043308258057,1.65668857097626,2.01065993309021,2.8214602470398,2.92091345787048,79.1429901123047,65.9496917724609,65.4623718261719,77.640739440918,0.257680475711823,0.00387910683639348,1.60639679336327e-08,0.0113822594285011,0,0.274411737918854,0.0390957146883011,0.413550645112991,57665.375,NA,NA
"HR047",3.23482441902161,13.1345920562744,23.9366416931152,14.4353637695312,20.7018184661865,1.90312421321869,2.0042552947998,2.60895943641663,2.72504353523254,79.4450988769531,65.7886657714844,63.1784439086914,75.6575393676758,0.230388268828392,0.0527610257267952,0.000751873420085758,0.00793514586985111,0,0.428925544023514,0.00170391949359328,0.277359187602997,90365.0234375,NA,NA
"HR048",3.049889087677,13.0594835281372,23.9564781188965,14.3613510131836,20.906587600708,1.76392292976379,1.88188278675079,2.53163981437683,2.31042313575745,79.9510040283203,65.7210693359375,63.4465637207031,75.8095932006836,0.266821533441544,0.0473031029105186,0.000747830199543387,0.00553764775395393,0,0.333488553762436,0,0.346101343631744,46833.3359375,NA,NA
"HR049",3.50942754745483,13.1653242111206,24.2328567504883,14.7315006256104,20.7234306335449,1.833127617836,2.12336707115173,2.55174469947815,2.48961734771729,79.6772689819336,66.0720062255859,64.0650253295898,75.4866943359375,0.256052672863007,0.0566170588135719,0.000850398151669651,0.00748114474117756,0,0.466157585382462,0.00883847288787365,0.204000130295753,64558.8203125,NA,NA
"HR04A",3.60862374305725,13.3196887969971,24.3901634216309,14.8851203918457,20.7815399169922,1.8077210187912,2.15292763710022,2.55368804931641,2.43752074241638,79.556396484375,65.776741027832,63.9188690185547,75.2395401000977,0.272210896015167,0.0545474626123905,0.000651691691018641,0.00937997736036777,0,0.450513988733292,0,0.212695971131325,83143.453125,NA,NA
"HR04B",3.2257969379425,13.6121082305908,24.5649929046631,14.883394241333,21.3391952514648,1.54119527339935,1.86349356174469,2.38834309577942,1.98097169399261,79.8137817382812,64.5029296875,62.5957565307617,74.4752426147461,0.323413878679276,0.0354160778224468,0.00132017803844064,0.0139524564146996,0,0.253864645957947,0,0.372032761573792,231458.15625,NA,NA
"HR04C",3.52562832832336,13.8127155303955,25.0181655883789,15.2496786117554,21.4925365447998,1.56922388076782,2.04137921333313,2.28805351257324,1.98766922950745,79.6688079833984,64.4113693237305,61.5104789733887,73.4150466918945,0.390809416770935,0.0430443100631237,0.000432140252087265,0.0125210164114833,0,0.213685035705566,0,0.339433372020721,149080.25,NA,NA
"HR04D",2.70115351676941,11.5999126434326,22.3842906951904,13.4779367446899,19.6831359863281,3.31729912757874,3.03108978271484,2.8511917591095,4.47835493087769,82.0627670288086,71.5973205566406,67.5304718017578,79.6892623901367,0.109905287623405,0.0401726737618446,0.00121598155237734,0.0093932505697012,9.80898493840598e-20,0,0.838242709636688,0,168830.796875,NA,NA
"HR04E",3.83222222328186,13.2288446426392,24.1193065643311,14.7648401260376,20.2870826721191,2.33533692359924,2.4435453414917,2.73399925231934,3.19360733032227,80.011604309082,68.2999420166016,65.112419128418,76.9018402099609,0.17728216946125,0.0474326834082603,0.0018389627803117,0.0070241168141365,2.61365389059374e-20,0.0693037956953049,0.666620433330536,0.0304672457277775,205019.5,NA,NA
"HU110",1.84417855739594,12.6869020462036,23.6091232299805,13.6126565933228,21.7649440765381,1.32953679561615,1.43383014202118,1.84652662277222,1.54735338687897,81.1818389892578,63.8588829040527,60.1183891296387,73.2726287841797,0.330126523971558,0.000584066612645984,1.37446641019778e-05,0.0441266931593418,0,1.9415617202867e-07,0,0.624989807605743,245558.984375,NA,NA
"HU120",1.86647152900696,12.7038345336914,23.6429710388184,13.6505870819092,21.7764987945557,1.30575060844421,1.44351577758789,1.82484436035156,1.54423522949219,81.1392440795898,63.7551574707031,59.9692535400391,73.020378112793,0.382724940776825,0.00180546764750034,1.17232602860895e-05,0.0245890989899635,0,2.05946989240147e-07,0.00590397045016289,0.584734201431274,1724598.5,NA,NA
"HU211",2.39527130126953,13.0264186859131,23.8336315155029,13.9427719116211,21.4383602142334,1.27294051647186,1.45766067504883,2.08761715888977,1.81855404376984,80.9124374389648,64.9638519287109,62.562572479248,75.1380767822266,0.454259037971497,0.000498135923407972,2.30493370168006e-07,0.0110756689682603,0,8.97497116625345e-08,0,0.521029233932495,439712.21875,NA,NA
"HU212",2.10453033447266,12.5861444473267,23.347448348999,13.453818321228,21.242919921875,1.37719917297363,1.4697300195694,2.10812568664551,1.89930653572083,80.6367568969727,64.9558868408203,62.4687767028809,74.8424224853516,0.409561276435852,0.000875072146300226,8.19467823021114e-06,0.0134694995358586,0,3.57164230990747e-06,0,0.573468089103699,237289.46875,NA,NA
"HU213",2.75266051292419,12.9250526428223,23.6448497772217,13.8474168777466,20.8921890258789,1.39240455627441,1.67441046237946,2.46026802062988,2.19823265075684,80.3864135742188,65.750602722168,63.6445198059082,76.448616027832,0.386515825986862,0.00267428555525839,8.94994955160655e-05,0.0065492233261466,0,1.29207194277114e-07,0,0.577195584774017,238739.28125,NA,NA
"HU221",2.78467726707458,12.891185760498,23.5877494812012,13.7366342544556,20.803071975708,1.23271632194519,1.58303213119507,2.36307191848755,2.10625696182251,78.7614593505859,64.7311096191406,61.818920135498,75.0759658813477,0.471874475479126,0.00300900475122035,6.718652730342e-05,0.00881343521177769,0,0.00151676870882511,0,0.504544258117676,338359.875,NA,NA
"HU222",2.80357956886292,12.626708984375,23.1950740814209,13.5769672393799,20.3914947509766,1.22046220302582,1.74668574333191,2.78895306587219,2.32849264144897,78.7738342285156,65.3935928344727,63.890266418457,77.0152893066406,0.451258093118668,0.00288026407361031,3.24324059874925e-06,0.008788769133389,0,7.30299873907825e-08,0.118704415857792,0.418365180492401,217317.03125,NA,NA
"HU223",3.14625978469849,13.1387033462524,23.7195587158203,14.0445623397827,20.573299407959,1.37050688266754,1.68941307067871,2.65573859214783,2.38195395469666,79.1831893920898,65.1931915283203,64.1784439086914,76.9687423706055,0.321090430021286,0.00341165484860539,7.14346315362491e-05,0.00665548909455538,0,0.0246785450726748,0.0313055478036404,0.595695078372955,183429.1875,NA,NA
"HU231",2.90936613082886,13.3314590454102,24.1836051940918,14.4509391784668,21.2742404937744,1.53744554519653,1.78011107444763,2.4152684211731,2.07081842422485,80.1795501708984,64.6712646484375,62.945686340332,75.3068466186523,0.376539498567581,0.0171448718756437,0.000374846043996513,0.010476965457201,0,0.0971467420458794,0,0.498317062854767,290294.75,NA,NA
"HU232",3.00332093238831,13.2258043289185,23.9206199645996,14.2187347412109,20.9172973632812,1.52080726623535,1.73104321956635,2.51095247268677,2.32149291038513,80.0523223876953,65.0404891967773,63.3258094787598,76.1462173461914,0.371897310018539,0.00454842718318105,9.95879527181387e-05,0.00526231760159135,0,0.0158197619020939,0,0.560917258262634,239006,NA,NA
"HU233",2.59466648101807,13.2366981506348,24.074878692627,14.2302513122559,21.4802112579346,1.349085688591,1.57257950305939,2.30338668823242,1.92624378204346,80.5869750976562,64.4973449707031,62.7938575744629,75.1655426025391,0.480812340974808,0.000473268184578046,3.9442775232601e-06,0.00741756381466985,0,5.58430848229818e-08,0,0.498930603265762,237606.484375,NA,NA
"HU311",1.03156340122223,11.9513864517212,22.907096862793,12.9018898010254,21.8755321502686,1.30112278461456,1.62542319297791,1.92467856407166,1.53014898300171,80.8847274780273,63.6909141540527,59.6423416137695,72.5543975830078,0.330030202865601,0.0273091625422239,0.000171342209796421,0.0109269125387073,4.0608003359921e-07,4.66322780994233e-05,0.470339804887772,0.158969402313232,585240.875,NA,NA
"HU312",1.43736600875854,12.3188486099243,23.330207824707,13.33127784729,21.8928413391113,1.31762623786926,1.54137563705444,1.83891332149506,1.5530241727829,81.0970764160156,63.5244789123535,60.1051864624023,72.7022857666016,0.391143769025803,0.0201975405216217,6.96848383086035e-06,0.00724882492795587,0,7.91549084055987e-08,0.0983706414699554,0.481781363487244,255178.6875,NA,NA
"HU313",0.982146084308624,11.6585073471069,22.5385761260986,12.6985712051392,21.5564289093018,1.46625316143036,1.57108438014984,1.92140448093414,1.67381167411804,81.6975173950195,65.6411361694336,62.9487838745117,75.0667266845703,0.311212331056595,0.0324456430971622,1.69161212397739e-05,0.0223369561135769,0,8.53827017976982e-08,0.29553410410881,0.338453948497772,515062.71875,NA,NA
"HU321",1.94095432758331,13.0946264266968,24.1550312042236,14.0395421981812,22.2140769958496,1.31687581539154,1.58103048801422,1.65522241592407,1.35410094261169,81.059684753418,62.7420463562012,57.7324256896973,70.3558120727539,0.455107152462006,0.026944775134325,0.000932857685256749,0.00765928067266941,0,0.0197399351745844,0,0.489184856414795,598208.375,NA,NA
"HU322",2.1228175163269,13.1584739685059,24.2264499664307,14.186131477356,22.1036338806152,1.22908532619476,1.42287337779999,1.63343238830566,1.37474524974823,81.239013671875,62.6875534057617,57.3703155517578,70.5590591430664,0.505938172340393,0.0189679060131311,0.000840736727695912,0.00491490913555026,0,3.08011323113533e-08,0,0.467413544654846,304850.34375,NA,NA
"HU323",1.51190555095673,12.7363185882568,23.701789855957,13.5374183654785,22.1898860931396,1.53887128829956,1.66698133945465,1.88437867164612,1.53078532218933,80.5888595581055,63.3401679992676,59.0578117370605,70.9209518432617,0.41725504398346,0.0848911628127098,9.00455852388404e-05,0.0107583273202181,2.12284885492409e-05,0.0237101130187511,0.133320242166519,0.329941779375076,555920.875,NA,NA
"HU331",2.51254034042358,13.4422979354858,24.5020046234131,14.4958095550537,21.989465713501,1.2960000038147,1.50201392173767,1.84077644348145,1.54995262622833,80.9748840332031,63.1615982055664,59.5372428894043,72.9809722900391,0.467676907777786,0.00156986596994102,0.00015693593013566,0.00642578350380063,0,0.00486148847267032,0,0.519304692745209,535760.375,NA,NA
"HU332",2.42196607589722,13.3911380767822,24.6033992767334,14.5570211410522,22.181432723999,1.29193162918091,1.60304284095764,1.62095308303833,1.37831711769104,81.6410369873047,63.9541435241699,59.1764450073242,71.1023483276367,0.545642197132111,0.0229391697794199,0.00179821078199893,0.00485109677538276,0,0.0127237997949123,0,0.411852091550827,267835.90625,NA,NA
"HU333",2.69980239868164,13.6759796142578,24.9195766448975,14.8634347915649,22.2197761535645,1.2557315826416,1.5125138759613,1.66186201572418,1.39464640617371,81.3520202636719,63.3117179870605,58.3360557556152,71.4346389770508,0.540844976902008,0.0186964105814695,0.00124279945157468,0.00708572426810861,0,0.00611841306090355,0,0.426011711359024,320899.15625,NA,NA
"IEG11582",5.22236490249634,8.09622764587402,15.320897102356,10.8298816680908,10.0985317230225,3.97361779212952,2.30362558364868,2.04611539840698,3.43111300468445,86.7813491821289,79.4306945800781,78.503776550293,85.8861541748047,0.348139196634293,0.623627066612244,5.5243671859273e-09,0.0129238218069077,0,0,0.000641559367068112,0.00635969266295433,66177.578125,NA,NA
"IEG11583",4.44808292388916,7.87372970581055,14.8824434280396,10.1800785064697,10.4343605041504,4.03743410110474,2.60305953025818,2.39943337440491,3.55017423629761,86.9376907348633,79.9552536010742,80.3031234741211,86.0846176147461,0.0850620195269585,0.795522093772888,0.0240274593234062,0.00560661032795906,1.8586574404675e-14,0,0.081316351890564,0,100791.2109375,NA,NA
"IEG11584",5.31749868392944,8.32942867279053,15.1175918579102,10.8973579406738,9.80009269714355,4.78445672988892,2.85922527313232,2.40291523933411,4.01873397827148,85.7580490112305,80.1498641967773,81.2186431884766,85.4115829467773,0.100875698029995,0.664707362651825,0.00183486135210842,0.011203826405108,1.66714558824665e-12,4.86882062444849e-11,0.0950715318322182,0.00189681770280004,200015.75,NA,NA
"IEG11585",5.63384580612183,8.11231327056885,14.9134216308594,10.9858703613281,9.27957630157471,5.50163984298706,3.24729156494141,2.50057244300842,4.53647136688232,86.7852554321289,81.8732223510742,82.6855850219727,86.8953170776367,0.145391628146172,0.571450531482697,0.0205204226076603,0.00871591456234455,1.13974490110504e-13,0,0.123293548822403,0.000452503154519945,423416.25,NA,NA
"IEG11586",4.25412321090698,7.16009616851807,13.6896324157715,9.71458721160889,9.43550872802734,5.32073211669922,3.21700525283813,3.02688050270081,4.72433567047119,85.0090484619141,80.6406173706055,83.1491394042969,85.2340393066406,0.0722769945859909,0.368079245090485,0.0634530633687973,0.00332267675548792,1.37369855209924e-14,0,0.174403876066208,0.0466889925301075,159093.640625,NA,NA
"IEG11587",5.22035837173462,8.10253524780273,15.3270692825317,10.8925943374634,10.1067113876343,3.70030522346497,2.34890913963318,2.22008371353149,3.36631178855896,85.2864608764648,79.5273361206055,79.2778549194336,84.7466278076172,0.158119007945061,0.464737772941589,7.61249702918576e-06,0.118538983166218,1.89914019433539e-15,0,0.0142492651939392,0,762087.625,NA,NA
"IEG11588",5.09263849258423,8.17136001586914,14.8287172317505,10.5982809066772,9.73607921600342,4.91370725631714,3.07685017585754,2.60132837295532,4.29557275772095,86.0978469848633,80.1702117919922,81.6539459228516,85.6708374023438,0.112995609641075,0.608912110328674,0.0104547245427966,0.00764899887144566,8.39745888927754e-14,0,0.140353143215179,0,241407.78125,NA,NA
"IEG11589",5.63820600509644,8.01603412628174,14.5260353088379,10.9240369796753,8.88782978057861,6.26560306549072,3.76018500328064,2.86905169487,5.2098240852356,86.7014236450195,81.8484954833984,83.3983535766602,86.887092590332,0.0994073525071144,0.548982679843903,0.0302952844649553,0.00416623055934906,1.45675171144694e-12,1.92265370291267e-11,0.158220395445824,0.000749036320485175,124886.71875,NA,NA
"IEG11590",5.22758913040161,8.3842363357544,15.5416078567505,10.8870992660522,10.3140182495117,3.42676258087158,2.15738534927368,2.11622214317322,3.10621023178101,86.4662857055664,78.8950881958008,78.3378753662109,85.4816589355469,0.225981861352921,0.729925215244293,5.20679366289301e-09,0.032906286418438,0,0,0.00927950441837311,0.000780678237788379,244297.640625,NA,NA
"IEG11591",5.19704532623291,8.22087955474854,15.4297037124634,10.7695379257202,10.2326583862305,3.70122575759888,2.2279999256134,1.96186780929565,3.23908019065857,86.3156585693359,79.6824417114258,78.9873352050781,85.494758605957,0.158026739954948,0.72879421710968,4.14867118436746e-09,0.00847608502954245,2.48606948287204e-14,0,0.00687215710058808,0.000190990249393508,125324.7890625,NA,NA
"IEG11592",5.02230548858643,8.2119779586792,15.3883152008057,10.6331167221069,10.3660097122192,3.47510385513306,2.16455602645874,2.01121258735657,3.07218885421753,86.7455368041992,79.268798828125,78.6782531738281,85.662483215332,0.159835189580917,0.820090234279633,5.61553115119295e-09,0.00878021772950888,2.99818966854014e-14,0,0.0103040440008044,0.000271100288955495,107936.9140625,NA,NA
"IEG11593",4.15254545211792,7.51677942276001,14.3493890762329,9.85662078857422,10.1968441009521,4.55760669708252,2.95890951156616,2.58989977836609,3.99677348136902,87.4405136108398,80.6935501098633,81.8393402099609,86.7823867797852,0.15693411231041,0.611259937286377,0.0513563677668571,0.00263847573660314,1.78376736124919e-13,0,0.145822897553444,0,60045.51171875,NA,NA
"IEG11594",5.30128049850464,8.23745918273926,15.1792917251587,10.8788080215454,9.8780107498169,4.70092105865479,2.83047032356262,2.31178712844849,3.94609475135803,87.0424041748047,80.7989883422852,81.0780258178711,86.4457321166992,0.1175806671381,0.75609278678894,0.00260772299952805,0.00811458472162485,4.96912840736163e-13,0,0.0980191752314568,0,157347.53125,NA,NA
"IEG11595",4.81672668457031,8.17772388458252,15.2182140350342,10.512451171875,10.4014873504639,3.67553567886353,2.40612578392029,2.21959042549133,3.30446577072144,87.0199890136719,79.705436706543,79.8692092895508,85.9219741821289,0.0931390598416328,0.879686832427979,1.67229996517193e-09,0.00333012919872999,3.31834847143789e-13,0,0.0119399847462773,0,45019.33984375,NA,NA
"IEG11596",4.9980959892273,8.18919086456299,15.330696105957,10.7104682922363,10.3325996398926,3.24589848518372,2.13281321525574,2.11509943008423,3.0321147441864,84.881233215332,78.910888671875,78.9187469482422,84.3117370605469,0.184500873088837,0.525817573070526,1.55371690198081e-05,0.0140054216608405,3.87743477055875e-15,0,0.0404679365456104,0,123756.0234375,NA,NA
"IEG11597",4.85969638824463,7.70584583282471,14.0129156112671,10.2281198501587,9.15322017669678,5.43622827529907,3.43617749214172,2.65799617767334,4.72932958602905,85.295524597168,80.8797836303711,83.4869537353516,85.4498062133789,0.14605501294136,0.432203948497772,0.040299441665411,0.00422393810003996,8.2561243269514e-14,0,0.17385271191597,0,123841.171875,NA,NA
"IEG11598",5.06364393234253,8.33358478546143,15.4727993011475,10.7596530914307,10.4091558456421,3.32461404800415,2.14034008979797,2.14995527267456,3.0271258354187,85.8331985473633,78.837287902832,78.5046920776367,84.8951873779297,0.205525621771812,0.697937667369843,4.11655628340668e-06,0.0213439855724573,1.0256265619302e-15,0,0.00765499332919717,0,340635.59375,NA,NA
"IEG11599",4.31171989440918,7.75713014602661,14.8041877746582,10.0381059646606,10.492467880249,3.56991910934448,2.34665322303772,2.18775796890259,3.24091029167175,86.6192398071289,79.8899841308594,80.3144073486328,85.9910583496094,0.0586559399962425,0.827512741088867,8.00798982680817e-09,0.00657521560788155,9.3562886182337e-27,0,0.107256107032299,0,85087.4375,NA,NA
"IEG11600",5.72151470184326,7.80671501159668,14.1581563949585,10.831690788269,8.43664264678955,7.5442385673523,4.56708574295044,3.4149124622345,6.32131338119507,87.0556564331055,82.6945343017578,84.9013671875,87.7772674560547,0.100664250552654,0.242771849036217,0.118578121066093,0.000900775310583413,5.48913941644108e-14,0,0.288667678833008,0,0.880484163761139,NA,NA
"IEG11601",5.08481931686401,8.30602645874023,15.3724403381348,10.6635427474976,10.2876224517822,3.37310409545898,2.1674792766571,2.13379716873169,3.06799578666687,86.4236602783203,78.8909912109375,78.732177734375,85.3385848999023,0.134202286601067,0.834839582443237,4.02244060282442e-09,0.0101373698562384,1.25914547749939e-14,0,0.0170032773166895,0,122633.515625,NA,NA
"IEG11602",4.74229288101196,8.0270185470581,14.8837661743164,10.3642597198486,10.1414728164673,4.05270576477051,2.63939428329468,2.29330348968506,3.57026219367981,87.0835876464844,80.1549835205078,80.9502105712891,86.2085037231445,0.118650026619434,0.768396735191345,0.00329075031913817,0.00428889226168394,3.98395265345172e-13,0,0.0998275056481361,0,83945.171875,NA,NA
"IEG11603",4.40269184112549,7.5833158493042,14.1511287689209,9.95756149291992,9.74843597412109,4.64626455307007,2.99155616760254,2.51719045639038,4.11274433135986,86.4064559936523,80.7956085205078,82.6887512207031,86.109489440918,0.111666202545166,0.440299898386002,0.0443214029073715,0.00185710261575878,8.6613442112915e-14,0,0.154182195663452,0,49492.015625,NA,NA
"IEG11604",5.0624566078186,8.0765323638916,15.2267761230469,10.620246887207,10.1643199920654,4.12952995300293,2.52921557426453,2.17167496681213,3.55131459236145,87.2295150756836,80.3316421508789,79.9140625,86.2811431884766,0.12200054526329,0.799371004104614,0.00231520179659128,0.0044225244782865,5.07570263488626e-14,0,0.053344938904047,0,177322.984375,NA,NA
"IEG11605",5.35543298721313,8.18430709838867,15.3313140869141,10.8608207702637,9.97588157653809,4.18478631973267,2.50124907493591,2.13619065284729,3.66027212142944,85.9237442016602,80.2583465576172,79.8409118652344,85.3902359008789,0.149567514657974,0.683490812778473,0.00100913678761572,0.00771261611953378,1.40510001162973e-14,0,0.0138679649680853,0.00126025814097375,93022.1640625,NA,NA
"IEG11606",4.94156551361084,8.2951774597168,15.335973739624,10.6103868484497,10.3944072723389,3.45838928222656,2.24724102020264,2.21183180809021,3.15324592590332,86.5183639526367,79.1600112915039,79.1166305541992,85.4444427490234,0.0989084616303444,0.875513911247253,8.24346813033117e-09,0.00867550354450941,4.76258945204377e-14,0,0.0119360843673348,0,108705.5390625,NA,NA
"IEG11607",5.88765096664429,8.48851108551025,15.6071081161499,11.4323883056641,9.71945762634277,4.1594967842102,2.3135838508606,2.089031457901,3.6065719127655,84.6573181152344,79.6122055053711,79.4757766723633,84.3581161499023,0.228875979781151,0.437375664710999,0.00111569045111537,0.00748109724372625,5.55545682872495e-17,0,0.00387056451290846,0.00153932347893715,112572.859375,NA,NA
"IEG11608",5.39484119415283,8.1578893661499,15.3673896789551,11.0288829803467,9.97254848480225,4.0206503868103,2.43094444274902,2.22714734077454,3.61832880973816,86.030517578125,79.6931991577148,79.1259002685547,85.3736953735352,0.199881225824356,0.567216277122498,0.00160350138321519,0.0638581663370132,0,0,0.0105251083150506,0.00125426170416176,837697.75,NA,NA
"ITC11",2.71948885917664,9.12745571136475,19.8353328704834,11.7151746749878,17.1158447265625,1.61421179771423,2.74953007698059,2.19946670532227,2.81797075271606,68.1702499389648,69.2312698364258,67.5804901123047,75.859504699707,0.169004052877426,0.130330964922905,0.0591224692761898,0.0428561642765999,2.47729696518732e-28,0,0.589039206504822,0,1877207.75,NA,NA
"ITC12",4.26804351806641,12.0088663101196,22.8002853393555,13.8073577880859,18.5322437286377,1.85128176212311,3.06075954437256,2.47380709648132,3.30662226676941,71.6940383911133,68.0659637451172,66.4522247314453,76.0295944213867,0.262216985225677,0.103415951132774,0.0141513664275408,0.0181456077843904,0,0,0.590806424617767,0,187888.640625,NA,NA
"ITC13",3.09786510467529,10.2747182846069,20.8990440368652,12.2761096954346,17.8011779785156,1.98998999595642,3.3454442024231,2.80006527900696,3.62441229820251,68.681396484375,68.4627075195312,68.3775405883789,75.7859725952148,0.13574780523777,0.115345723927021,0.027240164577961,0.0217842143028975,0,0,0.678895592689514,0,87278.203125,NA,NA
"ITC14",0.118413306772709,5.97201108932495,16.0244464874268,8.67480850219727,15.9060325622559,3.67482662200928,6.04060792922974,4.45077419281006,6.00853252410889,70.4815292358398,71.5969085693359,73.1035995483398,78.8107452392578,0.047652292996645,0.102655500173569,0.115760184824467,0.0168427396565676,5.58707795249327e-21,0,0.685341417789459,0,220993.875,NA,NA
"ITC15",4.77947521209717,12.7467660903931,23.620698928833,14.433069229126,18.8412246704102,2.0772852897644,3.44270730018616,2.79475426673889,3.97562861442566,73.3897171020508,66.7538528442383,64.4729614257812,76.0501098632812,0.227705016732216,0.0728979706764221,0.00446351710706949,0.0385134406387806,2.5773773355306e-20,0,0.63182532787323,0,422990,NA,NA
"ITC16",4.42580080032349,10.5933227539062,21.5171165466309,13.6523218154907,17.0913162231445,1.7612898349762,2.57301783561707,1.77828431129456,3.19881868362427,71.2755661010742,70.4574203491211,68.605712890625,76.6982574462891,0.188341557979584,0.120218977332115,0.0726779624819756,0.0130125759169459,0,0,0.439863979816437,0.152833268046379,559744.875,NA,NA
"ITC17",5.63563013076782,13.8016138076782,24.7304306030273,15.7345352172852,19.0948009490967,1.44431233406067,2.1742205619812,1.50713777542114,2.79667234420776,76.7325744628906,69.0616836547852,64.9657669067383,77.0675888061523,0.316184371709824,0.132937073707581,1.10461828572994e-09,0.0290425140410662,0,0,0.521636188030243,0,197747.375,NA,NA
"ITC18",5.54144096374512,13.1165037155151,23.9229488372803,15.3709001541138,18.3815078735352,2.02528977394104,2.30799651145935,1.4530520439148,3.59887599945068,76.7272872924805,68.8737182617188,63.6758689880371,76.9150619506836,0.300364762544632,0.0970933362841606,0.000561019871383905,0.0206858906894922,0,0,0.580272078514099,0,385189.90625,NA,NA
"ITC20",-1.70778179168701,3.09146523475647,13.2714700698853,6.38758850097656,14.9792528152466,2.94467806816101,3.08580708503723,2.69041633605957,3.19359827041626,66.6651382446289,71.7063674926758,71.7830276489258,76.8981170654297,0.042965404689312,0.178366020321846,0.0881460383534431,0.00809944048523903,1.0848080056789e-26,0,0.605409383773804,0,99823.640625,NA,NA
"ITC31",7.81528902053833,12.9195308685303,23.4695587158203,16.5768756866455,15.6542692184448,2.3141872882843,2.05495023727417,1.09859490394592,3.64643168449402,70.0628890991211,72.5916061401367,74.7652130126953,76.9808959960938,0.0602436102926731,0.111403428018093,0.0196066666394472,0.0196351557970047,0,1.262890209075e-10,0.370565593242645,0.189821749925613,69414.9921875,NA,NA
"ITC32",7.0579309463501,13.1223096847534,23.7693901062012,16.2412490844727,16.7114582061768,2.27414870262146,2.38339996337891,1.10895001888275,3.49855613708496,73.1167678833008,73.0054244995117,73.2918701171875,78.0665435791016,0.0192954950034618,0.071029044687748,3.37589408445638e-05,0.0278310403227806,0,1.36589267674125e-10,0.569204211235046,0.0360343493521214,154157.0625,NA,NA
"ITC33",5.6459789276123,12.2947616577148,23.2521171569824,15.2022113800049,17.6061382293701,2.70498585700989,2.4951000213623,1.31120920181274,4.58161115646362,74.9544372558594,71.2270278930664,68.1003570556641,77.3840179443359,0.0774733126163483,0.0615461803972721,0.00125644635409117,0.0294113475829363,0,1.20183599183754e-10,0.281057804822922,0.219010561704636,186961.3125,NA,NA
"ITC34",6.99611234664917,12.6635160446167,23.3575553894043,16.0539169311523,16.3614463806152,3.95407819747925,3.35169672966003,1.40532755851746,5.61291599273682,75.7403564453125,72.5855941772461,69.4918518066406,78.5766830444336,0.0186204463243484,0.0536475628614426,0.00176187232136726,0.0177591145038605,0,0,0.64335435628891,0.0310502871870995,82906.3203125,NA,NA
"ITC41",4.39642429351807,12.2735004425049,23.0178318023682,13.8842678070068,18.6214065551758,2.41176462173462,4.30211925506592,3.75540328025818,5.02644205093384,74.2458343505859,66.1924285888672,65.0062026977539,76.6926040649414,0.108890719711781,0.0623794347047806,0.0094334539026022,0.066435880959034,6.99455007933861e-20,0,0.687117516994476,0,696735.8125,NA,NA
"ITC42",2.37640929222107,9.74918174743652,20.2088165283203,11.9384679794312,17.832405090332,2.45548176765442,4.25452041625977,4.33041906356812,4.85969161987305,73.6401290893555,67.8242797851562,66.9990005493164,77.0945129394531,0.0603221580386162,0.0803680792450905,0.0452689714729786,0.144011482596397,6.33371669966035e-21,0,0.625117242336273,0,946939.375,NA,NA
"ITC43",2.89777112007141,10.5493173599243,21.1150321960449,12.6061840057373,18.2172603607178,2.37642168998718,4.06054544448853,4.08560943603516,4.65839433670044,73.7338714599609,67.4407348632812,66.1084136962891,76.7074432373047,0.0624920055270195,0.0717117637395859,0.0350092984735966,0.178003758192062,1.94633343881107e-27,0,0.609675824642181,0,709425.9375,NA,NA
"ITC44",-3.91886425018311,1.07994401454926,10.863826751709,4.87490272521973,14.7826919555664,2.62668347358704,4.33910465240479,4.67594814300537,4.64274978637695,70.5024337768555,71.8786087036133,74.9068222045898,78.5545196533203,0.0213065966963768,0.160717412829399,0.159583434462547,0.00670402590185404,7.79133757221571e-26,0,0.623100578784943,0,119722.9609375,NA,NA
"ITC46",2.03613257408142,10.0049018859863,20.7867851257324,12.1353569030762,18.7506523132324,2.19744992256165,3.70655465126038,3.43990468978882,4.06048679351807,72.6086349487305,69.7043304443359,68.4757461547852,77.4208679199219,0.129780113697052,0.10536152869463,0.022540345788002,0.0667875185608864,1.51519071700766e-26,0,0.668578207492828,0,1180085,NA,NA
"ITC47",1.08480978012085,9.06041717529297,19.851806640625,11.4160003662109,18.7669982910156,2.19106245040894,3.35866260528564,3.26775002479553,3.68840980529785,74.9262313842773,69.703125,67.7866287231445,77.3133316040039,0.152800470590591,0.105185389518738,0.0359863787889481,0.0318052470684052,3.56554895417751e-34,0,0.646281778812408,0,998948.75,NA,NA
"ITC48",5.13541746139526,13.3378143310547,24.4604663848877,15.3555746078491,19.3250503540039,1.96146392822266,2.53656768798828,1.69365453720093,3.27633714675903,77.3331604003906,66.753059387207,60.2787666320801,75.9473114013672,0.361047595739365,0.0705264285206795,0.00110994570422918,0.0499239936470985,0,0,0.514659643173218,0,1255170.5,NA,NA
"ITC49",5.20353412628174,14.3834753036499,25.7603969573975,16.1368980407715,20.5568618774414,1.96409845352173,2.43250870704651,1.77020609378815,2.84095597267151,78.5295486450195,66.5854797363281,59.0973014831543,75.6198806762695,0.424376279115677,0.0895801931619644,1.32264366126122e-09,0.0598914362490177,0,0,0.421987593173981,0,348885.8125,NA,NA
"ITC4A",4.87274885177612,14.4821214675903,25.9326591491699,16.1657047271729,21.059907913208,1.99258756637573,2.45418858528137,1.87769079208374,2.92425227165222,79.1997528076172,67.1280059814453,59.8028221130371,75.9018173217773,0.430559605360031,0.0873355120420456,8.50257401907584e-06,0.02844662591815,3.18214356373507e-35,2.86913617338877e-17,0.430432140827179,0.0197853241115808,381721.59375,NA,NA
"ITC4B",4.48200511932373,14.4796514511108,25.9305801391602,16.0417289733887,21.4485759735107,1.66517293453217,2.19349098205566,1.96404755115509,2.68931245803833,79.5082931518555,67.2058258056641,59.4711837768555,75.3991088867188,0.369920402765274,0.0792454332113266,0.00197529676370323,0.0382902100682259,7.39376322307221e-33,6.63318945620356e-18,0.398013681173325,0.0888490974903107,637663,NA,NA
"ITC4C",5.12553215026855,13.6796073913574,24.7957363128662,15.4014053344727,19.6702041625977,1.97524011135101,2.98351120948792,2.41937780380249,3.51061248779297,76.394660949707,66.0034942626953,60.6676254272461,75.5608673095703,0.287664949893951,0.0599308609962463,0.00119684543460608,0.114449881017208,1.12579410615438e-20,0,0.513323903083801,0,1203406.125,NA,NA
"ITC4D",4.57922887802124,12.9607677459717,23.8126945495605,14.5864095687866,19.2334671020508,2.19090580940247,3.63926339149475,3.47118902206421,4.26817274093628,74.2479400634766,66.0597076416016,63.4765472412109,75.7237243652344,0.0739895403385162,0.0472259521484375,0.00403444236144423,0.242508009076118,4.93038065763132e-32,0,0.586485803127289,0,469531.8125,NA,NA
"ITF11",5.66072750091553,11.2815589904785,23.2894687652588,15.3983545303345,17.6287422180176,2.34358716011047,2.06036424636841,1.13789343833923,2.83324885368347,78.7261047363281,73.2756500244141,62.8989181518555,76.0098266601562,0.141734391450882,0.125258937478065,0.00403844332322478,0.0138049703091383,0,5.52015056318948e-15,0.410464644432068,0.301628679037094,302271.5625,NA,NA
"ITF12",6.016517162323,12.0671720504761,23.9890804290771,15.8582096099854,17.972562789917,1.97087252140045,1.75979399681091,1.32431614398956,2.21365737915039,77.3754425048828,72.3437728881836,64.7379684448242,76.0780944824219,0.287268459796906,0.0749924257397652,0.00134171976242214,0.0226409751921892,0,1.40313614985966e-16,0.000451748172054067,0.507811725139618,237949.5625,NA,NA
"ITF13",5.99894094467163,11.776294708252,23.6753673553467,15.770094871521,17.6764259338379,2.1257483959198,1.80098283290863,1.12436521053314,2.35613703727722,78.2872695922852,71.9896011352539,62.5005645751953,75.6675415039062,0.233607724308968,0.0940765738487244,0.00367142097093165,0.0196327678859234,0,0,0,0.563738167285919,132722.265625,NA,NA
"ITF14",7.61796474456787,13.4293556213379,25.250036239624,17.3802738189697,17.6320705413818,1.96447622776031,1.72292697429657,1.04482519626617,2.32074522972107,76.9539794921875,70.7308349609375,61.6975364685059,74.6330337524414,0.262882202863693,0.0949245020747185,1.29853694463833e-09,0.0224093236029148,0,2.05190777563535e-11,0,0.427129328250885,312207,NA,NA
"ITF21",5.80793905258179,11.5480079650879,23.9666728973389,15.7195320129395,18.1587352752686,2.47619700431824,2.22375631332397,1.16706848144531,2.97383093833923,79.1812362670898,73.4936981201172,64.2944564819336,76.449592590332,0.141679599881172,0.144427344202995,3.00577540635061e-09,0.00937686488032341,0,1.37970125775599e-12,0.00705078197643161,0.696052074432373,77724.1640625,NA,NA
"ITF22",8.02678108215332,13.7224769592285,25.9172554016113,17.8947486877441,17.890474319458,1.95396816730499,1.68228399753571,0.865784704685211,2.14523506164551,77.5380630493164,70.1651840209961,58.3654747009277,72.8540496826172,0.363965451717377,0.12872114777565,1.15896409624838e-05,0.0124622508883476,0,1.52199614023019e-10,0,0.454143762588501,199995.46875,NA,NA
"ITF31",9.22426128387451,14.5823497772217,26.3764381408691,18.7761344909668,17.1521759033203,2.99350690841675,2.37746906280518,0.839530646800995,3.4482638835907,77.90087890625,74.2083358764648,66.1822052001953,75.6853942871094,0.250701785087585,0.106674507260323,6.30860197414762e-10,0.036118496209383,0,5.44758751996888e-11,0,0.501217842102051,666548.8125,NA,NA
"ITF32",8.31997966766357,13.8978109359741,25.9590759277344,18.1282062530518,17.6390972137451,2.64522624015808,2.25180673599243,0.943133592605591,2.62440943717957,79.8824005126953,72.4614562988281,59.794750213623,74.6367797851562,0.365610092878342,0.111756041646004,1.941437455244e-09,0.0183796416968107,0,0,0,0.504229962825775,221592.171875,NA,NA
"ITF33",10.6831398010254,15.3836688995361,26.5527076721191,19.7599468231201,15.8695678710938,2.55675458908081,1.94858419895172,0.631601333618164,3.25770211219788,75.6902923583984,74.3866271972656,69.7769088745117,74.299674987793,0.0648945719003677,0.0283408742398024,1.44003897348255e-11,0.206851497292519,0,0,0,0.287564903497696,1143448.75,NA,NA
"ITF34",7.7126989364624,13.0881052017212,24.9247665405273,17.3480014801025,17.2120666503906,2.37462615966797,1.94327819347382,0.854572474956512,2.53831911087036,78.4011840820312,71.6058807373047,60.6906509399414,73.4755325317383,0.295788079500198,0.103322856128216,1.02088881792639e-09,0.0397339761257172,0,0,0,0.503881514072418,447000.375,NA,NA
"ITF35",8.03117084503174,13.0438613891602,24.6178092956543,17.4560298919678,16.5866394042969,2.78790545463562,2.01785182952881,0.744361281394958,2.93724012374878,78.7439193725586,73.2884292602539,65.4458694458008,75.1893692016602,0.148347735404968,0.102918662130833,0.000857821840327233,0.0274097919464111,0,1.66170827098355e-10,0,0.58114093542099,609549.75,NA,NA
"ITF43",10.2685213088989,15.4379396438599,26.9751300811768,19.5495662689209,16.7066097259521,1.76120817661285,1.31100118160248,0.654293656349182,2.0549430847168,76.3559722900391,69.9173889160156,59.5793190002441,74.057243347168,0.251392215490341,0.247112259268761,2.94116834993474e-05,0.0241185259073973,0,1.68905320285795e-10,0,0.249145463109016,292672.1875,NA,NA
"ITF44",11.0162582397461,16.0406684875488,27.4222869873047,20.1896018981934,16.4060287475586,1.77165222167969,1.26801562309265,0.571724116802216,2.13457489013672,76.0954132080078,70.3082122802734,61.5034713745117,74.7780075073242,0.185565814375877,0.23260971903801,2.9874240681238e-06,0.0226855799555779,0,1.18260143431442e-12,0,0.211758494377136,183023.140625,NA,NA
"ITF45",11.234037399292,16.206428527832,27.5267181396484,20.3326377868652,16.2926807403564,1.86810541152954,1.28122699260712,0.63066828250885,2.64308476448059,74.9761428833008,71.2026443481445,63.8481597900391,74.5769271850586,0.171982020139694,0.154754996299744,0.000394058501115069,0.0340973623096943,0,0,0,0.335686028003693,455475.6875,NA,NA
"ITF46",9.0931282043457,14.717568397522,26.9460010528564,18.9046325683594,17.8528728485107,1.38896763324738,1.24949967861176,0.745302021503448,1.59099113941193,75.5915832519531,66.2880172729492,52.2090835571289,69.3300628662109,0.316399186849594,0.101337544620037,0.00011650902160909,0.0128954369574785,0,1.99853588539467e-12,0,0.429098844528198,420521.8125,NA,NA
"ITF47",9.55316066741943,14.9241056442261,26.5245056152344,18.9727840423584,16.9713459014893,1.8275705575943,1.35594141483307,0.717607736587524,1.90773749351501,76.1380081176758,68.5434036254883,57.7146835327148,72.9910507202148,0.285709768533707,0.271327704191208,2.75221934131764e-09,0.028658501803875,0,4.87244619651328e-12,0,0.27770471572876,558295.75,NA,NA
"ITF48",9.93869972229004,15.2376947402954,26.9340763092041,19.3551292419434,16.9953765869141,1.74922549724579,1.29818058013916,0.703562140464783,1.64075577259064,74.6593780517578,67.2607879638672,56.506965637207,70.6698913574219,0.253260463476181,0.232330843806267,3.8576231098375e-09,0.0229793470352888,0,2.80181531822998e-16,0,0.232626751065254,242075.140625,NA,NA
"ITF51",6.99316549301147,12.429217338562,24.1874580383301,16.6920108795166,17.1942920684814,2.01366782188416,1.53933036327362,0.817034363746643,2.09488368034363,79.1904220581055,70.5206756591797,59.1000709533691,73.3644027709961,0.276021003723145,0.155613347887993,0.00114111648872495,0.0134933479130268,0,1.53994136886659e-10,0,0.53632926940918,352097.4375,NA,NA
"ITF52",9.0634593963623,14.3522672653198,26.0392055511475,18.5598106384277,16.9757461547852,1.79561734199524,1.28062200546265,0.765760183334351,1.98470628261566,76.8202972412109,68.6313171386719,56.7657279968262,72.158073425293,0.332947492599487,0.232830554246902,2.38892616799546e-09,0.0127918226644397,0,2.16975382105744e-10,0,0.338110715150833,138537.75,NA,NA
"ITF61",9.78101825714111,14.4688053131104,26.1133232116699,19.0311298370361,16.3323059082031,3.04077124595642,1.70374870300293,0.67282372713089,2.90111088752747,78.5547332763672,72.1798477172852,65.3947372436523,75.1907424926758,0.151349544525146,0.0992794632911682,0.000326075562043115,0.0132959866896272,0,2.38770836435975e-10,0,0.572802603244781,417546.96875,NA,NA
"ITF62",10.3888664245605,15.0067520141602,26.654670715332,19.6361885070801,16.2658023834229,3.04629397392273,1.59486186504364,0.471875250339508,2.89675116539001,76.5413436889648,70.3407440185547,62.6886596679688,74.4477310180664,0.170099139213562,0.105768039822578,0.00120764947496355,0.00906870421022177,0,1.51207501380979e-11,0,0.456087619066238,59378.2109375,NA,NA
"ITF63",10.9114532470703,15.2647533416748,26.6784229278564,19.9855422973633,15.7669677734375,3.45655536651611,1.81246614456177,0.57803225517273,2.91690564155579,78.5993881225586,73.7035827636719,68.7171325683594,76.8797149658203,0.153636410832405,0.108780361711979,0.000343252089805901,0.0154897533357143,0,1.28982047264969e-10,0,0.442564725875854,167383.75,NA,NA
"ITF64",11.6700401306152,15.7831258773804,26.9991588592529,20.5965785980225,15.3291187286377,3.46069025993347,1.84133505821228,0.592855095863342,2.846684217453,78.4646377563477,75.9179916381836,72.6351013183594,78.0647735595703,0.145738512277603,0.121380127966404,2.48400855440423e-10,0.0140324616804719,0,0,0,0.423886656761169,72470.3359375,NA,NA
"ITF65",12.2841415405273,16.1730632781982,27.4674415588379,21.0696887969971,15.1832981109619,2.47632956504822,1.41522884368896,0.409800291061401,2.39242649078369,78.583610534668,74.0826721191406,68.4779357910156,77.6719436645508,0.0785716474056244,0.0576723515987396,9.08869535187762e-10,0.0215918105095625,0,1.43132354926689e-11,0,0.399660050868988,328420.09375,NA,NA
"ITG11",13.6013326644897,16.8951187133789,27.4556789398193,22.1145057678223,13.8543472290039,2.50007581710815,1.35881125926971,0.192774549126625,2.24832940101624,76.536376953125,70.0904693603516,62.0599555969238,73.7918014526367,0.206087678670883,0,0.245511844754219,0.0117428340017796,0,2.86902912960006e-15,0,0.213115096092224,157729.859375,NA,NA
"ITG12",11.8475751876831,15.3690786361694,26.6030693054199,20.5755043029785,14.7554922103882,2.69403386116028,1.71216225624084,0.325958251953125,2.37276840209961,80.0549011230469,70.9158554077148,59.7473182678223,74.9548034667969,0.408790796995163,0,0.210711628198624,0.0249459054321051,0,2.76455799170985e-15,0,0.261965721845627,470153.3125,NA,NA
"ITG13",11.8333292007446,15.5906791687012,26.9026832580566,20.6490249633789,15.0693531036377,2.41905498504639,1.37078928947449,0.374776870012283,2.11455368995667,79.2638931274414,72.6477890014648,65.5642623901367,76.6786804199219,0.133699089288712,0.0957407355308533,0.0200301706790924,0.0209036599844694,0,2.79649997603215e-10,0,0.392914295196533,288807.5,NA,NA
"ITG14",12.9587593078613,16.3797264099121,27.4496879577637,21.6558876037598,14.4909267425537,2.43198823928833,1.48892962932587,0.250578373670578,2.16795921325684,79.0141754150391,70.109619140625,60.3683013916016,74.9684906005859,0.361205846071243,0,0.188772916793823,0.0119514651596546,0,1.39284319077308e-15,0,0.182959347963333,225904.78125,NA,NA
"ITG15",12.5228643417358,16.0662937164307,27.2959365844727,21.3301696777344,14.7730722427368,2.23130416870117,1.29846823215485,0.285773754119873,1.88458478450775,79.6038208007812,69.5591354370117,58.8800926208496,75.2034606933594,0.431363940238953,0,0.151242032647133,0.0136880073696375,0,1.62778016655091e-15,0,0.286069959402084,171419.796875,NA,NA
"ITG16",11.182954788208,14.8533172607422,26.3488540649414,20.0632801055908,15.1658973693848,2.20446634292603,1.31576979160309,0.33613646030426,1.8183034658432,80.0972137451172,70.2890243530273,59.6292762756348,75.3526382446289,0.37243115901947,0.0457812622189522,0.102704115211964,0.0109003828838468,0,1.6895107630765e-15,0,0.438573628664017,177818.625,NA,NA
"ITG17",11.6858434677124,15.5219955444336,26.9259071350098,20.6591911315918,15.240062713623,2.11604619026184,1.1031094789505,0.240422412753105,1.91532218456268,79.3455581665039,70.3757019042969,60.039234161377,75.8629608154297,0.313775420188904,0.064956322312355,0.0693267956376076,0.0207289047539234,0,7.62419649779516e-16,0,0.433686167001724,400370.1875,NA,NA
"ITG18",13.4911546707153,16.9441833496094,27.9475383758545,22.2775840759277,14.4563827514648,2.18868565559387,1.00729596614838,0.181963324546814,1.95270156860352,78.4967422485352,70.9298858642578,60.9220352172852,76.6410675048828,0.317540287971497,0,0.068962812423706,0.0134817073121667,0,5.14956909596363e-16,0,0.203436434268951,122101.1171875,NA,NA
"ITG19",13.2657661437988,16.9260673522949,27.9716205596924,22.1697425842285,14.7058534622192,2.14172029495239,0.967301547527313,0.165175661444664,1.99559390544891,78.1896362304688,69.7535552978516,57.7625961303711,75.9445953369141,0.253611356019974,0,0.0896444991230965,0.0146097596734762,0,7.47243519282238e-16,0,0.235932812094688,168257.546875,NA,NA
"ITG25",11.356837272644,14.6607732772827,25.6532440185547,19.5695838928223,14.2964086532593,2.92555999755859,1.80153739452362,0.366751879453659,2.58043646812439,79.3283004760742,73.9387588500977,63.7733001708984,74.7343978881836,0.253532141447067,0.171745106577873,0.0147871766239405,0.0079702865332365,0,1.87946241902992e-10,0,0.329260885715485,215047.453125,NA,NA
"ITG26",10.461220741272,13.7449417114258,25.2647266387939,18.7930526733398,14.8035049438477,3.05438375473022,1.82157576084137,0.428370505571365,2.5068416595459,80.5145797729492,72.8167953491211,59.0533485412598,74.5406494140625,0.178474441170692,0.144462704658508,0.0190245974808931,0.0052453107200563,0,2.30128083256176e-10,0,0.526122331619263,97137.8359375,NA,NA
"ITG27",11.7670555114746,15.2494506835938,26.4775714874268,20.4157104492188,14.7105150222778,2.72225618362427,1.58004641532898,0.299232542514801,2.14541363716125,78.8508758544922,69.8444595336914,57.2062644958496,73.3156661987305,0.121698714792728,0.0462620928883553,0.0249960217624903,0.0137971350923181,0,3.8004963759386e-11,0,0.551892399787903,353844.46875,NA,NA
"ITG28",11.5197048187256,14.9073057174683,26.05202293396,19.9198780059814,14.5323190689087,3.08481478691101,1.79829394817352,0.377985656261444,2.53672027587891,79.8735122680664,72.5475845336914,60.7166938781738,73.8686447143555,0.301559716463089,0.15557886660099,0.00980553217232227,0.00666866451501846,0,3.11082298809495e-10,0,0.430337429046631,105092.0703125,NA,NA
"ITG29",10.6483793258667,13.8992710113525,25.1261405944824,18.8154182434082,14.47776222229,2.73252964019775,1.79087030887604,0.412175059318542,2.51244330406189,78.5675582885742,73.3313674926758,63.5819206237793,75.1423873901367,0.108628034591675,0.112850293517113,0.0229684840887785,0.00468609482049942,0,1.03618572055986e-10,0,0.502527713775635,92873.25,NA,NA
"ITG2A",11.2742052078247,14.7681360244751,26.1994438171387,19.8993701934814,14.9252367019653,2.75097012519836,1.56572043895721,0.396099269390106,2.21391701698303,79.8176727294922,71.3860855102539,57.0171852111816,74.1723556518555,0.0910615548491478,0.0839382633566856,0.0143929813057184,0.00564505159854889,0,1.1385694470567e-11,0,0.584927916526794,31379.615234375,NA,NA
"ITG2B",11.8161268234253,15.3047695159912,26.405309677124,20.3606014251709,14.589183807373,2.78409552574158,1.59846317768097,0.294259071350098,2.32486844062805,79.3192520141602,71.1063537597656,59.1601066589355,73.310676574707,0.261964559555054,0.0949963182210922,0.00828718300908804,0.00925702508538961,0,8.68952739624396e-12,0,0.522939026355743,70529.453125,NA,NA
"ITG2C",11.9354219436646,15.5500917434692,26.660701751709,20.6778163909912,14.7252788543701,2.32915329933167,1.28649640083313,0.164224877953529,1.99141347408295,79.3190383911133,69.7519989013672,57.3694305419922,73.2701568603516,0.1445542126894,0.0679177418351173,0.0104613853618503,0.00849262718111277,0,1.13843212634634e-10,0,0.520615637302399,70389.515625,NA,NA
"ITH10",-3.93342471122742,1.8889045715332,11.6671323776245,5.22554397583008,15.6005573272705,1.75723898410797,2.62131810188293,4.09721183776855,3.04417538642883,72.6025695800781,71.6714782714844,74.0746154785156,77.8540496826172,0.0278855450451374,0.212545409798622,0.117231003940105,0.00757897086441517,0,0,0.605314195156097,0,419072.90625,NA,NA
"ITH20",-2.21986794471741,4.3890814781189,14.4909725189209,7.35021734237671,16.7108402252197,1.69438111782074,3.19226241111755,3.77546048164368,3.53930044174194,71.4604873657227,70.2068786621094,72.2895126342773,77.0378570556641,0.0320459678769112,0.152778536081314,0.0659640356898308,0.013849969021976,0,0,0.705758094787598,0,592678.75,NA,NA
"ITH31",3.07357597351074,12.3459806442261,23.3847332000732,14.1067085266113,20.3111591339111,1.78400063514709,2.63806104660034,2.65117383003235,2.9949061870575,77.6705780029297,68.0996398925781,63.249153137207,75.8999404907227,0.261476218700409,0.0796143561601639,0.00526331923902035,0.0272834245115519,2.57937329501393e-33,0,0.582749485969543,0,608879.75,NA,NA
"ITH32",2.4317798614502,11.1534099578857,21.8486862182617,12.9969348907471,19.4169063568115,1.84104418754578,2.89767241477966,3.25512981414795,3.43045210838318,76.2174758911133,69.994010925293,67.5830993652344,77.1417236328125,0.194905295968056,0.0871307626366615,0.0100982645526528,0.0394681319594383,0,0,0.667238295078278,0,659157.75,NA,NA
"ITH33",-2.50031542778015,3.70155262947083,13.7819986343384,6.88136196136475,16.2823143005371,2.0793924331665,3.49500513076782,4.10163450241089,4.05004072189331,75.706916809082,75.6639709472656,76.9877777099609,81.2110977172852,0.0788814350962639,0.146471813321114,0.0749879702925682,0.00976569578051567,0,0,0.688817203044891,0,210225.78125,NA,NA
"ITH34",4.13810110092163,12.6767301559448,23.3025360107422,14.5492630004883,19.1644344329834,2.17368006706238,3.10065054893494,3.50105333328247,3.91671872138977,77.5302734375,71.3925476074219,68.6454162597656,77.3017196655273,0.374982327222824,0.07228884100914,0.00237228022888303,0.0535199716687202,0,0,0.470796793699265,0,813183.8125,NA,NA
"ITH35",6.04331493377686,14.492636680603,25.3084011077881,16.5541477203369,19.2650871276855,2.16714692115784,2.78640294075012,3.01231861114502,3.46511816978455,77.9191818237305,70.970344543457,67.0152206420898,75.9191589355469,0.358788937330246,0.0534498579800129,0.000986707978881896,0.0326280407607555,0,0,0.303655564785004,0.00018615584122017,448179,NA,NA
"ITH36",4.5501127243042,13.7076473236084,24.7007637023926,15.5152816772461,20.1506500244141,1.73689723014832,2.50338387489319,2.62338662147522,2.88118767738342,79.2208786010742,69.1376342773438,64.1656036376953,76.1992568969727,0.337670266628265,0.0688451603055,0.00143986148759723,0.0460873432457447,0,0,0.50859797000885,0,672131.8125,NA,NA
"ITH37",5.44307374954224,14.600625038147,25.7378635406494,16.5350131988525,20.2947902679443,1.50008058547974,1.98240602016449,1.97738254070282,2.34265089035034,79.2841796875,68.6465835571289,61.8912544250488,75.0643463134766,0.338462471961975,0.0696018487215042,0.000505711301229894,0.0289114825427532,0,0,0.256164491176605,0.134592413902283,336500.5625,NA,NA
"ITH41",2.66946482658386,10.4260864257812,20.7244834899902,12.7088193893433,18.0550174713135,2.6862621307373,3.99450135231018,4.0310435295105,4.64020109176636,76.09765625,73.7015838623047,73.2882461547852,79.5765762329102,0.235895663499832,0.117557540535927,0.0320663303136826,0.00913391541689634,0,0,0.567948222160339,0,201801.5,NA,NA
"ITH42",2.30276036262512,9.66877555847168,20.0581512451172,12.1781158447266,17.755392074585,3.65191340446472,4.62559366226196,4.65891075134277,6.16655015945435,75.8904113769531,73.0761260986328,71.8422317504883,79.2686767578125,0.184881255030632,0.112652853131294,0.0410584211349487,0.0143184754997492,0,0,0.55654388666153,0,400168.65625,NA,NA
"ITH43",6.64440536499023,14.1445941925049,24.9577674865723,16.5948925018311,18.3133640289307,3.41533422470093,3.41979098320007,3.49138116836548,5.01585960388184,75.7394561767578,70.7864837646484,67.4875717163086,75.9302368164062,0.176937580108643,0.0948450341820717,0.000686180719640106,0.0243642833083868,0,0,0.37853392958641,0,52419.046875,NA,NA
"ITH44",5.81923055648804,13.1359605789185,23.8370170593262,15.6538572311401,18.017786026001,3.98799777030945,3.78350186347961,3.81258797645569,5.60021543502808,77.0115509033203,71.2961196899414,69.1824951171875,77.3128662109375,0.0776724442839622,0.141150027513504,1.88196103145799e-09,0.0387338101863861,0,0,0.522342324256897,0,43531.23046875,NA,NA
"ITH51",4.34810590744019,11.9887733459473,23.0149917602539,14.4867763519287,18.6668853759766,2.3527204990387,2.72653102874756,1.61062180995941,3.95709776878357,77.9182205200195,68.6150360107422,62.5750846862793,77.562873840332,0.231196075677872,0.108354397118092,0.00206264341250062,0.0161051284521818,0,4.03299310916711e-18,0.639235973358154,0.00228420621715486,275736.0625,NA,NA
"ITH52",4.62392282485962,12.5654363632202,23.8032417297363,15.0386610031128,19.1793174743652,2.47862100601196,2.84137463569641,1.51190078258514,3.96930313110352,78.1956329345703,68.7846374511719,61.8816604614258,77.2853393554688,0.240868479013443,0.099377952516079,0.000444786273874342,0.0214669294655323,0,5.09870953204134e-16,0.249619841575623,0.360158056020737,472655.5625,NA,NA
"ITH53",4.25927352905273,12.4840126037598,23.9175720214844,14.9133729934692,19.6582984924316,2.21886897087097,2.40197658538818,1.50520753860474,3.35648512840271,78.700798034668,68.799690246582,61.599739074707,76.9096450805664,0.250832676887512,0.0875831469893456,0.000396656367229298,0.0399967096745968,0,1.20370674229116e-16,0,0.615017771720886,614853.875,NA,NA
"ITH54",4.18451309204102,12.2717609405518,23.7677803039551,14.7882432937622,19.5832691192627,2.08130669593811,2.14037394523621,1.6911746263504,3.06955575942993,78.8567047119141,68.7270736694336,61.5333938598633,76.8199996948242,0.256814926862717,0.0934269800782204,0.00200320780277252,0.0289638079702854,0,5.65744290429682e-17,0,0.617217600345612,549969.4375,NA,NA
"ITH55",4.69390249252319,12.8382558822632,24.3463592529297,15.3284845352173,19.652458190918,1.93532836437225,2.24479627609253,1.6584324836731,2.79689526557922,78.9066009521484,67.9217376708984,59.7042808532715,75.8137741088867,0.264524757862091,0.0907627865672112,0.000786966062150896,0.0268399771302938,0,1.26261653381394e-15,0,0.615349769592285,672443.9375,NA,NA
"ITH56",5.80628633499146,14.97154712677,26.2824935913086,16.9980220794678,20.4762058258057,1.28134965896606,1.6190128326416,1.5254362821579,2.0473484992981,79.0021209716797,67.6759872436523,59.1212005615234,74.4079742431641,0.378048777580261,0.0852153152227402,6.65498878227311e-10,0.0163081511855125,0,0,0,0.379528254270554,305901.71875,NA,NA
"ITH57",5.97233533859253,14.1380472183228,25.3288841247559,16.6561470031738,19.3565483093262,1.6236320734024,1.94909358024597,1.54934740066528,2.54097938537598,78.4186019897461,67.1952056884766,58.707088470459,74.9799957275391,0.323029011487961,0.0908321142196655,0.000664892897475511,0.0240585375577211,0,0,0,0.437521278858185,302076.40625,NA,NA
"ITH58",5.23550367355347,12.5183200836182,23.8329734802246,15.4422969818115,18.597469329834,1.77187359333038,2.01159620285034,1.52103662490845,2.80917835235596,78.8017807006836,68.4089279174805,60.0925979614258,76.2232971191406,0.258303910493851,0.0957575589418411,0.00106990593485534,0.0218835677951574,0,0,0,0.539584517478943,333185.3125,NA,NA
"ITH59",5.51142311096191,12.3597984313965,23.8134365081787,15.4530477523804,18.3020153045654,1.79597079753876,1.9365953207016,1.60958480834961,2.81191968917847,78.7231369018555,69.8105850219727,61.3044128417969,76.4450607299805,0.271712690591812,0.0796301290392876,0.00155954074580222,0.0204798188060522,0,1.30564864475602e-10,0,0.460455864667892,92340.1953125,NA,NA
"ITI11",5.00559520721436,10.6435718536377,21.5252819061279,14.1245174407959,16.5196876525879,3.61372494697571,3.11114931106567,1.43242788314819,5.08701229095459,76.7775650024414,72.7236785888672,68.9580001831055,78.9771041870117,0.0220027565956116,0.0663242563605309,0.000832464953418821,0.0168670564889908,0,0,0.305733233690262,0.469672650098801,102870.3203125,NA,NA
"ITI12",5.74715185165405,11.5270719528198,22.5505046844482,14.9988222122192,16.803352355957,2.71611976623535,2.41433024406433,1.39714300632477,4.03491306304932,76.9906768798828,72.5265350341797,68.4291000366211,78.2197875976562,0.122362688183784,0.0838564708828926,0.000692976638674736,0.0293519999831915,0,0,0.238768517971039,0.418927103281021,268345.15625,NA,NA
"ITI13",5.86770391464233,12.1158771514893,23.3577461242676,15.3826169967651,17.4900417327881,2.48327326774597,2.31719160079956,1.63238906860352,3.73613476753235,77.8324508666992,71.6482772827148,66.429557800293,78.0376434326172,0.221807360649109,0.108671113848686,0.00148665113374591,0.0310796778649092,0,1.16539676557583e-16,0.316079288721085,0.32085257768631,184467.6875,NA,NA
"ITI14",6.02120304107666,12.6238050460815,24.0503730773926,15.691029548645,18.0291709899902,2.25578951835632,2.33318853378296,1.54572641849518,3.31773638725281,78.4717483520508,70.7682342529297,63.2774124145508,77.1301651000977,0.212137311697006,0.110766544938087,0.000358593155397102,0.0445895604789257,0,4.35193299261084e-16,0.0731503143906593,0.558598756790161,1075456.25,NA,NA
"ITI15",5.7476954460144,12.4993591308594,23.9633617401123,15.487452507019,18.2156639099121,2.32086730003357,2.43763899803162,1.62790203094482,3.30515694618225,78.4589462280273,70.4650421142578,62.7384147644043,76.9638442993164,0.19457896053791,0.109687738120556,0.000244910595938563,0.0491149574518204,0,1.13179187159404e-15,0.0103096598759294,0.635836660861969,116149.4296875,NA,NA
"ITI16",10.0455837249756,14.7230215072632,25.600471496582,18.7752342224121,15.5548877716064,2.14231157302856,1.82550299167633,0.957355916500092,3.24442625045776,74.3118743896484,73.195915222168,69.7437744140625,75.2955474853516,0.113211393356323,0.0788165330886841,0.00636739609763026,0.0135198514908552,0,0,0.0544806197285652,0.323776423931122,57649.76953125,NA,NA
"ITI17",8.24494552612305,13.8026533126831,24.8773384094238,17.3624782562256,16.6323928833008,2.24103498458862,2.1114490032196,1.26896917819977,3.55629467964172,76.5192413330078,72.3194732666016,67.6534042358398,76.916389465332,0.215567260980606,0.113009884953499,0.00714878365397453,0.0268561765551567,0,1.28120790156814e-19,0.257634282112122,0.301079034805298,335729.09375,NA,NA
"ITI18",5.12270021438599,11.1673917770386,22.7079772949219,14.5607652664185,17.5852756500244,2.01046204566956,2.10532140731812,1.36764776706696,3.20298600196838,79.2785873413086,70.745964050293,61.9510765075684,77.4600067138672,0.21643178164959,0.115724094212055,0.000691505963914096,0.0118403555825353,0,1.12110776609275e-18,0.204815343022346,0.446381688117981,241008.875,NA,NA
"ITI19",7.93234729766846,13.6431570053101,25.1118106842041,17.0847148895264,17.17946434021,2.11776876449585,2.03613018989563,1.15207374095917,3.29262471199036,78.375373840332,70.8353271484375,61.650691986084,76.6430130004883,0.278239965438843,0.148478165268898,0.00113672157749534,0.0127737987786531,0,4.00777635930092e-16,0.142849072813988,0.407380729913712,267823.1875,NA,NA
"ITI1A",9.39454364776611,14.6593961715698,26.0953197479248,18.5365047454834,16.700777053833,2.07591128349304,1.79554116725922,0.871336460113525,3.1090784072876,76.3717956542969,72.0627899169922,64.4452285766602,75.6949691772461,0.2459387332201,0.145585238933563,0.00219677318818867,0.0078500984236598,0,7.08226741141793e-11,0,0.412964224815369,157941.515625,NA,NA
"ITI21",6.03435897827148,12.0247097015381,23.926290512085,15.5741987228394,17.8919315338135,2.01879119873047,2.13261651992798,1.36951327323914,3.07417035102844,78.9689178466797,70.7355422973633,59.3956031799316,75.5352630615234,0.25271263718605,0.0899728909134865,0.0017291372641921,0.014645891264081,0,2.09955858254673e-10,0.19089138507843,0.43383377790451,542866.375,NA,NA
"ITI22",7.8429365158081,13.7816352844238,25.7730388641357,17.4086570739746,17.930103302002,2.11155939102173,2.12492537498474,1.15333998203278,3.19709777832031,78.6129608154297,70.9099884033203,58.0185127258301,75.0229263305664,0.318662822246552,0.0921200811862946,0.00146957125980407,0.0109832901507616,0,2.33290581297396e-10,0,0.570240080356598,156265.859375,NA,NA
"ITI31",5.56280708312988,12.1918268203735,23.8157997131348,15.4315814971924,18.2529907226562,1.91920220851898,2.02030897140503,1.66278111934662,2.89671754837036,78.9505996704102,70.510856628418,61.2368621826172,76.4074249267578,0.346238046884537,0.0810822322964668,0.000978399999439716,0.0164904315024614,0,2.6018479037937e-10,0.0129486927762628,0.470037937164307,280476.65625,NA,NA
"ITI32",6.66917610168457,13.0862321853638,24.5243911743164,16.4574794769287,17.8552150726318,1.77064752578735,1.82051181793213,1.50524687767029,2.56869554519653,77.4064559936523,70.5654296875,60.9210357666016,74.8772583007812,0.307648807764053,0.061250351369381,4.49469739205455e-10,0.0178333446383476,0,2.96274844935329e-11,0.0931459665298462,0.283141851425171,188303.65625,NA,NA
"ITI33",5.77829504013062,11.8163537979126,23.5453338623047,15.4079256057739,17.7670383453369,1.75462377071381,1.8254622220993,1.49408149719238,2.4848964214325,77.8796005249023,70.975944519043,61.2692222595215,75.2158584594727,0.33748921751976,0.0780416205525398,0.00086940621258691,0.0112186744809151,0,2.86182414571678e-11,0,0.511005580425262,234402.828125,NA,NA
"ITI34",5.09619474411011,10.9927272796631,22.931396484375,14.8813428878784,17.8352012634277,1.9031525850296,1.8158700466156,1.35570275783539,2.36704969406128,77.3730163574219,72.3083953857422,63.9491691589355,75.8489685058594,0.214502438902855,0.0714575722813606,0.0032518554944545,0.0159548558294773,0,5.61254428349534e-12,0,0.606291115283966,113494.8125,NA,NA
"ITI35",7.11005544662476,13.3021411895752,24.7546920776367,16.8324184417725,17.6446380615234,1.68521666526794,1.60324907302856,1.48512768745422,2.12875413894653,75.7227935791016,72.2492828369141,63.921989440918,74.5843276977539,0.254847705364227,0.0469747297465801,0.00124857504852116,0.0166152883321047,0,4.11297905456021e-11,0,0.338652968406677,84824.78125,NA,NA
"ITI41",9.33264541625977,14.7350835800171,26.5600357055664,18.6784954071045,17.2273902893066,2.56076169013977,2.14521765708923,0.897668480873108,4.03279161453247,77.8651580810547,72.3374481201172,62.2246017456055,76.0939636230469,0.319747358560562,0.117672316730022,0.0015287883579731,0.00819493178278208,0,4.34180772931891e-12,0,0.420310467481613,280605.90625,NA,NA
"ITI42",6.05120992660522,11.6977796554565,23.8548641204834,15.7006130218506,17.8036556243896,2.25881481170654,2.18718886375427,1.21798157691956,3.27015829086304,77.4554061889648,71.9808502197266,59.9772758483887,74.6678085327148,0.198129713535309,0.0909920409321785,0.00286414357833564,0.0108393141999841,0,5.56693025011157e-11,0.198812201619148,0.495294123888016,238687.609375,NA,NA
"ITI43",9.65559959411621,14.9671401977539,26.4997138977051,19.0339260101318,16.8441123962402,2.69652342796326,2.20609569549561,0.851509630680084,4.94842433929443,77.0606231689453,73.2020263671875,64.4067535400391,75.691764831543,0.27248227596283,0.0960214659571648,0.00088419858366251,0.0858820825815201,0,2.81105997854136e-12,0.0677062720060349,0.354690998792648,2500112.75,NA,NA
"ITI44",10.4831457138062,15.5011148452759,26.8186378479004,19.7385940551758,16.3354911804199,2.72078418731689,2.0488269329071,0.715587913990021,3.64110517501831,77.6253204345703,74.3095855712891,66.3467559814453,76.3049240112305,0.177128031849861,0.0907043963670731,0.000468689831905067,0.0509609468281269,0,6.28511825917499e-11,0.0427942723035812,0.265916496515274,621661.6875,NA,NA
"ITI45",9.37580871582031,15.0519151687622,26.5096454620361,19.0117225646973,17.1338367462158,2.81076383590698,2.29304432868958,0.953987002372742,3.40970420837402,78.202278137207,73.8806838989258,64.5588760375977,76.154296875,0.186147898435593,0.1334408223629,0.00245748879387975,0.0255824308842421,0,4.45671208271214e-11,0.48192822933197,0.0772875919938087,302103.9375,NA,NA
"LI000",0.390926659107208,7.00295209884644,16.6382846832275,9.4136791229248,16.2473583221436,4.23954343795776,4.62466526031494,6.51579189300537,4.49545192718506,76.949577331543,74.232780456543,77.8637619018555,80.8111953735352,0.119360007345676,0.191289693117142,0.0925357267260551,0.0375754982233047,0.000592740543652326,0,0.555269777774811,0,37445.35546875,NA,NA
"LT011",-0.506468772888184,9.27571868896484,20.2488193511963,9.51767158508301,20.7552890777588,2.26381754875183,1.80988132953644,2.63634562492371,2.07889342308044,85.4681549072266,71.7965621948242,71.1353530883789,82.8014297485352,0.261835336685181,0.111856825649738,0.00349049270153046,0.0154532240703702,3.85022431146353e-05,0.0986596718430519,0.0952443182468414,0.40402626991272,662939.75,NA,NA
"LT021",-0.0733091980218887,9.4562816619873,20.4199810028076,9.98820209503174,20.4932899475098,2.18142938613892,1.74421525001526,2.62793231010437,1.94335150718689,85.3190536499023,71.879524230957,71.0633010864258,82.1708526611328,0.242263928055763,0.0949241667985916,0.000424732133978978,0.00737103773280978,0,0.193579703569412,0,0.443144977092743,153839.8125,NA,NA
"LT022",-0.0403004549443722,9.33644771575928,20.2149848937988,9.83142948150635,20.2552833557129,2.26026654243469,1.6703599691391,2.6040141582489,2.06466317176819,84.7732162475586,71.3161010742188,71.1607208251953,82.3044281005859,0.360100388526917,0.0867741256952286,0.00148286030162126,0.0120105314999819,2.3708344087936e-06,0.037738561630249,0.0211619604378939,0.472887545824051,344428.4375,NA,NA
"LT023",0.764515399932861,8.61622714996338,19.3309993743896,10.5781087875366,18.5664844512939,3.37145161628723,1.73555886745453,2.82875037193298,3.43220996856689,84.9229125976562,75.2583618164062,75.906120300293,83.3102035522461,0.273350596427917,0.0753864422440529,0.00672566378489137,0.0120567725971341,0.000165963443578221,0.0467595048248768,0.446448892354965,0.0267548598349094,207563.34375,NA,NA
"LT024",0.183434650301933,9.38570594787598,20.1774921417236,10.0747299194336,19.9940586090088,2.20767903327942,1.61199593544006,2.62455248832703,2.01020240783691,84.9467544555664,71.8758544921875,71.7454376220703,82.113151550293,0.421820610761642,0.0858660265803337,0.00191589188762009,0.0113681815564632,2.66123902292748e-06,0.0184600409120321,0.0237095449119806,0.432131499052048,169142.46875,NA,NA
"LT025",-0.364501625299454,9.05200386047363,19.9660396575928,9.41967964172363,20.3305416107178,2.16691613197327,1.65465915203094,2.56465649604797,2.07755994796753,84.327018737793,70.5529632568359,70.5402297973633,82.6120147705078,0.34731662273407,0.09994275867939,0.00368374027311802,0.00684605911374092,2.47743428190006e-05,0.132273584604263,0.0237114671617746,0.383148908615112,155675.421875,NA,NA
"LT026",0.138256743550301,8.84658241271973,19.7688426971436,9.74515914916992,19.6305866241455,2.12518620491028,1.53192949295044,2.51362895965576,2.10724020004272,85.4720458984375,72.2721557617188,72.4377670288086,83.5640106201172,0.377866238355637,0.0906483456492424,0.00201032846234739,0.00732290325686336,3.03809520119103e-05,0.0418166518211365,0.166334509849548,0.312254250049591,186079.015625,NA,NA
"LT027",0.25673171877861,9.07409763336182,19.7938919067383,10.0244369506836,19.5371589660645,2.95550465583801,1.75755202770233,2.84278464317322,2.59978365898132,85.7862396240234,73.3382568359375,73.7057266235352,83.5327758789062,0.329100787639618,0.0847691968083382,0.00186232489068061,0.00487458845600486,6.81337915011682e-05,1.98461316824883e-10,0.525741517543793,0.0521848909556866,95326.2578125,NA,NA
"LT028",0.345217138528824,8.54904460906982,19.3685855865479,9.98314476013184,19.0233688354492,3.01883482933044,1.75220239162445,2.74326300621033,2.95632982254028,86.2506790161133,74.2844543457031,75.1479263305664,84.6401824951172,0.287171572446823,0.0869592279195786,0.00396164506673813,0.00591513840481639,0.000142766162753105,0,0.611729085445404,0,89890.2578125,NA,NA
"LT029",-0.86241227388382,8.90937328338623,19.9080562591553,9.09799480438232,20.7704696655273,2.19785642623901,1.75183713436127,2.59426164627075,2.09398746490479,84.9150390625,71.4224548339844,71.2112579345703,83.2249984741211,0.257068932056427,0.0886853933334351,0.00935709662735462,0.00352211343124509,8.1115125794895e-05,0.0854208543896675,0.201633438467979,0.328477203845978,100767.6953125,NA,NA
"LU000",3.30980157852173,9.95003604888916,19.3625621795654,11.7984819412231,16.0527610778809,3.39869093894958,2.4894495010376,2.66878962516785,2.73851990699768,87.3679962158203,75.8631744384766,74.9303131103516,85.348762512207,0.356111615896225,0.107093282043934,0.000388765591196716,0.065719909965992,1.37347827555701e-10,0,0.47068640589714,0,553050.9375,NA,NA
"LV003",0.893866777420044,7.92728805541992,18.8815898895264,10.3031435012817,17.9877223968506,2.59905052185059,1.63019824028015,2.63736009597778,2.92621207237244,84.6310348510742,75.7130508422852,76.2795791625977,83.7060852050781,0.124398246407509,0.0879344642162323,0.0197023898363113,0.0035209278576076,3.11835647153202e-05,0.516340851783752,0.0491197109222412,0.0989936962723732,182388.953125,NA,NA
"LV005",-1.46628034114838,8.6048526763916,19.7564430236816,8.53188228607178,21.2227230072021,2.12432408332825,1.63920915126801,2.65303492546082,2.17913317680359,84.7681198120117,70.3538970947266,71.8451614379883,84.2500762939453,0.150033041834831,0.116394586861134,0.00978140626102686,0.00405048113316298,5.72232966078445e-05,0.491676777601242,0.0469556488096714,0.152670606970787,184559.390625,NA,NA
"LV006",0.332854002714157,8.70323848724365,19.6812858581543,9.74235248565674,19.3484306335449,2.21437788009644,1.56062519550323,2.58593440055847,2.35943579673767,84.6817245483398,72.7726135253906,72.2956008911133,83.194709777832,0.0909601897001266,0.0814580470323563,0.00824294239282608,0.0181193072348833,0,0.50564444065094,0,0.122147269546986,53157.828125,NA,NA
"LV007",-0.0320141986012459,8.365966796875,19.4248542785645,9.52552795410156,19.4568691253662,2.4900050163269,1.64350616931915,2.68226671218872,2.49869155883789,85.3719940185547,73.2733764648438,73.4424514770508,84.1918106079102,0.107703700661659,0.0978174805641174,0.00998487509787083,0.007097611669451,0.000226346470299177,0.419508129358292,0.189224421977997,0.0896814838051796,402144.8125,NA,NA
"LV008",-1.19729030132294,8.26987934112549,19.3909893035889,8.62167644500732,20.5882797241211,2.42959761619568,1.6433345079422,2.64964437484741,2.34940099716187,85.6915283203125,71.42578125,72.706657409668,85.1082305908203,0.103089235723019,0.107987470924854,0.00761963101103902,0.00503645837306976,0.000308634218527004,0.410496264696121,0.258752673864365,0.0977107584476471,167210.4375,NA,NA
"LV009",-0.226273521780968,8.71607208251953,19.6833686828613,9.31674766540527,19.9096412658691,2.27338171005249,1.62764275074005,2.59324097633362,2.24197173118591,85.1350936889648,71.6322174072266,72.0025939941406,83.8705596923828,0.190160974860191,0.115899883210659,0.00960542913526297,0.00657328544184566,0.000275683793006465,0.269154846668243,0.251788645982742,0.148841187357903,345795.1875,NA,NA
"MC",8.49155712127686,13.0582132339478,23.5276641845703,16.8832759857178,15.0361061096191,3.19116163253784,2.46162247657776,1.22238063812256,4.59475088119507,71.0023574829102,72.1070251464844,73.4373626708984,76.887809753418,0.00383889977820218,0.0285976808518171,0.0103379720821977,0.0466944053769112,1.57772181044202e-29,0,0.574910461902618,0,7039.46875,NA,NA
"MEG125350",-1.33670568466187,7.05257081985474,19.0069522857666,9.7914628982544,20.343656539917,5.33861207962036,4.44639015197754,1.92680752277374,5.40224981307983,79.699462890625,74.0261306762695,65.3994750976562,76.2083587646484,0.122852988541126,0.0746211260557175,0.0574279502034187,0.0039597088471055,0,0,0.741138279438019,0,8625.16015625,NA,NA
"MEG125351",7.1297459602356,14.6494722366333,26.7743358612061,17.5840625762939,19.644588470459,5.59206438064575,4.31845569610596,1.39128255844116,6.08853054046631,72.2812423706055,69.2221298217773,60.0658111572266,70.4488830566406,0.184432551264763,0.27273964881897,0.00257883430458605,0.0209850892424583,0,0.000740808725822717,0.232973143458366,0.0231361668556929,80331.3984375,NA,NA
"MEG125352",-1.19939696788788,7.28907632827759,19.2425937652588,9.96750736236572,20.4419898986816,4.74302339553833,3.99835205078125,1.85556602478027,4.82173490524292,79.5083694458008,73.3813552856445,64.9319381713867,75.9203186035156,0.124486044049263,0.112651184201241,0.0619694851338863,0.00831304118037224,0,0,0.692580223083496,0,31104.666015625,NA,NA
"MEG125353",0.589636564254761,9.28032684326172,21.1972351074219,11.7747611999512,20.6075973510742,3.3066828250885,3.10391473770142,1.9180281162262,3.73553013801575,79.1178207397461,72.0816421508789,65.7343597412109,75.886833190918,0.204530358314514,0.13479046523571,0.014923726208508,0.00480341212823987,1.30564542603618e-21,0,0.640952050685883,0,28195.580078125,NA,NA
"MEG125355",3.9419264793396,11.5846061706543,23.2969036102295,14.4524908065796,19.3549766540527,7.19800138473511,5.46265888214111,1.69622981548309,7.35566902160645,74.1502914428711,70.9524536132812,63.8905830383301,73.416877746582,0.163884282112122,0.188186183571815,0.0617266111075878,0.00943906232714653,0,9.23232761351755e-08,0.228651940822601,0.0900661125779152,41040.8828125,NA,NA
"MEG125356",1.15197825431824,9.03652572631836,21.054162979126,11.9626369476318,19.9021854400635,6.51084756851196,5.13833475112915,1.88984334468842,6.69522380828857,77.0310897827148,72.0746459960938,62.8023147583008,74.3746032714844,0.159157618880272,0.17794144153595,0.110107347369194,0.00387516152113676,0,1.77967163228487e-09,0.522959411144257,0.00173616141546518,12129.1533203125,NA,NA
"MEG125357",4.37231349945068,11.9166831970215,23.5893497467041,14.8228549957275,19.2170352935791,6.83523845672607,5.2453293800354,1.65579652786255,6.96635246276855,73.713623046875,70.9701690673828,64.1735382080078,73.5040893554688,0.147591486573219,0.188708022236824,0.0550344623625278,0.00635612430050969,0,0.000165128643857315,0.216912895441055,0.0702490210533142,4838.9609375,NA,NA
"MEG125358",-0.201975330710411,7.89964628219604,19.9024124145508,10.7611532211304,20.1043872833252,6.06534671783447,4.892982006073,1.93984341621399,6.20203590393066,78.3928298950195,73.0018157958984,63.750862121582,75.2461395263672,0.137030318379402,0.134089663624763,0.101167343556881,0.00210922420956194,0,0,0.625603437423706,0,12555.4951171875,NA,NA
"MEG125359",2.78192758560181,10.4470357894897,22.1697425842285,13.3370676040649,19.3878135681152,7.61331844329834,5.77632141113281,1.8070319890976,7.68127393722534,75.0066680908203,71.336799621582,64.3777236938477,74.2529983520508,0.189076170325279,0.182203188538551,0.088009312748909,0.00741425342857838,0,6.45383977371239e-08,0.305603593587875,0.0629605278372765,6939.189453125,NA,NA
"MEG125360",-0.227265387773514,8.03126525878906,19.9745578765869,10.7758684158325,20.2018241882324,4.87403106689453,4.1297755241394,1.93874597549438,5.23939418792725,78.888557434082,72.7645950317383,64.597785949707,75.6460800170898,0.147430270910263,0.119469434022903,0.0608549453318119,0.00292285345494747,3.92182767010478e-21,0,0.669322490692139,0,5172.5419921875,NA,NA
"MEG125361",1.2343533039093,8.97091293334961,20.8389186859131,11.9064474105835,19.6045665740967,7.35423469543457,5.69152069091797,1.93181478977203,7.44228458404541,76.5552749633789,71.7469940185547,63.9850158691406,74.985710144043,0.208233505487442,0.182923495769501,0.114523440599442,0.00525758322328329,0,0,0.485113352537155,0,46546.74609375,NA,NA
"MEG125362",-1.14521336555481,7.33630323410034,19.2913875579834,10.0182094573975,20.4366016387939,4.73145866394043,3.97738814353943,1.84089505672455,4.82067537307739,79.3690338134766,73.2277984619141,64.7185897827148,75.7641296386719,0.125979959964752,0.11524223536253,0.0600058995187283,0.00868925079703331,0.00456817168742418,0,0.685238301753998,0,22332.955078125,NA,NA
"MEG125363",-0.0676146596670151,8.24720764160156,20.0837650299072,10.8831558227539,20.1513805389404,3.23473072052002,3.09310483932495,1.95901226997375,4.06047010421753,79.2722320556641,71.9120712280273,65.1798248291016,75.9160919189453,0.146433964371681,0.104828372597694,0.0127182202413678,0.00310374889522791,0.000108650681795552,0,0.732807099819183,0,14723.66015625,NA,NA
"MEG125364",-0.109964743256569,7.78122234344482,19.5107345581055,10.6173191070557,19.620698928833,4.74821186065674,4.21970272064209,2.01366019248962,5.42283821105957,78.8321533203125,71.6934356689453,64.0383682250977,75.7515563964844,0.108890563249588,0.104884594678879,0.0722664147615433,0.00200563669204712,6.71452969648541e-23,0,0.711848199367523,0,5851.8056640625,NA,NA
"MEG125365",3.98049378395081,11.742018699646,23.8548698425293,14.6584310531616,19.8743762969971,5.75467872619629,4.53728580474854,1.62623369693756,6.10899686813354,74.9509887695312,70.7733917236328,61.3603248596191,72.4208602905273,0.171317130327225,0.220710471272469,0.0438635870814323,0.0136982640251517,0.00143106246832758,2.93200130840887e-09,0.420273572206497,0.00286031817086041,129869.2734375,NA,NA
"MEG125366",-0.740954637527466,8.07871246337891,20.0293483734131,10.5552825927734,20.7703018188477,2.75448751449585,2.50245475769043,1.61770796775818,2.88352823257446,78.8703689575195,71.2286071777344,63.370922088623,74.9586334228516,0.129938468337059,0.239624932408333,0.0771326497197151,0.0228478312492371,0,0,0.530456125736237,0,43533.546875,NA,NA
"MEG125367",0.10494002699852,8.17781066894531,20.115047454834,10.9966011047363,20.0101070404053,5.16708707809448,4.3280200958252,1.95370733737946,5.62508392333984,78.4174652099609,72.3150024414062,63.8596801757812,75.3026504516602,0.14250174164772,0.137372136116028,0.0790416672825813,0.00196308735758066,4.81810896385831e-21,0,0.639114677906036,0,5159.26513671875,NA,NA
"MEG125369",7.67845439910889,15.4821825027466,27.3025054931641,18.2190380096436,19.6240520477295,4.62350749969482,3.66961240768433,1.16118955612183,5.11456680297852,70.9073715209961,69.2802276611328,62.23681640625,70.0310440063477,0.102905593812466,0.130491852760315,0.000350585498381406,0.00869610905647278,0,0.0200162287801504,0.0953212305903435,0.055166844278574,14527.5029296875,NA,NA
"MEG125370",-0.218770951032639,8.06188774108887,19.9051856994629,10.7196168899536,20.1239566802979,3.32993745803833,3.14750146865845,1.95268082618713,4.18355846405029,79.3379669189453,72.1469573974609,65.2236480712891,76.0135116577148,0.147743061184883,0.105028867721558,0.013651991263032,0.00312403310090303,1.32662790432728e-20,0,0.730452060699463,0,4911.345703125,NA,NA
"MK001",2.55345773696899,12.5156173706055,24.9403858184814,14.6767148971558,22.386926651001,1.32236337661743,1.62226605415344,0.954399883747101,1.41886496543884,75.7832412719727,62.3149490356445,45.1611328125,65.0352478027344,0.143166109919548,0.35416254401207,0.163452804088593,0.0076495804823935,0,0.11779960244894,0,0.213769376277924,206229.65625,NA,NA
"MK002",2.24772596359253,12.1743621826172,24.3469104766846,14.4446468353271,22.0991859436035,1.24402129650116,1.67484772205353,1.21581387519836,1.29814147949219,75.2847213745117,63.9555206298828,49.8121299743652,66.0422821044922,0.134096905589104,0.351876705884933,0.0919571220874786,0.0031140772625804,0,0.154019102454185,0,0.264936059713364,120890.7109375,NA,NA
"MK003",1.37959742546082,10.2505168914795,22.3461742401123,12.8369388580322,20.9665775299072,2.0592474937439,2.1380627155304,1.07100355625153,2.39508152008057,80.4004745483398,69.955940246582,56.9627113342285,71.988899230957,0.0754893347620964,0.217227399349213,0.0833042860031128,0.0148064084351063,0.00021837193344254,0.084473542869091,0.3619404733181,0.105694852769375,277926.90625,NA,NA
"MK004",3.06291151046753,12.8329095840454,25.3547401428223,15.2002248764038,22.2918300628662,1.49571871757507,1.66194128990173,0.960320115089417,1.41012609004974,75.5779418945312,64.1940307617188,47.3394622802734,65.3977966308594,0.175162672996521,0.346392393112183,0.060356967151165,0.00378579809330404,0,0.182583197951317,0,0.22686605155468,110556.4765625,NA,NA
"MK005",2.02506613731384,11.4319896697998,23.7106552124023,13.8203258514404,21.6855907440186,1.63097929954529,1.78001737594604,0.882217347621918,1.88410842418671,78.8448486328125,66.6858444213867,50.7408142089844,68.7263946533203,0.16131266951561,0.229850992560387,0.158957913517952,0.00737311225384474,0,0.185449182987213,0.0200319103896618,0.220120891928673,205086.078125,NA,NA
"MK006",0.225778415799141,9.40525722503662,21.4318733215332,11.7761297225952,21.2060966491699,2.23278164863586,2.35121464729309,1.36807811260223,2.51039409637451,79.9330596923828,70.479850769043,58.5924186706543,72.7711944580078,0.0973830297589302,0.340047955513,0.0482948087155819,0.0246176440268755,0,0.0499323010444641,0.348242819309235,0.0900096371769905,331815.75,NA,NA
"MK007",1.9117226600647,11.3603782653809,23.1683979034424,13.5476064682007,21.2566757202148,1.33104336261749,1.76727676391602,1.44832301139832,1.41177344322205,75.6077651977539,64.6628189086914,52.451171875,67.9353942871094,0.191572979092598,0.246402934193611,0.0522392392158508,0.0106014972552657,0,0.0992981866002083,0,0.399885207414627,125418.96875,NA,NA
"MK008",1.67258787155151,11.4378547668457,23.6003227233887,13.5380849838257,21.927734375,1.48823475837708,1.78730595111847,1.28736877441406,1.69982242584229,76.9304733276367,65.1141357421875,51.4025115966797,68.3104248046875,0.168497934937477,0.296996861696243,0.0971810445189476,0.026950953528285,0,0.127936124801636,0,0.282437056303024,263882.90625,NA,NA
"NL11",3.86620092391968,9.31774997711182,17.5108795166016,11.4925107955933,13.644679069519,3.18439936637878,2.06354475021362,2.79112386703491,2.77402663230896,86.5617370605469,78.1238708496094,80.0919036865234,86.158935546875,0.240686610341072,0.306239783763885,3.46543926887932e-09,0.0383570119738579,0,2.27137664232657e-09,0,0.292050510644913,504179.15625,NA,NA
"NL12",4.5968451499939,9.31384563446045,17.5776023864746,11.9876852035522,12.9807577133179,3.22430038452148,2.08087658882141,2.62834739685059,2.99444389343262,85.2341995239258,79.3153991699219,80.3039093017578,84.9909057617188,0.166838526725769,0.268270373344421,0.00204351847060025,0.0293793864548206,7.04879947586966e-29,2.29495103476474e-10,0.110476769506931,0.120130717754364,594033.75,NA,NA
"NL13",4.24223804473877,9.53938865661621,18.0199527740479,11.8014135360718,13.7777137756348,3.00826501846313,2.10778307914734,2.77437853813171,2.76047849655151,86.5499572753906,77.1523818969727,78.5738143920898,86.0275802612305,0.270294100046158,0.318131417036057,2.29929519868222e-09,0.0343103483319283,2.20243691020913e-28,1.18902931944831e-09,0.105194583535194,0.242794632911682,505607.28125,NA,NA
"NL21",4.65924263000488,9.84745216369629,18.3548183441162,12.0655403137207,13.6955757141113,2.95269584655762,2.14257144927979,2.77971458435059,2.75234770774841,86.0796051025391,76.2639541625977,77.0761871337891,85.6075134277344,0.248728111386299,0.312031984329224,4.01554078877098e-09,0.0480144135653973,1.86070026198892e-28,6.70902555732766e-10,0.0888722836971283,0.290219008922577,933250.5625,NA,NA
"NL22",4.83013439178467,10.0582122802734,18.7079696655273,12.2398900985718,13.8778343200684,3.00708699226379,2.20194268226624,2.60699033737183,2.78859615325928,85.7880325317383,75.932975769043,76.1753616333008,85.184684753418,0.253752201795578,0.180139183998108,1.8695449632844e-09,0.0748990997672081,5.22158704865488e-33,1.58750360079729e-10,0.00319346110336483,0.483052313327789,2050665.5,NA,NA
"NL23",4.90675640106201,9.58360290527344,18.096529006958,12.3688335418701,13.1897735595703,3.24698781967163,2.21205759048462,2.61037063598633,3.08392381668091,85.1227264404297,78.5206298828125,79.0211029052734,84.8463516235352,0.218871399760246,0.174608558416367,2.49782616812411e-09,0.0689943358302116,0,9.66221685994029e-11,0.0703369826078415,0.214246556162834,896680.375,NA,NA
"NL31",4.81530141830444,9.8300895690918,18.3166255950928,12.2350368499756,13.5013246536255,3.21882963180542,2.19133496284485,2.49228072166443,3.11248183250427,85.5978927612305,77.639045715332,78.1516723632812,85.5171585083008,0.304610878229141,0.12473177164793,1.6677673686516e-09,0.173391953110695,0,1.71146855910444e-13,0.165629833936691,0.146394327282906,1430581,NA,NA
"NL32",5.01463413238525,9.3962869644165,17.8084468841553,12.6055564880371,12.7938117980957,3.5429413318634,2.23216485977173,2.58613395690918,3.4799633026123,84.1841430664062,79.7156143188477,80.2520294189453,83.9858703613281,0.286506772041321,0.0963658839464188,0.00031302499701269,0.101322405040264,0,3.14742155949066e-13,0.0606889836490154,0.0861935168504715,2106684,NA,NA
"NL33",5.08059644699097,9.87893962860107,18.4333610534668,12.4996738433838,13.352765083313,3.00377011299133,2.07976198196411,2.47331976890564,3.1133017539978,85.0719375610352,77.8291702270508,77.6711120605469,84.5980606079102,0.21972119808197,0.108416497707367,1.23989263300928e-09,0.159263879060745,0,1.52064055791712e-10,0,0.338553994894028,2673888.25,NA,NA
"NL34",5.31287956237793,10.2035179138184,18.9865169525146,13.0051116943359,13.673638343811,2.78207230567932,2.00675106048584,2.3776261806488,2.91110181808472,85.0049438476562,77.3704833984375,76.7261352539062,84.2116012573242,0.190221309661865,0.134101539850235,2.01630445673118e-09,0.0944811329245567,0,1.98533287032454e-10,0,0.327856421470642,774786.25,NA,NA
"NL41",4.9929633140564,10.2345790863037,19.0559558868408,12.506007194519,14.062991142273,2.82042527198792,2.14135336875916,2.4408655166626,2.71517491340637,85.2435684204102,75.7304153442383,75.1880722045898,84.2417602539062,0.260910153388977,0.124154582619667,9.7097030415938e-10,0.121702961623669,0,6.29119534245604e-11,0,0.475901126861572,2929126,NA,NA
"NL42",4.80830001831055,10.5331726074219,19.5275001525879,12.7302513122559,14.7192001342773,2.84923315048218,2.27431154251099,2.6303243637085,2.5722234249115,84.762580871582,74.3914260864258,73.8408660888672,83.2454376220703,0.228759959340096,0.0942589715123177,6.14593376191408e-10,0.0912261977791786,0,6.20938717110775e-11,0,0.585754990577698,1050486.625,NA,NA
"NO011",-2.57094240188599,5.90410375595093,16.990255355835,7.33171367645264,19.5611972808838,2.85376262664795,2.26846623420715,3.01711392402649,3.66735315322876,84.3764495849609,72.205680847168,70.4236526489258,83.4529037475586,0.0205224435776472,0.0964619666337967,0.00919203460216522,0.110173486173153,0.0919456332921982,0,0.557280540466309,0,225242.625,NA,NA
"NO012",-2.58092021942139,6.06425428390503,17.060188293457,7.32436227798462,19.6411075592041,2.65086793899536,2.0826575756073,2.93669772148132,3.4048969745636,84.3048248291016,71.6651306152344,70.3096542358398,83.7776031494141,0.0551329478621483,0.122917659580708,0.00898097082972527,0.0462753474712372,0.078012228012085,0,0.615412652492523,0,911049,NA,NA
"NO021",-6.35410451889038,2.82232522964478,14.0717163085938,4.12904691696167,20.4258213043213,1.79814922809601,1.6960461139679,2.93939113616943,2.53025555610657,83.6679000854492,71.7977066040039,72.2492752075195,83.5474319458008,0.0336204841732979,0.0548173785209656,0.0473399646580219,0.00389475002884865,0.13368833065033,0,0.696922361850739,0,214469.453125,NA,NA
"NO022",-7.10707330703735,1.37425076961517,12.4561138153076,3.13381671905518,19.5631866455078,2.15440702438354,1.61643254756927,2.70279145240784,2.49032545089722,82.5158615112305,72.9226837158203,73.0433883666992,82.8773498535156,0.024407334625721,0.0409189686179161,0.0292086154222488,0.00376086425967515,0.27794823050499,0,0.581096768379211,0,209733.65625,NA,NA
"NO031",-0.70854115486145,7.02079248428345,17.7043571472168,8.45017433166504,18.412899017334,3.1310818195343,2.11922812461853,2.98804116249084,3.61122035980225,83.9545593261719,72.4602279663086,71.4644775390625,83.5904006958008,0.00756777124479413,0.0751864165067673,0.0124222766608,0.0329714827239513,0.0448765382170677,0,0.618548154830933,0,379617.84375,NA,NA
"NO032",-4.51219987869263,3.77859163284302,14.7592182159424,5.53301382064819,19.2714195251465,2.27270817756653,1.87693750858307,2.90273928642273,2.8975396156311,82.8384246826172,73.0013122558594,71.7129669189453,82.6935195922852,0.0134497648105025,0.0482351332902908,0.0217379741370678,0.00917872507125139,0.167702004313469,0,0.704279959201813,0,381550.78125,NA,NA
"NO033",-0.637155473232269,7.02663135528564,17.653938293457,8.71110725402832,18.2910938262939,3.90969133377075,2.75039219856262,3.20793199539185,4.50871706008911,82.1673126220703,72.3495483398438,71.4534454345703,82.0531234741211,0.012173087336123,0.101737625896931,0.000263543595792726,0.0536675155162811,0.0716505348682404,0.00073846842860803,0.584440052509308,0.000197381494217552,306622.8125,NA,NA
"NO034",-4.45682382583618,3.12963318824768,13.8593864440918,5.18587923049927,18.3162097930908,3.33176398277283,2.3144063949585,3.09178233146667,3.82372736930847,83.040885925293,73.9608001708984,72.7003707885742,83.4707794189453,0.00562497368082404,0.0726432204246521,0.04310317710042,0.00428084330633283,0.167983755469322,0.000495861866511405,0.664676249027252,0.000132536399178207,139620.796875,NA,NA
"NO041",-2.35850787162781,4.65455484390259,14.5972118377686,6.73480319976807,16.9557209014893,5.79582214355469,3.1598494052887,3.5741651058197,5.28399991989136,84.2488250732422,75.5452117919922,75.0192794799805,85.2585067749023,0.00985776633024216,0.0308426823467016,0.0374340936541557,0.00513235060498118,0.204576343297958,0.00762036396190524,0.604896605014801,0.00187773094512522,95351.4375,NA,NA
"NO042",-0.894697844982147,5.23876857757568,14.5813512802124,7.6320161819458,15.4760503768921,9.36644268035889,4.49893045425415,4.18535947799683,7.4479169845581,85.9357299804688,77.7051467895508,78.3532257080078,86.9551620483398,0.0194172132760286,0.00501722423359752,0.00444863643497229,0.00617704633623362,0.179776534438133,0.000965039303991944,0.674016773700714,1.88534304470522e-05,149223.578125,NA,NA
"NO043",-0.0312984846532345,5.2391848564148,14.1238527297974,7.78323936462402,14.1551513671875,8.87546062469482,4.16228008270264,4.48056745529175,7.91575288772583,84.2686920166016,78.3211441040039,80.7890930175781,85.7341537475586,0.0579530633985996,0.00542605388909578,0.00237178290262818,0.0124680623412132,0.207987159490585,0.0435874611139297,0.460310131311417,0.00341564416885376,364733.96875,NA,NA
"NO051",-1.08516383171082,4.46460008621216,13.6746978759766,6.8703727722168,14.7598609924316,8.92906284332275,4.63784122467041,4.62211990356445,7.91348791122437,83.2106475830078,77.8113403320312,79.0126647949219,84.9073944091797,0.0215303599834442,0.0471639186143875,0.0561029389500618,0.00843885075300932,0.267718583345413,0.00147711113095284,0.419769078493118,0.00033854556386359,390646.34375,NA,NA
"NO052",-2.0819628238678,3.75584316253662,13.1027193069458,6.08329629898071,15.184681892395,8.00142669677734,4.18351078033447,4.03120613098145,6.91949796676636,82.1487197875977,76.5649948120117,77.793830871582,83.8304824829102,0.0219596326351166,0.0462550707161427,0.0696267858147621,0.00332985236309469,0.322487860918045,0.0047465031966567,0.338815033435822,0.000211223028600216,119216.78125,NA,NA
"NO053",-3.39990234375,2.95926856994629,12.3767776489258,5.03216505050659,15.7766799926758,6.5400447845459,3.63733077049255,3.54386377334595,5.35440540313721,79.280158996582,75.0104827880859,79.5383911132812,81.199089050293,0.0274081062525511,0.0362357459962368,0.0621694885194302,0.00523434625938535,0.283388018608093,0.0182834826409817,0.366188019514084,0.000950771966017783,184287.625,NA,NA
"NO061",-3.64154362678528,3.14193391799927,13.0366134643555,4.95744752883911,16.6781578063965,4.01308059692383,2.71643447875977,3.20496368408203,3.48864603042603,80.8777313232422,74.3811492919922,77.8501739501953,81.9260177612305,0.0377363450825214,0.0463587231934071,0.0452585257589817,0.006191810593009,0.176282897591591,0.00346874911338091,0.570949196815491,0.000143889017635956,320063.96875,NA,NA
"NO062",-3.54316282272339,3.05282211303711,13.3118562698364,5.25151872634888,16.8550186157227,5.15950012207031,3.43095231056213,3.5144157409668,4.35964059829712,83.3043518066406,76.5760498046875,78.053466796875,84.5603713989258,0.0233197771012783,0.0756137371063232,0.0790318474173546,0.0021562515757978,0.123373530805111,0.00306155579164624,0.592247843742371,7.46044024708681e-05,114695.578125,NA,NA
"NO071",-5.54365539550781,1.28820383548737,12.3224821090698,4.10361814498901,17.8661365509033,5.44415235519409,3.83843779563904,3.43147325515747,5.53896760940552,79.811149597168,75.8548889160156,78.1766738891602,82.5451431274414,0.0073206340894103,0.023938512429595,0.054417185485363,0.00217959610745311,0.251847267150879,0.0205500554293394,0.425271570682526,0.000268916686763987,162767.59375,NA,NA
"NO072",-8.78035354614258,-1.17566347122192,11.8863096237183,1.89992380142212,20.6666622161865,3.28184819221497,2.25646090507507,2.28487706184387,3.3912296295166,79.4190368652344,74.697395324707,77.3510894775391,82.8554534912109,0.0092623746022582,0.00151956360787153,0.00266795442439616,0.00212462502531707,0.369780570268631,0.0109297418966889,0.418866991996765,3.99200689571444e-05,134206.8125,NA,NA
"NO073",-10.9434862136841,-1.05746686458588,13.0020093917847,1.42159271240234,23.9454956054688,1.9863053560257,1.60254085063934,2.03211998939514,2.03966522216797,81.8792037963867,76.3182067871094,75.8210830688477,84.608024597168,0.00226287404075265,0.000680713914334774,0.00215939991176128,0.00056477397447452,0.534031689167023,0.0433451607823372,0.265938371419907,5.21310903423e-05,55128.91796875,NA,NA
"PL213",1.08787822723389,10.2857055664062,20.6133651733398,11.4138765335083,19.5254878997803,1.7777224779129,2.04792737960815,2.86370778083801,1.80004525184631,82.0586700439453,70.8535232543945,70.4553070068359,78.4604721069336,0.2679103910923,0.0321170315146446,7.08001324234431e-10,0.0468481406569481,0,0,0.054276131093502,0.598848342895508,96665.3828125,NA,NA
"PL214",0.64886873960495,9.92848300933838,20.3079051971436,11.0814218521118,19.6590366363525,1.84727323055267,2.23029327392578,2.99941301345825,1.89522206783295,81.545783996582,70.9449920654297,70.7670822143555,78.6098327636719,0.233698904514313,0.0366090498864651,6.9211292252902e-10,0.0372483655810356,0,0,0.116479396820068,0.575931251049042,935198.75,NA,NA
"PL217",0.667422771453857,10.3313522338867,20.8109283447266,11.3612651824951,20.1435070037842,1.61783730983734,2.12754678726196,2.87276673316956,1.75313222408295,81.1298141479492,69.9710464477539,69.0746688842773,77.1993103027344,0.24147042632103,0.0334575511515141,1.76272962892909e-09,0.02232700958848,0,0,0,0.702337443828583,386401.3125,NA,NA
"PL218",-0.301627844572067,9.33794784545898,19.8522338867188,10.5077705383301,20.1538600921631,1.81675267219543,2.43331360816956,3.20029211044312,1.96131861209869,81.141845703125,70.6649017333984,70.7181549072266,78.5761947631836,0.168551176786423,0.0428005717694759,0.000166103971423581,0.0199660416692495,0,0,0.166023135185242,0.602396726608276,501650.96875,NA,NA
"PL219",-1.34765028953552,7.67998886108398,18.147289276123,9.18624973297119,19.4949398040771,3.28837418556213,3.3938615322113,4.19854116439819,2.99594926834106,82.4293518066406,72.9311065673828,73.4155349731445,81.0069046020508,0.137174233794212,0.0564680397510529,2.68255134869833e-05,0.0246286261826754,0,3.87702384614386e-05,0.693550288677216,0.085541844367981,394855.71875,NA,NA
"PL21A",0.679043471813202,9.71944046020508,19.9926815032959,10.965672492981,19.3136386871338,2.56169867515564,2.550448179245,3.40378355979919,2.29546403884888,82.4264831542969,71.7527389526367,72.0110931396484,79.5491638183594,0.181232169270515,0.0408278293907642,7.77539310714559e-10,0.0663797333836555,0,0.000288632843876258,0.124918386340141,0.586353242397308,720541.875,NA,NA
"PL224",1.56213784217834,10.3674030303955,20.5454387664795,11.5283079147339,18.9833030700684,2.18894934654236,2.08400058746338,2.71084213256836,1.87677681446075,83.535285949707,70.6288070678711,68.771240234375,78.9367752075195,0.27195081114769,0.0352680832147598,8.50770232041498e-10,0.0160787589848042,0,0,0,0.676702380180359,391947.53125,NA,NA
"PL225",-0.0982785895466805,8.90945816040039,19.2460231781006,10.3394775390625,19.3443012237549,3.45464324951172,3.22751927375793,4.2181601524353,3.10861897468567,82.7691650390625,72.4927978515625,73.4738845825195,80.6467361450195,0.164466574788094,0.0529589951038361,7.83526047598571e-05,0.0424069836735725,0,0.000576703867409378,0.0601906068623066,0.675554752349854,578916.25,NA,NA
"PL227",1.53019285202026,10.396858215332,20.6143779754639,11.7401857376099,19.0841846466064,2.0650634765625,2.19034051895142,3.23786187171936,2.21409440040588,81.5958099365234,70.4009857177734,70.4944686889648,78.6957626342773,0.316159546375275,0.0350835435092449,2.99062812700868e-05,0.0721183568239212,0,2.19535741052823e-05,0,0.575074672698975,476922.21875,NA,NA
"PL228",1.61045777797699,10.3780174255371,20.5101928710938,11.6153717041016,18.8997344970703,2.20804071426392,2.14298677444458,2.9217541217804,2.03294086456299,83.1767425537109,70.6675415039062,70.0088348388672,79.4352951049805,0.222386389970779,0.0285291578620672,1.541751865064e-10,0.0574880465865135,0,0,0,0.690840184688568,453617.78125,NA,NA
"PL229",1.70447516441345,10.5379285812378,20.6844062805176,11.8224678039551,18.9799327850342,2.07705783843994,2.1201069355011,3.08967185020447,2.0960476398468,81.9712448120117,70.3983154296875,70.6793212890625,78.8619537353516,0.241607815027237,0.02381706610322,1.03206151957913e-10,0.13131956756115,0,7.37176975278836e-14,0,0.601300299167633,475391.78125,NA,NA
"PL22A",1.63602209091187,10.5188083648682,20.6480903625488,11.7323083877563,19.0120677947998,2.21272039413452,2.15535068511963,3.09353446960449,2.05268383026123,82.382438659668,70.8194274902344,71.1961517333984,78.8977355957031,0.162756010890007,0.0201962664723396,7.32826022087352e-11,0.14837358891964,0,0,0,0.667359411716461,251944.078125,NA,NA
"PL22B",1.47685790061951,10.4203748703003,20.6129684448242,11.5640773773193,19.1361103057861,2.15513968467712,2.10899996757507,2.90182971954346,1.91431617736816,82.8434143066406,70.9586029052734,70.2630767822266,78.7528762817383,0.201335951685905,0.0302899796515703,5.0150245067826e-10,0.0703193247318268,0,0,0,0.698045611381531,663911.3125,NA,NA
"PL22C",1.17303156852722,10.0700349807739,20.2507457733154,11.3778142929077,19.0777149200439,2.5488338470459,2.46758556365967,3.46791052818298,2.41519927978516,82.3820037841797,71.1254653930664,71.8810043334961,79.3951873779297,0.173563525080681,0.0306992121040821,4.41915799456183e-05,0.124055847525597,0,5.25778232258745e-05,0,0.668052792549133,524016.59375,NA,NA
"PL411",2.22868609428406,10.1229543685913,20.0353240966797,11.4078006744385,17.8066368103027,2.07864737510681,1.64710915088654,2.53850150108337,1.84516775608063,85.7841720581055,72.5342712402344,71.6686630249023,83.9493637084961,0.348627895116806,0.0558385439217091,0.000283647299511358,0.00660810619592667,0,1.55940906888807e-13,0,0.583759367465973,361743.15625,NA,NA
"PL414",2.21707248687744,10.5639305114746,20.6640701293945,11.6917428970337,18.4469985961914,1.65908193588257,1.49261510372162,2.43782448768616,1.63378500938416,84.2852783203125,71.2611770629883,69.7963562011719,81.3357009887695,0.497002869844437,0.0751496329903603,1.19506637918931e-09,0.0126861995086074,0,0,0,0.408070176839828,499237.84375,NA,NA
"PL415",2.37642550468445,10.7776336669922,20.8288192749023,11.7386465072632,18.4523963928223,1.73177659511566,1.52544152736664,2.48804044723511,1.6863968372345,83.8568801879883,70.9689636230469,69.2447357177734,81.8189468383789,0.437217444181442,0.0563601367175579,4.32356067614492e-10,0.0647153183817863,0,0,0,0.438004046678543,94464.7890625,NA,NA
"PL416",2.06845951080322,10.5653886795044,20.683874130249,11.7406044006348,18.6154136657715,1.76945459842682,1.70755171775818,2.63410115242004,1.69440841674805,83.2245330810547,70.506217956543,68.5264511108398,80.1659393310547,0.457028150558472,0.0537307076156139,1.4015589799854e-09,0.013978629373014,0,1.99559844289623e-14,0,0.472472429275513,507829.5625,NA,NA
"PL417",2.45403933525085,10.8241720199585,20.8550910949707,11.9189682006836,18.4010524749756,1.80926406383514,1.60770094394684,2.63264012336731,1.7070244550705,83.4908447265625,70.5463714599609,68.5458831787109,81.2886428833008,0.392103761434555,0.0613441243767738,2.32768543355633e-05,0.0167047623544931,0,3.49300205730249e-13,0,0.525299727916718,634577.6875,NA,NA
"PL418",2.3959789276123,10.6658382415771,20.7096138000488,11.7595767974854,18.3136348724365,1.77522718906403,1.55618536472321,2.51512289047241,1.70577168464661,84.2155838012695,71.0984268188477,69.5161285400391,82.0524749755859,0.427165389060974,0.0569864585995674,2.97577134915628e-05,0.0264723841100931,0,4.33525557032993e-14,0,0.486212432384491,827424.375,NA,NA
"PL424",2.59311747550964,10.2541236877441,19.8723430633545,11.5460786819458,17.279224395752,2.20097947120667,1.72062242031097,2.50191831588745,1.76341152191162,85.2765884399414,73.9346237182617,73.7982635498047,84.1427383422852,0.311880528926849,0.0894477739930153,1.28881394445557e-09,0.0318732522428036,0,1.22439786174461e-12,0,0.526804327964783,56972.68359375,NA,NA
"PL426",2.28476786613464,9.36436367034912,18.9689693450928,11.1689672470093,16.6842002868652,2.75462460517883,1.91892373561859,3.00791096687317,2.59402894973755,85.9991302490234,75.8009567260742,76.8199768066406,85.0722427368164,0.182660967111588,0.075185015797615,0.000257908570347354,0.02173219807446,0,1.10887021136444e-13,0,0.527427017688751,240322.0625,NA,NA
"PL427",2.26110029220581,9.78948307037354,19.5159473419189,11.2476301193237,17.254846572876,2.59424376487732,1.91611409187317,2.756014585495,2.11715984344482,86.2847595214844,73.8376617431641,74.0957717895508,85.0233917236328,0.252703666687012,0.065702311694622,0.00190600170753896,0.00646984530612826,0,1.34553731546451e-13,0,0.660745680332184,495722,NA,NA
"PL428",2.56215620040894,10.0750455856323,19.7606449127197,11.5428352355957,17.1984901428223,2.31657314300537,1.77129220962524,2.63084030151367,1.92135632038116,85.0398788452148,74.2019729614258,74.0524444580078,83.8951644897461,0.297823458909988,0.0921594873070717,0.000229075041715987,0.0142417270690203,0,1.38894863492556e-12,0,0.510942995548248,559792.6875,NA,NA
"PL431",2.60506343841553,10.6727590560913,20.5239791870117,11.9022655487061,17.9189147949219,1.91254484653473,1.62796294689178,2.71209979057312,1.8016242980957,84.0417556762695,70.6222381591797,69.7028579711914,82.4757537841797,0.201777145266533,0.0772613808512688,0.00104016368277371,0.00762296514585614,0,1.11220169358994e-13,0,0.706676781177521,359510.34375,NA,NA
"PL432",2.62672805786133,10.8939580917358,20.7907676696777,12.1053647994995,18.1640396118164,1.95530486106873,1.75103783607483,2.92465996742249,1.89107501506805,82.650016784668,69.8128051757812,68.0999298095703,81.1061706542969,0.208410814404488,0.0616332516074181,0.000347910478012636,0.014566414989531,0,2.87545561092253e-14,0,0.711311161518097,615972.125,NA,NA
"PL514",2.24637365341187,10.8483638763428,21.0351066589355,12.0321235656738,18.7887325286865,1.70300221443176,1.74274754524231,2.86074304580688,1.73232507705688,81.7424468994141,70.1154937744141,68.5913238525391,79.7756576538086,0.351565957069397,0.0492540597915649,8.59650184370508e-10,0.0366730727255344,0,0,0,0.562341690063477,71341.0625,NA,NA
"PL515",1.77469539642334,10.1428699493408,20.0810832977295,11.4583797454834,18.3063888549805,3.11662697792053,2.58618664741516,3.76911568641663,2.82564949989319,83.3242340087891,72.2753067016602,71.7751159667969,82.6928634643555,0.252660423517227,0.0713488087058067,0.000650915608275682,0.0202805362641811,0,8.34116071928293e-05,0,0.654482305049896,514909.46875,NA,NA
"PL516",2.42079877853394,10.9119634628296,20.9434719085693,12.0832242965698,18.5226726531982,1.78638219833374,1.77380347251892,2.97876358032227,1.79185998439789,82.1489105224609,70.4501800537109,68.5320663452148,80.5251159667969,0.35774838924408,0.0569244958460331,6.45983845970477e-06,0.0221382547169924,0,0,0,0.560795307159424,342939.625,NA,NA
"PL517",0.534201681613922,9.08678531646729,19.3155879974365,10.5330228805542,18.7813873291016,2.24951338768005,2.31319952011108,3.4941554069519,2.35651326179504,83.3973999023438,72.8251800537109,72.5710372924805,82.4410629272461,0.322750359773636,0.0588895939290524,0.00102899991907179,0.0206039808690548,0,8.27573694550665e-06,0.042047206312418,0.554644048213959,430005.53125,NA,NA
"PL518",2.02527117729187,10.6467275619507,20.8415050506592,11.8583927154541,18.816234588623,1.68149292469025,1.79714298248291,2.89444375038147,1.76555061340332,81.6433868408203,70.3080825805664,68.8682556152344,79.7961196899414,0.387515664100647,0.0534038320183754,1.11458886564719e-09,0.0275008678436279,0,6.98349865890964e-14,0,0.530786156654358,1132922.25,NA,NA
"PL523",1.3131707906723,10.043345451355,20.3186721801758,11.4102401733398,19.0055027008057,2.01215696334839,2.18079113960266,3.20895886421204,2.14808249473572,81.6665649414062,70.9242401123047,70.0181503295898,79.6483535766602,0.413894176483154,0.0564215555787086,0.000317859638016671,0.0141758685931563,0,0.000350919493939728,0,0.513338088989258,316068.1875,NA,NA
"PL524",1.83025169372559,10.5894412994385,20.8007144927979,11.8583421707153,18.9704627990723,1.87528467178345,1.9590984582901,2.89713764190674,1.92333650588989,82.0344467163086,70.1801605224609,68.7819290161133,78.8904418945312,0.350286573171616,0.0372864454984665,7.58429985481257e-10,0.0170809403061867,0,5.08078822070157e-14,0,0.592229545116425,476915.1875,NA,NA
"PL613",2.13748574256897,10.1809320449829,20.0862674713135,11.3336935043335,17.9487819671631,1.78748679161072,1.42317926883698,2.55166268348694,1.6952406167984,86.0118789672852,72.9672698974609,72.374641418457,83.5248260498047,0.448276400566101,0.0720546245574951,8.70229666105615e-10,0.0296703726053238,0,0,0,0.44101756811142,439690.0625,NA,NA
"PL616",2.03395819664001,10.2711315155029,20.2542781829834,11.2995891571045,18.2203197479248,1.90822899341583,1.42231130599976,2.63071584701538,1.75773131847382,86.63916015625,73.4458312988281,73.1335296630859,83.3798904418945,0.47608095407486,0.0803815051913261,2.54740843956824e-05,0.0205315221101046,0,0,0,0.414096027612686,442253.8125,NA,NA
"PL617",2.14168906211853,10.2651329040527,20.2556591033936,11.4850826263428,18.1139698028564,1.64199256896973,1.42398393154144,2.45037651062012,1.62780332565308,85.2915725708008,72.4433212280273,71.5161972045898,82.8167572021484,0.48754945397377,0.0709439292550087,1.52665380337424e-09,0.0151980202645063,0,0,0,0.41609400510788,355273.40625,NA,NA
"PL618",2.06636023521423,9.77433776855469,19.6762580871582,11.1393518447876,17.6098957061768,2.14743494987488,1.56402015686035,2.61215424537659,1.88729441165924,87.0104370117188,73.9170989990234,73.5014724731445,84.5826797485352,0.324108898639679,0.0619132779538631,0.000100870573078282,0.0152912456542253,0,2.70445998766262e-14,0,0.589110493659973,315560.375,NA,NA
"PL619",2.06293487548828,10.4922924041748,20.6084079742432,11.5648832321167,18.5454711914062,1.67469549179077,1.46335363388062,2.44251084327698,1.60963988304138,84.9223861694336,72.0287170410156,71.1609573364258,81.7024230957031,0.458790153264999,0.0789171159267426,1.60446300689898e-09,0.0140435295179486,0,0,0,0.430482715368271,283794.09375,NA,NA
"PL621",1.58440375328064,9.91610145568848,20.0093040466309,10.9977779388428,18.4249000549316,2.31904745101929,1.6438775062561,2.73978233337402,2.15809845924377,86.945198059082,74.2217559814453,74.2886352539062,83.5403366088867,0.279569804668427,0.0888453349471092,0.000487727258587256,0.00982009992003441,0,0.00847760401666164,0,0.545673549175262,417793.8125,NA,NA
"PL622",0.86428028345108,9.47087001800537,19.9333324432373,10.5378475189209,19.0690517425537,2.38492345809937,1.7078537940979,2.69073534011841,2.05694317817688,86.7063217163086,73.4699630737305,73.3191375732422,83.2318649291992,0.246272891759872,0.0684676840901375,0.000114071270218119,0.0087464228272438,1.23187119243084e-05,0.00683788256719708,0.384831130504608,0.262594997882843,518695.1875,NA,NA
"PL623",0.514196693897247,9.43605422973633,20.0744705200195,10.2863836288452,19.5602741241455,2.13455128669739,1.65528118610382,2.55763220787048,1.86597168445587,86.4137268066406,72.913200378418,72.3382034301758,82.693733215332,0.235668554902077,0.0845995396375656,0.000864480738528073,0.0075318175368011,1.33893418023945e-05,0.0152523219585419,0.0967140942811966,0.504997909069061,265398.96875,NA,NA
"PL633",1.91960406303406,9.40428829193115,19.2907791137695,11.0493478775024,17.3711757659912,2.28750252723694,1.50446593761444,2.62186288833618,2.30700826644897,86.046272277832,75.9426040649414,76.012825012207,83.9897384643555,0.216399297118187,0.111509092152119,9.56951518027438e-10,0.0568699054419994,0,0,0,0.380907446146011,117808.078125,NA,NA
"PL634",1.97167861461639,9.07995414733887,18.9802227020264,10.9553413391113,17.0085430145264,2.72171187400818,1.64959323406219,2.73802781105042,2.53467130661011,86.3099365234375,76.5335693359375,76.8843002319336,84.3813400268555,0.186141461133957,0.101524382829666,0.000518812914378941,0.0258357301354408,0,1.60394865815761e-05,0,0.468360960483551,603253.4375,NA,NA
"PL636",2.05855536460876,8.93605136871338,18.7593078613281,10.9601602554321,16.7007522583008,3.24748110771179,1.9090291261673,2.98619365692139,2.93834471702576,86.574462890625,76.465690612793,77.2757873535156,85.2196350097656,0.154073402285576,0.0800989791750908,6.9132678618189e-05,0.00599318696185946,0,0,0,0.654721558094025,236077.921875,NA,NA
"PL637",1.87995219230652,9.15654850006104,19.0847988128662,10.8731775283813,17.2048454284668,2.82852625846863,1.86565601825714,2.8161404132843,2.29401421546936,88.0377044677734,75.1289672851562,75.3162078857422,85.9420013427734,0.232164308428764,0.0609716773033142,0.000215577470953576,0.00411974918097258,0,6.55501221946448e-15,0,0.688463449478149,206710.875,NA,NA
"PL638",1.99520325660706,9.8204288482666,19.7496528625488,11.1225032806396,17.754451751709,2.05479073524475,1.49587023258209,2.63438367843628,2.01108932495117,86.6572189331055,74.6458511352539,74.5182418823242,83.7712631225586,0.317586481571198,0.0857429057359695,0.000516452942974865,0.017820481210947,0,2.40745211987263e-14,0,0.518259584903717,419474.71875,NA,NA
"PL711",1.75057303905487,10.4649667739868,20.7169570922852,11.5125331878662,18.9663848876953,2.06497478485107,1.75403594970703,2.44109654426575,1.54955959320068,84.0450592041016,71.3844833374023,69.2623596191406,79.6529083251953,0.385126858949661,0.0370522662997246,1.10025599742158e-09,0.066025622189045,0,0,0,0.511795222759247,85376.3515625,NA,NA
"PL712",1.74100089073181,10.4648094177246,20.724328994751,11.5040273666382,18.9833278656006,2.06376218795776,1.75378966331482,2.43708562850952,1.54991793632507,84.0633773803711,71.4328002929688,69.3798980712891,79.7263031005859,0.391367614269257,0.0393840000033379,1.00886421439128e-09,0.0592359192669392,0,0,0,0.509757161140442,589309.125,NA,NA
"PL713",1.65487730503082,10.5249357223511,20.8117294311523,11.5487127304077,19.156852722168,2.10185599327087,1.87862861156464,2.55451440811157,1.63092434406281,83.7842788696289,70.9749069213867,68.9502868652344,79.1648712158203,0.333694517612457,0.0334361977875233,5.6846394258514e-10,0.0155526166781783,0,0,0,0.617316663265228,490660.25,NA,NA
"PL714",1.97119605541229,10.5994749069214,20.7546825408936,11.7634801864624,18.7834854125977,1.91992044448853,1.79378175735474,2.59306836128235,1.69246602058411,83.4130401611328,70.7040481567383,68.6647186279297,79.5997848510742,0.410295277833939,0.0419970415532589,1.49771495205897e-09,0.0193036012351513,0,0,0,0.528362095355988,587524,NA,NA
"PL715",1.85939025878906,10.6009435653687,20.8785762786865,11.5096302032471,19.0191860198975,1.87631189823151,1.63044762611389,2.35391211509705,1.56262314319611,84.0470199584961,71.4465789794922,70.0642547607422,80.2436447143555,0.421348065137863,0.0645140409469604,2.3847040210967e-05,0.0129722850397229,0,0,0,0.496891438961029,298901.75,NA,NA
"PL721",1.12045180797577,10.401421546936,20.8423042297363,11.3317918777466,19.721851348877,1.96278405189514,1.91451823711395,2.47089982032776,1.64613962173462,83.5391082763672,70.9476623535156,68.8904190063477,78.7279205322266,0.262094169855118,0.017498167231679,1.14354137270567e-09,0.0227327384054661,0,0,0,0.697424292564392,546788.9375,NA,NA
"PL722",1.18252742290497,10.5490455627441,20.9949417114258,11.5118923187256,19.8124141693115,1.74568772315979,1.90588557720184,2.44117093086243,1.62392771244049,82.5818862915039,70.322135925293,68.2084045410156,77.7580871582031,0.292669892311096,0.0226919297128916,1.52539525455353e-09,0.0180111695080996,0,0,0,0.665580153465271,646263.8125,NA,NA
"PL811",0.690224945545197,10.4345712661743,21.22047996521,11.011344909668,20.5302543640137,1.79649555683136,1.81269776821136,2.34098553657532,1.47610569000244,84.1139221191406,70.5801467895508,67.9991302490234,78.4454879760742,0.362224668264389,0.0339643955230713,0.000605038949288428,0.00555566046386957,0,0.0369822457432747,0,0.55781751871109,253790.484375,NA,NA
"PL812",0.556784331798553,10.4451999664307,21.1799240112305,11.2169570922852,20.6231384277344,1.68464016914368,1.92087388038635,2.4935667514801,1.52499103546143,82.8926849365234,70.3210144042969,69.037467956543,77.2976913452148,0.403860598802567,0.0217156447470188,0.000162062176968902,0.00906539894640446,0,0.035945825278759,0,0.528182029724121,508871.5625,NA,NA
"PL814",0.83999913930893,10.3898725509644,21.071662902832,11.171217918396,20.2316627502441,1.98097896575928,2.01947402954102,2.42417645454407,1.59316897392273,83.454231262207,70.3742599487305,68.5267562866211,78.0288848876953,0.438441574573517,0.0203132666647434,3.03159813483944e-05,0.0340253785252571,0,0,0,0.505572319030762,652688.5625,NA,NA
"PL815",1.01902854442596,10.4911375045776,21.1073017120361,11.2641744613647,20.0882720947266,1.93111789226532,1.93912994861603,2.35151219367981,1.59083318710327,83.1846771240234,70.0993194580078,68.18896484375,78.0787887573242,0.37163457274437,0.022141020745039,5.45183775102487e-06,0.012091051787138,0,0,0,0.590549111366272,429313.46875,NA,NA
"PL821",-0.0350751802325249,9.8956298828125,20.4503211975098,10.9370374679565,20.4853954315186,2.11278939247131,2.48721313476562,3.16690421104431,2.18628787994385,83.8510437011719,72.2760391235352,71.9756546020508,78.9358749389648,0.14039434492588,0.0408861115574837,0.000215095773455687,0.0117111774161458,0,0.126408115029335,0.0081293135881424,0.672228872776031,373158.5625,NA,NA
"PL822",0.862635016441345,10.6378374099731,21.1647472381592,11.5621938705444,20.3021125793457,1.96945893764496,2.20599865913391,2.67704343795776,1.83676862716675,82.2997589111328,70.4181976318359,69.6645584106445,76.7621612548828,0.27060529589653,0.0430531725287437,3.69410190614872e-05,0.0118371387943625,0,0.0866119787096977,0,0.587855458259583,311124.625,NA,NA
"PL823",0.958805501461029,10.6806001663208,21.204252243042,11.6349973678589,20.2454452514648,2.00617265701294,2.18065071105957,2.66447925567627,1.81649076938629,82.0428009033203,69.9602890014648,68.4162292480469,76.6749267578125,0.204257845878601,0.0302424114197493,7.06193418409384e-07,0.0244704987853765,0,0,0,0.741028547286987,472255.96875,NA,NA
"PL824",1.07408928871155,10.7065534591675,21.2261848449707,11.6063032150269,20.1520957946777,1.85309839248657,2.03792071342468,2.51912665367126,1.65605461597443,81.8421936035156,69.6032028198242,67.7147674560547,76.5482940673828,0.264582127332687,0.0201867837458849,2.23061974224947e-07,0.023650411516428,0,0,0,0.690852642059326,562879.25,NA,NA
"PL841",0.38441389799118,9.89386367797852,20.5983333587646,10.2905282974243,20.2139186859131,1.88694453239441,1.68327283859253,2.4066596031189,1.68735826015472,85.6804809570312,71.8117370605469,70.0874099731445,81.2742538452148,0.226732432842255,0.073250837624073,0.00513263372704387,0.0204814989119768,0,0.0133716184645891,0,0.659425497055054,488461.09375,NA,NA
"PL842",0.684947967529297,10.1107616424561,20.7676124572754,10.5875234603882,20.0826644897461,1.98496186733246,1.7191561460495,2.54300332069397,1.62719678878784,85.6157913208008,71.7660675048828,69.609748840332,80.6819000244141,0.264124870300293,0.0838279724121094,0.00300512881949544,0.00664616515859962,0,7.76847526194266e-14,0,0.642116069793701,380903.71875,NA,NA
"PL843",0.379951894283295,9.59792613983154,20.3018264770508,10.2014141082764,19.9218730926514,2.02156805992126,1.65878736972809,2.45050644874573,1.77932465076447,86.0677032470703,72.5640258789062,71.431884765625,82.1793518066406,0.251790285110474,0.0902371481060982,0.00359573331661522,0.00733495829626918,0,0.0187941994518042,0,0.614913403987885,261577.265625,NA,NA
"PL911",1.63686287403107,10.6911125183105,21.14772605896,11.2954845428467,19.5108642578125,1.9772287607193,1.58972334861755,2.41581201553345,1.47246515750885,83.8616485595703,70.6850357055664,69.4407806396484,80.1011962890625,0.211266323924065,0.0274449475109577,7.72316821606722e-10,0.13354417681694,0,0,0,0.61925208568573,381458.125,NA,NA
"PL912",1.38543391227722,10.5332851409912,21.0267162322998,11.1555585861206,19.6412811279297,1.92289209365845,1.63211143016815,2.40212273597717,1.50153934955597,84.1507186889648,70.8500366210938,69.3928070068359,80.1535568237305,0.260967671871185,0.0364490710198879,0.000254087906796485,0.0714823380112648,0,0,0,0.626922428607941,1327257.25,NA,NA
"PL913",1.61450111865997,10.6287698745728,21.074686050415,11.3250665664673,19.4601860046387,1.91945481300354,1.57372176647186,2.34522247314453,1.49011206626892,83.8666381835938,71.0062713623047,69.9563140869141,80.2488403320312,0.257129281759262,0.0282376743853092,4.48054051958025e-05,0.083546057343483,0,0,0,0.620425999164581,1182316,NA,NA
"PL921",1.24358308315277,10.4987802505493,21.0212669372559,11.3249855041504,19.7776851654053,1.82005071640015,1.84890007972717,2.42424511909485,1.5592292547226,83.0425338745117,70.5754165649414,69.0532302856445,78.759162902832,0.294683337211609,0.0183960609138012,5.66684793739114e-05,0.0172711424529552,0,0,0,0.664650917053223,593043.9375,NA,NA
"PL922",1.47512805461884,10.2941484451294,20.6373767852783,11.1408233642578,19.1622467041016,1.98858058452606,1.58106744289398,2.3789598941803,1.6636335849762,85.7420196533203,72.4332275390625,71.5166854858398,81.8808517456055,0.34952038526535,0.0528236515820026,5.60742591915186e-05,0.00684568332508206,0,1.0481566007118e-14,0,0.588777244091034,294862.9375,NA,NA
"PL923",1.78398597240448,10.4658250808716,20.6932525634766,11.4055299758911,18.9092674255371,1.80559504032135,1.52302229404449,2.33692383766174,1.60689473152161,84.9798202514648,72.0877380371094,71.181884765625,81.3973007202148,0.390296667814255,0.0841928198933601,1.17690468481868e-09,0.0128010455518961,0,0,0,0.502189934253693,267570.25,NA,NA
"PL924",1.10190308094025,10.1240940093994,20.6231479644775,10.8356599807739,19.5212459564209,2.10779595375061,1.73877370357513,2.55523037910461,1.75092303752899,85.5017929077148,71.8486709594727,70.2818984985352,81.427864074707,0.254961043596268,0.0543708056211472,8.79044164321385e-05,0.0046030692756176,0,1.14520182616443e-13,0,0.685676574707031,303351.90625,NA,NA
"PL925",1.08804214000702,10.4532623291016,21.0384902954102,11.0097923278809,19.9504489898682,1.88461363315582,1.69293761253357,2.44322371482849,1.54405558109283,84.6636352539062,71.2233352661133,69.2060012817383,79.9547576904297,0.305724918842316,0.0707328021526337,9.68757449300028e-05,0.00854100566357374,0,0,0,0.612514913082123,413388.25,NA,NA
"PL926",1.57364642620087,10.5842685699463,21.0364284515381,11.3731555938721,19.4627819061279,1.85789430141449,1.68057882785797,2.33525228500366,1.51663792133331,83.4537734985352,70.9416198730469,69.5654983520508,79.5895843505859,0.339844524860382,0.0287985652685165,0.000223187045776285,0.00901140458881855,0,0,0,0.616125285625458,204027.5625,NA,NA
"PT111",9.23712921142578,12.9084701538086,21.3961887359619,16.143123626709,12.1590576171875,6.37852239608765,3.46058344841003,0.646090984344482,4.93351793289185,82.0978164672852,74.9850082397461,69.6501083374023,79.5018539428711,0.0641145408153534,0.0748532861471176,4.8145815112477e-10,0.0224795863032341,6.1720194935333e-05,0,0.676674485206604,0,221362.171875,NA,NA
"PT112",8.89826393127441,12.6879043579102,21.2565174102783,15.8961668014526,12.3582534790039,6.10003614425659,3.30534672737122,0.591233849525452,4.5996208190918,82.0618133544922,74.2142868041992,68.4546966552734,78.9210052490234,0.0690215453505516,0.0555605292320251,3.51837142753553e-10,0.0404801741242409,4.11059845646378e-05,0,0.691209614276886,0,202449.65625,NA,NA
"PT119",8.2117166519165,12.3736448287964,21.5476779937744,15.5766220092773,13.3359603881836,5.59817171096802,3.03485727310181,0.511732220649719,4.01629209518433,82.3690948486328,72.6222915649414,64.9228286743164,77.4804534912109,0.0915106162428856,0.0977317243814468,0.000333823496475816,0.0335488319396973,3.12712509185076e-05,0,0.745315670967102,0,280375.03125,NA,NA
"PT11A",10.8910999298096,14.7238111495972,22.8040065765381,17.8541965484619,11.9129076004028,5.350172996521,2.8369607925415,0.50902646780014,3.79030299186707,81.2838439941406,72.6359176635742,67.2653427124023,77.7135696411133,0.0842107310891151,0.0398438312113285,7.77468533996739e-10,0.0858281627297401,0,0,0.594793796539307,0,646854.875,NA,NA
"PT11B",6.62172985076904,11.6141843795776,22.156587600708,14.7169923782349,15.5348567962646,4.88459777832031,2.72252416610718,0.517745435237885,3.58654189109802,82.2140884399414,69.8528823852539,58.0287971496582,74.4957504272461,0.0740316957235336,0.210279658436775,0.00172429787926376,0.00517803756520152,7.65305521781556e-05,0.00800374615937471,0.695531070232391,0.00139684823807329,79753.5859375,NA,NA
"PT11C",9.06177997589111,13.2067966461182,22.2270011901855,16.4099388122559,13.1652202606201,5.25391435623169,2.79124546051025,0.46238511800766,3.57435083389282,82.030143737793,71.9404373168945,64.3613815307617,76.9569549560547,0.1281528621912,0.104966334998608,1.85486881409958e-09,0.0295074414461851,0,0,0.737373352050781,0,456003.96875,NA,NA
"PT11D",7.64014196395874,12.750111579895,23.4469261169434,15.8428344726562,15.8067846298218,3.49134182929993,1.79524779319763,0.330756664276123,2.4260036945343,81.5904998779297,67.1186828613281,53.7485618591309,72.3904724121094,0.0968528091907501,0.231476679444313,0.00435729883611202,0.00639919331297278,5.83252912633725e-08,0.28517147898674,0.311818778514862,0.0639237388968468,152752.921875,NA,NA
"PT11E",7.10303974151611,12.9275150299072,24.3241901397705,15.8233642578125,17.2211494445801,3.26356720924377,1.7848174571991,0.377865135669708,2.40826630592346,80.5741958618164,64.964225769043,48.9249687194824,70.0914993286133,0.113376207649708,0.254367470741272,0.0199245475232601,0.00282024731859565,5.2754254284082e-05,0.198938518762589,0.327156692743301,0.0824430212378502,92518.46875,NA,NA
"PT150",12.7283229827881,16.8353500366211,25.0373554229736,19.7427730560303,12.3090333938599,2.88459730148315,1.23850810527802,0.158323913812637,1.96598029136658,78.6345977783203,65.1383972167969,56.4838562011719,70.7074508666992,0.0833840072154999,0.0322599038481712,0.00494104577228427,0.00897517427802086,0,0.446389347314835,0,0.2136649787426,294350.78125,NA,NA
"PT16B",12.507640838623,15.9622373580933,23.4101753234863,19.1459693908691,10.9025344848633,2.97245454788208,1.37062859535217,0.183543503284454,2.14151501655579,80.3448791503906,72.5188522338867,71.4731826782227,78.2361831665039,0.139909401535988,0.0887651294469833,2.00281533579982e-06,0.0147997289896011,0,0.0769215375185013,0.303982585668564,0.0580999590456486,288313.4375,NA,NA
"PT16D",11.6191825866699,15.4590215682983,23.4792556762695,18.5616111755371,11.8600721359253,4.99617671966553,2.61397266387939,0.473507761955261,3.63290786743164,80.4535293579102,71.8530807495117,67.611457824707,77.3454055786133,0.0696859955787659,0.0357882976531982,3.9915748484276e-10,0.0383735820651054,0,0,0.612671136856079,0,176429.53125,NA,NA
"PT16E",11.2038536071777,15.2319192886353,24.0653591156006,18.4365043640137,12.8615055084229,4.09548711776733,2.00684356689453,0.309155136346817,2.87683773040771,80.3378753662109,70.4039840698242,63.743091583252,75.5497512817383,0.0746065825223923,0.0722037181258202,0.00123526889365166,0.0205341428518295,0,0.163662984967232,0.557911694049835,0.0126894395798445,312693.6875,NA,NA
"PT16F",11.8072757720947,15.7388334274292,24.1387004852295,18.8984966278076,12.3314247131348,3.53579044342041,1.69533050060272,0.267009437084198,2.53096747398376,79.9486618041992,69.9786682128906,65.9755554199219,75.8234329223633,0.089150957763195,0.0686107352375984,1.97526347278654e-07,0.0335120372474194,0,0.553454697132111,0.0427601151168346,0.173709139227867,198334.078125,NA,NA
"PT16G",9.88246250152588,14.3967170715332,23.8150119781494,17.4657936096191,13.9325494766235,4.76479864120483,2.47855567932129,0.445531457662582,3.33705353736877,81.7976837158203,69.6742324829102,60.0676002502441,74.6701507568359,0.0678855329751968,0.123329743742943,0.000147806131280959,0.0184405315667391,0,0.0239267069846392,0.763137400150299,0.00313230906613171,233829.5625,NA,NA
"PT16H",10.2326412200928,15.3597965240479,25.9977493286133,18.49001121521,15.7651071548462,3.19959592819214,1.54272782802582,0.259944200515747,2.57272720336914,78.5261001586914,62.3010292053223,46.7526664733887,67.4737548828125,0.0955863296985626,0.184657409787178,0.0287802387028933,0.00443265028297901,0,0.504551410675049,0,0.181858092546463,76335.9296875,NA,NA
"PT16I",11.5543699264526,15.7695894241333,24.6609516143799,18.943904876709,13.1065816879272,3.38119959831238,1.62543320655823,0.267707824707031,2.53603911399841,79.7460861206055,67.2022171020508,59.2784843444824,72.9527282714844,0.0856335088610649,0.0768303200602531,0.0042981137521565,0.0156195936724544,0,0.610820591449738,0,0.200385168194771,152650.421875,NA,NA
"PT16J",8.6740026473999,13.8539533615112,24.7503433227539,16.9712543487549,16.0763397216797,3.57137274742126,1.81018817424774,0.315425872802734,2.73968052864075,80.4479751586914,65.0346755981445,49.4764595031738,70.0481414794922,0.089247964322567,0.26308012008667,0.0191732868552208,0.00712390337139368,0,0.474116384983063,0.0251988358795643,0.121945336461067,166367.25,NA,NA
"PT170",13.3501834869385,17.0229053497314,24.3119316101074,20.0286254882812,10.9617481231689,2.7836287021637,1.20369803905487,0.186762064695358,2.04186415672302,79.8436508178711,69.6507110595703,67.1526794433594,75.6681747436523,0.116865418851376,0.0765267014503479,6.56389820505865e-05,0.123560287058353,0,0.223569989204407,0.0092468773946166,0.20899561047554,1859898.625,NA,NA
"PT181",12.9725666046143,17.0810966491699,25.1275463104248,20.081974029541,12.1549806594849,2.60141968727112,1.12331175804138,0.163498178124428,1.84495079517365,79.2100830078125,67.4644241333008,62.9619483947754,73.3729629516602,0.127207085490227,0.0614936277270317,0.0186986438930035,0.0025130424182862,0,0.276304632425308,0,0.26991480588913,85950.5,NA,NA
"PT184",12.3848781585693,17.1798458099365,26.2440547943115,20.1346321105957,13.8591775894165,2.33010792732239,1.16521334648132,0.198670357465744,1.73187756538391,78.129508972168,62.2943229675293,52.285270690918,67.8044586181641,0.219776570796967,0.108672611415386,0.020451508462429,0.00341357756406069,0,0.208625078201294,0,0.427394896745682,118731.5390625,NA,NA
"PT185",12.6667985916138,16.7562503814697,25.1740188598633,19.9169483184814,12.5072202682495,2.75931644439697,1.2548154592514,0.191712498664856,2.06188893318176,79.5789489746094,66.0792236328125,58.7821578979492,72.3516464233398,0.179270461201668,0.125177159905434,0.00732509652152658,0.0180397927761078,0,0.301872223615646,0,0.362537682056427,309103.03125,NA,NA
"PT186",11.4974508285522,16.5371227264404,26.7557334899902,19.7141895294189,15.2582855224609,2.7748122215271,1.31319236755371,0.21913468837738,2.19575953483582,78.1894836425781,61.6729354858398,47.9712753295898,67.0258636474609,0.200434491038322,0.209311351180077,0.0198386255651712,0.00462424382567406,0,0.258678108453751,0,0.307113200426102,104780.25,NA,NA
"PT187",12.1737089157104,17.0927562713623,26.5590152740479,20.1821441650391,14.3853044509888,2.38104677200317,1.15244913101196,0.223775207996368,1.85830640792847,77.9852752685547,61.294303894043,50.6702651977539,67.0732498168945,0.239132270216942,0.201703831553459,0.0187272131443024,0.00642280327156186,0,0.173196479678154,0,0.360076546669006,164943.015625,NA,NA
"RO111",1.18278980255127,11.9674587249756,23.0850162506104,13.1598138809204,21.9022274017334,2.26304054260254,2.3976423740387,2.37126731872559,2.01714110374451,81.8989486694336,67.1749496459961,64.325065612793,73.5436401367188,0.254895955324173,0.190565332770348,0.0190199632197618,0.00357174430973828,0,0.214189827442169,0.0138544403016567,0.303902715444565,322954.15625,NA,NA
"RO112",-1.47762036323547,9.40871810913086,20.0452671051025,10.2356691360474,21.5228881835938,1.93673634529114,2.24451851844788,2.83246326446533,1.9239399433136,82.7180023193359,70.7695083618164,70.7168502807617,78.0129852294922,0.226562365889549,0.0435754060745239,0.00423227483406663,0.00522350845858455,4.8514993977733e-05,0.00630765501409769,0.673360228538513,0.0406900644302368,240232.359375,NA,NA
"RO113",-0.228362709283829,10.4652147293091,21.3092708587646,11.52903175354,21.537633895874,2.06124877929688,2.38001871109009,2.5863196849823,1.91839396953583,82.3922119140625,70.0155715942383,68.7447509765625,76.8367691040039,0.188773557543755,0.239779427647591,0.0316839553415775,0.00897940993309021,0,0.19460254907608,0.103461943566799,0.232719197869301,586195.375,NA,NA
"RO114",-1.75097024440765,8.94043731689453,19.7134304046631,9.95226001739502,21.4644012451172,2.41904473304749,2.48198556900024,3.11606884002686,2.36075186729431,83.3102111816406,71.7496032714844,71.9284057617188,78.7410049438477,0.0774135664105415,0.158819332718849,0.0204158071428537,0.00950623489916325,0.000262038724031299,0.0132732437923551,0.706303536891937,0.0140062067657709,395328.0625,NA,NA
"RO115",1.08681106567383,12.1861248016357,23.0989608764648,13.0311508178711,22.012149810791,1.96172940731049,1.94833850860596,2.26959109306335,1.80654954910278,81.0917282104492,66.1089172363281,63.8472290039062,73.1729888916016,0.246848344802856,0.22774101793766,0.00207635015249252,0.00843190122395754,5.14787061547395e-05,0.0516196899116039,0.207028269767761,0.256202906370163,300553.78125,NA,NA
"RO116",0.478261828422546,11.2936458587646,22.1612453460693,12.2675333023071,21.6829814910889,1.71932113170624,2.04584455490112,2.40700340270996,1.73402380943298,81.9111099243164,68.3971405029297,66.7002944946289,75.2112884521484,0.174295872449875,0.279016941785812,0.00796289090067148,0.0058083375915885,0,0.209820196032524,0.0545971728861332,0.268498599529266,162118.203125,NA,NA
"RO121",-0.462043672800064,9.75839900970459,20.7492504119873,11.1384754180908,21.2112941741943,1.55806469917297,2.10657644271851,2.2719624042511,1.58058869838715,80.9116439819336,70.6406326293945,69.0064926147461,76.0111618041992,0.124993711709976,0.199232518672943,0.0437295585870743,0.00428056437522173,1.10829463016996e-30,0.117346964776516,0.324794471263885,0.185622200369835,246755.84375,NA,NA
"RO122",-0.551448047161102,10.0765237808228,20.9877891540527,11.1319570541382,21.5392360687256,1.4712073802948,2.14466190338135,2.34492659568787,1.5612655878067,81.2323150634766,70.9987564086914,68.0254287719727,76.1330947875977,0.10934542119503,0.0855375453829765,0.0213969592005014,0.00786660984158516,0,0.356864243745804,0.0771110504865646,0.341878175735474,376274.59375,NA,NA
"RO123",-1.28067791461945,9.57387638092041,20.6661357879639,10.58655834198,21.9468154907227,1.35475778579712,2.03871822357178,2.33302021026611,1.43961668014526,81.802360534668,71.1118469238281,69.5798721313477,77.3148880004883,0.108476266264915,0.0924479886889458,0.0271234791725874,0.0102701187133789,0,0.334594637155533,0.289185672998428,0.137901827692986,254490.9375,NA,NA
"RO124",-2.55636191368103,8.30643272399902,19.0700435638428,9.18631172180176,21.6264057159424,1.41949892044067,1.97778832912445,2.64058637619019,1.4957822561264,82.4784393310547,71.4608688354492,70.8938522338867,77.932502746582,0.145475119352341,0.0553423352539539,0.0157745555043221,0.00370191177353263,0,0.0328103080391884,0.732382357120514,0.0144832627847791,222231.453125,NA,NA
"RO125",-0.616357803344727,10.46302318573,21.1036071777344,11.1459579467773,21.7199630737305,1.4155136346817,1.94977796077728,2.46429061889648,1.57274687290192,81.5353088378906,68.8973236083984,67.8932418823242,75.8436584472656,0.326349973678589,0.0530330426990986,0.00290014338679612,0.00713754026219249,0,0.0746746957302094,0.357178539037704,0.178726091980934,407794.4375,NA,NA
"RO126",-0.240044489502907,10.2752962112427,21.18776512146,11.395510673523,21.4278106689453,1.39556062221527,2.16341519355774,2.45084047317505,1.68007016181946,80.8610916137695,70.1306381225586,67.2078094482422,75.4468383789062,0.155415326356888,0.0830847099423409,0.0202858615666628,0.00660882843658328,0,0.323522865772247,6.0451671743067e-05,0.411021918058395,318364.78125,NA,NA
"RO211",-0.230187237262726,11.0361747741699,22.4918556213379,11.8662147521973,22.7220439910889,1.09536361694336,1.79080665111542,2.393709897995,1.30884480476379,80.0928039550781,67.2960739135742,66.0050354003906,74.8981704711914,0.0456363074481487,0.217027336359024,0.016915388405323,0.00884691067039967,0,0.270665675401688,0.110961243510246,0.32951208949089,415530.78125,NA,NA
"RO212",1.08371257781982,12.3197574615479,24.0698280334473,13.0586175918579,22.9861145019531,1.16182947158813,1.61324286460876,2.50159406661987,1.34107983112335,79.3261947631836,63.8985748291016,63.251708984375,73.1173629760742,0.217930361628532,0.172481119632721,0.00222227233462036,0.00780473602935672,0,0.102020286023617,0,0.496999353170395,340380.75,NA,NA
"RO213",1.02796900272369,12.5439682006836,24.1903991699219,13.1974296569824,23.1624298095703,1.34431552886963,1.7798707485199,2.29994082450867,1.41114473342896,79.7630157470703,63.7129745483398,62.0733337402344,72.4845199584961,0.0919425040483475,0.212840110063553,0.000844015623442829,0.00909392349421978,0,0.119786627590656,0,0.56538051366806,443634.3125,NA,NA
"RO214",-1.21940863132477,9.91678524017334,21.1396198272705,10.7462406158447,22.3590278625488,1.2559198141098,1.99290835857391,2.77938795089722,1.3715888261795,80.3561706542969,68.519287109375,67.9836883544922,76.1300582885742,0.0461088046431541,0.176581308245659,0.00962668843567371,0.0102778235450387,0,0.367067486047745,0.0756941959261894,0.312179684638977,370477.28125,NA,NA
"RO215",-1.92498075962067,8.84089946746826,19.8304538726807,9.77933216094971,21.7554359436035,1.33931136131287,2.11424374580383,3.25535702705383,1.53227293491364,80.5744934082031,70.8345947265625,71.0562896728516,77.800178527832,0.0775999054312706,0.0786888003349304,0.00450735166668892,0.00710690347477794,1.31833303385065e-06,0.414626449346542,0.14826774597168,0.268527776002884,406477.96875,NA,NA
"RO216",1.07734942436218,12.6311912536621,24.4867057800293,13.3791408538818,23.4093551635742,1.34455561637878,1.62117695808411,1.89604187011719,1.37520945072174,79.9483489990234,63.6810607910156,60.2646980285645,71.8891220092773,0.204684928059578,0.203463956713676,0.000247314077569172,0.00516205374151468,0,0.097651906311512,0,0.488686770200729,251335.359375,NA,NA
"RO221",2.43542146682739,13.7977447509766,26.1305484771729,14.9664916992188,23.6951274871826,1.39191269874573,1.35806739330292,1.20558440685272,1.19094514846802,79.152946472168,64.7565002441406,57.6811637878418,71.3074493408203,0.53120219707489,0.170111194252968,0.0224525164812803,0.00916486978530884,0,0.0194109063595533,0,0.229712590575218,337048.5,NA,NA
"RO222",1.14351463317871,12.3950414657593,24.3066883087158,13.4429597854614,23.1631736755371,1.42739450931549,1.7205183506012,1.72480881214142,1.40270304679871,78.4581146240234,65.4180908203125,59.7186508178711,71.9172821044922,0.368717670440674,0.174747928977013,0.00962394755333662,0.00944973528385162,0,0.15054289996624,0.095050647854805,0.190353125333786,357466.875,NA,NA
"RO223",3.32742214202881,13.0814371109009,25.5443744659424,15.327956199646,22.2169513702393,1.33520042896271,1.33869159221649,1.02300870418549,1.4111328125,79.3851699829102,69.6103744506836,63.5307998657227,74.2230987548828,0.532310009002686,0.107297576963902,0.0154264038428664,0.00521064084023237,0,0.019980501383543,0,0.197116553783417,303487.0625,NA,NA
"RO224",1.65190291404724,13.2502336502075,25.4620323181152,14.2004814147949,23.8101291656494,1.44844698905945,1.51478815078735,1.52103638648987,1.3803403377533,79.0436859130859,63.796443939209,57.5732002258301,70.9574203491211,0.478424996137619,0.170679658651352,0.01871332898736,0.0055171437561512,0,0.0361287742853165,0,0.285235106945038,250983.96875,NA,NA
"RO225",2.74456000328064,12.956184387207,25.4123439788818,14.7194242477417,22.667781829834,1.26841616630554,1.1315985918045,1.0036883354187,1.20231771469116,79.8497009277344,69.3356781005859,62.9626045227051,74.0517196655273,0.362000912427902,0.115451902151108,0.124924868345261,0.0067226579412818,0,0.061281930655241,0,0.107504822313786,278031.3125,NA,NA
"RO226",0.231243148446083,11.4737710952759,23.2970008850098,12.4912261962891,23.0657577514648,1.54096400737762,1.9138149023056,1.98199808597565,1.49463474750519,78.2169723510742,65.6582260131836,61.3721504211426,72.4255676269531,0.241066724061966,0.168128937482834,0.00454049371182919,0.00833649188280106,0,0.345185697078705,0.0030411914922297,0.229060724377632,245693.375,NA,NA
"RO311",0.525577902793884,11.1162891387939,22.6474742889404,12.4843235015869,22.1218967437744,1.58004951477051,2.07927227020264,2.14125514030457,1.58782470226288,80.6044082641602,69.8118667602539,66.2556457519531,75.6260147094727,0.115770809352398,0.0589955449104309,0.0143638011068106,0.00866538472473621,0,0.126430332660675,0.56203418970108,0.113739974796772,466640.5625,NA,NA
"RO312",2.73217010498047,14.0399351119995,26.3854675292969,15.2277851104736,23.6532974243164,1.6761029958725,1.54133784770966,1.23285591602325,1.50048410892487,80.1283569335938,66.2304382324219,59.6828460693359,72.513671875,0.504835903644562,0.14558307826519,0.0244512427598238,0.0135391568765044,0,0.0247119255363941,0,0.265975713729858,695029.25,NA,NA
"RO313",1.28955113887787,12.1701250076294,23.9123191833496,13.4099597930908,22.622766494751,1.59302830696106,1.95477902889252,1.94811296463013,1.50138223171234,80.0630493164062,68.9243774414062,65.3306427001953,75.1116409301758,0.162984728813171,0.0539529137313366,0.00621028104797006,0.010105999186635,0,0.183436557650566,0.500067472457886,0.0832420513033867,380581.375,NA,NA
"RO314",2.61617517471313,14.0447816848755,26.551097869873,15.3293943405151,23.9349212646484,1.97539722919464,1.63883352279663,1.29972839355469,1.4574818611145,80.6896438598633,66.0278625488281,59.1516151428223,72.0065536499023,0.372430831193924,0.0993995815515518,0.011982748284936,0.0240190643817186,0,0.0215168222784996,0.0248354375362396,0.444437325000763,957774.9375,NA,NA
"RO315",2.44336533546448,13.8711576461792,26.1483020782471,15.0233564376831,23.7049350738525,1.42493116855621,1.38198459148407,1.18117666244507,1.30215716362,79.6502151489258,65.597282409668,59.0382118225098,72.3951797485352,0.54034811258316,0.154333561658859,0.0243892427533865,0.00448131375014782,0,0.00971870496869087,0,0.259806990623474,200566.8125,NA,NA
"RO316",0.785353302955627,11.4072818756104,23.0573196411133,12.6645650863647,22.2719669342041,1.71064126491547,1.90597915649414,2.03460741043091,1.58490443229675,79.6964111328125,68.5203170776367,64.2455520629883,74.3772354125977,0.195392578840256,0.0976817682385445,0.0151419816538692,0.0107722440734506,0,0.232937514781952,0.245064690709114,0.203009262681007,462752,NA,NA
"RO317",2.56798601150513,14.1616048812866,26.6699028015137,15.5310678482056,24.1019153594971,1.60417175292969,1.52184772491455,1.28629088401794,1.2279452085495,80.3995208740234,65.1952590942383,57.4126625061035,70.9459075927734,0.398480385541916,0.116202838718891,0.00934312958270311,0.00663550617173314,0,0.0163323115557432,0.000155793983140029,0.451265841722488,281552.40625,NA,NA
"RO321",2.5481059551239,14.1082096099854,26.5585060119629,15.1807346343994,24.0103969573975,2.3007218837738,1.68078136444092,1.30222296714783,1.59789741039276,80.9463500976562,65.8888244628906,59.2279205322266,72.4740524291992,0.432681798934937,0.101191952824593,0.0284849274903536,0.06507807970047,0,0.0209267847239971,0.00155173614621162,0.349798291921616,176523.484375,NA,NA
"RO322",2.35062336921692,14.0014801025391,26.2541694641113,14.9894866943359,23.9035453796387,1.95380163192749,1.64749360084534,1.42065191268921,1.50797462463379,80.5910034179688,65.8967514038086,59.9153175354004,72.9627456665039,0.420773088932037,0.0961081087589264,0.0104340435937047,0.0333609208464622,0,0.0253563057631254,0.0457239896059036,0.368138641119003,565446.4375,NA,NA
"RO411",2.77824401855469,13.9972171783447,26.0745048522949,15.0904569625854,23.2962589263916,1.73369288444519,1.77872753143311,1.44730937480927,1.3675365447998,79.7852630615234,64.1014862060547,55.6081962585449,70.3207626342773,0.233178079128265,0.10652083158493,0.0108101377263665,0.00953657925128937,0,0.0207825358957052,0.061164140701294,0.556475102901459,500096.5625,NA,NA
"RO412",0.356109350919724,10.4459838867188,22.0386810302734,12.0651741027832,21.6825714111328,1.82013463973999,2.17656326293945,2.15655183792114,1.83259177207947,80.5953216552734,69.7216186523438,66.2525863647461,75.7892608642578,0.095906138420105,0.0330505818128586,0.00847457069903612,0.00573637103661895,0,0.156227946281433,0.645112812519073,0.0553165823221207,238637.9375,NA,NA
"RO413",2.36685109138489,12.8888359069824,24.7806148529053,14.2141571044922,22.4137649536133,1.82552230358124,1.93564295768738,1.668940782547,1.625612616539,80.9768447875977,67.3599624633789,61.4392051696777,74.4145050048828,0.160900950431824,0.0514466688036919,0.00133828434627503,0.00575351901352406,1.3284253257931e-20,0.00839997921139002,0.527798652648926,0.240482866764069,208711.28125,NA,NA
"RO414",2.34982395172119,14.0257768630981,26.2564868927002,15.2258977890015,23.9066638946533,1.67012655735016,1.66282880306244,1.48911893367767,1.30870866775513,80.1945266723633,64.8444519042969,57.9650268554688,71.3116073608398,0.303564339876175,0.0890735909342766,0.00483239069581032,0.00890152342617512,0,0.0178404077887535,0.174079850316048,0.401155173778534,325844.5625,NA,NA
"RO415",0.268100947141647,10.7165393829346,22.1899757385254,12.1351718902588,21.921875,1.77288508415222,2.11848282814026,2.07781481742859,1.68121683597565,80.4560394287109,69.5018920898438,66.390754699707,75.6514892578125,0.0951102524995804,0.043774202466011,0.0101482858881354,0.00685968017205596,0,0.294239044189453,0.465055614709854,0.0848129764199257,243273.34375,NA,NA
"RO421",1.96014595031738,12.5198917388916,23.8468627929688,13.9317274093628,21.8867168426514,1.74688231945038,2.03199005126953,1.98406064510345,1.67106127738953,81.901725769043,67.4593963623047,65.1086120605469,73.9270324707031,0.335973739624023,0.108405359089375,0.00308374990709126,0.00391762144863605,0,0.219353556632996,0.0242622140794992,0.305003702640533,320528.09375,NA,NA
"RO422",1.29902279376984,11.0609502792358,22.761116027832,12.9611043930054,21.4620933532715,2.14062905311584,2.41269946098328,2.29489040374756,2.0623824596405,81.9689559936523,70.6228408813477,67.7492752075195,76.3992691040039,0.0955783724784851,0.0807798504829407,0.0051274923607707,0.00727786729112267,1.46370788769866e-20,0.382928907871246,0.209738627076149,0.215554356575012,215786.390625,NA,NA
"RO423",-0.199293181300163,9.65389728546143,20.985502243042,11.4073009490967,21.1847953796387,1.55506253242493,2.08313798904419,2.04678797721863,1.70083749294281,80.9856185913086,71.7714538574219,69.8013610839844,76.8462219238281,0.0553406327962875,0.0801089480519295,0.013300939463079,0.00722867157310247,2.87922464177415e-30,0.106155388057232,0.696107745170593,0.0417576357722282,284711.40625,NA,NA
"RO424",2.73592090606689,13.3060398101807,24.8704795837402,14.7823934555054,22.1345615386963,1.44207811355591,1.81559431552887,1.63916897773743,1.60720729827881,80.4523544311523,66.0074005126953,62.2135734558105,72.5963592529297,0.3385029733181,0.153034374117851,0.00119117787107825,0.009160615503788,0,0.114829942584038,0.00111586938146502,0.382164984941483,604101.125,NA,NA
"RSG125371",2.09167456626892,12.2024068832397,24.1297206878662,13.7953147888184,22.0380439758301,1.78127038478851,1.95622372627258,1.62490379810333,1.63927471637726,82.4267272949219,68.810173034668,62.0519332885742,75.5081558227539,0.130709588527679,0.0511944741010666,0.00322021660394967,0.00415586726740003,1.34916405237538e-20,0.077801488339901,0.16676476597786,0.561663627624512,81173.7265625,NA,NA
"RSG125372",2.55992031097412,12.595986366272,24.5116195678711,14.3494234085083,21.9516983032227,1.69040405750275,2.04448533058167,1.7993825674057,1.64478087425232,80.8555908203125,67.848503112793,62.9485740661621,73.7517700195312,0.207806766033173,0.099051222205162,0.00829093065112829,0.00874676275998354,3.3677503873949e-23,0.23159895837307,0.000289568532025442,0.438843190670013,118707.09375,NA,NA
"RSG125373",3.79140710830688,14.0720615386963,25.9569034576416,15.7381925582886,22.1654968261719,1.46018028259277,1.95129251480103,1.92559015750885,1.60610926151276,78.8411331176758,64.605583190918,58.5235862731934,70.9599380493164,0.342126578092575,0.132933035492897,0.000270611111773178,0.0846678093075752,0,0.00612823711708188,0,0.433857947587967,1174148.125,NA,NA
"RSG125374",1.74585914611816,11.5948905944824,23.4163570404053,13.4669742584229,21.6704959869385,1.46619892120361,1.79124510288239,1.55524611473083,1.4173070192337,78.8377838134766,67.5650405883789,58.1453399658203,71.8645324707031,0.212302535772324,0.117458485066891,0.00510721188038588,0.0185117479413748,0,0.18361285328865,0,0.46274071931839,208820.703125,NA,NA
"RSG125375",3.45128417015076,14.0712490081787,25.5559902191162,15.5023775100708,22.1047058105469,1.34847009181976,1.72301435470581,1.99246656894684,1.68096780776978,79.9273986816406,63.2328033447266,59.0364685058594,71.8033294677734,0.516576528549194,0.0836291685700417,0.00310388510115445,0.0242185350507498,0,0.00876419711858034,0,0.363601386547089,468906.15625,NA,NA
"RSG125376",3.63927793502808,14.0808248519897,25.9265117645264,15.6681976318359,22.2872352600098,1.46333348751068,1.86404168605804,1.8261034488678,1.6362738609314,79.1353149414062,64.6374435424805,59.8774566650391,70.8089447021484,0.3866848051548,0.159583777189255,0.00670787692070007,0.0171432588249445,0,0.00355614069849253,0,0.423786610364914,349528.15625,NA,NA
"RSG125377",2.55755972862244,12.2134037017822,23.9952507019043,14.1656665802002,21.4376907348633,1.67288661003113,2.23387098312378,2.11200261116028,1.80314791202545,78.9430465698242,66.4159240722656,61.8266220092773,73.3534088134766,0.308423578739166,0.0867605656385422,0.000732687010895461,0.0148274460807443,0,0.115599900484085,0,0.473655790090561,168496.75,NA,NA
"RSG125381",3.53685593605042,13.3347759246826,24.9742298126221,15.1339664459229,21.4373741149902,1.74217343330383,2.27987790107727,2.17828035354614,1.93848443031311,79.3750686645508,65.9927368164062,60.8307075500488,73.1369476318359,0.37658354640007,0.0535894520580769,0.00197557546198368,0.0160506162792444,0,0.198389619588852,0,0.353411197662354,205931.90625,NA,NA
"RSG125382",1.940584897995,11.4529333114624,23.3466930389404,13.4677677154541,21.4061069488525,1.6606410741806,2.17297267913818,2.05091571807861,1.8444596529007,79.4710311889648,69.0507202148438,64.6820449829102,75.041748046875,0.280579656362534,0.117892995476723,0.00394151685759425,0.0176033899188042,1.04719374576234e-05,0.167601436376572,0.104792796075344,0.307577699422836,190934.4375,NA,NA
"RSG125383",1.92237102985382,11.964319229126,23.7941722869873,13.6720886230469,21.8718013763428,1.50368797779083,1.87206697463989,1.50894916057587,1.4214141368866,79.3616561889648,66.7030029296875,57.7766723632812,71.8967819213867,0.320858836174011,0.144016072154045,0.00367894046939909,0.0186107214540243,0,0.0517306588590145,0,0.461104840040207,225674.96875,NA,NA
"RSG125384",1.57224142551422,11.1678953170776,22.9501457214355,13.2576770782471,21.3779048919678,1.40432798862457,1.78411364555359,1.51261126995087,1.40088248252869,77.4762268066406,66.895133972168,56.8226509094238,70.5885162353516,0.137177124619484,0.149640187621117,0.0290270540863276,0.0102219181135297,0,0.220971137285233,0,0.452626615762711,163603.390625,NA,NA
"RSG125386",0.744373738765717,10.7490587234497,22.5211372375488,12.6003828048706,21.7767639160156,1.41287279129028,1.84214818477631,1.54495465755463,1.38188791275024,79.5157928466797,68.4753875732422,62.0972137451172,73.607536315918,0.0451222807168961,0.121070846915245,0.0298629924654961,0.00436983071267605,0,0.150762721896172,0,0.648759543895721,57515.5703125,NA,NA
"RSG125387",3.54057693481445,13.7035074234009,25.6579704284668,15.3919534683228,22.1173934936523,1.47059571743011,1.89174735546112,1.76490354537964,1.53598630428314,78.2568283081055,64.9266128540039,59.7885322570801,70.9654159545898,0.352423787117004,0.14980760216713,0.00261029158718884,0.024790670722723,0,0.0084293857216835,0,0.460143744945526,143245.515625,NA,NA
"RSG125388",2.78111219406128,12.8024435043335,24.7360076904297,14.5052623748779,21.9548950195312,1.56658732891083,2.0188205242157,1.76011419296265,1.51359677314758,79.7986526489258,67.2422485351562,60.827564239502,72.8688507080078,0.372070014476776,0.112856186926365,0.00291333673521876,0.0172664932906628,0,0.089006133377552,0,0.405887812376022,170654.375,NA,NA
"RSG125390",2.04722189903259,11.9141798019409,23.7982769012451,13.6922922134399,21.7510547637939,1.66269636154175,2.21081042289734,1.92398476600647,1.65578639507294,79.5250625610352,68.0483093261719,61.1636276245117,73.4702835083008,0.357098340988159,0.10870585590601,0.00643521873280406,0.0208077188581228,0,0.0998159274458885,0,0.407136887311935,191353.875,NA,NA
"RSG125391",1.18207824230194,10.6402521133423,22.5348892211914,12.6919031143188,21.3528099060059,1.90653717517853,2.42317700386047,2.11075019836426,2.06830596923828,79.5094833374023,69.6418151855469,63.9344635009766,74.8078460693359,0.224092528223991,0.149742767214775,0.018829895183444,0.0180498342961073,0,0.0911953300237656,0.174471944570541,0.323617696762085,247709.03125,NA,NA
"RSG125392",2.98045754432678,13.8229379653931,25.0819416046143,15.0745782852173,22.1014823913574,1.33405530452728,1.57842564582825,1.91219544410706,1.56854891777039,80.3927154541016,62.6348876953125,58.5871162414551,72.1129684448242,0.60187178850174,0.0411651469767094,8.11823792901123e-06,0.0093214986845851,0,0.00388226099312305,0,0.343751221895218,96510.3046875,NA,NA
"RSG125393",3.13093161582947,13.9802122116089,25.4178447723389,15.2895421981812,22.2869129180908,1.26670205593109,1.58793008327484,1.7171927690506,1.48641526699066,80.6018829345703,63.3666801452637,58.2602920532227,71.4324722290039,0.490093499422073,0.10366877168417,0.0134313181042671,0.0113087212666869,0,0.00271343602798879,0,0.378784269094467,145703.59375,NA,NA
"RSG125394",3.47497153282166,14.187460899353,25.8489418029785,15.6310892105103,22.3739719390869,1.30454623699188,1.69366824626923,1.75186562538147,1.56298577785492,80.1182098388672,63.9030456542969,58.7646255493164,71.1062316894531,0.418327838182449,0.163716778159142,0.0108906533569098,0.00999756157398224,0,7.45653815101832e-05,0,0.396833688020706,149253.78125,NA,NA
"RSG125395",3.90332102775574,14.2915029525757,25.9094543457031,15.8422222137451,22.0061302185059,1.45362114906311,1.91806495189667,2.00995063781738,1.72489774227142,79.5666656494141,64.1234741210938,58.835090637207,71.7805786132812,0.464656621217728,0.0858563259243965,0.00137374561745673,0.0389183312654495,0,0.0152096273377538,0,0.393898338079453,587198.25,NA,NA
"RSG125396",3.0617778301239,13.0016927719116,24.9376945495605,14.7794342041016,21.8759174346924,1.49573600292206,1.95921552181244,1.80876529216766,1.51650512218475,78.675048828125,66.1525344848633,60.8132858276367,72.2583160400391,0.338540643453598,0.143393620848656,0.00328023266047239,0.023751387372613,0,0.0458572171628475,0,0.445176839828491,232553.71875,NA,NA
"RSG125397",1.66395270824432,11.5308456420898,23.3934345245361,13.3238973617554,21.7294807434082,1.59888339042664,2.02175378799438,1.71634662151337,1.60682702064514,79.0002593994141,67.3530197143555,59.0701637268066,72.6022033691406,0.324340373277664,0.113220751285553,0.00275329081341624,0.0195800308138132,0,0.145767137408257,0,0.394338428974152,179472,NA,NA
"RSG125398",1.67668342590332,11.7149353027344,23.6250743865967,13.423469543457,21.9483890533447,1.56435751914978,1.88878893852234,1.58747828006744,1.47024893760681,81.1896591186523,68.3921661376953,60.6333351135254,74.3502044677734,0.146985962986946,0.143157422542572,0.010265251621604,0.00646835984662175,0,0.0881321430206299,0,0.604470372200012,95570.6796875,NA,NA
"RSG125399",3.06851434707642,13.8376197814941,25.0360145568848,15.092264175415,21.9674987792969,1.37849271297455,1.66233396530151,1.98480808734894,1.7071590423584,80.0084762573242,63.253059387207,59.9261436462402,72.8281860351562,0.566639959812164,0.060384638607502,0.000448550359578803,0.0125018274411559,0,0.031177818775177,0,0.328847199678421,125682.921875,NA,NA
"RSG125400",1.28969991207123,10.3447732925415,22.1632041931152,12.6141891479492,20.8735046386719,2.09779286384583,2.47332978248596,2.14014959335327,2.46651792526245,79.2426223754883,69.9379501342773,65.6408233642578,75.4736938476562,0.230235353112221,0.134004086256027,0.00597162218764424,0.00934114307165146,0.000367044005542994,0.0397100821137428,0.50969123840332,0.0706794634461403,243244.09375,NA,NA
"SE110",0.310665488243103,7.17846918106079,18.2417545318604,9.33910655975342,17.9310874938965,1.81691110134125,1.28334617614746,2.07707571983337,2.09153056144714,83.7517547607422,73.9813995361328,74.1720428466797,83.9497680664062,0.0680301785469055,0.0248426608741283,0.00684381229802966,0.058936107903719,0,0.386032223701477,0,0.165590599179268,2610610.75,NA,NA
"SE121",-0.490463554859161,7.05778312683105,17.9445648193359,8.61907958984375,18.4350280761719,2.0295398235321,1.49473547935486,2.30303907394409,2.19704532623291,83.6914672851562,71.1233978271484,71.5180511474609,83.9410858154297,0.139723226428032,0.0316628478467464,0.0112678371369839,0.0115078743547201,2.0094205722945e-28,0.458657771348953,0.0748211666941643,0.160210937261581,483309.15625,NA,NA
"SE122",-0.200321763753891,7.52643918991089,18.1620597839355,8.82793617248535,18.3623809814453,1.90089452266693,1.44156670570374,2.27874422073364,2.10078358650208,84.4876937866211,72.6280822753906,72.7060852050781,84.5528869628906,0.127165660262108,0.0328608676791191,0.0122458040714264,0.0123134795576334,8.5134028743637e-28,0.387907832860947,0.0355971716344357,0.181589603424072,317602.125,NA,NA
"SE123",-0.148508012294769,7.37229776382446,18.0997543334961,9.00925636291504,18.2482624053955,2.00796484947205,1.56477880477905,2.36824464797974,2.02747559547424,85.7001342773438,74.0013122558594,73.7031936645508,85.1306381225586,0.124341279268265,0.0201837476342916,0.00606742221862078,0.00964134931564331,2.02203261601699e-26,0.480717182159424,0.0814716517925262,0.137441471219063,484428.0625,NA,NA
"SE124",-1.41732096672058,6.76482009887695,17.3199195861816,7.74675512313843,18.7372379302979,2.45458173751831,1.81915295124054,2.81166672706604,2.65110921859741,86.0632476806641,72.6045455932617,72.8871154785156,85.360710144043,0.0902726799249649,0.0201282612979412,0.00499215116724372,0.00887317582964897,2.83801447287784e-24,0.0173626746982336,0.736888349056244,0.00384725676849484,352340.1875,NA,NA
"SE125",-1.20575785636902,6.82983875274658,17.1954689025879,7.65203809738159,18.4012260437012,1.95263576507568,1.62615036964417,2.50488829612732,2.32529520988464,84.4229583740234,70.2422943115234,70.7040710449219,84.3444976806641,0.132379531860352,0.0333421155810356,0.0112742045894265,0.0172969494014978,2.27341804554121e-24,0.0246726777404547,0.693681240081787,0.0121542531996965,246861.828125,NA,NA
"SE211",-0.291801035404205,6.9599142074585,17.3389320373535,8.6865291595459,17.6307334899902,2.73822975158691,1.94058477878571,2.85140109062195,2.50979661941528,88.5248184204102,75.5078048706055,75.6613540649414,87.6358184814453,0.0532024912536144,0.0132792396470904,0.00743016321212053,0.0067342771217227,8.37206260723439e-30,0.58615642786026,0.164826601743698,0.0785012990236282,379216.5625,NA,NA
"SE212",0.475089907646179,7.42414093017578,17.6572971343994,9.39420795440674,17.1822071075439,2.85323524475098,1.94618570804596,2.79541325569153,2.54915070533752,88.9221420288086,76.5644912719727,76.7699127197266,88.2176666259766,0.0364029966294765,0.0150280278176069,0.00569751858711243,0.00569119164720178,1.11656582008987e-26,0.443121612071991,0.346981674432755,0.0523752942681313,258072.078125,NA,NA
"SE213",0.828861176967621,7.44715547561646,18.0479507446289,9.71456813812256,17.219087600708,2.01088547706604,1.46836268901825,2.37801790237427,2.04104113578796,84.6962814331055,74.6701126098633,73.8016738891602,84.6324615478516,0.054500088095665,0.0148060414940119,0.00640631001442671,0.00445388536900282,0,0.640830516815186,0,0.0886939689517021,219010.078125,NA,NA
"SE214",2.19301176071167,7.344069480896,18.2093200683594,10.6765604019165,16.0163097381592,1.88619303703308,1.1232922077179,1.83459973335266,2.05725741386414,81.6266403198242,75.8251647949219,74.4210052490234,81.9035720825195,0.102844282984734,0.0408659279346466,0.00545742409303784,0.00240198499523103,0,0.203938186168671,0,0.119467906653881,24551.96875,NA,NA
"SE221",1.53061747550964,7.88301467895508,18.1951484680176,10.3000907897949,16.6645317077637,2.74320816993713,1.69432210922241,2.45652532577515,2.3643102645874,85.9459381103516,77.1997146606445,77.0265884399414,85.7890090942383,0.0412256680428982,0.00965243950486183,0.00244777370244265,0.0069323661737144,8.97831562218397e-26,0.523873865604401,0.0267736911773682,0.107137858867645,115186.6640625,NA,NA
"SE224",1.64868569374084,8.24253845214844,18.0362758636475,10.3451223373413,16.3875904083252,3.0153169631958,1.91088151931763,2.67341041564941,2.63478946685791,88.1231842041016,78.0873489379883,78.3826904296875,87.0779190063477,0.236713036894798,0.0430981330573559,0.0013382404576987,0.0258136745542288,3.68288119901451e-25,0.0569412298500538,0.407039821147919,0.059858426451683,1496265.625,NA,NA
"SE231",0.967721521854401,7.85865306854248,17.6562519073486,9.69589424133301,16.6885299682617,4.16537427902222,2.45835065841675,3.47949194908142,3.50260615348816,88.494010925293,76.8379135131836,77.5089797973633,87.6136322021484,0.0975243374705315,0.0221197716891766,0.00622811866924167,0.00876627117395401,2.57783335519398e-24,0.000595284684095532,0.689405262470245,0.00158904585987329,285871.46875,NA,NA
"SE232",-0.191692426800728,7.25866270065308,17.5116233825684,8.79153060913086,17.7033157348633,3.36748576164246,2.08964467048645,3.01078724861145,2.99551272392273,86.6058731079102,75.6705169677734,75.7486190795898,85.6179962158203,0.125911489129066,0.0346552692353725,0.00929437577724457,0.010462979786098,0.000832757272291929,0.174920231103897,0.369210302829742,0.0669465288519859,1630090.875,NA,NA
"SE311",-2.49383425712585,6.28351831436157,17.0771789550781,7.19770860671997,19.5710124969482,2.48013782501221,1.94164621829987,2.97027134895325,2.94595313072205,85.0973739624023,73.0842742919922,72.2967147827148,84.5063323974609,0.047692310065031,0.0187042355537415,0.00892258249223232,0.00842724181711674,0.00327186938375235,0.0135597502812743,0.733904182910919,0.0085745295509696,333579.53125,NA,NA
"SEG226001",-7.20254278182983,2.83681750297546,14.3773889541626,3.78883576393127,21.5799331665039,1.81628251075745,1.88914263248444,3.1396050453186,2.66678977012634,83.7312927246094,72.3479766845703,72.1171646118164,84.0230941772461,0.00259147421456873,0.00456993700936437,0.0175031833350658,0.000549587595742196,0.00890454929322004,0,0.94756156206131,0,7845.73486328125,NA,NA
"SEG226002",-1.93569445610046,6.08929586410522,16.3475456237793,6.79072999954224,18.2832374572754,1.72902297973633,1.59868323802948,2.59289002418518,2.31873726844788,83.4327850341797,69.8142776489258,70.402587890625,83.8832626342773,0.0977620705962181,0.0163976922631264,0.0135336490347981,0.00452108727768064,1.8271522475464e-28,0,0.82560133934021,0,12082.787109375,NA,NA
"SEG226003",-3.42366504669189,5.43083810806274,16.2566604614258,6.19565916061401,19.680326461792,1.9098846912384,1.77731132507324,2.86308789253235,2.49360084533691,83.9669876098633,70.1783676147461,70.6602554321289,84.2363433837891,0.0478847995400429,0.00530468067154288,0.00209676171652973,0.00955361872911453,4.55501657866956e-24,0,0.879391968250275,0,25859.58203125,NA,NA
"SEG226004",-3.40330839157104,5.24515771865845,16.0787696838379,6.13230133056641,19.4820785522461,1.82116174697876,1.65808522701263,2.71399521827698,2.41397857666016,84.1284255981445,70.3365707397461,70.6466522216797,84.4402465820312,0.0288004279136658,0.00364259700290859,0.00163958279881626,0.00724590849131346,1.71810087070355e-23,0,0.883708357810974,0,61496.59375,NA,NA
"SEG226005",-3.91069316864014,5.30128717422485,16.3178977966309,6.04992294311523,20.2285900115967,1.96687078475952,1.84063148498535,2.93706345558167,2.57642102241516,84.3705902099609,70.6310653686523,70.9601211547852,84.4862442016602,0.0209493134170771,0.00391313433647156,0.00130733870901167,0.00446411361917853,5.43289057628344e-24,0,0.904677212238312,0,13280.3837890625,NA,NA
"SEG226006",-2.26066541671753,5.96495580673218,16.3242588043213,6.65531396865845,18.5849227905273,1.77390778064728,1.65665256977081,2.69264507293701,2.36423635482788,83.595085144043,69.8458557128906,70.4506378173828,84.0095901489258,0.104561604559422,0.0160645935684443,0.0104291159659624,0.00577742559835315,1.61845651682776e-24,0,0.824188709259033,0,20377.8671875,NA,NA
"SEG226007",-4.31599283218384,5.14774703979492,16.2292919158936,5.84171724319458,20.5452861785889,1.70311653614044,1.73066163063049,2.80766487121582,2.35696315765381,83.7832183837891,70.6672973632812,70.7730484008789,83.9887390136719,0.0290419701486826,0.00614216225221753,0.00190788973122835,0.00486403051763773,1.06617840890595e-23,0,0.82640415430069,0,25829.724609375,NA,NA
"SEG226008",-3.79411339759827,5.29501628875732,16.2897891998291,6.08472108840942,20.0839042663574,2.16226744651794,1.95786690711975,3.04335427284241,2.72814726829529,84.8022689819336,70.7154312133789,71.125602722168,84.8171157836914,0.01300875749439,0.00102972146123648,0.000816135434433818,0.00400161230936646,1.00040519822393e-24,0,0.943812906742096,0,25996.02734375,NA,NA
"SEG226009",-5.62841176986694,4.54880619049072,15.8848342895508,5.18422937393188,21.5132446289062,2.18642234802246,2.13388752937317,3.18302178382874,2.97699522972107,84.465705871582,71.533447265625,71.1118316650391,84.5014572143555,0.00414506206288934,0.00457073841243982,0.0212933328002691,0.00101247814018279,0.00540261901915073,0,0.934558153152466,0,12497.6884765625,NA,NA
"SEG226010",-5.42514705657959,4.47722482681274,15.7657852172852,5.15917110443115,21.1909313201904,1.85916519165039,1.92802309989929,3.03762245178223,2.605144739151,83.6612548828125,70.9395751953125,70.8206253051758,83.8524780273438,0.00907316245138645,0.00241824658587575,0.00378310913220048,0.00164805061649531,2.45641858998006e-24,0,0.935726225376129,0,17978.6328125,NA,NA
"SEG226011",-5.71897029876709,4.22905540466309,15.5349569320679,4.96196508407593,21.253927230835,1.85897755622864,1.94213247299194,3.11186027526855,2.74823594093323,83.4548645019531,70.8945617675781,70.7640533447266,83.6890487670898,0.00940720736980438,0.00191433040890843,0.00107578269671649,0.00248437444679439,7.35936384861915e-24,0,0.95260339975357,0,16370.05078125,NA,NA
"SEG226012",-4.72123384475708,4.77717304229736,15.9010372161865,5.54478168487549,20.6222724914551,1.73357975482941,1.75677609443665,2.85087203979492,2.45509338378906,83.3422317504883,70.1979370117188,70.1623840332031,83.5968322753906,0.0200980007648468,0.00423261197283864,0.00147526990622282,0.00320693966932595,7.28669082658657e-24,0,0.918684124946594,0,22999.02734375,NA,NA
"SEG226013",-2.70348978042603,5.79886388778687,16.410945892334,6.56879186630249,19.1144371032715,1.84055292606354,1.73126530647278,2.8304169178009,2.40207862854004,83.9292831420898,70.0318603515625,70.5065765380859,84.1930694580078,0.103099800646305,0.0120702842250466,0.00651317927986383,0.00774974143132567,4.79754713081433e-24,0,0.82305383682251,0,18998.125,NA,NA
"SEG226014",-2.80568051338196,5.77716779708862,16.4604568481445,6.55444431304932,19.2661361694336,2.02107429504395,1.80162739753723,2.85722208023071,2.51554250717163,84.2761993408203,70.2525100708008,70.7906875610352,84.3983612060547,0.0636965334415436,0.00808678474277258,0.00430218549445271,0.00850262306630611,4.42720336265339e-24,0,0.866397023200989,0,36304.0625,NA,NA
"SEG226015",-4.43216800689697,5.01244497299194,16.1348114013672,5.76151466369629,20.5669784545898,2.16053462028503,2.0539436340332,3.0754873752594,2.75610041618347,84.8015899658203,70.9526901245117,71.0637283325195,84.6934661865234,0.0081586204469204,0.00121787702664733,0.00261200987733901,0.00134007853921503,1.0624951581749e-24,0,0.948066532611847,0,5977.6533203125,NA,NA
"SEG226016",-4.14361810684204,4.53244590759277,15.6914710998535,5.86316061019897,19.8350887298584,1.92249464988708,1.74621188640594,2.78387808799744,2.55585837364197,82.1777267456055,69.9960861206055,70.5631561279297,83.1244201660156,0.0433774553239346,0.00626500323414803,0.0069245002232492,0.00386630976572633,6.7068316762279e-23,0,0.887223839759827,0,28905.666015625,NA,NA
"SEG226017",-1.09082329273224,6.36435508728027,17.2020473480225,8.04637718200684,18.2928714752197,1.97200572490692,1.54264628887177,2.50512361526489,2.34473967552185,82.4522171020508,70.3335571289062,70.1914367675781,83.1283493041992,0.0428247936069965,0.00629410007968545,0.0062584369443357,0.0104328468441963,1.93982994963855e-23,0.373609215021133,0.261710792779922,0.0714543908834457,77056.890625,NA,NA
"SEG226018",-2.1600341796875,5.9003643989563,16.3824768066406,6.81901550292969,18.5425109863281,1.86522388458252,1.60799908638,2.65664100646973,2.41343355178833,83.5257034301758,70.0846405029297,70.6039657592773,84.0215072631836,0.0583825595676899,0.00959428399801254,0.00900076329708099,0.00355232344008982,4.24091583203771e-24,0,0.873695373535156,0,5739.6240234375,NA,NA
"SEG226019",-4.20196342468262,4.57394742965698,16.0169067382812,6.20446348190308,20.2188701629639,1.93122327327728,1.69638288021088,2.67328572273254,2.55465149879456,81.1930084228516,71.5776824951172,72.0158004760742,82.3783111572266,0.0318100228905678,0.00785078667104244,0.00377078098244965,0.00300172413699329,3.42296970412729e-23,0.0138922594487667,0.764845371246338,0.00191248790360987,31179.701171875,NA,NA
"SEG226020",-5.9342622756958,3.93894219398499,15.3481111526489,4.81768655776978,21.2823734283447,1.66042840480804,1.74885022640228,2.95552682876587,2.39209222793579,82.5901336669922,69.9568328857422,70.2329254150391,83.0746994018555,0.0115348398685455,0.00170276418793947,0.0028651412576437,0.000891534553375095,1.12860436443798e-23,0,0.947682023048401,0,16882.71484375,NA,NA
"SEG226021",-4.56851720809937,4.60983037948608,16.1782989501953,6.19661474227905,20.7468166351318,1.92133557796478,1.76038610935211,2.66002535820007,2.59357070922852,81.060432434082,72.1262435913086,72.3177490234375,82.4062881469727,0.0317920111119747,0.00652641290798783,0.0030158762820065,0.00670370412990451,1.44683022251541e-23,2.12051782000344e-05,0.803007960319519,2.25192820835218e-06,41286.6640625,NA,NA
"SEG226022",-2.3699746131897,5.59051322937012,16.4371528625488,6.98069667816162,18.80712890625,2.0599730014801,1.67261779308319,2.71075177192688,2.53631567955017,82.8296356201172,70.3112030029297,70.5776519775391,83.5597457885742,0.0368452370166779,0.00559081509709358,0.00434680050238967,0.00594667624682188,5.6477442591129e-23,0,0.874092936515808,0,23807.072265625,NA,NA
"SEG226023",-4.95805311203003,4.34067583084106,15.5555067062378,5.30156183242798,20.5135612487793,1.73209190368652,1.71657454967499,2.86024498939514,2.41583490371704,83.1093444824219,70.1894226074219,70.3570709228516,83.5471649169922,0.0210994370281696,0.0025371266528964,0.00238435226492584,0.00203644181601703,2.83568579492868e-23,0,0.916858315467834,0,14143.4267578125,NA,NA
"SEG226024",-1.81944453716278,5.97973537445068,16.6668071746826,7.26947116851807,18.4862518310547,1.96453356742859,1.60187804698944,2.64761924743652,2.4148633480072,83.230583190918,70.2790985107422,70.4607238769531,83.7455978393555,0.0509696416556835,0.00615325896069407,0.00849763955920935,0.00510512804612517,4.57255240438999e-23,0,0.854064881801605,0,23842.4453125,NA,NA
"SEG226025",-2.64357590675354,5.45831966400146,16.5936260223389,7.14714860916138,19.2372016906738,1.94642877578735,1.68850612640381,2.5961434841156,2.55951476097107,80.7347259521484,70.9997253417969,71.1858520507812,82.0599899291992,0.0353012569248676,0.00899450853466988,0.00399968819692731,0.00418965006247163,3.97940316644964e-25,0.186078235507011,0.561795890331268,0.0256165955215693,13267.46484375,NA,NA
"SEG226033",-5.91165542602539,1.5821453332901,12.4977750778198,3.56244921684265,18.4094295501709,3.21835947036743,2.46032547950745,3.25996470451355,2.88628458976746,83.9174423217773,75.8308334350586,77.0999221801758,84.9658584594727,0.00698299519717693,0.00345576112158597,0.0092498604208231,0.000384213926736265,0.0074864043854177,0,0.878707051277161,0,14240.232421875,NA,NA
"SEG226034",-6.69892692565918,2.18208837509155,13.3760824203491,3.48207235336304,20.0750102996826,1.62521505355835,1.69143354892731,3.20755863189697,2.34930443763733,83.0671081542969,72.801139831543,73.8484344482422,83.6614456176758,0.00978765357285738,0.000512400292791426,0.00541999889537692,0.00048101507127285,6.87985316965875e-25,0.302297681570053,0.626832664012909,0.00519881676882505,11038.7607421875,NA,NA
"SEG226035",-6.23014211654663,3.81053400039673,15.3117065429688,4.68083333969116,21.5418491363525,1.55029821395874,1.67593634128571,3.04075884819031,2.21434473991394,83.5065841674805,70.9993515014648,71.2997741699219,83.6950073242188,0.00680060498416424,0.000209340912988409,0.00119831541087478,0.000673499656841159,6.57512458361899e-25,0.0759990587830544,0.854496538639069,0.00094971340149641,10085.8408203125,NA,NA
"SEG226036",-7.19408988952637,2.08452582359314,13.4802799224854,3.29732084274292,20.6743698120117,1.58661925792694,1.70032942295074,3.14156031608582,2.38891935348511,83.3429718017578,72.4705963134766,72.8918685913086,83.7737655639648,0.00180279742926359,0.000515118474140763,0.00703493785113096,0.000388991698855534,0.00536536565050483,0.000228151417104527,0.964834570884705,4.47892352894996e-06,10930.4443359375,NA,NA
"SEG226037",-5.56328105926514,2.9413058757782,14.0632953643799,4.47132587432861,19.6265773773193,2.71394681930542,2.21239447593689,3.18591833114624,2.69539093971252,85.3671798706055,74.2342834472656,74.4679183959961,85.4359130859375,0.00991845596581697,0.00260261120274663,0.00694885896518826,0.000717281305696815,0.00385671830736101,0,0.892774939537048,0,19214.19921875,NA,NA
"SEG226038",-5.23821306228638,4.13005495071411,15.3223705291748,5.13015985488892,20.5605850219727,1.77234888076782,1.66556906700134,3.05026030540466,2.208167552948,84.1026611328125,71.5841751098633,72.0265045166016,83.715087890625,0.0343131609261036,0.0025334944948554,0.0025530424900353,0.00585353886708617,1.94977385689322e-23,0.0878256186842918,0.792478263378143,0.00109750253614038,59058.08984375,NA,NA
"SEG226039",-6.55899858474731,3.62385749816895,15.3652486801147,4.59491348266602,21.9242477416992,1.66705441474915,1.61618363857269,2.99264740943909,2.16632986068726,85.0712814331055,71.0320358276367,70.3857879638672,84.1942520141602,0.00930839590728283,0.000123803300084546,0.00171097123529762,0.000564748886972666,1.80613786605535e-24,0,0.959796071052551,0,4745.01416015625,NA,NA
"SEG226040",-6.79382133483887,2.62791967391968,14.2716846466064,4.01936483383179,21.0655059814453,2.38382148742676,1.99182796478271,3.13939023017883,2.59755778312683,85.8997497558594,74.1721038818359,73.4316482543945,85.5300369262695,0.00372286979109049,8.56100159580819e-05,0.00716219190508127,0.000365944375516847,0.00474220560863614,0,0.910212099552155,0,13934.5419921875,NA,NA
"SEG226072",-9.27153491973877,2.69210386276245,15.7800254821777,3.37521767616272,25.0515613555908,1.83066713809967,1.69526946544647,2.54125666618347,2.07228684425354,82.5088806152344,69.8487091064453,67.902587890625,83.2134780883789,0.00622152769938111,0.000165026227477938,0.000689618929754943,0.000912941351998597,9.87654444982386e-25,0,0.969443023204803,0,5745.00830078125,NA,NA
"SEG226073",-11.7250089645386,-0.651662766933441,12.5412721633911,1.48242008686066,24.2662811279297,2.13733911514282,2.07639980316162,3.13172721862793,2.46581244468689,84.2849655151367,74.8574676513672,74.550178527832,84.676383972168,0.000210932179470547,0.000926922482904047,0.00472174258902669,0.000144052624818869,0.00594322755932808,0,0.895213186740875,0,4661,NA,NA
"SEG226074",-10.1299705505371,1.87407553195953,15.0291366577148,2.83551907539368,25.159107208252,1.86020004749298,1.94390571117401,2.92177772521973,2.20519948005676,84.2046508789062,71.0523910522461,69.2225036621094,84.3640365600586,0.000323744956403971,1.93159266927978e-05,0.000480687886010855,0.000377334450604394,1.3576283660309e-27,0,0.953568637371063,0,7897.16552734375,NA,NA
"SEG226075",-9.28904819488525,2.69790816307068,16.0494594573975,3.71521234512329,25.338508605957,1.92257559299469,1.69306266307831,2.37588667869568,2.23248887062073,83.9109649658203,70.7139739990234,67.967414855957,83.8350296020508,0.0110840108245611,0.00206529977731407,0.00111531827133149,0.00161758111789823,5.60739489155784e-24,0,0.954561173915863,0,26889.09765625,NA,NA
"SEG226076",-11.2487487792969,-0.222583055496216,13.4335851669312,1.59141969680786,24.6823348999023,1.61326503753662,1.67258012294769,2.69944858551025,2.0669379234314,83.0205307006836,72.3095855712891,71.984992980957,83.8966064453125,0.000218318891711533,5.86776586715132e-05,0.00131568394135684,0.000481485825730488,0.00342761352658272,0,0.957659244537354,0,32196.23046875,NA,NA
"SEG226077",-7.40253591537476,3.62036180496216,17.0482749938965,4.9116792678833,24.4508113861084,1.98959195613861,1.57782554626465,1.93484878540039,2.30230379104614,84.7698669433594,72.3794784545898,69.5353088378906,85.6096649169922,0.0217530895024538,0.000857389939483255,0.0010179104283452,0.00237482157535851,2.52732054039433e-23,0.195907682180405,0.418031543493271,0.000698661780916154,4722.3427734375,NA,NA
"SEG226078",-11.6968994140625,-0.913007020950317,12.5171480178833,1.16703152656555,24.2140483856201,1.91425824165344,1.85856568813324,2.88031077384949,2.32557129859924,83.2822113037109,73.4048919677734,73.3611068725586,84.1745910644531,8.44051537569612e-05,1.07810192275792e-05,0.000668646651320159,0.000100078170362394,0.0046235122717917,0,0.93468314409256,0,5560.71044921875,NA,NA
"SEG226079",-7.40339660644531,3.22749662399292,16.6578617095947,5.09172868728638,24.06125831604,1.80769419670105,1.55863726139069,1.95460915565491,2.23286294937134,84.1390075683594,71.9525299072266,68.3462600708008,84.6526489257812,0.00722901709377766,0.000728276674635708,0.000473251653602347,0.00181984843220562,1.73093327104878e-23,0.00713780429214239,0.751549959182739,2.5455412469455e-05,9063.203125,NA,NA
"SEG226080",-11.9320583343506,-1.36950480937958,12.6749591827393,0.834544539451599,24.6070175170898,1.39772522449493,1.52830815315247,2.55322098731995,1.87230443954468,82.9596099853516,73.8694076538086,73.4568405151367,84.3309020996094,0.000630526221357286,1.36126354846056e-05,0.0016852020053193,0.000424232217483222,0.00970657356083393,0,0.950116872787476,0,17050.91796875,NA,NA
"SEG226081",-7.20465803146362,3.71627593040466,16.8271141052246,5.09607553482056,24.0317726135254,1.70595955848694,1.40896940231323,2.00918197631836,2.1013171672821,82.7398529052734,72.6075592041016,69.5576095581055,83.1263961791992,0.0236632712185383,0.00388486729934812,0.00182866002433002,0.0076395059004426,4.26013918900659e-23,0.0097881592810154,0.72818523645401,0.000573826720938087,64704.93359375,NA,NA
"SEG226082",-8.82636260986328,2.67608499526978,16.3592472076416,4.07866525650024,25.1856136322021,1.89607119560242,1.79386961460114,2.30496549606323,2.22456479072571,84.6699371337891,71.3070449829102,67.2061157226562,84.7134857177734,0.00123470730613917,0.000105265418824274,0.000741274328902364,0.000214101659366861,8.95929976028507e-27,0,0.974530935287476,0,3271.32885742188,NA,NA
"SEG226083",-8.55900001525879,3.07385277748108,16.8346710205078,4.39795923233032,25.3936710357666,1.82205510139465,1.68979156017303,2.18731570243835,2.09772491455078,85.3182525634766,71.7533798217773,67.764533996582,85.6509552001953,0.00862643215805292,0.000286055612377822,0.00149579916615039,0.000695464026648551,4.17073669514937e-25,5.48822536075022e-05,0.965043544769287,0.00058712501777336,5622.6767578125,NA,NA
"SEG226084",-10.5277738571167,1.7939465045929,15.7723150253296,2.75861549377441,26.3000888824463,1.59508717060089,1.78726899623871,2.37869262695312,1.97934675216675,84.58935546875,71.1864166259766,68.0289535522461,84.6531600952148,0.000747386016882956,4.09981403208803e-05,0.000814208935480565,0.000215112828300335,3.45615524091276e-27,0,0.993381142616272,0,6809.130859375,NA,NA
"SEG226085",-7.67049837112427,3.31149530410767,16.325309753418,4.56972169876099,23.9958076477051,1.78421795368195,1.55096638202667,2.36098074913025,2.15483117103577,82.7730712890625,71.3252716064453,69.1789779663086,83.3010406494141,0.0172251854091883,0.00236860453151166,0.00118473230395466,0.00256378808990121,1.10506081072166e-23,0.0291081201285124,0.853636562824249,0.00170645129401237,29720.125,NA,NA
"SEG226201",-9.14363288879395,2.58807563781738,15.1738948822021,3.54460740089417,24.3175296783447,1.84172070026398,1.75298547744751,2.91340589523315,2.30445551872253,86.1488189697266,71.8245010375977,70.0107803344727,85.4453964233398,0.00265669100917876,1.84672007890185e-05,0.00102568371221423,0.000258277432294562,3.51531272138214e-26,0,0.972613155841827,0,2944.42456054688,NA,NA
"SEG226202",-6.8820538520813,3.50445079803467,16.00657081604,4.88491582870483,22.8886222839355,2.12743473052979,1.7419867515564,2.80935049057007,2.60655045509338,84.8818283081055,71.2816619873047,69.49755859375,85.0008392333984,0.0107073560357094,0.000141367243486457,0.00179210619535297,0.00091499910922721,2.13456846824577e-24,0,0.961306691169739,0,4084.57690429688,NA,NA
"SEG226203",-8.14706802368164,2.29769420623779,14.4010152816772,3.59493255615234,22.5480823516846,2.1878924369812,1.93610846996307,3.26106119155884,2.54120421409607,85.9535217285156,73.2391815185547,72.1909408569336,85.327018737793,0.00199726060964167,6.29956120974384e-05,0.0012336045037955,0.000229930956265889,8.51057657217031e-27,0,0.954909443855286,0,2544.98876953125,NA,NA
"SEG226204",-9.22956657409668,2.48388957977295,15.3019037246704,3.52305340766907,24.5314693450928,1.7469174861908,1.79344284534454,2.99805545806885,2.15256667137146,85.0021286010742,70.7230834960938,69.2902603149414,84.5774002075195,0.00178280333057046,2.69699139607837e-05,0.000813610618934035,0.000536319625098258,1.21626797774849e-26,0,0.969217300415039,0,14134.7236328125,NA,NA
"SEG226205",-9.63458442687988,2.32817077636719,15.3543472290039,3.40823793411255,24.9889316558838,1.81946408748627,1.88908970355988,3.0362753868103,2.25833320617676,85.283935546875,71.0009155273438,69.3278045654297,84.7171478271484,0.000646699161734432,5.65109548915643e-05,0.000518147018738091,0.000313672673655674,8.57397433407965e-28,0,0.962884724140167,0,3124.35424804688,NA,NA
"SEG226206",-5.55590438842773,3.87689757347107,16.2978076934814,5.74792671203613,21.8537120819092,1.90220999717712,1.50577294826508,2.6820342540741,2.54720282554626,84.1941909790039,71.7083358764648,69.8361434936523,84.5312194824219,0.0260669998824596,0.00270057073794305,0.00287035712972283,0.00207557319663465,1.45747037840503e-23,0.0147158084437251,0.845924556255341,0.000477702589705586,9427.78515625,NA,NA
"SEG226207",-7.8690915107727,3.06485557556152,15.8671340942383,4.17025279998779,23.7362251281738,1.92386281490326,1.78416907787323,2.75374865531921,2.25528979301453,84.3401870727539,70.5941009521484,68.8643493652344,84.8329849243164,0.00176356045994908,3.53151226590853e-05,0.000615886354353279,0.000409711996326223,6.58237803638298e-26,0,0.950889885425568,0,3282.02807617188,NA,NA
"SEG226208",-4.28235340118408,4.15172576904297,16.6925506591797,6.75150537490845,20.9749050140381,2.76360940933228,2.0237603187561,2.31888437271118,2.8617844581604,82.9409332275391,73.2631378173828,71.5632171630859,83.0943145751953,0.0438554659485817,0.000503991730511189,0.00620390614494681,0.0013671574415639,0,0.77403724193573,0,0.0291972868144512,6014.45654296875,NA,NA
"SEG226209",-6.10090160369873,3.6999671459198,16.4434604644775,5.48261451721191,22.5443630218506,2.11213421821594,1.75536322593689,2.4125542640686,2.40980529785156,83.139778137207,71.5539627075195,69.8403549194336,83.7761840820312,0.0287566427141428,0.00205515301786363,0.00302629917860031,0.00267384829930961,2.31679076195857e-23,0.11446101218462,0.740687668323517,0.00377795100212097,78110.8671875,NA,NA
"SEG226210",-11.5098724365234,0.126790300011635,13.1051511764526,1.81178247928619,24.6150245666504,2.25910210609436,2.12755966186523,3.11902546882629,2.46838521957397,84.7152328491211,74.0365524291992,73.335807800293,84.7217712402344,0.000760789611376822,0.00310864299535751,0.00624931324273348,0.000228553501074202,0.00759565597400069,0,0.933477401733398,0,3616.40649414062,NA,NA
"SEG226211",-10.3181953430176,0.353333622217178,12.8693475723267,2.10773491859436,23.1875438690186,2.61792421340942,2.27527117729187,3.11409831047058,2.63068914413452,85.1754684448242,74.7947692871094,74.3849792480469,85.3352890014648,0.00144351983908564,0.00145090732257813,0.00269792741164565,0.00015684224490542,0.00997034180909395,0,0.912143111228943,0,5567.9541015625,NA,NA
"SEG226212",-4.42808771133423,4.31240320205688,16.7344398498535,6.55995273590088,21.1625270843506,2.18871855735779,1.66993296146393,2.38021206855774,2.53886795043945,83.394905090332,71.6808700561523,70.2712326049805,83.8618545532227,0.0299896523356438,0.00524832587689161,0.00192469428293407,0.00797744560986757,6.63936418953669e-24,0.516059458255768,0.170655146241188,0.0242023095488548,82039.15625,NA,NA
"SEG226213",-5.51700448989868,3.69636130332947,16.2363414764404,5.77027273178101,21.753345489502,1.90774190425873,1.58020293712616,2.56813025474548,2.40392374992371,84.2890472412109,71.4956665039062,69.6487655639648,84.578239440918,0.0389825478196144,0.00552272936329246,0.00357452454045415,0.00237890100106597,2.67142286635632e-23,0,0.858899831771851,0,5848.92578125,NA,NA
"SEG226214",-9.44822216033936,1.23413348197937,13.5971908569336,2.75444054603577,23.0454120635986,2.32068562507629,2.06180095672607,3.23120546340942,2.52635645866394,85.6141662597656,73.89306640625,73.4890213012695,85.3995208740234,0.00130960182286799,5.57778585061897e-05,0.00174442224670202,0.00014289139653556,0.00550103886052966,0,0.943939924240112,0,7931.9111328125,NA,NA
"SEG226215",-7.0215048789978,3.23858642578125,15.9562311172485,4.77230739593506,22.9777355194092,1.98257827758789,1.79752373695374,2.66799688339233,2.29169225692749,84.7575912475586,70.9336471557617,69.1504669189453,85.0541305541992,0.00918011367321014,0.000144150908454321,0.00121991336345673,0.000402651348849759,3.43464195632149e-25,0.0372786447405815,0.917596161365509,0.00052384048467502,7366.77880859375,NA,NA
"SEG226216",-6.21337842941284,3.89245891571045,15.3815603256226,4.7687201499939,21.5949382781982,1.55723667144775,1.67956840991974,2.96720290184021,2.25924015045166,83.0531692504883,70.5998992919922,71.0493927001953,83.4829864501953,0.00665271049365401,0.00034391539520584,0.0013271861243993,0.00059108337154612,1.54193316332441e-24,0.0278800539672375,0.915620684623718,0.000348399829817936,6808.25927734375,NA,NA
"SEG226217",-5.65089416503906,4.71163272857666,16.4997215270996,5.8132815361023,22.1506156921387,1.89869964122772,1.64907288551331,2.51670908927917,2.69666790962219,81.4188003540039,72.3204803466797,72.1774444580078,83.0099411010742,0.0265830475836992,0.00295780040323734,0.0009947894141078,0.00573333818465471,1.3000837925713e-23,0.000453214073786512,0.82123726606369,4.81300230603665e-05,25173.56640625,NA,NA
"SEG226218",-5.98702096939087,4.54023599624634,16.5028896331787,5.67662572860718,22.4899101257324,2.10129356384277,1.71903574466705,2.55508017539978,2.74620676040649,82.3531646728516,72.2973327636719,71.48046875,83.3323745727539,0.0285601876676083,0.00198826845735312,0.00212438474409282,0.00253489636816084,1.39321607995297e-23,0,0.76027899980545,0,18774.751953125,NA,NA
"SEG226219",-7.05341863632202,3.87875270843506,16.2030830383301,4.92339420318604,23.2565021514893,2.22008895874023,1.77977466583252,2.74486255645752,2.69385170936584,84.7406921386719,71.9674377441406,70.1837310791016,84.6257934570312,0.0160106550902128,0.000965937215369195,0.00142477359622717,0.00173739914316684,6.37200660698281e-24,0.0203303266316652,0.849535346031189,0.000772929692175239,44098.46875,NA,NA
"SEG226220",-7.29001522064209,3.60677671432495,15.717511177063,4.5710129737854,23.0075244903564,1.75560021400452,1.6197075843811,2.82105851173401,2.29452109336853,85.2575225830078,71.1682739257812,69.7391204833984,84.5537872314453,0.0124560138210654,0.000359790457878262,0.00129529926925898,0.00127685244660825,3.9937870096764e-24,0,0.954568803310394,0,23724.732421875,NA,NA
"SEG226221",-5.72377777099609,4.19828605651855,15.8873329162598,5.43397808074951,21.6111106872559,1.9146842956543,1.79172945022583,2.73244643211365,2.56589889526367,82.1238861083984,71.2139739990234,71.4820098876953,83.3228073120117,0.0231210328638554,0.00355454045347869,0.00270781619474292,0.00523905642330647,8.21434391947217e-24,0.00241172313690186,0.888728678226471,0.000256118044489995,75584.09375,NA,NA
"SEG226222",-5.96843242645264,4.33350849151611,16.0942306518555,5.41464376449585,22.0626621246338,2.03654909133911,1.80165445804596,2.63716530799866,2.69786286354065,82.1350708007812,71.4940643310547,71.8096771240234,83.6440200805664,0.020704535767436,0.00332505791448057,0.0014642879832536,0.00368065992370248,8.63434924262994e-24,0.0100878830999136,0.842009544372559,0.00107130408287048,11545.9755859375,NA,NA
"SI031",2.75937008857727,12.6733961105347,23.2132434844971,13.6836280822754,20.4538726806641,1.47376024723053,1.89052319526672,3.2176718711853,2.72741723060608,78.5593490600586,65.5429763793945,65.6176834106445,77.7344436645508,0.293950319290161,0.0138267567381263,4.2305583747293e-07,0.012584307231009,0,0.00657009426504374,0.657855451107025,0.0152127034962177,86275.3671875,NA,NA
"SI032",2.8547031879425,12.2798261642456,22.7943077087402,13.5197143554688,19.9396057128906,1.89413523674011,2.49813270568848,3.50625348091125,3.50240325927734,79.0263442993164,67.902473449707,68.0381698608398,79.6091918945312,0.230737447738647,0.0953932330012321,0.000100260513136163,0.0184032525867224,0,0.0458117835223675,0.564499855041504,0.0450541265308857,222722.53125,NA,NA
"SI033",1.22589027881622,10.4854803085327,20.9518184661865,11.9591856002808,19.7259292602539,2.07406306266785,2.80495238304138,4.21031379699707,3.91496539115906,80.000732421875,70.7626724243164,71.3926696777344,81.6164474487305,0.126374751329422,0.064580038189888,0.00430337013676763,0.0187989454716444,0,0,0.785942912101746,0,96777.234375,NA,NA
"SI034",2.23602652549744,10.8948602676392,21.3370208740234,12.5798301696777,19.1009941101074,2.31813979148865,2.97163844108582,4.13268613815308,4.32198619842529,79.7481384277344,70.2587661743164,70.3147659301758,81.1057357788086,0.128378823399544,0.087395466864109,0.00339471991173923,0.0243010222911835,0,0,0.756529927253723,0,287688.96875,NA,NA
"SI035",1.94806790351868,10.6559171676636,21.0674419403076,12.3261632919312,19.1193752288818,2.52700281143188,3.21859669685364,4.4516863822937,4.6122350692749,80.1457977294922,71.096305847168,71.2213745117188,81.672119140625,0.098035529255867,0.073365792632103,0.00721420859917998,0.0267909504473209,0,0,0.794593572616577,0,69944.3515625,NA,NA
"SI036",2.59666681289673,11.6327133178711,22.2980556488037,13.2572956085205,19.7013893127441,2.43449473381042,2.59904050827026,3.42244529724121,3.99568843841553,80.4987182617188,69.6758728027344,67.6618881225586,79.4932632446289,0.140024110674858,0.0901816934347153,7.09497253410518e-05,0.0263863280415535,3.71720179133126e-37,0,0.743336915969849,0,130605.625,NA,NA
"SI037",1.87883675098419,10.6649303436279,21.3752479553223,12.6457347869873,19.496410369873,3.15623450279236,3.05044722557068,3.58246207237244,4.70650339126587,81.840690612793,71.5196990966797,69.2568511962891,80.3406829833984,0.062618188560009,0.0917855873703957,0.0002941997081507,0.00881876144558191,2.01929314239091e-32,0,0.835166752338409,0,136334.875,NA,NA
"SI038",1.76344907283783,9.60912322998047,20.2790431976318,12.0869903564453,18.5155963897705,4.06988286972046,3.80270552635193,3.90457940101624,5.92451524734497,81.1857986450195,72.5711364746094,70.656005859375,80.8911514282227,0.042475949972868,0.0866997092962265,0.00322636845521629,0.00650721648707986,3.10814426056409e-25,0,0.851839065551758,0,68208.484375,NA,NA
"SI041",1.67276096343994,10.1679306030273,20.6601753234863,12.1148071289062,18.9874153137207,3.40579652786255,3.69385981559753,4.41091585159302,5.42481899261475,81.2958602905273,72.3511581420898,71.6148223876953,81.8367691040039,0.0632421001791954,0.0704562291502953,0.00690439529716969,0.0174697488546371,0,0,0.841927528381348,0,257894.3125,NA,NA
"SI042",0.733353078365326,8.29346466064453,18.6679840087891,10.5867214202881,17.9346313476562,4.26067018508911,4.83982515335083,5.33447074890137,7.17502880096436,81.1311492919922,73.8013687133789,73.7426681518555,83.0791091918945,0.0862142890691757,0.0684868097305298,0.0106100803241134,0.0213431250303984,0,0,0.813202798366547,0,270578.90625,NA,NA
"SI043",0.790023803710938,7.40257406234741,17.8941326141357,10.3795537948608,17.1041088104248,4.96667194366455,5.31569385528564,5.38766145706177,8.03219699859619,79.2616500854492,73.4552459716797,72.6249771118164,80.9795532226562,0.0731224194169044,0.10660732537508,0.00615068478509784,0.0138868996873498,0,0,0.742549777030945,0,187678.40625,NA,NA
"SI044",5.25818777084351,12.5803365707397,23.3194370269775,15.1677055358887,18.0612487792969,3.82187795639038,3.58778810501099,3.59885859489441,5.44859504699707,77.2306823730469,71.2124252319336,68.7647857666016,77.3736114501953,0.0822725743055344,0.128636211156845,0.0006703149410896,0.0275309700518847,5.44640046023484e-26,0,0.588719427585602,0,155128.703125,NA,NA
"SK010",1.92342340946198,11.9586572647095,22.7064399719238,12.9607200622559,20.7830142974854,1.65847790241241,1.60853314399719,2.18856453895569,2.1059947013855,79.7908477783203,65.6613235473633,62.253963470459,75.3490982055664,0.349973082542419,0.180307239294052,2.51557286112813e-09,0.0480831116437912,0,0.000961821351666003,0,0.420316845178604,542073.9375,NA,NA
"SK021",1.91751575469971,11.9509382247925,22.6509971618652,12.9767227172852,20.7334823608398,1.548504114151,1.60781502723694,2.1877453327179,2.05178022384644,79.7177658081055,65.1747741699219,62.0698051452637,74.8294448852539,0.438266843557358,0.157037630677223,3.36490006702661e-06,0.0297485776245594,0,0.000312130752718076,0.0571423545479774,0.317442297935486,576125.8125,NA,NA
"SK022",0.250278621912003,9.94250774383545,20.528865814209,11.2941579818726,20.2785873413086,2.20141696929932,1.98444616794586,2.69211840629578,2.43521189689636,82.5585861206055,69.4393157958984,68.8609390258789,79.1269226074219,0.228489741683006,0.0840617343783379,0.000116459304990713,0.0227681044489145,0,1.15887287392979e-05,0.657386958599091,0.00716549530625343,477550.15625,NA,NA
"SK023",1.62756645679474,11.9683446884155,22.6592655181885,12.9297866821289,21.0317001342773,1.6265983581543,1.58456373214722,2.12098717689514,2.03833603858948,80.6712646484375,65.3632431030273,62.5200691223145,74.8055419921875,0.420090228319168,0.067267395555973,2.16391526919324e-06,0.0213553719222546,0,3.97740905100363e-06,0.299944519996643,0.191336303949356,656605.375,NA,NA
"SK031",-1.37622320652008,7.81019926071167,18.3108749389648,9.38929176330566,19.6870975494385,2.89497447013855,2.84479022026062,3.78417611122131,2.92845749855042,84.3787460327148,73.0558471679688,73.5344467163086,82.1001968383789,0.115339368581772,0.0523102805018425,0.000272764940746129,0.023847533389926,0,1.99707938008942e-05,0.790971755981445,0.0150616243481636,744694,NA,NA
"SK032",-0.506279766559601,9.51051616668701,20.2911128997803,10.8612880706787,20.7973918914795,2.15548539161682,2.08612775802612,2.44488906860352,2.25436282157898,83.0240859985352,69.4419174194336,68.2036972045898,78.7172698974609,0.186433404684067,0.0522152744233608,0.000526761868968606,0.0126885045319796,0,0,0.748136162757874,0,602753.5625,NA,NA
"SK041",-0.782388746738434,9.08103275299072,19.7207202911377,10.3089580535889,20.5031089782715,2.25418210029602,2.53206062316895,3.18916511535645,2.24585008621216,82.6661148071289,70.8348999023438,70.4951477050781,79.1028900146484,0.183717772364616,0.0350574739277363,0.000371391972294077,0.0142375556752086,3.97330150008202e-05,0.00406704423949122,0.504606604576111,0.257129818201065,804203.4375,NA,NA
"SK042",-0.410160422325134,10.0496435165405,20.8688488006592,11.1893548965454,21.2790088653564,1.78966021537781,1.9584356546402,2.36068987846375,1.91407907009125,81.9590911865234,67.61572265625,66.0714950561523,76.6591949462891,0.241159573197365,0.0360002852976322,0.000411829561926425,0.0208199471235275,0.000101463971077465,0.000179666443727911,0.565498650074005,0.134299740195274,781312.375,NA,NA
"SM",4.06905698776245,10.4071769714355,22.0041809082031,13.7469291687012,17.9351215362549,1.78546607494354,1.96892297267914,1.54556679725647,2.95060586929321,79.7991180419922,70.7219467163086,62.5237617492676,77.9563903808594,0.213865801692009,0.101313717663288,0.00372476922348142,0.00668549071997404,0,1.80690844231446e-11,0,0.671056985855103,3384.11889648438,NA,NA
"UKC1",3.75428891181946,7.37904500961304,15.0492296218872,10.1873903274536,11.2949409484863,2.93630361557007,1.90495502948761,2.10166525840759,2.7601580619812,84.719856262207,79.0770568847656,78.5923919677734,84.3330612182617,0.182279318571091,0.346268683671951,0.023049958050251,0.0622882731258869,0,1.18620106684224e-13,0.152484998106956,0.13860721886158,1393805.375,NA,NA
"UKC2",3.3942928314209,7.0362982749939,14.6205825805664,9.75523090362549,11.2262897491455,2.93876624107361,1.96228468418121,2.19550085067749,2.92449402809143,84.5984268188477,79.1089019775391,79.09765625,84.3879547119141,0.141046613454819,0.369526028633118,0.0630606040358543,0.0181460287421942,1.07838335375532e-27,5.57304549730908e-11,0.279693365097046,0.0290330871939659,843288.3125,NA,NA
"UKD1",3.54640793800354,7.22253179550171,14.7696466445923,9.8858699798584,11.2232389450073,5.24946117401123,2.77961683273315,2.84424161911011,4.60444021224976,86.8566818237305,80.4397506713867,81.548454284668,86.3861312866211,0.0465587787330151,0.446524888277054,0.0673191845417023,0.0054262587800622,2.73886978873795e-28,0,0.313710719347,0.00337366270832717,468396.90625,NA,NA
"UKD3",4.31436681747437,8.1817512512207,15.9915714263916,10.8337202072144,11.6772050857544,4.43452787399292,2.48277521133423,2.69434952735901,3.89309620857239,86.5264282226562,79.008544921875,79.4029083251953,85.6492233276367,0.123936451971531,0.408135920763016,0.000329840753693134,0.128389671444893,0,0,0.333479851484299,0,1359129.625,NA,NA
"UKD4",4.19885587692261,7.93369674682617,15.6523847579956,10.6437730789185,11.4535293579102,4.73502635955811,2.55733251571655,2.79327487945557,4.21271896362305,85.8388900756836,79.3255996704102,80.1932983398438,85.1813583374023,0.122458770871162,0.415416955947876,0.0108139719814062,0.0765703618526459,2.50179214592626e-28,6.34839229796125e-12,0.321697264909744,0.00181117281317711,1997497.625,NA,NA
"UKD6",4.615065574646,8.56602954864502,16.4176235198975,11.171199798584,11.8025569915771,3.49188351631165,2.03675031661987,2.22282886505127,3.10717153549194,85.2610168457031,77.871955871582,77.8457565307617,84.2832717895508,0.158663854002953,0.344966322183609,5.49170727026649e-05,0.13707523047924,0,0,0.337633162736893,0,2430273.75,NA,NA
"UKD7",4.61741209030151,8.36163330078125,16.1071624755859,11.071798324585,11.489748954773,3.44257378578186,1.95895028114319,2.12326407432556,3.09084272384644,84.3823318481445,77.9743423461914,78.1407089233398,83.5713577270508,0.146350219845772,0.300171256065369,0.000151776024722494,0.103920377790928,0,2.34394951365013e-11,0.291071981191635,0.00668720155954361,529841.75,NA,NA
"UKE1",4.44553327560425,8.46166324615479,16.4440593719482,11.2290592193604,11.9985256195068,2.05120229721069,1.56913626194,1.80615723133087,2.18061327934265,83.9524154663086,77.8412399291992,76.5414428710938,82.9126892089844,0.312897145748138,0.294437199831009,0.00172193278558552,0.0261874888092279,0,3.58929335905755e-12,0.123503491282463,0.103097856044769,839329,NA,NA
"UKE2",3.54298210144043,7.48682737350464,15.3501119613647,10.1856622695923,11.8071298599243,3.14149403572083,1.90086543560028,2.13467049598694,2.83443999290466,85.4826583862305,79.1688919067383,78.6794052124023,84.8382034301758,0.251617670059204,0.392205059528351,0.0360455513000488,0.0213197730481625,4.42389644112755e-30,2.72653095576263e-14,0.12913590669632,0.14444662630558,1601408.375,NA,NA
"UKE3",4.14229869842529,8.13668918609619,16.247652053833,10.855523109436,12.1053514480591,2.88178491592407,1.85748374462128,1.98791861534119,2.57230281829834,85.2792205810547,77.5750732421875,76.0479354858398,83.7723922729492,0.237841919064522,0.381738096475601,0.00966682378202677,0.0874231979250908,0,9.68807391081572e-13,0.0925192609429359,0.189231395721436,1117095.625,NA,NA
"UKE4",4.09055805206299,7.95981025695801,15.9402303695679,10.7160758972168,11.8496732711792,3.66725897789001,2.1909487247467,2.32942891120911,3.16202735900879,86.1125640869141,78.7770004272461,78.0860061645508,84.9378128051758,0.17295677959919,0.417279273271561,5.04132025014314e-09,0.130500704050064,0,0,0.207140535116196,0.0713051557540894,2182324.25,NA,NA
"UKF1",4.2430591583252,8.29813194274902,16.4835186004639,11.0077753067017,12.2404584884644,2.90826439857483,1.88376426696777,2.0173442363739,2.68016362190247,85.7242965698242,77.5100860595703,75.6123199462891,83.9545669555664,0.235207363963127,0.402178198099136,0.0146770374849439,0.0716429427266121,0,2.30428991859766e-11,0.0977470204234123,0.177480593323708,2880780,NA,NA
"UKF2",4.6710844039917,8.8447675704956,17.2283458709717,11.5840673446655,12.5572624206543,2.33081865310669,1.57446610927582,1.83544516563416,2.3435115814209,85.4990539550781,76.814094543457,73.8261566162109,83.3958435058594,0.334356427192688,0.336252689361572,2.13969686413407e-09,0.0598312355577946,0,0,0.0053006918169558,0.261893898248672,2581491.25,NA,NA
"UKF3",4.5729603767395,8.71821403503418,16.8514842987061,11.504955291748,12.2785224914551,2.1017758846283,1.58263790607452,1.78963756561279,2.22773170471191,84.3538970947266,77.2652740478516,75.2159805297852,82.9787292480469,0.344002455472946,0.322593480348587,3.04173419785059e-09,0.0127473911270499,0,3.75167757971084e-10,0.000422475306550041,0.223029345273972,856012.8125,NA,NA
"UKG1",4.72360706329346,8.71574974060059,17.0345783233643,11.4755630493164,12.3109722137451,3.08151602745056,1.86072313785553,1.89058816432953,2.76147079467773,85.7532272338867,77.1050415039062,74.629150390625,83.6561279296875,0.29958239197731,0.353965818881989,0.000162918528076261,0.0515415407717228,6.18629462069393e-30,0,0.0210582930594683,0.267065554857254,2735226.5,NA,NA
"UKG2",4.51365041732788,8.44340229034424,16.5766162872314,11.1818552017212,12.0629663467407,3.24458789825439,1.9543092250824,2.02025723457336,2.85621809959412,85.9554290771484,77.6849822998047,75.9881973266602,84.1808090209961,0.229040145874023,0.408580124378204,0.00520650995895267,0.0528828911483288,5.00726024512425e-30,0,0.265137881040573,0.0386177636682987,2817559,NA,NA
"UKG3",4.74116611480713,8.77551555633545,17.1230621337891,11.5362529754639,12.3818960189819,2.7987790107727,1.80498695373535,2.00267553329468,2.65450406074524,85.5633163452148,76.6981735229492,74.236930847168,83.4225082397461,0.280247837305069,0.344851464033127,5.52345857940395e-09,0.0922743901610374,0,0,0.123282261192799,0.158940821886063,679492.125,NA,NA
"UKH1",4.96921157836914,9.02355098724365,17.2563591003418,11.929726600647,12.2871475219727,2.13687109947205,1.49536991119385,1.8877192735672,2.32884669303894,84.4531860351562,78.0238494873047,76.2995071411133,83.5632247924805,0.308393776416779,0.397924333810806,2.37818458117545e-05,0.0159585941582918,0,1.76556200215394e-10,0,0.174480244517326,2377981,NA,NA
"UKH2",5.07555818557739,9.21378040313721,17.7120532989502,12.0147905349731,12.63649559021,2.27760457992554,1.52736639976501,1.65826463699341,2.35402989387512,85.3589859008789,76.8219757080078,73.8276748657227,83.6695938110352,0.303057879209518,0.273825287818909,2.33540453642433e-09,0.175470575690269,0,4.14247074143059e-11,0,0.245142921805382,5170093.5,NA,NA
"UKH3",5.41186189651489,9.50600814819336,17.9840755462646,12.4071207046509,12.5722131729126,2.07840299606323,1.3894407749176,1.62337708473206,2.18017029762268,84.6711349487305,78.0531768798828,75.5858688354492,83.3685607910156,0.369664281606674,0.24781945347786,0.00197324994951487,0.0816512629389763,0,4.32316682452694e-10,0,0.183720543980598,2633729.5,NA,NA
"UKI3",5.15407419204712,9.21517181396484,17.7881164550781,12.0588712692261,12.6340436935425,2.56984615325928,1.60172176361084,1.57561957836151,2.52757453918457,85.4732284545898,77.0910491943359,74.3533477783203,84.0328140258789,0.197060436010361,0.27322793006897,1.43513989581123e-09,0.281867563724518,0,0,0,0.246588870882988,321091,NA,NA
"UKI4",5.18586444854736,9.2603063583374,17.8187236785889,12.0914907455444,12.6328611373901,2.50414729118347,1.57508683204651,1.58314394950867,2.48302674293518,85.4337005615234,77.134147644043,74.3929672241211,83.9877243041992,0.231013029813766,0.266538769006729,1.67258973338136e-09,0.259193480014801,0,0,0,0.241043776273727,508952.03125,NA,NA
"UKI5",5.30719900131226,9.3986120223999,17.8791618347168,12.1885089874268,12.5719623565674,2.35973167419434,1.50532162189484,1.59951913356781,2.39671277999878,85.3383865356445,77.4004745483398,74.7669525146484,83.9499359130859,0.339199483394623,0.259898006916046,2.89905965900061e-09,0.165513604879379,0,0,0,0.227088034152985,666450,NA,NA
"UKI6",5.19392490386963,9.18416881561279,17.6751747131348,12.0185985565186,12.4812517166138,2.77515053749084,1.64518463611603,1.56052398681641,2.68981194496155,85.4952545166016,77.4671401977539,75.1163940429688,84.3085403442383,0.206203654408455,0.324173271656036,1.62186053476177e-09,0.206269010901451,0,0,0,0.256221026182175,702741.9375,NA,NA
"UKI7",5.16789150238037,9.25006198883057,17.8301105499268,12.0911636352539,12.6622190475464,2.48619174957275,1.57901740074158,1.58037495613098,2.46954846382141,85.4718475341797,77.0301284790039,74.1913528442383,83.9608612060547,0.209122255444527,0.255921959877014,1.93000015968892e-09,0.29132404923439,0,1.06436364442127e-14,0,0.242144137620926,1382328.375,NA,NA
"UKJ1",5.10656976699829,9.15066337585449,17.6903228759766,11.9528388977051,12.5837526321411,2.64905428886414,1.66755104064941,1.61209917068481,2.57459855079651,85.7957229614258,77.0280838012695,73.8317489624023,83.9277267456055,0.337382823228836,0.365653097629547,3.42948358600381e-09,0.050484586507082,0,1.112179862095e-10,0,0.246167883276939,2404958,NA,NA
"UKJ2",5.70393323898315,9.41132640838623,17.8281497955322,12.5797519683838,12.1242170333862,3.00755834579468,1.73280942440033,1.60665893554688,2.89937400817871,85.3259506225586,77.6831665039062,75.4414978027344,84.0712432861328,0.187845572829247,0.280447006225586,4.0038394217845e-05,0.11248330026865,0,6.19207254914933e-11,0,0.202891200780869,5361481,NA,NA
"UKJ3",5.66144180297852,9.28482913970947,17.6931095123291,12.4511737823486,12.0316696166992,3.28856778144836,1.79146635532379,1.53175151348114,3.02689933776855,85.0799102783203,77.6146392822266,74.8844680786133,83.4823150634766,0.236443251371384,0.310711681842804,7.98008932179073e-06,0.0546845905482769,0,2.49774589899943e-10,0,0.209475114941597,1858353.375,NA,NA
"UKJ4",5.72252321243286,9.5564079284668,18.0000648498535,12.6700630187988,12.2775421142578,2.62051200866699,1.62951016426086,1.57872867584229,2.70645308494568,84.988639831543,78.6027069091797,76.5185623168945,83.9628372192383,0.282572567462921,0.271086990833282,1.82696024975115e-09,0.0615788288414478,0,0,0,0.183795437216759,1907921.875,NA,NA
"UKK1",5.14703702926636,8.98282146453857,17.4519329071045,11.8628015518188,12.3048944473267,3.31457734107971,1.88474428653717,1.71390438079834,2.92782807350159,85.8443603515625,77.701286315918,75.0393753051758,84.0222091674805,0.334576666355133,0.363202214241028,3.26584315146761e-09,0.0302928183227777,0,1.17069396711467e-12,0.0220111459493637,0.235823720693588,2149981.5,NA,NA
"UKK2",5.78044700622559,8.99719905853271,17.0931758880615,12.2310447692871,11.3127307891846,3.96177625656128,2.10698819160461,1.71416759490967,3.31338691711426,85.3935546875,78.9594116210938,77.1819915771484,84.1137084960938,0.213773608207703,0.293192714452744,2.37376363010355e-09,0.0256302487105131,0,1.07956065961701e-11,0.179627299308777,0.0360670387744904,1502042.625,NA,NA
"UKK3",6.90774011611938,9.05409526824951,16.2798767089844,12.5485076904297,9.37213706970215,5.03249549865723,2.44306230545044,1.8421756029129,3.89570784568787,84.5133438110352,81.0828323364258,81.9213180541992,84.9738998413086,0.127940401434898,0.269272446632385,0.000750837207306176,0.0108258184045553,0,7.99085075886552e-10,0.13234955072403,0.058151513338089,307336.71875,NA,NA
"UKK4",6.05261898040771,8.75856113433838,16.4283695220947,12.1108331680298,10.3757495880127,5.20168161392212,2.53549599647522,1.96665775775909,4.04774856567383,86.2470169067383,81.2873764038086,81.0527648925781,85.8128509521484,0.146562606096268,0.405075907707214,0.00425774836912751,0.0108733661472797,9.86139879807424e-28,3.00708416500761e-11,0.218342155218124,0.0166533123701811,705596.8125,NA,NA
"UKL1",5.11474514007568,8.10929584503174,15.6499519348145,11.2712469100952,10.5352067947388,5.87491464614868,2.86856818199158,2.58969306945801,4.85035228729248,85.6997146606445,80.3632736206055,80.6988983154297,85.1129760742188,0.078755222260952,0.391433209180832,0.0323418341577053,0.016122505068779,3.48963459595277e-28,5.86225720744515e-11,0.21852932870388,0.0103538585826755,1613049,NA,NA
"UKL2",4.31800222396851,7.75154066085815,15.6663150787354,10.7035360336304,11.348313331604,5.63580274581909,2.73330521583557,2.35989618301392,4.37695026397705,87.4349670410156,79.9147109985352,78.9306411743164,86.0884552001953,0.122936591506004,0.449376434087753,0.0445276647806168,0.0233829524368048,3.85178887010777e-29,0,0.274058431386948,0.0321135073900223,1353350.625,NA,NA
"UKM50",2.84568428993225,6.56377935409546,13.4955234527588,8.67283821105957,10.6498394012451,2.56677055358887,1.84857285022736,2.20670127868652,3.04555559158325,82.2357330322266,78.628791809082,80.1416854858398,83.363410949707,0.154423430562019,0.361190170049667,0.0980092212557793,0.00805908348411322,1.0969877659898e-23,9.92675668227971e-13,0.18351686000824,0.0601699091494083,467470.09375,NA,NA
"UKM61",2.70360350608826,6.12735223770142,12.6814794540405,8.49700546264648,9.97787666320801,5.1291880607605,2.95961046218872,2.77689337730408,4.83413410186768,84.6354598999023,80.3379821777344,82.8901901245117,85.4094467163086,0.0243121441453695,0.0785065740346909,0.405385822057724,0.000807527219876647,1.35163151399251e-24,2.4536574161349e-11,0.280582338571548,0.0137974163517356,80000.4375,NA,NA
"UKM62",1.60875356197357,5.53020429611206,12.7394285202026,7.81268119812012,11.1306743621826,3.99272990226746,2.41676211357117,2.38028335571289,3.8281888961792,86.1420745849609,79.8664474487305,80.6952819824219,86.1344299316406,0.0432816967368126,0.156679347157478,0.389544904232025,0.00289932871237397,1.02031130641766e-22,1.68442313591179e-13,0.289684027433395,0.0505469813942909,154748.15625,NA,NA
"UKM63",2.81445693969727,6.08920526504517,12.751256942749,8.51914501190186,9.93680095672607,8.40527057647705,4.61473798751831,3.76853775978088,7.58306884765625,85.2309722900391,80.9577865600586,84.3571929931641,85.7182235717773,0.0401648655533791,0.0733661949634552,0.307306677103043,0.000723029836080968,8.71073385522158e-24,8.1831957876588e-11,0.259409993886948,0.0122413616627455,87250.03125,NA,NA
"UKM64",4.47095918655396,6.89006280899048,12.6770343780518,9.49960613250732,8.20607566833496,5.31471109390259,3.10669565200806,2.95106482505798,5.18017292022705,79.3956680297852,78.9868927001953,83.6545639038086,82.2650909423828,0.0051030246540904,0.0819902569055557,0.202983379364014,0.000325681583490223,6.94957190760128e-24,8.88910889340622e-10,0.0361804403364658,0.0687972083687782,11496.779296875,NA,NA
"UKM66",5.71804332733154,6.78025674819946,11.5831909179688,10.0488033294678,5.86514806747437,4.89169979095459,2.71032691001892,2.80764150619507,4.25379848480225,75.790397644043,80.242057800293,87.6411666870117,81.4584274291992,0.0052047804929316,0.204816415905952,0.0752181112766266,0.000274474150501192,0,2.00417948903464e-09,0,0.068967416882515,10020.2783203125,NA,NA
"UKM71",2.44629335403442,6.2919602394104,13.6619100570679,8.64561653137207,11.2156162261963,2.85413122177124,1.91499841213226,2.11618828773499,3.07939600944519,84.6000595092773,78.9249725341797,79.4555282592773,84.7187881469727,0.18086239695549,0.264538258314133,0.222448632121086,0.00562122324481606,2.08920161838764e-27,2.40359850078864e-11,0.258654773235321,0.00468734186142683,100420.359375,NA,NA
"UKM72",3.31436085700989,7.38416910171509,14.7135257720947,9.6754846572876,11.3991641998291,2.87729501724243,1.89588940143585,2.1200807094574,2.92106652259827,82.940185546875,77.5251846313477,78.1657257080078,82.8189392089844,0.178352311253548,0.273297905921936,0.0175263285636902,0.0260422695428133,0,2.47037029721398e-10,0.165456116199493,0.0322611965239048,309126,NA,NA
"UKM73",3.27004218101501,7.04474925994873,14.4995927810669,9.52818870544434,11.229549407959,2.93976950645447,1.93803477287292,2.14377903938293,3.0188627243042,84.7810363769531,79.0041275024414,79.3378601074219,84.472038269043,0.124923259019852,0.314177870750427,0.105239532887936,0.0200483240187168,6.97631481537084e-28,8.9161095173651e-11,0.331007421016693,0.0116437766700983,189302.890625,NA,NA
"UKM75",3.15029644966125,7.026442527771,14.4253902435303,9.40189266204834,11.2750930786133,3.54707527160645,2.15708136558533,2.25071930885315,3.47276091575623,85.9958801269531,79.4349746704102,80.0334625244141,85.6060104370117,0.0888183861970901,0.290732622146606,0.152279734611511,0.0515952371060848,0,0,0.383025318384171,0,127559.890625,NA,NA
"UKM76",2.93117547035217,7.07542085647583,14.4581203460693,9.26739025115967,11.5269451141357,3.9713785648346,2.3344898223877,2.3950207233429,3.79429078102112,86.1621932983398,78.8738403320312,79.7962493896484,85.6323776245117,0.127278506755829,0.436963587999344,0.0525330007076263,0.0289023909717798,2.34376121619402e-25,0,0.338264733552933,0,71299.0625,NA,NA
"UKM77",1.57942318916321,5.68362712860107,13.1452169418335,7.95198249816895,11.5657939910889,5.29253959655762,2.87969493865967,2.63191151618958,4.72113275527954,87.8352508544922,80.310432434082,81.0838394165039,87.1986389160156,0.097819097340107,0.212627470493317,0.320761799812317,0.00744834449142218,1.77135529269321e-23,0,0.324614465236664,0,456444.34375,NA,NA
"UKM78",3.12772727012634,7.14222812652588,14.529468536377,9.40063095092773,11.401741027832,3.82119297981262,2.26176285743713,2.37065839767456,3.7697856426239,86.350959777832,79.3010025024414,80.2284164428711,85.8852310180664,0.0939602479338646,0.408372581005096,0.0545563846826553,0.0395115874707699,0,0,0.393363744020462,0,147142.6875,NA,NA
"UKM81",2.45136284828186,6.28727531433105,13.5095233917236,8.62750339508057,11.058159828186,7.91590976715088,4.30961513519287,3.65069222450256,7.06250667572021,87.312629699707,80.1777191162109,82.1764755249023,86.8165283203125,0.0793872028589249,0.228089958429337,0.254587650299072,0.0414490886032581,1.58399719894306e-24,0,0.333301663398743,0,228768.90625,NA,NA
"UKM82",3.44097208976746,7.30489730834961,14.5572090148926,9.64337253570557,11.1162376403809,5.23324251174927,2.87955403327942,2.76737570762634,4.92132186889648,85.527702331543,78.6800155639648,80.5033264160156,85.2301559448242,0.0797585546970367,0.470415323972702,5.98186389311195e-10,0.118884600698948,0,0,0.330941528081894,0,156057.15625,NA,NA
"UKM83",3.98234272003174,7.51792669296265,14.6250066757202,9.99736404418945,10.6426649093628,5.67921495437622,3.16097855567932,3.00279855728149,5.3831582069397,84.8406829833984,78.8224639892578,80.9444274902344,84.718391418457,0.0568358041346073,0.384453743696213,0.026174359023571,0.066247433423996,0,0,0.256307899951935,0,288330.3125,NA,NA
"UKM84",3.16930389404297,7.17558097839355,14.5187034606934,9.42929935455322,11.3493995666504,4.44249296188354,2.53003811836243,2.55217218399048,4.28904581069946,86.2535552978516,79.1151733398438,80.4174728393555,85.8077545166016,0.0911944955587387,0.454146236181259,0.0197012573480606,0.0594086274504662,2.49985504635856e-24,0,0.374089956283569,0,227194.296875,NA,NA
"UKM91",3.20096063613892,6.99136209487915,14.5155220031738,9.50365257263184,11.3145608901978,3.51411533355713,2.20610666275024,2.38732552528381,3.44477224349976,85.5862579345703,79.2839050292969,79.6053314208984,85.1789321899414,0.107714854180813,0.334251195192337,0.124341949820518,0.0131134996190667,2.61199857587246e-27,0,0.379565089941025,0,558297.4375,NA,NA
"UKM92",3.55043125152588,7.12804460525513,14.3920288085938,9.67530918121338,10.8415975570679,5.41247224807739,3.06547451019287,2.94012141227722,5.06489181518555,86.3452835083008,80.2504577636719,82.1325149536133,86.2161560058594,0.044535368680954,0.336856931447983,0.119072675704956,0.00343379471451044,3.48677782285136e-24,1.05898047275677e-10,0.293705731630325,0.015257871709764,141796.234375,NA,NA
"UKM93",3.42521739006042,7.04117107391357,14.2321395874023,9.52143478393555,10.8069219589233,5.77704906463623,3.20774102210999,2.98819470405579,5.47380447387695,85.8225860595703,79.5324172973633,81.6836013793945,85.6986389160156,0.0591741316020489,0.370055586099625,0.0923511981964111,0.0456536523997784,5.34209285202943e-31,0,0.316608756780624,0,590325.4375,NA,NA
"UKM94",3.96808481216431,7.3024582862854,14.2933540344238,9.89825630187988,10.3252696990967,5.1900110244751,2.88667488098145,2.849116563797,5.07802820205688,84.4922790527344,80.132438659668,83.1307144165039,84.7561950683594,0.0494262427091599,0.31463161110878,0.0804208517074585,0.0130479894578457,2.07099234196797e-29,1.60024635686637e-13,0.278322279453278,0.000820689601823688,101114.6953125,NA,NA
"UKM95",3.19193959236145,7.15721130371094,14.510781288147,9.44418334960938,11.3188428878784,4.56460809707642,2.62184429168701,2.62399959564209,4.38682889938354,86.4777755737305,79.3616943359375,80.6393432617188,86.0611801147461,0.0840907841920853,0.44376602768898,0.0431668385863304,0.0484546273946762,7.01842033840939e-29,0,0.378766506910324,0,698713.75,NA,NA
"UKN06",4.9411449432373,7.94041681289673,14.7538461685181,10.6261463165283,9.81270027160645,3.70396566390991,2.36972260475159,2.36316108703613,3.61948490142822,83.6693878173828,80.4578094482422,82.6379165649414,83.9492950439453,0.0376248881220818,0.367908626794815,0.00543767539784312,0.0450636297464371,4.19579275160079e-23,0,0.156687065958977,0,46711.73828125,NA,NA
"UKN07",4.27972602844238,7.64596128463745,14.7500667572021,10.0398092269897,10.4703407287598,3.47261166572571,2.31969666481018,2.21725082397461,3.30913090705872,85.7561874389648,79.7766342163086,80.4362640380859,85.3903274536133,0.0432880781590939,0.788139462471008,0.00128334120381624,0.0149875096976757,0,0,0.124691233038902,0,192292.953125,NA,NA
"UKN08",4.68766975402832,7.73865699768066,14.7612056732178,10.3393812179565,10.0735359191895,3.51569509506226,2.30873274803162,2.22922229766846,3.3724193572998,84.251838684082,79.8454742431641,81.0091247558594,84.3711395263672,0.0453613325953484,0.585967421531677,7.94824706051855e-10,0.0134096629917622,0,0,0.133131191134453,0,189163.140625,NA,NA
"UKN09",5.30078744888306,8.01937294006348,14.7579126358032,10.8912744522095,9.45712566375732,3.72660064697266,2.33305215835571,2.30640506744385,3.61428141593933,82.8226013183594,80.4938278198242,82.8526153564453,83.3566436767578,0.0341483429074287,0.289096504449844,0.00288241542875767,0.0349829792976379,3.30660704080867e-23,1.10984360590649e-10,0.137809470295906,0.00173909962177277,121463.8203125,NA,NA
"UKN10",3.77733397483826,7.08177042007446,13.8876352310181,9.49930953979492,10.1103010177612,4.40408658981323,2.8231086730957,2.52336430549622,3.84779357910156,86.5439224243164,80.8246231079102,82.3778076171875,86.1981430053711,0.0618209466338158,0.715869247913361,0.0146471215412021,0.00716651324182749,5.84042896713938e-15,0,0.164261728525162,0,92236.5,NA,NA
"UKN11",3.96982216835022,7.46901273727417,14.4011745452881,9.77679920196533,10.4313526153564,3.87949013710022,2.54074788093567,2.32881617546082,3.55875277519226,86.2346343994141,80.1413803100586,81.1347274780273,85.7274017333984,0.034251656383276,0.787095904350281,0.0185637939721346,0.00795677211135626,3.47788165661539e-27,0,0.127531453967094,0,160255.828125,NA,NA
"UKN12",4.57911491394043,7.54248714447021,14.1309146881104,10.1762266159058,9.55180072784424,4.09743165969849,2.62623977661133,2.51314878463745,3.99599528312683,84.9103546142578,80.7688980102539,82.9519882202148,85.1410980224609,0.0339800119400024,0.516599059104919,0.0304860882461071,0.00767183629795909,2.29323900194616e-15,1.06841900777976e-12,0.113520242273808,5.60840562684461e-05,103894.9609375,NA,NA
"UKN13",4.13864183425903,7.48739767074585,14.4784364700317,9.97579097747803,10.3397951126099,4.22175788879395,2.6459538936615,2.56506204605103,3.96399593353271,84.9610290527344,80.0254516601562,81.5293350219727,84.7858505249023,0.0318554416298866,0.624459028244019,0.0106188813224435,0.0217007454484701,6.74526876606261e-24,0,0.11950222402811,0,143695.0625,NA,NA
"UKN14",4.47832489013672,7.64531803131104,14.6368160247803,10.2171831130981,10.1584901809692,3.82044768333435,2.4582188129425,2.38966250419617,3.65030217170715,84.4766540527344,79.9997024536133,81.4336700439453,84.4918746948242,0.0411998182535172,0.577623009681702,0.0050196279771626,0.0229342896491289,9.43179532108247e-24,0,0.133602365851402,0,103212.734375,NA,NA
"UKN15",4.36995697021484,7.60549116134644,14.5339212417603,10.1556406021118,10.1639652252197,4.09251260757446,2.57801914215088,2.51723122596741,3.89275527000427,84.5945129394531,80.1733245849609,81.8990783691406,84.5666656494141,0.0326317250728607,0.542390644550323,0.0109635069966316,0.0271076746284962,1.57887023414784e-23,1.44111710412287e-11,0.127072796225548,0.00075647933408618,243473.25,NA,NA
"UKN16",3.83447289466858,7.23313808441162,14.1467418670654,9.57729911804199,10.3122692108154,4.64012098312378,2.97307968139648,2.58252882957458,3.98814129829407,87.2133331298828,80.816162109375,81.9283294677734,86.6744918823242,0.078641451895237,0.690082132816315,0.0440482199192047,0.00394191546365619,5.15089036148223e-15,0,0.171291276812553,0,151174.4375,NA,NA
"VA",11.0036678314209,15.7349271774292,26.6645412445068,20.1031761169434,15.6608734130859,2.5029194355011,1.97228074073792,0.653297245502472,8.39656639099121,76.0652465820312,73.9680099487305,68.2693481445312,76.0287551879883,0.173614785075188,0.0452437847852707,1.16741338818116e-12,0.149002835154533,0,0,0,0.196637004613876,212.726638793945,NA,NA
"XKG125378",1.5745667219162,11.2530088424683,23.1929969787598,13.2115802764893,21.6184310913086,1.62128353118896,1.87696254253387,1.63208985328674,1.75239777565002,77.7028121948242,67.0948486328125,56.1784744262695,71.1365432739258,0.239986926317215,0.238579005002975,0.00534071121364832,0.0432231761515141,0,0.0658716708421707,0.0760099142789841,0.330988615751266,719859.125,NA,NA
"XKG125379",1.44495236873627,11.0627164840698,22.9987926483154,13.0587310791016,21.553840637207,1.90386295318604,2.31221675872803,1.91195046901703,2.02701163291931,77.3960800170898,67.2148818969727,57.8268356323242,71.5968780517578,0.230861157178879,0.233288809657097,0.0107871918007731,0.0254458822309971,0,0.037175465375185,0.224059730768204,0.238381758332253,275411.03125,NA,NA
"XKG125380",1.87365627288818,11.6092691421509,23.5297679901123,13.5516996383667,21.6561126708984,1.49571084976196,1.78078305721283,1.56048488616943,1.59066462516785,77.9042205810547,66.8716430664062,55.3979873657227,70.6305923461914,0.262286484241486,0.216739431023598,0.00726346485316753,0.0355390720069408,0,0.0985347107052803,0,0.379636853933334,240356.34375,NA,NA
"XKG125385",0.399714022874832,9.46081161499023,21.425594329834,11.7887678146362,21.0258808135986,2.70721769332886,2.52366161346436,1.63806331157684,2.79300332069397,77.8028259277344,69.3804702758789,59.6304244995117,72.7930526733398,0.177181541919708,0.242182075977325,0.0396403707563877,0.0239707361906767,0.0106126544997096,0,0.506235718727112,0,287252.5625,NA,NA
"XKG125389",0.401033222675323,9.53091716766357,21.4818706512451,11.8557186126709,21.0808372497559,2.10804152488708,2.15862798690796,1.52308106422424,2.29233312606812,77.5095596313477,68.3892593383789,55.5885200500488,70.7903518676758,0.159160122275352,0.29750394821167,0.0333079919219017,0.0319586060941219,0.000164167242473923,0,0.477677971124649,0,373580.34375,NA,NA
