"NUTM","temperature_winter","temperature_spring","temperature_summer","temperature_fall","seasonal_variation","precipitation_winter","precipitation_spring","precipitation_summer","precipitation_fall","relative_humidity_winter","relative_humidity_spring","relative_humidity_summer","relative_humidity_fall","croplands","pastures","rangelands","urbanAreas","primaryForest","primaryNonForest","secondaryForest","secondaryNonForest","secondaryLand","total_population","population_density"
"AD",3.76504468917847,8.80491542816162,20.9205703735352,13.0614461898804,17.1555252075195,2.52302145957947,2.88271021842957,1.88347327709198,2.39140129089355,74.3271484375,72.9758758544922,68.6362609863281,73.7567977905273,0.178662642836571,0.0785980299115181,0.0452646911144257,0.0136244399473071,5.11625585204456e-05,0.0269092340022326,0.141026645898819,0.515863120555878,21215.412109375,NA,NA
"AL013",2.15596461296082,10.4312801361084,22.80810546875,13.8877305984497,20.6521415710449,3.90746545791626,3.13449692726135,1.61541283130646,3.51975083351135,78.3841400146484,69.8197021484375,59.2615127563477,68.3614120483398,0.13218092918396,0.194751918315887,0.00605995394289494,0.0192152019590139,0.0288866516202688,0,0.61729234457016,0,144907.5,NA,NA
"AL015",3.39779424667358,11.0538234710693,23.4707183837891,14.666054725647,20.0729236602783,5.5363073348999,3.95730543136597,1.49801051616669,4.88068151473999,76.3218154907227,70.1399612426758,60.6861381530762,68.6995544433594,0.147100120782852,0.128106445074081,0.0057970117777586,0.011374345049262,0.0383716523647308,0.0017086158040911,0.577805399894714,0.0049912934191525,198234.84375,NA,NA
"AL014",7.40353298187256,14.7093420028687,27.2808971405029,18.4831104278564,19.8773651123047,4.34645652770996,3.3993399143219,1.25302696228027,3.64974021911621,75.5022506713867,69.856086730957,58.6075172424316,67.3515930175781,0.106080196797848,0.138555377721786,5.29486732236961e-10,0.01074886508286,0.039063286036253,2.79167193184549e-06,0.631411373615265,8.15516978036612e-06,75297.5078125,NA,NA
"AL011",4.34286546707153,12.072566986084,24.5795745849609,15.8827857971191,20.2367095947266,3.47193121910095,2.88643479347229,1.31843614578247,2.96313190460205,79.4384307861328,71.2651824951172,60.0334434509277,68.7341537475586,0.0643184930086136,0.257940858602524,0.00278105470351875,0.0107417069375515,0.048229742795229,0,0.60304319858551,0,103491.171875,NA,NA
"AL012",9.36298561096191,15.9506921768188,28.4095401763916,20.0273742675781,19.0465526580811,3.71400213241577,2.91749095916748,0.92516827583313,3.10464334487915,73.3076095581055,69.2761917114258,58.7585029602051,66.3757171630859,0.156770899891853,0.0995578467845917,4.8466686219939e-10,0.0209533181041479,0.0526495464146137,0.000748047255910933,0.517343997955322,0.00981788989156485,202732.71875,NA,NA
"AL021",5.57482051849365,12.5693988800049,25.0814514160156,16.7329120635986,19.5066299438477,3.02128100395203,2.49338150024414,1.05441236495972,2.51036882400513,78.0385589599609,69.9455642700195,58.5430145263672,67.9105911254883,0.0843393132090569,0.238993555307388,0.0148336058482528,0.0140176797285676,0.0813154354691505,0,0.560328364372253,0,309085.875,NA,NA
"AL022",8.99122714996338,15.3553876876831,27.7563056945801,19.6038208007812,18.7650775909424,3.2579996585846,2.63706183433533,0.854992747306824,2.71743178367615,73.9908828735352,69.3805770874023,58.9963455200195,66.4994888305664,0.178935170173645,0.134022951126099,6.39663544355074e-10,0.0267253033816814,0.0719067305326462,0.000145810525282286,0.537629544734955,0.00376791786402464,612827.5,NA,NA
"AL034",3.56314492225647,11.1921796798706,23.9699039459229,15.1774320602417,20.406759262085,2.60431575775146,2.14759182929993,0.932913899421692,2.22663640975952,80.8788986206055,70.2385482788086,55.8010292053223,68.2158966064453,0.0643533170223236,0.180581912398338,0.0483819656074047,0.00887215044349432,0.0115776946768165,0.32847785949707,0.0974131003022194,0.20299606025219,134207.875,NA,NA
"AL031",6.85779333114624,13.4166994094849,25.9465351104736,17.6774024963379,19.0887413024902,3.12572741508484,2.38474869728088,0.860394418239594,2.50113439559937,76.6919784545898,68.9354858398438,56.4923934936523,67.7413177490234,0.137229114770889,0.232905730605125,0.0237757917493582,0.0104231229051948,0.0634338930249214,0,0.529829919338226,0,71635.53125,NA,NA
"AL032",10.9119663238525,16.827075958252,29.0788631439209,21.1041679382324,18.1668949127197,3.0585994720459,2.36286616325378,0.645735800266266,2.47596001625061,74.5160827636719,68.7167892456055,57.2153701782227,68.0572052001953,0.255547821521759,0.14447771012783,0.00114049320109189,0.016477407887578,0.0279338825494051,0.00541688269004226,0.371843159198761,0.0345953404903412,168308.546875,NA,NA
"AL035",9.80830955505371,15.8924808502197,28.2267589569092,20.140983581543,18.4184494018555,4.30464029312134,2.5426173210144,0.507343471050262,3.33324599266052,76.1964416503906,71.0529861450195,58.6515197753906,69.786735534668,0.117226295173168,0.160876139998436,0.0327784493565559,0.00397940957918763,0.0206369422376156,0.00688822567462921,0.397303372621536,0.0164383370429277,53566.09765625,NA,NA
"AL033",6.11750173568726,12.7156677246094,25.3526954650879,16.9887199401855,19.2351951599121,4.53895616531372,2.65925455093384,0.724295794963837,3.46245718002319,76.8341293334961,69.7802734375,56.2330131530762,67.756217956543,0.0912287309765816,0.232273265719414,0.0295372121036053,0.00456976518034935,0.045494731515646,0.0123030040413141,0.52940571308136,0.00433084135875106,38993.26953125,NA,NA
"AT11",2.94745564460754,12.8308601379395,23.235315322876,13.76194190979,20.2878570556641,1.47175228595734,1.93796539306641,2.70309638977051,2.2579345703125,79.8098373413086,67.6200714111328,66.333251953125,77.4231872558594,0.275457322597504,0.0152042480185628,1.15621096483665e-05,0.0093963909894228,1.40129846432482e-45,0.0023044110275805,0.315776199102402,0.362155854701996,320235.53125,NA,NA
"AT12",2.1960346698761,11.692702293396,22.0039310455322,12.7643661499023,19.8078956604004,2.08588266372681,2.34474873542786,3.07961893081665,2.24493765830994,80.9325866699219,70.1557464599609,69.6801910400391,79.4115524291992,0.261889398097992,0.178447067737579,0.00479183159768581,0.0192529279738665,0,0.0087498752400279,0.0734608620405197,0.45306470990181,3332628.5,NA,NA
"AT13",3.44860887527466,13.2400379180908,23.6775074005127,14.1147174835205,20.2288970947266,1.66689932346344,1.99441945552826,2.39527916908264,2.07271313667297,80.1987609863281,67.8753356933594,65.182861328125,76.3619384765625,0.236123204231262,0.157577559351921,2.47817016907348e-10,0.109802909195423,0,0.00697485031560063,0,0.489521473646164,474528.15625,NA,NA
"AT21",-0.181614771485329,7.84719467163086,18.3039150238037,10.0839805603027,18.4855289459229,2.65217208862305,3.23939871788025,4.56701850891113,4.16902685165405,79.4531173706055,74.078742980957,76.5302352905273,82.5323791503906,0.119056046009064,0.141926854848862,0.0804217830300331,0.0104546416550875,0,0,0.644007086753845,0,618958.3125,NA,NA
"AT22",0.433034926652908,8.95208740234375,19.2351169586182,10.8111200332642,18.8020820617676,2.46489357948303,2.84725522994995,4.4658694267273,3.22763347625732,80.7314071655273,73.1197967529297,75.7052917480469,82.4590682983398,0.12751017510891,0.0888713523745537,0.0317490212619305,0.0129778543487191,9.4071860162832e-25,0.00339122558943927,0.677031099796295,0.0575247816741467,1306009.5,NA,NA
"AT31",1.88222801685333,10.6461458206177,20.711238861084,12.0916213989258,18.8290100097656,3.15677857398987,3.303391456604,4.41354608535767,3.08167576789856,81.3607406616211,72.2354125976562,74.6052169799805,82.2536163330078,0.20948688685894,0.244162708520889,0.0160074438899755,0.0174364373087883,0,0.00504274340346456,0.311339139938354,0.191800907254219,1334478.375,NA,NA
"AT32",-0.524456977844238,6.13375377655029,16.2015209197998,8.85698699951172,16.7259769439697,3.28686475753784,3.98927664756775,5.9578685760498,4.08228349685669,79.0778350830078,75.6615982055664,78.9721908569336,82.9800796508789,0.10311471670866,0.214619189500809,0.186661064624786,0.00776085024699569,0,0,0.471097111701965,0,585623.625,NA,NA
"AT33",-1.16174268722534,5.35293340682983,15.2900466918945,8.03989124298096,16.451789855957,2.99835896492004,3.55346202850342,5.11089086532593,3.60674166679382,74.5461959838867,73.3489990234375,77.5582046508789,80.1988754272461,0.0834033638238907,0.207056939601898,0.232636019587517,0.00462495628744364,0,0,0.451081871986389,0,971732.375,NA,NA
"AT34",0.410528391599655,6.93654680252075,16.8482398986816,9.4328498840332,16.4377117156982,3.88529062271118,4.27309703826904,5.33193492889404,4.11621141433716,74.0731964111328,72.1955413818359,76.0077362060547,79.2879943847656,0.121775679290295,0.219794124364853,0.161194130778313,0.0179493799805641,0.000319362326990813,0,0.470461010932922,0,414076.5625,NA,NA
"BAG1652",3.42701458930969,11.2726182937622,22.8095321655273,14.1146764755249,19.3825168609619,3.44842314720154,3.0366325378418,1.98542702198029,3.2352569103241,80.5229415893555,70.4629669189453,65.6639633178711,74.5981597900391,0.14106909930706,0.148582950234413,0.0298681240528822,0.0114541444927454,7.47394551581237e-06,0.111588589847088,0.476683735847473,0.0654637068510056,1291010.75,NA,NA
"BAG1653",3.74570918083191,12.144139289856,23.6961002349854,14.7101230621338,19.9503936767578,3.16727519035339,2.93851232528687,2.12422370910645,2.98863673210144,80.3371658325195,69.2490768432617,65.4824295043945,73.8813705444336,0.182202070951462,0.107914350926876,0.025411194190383,0.0098821772262454,1.50390515045729e-05,0.139103949069977,0.4134142100811,0.112327210605145,909149.75,NA,NA
"BE10",5.42357206344604,11.4952354431152,20.2239532470703,13.3980331420898,14.8003797531128,2.99149775505066,2.03854203224182,2.05427622795105,2.70887422561646,85.320198059082,74.4445953369141,74.5503082275391,83.5918121337891,0.34299224615097,0.105365790426731,7.14613257457586e-10,0.24699255824089,0,0,0,0.304649472236633,227235.03125,NA,NA
"BE21",5.33713054656982,11.3393020629883,20.0307006835938,13.2255477905273,14.6935701370239,2.79567360877991,1.73965752124786,1.94094395637512,2.81199622154236,85.1337814331055,74.0783920288086,74.5335083007812,83.813591003418,0.258708506822586,0.121684148907661,1.39280897926142e-09,0.119265787303448,0,1.75118752832049e-10,0,0.481352686882019,1589082.75,NA,NA
"BE22",5.09247446060181,11.4676446914673,20.348783493042,13.2432308197021,15.256308555603,2.84462690353394,2.00523447990417,2.15583729743958,2.72633028030396,84.7073974609375,73.1140518188477,73.2425384521484,83.2532501220703,0.257320612668991,0.133661657571793,7.23819393311231e-10,0.101485386490822,0,0,0,0.507532358169556,1067701.125,NA,NA
"BE23",5.36268711090088,11.1169738769531,19.9098014831543,13.4713506698608,14.5471134185791,2.93599319458008,1.82700979709625,1.89927136898041,2.90534949302673,85.604850769043,75.6767272949219,75.8577575683594,83.9431304931641,0.250312924385071,0.103301659226418,1.29170163454262e-09,0.114439524710178,0,1.4215691124253e-10,0,0.456241011619568,1694065.625,NA,NA
"BE24",5.19539833068848,11.4503107070923,20.3428287506104,13.3545989990234,15.1474313735962,2.89932632446289,2.01159000396729,2.00667381286621,2.64181065559387,85.1869125366211,74.1352005004883,74.2920379638672,83.5283737182617,0.371180921792984,0.11682553589344,1.60340363208888e-09,0.16170334815979,0,1.40224056324745e-11,0,0.348769754171371,1763861.625,NA,NA
"BE25",5.46695756912231,10.7959909439087,19.3786468505859,13.4395713806152,13.9116907119751,3.0311906337738,1.93285751342773,1.93544232845306,3.14080047607422,84.8853073120117,76.7119140625,76.8070755004883,83.265495300293,0.290935665369034,0.087150901556015,4.91725631945883e-06,0.0850562751293182,0,1.00990132922973e-10,0,0.335984438657761,1555429.375,NA,NA
"BE31",5.17346811294556,11.4528760910034,20.3763542175293,13.3676958084106,15.2028865814209,2.902268409729,2.00399446487427,1.97152733802795,2.59834122657776,85.2423095703125,74.1668014526367,74.3120498657227,83.5290374755859,0.390492886304855,0.115596413612366,1.92275995125613e-09,0.161445841193199,0,0,0,0.332464873790741,870649.125,NA,NA
"BE32",5.18702840805054,11.2762002944946,20.2086200714111,13.3035020828247,15.0215902328491,3.24689340591431,2.1475818157196,2.02800559997559,2.87208437919617,86.0601577758789,75.2975769042969,75.3307723999023,84.2216186523438,0.318432748317719,0.119022861123085,8.31857693839311e-10,0.104090109467506,0,0,0.221238896250725,0.237215399742126,2137758.25,NA,NA
"BE33",4.3330979347229,10.9736995697021,20.0942096710205,12.7407236099243,15.7611112594604,3.35169410705566,2.35043334960938,2.32585859298706,2.96061062812805,86.2922134399414,74.6510696411133,74.7598190307617,84.7302474975586,0.200632557272911,0.115701176226139,1.42255263124724e-09,0.0699948891997337,0,3.82777047600415e-16,0.28842556476593,0.325245827436447,1275082.375,NA,NA
"BE34",3.96265435218811,10.5308246612549,19.8722896575928,12.1946363449097,15.9096355438232,4.02302598953247,2.58642649650574,2.35442185401917,3.35316753387451,87.6975250244141,75.4811325073242,75.4926223754883,86.1263275146484,0.281700611114502,0.150477200746536,0.000603318156208843,0.0278812013566494,3.85407289013265e-25,1.08620630316856e-36,0.444083005189896,0.0952546447515488,390302.59375,NA,NA
"BE35",4.66180515289307,11.0582275390625,20.1990737915039,12.9259014129639,15.5372695922852,3.5449390411377,2.35452342033386,2.19636487960815,2.95360040664673,86.6893920898438,75.2874526977539,75.5030288696289,85.0412216186523,0.306099623441696,0.148413598537445,2.03921881620772e-05,0.0497092641890049,0,1.51607310423993e-36,0.0796140134334564,0.416143119335175,762217.3125,NA,NA
"BG311",3.83150029182434,13.961688041687,26.2959423065186,16.1554088592529,22.4644412994385,1.44376122951508,1.81899631023407,1.58317601680756,1.41304171085358,81.3803482055664,66.6361999511719,57.406681060791,68.6773300170898,0.0957177728414536,0.17880691587925,0.00459169782698154,0.00580647494643927,0,0.0389569699764252,0,0.673809051513672,72947.578125,NA,NA
"BG312",3.31095957756042,13.5537729263306,25.7280979156494,15.8323774337769,22.4171390533447,1.39487516880035,1.90985083580017,1.81966865062714,1.36665058135986,80.3436279296875,66.9359588623047,58.3479080200195,67.9051361083984,0.0704259499907494,0.198610186576843,0.019200986251235,0.00630288850516081,0,0.0340589322149754,0,0.669500470161438,83774.8359375,NA,NA
"BG313",3.43767690658569,14.0401525497437,26.4736785888672,16.4372673034668,23.036003112793,1.44074177742004,2.03715753555298,1.96340429782867,1.35639691352844,80.5593795776367,67.2291793823242,58.6923599243164,67.7130432128906,0.114025391638279,0.168971717357635,0.027446310967207,0.00815687887370586,0,0.00344902649521828,0,0.676311433315277,97883.671875,NA,NA
"BG314",3.46236848831177,14.5277099609375,27.4688720703125,17.1088180541992,24.0065040588379,1.44546675682068,1.75023007392883,1.78665888309479,1.19942140579224,80.7118301391602,67.1201553344727,57.5837173461914,67.013557434082,0.447251200675964,0.112329229712486,0.00672606658190489,0.00812599342316389,0,0.00576106831431389,0,0.418654441833496,166749.296875,NA,NA
"BG315",2.42246675491333,12.8169298171997,25.590274810791,15.6647443771362,23.1678085327148,1.5244973897934,2.27681446075439,2.47787189483643,1.44237101078033,79.4158935546875,69.4388198852539,61.779182434082,68.7316818237305,0.263964086771011,0.0736825689673424,0.00368792493827641,0.0102874813601375,0,6.8177182583895e-06,0,0.64835923910141,132368.15625,NA,NA
"BG321",3.36827945709229,13.7770891189575,26.8964176177979,16.7985210418701,23.5281372070312,1.54678475856781,1.85482430458069,1.75993382930756,1.31294703483582,80.5877304077148,68.7321624755859,59.655704498291,68.2747192382812,0.365182757377625,0.0927488282322884,0.00193251064047217,0.0100410515442491,0,0.00252228905446827,0,0.527193248271942,157547.171875,NA,NA
"BG322",1.88787662982941,12.0452156066895,25.067455291748,15.1632118225098,23.1795787811279,1.60298776626587,2.19000434875488,2.26398491859436,1.34450042247772,79.7944183349609,69.5390319824219,60.7973518371582,68.5818099975586,0.213492035865784,0.0617892444133759,0.00034604370011948,0.0118567850440741,0,8.39691347209737e-06,0,0.711942255496979,72918.828125,NA,NA
"BG323",3.64014720916748,14.3711700439453,27.4365425109863,17.096586227417,23.7963943481445,1.67465531826019,1.77544581890106,1.68722629547119,1.38906693458557,81.4996490478516,67.5481948852539,58.634162902832,68.0541534423828,0.51717734336853,0.0725516155362129,0.00390780018642545,0.0122410347685218,0,0.0107957292348146,0,0.381182909011841,135440.3125,NA,NA
"BG324",3.58919358253479,13.9132022857666,26.9501094818115,16.8516063690186,23.3609161376953,1.60756194591522,1.80257487297058,1.70019483566284,1.47364866733551,81.4309310913086,68.713264465332,60.0411071777344,69.3354110717773,0.524392008781433,0.0299222078174353,0.000266465474851429,0.00888355076313019,0,0.00359644996933639,0,0.432856529951096,61477.3046875,NA,NA
"BG325",3.72155356407166,14.0845613479614,26.9289226531982,16.8422164916992,23.207368850708,1.57981991767883,1.65854120254517,1.57421791553497,1.38948261737823,81.6567535400391,68.712287902832,60.3429908752441,70.2587051391602,0.50314199924469,0.0657161101698875,0.00630972860381007,0.00820157676935196,0,0.00941987708210945,0,0.399848222732544,120466.5625,NA,NA
"BG331",5.33615493774414,13.5298337936401,26.48268699646,17.7576198577881,21.1465320587158,1.41552686691284,1.48301041126251,1.21456384658813,1.40526103973389,80.0784454345703,72.0301132202148,64.5925598144531,72.4719848632812,0.427194982767105,0.0239811260253191,0.000108060805359855,0.0134891029447317,0,4.59209695691243e-05,0,0.435506165027618,304485.53125,NA,NA
"BG332",4.89442253112793,13.6181917190552,26.3371410369873,17.2417507171631,21.4427185058594,1.31566858291626,1.3888863325119,1.12081348896027,1.32451570034027,80.5590133666992,71.7320404052734,64.5153579711914,72.5389099121094,0.43964222073555,0.0362382829189301,2.22213857341558e-05,0.00645032152533531,0,0.00507953902706504,0,0.405995726585388,133283.109375,NA,NA
"BG333",4.22076463699341,13.5391864776611,26.5373039245605,17.0552368164062,22.3165378570557,1.47731947898865,1.68086540699005,1.51734685897827,1.34333658218384,80.9601058959961,70.6114883422852,62.2450981140137,71.2007141113281,0.501483142375946,0.0299229305237532,0.000125252525322139,0.00844736583530903,0,2.48190599450027e-06,0,0.459865123033524,97812.1875,NA,NA
"BG334",3.69528412818909,13.5780611038208,26.6591987609863,16.85129737854,22.9639148712158,1.48135638237,1.79053092002869,1.62247002124786,1.33205544948578,81.0036087036133,69.9543075561523,61.6636924743652,70.2902450561523,0.443703830242157,0.0292613431811333,7.23470730008557e-05,0.00796956475824118,0,0.000312910560751334,0,0.51867288351059,60632.18359375,NA,NA
"BG341",6.0783224105835,14.0023336410522,26.6192054748535,18.3543300628662,20.5408821105957,1.63568246364594,1.55152690410614,1.10304939746857,1.52880752086639,79.1642761230469,72.0080947875977,64.3285217285156,71.2144927978516,0.326349318027496,0.0232503358274698,0.00105811457615346,0.00753935519605875,0,0.0181423909962177,0,0.502009451389313,246056.28125,NA,NA
"BG342",3.50682258605957,12.7760925292969,25.8321914672852,16.3327312469482,22.325366973877,1.41512286663055,1.56470918655396,1.40283024311066,1.21161770820618,79.7179641723633,69.7775726318359,58.9574165344238,68.512580871582,0.352502405643463,0.029496468603611,0.00111090030986816,0.00913076661527157,0,6.31491684544017e-06,0,0.607753157615662,109631.8046875,NA,NA
"BG343",5.80811166763306,14.4119625091553,27.4253101348877,18.2783889770508,21.6171970367432,1.46147906780243,1.48948109149933,1.11321520805359,1.27681481838226,78.926643371582,68.8670883178711,55.9643440246582,66.583625793457,0.493347734212875,0.038578137755394,0.00209990493021905,0.00677321897819638,0,0.00105549453292042,0,0.458003222942352,85952.84375,NA,NA
"BG344",3.79238629341125,13.2732648849487,26.3735942840576,16.6442756652832,22.5812072753906,1.53927397727966,1.75650680065155,1.67805898189545,1.19749271869659,78.9492721557617,68.509162902832,56.3809013366699,66.2421035766602,0.296852976083755,0.0763497948646545,0.00120225211139768,0.01092972420156,0,5.5541718211316e-06,0,0.614454686641693,210600.609375,NA,NA
"BG411",2.44292402267456,12.0138320922852,23.7365074157715,14.7037916183472,21.2935829162598,1.48772442340851,2.32727766036987,2.62765407562256,1.54928398132324,77.2253265380859,67.7006988525391,63.4289054870605,69.0450286865234,0.0388115383684635,0.036808405071497,0.00669491849839687,0.0522340200841427,0,1.00948882391094e-05,0,0.864755272865295,509853.90625,NA,NA
"BG412",1.80687034130096,11.3724756240845,23.3644008636475,14.2110528945923,21.5575313568115,1.66070115566254,2.58961033821106,2.57766175270081,1.60164630413055,77.8961334228516,69.0017395019531,64.2381362915039,69.6416625976562,0.0461720749735832,0.0510334335267544,0.00586336757987738,0.0159659013152122,0,0.0100480373948812,0,0.868684589862823,657715.9375,NA,NA
"BG413",2.46477675437927,11.4855136871338,23.8156909942627,14.5374450683594,21.3509140014648,1.57588648796082,1.81298804283142,1.57882714271545,1.24458074569702,75.5939254760742,66.7741622924805,59.5039253234863,67.8636322021484,0.11299654841423,0.189055129885674,0.0290800984948874,0.00503181898966432,0,0.0593320243060589,0,0.601510524749756,191169.515625,NA,NA
"BG414",2.2320032119751,11.667610168457,23.4048442840576,14.5250015258789,21.1728401184082,1.44177448749542,1.99924290180206,2.12092018127441,1.43933236598969,76.9125366210938,67.1091003417969,62.3194465637207,68.193733215332,0.0382716543972492,0.0400248020887375,0.0113841947168112,0.0154912685975432,0,0.108795210719109,0,0.786011278629303,221027.53125,NA,NA
"BG415",2.10409235954285,11.2814846038818,23.0530738830566,14.3642616271973,20.9489822387695,1.57555496692657,2.03034281730652,1.9779953956604,1.42073249816895,74.8106384277344,65.4949417114258,59.1098899841309,65.8340911865234,0.03559635207057,0.0815636143088341,0.0186939369887114,0.00848913472145796,0,0.145104885101318,0,0.710531711578369,86472.8125,NA,NA
"BG421",3.32664966583252,12.8145513534546,25.610912322998,15.9022197723389,22.2842617034912,1.7115421295166,2.07333874702454,2.17056775093079,1.3244297504425,77.7944793701172,68.8583755493164,59.0908546447754,67.5194396972656,0.274617224931717,0.075862318277359,0.00422678329050541,0.0159278903156519,0,0.00149199226871133,0,0.627220332622528,526581.9375,NA,NA
"BG422",5.83080768585205,14.3709383010864,27.2842864990234,17.8508377075195,21.4534778594971,1.65993142127991,1.56194663047791,1.04936003684998,1.27467131614685,78.4735641479492,67.398551940918,52.6310806274414,64.9884948730469,0.375317960977554,0.15215402841568,0.0180658996105194,0.00698592746630311,0,0.0394386313855648,0,0.406267583370209,181719.96875,NA,NA
"BG423",2.36534667015076,11.6823425292969,24.1031475067139,14.7230548858643,21.7377986907959,1.68029868602753,2.14075660705566,1.99326264858246,1.3117048740387,77.1220245361328,69.0320739746094,61.6726417541504,68.7144165039062,0.177723556756973,0.067393071949482,0.00772788980975747,0.00916693545877934,0,0.0500578060746193,0,0.681966662406921,178129.484375,NA,NA
"BG424",2.14272212982178,10.7981214523315,23.3605651855469,13.9965925216675,21.217845916748,2.05489230155945,2.04708528518677,1.85977232456207,1.48586761951447,77.4696807861328,70.1021118164062,61.818244934082,69.3541412353516,0.0958444699645042,0.0482047758996487,0.0167180188000202,0.003582016332075,0,0.147439166903496,0,0.680712342262268,72906.4921875,NA,NA
"BG425",5.20430040359497,13.4265079498291,26.2741203308105,16.8523731231689,21.0698184967041,1.87317907810211,1.66344666481018,1.07007300853729,1.32153344154358,78.2793731689453,68.745475769043,54.2673606872559,66.0491561889648,0.265788942575455,0.11355996876955,0.0508729033172131,0.0045002237893641,0,0.114764466881752,0,0.444795876741409,104682.0546875,NA,NA
"CH01",-0.02873620018363,5.86248636245728,16.2564277648926,8.63207912445068,16.2851638793945,4.274827003479,4.27732086181641,3.2808518409729,4.14544296264648,72.4831314086914,71.9884338378906,74.4279022216797,79.5887451171875,0.15739232301712,0.129146844148636,0.0454865805804729,0.0148160895332694,9.82730328989677e-27,0,0.567230701446533,0,1557494.75,NA,NA
"CH02",2.28573870658875,9.13656234741211,19.3243255615234,11.1471910476685,17.0385875701904,4.40987157821655,4.40737247467041,3.99790620803833,4.26530075073242,76.2512130737305,71.9075088500977,74.2587814331055,81.3111114501953,0.212156385183334,0.167587503790855,0.0195420775562525,0.0232703220099211,3.3633044249569e-29,3.76790012523998e-07,0.538348376750946,2.76781361208123e-06,2331566.75,NA,NA
"CH03",3.77410173416138,11.2954120635986,21.2227478027344,12.7551774978638,17.4486465454102,3.96255350112915,4.00085592269897,3.65326738357544,3.81993818283081,78.7183151245117,70.7501373291016,72.1847152709961,81.4270248413086,0.214143052697182,0.204980671405792,0.00955997873097658,0.0417855530977249,2.4082626129987e-26,0.0089925741776824,0.440026432275772,0.0660573989152908,911745.125,NA,NA
"CH04",3.56623268127441,11.1711654663086,21.1070041656494,12.5997867584229,17.540771484375,4.07403087615967,4.35259294509888,4.45291900634766,3.9882287979126,78.3544540405273,71.2513046264648,73.1153335571289,81.5386505126953,0.158000573515892,0.262858003377914,0.00975689385086298,0.0577266924083233,7.3814893570656e-27,0,0.482411742210388,0,1097913,NA,NA
"CH05",-0.434949189424515,5.54615116119385,15.533052444458,8.35213756561279,15.9680023193359,4.14807176589966,4.31599044799805,4.6411600112915,4.508460521698,73.3786087036133,71.6133041381836,74.7189636230469,79.7974090576172,0.0838402733206749,0.236036136746407,0.168503239750862,0.010515526868403,1.64461689564632e-05,0,0.476438105106354,0,1446766.25,NA,NA
"CH06",1.14783906936646,7.57797622680664,17.5740509033203,9.87756633758545,16.426212310791,5.46610450744629,5.75192022323608,5.15377950668335,5.1846489906311,74.7987976074219,72.2271499633789,75.0481567382812,80.8590087890625,0.106082566082478,0.240438908338547,0.0763004794716835,0.0310992132872343,1.15571065435833e-26,0,0.479035049676895,0,1477299.75,NA,NA
"CH07",0.580461323261261,6.72392225265503,17.051025390625,9.39321041107178,16.4705638885498,3.90514540672302,6.31902360916138,5.31610536575317,6.52576065063477,70.2321166992188,69.6384506225586,71.4464492797852,78.3718338012695,0.0637690722942352,0.144218146800995,0.129251450300217,0.0138239338994026,3.73896501855216e-25,0,0.609445512294769,0,407162.5625,NA,NA
"CZ01",2.31780886650085,11.618143081665,21.5251598358154,12.4568862915039,19.2073497772217,1.44947183132172,1.88119041919708,2.44806957244873,1.61002194881439,81.1302490234375,69.973762512207,67.4454116821289,79.1942138671875,0.42731186747551,0.078748881816864,1.16122211846204e-09,0.0392914265394211,0,6.9113120844122e-06,0.180624961853027,0.273906648159027,254947.96875,NA,NA
"CZ02",1.94271850585938,11.089919090271,21.0351409912109,12.0471258163452,19.0924224853516,1.62855386734009,2.03599166870117,2.51551461219788,1.70991504192352,81.7275848388672,70.755989074707,69.3582763671875,80.2125091552734,0.408551424741745,0.132828623056412,0.000109828164568171,0.0176603998988867,0,1.09017910290277e-05,0.124796375632286,0.315799951553345,2228907.5,NA,NA
"CZ03",1.68215239048004,10.5602617263794,20.5159664154053,11.6994504928589,18.8338146209717,2.04438591003418,2.29546356201172,2.85514831542969,1.98952257633209,82.9665145874023,72.0496978759766,72.2943954467773,82.2075119018555,0.290200680494308,0.185887679457664,0.00174107810016721,0.00572956074029207,0,0.000228942866669968,0.0502478741109371,0.464606016874313,1312915.875,NA,NA
"CZ04",1.75555515289307,10.522590637207,20.3462963104248,11.5844993591309,18.5907421112061,2.22901439666748,2.33796095848083,2.62671279907227,2.11670827865601,84.370979309082,72.8424835205078,71.3068084716797,82.8307876586914,0.29262575507164,0.0978694558143616,0.00347255100496113,0.00636405404657125,0,2.53256821451942e-05,0.0193711016327143,0.579796373844147,1212794.25,NA,NA
"CZ05",1.3306155204773,10.4128684997559,20.3191261291504,11.590202331543,18.9885101318359,3.10075044631958,2.69700741767883,2.92541742324829,2.59573912620544,84.697021484375,72.9229354858398,72.3203659057617,82.5941696166992,0.300970047712326,0.112022735178471,0.000296642625471577,0.0141306119039655,0,6.34555044598528e-06,0.279570966959,0.292961806058884,1357476,NA,NA
"CZ06",1.68706369400024,11.2178516387939,21.367000579834,12.30189037323,19.6799373626709,1.74112904071808,2.02111291885376,2.47284460067749,1.82092940807343,82.746696472168,70.0588912963867,68.3536605834961,79.3503799438477,0.40670046210289,0.170960083603859,0.000367368338629603,0.0125892711803317,0,1.68437782122055e-05,0.0969026982784271,0.312377750873566,1661253.375,NA,NA
"CZ07",0.912079036235809,10.4193677902222,20.4977264404297,11.690468788147,19.5856494903564,2.3705587387085,2.39069819450378,2.86187386512756,2.3608717918396,83.929817199707,71.5134429931641,70.6029357910156,80.0480422973633,0.318032503128052,0.136645138263702,0.000606071262154728,0.016181780025363,0,1.55192956299288e-05,0.326600968837738,0.201144024729729,1032451.125,NA,NA
"CZ08",0.887958586215973,10.2287702560425,20.2273845672607,11.5754480361938,19.339427947998,2.49789762496948,2.66178464889526,3.2442798614502,2.58456039428711,83.5805053710938,72.2180480957031,72.4861679077148,80.2903671264648,0.306002050638199,0.0990793481469154,0.00036524489405565,0.0179017223417759,0,1.79507205757545e-05,0.0578270368278027,0.517001450061798,1099062,NA,NA
"DE11",2.98746061325073,11.2255334854126,21.1451263427734,12.3788938522339,18.1576652526855,2.52904176712036,2.62252020835876,2.54559302330017,2.59916925430298,82.667594909668,70.7808532714844,69.6839752197266,81.6277923583984,0.246401205658913,0.0800651088356972,1.55472862388706e-05,0.00213372777216136,0,1.58255305409051e-15,0,0.671384453773499,3789256.25,NA,NA
"DE12",3.81824231147766,11.8681516647339,21.7319297790527,13.0179424285889,17.9136848449707,2.91104006767273,2.76154470443726,2.51309061050415,2.88508653640747,82.4255981445312,70.5525665283203,69.0994491577148,81.1644515991211,0.186223536729813,0.052236046642065,7.83985888119787e-05,0.00204627146013081,0,0,0.0650937184691429,0.694322049617767,2372335.5,NA,NA
"DE13",3.53504586219788,11.1477603912354,21.0485458374023,12.5604219436646,17.5135021209717,3.31956028938293,3.26752614974976,2.9403600692749,3.34812593460083,81.158203125,71.4575881958008,71.1830368041992,81.8665771484375,0.240340232849121,0.107853107154369,0.000815282750409096,0.0158443469554186,0,0.0122184026986361,0.421565026044846,0.196058422327042,2672520.75,NA,NA
"DE14",3.05601620674133,11.1561975479126,21.1606063842773,12.506049156189,18.1045894622803,2.2496075630188,2.93442702293396,3.21415114402771,2.79280567169189,80.8265075683594,71.3944854736328,72.1965713500977,82.106559753418,0.220262423157692,0.152142092585564,0.00104940088931471,0.00502304639667273,0,3.07383862575172e-16,0.343003928661346,0.24571281671524,2209206.75,NA,NA
"DE21",2.24832534790039,10.7246055603027,20.7082176208496,12.0724287033081,18.4598941802979,2.57297730445862,3.33592486381531,4.53531932830811,3.08690571784973,78.8533325195312,70.9404144287109,73.4243240356445,81.3251190185547,0.222170099616051,0.214808091521263,0.0192549284547567,0.00639381306245923,0,5.82042484413396e-14,0.263856381177902,0.264557480812073,5560706.5,NA,NA
"DE22",2.2909095287323,11.2364692687988,21.1721744537354,12.2413730621338,18.8812656402588,2.51712131500244,2.61126303672791,3.33100032806396,2.52579998970032,81.1228637695312,70.1061706542969,71.263671875,81.1072311401367,0.27955150604248,0.180613413453102,0.00104451982770115,0.00378347490914166,0,1.40385411628863e-10,0.186907842755318,0.348099261522293,1185456.375,NA,NA
"DE23",1.95928025245667,10.7157392501831,20.6012725830078,11.6758804321289,18.6419925689697,2.33608770370483,2.27745342254639,2.64935755729675,2.3344419002533,83.2122955322266,70.6802597045898,70.2481918334961,81.8985214233398,0.238972008228302,0.136716663837433,0.000155724177602679,0.0031720690894872,0,5.59111160147729e-11,0.00703734066337347,0.613946259021759,1250600.625,NA,NA
"DE24",2.18154525756836,10.3375797271729,20.179817199707,11.5688667297363,17.9982719421387,2.69491124153137,2.36061096191406,2.48345541954041,2.54785418510437,84.1413421630859,71.4839782714844,70.6222763061523,82.656379699707,0.237961858510971,0.129180625081062,4.33210300965214e-10,0.00120341265574098,0,0,0,0.63165408372879,904391,NA,NA
"DE25",2.50526428222656,10.8187589645386,20.7848300933838,11.945107460022,18.2795639038086,2.10535001754761,2.19304871559143,2.34931755065918,2.23346424102783,82.5738296508789,70.0826034545898,68.8729858398438,81.2995681762695,0.306835234165192,0.127631157636642,1.68750224904812e-09,0.00255874311551452,0,0,0,0.562974870204926,1527597.5,NA,NA
"DE26",2.76766991615295,10.8753538131714,20.6145114898682,12.023473739624,17.8468418121338,2.5563976764679,2.21887469291687,2.18280553817749,2.40426015853882,84.0161743164062,71.338005065918,69.8822555541992,82.4604034423828,0.285784304141998,0.10058481246233,0.000181203897227533,0.000721561489626765,0,1.10021236573803e-14,0.0404701605439186,0.572257936000824,1007723.375,NA,NA
"DE27",2.56339454650879,10.7799959182739,20.7569751739502,12.1193113327026,18.1935806274414,2.41875267028809,3.09780645370483,3.81681418418884,2.94370460510254,78.7076721191406,70.8833999633789,72.5743408203125,81.2672348022461,0.247658059000969,0.232327669858932,0.0159644689410925,0.00340209202840924,3.49608519911726e-08,0,0.152179509401321,0.345616608858109,2238462.25,NA,NA
"DE30",3.1890881061554,11.666576385498,21.034688949585,12.6654205322266,17.8456001281738,1.82561194896698,1.75533938407898,2.01461958885193,1.75571632385254,84.0657653808594,71.1960144042969,69.2951354980469,81.4431838989258,0.210881546139717,0.10063336789608,0.00182473240420222,0.0395055711269379,0,0,0,0.632688999176025,817727.1875,NA,NA
"DE40",3.13788628578186,11.4615707397461,20.9148406982422,12.6651735305786,17.7769565582275,1.79997205734253,1.78915143013,2.05153656005859,1.79639172554016,84.0279541015625,71.5032653808594,69.7992706298828,81.6049346923828,0.302968978881836,0.106844566762447,0.00118220248259604,0.00932188611477613,0,1.3006952557116e-13,0,0.565651834011078,6002508.5,NA,NA
"DE50",3.73937582969666,10.4048442840576,18.9138698577881,12.3190860748291,15.1744947433472,2.78342795372009,1.92766165733337,2.20231246948242,2.94636535644531,86.0524063110352,75.3669509887695,76.58642578125,84.6689987182617,0.249306365847588,0.245287790894508,0.000630924012511969,0.00797314010560513,0,2.799264997317e-13,0.380584746599197,0.0575282871723175,145675.828125,NA,NA
"DE60",3.51976251602173,10.2451572418213,19.0840511322021,12.2689838409424,15.5642890930176,2.73832893371582,1.95263123512268,2.24675583839417,2.76346015930176,86.8608703613281,75.0877838134766,74.7667770385742,84.6341323852539,0.317358881235123,0.169017776846886,0.000237911706790328,0.00970275700092316,0,1.41248571541332e-13,0.129155442118645,0.352508991956711,320823.59375,NA,NA
"DE71",3.4688777923584,11.625316619873,21.1754093170166,12.6024017333984,17.7065315246582,2.6505823135376,2.30010771751404,2.27627849578857,2.55043148994446,83.813850402832,70.8672485351562,68.6915512084961,81.7216110229492,0.176387295126915,0.0614811927080154,0.000531816331204027,0.00285891210660338,0,0,0.132819801568985,0.625921010971069,3506911.75,NA,NA
"DE72",3.01433372497559,10.7476167678833,20.1388549804688,11.9392242431641,17.1245212554932,2.92884707450867,2.2960090637207,2.2412257194519,2.62160682678223,85.3677215576172,72.5990982055664,71.38916015625,83.6049270629883,0.182781040668488,0.0844743624329567,7.76525266701356e-05,0.001109758624807,0,0,0.590217292308807,0.141339868307114,1074390.375,NA,NA
"DE73",2.44814682006836,10.0062589645386,19.3567924499512,11.3974685668945,16.9086456298828,2.71461081504822,2.25208711624146,2.20885944366455,2.55157828330994,85.2131576538086,73.4967041015625,72.6632080078125,83.8914031982422,0.215703427791595,0.0876056253910065,6.72596922601798e-10,0.00052355439402163,0,4.3441003201289e-16,0.221683144569397,0.474484264850616,995266.6875,NA,NA
"DE80",3.23592233657837,10.3041954040527,19.6036891937256,12.3385953903198,16.3677654266357,2.05497980117798,1.68391442298889,2.13706994056702,2.15454864501953,86.2588653564453,75.2141723632812,74.6455764770508,84.1402053833008,0.369595140218735,0.137015283107758,0.000840810593217611,0.00433041900396347,0,9.76162442436861e-14,0,0.375277519226074,1380122.25,NA,NA
"DE91",3.03407669067383,10.2604885101318,19.4818687438965,11.8699026107788,16.4477920532227,2.99443483352661,2.35364961624146,2.30246019363403,2.67692041397095,84.9600448608398,73.3016052246094,72.0644989013672,82.9748306274414,0.344330132007599,0.109389431774616,3.51841845258605e-05,0.00246608140878379,0,8.14857757007806e-14,0,0.54371988773346,1247552.25,NA,NA
"DE92",3.4823853969574,10.5345544815063,19.4656562805176,12.1758518218994,15.9832725524902,2.68101644515991,2.03680825233459,2.12155222892761,2.53009581565857,84.6341857910156,73.1987838745117,72.5448455810547,82.8956146240234,0.389974504709244,0.171175703406334,0.000246311479713768,0.00415450753644109,0,1.32729710469043e-13,0.00284347683191299,0.428946256637573,1961018.875,NA,NA
"DE93",3.57322859764099,10.4285526275635,19.2666931152344,12.3068895339966,15.6934652328491,2.56537747383118,1.88384866714478,2.12708473205566,2.60454344749451,85.640251159668,73.7105407714844,73.5729675292969,83.6390380859375,0.3054279088974,0.195692509412766,0.000907835783436894,0.00232502375729382,0,1.67419002923205e-13,0.111992411315441,0.356514066457748,2080560,NA,NA
"DE94",4.04901695251465,10.4137582778931,18.8459072113037,12.3147029876709,14.7968912124634,2.66344666481018,1.85591888427734,2.13108777999878,2.81187772750854,86.0983505249023,74.9270782470703,75.8897933959961,84.7277603149414,0.300242245197296,0.29438516497612,0.000142513905302621,0.00635894248262048,0,2.68594695096436e-11,0.0579870268702507,0.272955864667892,1977494.25,NA,NA
"DEA1",5.19441366195679,11.6584634780884,20.3897399902344,13.3311367034912,15.1953268051147,2.95951294898987,2.07448983192444,2.32714152336121,2.82792663574219,84.4500732421875,72.684814453125,72.7701187133789,83.1384582519531,0.232104033231735,0.0291289985179901,4.92844083055388e-05,0.0112611278891563,0,1.30744068349564e-10,0,0.727456569671631,4137605.75,NA,NA
"DEA2",4.412437915802,11.3105316162109,20.3911151885986,12.9194269180298,15.9786767959595,3.07936692237854,2.25600981712341,2.39382314682007,2.78749823570251,84.5987243652344,72.9888610839844,72.736701965332,83.1371841430664,0.185740023851395,0.0217566527426243,4.45420810137875e-05,0.00811194721609354,0,8.94561024715923e-16,0.10834775865078,0.675992369651794,4133453.75,NA,NA
"DEA3",4.58107566833496,11.0872030258179,19.7202777862549,12.7511072158813,15.1392011642456,2.88349723815918,2.028564453125,2.20380139350891,2.83461308479309,84.8358535766602,72.6583480834961,72.4830093383789,83.333137512207,0.312111347913742,0.149719566106796,3.30720562047304e-09,0.0089139910414815,0,5.61777707686062e-11,0,0.529186189174652,2636348.25,NA,NA
"DEA4",3.32281160354614,10.4161195755005,19.3709926605225,11.9851417541504,16.0481815338135,3.02558732032776,2.23129820823669,2.30240058898926,2.82001829147339,84.8939437866211,73.4549942016602,72.7979507446289,83.3307876586914,0.352816820144653,0.132328450679779,1.07956210637639e-09,0.00259827729314566,0,3.47349373656242e-14,0.00535598071292043,0.506331622600555,1692289.125,NA,NA
"DEA5",3.60473585128784,10.6361427307129,19.6290225982666,12.1683320999146,16.0242881774902,4.03518056869507,2.66955971717834,2.68282318115234,3.46882033348083,86.4563522338867,74.5250244140625,74.3577346801758,84.9239654541016,0.178485348820686,0.0533054545521736,7.83563491868478e-10,0.00342909293249249,0,0,0.0936860516667366,0.670321524143219,2454047.25,NA,NA
"DEB1",3.85277795791626,11.2417736053467,20.5528869628906,12.5223531723022,16.7001113891602,2.91855430603027,2.19043397903442,2.20236134529114,2.62469100952148,85.3554611206055,72.5341873168945,71.3733673095703,83.6315994262695,0.220487162470818,0.0305308029055595,8.64291564539599e-07,0.00357599556446075,0,0,0.184536889195442,0.560868263244629,1427504.875,NA,NA
"DEB2",3.65256023406982,10.8750257492065,20.236234664917,12.2886867523193,16.5836753845215,3.24580788612366,2.29454779624939,2.16571831703186,2.83758759498596,86.7759857177734,73.9349517822266,72.9640045166016,85.0868988037109,0.264481633901596,0.04153798148036,1.10491971128113e-09,0.00868887547403574,6.39939446919757e-12,0,0.617478489875793,0.0678129866719246,547896.375,NA,NA
"DEB3",4.257643699646,12.2419290542603,21.9169464111328,13.2124652862549,17.6593017578125,2.51463341712952,2.1315426826477,2.04725790023804,2.44775366783142,83.8076629638672,70.4344253540039,67.7551879882812,81.5121078491211,0.309243023395538,0.0424475707113743,0.000321715662721545,0.00732918037101626,0,2.16928002550932e-20,0,0.640658497810364,2102262.5,NA,NA
"DEC0",4.12720727920532,11.6176595687866,21.1496257781982,12.8268232345581,17.0224170684814,3.2655348777771,2.35110020637512,2.16945314407349,2.95917272567749,85.0215454101562,71.8223114013672,69.6812591552734,83.0534973144531,0.406954020261765,0.0418247953057289,8.1150902664362e-10,0.0192658230662346,1.1902963423932e-12,0,0.0803139954805374,0.451641410589218,610984,NA,NA
"DED2",2.63422012329102,11.4542398452759,21.2359142303467,12.5588388442993,18.6016941070557,2.17345571517944,2.2532844543457,2.56593203544617,2.05561971664429,82.7127532958984,71.4402084350586,69.9124755859375,80.7860641479492,0.310844153165817,0.0886727273464203,0.000782055256422609,0.00802838057279587,0,3.9854953683971e-06,0,0.587283849716187,1283866.875,NA,NA
"DED4",2.1050443649292,10.5594053268433,20.3341274261475,11.7072505950928,18.2290821075439,2.38200688362122,2.53804636001587,2.84388160705566,2.36913776397705,83.5315856933594,72.7878799438477,71.9929656982422,82.2130279541016,0.318779706954956,0.108896322548389,9.88613901427016e-05,0.00363329844549298,0,2.19349817598413e-06,0,0.56849467754364,1381033.5,NA,NA
"DED5",3.26950883865356,11.7557773590088,21.3774700164795,12.7934417724609,18.1079616546631,1.71487212181091,1.91473817825317,2.14542436599731,1.7673248052597,81.3327713012695,70.7779006958008,68.5672378540039,79.4430923461914,0.448282122612,0.112353421747684,1.3514294128214e-09,0.0029985848814249,0,0,0,0.435212969779968,747511.9375,NA,NA
"DEE0",3.38345956802368,11.1402921676636,20.5317192077637,12.5340585708618,17.1482601165771,1.88303053379059,1.84532248973846,1.94616198539734,1.87931394577026,83.0163116455078,71.4501800537109,69.2368011474609,80.7808685302734,0.414523959159851,0.132733479142189,0.00127519306261092,0.00175706984009594,0,2.77380437276866e-14,0,0.448099464178085,2348242,NA,NA
"DEF0",3.49283456802368,9.8122968673706,18.5591201782227,12.2052841186523,15.0662870407104,2.80518317222595,1.8694885969162,2.36013913154602,3.19591999053955,87.5163345336914,77.4995269775391,77.2799301147461,85.256706237793,0.275322467088699,0.181932255625725,0.000504490686580539,0.0116915190592408,0,4.03447719676819e-09,0.152884215116501,0.235381931066513,3117649.5,NA,NA
"DEG0",2.49484515190125,10.2886056900024,19.8690547943115,11.6321411132812,17.374210357666,2.24146676063538,2.21764397621155,2.21564149856567,2.27818870544434,84.2111358642578,72.9846649169922,71.5619659423828,82.5812072753906,0.147696033120155,0.151797831058502,1.43210554526263e-09,0.000885550805833191,0,3.55461240903089e-16,0,0.699434280395508,2051206.125,NA,NA
"DK01",3.03986501693726,8.84008121490479,18.2822399139404,11.9294509887695,15.2423763275146,2.12311196327209,1.36412060260773,2.23157644271851,2.58204412460327,86.2360610961914,78.4162292480469,78.7874145507812,83.9878005981445,0.213945955038071,0.0391882471740246,0.000705833837855607,0.0895344689488411,2.95371720461062e-29,0.00195977557450533,0.00634190905839205,0.238470077514648,1036125.1875,NA,NA
"DK02",3.5350866317749,9.05770015716553,18.4319553375244,12.4021320343018,14.8968687057495,2.22236776351929,1.41695559024811,2.0827841758728,2.6226372718811,86.8974380493164,78.7035980224609,77.9219131469727,84.009147644043,0.239983797073364,0.044392354786396,0.000874707184266299,0.0262392442673445,0,4.38128927271464e-06,0,0.272562026977539,671416.625,NA,NA
"DK03",2.93570518493652,8.84325122833252,17.4421901702881,11.5210304260254,14.5064859390259,2.89452934265137,1.76858627796173,2.31611347198486,3.62401485443115,89.646125793457,80.3155670166016,79.9977035522461,86.9182586669922,0.309358060359955,0.0712215676903725,0.000988824991509318,0.0211594700813293,1.26116861789234e-44,2.31090723445959e-07,0.260260820388794,0.111635811626911,1050783,NA,NA
"DK04",2.48559379577637,8.47976493835449,17.0819892883301,10.9242963790894,14.5963954925537,2.81434011459351,1.8866320848465,2.34418225288391,3.62282371520996,90.5963516235352,81.4950332641602,81.2895812988281,87.8887557983398,0.2638218998909,0.0470870994031429,0.000399381940951571,0.0311792884021997,2.55925726119784e-29,1.9581209471653e-06,0.19188018143177,0.271703094244003,1434238,NA,NA
"DK05",2.23174071311951,8.40403175354004,17.1908531188965,10.691445350647,14.9591112136841,2.5747082233429,1.80496430397034,2.20822596549988,3.27189016342163,87.4046173095703,79.419548034668,79.7233505249023,85.1688232421875,0.234473824501038,0.0409855172038078,0.000734224042389542,0.0227661784738302,1.29888663605861e-28,1.55340876517585e-06,0.235700950026512,0.184884831309319,515810.15625,NA,NA
"EE001",-0.717141687870026,7.57497310638428,18.6907291412354,9.58222770690918,19.4078712463379,2.48807406425476,1.49495697021484,2.88695216178894,3.24044132232666,85.4099884033203,74.5123062133789,77.5019607543945,85.2918395996094,0.0597653985023499,0.038006380200386,0.0103867445141077,0.0133000109344721,9.7080663187351e-20,0.0959818884730339,0.423272728919983,0.2300144135952,330180.03125,NA,NA
"EE004",0.174688622355461,7.67962598800659,18.7035140991211,10.3195466995239,18.5288238525391,2.23883318901062,1.30600643157959,2.55608367919922,2.98066353797913,85.017951965332,76.0427398681641,77.3827514648438,84.2446365356445,0.0370986424386501,0.0271030254662037,0.0206000041216612,0.00281415553763509,2.4220190840025e-20,0.204863235354424,0.0240821298211813,0.401946097612381,109411.9140625,NA,NA
"EE006",-1.24492120742798,7.5665135383606,18.6879558563232,9.38083553314209,19.9328765869141,2.30514526367188,1.5235413312912,3.04613518714905,2.97534871101379,85.8335342407227,73.528076171875,77.1890716552734,86.1127395629883,0.0917897447943687,0.049805261194706,0.0183376632630825,0.00733566796407104,1.21455252458588e-19,0.130920514464378,0.298630654811859,0.362731039524078,265065.09375,NA,NA
"EE007",-1.82878112792969,7.60059261322021,18.8608913421631,9.16572284698486,20.6896724700928,2.1437520980835,1.61257541179657,3.17345523834229,2.92328000068665,84.7246246337891,73.7778091430664,76.018310546875,84.8910522460938,0.0290138572454453,0.0489999651908875,0.0121030369773507,0.00720415869727731,1.71076735568931e-05,0.294397264719009,0.0493326298892498,0.330905228853226,68637.71875,NA,NA
"EE008",-1.6570041179657,8.08150577545166,18.8445816040039,9.24459934234619,20.5015830993652,2.13415741920471,1.59309327602386,3.09496784210205,2.64151835441589,85.2841415405273,72.9680023193359,76.974235534668,86.0032577514648,0.100118942558765,0.0516153052449226,0.0170801263302565,0.0044074603356421,3.56441728399659e-06,0.156067103147507,0.314093112945557,0.272988319396973,254393.34375,NA,NA
"EL301",11.4549989700317,17.3840293884277,29.4095764160156,21.3787097930908,17.9545783996582,1.79335582256317,0.80643355846405,0.194117575883865,0.9943066239357,74.3644561767578,58.2859382629395,46.3794136047363,64.2006912231445,0.193004295229912,0.00750679103657603,0.214495822787285,0.0437705777585506,0,0.107363671064377,0,0.261567801237106,50087.2734375,NA,NA
"EL302",11.6303415298462,17.4900341033936,29.4109725952148,21.4839668273926,17.780632019043,1.73393964767456,0.817367613315582,0.189220264554024,1.00815486907959,74.2531814575195,58.6663818359375,46.0383491516113,63.9835968017578,0.169444561004639,0.0342964641749859,0.165332168340683,0.0374892950057983,0,0.0931528508663177,0,0.210980385541916,43452.6640625,NA,NA
"EL303",11.991192817688,17.7081851959229,29.4138488769531,21.7005844116211,17.4226551055908,1.61166322231293,0.839869499206543,0.179141789674759,1.03665435314178,74.0241775512695,59.4493255615234,45.3364524841309,63.5368385314941,0.120959490537643,0.0894286409020424,0.0641551688313484,0.0245626401156187,0,0.0639075189828873,0,0.106873378157616,76175.625,NA,NA
"EL305",11.8308448791504,17.5987148284912,29.3492202758789,21.5801849365234,17.5183773040771,1.75068795681,0.836559951305389,0.184914648532867,1.01940500736237,73.9200973510742,58.9573974609375,46.2695083618164,64.0218505859375,0.142758414149284,0.0457972660660744,0.12873663008213,0.0299599971622229,0,0.0794637650251389,0,0.16929118335247,901785,NA,NA
"EL306",10.8804712295532,16.9428195953369,28.9870643615723,20.8971405029297,18.1065902709961,1.8422737121582,0.823143243789673,0.204544365406036,1.06887137889862,74.7230987548828,60.33984375,48.521484375,64.9751663208008,0.244206294417381,0.168160662055016,0.0931610688567162,0.0124297169968486,0,0.0557096228003502,0,0.271240413188934,178751.734375,NA,NA
"EL411",12.2622556686401,17.2334461212158,28.533576965332,21.4678573608398,16.2713203430176,2.78674745559692,1.31612920761108,0.123936004936695,1.38546669483185,73.4364013671875,68.8922805786133,58.4289665222168,68.6507720947266,0.117752194404602,0.0516069754958153,0.0466843992471695,0.00396198080852628,0,0.14248813688755,0,0.168755099177361,38535.51953125,NA,NA
"EL412",13.3364553451538,18.0266876220703,29.3324069976807,22.6928215026855,15.9959497451782,3.99126124382019,1.54401791095734,0.0589634850621223,1.87185966968536,72.1181564331055,70.4552612304688,61.2149200439453,69.2702941894531,0.124248884618282,0.0621453709900379,0.007116355933249,0.00169062835630029,0,0.0300607997924089,0,0.0131898410618305,11457.1162109375,NA,NA
"EL431",14.091833114624,18.2230663299561,28.2317733764648,22.6330795288086,14.1399393081665,3.9225492477417,1.19537317752838,0.057930052280426,1.75755774974823,76.89013671875,63.6109313964844,53.3015251159668,68.6068649291992,0.164832785725594,0.379979521036148,0.0223450977355242,0.00228117173537612,0,0.017068900167942,0,0.0257476717233658,177264.25,NA,NA
"EL432",15.36403465271,18.668493270874,28.071569442749,23.4622650146484,12.7075366973877,2.54161047935486,0.874813377857208,0.074244424700737,1.10158932209015,72.7479019165039,64.7554321289062,60.3043594360352,68.9286575317383,0.0844742953777313,0.0244772359728813,0.263005822896957,0.000752287451177835,0,0.00766515592113137,0,0.0148516772314906,34845.64453125,NA,NA
"EL433",14.0972566604614,18.0712471008301,28.1793613433838,22.5895652770996,14.082106590271,4.47459840774536,1.35863661766052,0.0731187909841537,2.11781334877014,77.5334396362305,64.8338241577148,54.2918014526367,68.7611465454102,0.137910589575768,0.407539486885071,0.0609383136034012,0.00111465121153742,0,0.0182207766920328,0,0.0256585460156202,38776.34765625,NA,NA
"EL434",14.8994417190552,18.6200370788574,28.8332004547119,23.3720607757568,13.9337596893311,4.37244653701782,1.402339220047,0.0652515739202499,2.14397358894348,76.7136688232422,67.3657455444336,58.0143661499023,69.7700119018555,0.0681306421756744,0.27165412902832,0.0551704056560993,0.000650600122753531,0,0.01949592679739,0,0.0140319410711527,36978.6171875,NA,NA
"EL511",7.42782163619995,15.1579942703247,27.7629413604736,18.85666847229,20.3351211547852,2.07711029052734,1.43649256229401,0.673472762107849,1.47358500957489,77.4917449951172,67.6911773681641,51.5424118041992,64.9146118164062,0.34572234749794,0.156587779521942,0.0288637522608042,0.00488794408738613,0,0.141984611749649,0,0.185249418020248,100813.0234375,NA,NA
"EL512",5.97890567779541,13.738278388977,26.3275375366211,17.1061687469482,20.3486328125,2.20944285392761,1.54388999938965,1.02615284919739,1.407390832901,75.4452438354492,70.9771728515625,60.041431427002,67.3658218383789,0.211469694972038,0.0880553051829338,0.0291189271956682,0.00260244403034449,0,0.415537863969803,0,0.170433476567268,64927.86328125,NA,NA
"EL513",6.26602649688721,13.9990768432617,26.7227077484131,17.6091442108154,20.4566802978516,2.01440405845642,1.47104454040527,0.760503172874451,1.38148736953735,77.7497329711914,69.4758605957031,53.1869926452637,65.4259872436523,0.246611520648003,0.0907822623848915,0.0773729160428047,0.00231201178394258,0,0.233625307679176,0,0.222207859158516,64950.0625,NA,NA
"EL514",4.80467700958252,13.1775960922241,25.7278232574463,16.4354953765869,20.9231472015381,1.89599478244781,1.42330801486969,1.1840386390686,1.3054301738739,76.0064239501953,69.044921875,60.5095825195312,68.3467864990234,0.265668302774429,0.129177004098892,0.0425620377063751,0.00264093745499849,0,0.36664006114006,0,0.191347658634186,114446.9765625,NA,NA
"EL515",7.19111442565918,14.9045782089233,27.2692623138428,18.1800270080566,20.078145980835,2.22500586509705,1.35405445098877,0.857723712921143,1.36273682117462,74.1114349365234,70.7997283935547,61.2483901977539,68.1398239135742,0.152677357196808,0.11624900996685,0.0211256146430969,0.00239176233299077,0,0.205696702003479,0,0.111850246787071,60099.86328125,NA,NA
"EL521",5.62850284576416,14.1679744720459,27.515962600708,17.8348846435547,21.8874607086182,1.55475807189941,1.31924343109131,0.785930752754211,1.43872487545013,76.558219909668,65.0282440185547,49.0717353820801,65.1239471435547,0.3112453520298,0.217665150761604,0.0800043195486069,0.00601682625710964,0,0.125213012099266,0,0.246310889720917,153584.953125,NA,NA
"EL522",8.06424808502197,16.1397495269775,29.1677169799805,19.6526279449463,21.1034679412842,1.30383503437042,1.0640789270401,0.751551806926727,1.07615208625793,75.5391311645508,64.4039840698242,50.9544105529785,66.1628570556641,0.287935733795166,0.225117772817612,0.0815480202436447,0.00669702608138323,0,0.0969674810767174,0,0.193187311291695,497789.53125,NA,NA
"EL523",6.50766468048096,15.2755289077759,28.2302150726318,18.6747131347656,21.7225513458252,1.63023662567139,1.33588433265686,1.0242338180542,1.33817780017853,75.0034866333008,63.6957817077637,48.7525901794434,63.4041709899902,0.285544723272324,0.223442360758781,0.100464597344398,0.00949080660939217,0,0.120703361928463,0,0.223628580570221,395921.375,NA,NA
"EL524",5.0960202217102,13.9153461456299,26.979097366333,17.421350479126,21.88307762146,1.70222043991089,1.46804046630859,0.874728262424469,1.55779027938843,77.0381317138672,64.619499206543,48.5195960998535,64.5263900756836,0.248866140842438,0.253406077623367,0.0790032893419266,0.00523585453629494,0,0.128238782286644,0,0.277338057756424,162317.953125,NA,NA
"EL525",5.92431211471558,13.977954864502,27.3986740112305,17.8796901702881,21.4743614196777,1.21740484237671,1.01989936828613,0.727592170238495,1.11050224304199,75.5659484863281,66.3815612792969,52.8845443725586,66.0564498901367,0.200931593775749,0.162504717707634,0.0909722670912743,0.00228413147851825,0,0.163780882954597,0,0.16119310259819,54343.9921875,NA,NA
"EL526",6.25070762634277,14.7658338546753,27.419527053833,17.9863758087158,21.1688194274902,1.39578306674957,1.16298866271973,0.979385673999786,1.08318066596985,75.3673248291016,64.3802490234375,52.7588195800781,65.8897171020508,0.2430120408535,0.232247695326805,0.0427134372293949,0.00299357622861862,0,0.218940019607544,0,0.180995717644691,124699.3984375,NA,NA
"EL527",9.4512357711792,16.4222278594971,29.1179351806641,20.2536392211914,19.6666984558105,1.38596594333649,0.942855358123779,0.640090584754944,1.06990945339203,74.649528503418,65.0412063598633,53.7042808532715,67.2978134155273,0.122337989509106,0.230035081505775,0.0332565456628799,0.00128371338360012,0,0.0878979861736298,0,0.111408412456512,52854.72265625,NA,NA
"EL531",4.502845287323,12.4180889129639,25.5815315246582,16.456937789917,21.078685760498,1.62857675552368,1.36385345458984,0.832413911819458,1.50009489059448,78.0639343261719,66.1376724243164,49.0671844482422,64.1240310668945,0.143995970487595,0.225127279758453,0.0778471976518631,0.00262636947445571,0,0.174709379673004,0,0.367832660675049,153857.96875,NA,NA
"EL532",3.38134026527405,11.3288745880127,24.2077312469482,15.2514333724976,20.8263912200928,2.02420496940613,1.69582223892212,0.950559735298157,1.85007607936859,79.6028671264648,68.2831649780273,52.7385482788086,65.9906997680664,0.102999188005924,0.158362925052643,0.0708393678069115,0.0031454018317163,0,0.32011690735817,0,0.310662686824799,34863.6171875,NA,NA
"EL533",3.11393666267395,11.6248998641968,24.4323616027832,15.3219566345215,21.3184261322021,1.66077756881714,1.53897750377655,0.942267894744873,1.6193505525589,79.6967468261719,67.5402374267578,52.4682884216309,66.1208114624023,0.103981897234917,0.201962351799011,0.0673773810267448,0.00334892072714865,0,0.238123580813408,0,0.329075694084167,52912.515625,NA,NA
"EL541",9.70280075073242,15.9781532287598,28.6708984375,20.445442199707,18.9680957794189,4.08487892150879,2.09511876106262,0.452796190977097,2.72146677970886,79.0901031494141,72.9582977294922,58.92724609375,70.5048980712891,0.0840272828936577,0.179432556033134,0.0887245088815689,0.000889277900569141,0,0.00655132904648781,0.52012825012207,0.003823964856565,55271.12109375,NA,NA
"EL542",10.0391969680786,16.2247104644775,28.7588138580322,20.5448780059814,18.7196159362793,4.22503805160522,2.2379584312439,0.430773317813873,3.09026098251343,77.1987915039062,73.2274780273438,60.8315887451172,71.2888488769531,0.0875958502292633,0.179325476288795,0.0313969478011131,0.00145123642869294,0.00393651984632015,0.0180678814649582,0.365105003118515,0.0245526246726513,37001.16796875,NA,NA
"EL543",6.39290046691895,13.4010000228882,26.2313175201416,17.4755210876465,19.838415145874,3.42320227622986,2.1646876335144,0.658016264438629,2.65276479721069,79.7490386962891,70.9019622802734,54.3674011230469,68.8652648925781,0.0945795476436615,0.136338636279106,0.0642774030566216,0.00230312999337912,0.00106393487658352,0.221399888396263,0.394167572259903,0.0610363967716694,160223.53125,NA,NA
"EL611",7.5361590385437,14.7129020690918,28.1148338317871,19.0679168701172,20.5786762237549,2.27280426025391,1.51980793476105,0.557088792324066,1.76835739612579,78.4161071777344,66.5046768188477,46.9119873046875,64.4790878295898,0.194334253668785,0.154819294810295,0.0855665281414986,0.00154245307203382,0,0.231441169977188,0.0545033700764179,0.274840712547302,170210.296875,NA,NA
"EL612",7.90626525878906,15.4740953445435,29.1306838989258,19.5744895935059,21.2244186401367,1.33510327339172,0.997579038143158,0.498837828636169,1.15291738510132,75.5582275390625,62.9013328552246,45.8191337585449,64.4213333129883,0.321822822093964,0.0562352128326893,0.180917993187904,0.00248998985625803,0,0.0764850899577141,0,0.269567012786865,231007.90625,NA,NA
"EL613",9.72982025146484,16.3258190155029,29.3164978027344,20.620548248291,19.5866756439209,1.84976387023926,0.965008080005646,0.478638052940369,1.33044159412384,75.7789916992188,64.9154052734375,51.5030746459961,66.7684555053711,0.176281705498695,0.0151311121881008,0.183643624186516,0.00255109160207212,0,0.0609579496085644,0,0.222490981221199,90586.21875,NA,NA
"EL621",15.6730632781982,17.9167652130127,27.4817085266113,23.8763599395752,11.8086471557617,3.37141704559326,1.45511877536774,0.229846730828285,2.73644232749939,70.3299560546875,75.9618835449219,77.1399078369141,71.7096176147461,0.0125132352113724,0.0818094536662102,0.00131498090922832,0.000521194539032876,0,0.0329937152564526,0,0.0373135767877102,5233.44580078125,NA,NA
"EL622",11.332426071167,16.9331169128418,28.5929107666016,21.2291774749756,17.2604846954346,4.60255765914917,2.3313581943512,0.385772824287415,3.45995378494263,74.8974990844727,74.7469787597656,68.1368637084961,72.9358367919922,0.0140374982729554,0.0648698210716248,0.000135403664899059,0.0016645323485136,0,0.118544824421406,0,0.0320942141115665,15997.04296875,NA,NA
"EL623",15.0906867980957,17.7659645080566,28.0705471038818,23.7787113189697,12.9798612594604,3.3829357624054,1.45932400226593,0.289060473442078,2.56794047355652,70.3820571899414,75.0443954467773,72.7253570556641,69.7167434692383,0.0147348614409566,0.106487229466438,0.00208639330230653,0.000406270381063223,0,0.0624386668205261,0,0.0679380819201469,7347.13330078125,NA,NA
"EL631",9.95450115203857,15.8972444534302,28.7615985870361,20.561351776123,18.8070964813232,3.0549943447113,1.58780086040497,0.339830964803696,2.24921250343323,77.4269409179688,71.2572174072266,56.1441917419434,68.7867126464844,0.0549727156758308,0.21134988963604,0.0789584144949913,0.00178404862526804,0,0.229340642690659,0.0455560609698296,0.185186341404915,158426.546875,NA,NA
"EL632",10.2728862762451,15.9021215438843,28.4000110626221,20.5536079406738,18.1271266937256,2.57123565673828,1.25098180770874,0.216543406248093,1.89690756797791,78.0735778808594,68.1066436767578,51.755615234375,67.786018371582,0.126110896468163,0.278592616319656,0.0827504321932793,0.00250518973916769,0,0.0877370685338974,0,0.218602657318115,138572.75,NA,NA
"EL633",12.0815658569336,16.7651767730713,28.7300109863281,21.7725524902344,16.6484470367432,3.06289768218994,1.26682007312775,0.16398349404335,2.33785653114319,77.6776275634766,71.0819244384766,55.3633499145508,69.7954788208008,0.151170775294304,0.257866263389587,0.0836181864142418,0.00132784456945956,0,0.0922951921820641,0,0.183376327157021,56033.0625,NA,NA
"EL641",10.4493989944458,16.7266139984131,29.1321105957031,20.7696628570557,18.6827125549316,1.87571752071381,0.866448104381561,0.235305145382881,1.16422748565674,75.1422805786133,60.8347206115723,49.1007308959961,65.4064025878906,0.21322263777256,0.17724347114563,0.0621772930026054,0.00547215063124895,0,0.0432396084070206,0,0.263218134641647,241934.46875,NA,NA
"EL642",11.7901878356934,17.1638088226318,28.3493938446045,21.2254867553711,16.5592041015625,2.20786309242249,0.999998688697815,0.261233150959015,1.20133531093597,74.3106155395508,62.4765319824219,53.9502449035645,67.1582641601562,0.107495129108429,0.0903392881155014,0.0775447338819504,0.00601794198155403,0,0.0628290325403214,0,0.18476614356041,344435.875,NA,NA
"EL643",7.33152532577515,13.9299020767212,27.2283668518066,18.4614448547363,19.896842956543,2.54764771461487,1.54989695549011,0.43972247838974,1.92271542549133,79.6747817993164,69.9456405639648,51.8844871520996,67.4928741455078,0.0804521143436432,0.157571658492088,0.12710827589035,0.000974474009126425,0,0.337820321321487,0.0609982311725616,0.207256436347961,35211.44140625,NA,NA
"EL644",9.0123872756958,15.7933712005615,28.7760257720947,19.9625625610352,19.7636394500732,1.7279679775238,1.15893304347992,0.409801959991455,1.36226618289948,78.1285247802734,62.7071380615234,48.0584983825684,66.877311706543,0.222938597202301,0.131888210773468,0.129113897681236,0.00141139689367265,0,0.122426070272923,0,0.291568517684937,92870.15625,NA,NA
"EL645",8.74052333831787,15.409273147583,28.2486743927002,19.5582790374756,19.508150100708,1.94360339641571,1.18866634368896,0.334137350320816,1.51642966270447,78.3544540405273,63.8983917236328,50.1729278564453,67.6232376098633,0.148234277963638,0.215100809931755,0.05515031889081,0.00196502800099552,0,0.145953565835953,0,0.284853935241699,59236.87890625,NA,NA
"EL651",9.15578746795654,14.9092626571655,27.4298667907715,19.2784805297852,18.2740783691406,2.19230318069458,1.07388961315155,0.291091322898865,1.63334548473358,75.8081588745117,63.0068664550781,47.3951148986816,65.3254089355469,0.175740748643875,0.358121573925018,0.157708048820496,0.0018600762123242,0,0.0594388172030449,0,0.105972662568092,165634.15625,NA,NA
"EL652",8.9708948135376,15.1302175521851,27.8319568634033,19.2780246734619,18.86106300354,1.77488386631012,0.948688447475433,0.292461603879929,1.26026201248169,74.5086441040039,61.522575378418,47.3019752502441,64.5303344726562,0.219911679625511,0.334000080823898,0.10009440779686,0.00215024803765118,0,0.0369639992713928,0,0.124380238354206,82753.5,NA,NA
"EL653",12.2661800384521,16.854320526123,28.5234355926514,21.7118682861328,16.2572555541992,2.90643644332886,1.07477474212646,0.181988269090652,2.23587703704834,75.0653915405273,64.6972351074219,49.4565582275391,65.7278366088867,0.0975503772497177,0.276056706905365,0.115667477250099,0.00112341728527099,0,0.0582664348185062,0,0.095451258122921,107359.1171875,NA,NA
"ES111",10.4899768829346,12.968542098999,20.5601825714111,16.7589988708496,10.0702056884766,6.24810028076172,3.6222779750824,1.03998172283173,5.24938249588013,82.5578079223633,78.7172241210938,79.3532485961914,82.4504852294922,0.0492550134658813,0.0694970265030861,0.000623722851742059,0.0139195434749126,2.50492121267598e-05,0.033650990575552,0.574486792087555,0.00556002045050263,632901.3125,NA,NA
"ES112",7.65081310272217,11.2801475524902,20.2737979888916,14.9739952087402,12.6229858398438,4.79179286956787,3.08910226821899,1.03891968727112,4.30026531219482,82.6385269165039,77.610595703125,77.097900390625,80.9011459350586,0.0580960214138031,0.0951418802142143,0.00500261411070824,0.00410353764891624,2.95677127724048e-05,0.0153876719996333,0.769455075263977,0.00358341820538044,225044.71875,NA,NA
"ES113",6.79665660858154,11.3356351852417,21.7360076904297,14.9278631210327,14.9393501281738,5.02299880981445,2.93313050270081,0.888498604297638,4.27273368835449,82.7382431030273,74.0921478271484,69.0938262939453,77.4887466430664,0.0490457713603973,0.112576059997082,0.0133870337158442,0.00588561128824949,3.44237596436869e-05,0,0.817282319068909,0,243455.15625,NA,NA
"ES114",9.73752784729004,13.0087308883667,21.6374492645264,16.6585006713867,11.899920463562,6.78440856933594,3.71706938743591,0.97324013710022,5.79068899154663,83.1687240600586,77.6058197021484,75.9154739379883,81.4106063842773,0.0572886727750301,0.112399898469448,1.19432008727216e-09,0.0170581415295601,2.33561622735579e-05,0,0.682596683502197,0,459844.78125,NA,NA
"ES120",7.05804634094238,10.5448780059814,19.4984245300293,14.4515781402588,12.4403791427612,4.27263307571411,3.39485597610474,1.37091982364655,4.09041500091553,78.8916015625,77.6809692382812,81.2547225952148,80.3968048095703,0.0124717531725764,0.0643671676516533,0.0259762294590473,0.00724926544353366,9.75904731603805e-06,0.482019037008286,0.236055999994278,0.0716226622462273,548888.8125,NA,NA
"ES130",8.02120113372803,11.4101638793945,20.1522121429443,15.4275169372559,12.1310119628906,4.1152606010437,3.33373093605042,1.4984860420227,3.86905384063721,79.0004196166992,76.8460845947266,80.1098098754883,79.0681915283203,0.0210617203265429,0.116950318217278,0.0263312626630068,0.010801830329001,1.45513640745776e-05,0.530283391475677,0.0821948125958443,0.0961884334683418,365360.125,NA,NA
"ES211",6.65667343139648,11.1513195037842,21.3660297393799,15.3902893066406,14.7093572616577,3.08965992927551,2.67650985717773,1.19681394100189,2.71507716178894,79.4896697998047,74.4176712036133,74.0155181884766,75.3117446899414,0.102546058595181,0.167713850736618,0.0250829607248306,0.0130973225459456,0.000122666591778398,0.0334019847214222,0.619953572750092,0.0087940813973546,381616.34375,NA,NA
"ES212",9.25469970703125,12.7052431106567,21.4415264129639,16.9495716094971,12.1868267059326,5.11085414886475,4.33623647689819,1.87066411972046,4.51470327377319,78.488655090332,76.6168518066406,79.3518371582031,77.9876556396484,0.0282295402139425,0.121094301342964,0.00258351676166058,0.0161901004612446,3.91330831917003e-05,0,0.549358904361725,0,256099.359375,NA,NA
"ES213",9.06960868835449,12.448371887207,20.7949504852295,16.6021900177002,11.7253427505493,4.26164197921753,3.41082429885864,1.42138254642487,3.8527660369873,77.7412338256836,76.9462127685547,80.6914672851562,78.1855850219727,0.0136277414858341,0.135516330599785,0.0076162121258676,0.0410973764955997,1.85260341822868e-05,0.120943620800972,0.468102991580963,0.0306238476186991,647728.375,NA,NA
"ES220",7.2754921913147,12.3050565719604,23.4242649078369,16.4294357299805,16.1487731933594,3.10948896408081,2.90076303482056,1.28609323501587,2.95047807693481,78.1977691650391,70.3957214355469,66.0016174316406,72.636589050293,0.198360085487366,0.12285789847374,0.0266660377383232,0.00955943018198013,7.2260525485035e-05,0.0131127974018455,0.526843070983887,0.0796811431646347,822667.125,NA,NA
"ES230",5.61707353591919,10.7345838546753,22.2851963043213,14.8664083480835,16.6681232452393,2.02449655532837,2.12005639076233,1.05790400505066,1.94052684307098,77.0135650634766,70.1075668334961,64.8403472900391,71.1250381469727,0.119069941341877,0.146266341209412,0.0555079728364944,0.00642874231562018,5.73543184145819e-05,0.258068948984146,0.260409861803055,0.15406309068203,276992.65625,NA,NA
"ES241",6.09308815002441,12.1160898208618,24.7133369445801,15.9314765930176,18.6202487945557,1.91265046596527,2.25711369514465,1.27119255065918,2.34560561180115,74.7598724365234,64.8207397460938,54.9801292419434,69.4832153320312,0.233900129795074,0.088512510061264,0.0991251245141029,0.00308590615168214,0.000446279882453382,0.0772323533892632,0.326420098543167,0.169937372207642,313662.75,NA,NA
"ES242",6.39049482345581,11.9359359741211,24.7932052612305,15.9409084320068,18.4027118682861,1.09729182720184,1.44443535804749,0.952785015106201,1.2692586183548,70.4782257080078,61.1579322814941,51.5220222473145,65.5443267822266,0.165619343519211,0.0851792171597481,0.276380509138107,0.00111815892159939,0,0.258581161499023,0,0.213069587945938,153893.875,NA,NA
"ES243",7.71721935272217,13.772068977356,26.4587287902832,17.5410614013672,18.7415065765381,1.08932268619537,1.50094926357269,0.797943472862244,1.36064195632935,72.3850021362305,59.1097259521484,48.5365905761719,64.2112884521484,0.247065171599388,0.0696548223495483,0.221608445048332,0.00576761784031987,1.53258442878723e-05,0.134260877966881,0.0968964546918869,0.224265396595001,912723.0625,NA,NA
"ES300",7.77749013900757,13.8571662902832,27.6504383087158,17.8803043365479,19.8729476928711,1.70365703105927,1.48894500732422,0.66188371181488,1.84085977077484,75.8561019897461,58.3969993591309,39.0833854675293,60.7254676818848,0.11367853730917,0.136598467826843,0.250821948051453,0.0821359604597092,0,0.188214629888535,0,0.227773442864418,6236890,NA,NA
"ES411",6.38937091827393,12.1136293411255,25.3551387786865,16.2976951599121,18.9657688140869,2.30555081367493,1.63543570041656,0.66461580991745,2.20180535316467,76.8207778930664,62.7256088256836,44.2774658203125,63.639892578125,0.0914715901017189,0.167535662651062,0.36116087436676,0.00385313667356968,0,0.141013026237488,0,0.234643936157227,208002.34375,NA,NA
"ES412",6.32663488388062,11.1614551544189,22.0021190643311,15.1958074569702,15.675482749939,2.20142030715942,2.03511738777161,1.03520286083221,2.10123038291931,78.7443466186523,70.8125839233398,65.6407318115234,71.8079528808594,0.131489843130112,0.146314844489098,0.109926961362362,0.0052490602247417,4.43432472820859e-05,0.132458701729774,0.225978165864944,0.239167466759682,498218.90625,NA,NA
"ES413",5.55837154388428,10.448296546936,21.4119606018066,14.2518081665039,15.8535900115967,3.31264734268188,2.33330774307251,1.0297828912735,3.05239772796631,79.7720565795898,70.0760269165039,64.1160888671875,73.3852310180664,0.0619393512606621,0.10735646635294,0.0260805077850819,0.00372409191913903,6.49067806079984e-05,0.0681444108486176,0.602582275867462,0.12529630959034,437094.25,NA,NA
"ES414",6.52543354034424,11.4695692062378,22.5415706634521,15.4844608306885,16.0161380767822,2.08478212356567,1.7540168762207,0.885077357292175,2.07932090759277,78.9254379272461,67.9080581665039,60.3883743286133,70.4228057861328,0.133451506495476,0.15390120446682,0.0833956003189087,0.00374459521844983,2.16601347347023e-05,0.012465906329453,0.280997186899185,0.329401075839996,211754.21875,NA,NA
"ES415",7.46978902816772,13.1636991500854,25.7537612915039,17.1130771636963,18.283971786499,2.26404690742493,1.49027824401855,0.57619971036911,2.10427951812744,79.1350631713867,64.5467529296875,48.6725311279297,66.0191497802734,0.114799238741398,0.30682584643364,0.0999224558472633,0.00365070207044482,0,0.175510689616203,0,0.296739399433136,327621.09375,NA,NA
"ES416",6.35412502288818,11.8510522842407,24.8507270812988,16.0144062042236,18.496603012085,1.74763107299805,1.64076817035675,0.833737730979919,1.78253495693207,76.7617340087891,62.8577537536621,46.8287811279297,64.1270294189453,0.117028668522835,0.169426187872887,0.293293386697769,0.00683580292388797,0,0.153322160243988,0,0.259969919919968,287026.625,NA,NA
"ES417",5.98220109939575,11.5043334960938,24.2021350860596,15.6043863296509,18.2199325561523,1.56787836551666,1.74277949333191,1.00008857250214,1.65375077724457,75.6130752563477,63.3006706237793,50.8421325683594,65.3773345947266,0.111633256077766,0.146268412470818,0.251051723957062,0.00336108892224729,5.64643914913177e-06,0.208626642823219,0.0248724054545164,0.253635734319687,129287.53125,NA,NA
"ES418",7.03502893447876,12.7217512130737,24.8251075744629,16.6339244842529,17.7900791168213,1.42751908302307,1.25760698318481,0.725278794765472,1.50140368938446,77.8939437866211,62.4112586975098,49.3063926696777,65.4103088378906,0.189483687281609,0.0717051103711128,0.359541535377502,0.00676049292087555,0,0.0210049692541361,0,0.351504176855087,415207.65625,NA,NA
"ES419",6.75291728973389,12.5111379623413,24.4989776611328,16.1848983764648,17.7460594177246,2.29338669776917,1.55912470817566,0.707703649997711,2.08791780471802,79.3441390991211,64.3457946777344,52.5511627197266,68.0652236938477,0.137331604957581,0.238371074199677,0.104300916194916,0.0022796643897891,1.49226989378803e-05,0.0918207317590714,0.156805425882339,0.266979843378067,157657.84375,NA,NA
"ES421",8.5542049407959,14.4549932479858,27.7653388977051,18.5195369720459,19.2111339569092,1.31202960014343,1.28228461742401,0.591769635677338,1.42633152008057,71.7516860961914,57.9880447387695,44.9084663391113,63.3043479919434,0.386325359344482,0,0.339295893907547,0.0029586423188448,0,0.1082349345088,0,0.163179859519005,455670.4375,NA,NA
"ES422",8.96165084838867,15.3713483810425,29.5324516296387,19.4071998596191,20.5708026885986,1.7519496679306,1.32931339740753,0.414624094963074,1.56501996517181,75.2660446166992,57.2928733825684,35.7841415405273,59.0305213928223,0.36662894487381,0.0511277541518211,0.396072775125504,0.00307883741334081,0,0.066773310303688,0,0.115585632622242,531112.25,NA,NA
"ES423",7.44201612472534,13.4040489196777,27.0532970428467,17.418420791626,19.6112804412842,1.5643789768219,1.4920996427536,0.714459955692291,1.5505735874176,73.49267578125,58.8929634094238,42.8828735351562,62.8061599731445,0.282608419656754,0.010817127302289,0.346890062093735,0.00231854664161801,0,0.182686731219292,0,0.174465790390968,284120.40625,NA,NA
"ES424",6.50122928619385,12.3041133880615,25.5534381866455,16.279598236084,19.052209854126,1.51982653141022,1.64515137672424,0.854934215545654,1.66405391693115,74.6879501342773,60.0191268920898,42.969352722168,62.5374870300293,0.118944995105267,0.047875415533781,0.346162140369415,0.00538334948942065,0,0.231497496366501,0,0.249189883470535,412343.75,NA,NA
"ES425",8.74600410461426,15.1037321090698,29.1272983551025,19.0987606048584,20.3812961578369,1.7711353302002,1.30059146881104,0.484043776988983,1.67366600036621,76.3746337890625,58.3005409240723,36.9895858764648,60.4918937683105,0.348639726638794,0.00688160909339786,0.406161934137344,0.0134353339672089,0,0.0890238210558891,0,0.134815230965614,2186770.25,NA,NA
"ES431",10.832447052002,16.5606746673584,29.7025394439697,20.7132682800293,18.8700942993164,2.26213216781616,1.2669186592102,0.290735721588135,1.87780439853668,76.9599685668945,59.8502922058105,40.5981140136719,61.5008277893066,0.268889725208282,0.217992916703224,0.0904640629887581,0.00388364749960601,0,0.105913266539574,0,0.31036975979805,629302.0625,NA,NA
"ES432",9.96539115905762,15.5990953445435,28.8426551818848,19.8343067169189,18.8772621154785,2.88978624343872,1.62918519973755,0.376154989004135,2.49336194992065,77.2686462402344,61.5095596313477,41.8147659301758,62.1968765258789,0.123904697597027,0.173046663403511,0.178061470389366,0.00233774376101792,0,0.257092982530594,0,0.262450993061066,338082.875,NA,NA
"ES511",8.99572467803955,13.2474384307861,24.7896251678467,17.6862392425537,15.7938995361328,1.52446174621582,1.81091904640198,1.29325902462006,1.98784506320953,77.6276931762695,72.458854675293,68.1500854492188,76.4069976806641,0.110081546008587,0.119970999658108,0.0362452007830143,0.0596080385148525,3.64303086826112e-05,0.0975303277373314,0.408385813236237,0.0493872463703156,2751820.75,NA,NA
"ES512",8.77165508270264,13.186146736145,24.720739364624,17.4927959442139,15.9490842819214,2.07601428031921,2.31255340576172,1.47517073154449,2.35461258888245,76.0340194702148,72.8198852539062,67.5795669555664,74.9412002563477,0.099997989833355,0.0645396038889885,0.0149798942729831,0.0144288884475827,1.20290205813944e-05,0.45976796746254,0.0517396330833435,0.137299045920372,536559.25,NA,NA
"ES513",6.61870002746582,12.1625633239746,24.4114875793457,16.1369171142578,17.7927856445312,1.44788551330566,1.95198380947113,1.29613983631134,1.8573135137558,74.5171737670898,66.1835708618164,59.0717353820801,71.177131652832,0.210974961519241,0.150190234184265,0.0777455940842628,0.00570978643372655,0.000149669125676155,0.093368299305439,0.24895516037941,0.210795059800148,474093.125,NA,NA
"ES514",10.9793653488159,15.927978515625,27.5973739624023,19.9521160125732,16.6180095672607,1.294677734375,1.4994044303894,0.630783140659332,1.73811686038971,73.6486206054688,64.6460037231445,59.4585723876953,70.6053161621094,0.121965490281582,0.156505420804024,0.11713320016861,0.0101253436878324,0,0.198894679546356,0,0.221845969557762,505251.96875,NA,NA
"ES521",12.5032339096069,16.63893699646,27.4401702880859,21.0511989593506,14.9369373321533,1.41258025169373,1.22113084793091,0.34193354845047,1.53093159198761,69.2510681152344,63.1413841247559,60.989185333252,69.0707397460938,0.611656308174133,0.000626966473646462,0.0549054443836212,0.0208310075104237,0,0.0587957575917244,0,0.0983710661530495,1109632,NA,NA
"ES522",9.84076881408691,14.6416387557983,26.4356517791748,18.736177444458,16.5948829650879,1.39700293540955,1.5892425775528,0.724701046943665,1.71136736869812,67.899299621582,64.0368270874023,61.9872436523438,68.5602035522461,0.122559621930122,0.0855890661478043,0.194039866328239,0.00999717880040407,0,0.296815127134323,0,0.154764741659164,474835.53125,NA,NA
"ES523",10.5892543792725,15.373987197876,27.1335544586182,19.5455436706543,16.5443000793457,1.4420120716095,1.36914575099945,0.498048543930054,1.60693919658661,69.0775604248047,61.7165718078613,58.6481094360352,67.6731643676758,0.271910130977631,0.00302891479805112,0.207521110773087,0.0147221107035875,0,0.263578593730927,0,0.177707627415657,1417326.875,NA,NA
"ES532",12.6163568496704,15.8927431106567,26.4176330566406,21.0237731933594,13.8012771606445,1.72388529777527,1.27196741104126,0.350842267274857,2.03626537322998,77.1750030517578,72.6317672729492,69.6402053833008,75.9471969604492,0.184128046035767,0.156110808253288,0.0116574689745903,0.0112436758354306,0,0.0580028705298901,0,0.0799138396978378,499614.21875,NA,NA
"ES611",10.5770120620728,15.2741937637329,26.9425506591797,19.4917697906494,16.3655414581299,1.19970262050629,0.959527492523193,0.288908064365387,1.08013665676117,68.1867904663086,58.2912788391113,49.0534324645996,64.8389282226562,0.126614108681679,0.0400672182440758,0.2142423838377,0.00446871481835842,0,0.351120263338089,0,0.0885870680212975,375233.46875,NA,NA
"ES612",13.5126829147339,17.708044052124,27.2259101867676,21.6449794769287,13.7132291793823,3.34389209747314,1.48393642902374,0.116329692304134,1.98538887500763,76.7031860351562,65.9187927246094,56.6939735412598,70.1999740600586,0.206333070993423,0.233607143163681,0.0442568957805634,0.00840481743216515,0,0.114591605961323,0,0.212203130125999,557108.375,NA,NA
"ES613",10.7819671630859,16.9032936096191,30.1784648895264,20.8620491027832,19.3964977264404,2.30857801437378,1.34794974327087,0.257077246904373,1.8549827337265,74.7726593017578,58.2194175720215,39.3434295654297,60.4552345275879,0.351326704025269,0.30970486998558,0.0844737142324448,0.00659139780327678,0,0.0665988400578499,0,0.179697930812836,696911.75,NA,NA
"ES614",8.89148330688477,14.4267692565918,27.3397884368896,18.4684810638428,18.4483051300049,1.8722083568573,1.28804433345795,0.321703284978867,1.37164378166199,72.0910949707031,60.3525466918945,45.1324653625488,63.635066986084,0.24278824031353,0.160716876387596,0.148368522524834,0.00760793965309858,0,0.231110408902168,0,0.139127984642982,890624.5625,NA,NA
"ES615",12.9075326919556,17.7978515625,28.93918800354,21.707670211792,16.0316543579102,2.78677845001221,1.33202540874481,0.170129507780075,2.01448321342468,75.321159362793,60.7591590881348,45.9351119995117,64.3466415405273,0.120435319840908,0.0299147665500641,0.00580690940842032,0.00547899724915624,0,0.301585018634796,0,0.440220773220062,513991.78125,NA,NA
"ES616",9.84243297576904,15.8859825134277,29.7465229034424,19.8689231872559,19.904088973999,2.21097159385681,1.60320460796356,0.363761574029922,1.638427734375,73.219970703125,58.1581153869629,39.5306205749512,60.2546653747559,0.322713851928711,0.0409174673259258,0.377182990312576,0.00521803554147482,0,0.110200509428978,0,0.14356629550457,565387.5,NA,NA
"ES617",12.1510953903198,16.8474082946777,27.5400791168213,20.6971626281738,15.3889818191528,2.74944114685059,1.41710388660431,0.15708515048027,1.87293744087219,76.795036315918,65.2939910888672,53.3520736694336,69.2695159912109,0.234322518110275,0.292140543460846,0.0207914747297764,0.0145664801821113,0,0.123887799680233,0,0.179437592625618,999005.5625,NA,NA
"ES618",12.5050611495972,18.0296478271484,29.9825439453125,22.0492763519287,17.4774837493896,2.68085932731628,1.28277206420898,0.148604556918144,1.87591791152954,74.5652160644531,58.6989059448242,43.1716766357422,62.2686042785645,0.344480216503143,0.226376086473465,0.0383609682321548,0.0148244770243764,0,0.0758996978402138,0,0.292724877595901,1776632.625,NA,NA
"ES620",10.7043504714966,15.7177848815918,27.5668277740479,19.922492980957,16.862476348877,1.01347196102142,0.946508824825287,0.356268584728241,1.07597756385803,68.4641723632812,59.654296875,54.0964508056641,66.4310531616211,0.301361590623856,3.14239659928717e-05,0.165316015481949,0.00993923936039209,0,0.273382931947708,0,0.181837394833565,1073674.25,NA,NA
"FI193",-4.07003927230835,6.61855554580688,18.0939464569092,7.14203929901123,22.1639862060547,1.8413348197937,1.65636849403381,2.91455173492432,2.38349294662476,87.0857162475586,73.01904296875,75.4603424072266,87.9078674316406,0.0355852469801903,0.000117487514216918,0.000366457272320986,0.00272649922408164,0,0.0082129230722785,0.113825269043446,0.683230757713318,305345.03125,NA,NA
"FI194",-3.47370529174805,6.48520851135254,17.5957984924316,7.20585441589355,21.0695037841797,1.79709386825562,1.59236335754395,2.64815545082092,2.2757134437561,86.5888900756836,70.6580657958984,73.8542251586914,87.0917739868164,0.169181525707245,0.000536638544872403,0.000432644999818876,0.0024763192050159,0,0.0091036818921566,0,0.793089926242828,217047.390625,NA,NA
"FI195",-3.02479314804077,5.98498153686523,17.4814720153809,7.5090970993042,20.5062656402588,1.81190192699432,1.52841353416443,2.42821025848389,2.24829053878784,84.6753463745117,72.4578857421875,74.2570571899414,85.2136535644531,0.152090013027191,0.00125529069919139,0.000462314754258841,0.00316435773856938,0,0.0062861037440598,0,0.566089570522308,149497.25,NA,NA
"FI196",-2.13543820381165,7.06289482116699,18.0452499389648,8.11609268188477,20.1806869506836,2.15087914466858,1.62032759189606,2.67087912559509,2.75140571594238,86.2075805664062,72.1583557128906,75.1906967163086,86.1245269775391,0.0927822887897491,0.00130281003657728,0.00117067631799728,0.00450359983369708,0,0.00851613935083151,0,0.814272224903107,217291.984375,NA,NA
"FI197",-3.13958644866943,6.90450954437256,17.96897315979,7.54445457458496,21.1085586547852,1.91030120849609,1.57744097709656,2.71698832511902,2.50960826873779,87.3684692382812,71.9974136352539,75.1408538818359,87.9021835327148,0.0796158164739609,0.00099981005769223,0.00112784490920603,0.00669146701693535,0,0.00875023752450943,0,0.788743019104004,575562.875,NA,NA
"FI1B1",-2.19911003112793,7.13205099105835,18.4074459075928,8.5886697769165,20.6065559387207,2.41357755661011,1.54188275337219,2.65160036087036,3.12696886062622,85.9966201782227,73.2375335693359,74.714973449707,85.7732315063477,0.150484263896942,0.00177446601446718,0.000365992222214118,0.0219532586634159,0,0.00385768036358058,0.207961723208427,0.37956714630127,1152143.125,NA,NA
"FI1C1",-1.30751478672028,7.12390375137329,18.3118190765381,8.94882488250732,19.6193332672119,2.19625616073608,1.43408060073853,2.55146312713623,2.87617540359497,85.9020156860352,73.7052154541016,75.3567733764648,85.4850234985352,0.141800433397293,0.00267576170153916,0.000760451308451593,0.00533443735912442,0,0.00570604857057333,0,0.654383957386017,382748.40625,NA,NA
"FI1C2",-2.8708930015564,6.94747304916382,18.191822052002,8.09127998352051,21.0627155303955,2.10626220703125,1.49507784843445,2.70564365386963,2.72551846504211,87.1574859619141,72.1802062988281,75.0327529907227,87.5898590087891,0.143377527594566,0.00130420050118119,0.000961963029112667,0.00672170054167509,0,0.00730876205489039,0.0553347393870354,0.696325123310089,224884.890625,NA,NA
"FI1C3",-3.35196852684021,6.83066177368164,18.4157752990723,7.87419271469116,21.7677459716797,1.97519946098328,1.55548870563507,2.85263729095459,2.67645382881165,86.5986404418945,72.9396514892578,75.1260757446289,87.1830520629883,0.110894255340099,0.000833108788356185,0.000784752948675305,0.00461275596171618,0,0.000176270346855745,0.693712174892426,0.0149955181404948,164853.890625,NA,NA
"FI1C4",-2.92463946342468,6.91876029968262,18.854642868042,8.38554954528809,21.7792835235596,2.47417283058167,1.65792465209961,2.82585716247559,3.11298227310181,85.8938598632812,73.3772277832031,74.3448181152344,86.0711364746094,0.061012253165245,0.000349322013789788,0.000643312989268452,0.00392573792487383,0,4.73689651698805e-05,0.811865985393524,0.00439845491200686,146285.328125,NA,NA
"FI1C5",-3.56675052642822,7.08906841278076,19.156005859375,8.10191917419434,22.7227573394775,2.27868103981018,1.69080793857574,3.06931138038635,2.88599395751953,85.7697906494141,75.0976943969727,74.8446884155273,86.278564453125,0.0123596955090761,0.000111203291453421,0.000523066031746566,0.00229097437113523,2.32476203101187e-20,0.143187835812569,0.348785102367401,0.236420303583145,131726.140625,NA,NA
"FI1D1",-4.14887428283691,6.80292415618896,18.8616542816162,7.57056617736816,23.0105285644531,2.10286545753479,1.71411836147308,3.18542623519897,2.65949106216431,86.3622055053711,75.1806335449219,76.2041397094727,87.5173416137695,0.0104298423975706,0.000107367559394334,0.000427057704655454,0.00187966891098768,2.70198022024628e-21,0.00380590371787548,0.43890643119812,0.297876179218292,198297.078125,NA,NA
"FI1D2",-4.70559978485107,6.3749098777771,18.5389080047607,7.05326223373413,23.2445068359375,2.152179479599,1.84030175209045,3.16413736343384,2.51501512527466,86.6674346923828,74.0082626342773,75.6029663085938,87.3574142456055,0.0573706217110157,6.68300417601131e-05,0.000276402133749798,0.00177939014974982,1.85545929661249e-41,0.00808650255203247,0.085519514977932,0.682216882705688,247026.171875,NA,NA
"FI1D3",-5.71992540359497,5.5431489944458,18.1622486114502,6.5709171295166,23.8821754455566,2.23375797271729,1.89584517478943,3.34692335128784,2.79665207862854,85.9987258911133,74.8900909423828,76.3551635742188,87.2253952026367,0.0247181374579668,1.54203135025455e-05,0.000136405520606786,0.00168383738491684,3.1168470503849e-19,0.000484473945107311,0.771972715854645,0.040373656898737,180298.34375,NA,NA
"FI1D5",-4.37606477737427,5.90440320968628,17.264476776123,6.5292592048645,21.6405410766602,1.77054083347321,1.62590742111206,2.51699233055115,2.04704594612122,86.4013748168945,71.0030212402344,73.1704711914062,86.6833114624023,0.102663651108742,0.000119219279440586,0.000430134503403679,0.00158790405839682,0,0.0096838241443038,0.0121009899303317,0.82356059551239,55773.453125,NA,NA
"FI1D7",-8.7996301651001,2.18153691291809,15.6542854309082,3.20381736755371,24.453914642334,1.51776301860809,1.49190270900726,2.50876688957214,1.8941478729248,84.4934616088867,76.9486923217773,74.582763671875,85.5096893310547,0.00262759579345584,0.000704855949152261,0.00257998425513506,0.000333436502842233,0.0591381564736366,0.00180515868123621,0.735723197460175,0.149935558438301,166220.46875,NA,NA
"FI1D8",-6.47361087799072,4.60352659225464,17.5266017913818,5.71609115600586,24.0002117156982,2.03776383399963,1.81471812725067,2.90673899650574,2.42627024650574,86.1933898925781,74.6970062255859,75.195556640625,87.4288558959961,0.00761278904974461,3.05394278257154e-05,0.000910675153136253,0.000628017995040864,2.68894471005362e-19,0.00374076631851494,0.584476172924042,0.308560609817505,80278.953125,NA,NA
"FI1D9",-6.1383261680603,4.52351713180542,17.0284996032715,5.36367797851562,23.1668262481689,1.87397241592407,1.65985441207886,2.61206579208374,2.07413387298584,86.1054000854492,74.4322280883789,74.3720016479492,86.5475463867188,0.0470849573612213,0.000152819382492453,0.00124517094809562,0.00155973806977272,9.98624909744124e-20,0.003045120742172,0.616665482521057,0.261245101690292,358917.6875,NA,NA
"FI200",0.703792452812195,6.40140151977539,17.6619281768799,10.1705541610718,16.9581356048584,2.10671734809875,1.38189566135406,2.2756404876709,2.76708841323853,81.5160293579102,79.1801376342773,78.2921142578125,80.7810211181641,0.0239136051386595,0.00158432405441999,0.000287079747067764,0.00149551359936595,0,0.0022730880882591,0,0.215299054980278,17456.7578125,NA,NA
"FR101",6.99857091903687,13.0156936645508,22.2289867401123,14.9256381988525,15.2304153442383,2.53418779373169,2.0252468585968,1.66123008728027,2.34950971603394,85.748176574707,74.0275955200195,70.6756362915039,82.2786026000977,0.233609884977341,0.00358198606409132,0.000200610142201185,0.323724180459976,0,2.92401305576121e-16,0,0.438883364200592,456208.96875,NA,NA
"FR102",6.55756378173828,12.7300806045532,22.1081047058105,14.6787376403809,15.5505418777466,2.70459890365601,2.12980532646179,1.75290381908417,2.52847695350647,85.6450271606445,73.8244552612305,70.0942993164062,82.0081100463867,0.545032560825348,0.0103309126570821,1.07128783621846e-09,0.0443034023046494,0,1.34772280777275e-17,0,0.400333136320114,2529668.25,NA,NA
"FR103",6.50908517837524,12.2188987731934,21.357494354248,14.4054336547852,14.8484086990356,2.55976009368896,1.94975101947784,1.59555494785309,2.35694551467896,86.3869781494141,75.0260238647461,71.6292114257812,82.7415237426758,0.36999237537384,0.137710630893707,4.0668517613085e-05,0.087397575378418,0,7.81156805906846e-11,0,0.404858738183975,3384320,NA,NA
"FR104",6.74324131011963,12.7289228439331,22.0495338439941,14.7591533660889,15.3062934875488,2.56260085105896,2.09050846099854,1.66321992874146,2.44025444984436,85.7565002441406,74.0017929077148,70.0917739868164,81.9098281860352,0.41130992770195,0.0167522262781858,0.000100070792541374,0.169503524899483,0,1.63100631091206e-12,0,0.402334272861481,5556016,NA,NA
"FR105",6.99857139587402,13.0156936645508,22.2289867401123,14.9256362915039,15.2304172515869,2.53418779373169,2.02524709701538,1.66123020648956,2.34950971603394,85.748176574707,74.0275955200195,70.6756362915039,82.2786026000977,0.233609884977341,0.00358198606409132,0.000200610142201185,0.323724180459976,0,2.92401279106342e-16,0,0.438883364200592,966186,NA,NA
"FR106",6.9341516494751,13.0118722915649,22.2640342712402,14.9246530532837,15.3298816680908,2.58279728889465,2.060063123703,1.72621631622314,2.36806225776672,85.6874160766602,73.9163513183594,70.5262222290039,82.2242889404297,0.334253579378128,0.00497551495209336,0.00011068866297137,0.230003580451012,0,1.61333968416833e-16,0,0.430656671524048,889946.375,NA,NA
"FR107",6.94909286499023,13.0149154663086,22.2599143981934,14.9266986846924,15.3108205795288,2.57232403755188,2.05319786071777,1.71277356147766,2.3639030456543,85.6997985839844,73.9368438720703,70.5497817993164,82.2328338623047,0.313163161277771,0.004678706638515,0.000129272433696315,0.24967622756958,0,1.88421221802188e-16,0,0.432352632284164,1003632.1875,NA,NA
"FR108",6.61029291152954,12.257043838501,21.215051651001,14.4902248382568,14.60475730896,2.90210223197937,2.04093813896179,1.6639586687088,2.59150862693787,86.0920333862305,75.3274002075195,73.1385803222656,83.33984375,0.48350116610527,0.0681390091776848,2.27217315114103e-05,0.0584925636649132,0,7.38556283200749e-17,0,0.389844506978989,1330381.625,NA,NA
"FRB01",6.46416187286377,12.4533319473267,22.3569164276123,14.8211421966553,15.8927555084229,2.72783184051514,2.49604964256287,1.72131645679474,2.76174712181091,84.6282119750977,72.8411712646484,67.8163833618164,80.4620208740234,0.645110785961151,0.0284660793840885,0.000765856704674661,0.0052543138153851,0,1.01086188031285e-10,0,0.320402950048447,350583.40625,NA,NA
"FRB02",6.07911348342896,11.6649532318115,20.8729476928711,14.0038537979126,14.793833732605,2.61208200454712,1.95253205299377,1.41640746593475,2.4023904800415,86.9789199829102,75.4676971435547,70.9375152587891,82.5388717651367,0.541386067867279,0.17772750556469,2.37081025034058e-07,0.00955272745341063,0,9.4120397239883e-12,0,0.271333575248718,610492.6875,NA,NA
"FRB03",6.71791648864746,12.4620065689087,22.4062557220459,14.9576206207275,15.6883392333984,2.8807909488678,2.48160862922668,1.57931566238403,2.77261209487915,84.5939102172852,73.0065841674805,67.2235107421875,79.5171737670898,0.610654234886169,0.0837585851550102,0.000713162880856544,0.00508726388216019,0,2.83085915819825e-10,0,0.299786806106567,280359.0625,NA,NA
"FRB04",6.96626138687134,12.5053415298462,22.1149444580078,14.9154214859009,15.1486835479736,2.78010416030884,2.08845233917236,1.30612218379974,2.55503010749817,85.5031051635742,73.613883972168,67.866569519043,80.490364074707,0.62114816904068,0.0756837651133537,4.53484753961675e-05,0.0112057374790311,0,8.12100994090903e-12,0,0.291917026042938,829551.8125,NA,NA
"FRB05",6.59553813934326,12.3295030593872,21.9450435638428,14.6818046569824,15.3495063781738,2.76971697807312,2.14658665657043,1.4623202085495,2.55664920806885,85.6859817504883,73.5308532714844,67.9547424316406,80.7084655761719,0.614077270030975,0.068890742957592,0.00022768288908992,0.00810198858380318,0,0,0,0.308702349662781,547445.6875,NA,NA
"FRB06",6.50840616226196,12.5235328674316,22.1531085968018,14.7238473892212,15.6447019577026,2.6613917350769,2.22252941131592,1.6405166387558,2.65308284759521,85.5767211914062,73.356086730957,68.6088562011719,81.1846542358398,0.616988599300385,0.0316844619810581,8.85345943970606e-05,0.00924834609031677,0,8.80746512916247e-17,0,0.341990083456039,694535.3125,NA,NA
"FRC11",5.11241436004639,12.1652593612671,22.2978191375732,13.9382038116455,17.1854057312012,3.0742564201355,2.81429505348206,1.98057162761688,3.33800005912781,83.82275390625,71.8788146972656,68.5112152099609,81.6507110595703,0.540400564670563,0.0399553589522839,0.000172938802279532,0.00715304119512439,0,0,0.100019514560699,0.312298595905304,691257.125,NA,NA
"FRC12",5.88569688796997,12.1850528717041,22.2429256439209,14.4346399307251,16.3572292327881,3.10838747024536,2.78216409683228,1.84158194065094,3.14772176742554,84.1311187744141,72.4412841796875,68.1079025268555,81.0597991943359,0.567251324653625,0.0282818861305714,0.000493883388116956,0.00460630794987082,0,3.035953232573e-18,0.00796320009976625,0.391403436660767,244323.046875,NA,NA
"FRC13",5.45214319229126,12.3624496459961,22.8315525054932,14.3645143508911,17.3794097900391,2.97623205184937,2.94733691215515,1.98191702365875,3.46094012260437,81.6737060546875,70.5259399414062,66.227653503418,79.9741439819336,0.465123355388641,0.0501433126628399,0.000467036297777668,0.00846276339143515,0,1.3517813604591e-11,0.118206478655338,0.357597082853317,638611.25,NA,NA
"FRC14",6.0856442451477,12.5016222000122,22.2991237640381,14.524468421936,16.2134799957275,2.8457932472229,2.43334913253784,1.71710634231567,2.92291021347046,85.0903625488281,73.2464828491211,69.1169128417969,81.6510772705078,0.636025488376617,0.0241403598338366,6.70722947688773e-05,0.00658766645938158,0,4.8807017802638e-17,0,0.333179414272308,382536.15625,NA,NA
"FRC21",3.51586270332336,10.5021677017212,20.6015758514404,12.3976964950562,17.0857124328613,4.86046075820923,4.13115930557251,3.14819598197937,4.63192796707153,79.7380065917969,71.5756149291992,71.3951263427734,81.4728698730469,0.249235078692436,0.0918275341391563,0.000167715159477666,0.0112291574478149,0,0,0.646655678749084,0,612776.875,NA,NA
"FRC22",4.47440385818481,11.6166658401489,21.9791507720947,13.4590158462524,17.5047454833984,5.07665061950684,4.51887989044189,3.01142621040344,4.9795413017273,79.193977355957,70.6060409545898,69.1314086914062,80.3247222900391,0.420058965682983,0.0407828576862812,0.000178756628884003,0.00840806029736996,0,0,0.45570570230484,0.0731891393661499,438372.40625,NA,NA
"FRC23",4.74937677383423,11.9438524246216,21.8963108062744,13.6080007553101,17.1469326019287,3.87409234046936,3.29229354858398,2.53966617584229,4.02431774139404,81.1156997680664,70.8046493530273,68.8179092407227,81.1066665649414,0.354244291782379,0.0656369104981422,5.06407604916603e-06,0.00785617902874947,0,0,0.571798920631409,0.000458370428532362,418677.875,NA,NA
"FRC24",3.66306090354919,10.8100833892822,20.7668895721436,12.5126543045044,17.1038303375244,5.43176364898682,3.99879789352417,2.92762494087219,4.63211345672607,81.4733123779297,71.5495376586914,70.5583267211914,82.2395401000977,0.241850659251213,0.0451692789793015,2.77493722444788e-10,0.0137743353843689,0,0,0.699107766151428,0,112799.15625,NA,NA
"FRD11",6.74717903137207,10.9951477050781,19.4534969329834,14.042742729187,12.7063179016113,3.44566583633423,2.14558386802673,1.4873948097229,3.2439455986023,85.9663925170898,77.5044250488281,76.3264846801758,84.0808563232422,0.283364355564117,0.287252277135849,2.43160269697285e-09,0.0119842849671841,0,5.01941925523663e-11,0.0474103353917599,0.204822987318039,686612.3125,NA,NA
"FRD12",7.23873329162598,11.1021881103516,19.4128589630127,14.3646297454834,12.1741256713867,3.91516137123108,2.22363615036011,1.45876443386078,3.6579020023346,84.559326171875,78.700798034668,78.8375091552734,83.3510208129883,0.289060324430466,0.314742296934128,2.32251395893002e-09,0.00832814164459705,0,5.234110367347e-11,0.0840992778539658,0.118111804127693,340040.34375,NA,NA
"FRD13",6.14458274841309,10.9744262695312,19.8503265380859,13.6319561004639,13.7057437896729,3.32959961891174,2.2019054889679,1.39445054531097,2.90268421173096,87.5318450927734,76.8095397949219,74.1999664306641,84.3935165405273,0.356540977954865,0.301160275936127,2.50042675453699e-09,0.0079570971429348,0,1.69113420098159e-17,0,0.334341675043106,319254,NA,NA
"FRD21",6.36403942108154,11.3081388473511,20.082389831543,14.0108556747437,13.7183494567871,3.29638648033142,2.1373074054718,1.55805587768555,2.91897463798523,86.8014221191406,76.8406372070312,74.8081130981445,84.0581893920898,0.387605369091034,0.205811157822609,1.77679515545037e-09,0.0182180572301149,0,2.06082234610605e-11,0,0.380971312522888,1059778.625,NA,NA
"FRD22",6.55358076095581,11.1177244186401,19.6706504821777,14.1232824325562,13.1170692443848,3.87148571014404,2.33312654495239,1.87126064300537,3.66491723060608,85.7655029296875,77.6530227661133,77.2725677490234,84.0031967163086,0.33164569735527,0.207660526037216,0.000130149215692654,0.0132172722369432,0,1.30429902989171e-10,0.0216588135808706,0.286925047636032,807490.5625,NA,NA
"FRE11",5.30656576156616,11.010368347168,19.7763195037842,13.2974281311035,14.4697532653809,3.18207836151123,2.07227325439453,1.90416049957275,3.00631833076477,85.6565475463867,75.8316192626953,75.6947555541992,83.7716827392578,0.381556630134583,0.0939670726656914,2.2169363944613e-07,0.0639515146613121,0,4.52939335343627e-12,0.166355237364769,0.263525605201721,2408551.75,NA,NA
"FRE12",5.80625820159912,10.7600212097168,19.2785491943359,13.6183662414551,13.4722909927368,3.88081192970276,2.23449158668518,2.00983166694641,3.78712677955627,85.4474105834961,77.0756454467773,77.0377960205078,83.8823928833008,0.455373734235764,0.149570629000664,2.27513385908651e-09,0.0260181315243244,0,2.74911950842727e-11,0,0.30891752243042,1524586,NA,NA
"FRE21",5.60587596893311,11.7559022903442,20.8630218505859,13.6588621139526,15.2571449279785,3.11858749389648,2.2322781085968,2.04003500938416,2.64030241966248,85.8112411499023,74.4855270385742,73.0499496459961,83.2208099365234,0.573597133159637,0.0291428957134485,1.65623981196461e-09,0.0140682682394981,0,0,0.039678979665041,0.343512743711472,668371.4375,NA,NA
"FRE22",6.33855247497559,12.0175542831421,20.9327526092529,14.242057800293,14.5942010879517,2.95731234550476,2.06893992424011,1.80359959602356,2.64230346679688,85.9079360961914,75.3426361083984,73.7023696899414,83.3880004882812,0.566535294055939,0.0500641651451588,1.53093093757661e-09,0.019524835050106,0,2.09489313480567e-17,0,0.363875776529312,1416006.375,NA,NA
"FRE23",6.1031813621521,11.3752422332764,20.0514907836914,13.926215171814,13.9483089447021,3.44260025024414,2.2015528678894,2.00941920280457,3.16074728965759,85.6378936767578,76.4882736206055,76.0431976318359,83.7550430297852,0.575453639030457,0.109246246516705,1.74563563604124e-09,0.0142403421923518,0,4.62002209679037e-17,0,0.278991758823395,718581.8125,NA,NA
"FRF11",4.39021682739258,12.165885925293,22.0130443572998,13.3439979553223,17.6228275299072,2.87692642211914,2.6373016834259,2.4411129951477,3.09283185005188,82.5668411254883,71.030517578125,69.3218536376953,81.8212738037109,0.428720831871033,0.0370342172682285,3.73447219317313e-05,0.0158437229692936,0,2.51804158608477e-21,0,0.518363893032074,1508651,NA,NA
"FRF12",4.09887933731079,11.5351266860962,21.4733562469482,13.0087251663208,17.3744773864746,3.43488717079163,3.07217836380005,2.55413794517517,3.4747884273529,81.6001205444336,71.5408477783203,70.5429153442383,82.2762603759766,0.368652015924454,0.0528736598789692,4.62069547211286e-05,0.0177684389054775,0,0.00497716525569558,0.356701761484146,0.198401480913162,1036120.1875,NA,NA
"FRF21",4.75433778762817,11.1254901885986,20.4429359436035,12.9163084030151,15.6885986328125,3.74794864654541,2.51310610771179,2.26305913925171,3.04807090759277,86.4788589477539,74.4463348388672,73.5711975097656,84.4384765625,0.500617921352386,0.130461812019348,0.000340610917191952,0.0105852615088224,1.40129846432482e-45,0,0.342474192380905,0.0155202262103558,362694.09375,NA,NA
"FRF22",5.78849649429321,12.4350328445435,22.1083831787109,14.2307024002075,16.3198871612549,2.83154511451721,2.38740873336792,1.88112652301788,2.94344258308411,85.1897964477539,73.0922775268555,69.7954406738281,82.064453125,0.634860038757324,0.0713541284203529,3.9311453292612e-05,0.00751152262091637,0,3.52944864835474e-17,0.00245559983886778,0.281488388776779,393647.25,NA,NA
"FRF23",5.51402616500854,11.9849147796631,21.4012432098389,13.759708404541,15.8872184753418,2.91003346443176,2.20054483413696,1.91052067279816,2.64120006561279,85.4492874145508,73.3728179931641,70.8324356079102,82.6541137695312,0.653353214263916,0.0793352499604225,0.000117460571345873,0.00848173908889294,0,0,0.10949245095253,0.147179499268532,587183.375,NA,NA
"FRF24",4.98259019851685,11.9525623321533,21.836597442627,13.6469097137451,16.8540096282959,3.39879608154297,2.78094387054443,2.24548172950745,3.46170973777771,84.5841064453125,72.3476791381836,69.8599014282227,82.599479675293,0.531039118766785,0.0845993012189865,0.000395474140532315,0.00496676517650485,0,0,0.316610306501389,0.0618205703794956,178176.109375,NA,NA
"FRF31",4.43017911911011,11.4920215606689,21.1686153411865,12.9832792282104,16.7384357452393,3.25909161567688,2.46381545066833,2.12950110435486,3.23392701148987,84.6359939575195,72.7065658569336,70.1003112792969,82.9599151611328,0.498599469661713,0.0765818208456039,4.86808021378238e-05,0.0110677015036345,2.49162964916661e-26,0,0.148216232657433,0.265486121177673,726367,NA,NA
"FRF32",4.6683030128479,11.4833345413208,21.0972461700439,13.0832805633545,16.4289455413818,3.75050568580627,2.56439256668091,2.17588710784912,3.27193140983582,85.6410369873047,73.2620620727539,71.4771728515625,83.5961380004883,0.526121020317078,0.112515456974506,0.00155476666986942,0.00677368231117725,0,0,0.352827996015549,0,288256.9375,NA,NA
"FRF33",4.45534563064575,11.8273515701294,21.4449710845947,13.1051588058472,16.9896278381348,3.13397860527039,2.38363528251648,2.13091421127319,3.076899766922,84.2361831665039,71.9612350463867,69.260139465332,82.4948883056641,0.457343578338623,0.0480437502264977,1.6880967450561e-05,0.0165814366191626,1.67039183185261e-14,1.13809409607052e-21,0.144693955779076,0.333320468664169,1448352.125,NA,NA
"FRF34",4.18821096420288,11.2987670898438,21.1007308959961,12.8898363113403,16.9125194549561,3.93299579620361,3.09953474998474,2.5581202507019,3.88190078735352,83.7334213256836,72.2175827026367,70.1914443969727,82.71337890625,0.381699532270432,0.0655078515410423,5.18588922204799e-06,0.00753342173993587,0,0,0.179476588964462,0.365777522325516,442621.125,NA,NA
"FRG01",7.82801246643066,12.4038963317871,21.3807964324951,15.1481275558472,13.5527839660645,3.79383897781372,2.19852876663208,1.01981818675995,3.170086145401,86.1427841186523,76.813850402832,72.7612686157227,82.6720123291016,0.510267078876495,0.161860883235931,7.64477681514109e-06,0.0168079491704702,0,6.87464976358044e-17,0,0.232523754239082,1664418.875,NA,NA
"FRG02",7.28825664520264,12.4306907653809,21.7652950286865,14.9377326965332,14.4770402908325,3.1376051902771,2.07936644554138,1.05115914344788,2.68934273719788,86.0302200317383,75.0955276489258,69.7759017944336,81.6625823974609,0.593475818634033,0.145901799201965,4.92638810101198e-06,0.0132545800879598,0,2.19947374508687e-17,0,0.247362911701202,1012965.8125,NA,NA
"FRG03",6.73739290237427,11.5974998474121,20.5987167358398,14.1989040374756,13.8613243103027,3.96749091148376,2.37092852592468,1.3148922920227,3.28829026222229,86.9327239990234,76.0213088989258,72.5888671875,83.4485702514648,0.512127101421356,0.285849571228027,5.04664665612609e-09,0.00749361421912909,0,5.92179129922305e-17,0,0.194526806473732,405312.5625,NA,NA
"FRG04",6.60826206207275,11.8980684280396,21.1707019805908,14.3104410171509,14.5624408721924,3.16766738891602,2.10937166213989,1.3083004951477,2.68367695808411,86.6838684082031,74.9716186523438,70.6057357788086,82.532844543457,0.482309192419052,0.185363203287125,2.5858271079926e-09,0.0105963889509439,0,1.80340941075688e-17,0,0.321731150150299,673649.0625,NA,NA
"FRG05",8.110182762146,12.788158416748,21.995023727417,15.7113733291626,13.884840965271,3.57403254508972,2.32236003875732,1.01010811328888,3.03243184089661,85.1438751220703,75.9831848144531,71.2482223510742,81.1654815673828,0.539480745792389,0.132437005639076,4.53810935141519e-05,0.00867950264364481,0,7.7215950647358e-12,0,0.19337797164917,720161,NA,NA
"FRH01",7.69139766693115,10.9798431396484,18.9351959228516,14.3315572738647,11.2437982559204,3.99644637107849,2.27005052566528,1.15929758548737,3.26233267784119,85.615837097168,79.5913391113281,78.9294815063477,84.243537902832,0.32231992483139,0.34732773900032,0.000133295048726723,0.00753321358934045,0,6.49147402498329e-11,0.154273346066475,0.0160692166537046,494151.59375,NA,NA
"FRH02",8.16735172271729,10.8603553771973,18.2946891784668,14.2921695709229,10.1273365020752,4.79140329360962,2.5913553237915,1.50109767913818,3.67383599281311,84.2103805541992,80.1559753417969,81.1858520507812,84.4267349243164,0.285591930150986,0.292079240083694,0.000204852854949422,0.00972469337284565,3.01841912201886e-29,4.24290030193175e-12,0.124431550502777,0.0342656597495079,549833.75,NA,NA
"FRH03",7.35415601730347,11.7252025604248,20.384298324585,14.5623931884766,13.03014087677,3.54229354858398,2.12432217597961,1.17318344116211,3.11047959327698,86.0207595825195,76.9166030883789,74.6201400756836,83.2850799560547,0.49525573849678,0.267566710710526,3.1645868148189e-06,0.0121018597856164,0,8.0188416670679e-12,0.0147184263914824,0.171401143074036,1240591.625,NA,NA
"FRH04",8.01137256622314,11.5171279907227,19.6825695037842,14.7043571472168,11.6711959838867,4.40347814559937,2.36342287063599,1.27100789546967,3.41173243522644,85.9501419067383,78.5813140869141,76.5567855834961,83.9894866943359,0.410810559988022,0.289154380559921,2.1189960079937e-06,0.0101206246763468,1.3198333961993e-30,0,0.150958895683289,0.04979208111763,755440.1875,NA,NA
"FRI11",7.82554197311401,13.3435611724854,23.5824718475342,16.1916255950928,15.756929397583,2.92328190803528,2.82072925567627,1.33531439304352,2.5416419506073,81.1720657348633,69.7330627441406,65.2211227416992,77.0720748901367,0.568268299102783,0.0387004353106022,0.000270051852567121,0.005540213547647,0,2.6939320457546e-13,0.0601153708994389,0.327105730772018,500118.375,NA,NA
"FRI12",9.02832126617432,13.8170166015625,23.0964584350586,16.8854122161865,14.0681381225586,3.16388320922852,2.62077784538269,1.15707182884216,2.7062463760376,82.0846710205078,72.3728103637695,68.9457931518555,78.2143936157227,0.396097660064697,0.0683227702975273,0.00239492324180901,0.013835490681231,0,7.76778001729955e-15,0,0.43563985824585,1899924.5,NA,NA
"FRI13",9.72287654876709,14.1957015991211,23.3991279602051,17.6274013519287,13.6762523651123,3.58046102523804,3.14857316017151,1.36080825328827,3.20439791679382,80.3425903320312,72.3955459594727,70.8268737792969,77.0277862548828,0.278753668069839,0.0671449229121208,0.00691398978233337,0.00426090741530061,0,6.41635876375002e-12,0.263721495866776,0.288356006145477,455901.40625,NA,NA
"FRI14",8.59702777862549,13.9481763839722,24.0723152160645,17.0243625640869,15.475287437439,2.45839881896973,2.5825469493866,1.17970716953278,2.18683648109436,81.8858489990234,70.9946212768555,65.5050888061523,76.3901901245117,0.639658093452454,0.0415182672441006,0.00019436253933236,0.00599261606112123,0,2.11375417626086e-18,0,0.312636733055115,359387.09375,NA,NA
"FRI15",7.35665655136108,12.2247829437256,22.6004161834717,16.0536594390869,15.2437591552734,4.67725563049316,4.38068962097168,1.96153652667999,4.19429159164429,77.8581237792969,74.6127319335938,75.1031188964844,77.2068176269531,0.193323597311974,0.101362623274326,0.0132665084674954,0.00731306476518512,1.91992694453802e-05,0.017159441486001,0.465706318616867,0.18990296125412,674881.375,NA,NA
"FRI21",5.95596504211426,11.708890914917,22.3037242889404,14.6158142089844,16.3477611541748,3.76887130737305,3.72979688644409,1.91670083999634,3.52568769454956,81.6860656738281,71.3596496582031,68.2951354980469,79.4240875244141,0.382557302713394,0.0364660918712616,0.000824253598693758,0.00491364346817136,0,1.51745092186184e-11,0.443422853946686,0.131815806031227,261831.375,NA,NA
"FRI22",5.48244667053223,11.2297353744507,21.5041790008545,13.9860372543335,16.0217323303223,3.37978577613831,3.28432869911194,1.99272263050079,3.15929102897644,83.679817199707,73.7499542236328,70.225830078125,80.8706665039062,0.426578223705292,0.0610862337052822,0.000538756139576435,0.00418563792482018,0,1.28128591070364e-10,0.0557856932282448,0.451825499534607,136664.265625,NA,NA
"FRI23",6.57189893722534,12.2382802963257,22.5089416503906,14.9273471832275,15.9370431900024,3.68542456626892,3.28205013275146,1.72913348674774,3.25706315040588,82.8409576416016,71.7594680786133,67.4268646240234,79.3701400756836,0.551173090934753,0.0579440295696259,1.15993043436902e-05,0.00754074472934008,0,8.39073352179172e-17,0.0746982768177986,0.308632284402847,440617.28125,NA,NA
"FRI31",7.84134149551392,13.2173538208008,23.1244449615479,15.9383172988892,15.2831039428711,3.1732075214386,2.65340852737427,1.3020316362381,2.77051448822021,82.519645690918,71.4181442260742,66.6334533691406,78.3924407958984,0.649681866168976,0.0764570087194443,1.03589181676966e-09,0.00675364583730698,0,1.41297815461905e-11,0,0.267107486724854,407582.28125,NA,NA
"FRI32",8.53535270690918,13.4073429107666,22.7876758575439,16.3670043945312,14.2523241043091,3.31365871429443,2.4526743888855,1.09226846694946,2.89263415336609,83.1118698120117,73.3312377929688,68.6904907226562,78.9815521240234,0.55781215429306,0.118416614830494,0.000350260845152661,0.0075099072419107,0,4.60114541953049e-12,0,0.213463559746742,585558.3125,NA,NA
"FRI33",7.44673347473145,12.6212902069092,22.2460269927979,15.3106756210327,14.7992925643921,3.28162240982056,2.38676643371582,1.12982678413391,2.77903485298157,85.4249725341797,74.6298522949219,68.7420806884766,80.6308441162109,0.628215849399567,0.145346269011497,3.66035490806382e-09,0.00783378910273314,0,1.35777127388548e-11,0,0.218604072928429,408137.53125,NA,NA
"FRI34",7.09302520751953,12.541428565979,22.4111404418945,15.1105165481567,15.3181161880493,2.95428609848022,2.37756252288818,1.35639977455139,2.6947009563446,84.930419921875,73.559455871582,67.675178527832,79.8874816894531,0.667074799537659,0.0885555297136307,1.81424384209095e-05,0.0063119949772954,0,5.34940217122859e-11,0,0.238039523363113,511585.15625,NA,NA
"FRJ11",8.2389965057373,13.4057693481445,24.8394317626953,17.1555194854736,16.600435256958,3.01682877540588,2.91097331047058,1.09774327278137,2.56308364868164,78.6504440307617,72.5343322753906,65.5089340209961,74.9480819702148,0.216904252767563,0.104264192283154,0.0102658579126,0.00742633221670985,0,1.16671353567882e-12,0,0.625203788280487,570846.8125,NA,NA
"FRJ12",7.90100908279419,13.8078498840332,25.5949192047119,17.108814239502,17.6939125061035,3.1951630115509,2.80897426605225,1.04359996318817,4.76211929321289,74.5546188354492,65.5251312255859,55.0811805725098,71.3117980957031,0.216597750782967,0.0907881110906601,0.00423548556864262,0.0150901190936565,0,0,0.4259914457798,0.212646350264549,1076022,NA,NA
"FRJ13",8.46174716949463,13.9577579498291,25.5119132995605,17.4423656463623,17.0501670837402,3.33218050003052,2.860511302948,0.895543098449707,3.90149855613708,77.8896408081055,70.4724426269531,60.8870620727539,74.6403656005859,0.177079826593399,0.105427101254463,0.00371915008872747,0.0116103440523148,0,0,0.410126000642776,0.163589373230934,1045188.6875,NA,NA
"FRJ14",3.67382216453552,9.23104476928711,20.9541473388672,12.9072904586792,17.2803249359131,3.51596736907959,3.66538310050964,1.57964432239532,4.86105823516846,81.6633682250977,73.2118072509766,65.7587356567383,78.4965744018555,0.171254858374596,0.115644365549088,0.014666941948235,0.00264796940609813,0,0,0.695785939693451,0,119747.5625,NA,NA
"FRJ15",7.86404275894165,12.6700592041016,24.3079643249512,16.7309455871582,16.443920135498,2.5694785118103,2.62411093711853,1.22447800636292,2.32586765289307,75.0222015380859,71.114143371582,65.5962219238281,73.1986465454102,0.104770764708519,0.060213215649128,0.0223082937300205,0.00916632357984781,5.35869503437425e-06,0.136248737573624,0.0151222255080938,0.60805082321167,461520.75,NA,NA
"FRJ21",5.26280546188354,10.515079498291,22.2725982666016,14.4826421737671,17.0097942352295,2.75313806533813,3.16897654533386,1.81046104431152,2.52947854995728,76.5742416381836,73.8733596801758,69.8061065673828,74.8356018066406,0.264539301395416,0.0934597551822662,0.0365344397723675,0.00943095609545708,0,0.0659833326935768,0,0.530052244663239,291752.9375,NA,NA
"FRJ22",5.99237585067749,11.6271877288818,22.9863624572754,15.0657148361206,16.9939880371094,3.42676734924316,3.5937008857727,1.47239851951599,3.52024030685425,82.8857116699219,73.6727752685547,66.9916915893555,78.8636932373047,0.311687052249908,0.16435381770134,0.0031677964143455,0.00380679569207132,0,2.015386338719e-12,0.502817809581757,0.0140802012756467,356384.875,NA,NA
"FRJ23",7.78874588012695,13.2640981674194,24.3479061126709,16.7805824279785,16.5591602325439,2.47295880317688,2.92272520065308,1.4961394071579,2.24082922935486,78.8998565673828,72.7955856323242,68.8560333251953,75.6046295166016,0.455609619617462,0.129787638783455,0.0102897807955742,0.0122971907258034,0,0.0482795573771,0,0.343736201524734,1284611.125,NA,NA
"FRJ24",8.76924896240234,14.1838521957397,24.6939430236816,17.5383472442627,15.9246950149536,2.46474885940552,2.7194983959198,1.37835669517517,2.21742343902588,80.4536743164062,72.1763381958008,68.4863967895508,75.9918899536133,0.588135182857513,0.146543636918068,4.92868366563926e-07,0.00517164589837193,0,5.91496599963715e-12,0,0.260149091482162,420528.84375,NA,NA
"FRJ25",7.50807476043701,13.1246309280396,23.7986869812012,16.2725734710693,16.2906131744385,2.72710943222046,3.07016086578369,1.40720570087433,2.5768027305603,81.251106262207,70.6397094726562,66.0617294311523,77.016242980957,0.516281545162201,0.0586049295961857,0.00032813404686749,0.00504660233855247,0,3.2190761167783e-10,0.0634743571281433,0.356264501810074,251409.1875,NA,NA
"FRJ26",4.78505086898804,10.2049980163574,21.8771095275879,14.1120777130127,17.0920581817627,3.22113561630249,3.53299331665039,2.00239062309265,3.2294774055481,77.1140518188477,74.1486587524414,70.8649597167969,76.0653610229492,0.279021084308624,0.0792584642767906,0.0427698977291584,0.00635881721973419,0,0.133435800671577,0,0.459155887365341,255728.71875,NA,NA
"FRJ27",8.02164840698242,13.5314207077026,24.6233577728271,16.9501266479492,16.6017093658447,3.08228302001953,3.20050120353699,1.37011277675629,2.5488269329071,82.5221252441406,73.3523941040039,66.5192718505859,77.0918273925781,0.402151674032211,0.162245973944664,0.00159406394232064,0.00735132163390517,0,1.05209614962599e-17,0.121176548302174,0.305410593748093,541993.1875,NA,NA
"FRJ28",8.4382266998291,13.9715776443481,24.5843734741211,17.206090927124,16.146146774292,2.3086519241333,2.64620399475098,1.20861339569092,2.06365394592285,81.3734664916992,70.7981948852539,64.9683837890625,75.6300735473633,0.60344386100769,0.0744394063949585,0.000156987181981094,0.0130269769579172,0,5.4569353164307e-17,0,0.30893275141716,730393.625,NA,NA
"FRK11",5.87945222854614,11.8989667892456,22.0840644836426,14.4510707855225,16.204610824585,2.39310312271118,2.64947080612183,1.91600549221039,2.8069748878479,82.6655807495117,72.0238571166992,67.891227722168,79.9606857299805,0.57642936706543,0.0343849956989288,0.000121474229672458,0.00560459494590759,0,2.10716985526993e-10,0,0.383459568023682,365164.25,NA,NA
"FRK12",4.35109186172485,10.0003213882446,21.0003299713135,13.2773818969727,16.6492385864258,3.46255993843079,3.79396176338196,1.94070267677307,3.58796954154968,82.7275543212891,73.9406890869141,70.5091094970703,80.7613296508789,0.206209033727646,0.132463485002518,0.00640536239370704,0.0036201502662152,0,0,0.574818432331085,0.0764835327863693,175278.46875,NA,NA
"FRK13",4.01904296875,9.95238590240479,21.1325645446777,13.0782480239868,17.1135215759277,2.23983502388,2.77991652488708,1.85765385627747,3.28164768218994,81.083381652832,72.5955581665039,68.2799758911133,79.9520568847656,0.195832952857018,0.132534846663475,0.00569549156352878,0.00835386570543051,0,0,0.546124160289764,0.111458726227283,474865.5625,NA,NA
"FRK14",4.41361999511719,10.2732419967651,20.8975086212158,13.2173690795898,16.48388671875,2.55002498626709,3.04202103614807,2.12505793571472,3.01770257949829,82.5679931640625,73.2692947387695,70.4423599243164,80.8701477050781,0.272579431533813,0.115859553217888,0.00302589498460293,0.00891297310590744,0,1.36717742162118e-12,0.0758697167038918,0.523752450942993,915112.375,NA,NA
"FRK21",5.14146566390991,12.264910697937,22.961030960083,14.2579584121704,17.8195648193359,3.85868144035339,3.79036259651184,2.59955620765686,4.25237512588501,78.8592147827148,69.6688995361328,67.3860549926758,79.4146118164062,0.396154463291168,0.0618155933916569,0.000202283947146498,0.0155915915966034,0,0,0.246008351445198,0.274626225233078,1139680.375,NA,NA
"FRK22",5.52750396728516,11.7667436599731,23.4055061340332,14.8907232284546,17.8780040740967,3.11373519897461,3.06647896766663,1.71742165088654,5.10646438598633,78.0270385742188,68.5832366943359,60.7812805175781,75.1245193481445,0.202366754412651,0.0964860543608665,0.00162504706531763,0.0117218652740121,0,0,0.687800288200378,0,644303.3125,NA,NA
"FRK23",5.2882513999939,11.5240774154663,23.0185546875,14.5824193954468,17.7303028106689,2.78888821601868,2.74142670631409,1.7336311340332,3.90560102462769,77.8442077636719,69.2255401611328,62.2292060852051,75.5788803100586,0.250532954931259,0.0864291936159134,0.0098177706822753,0.00914006028324366,0,0,0.590229630470276,0.0538504384458065,580734.1875,NA,NA
"FRK24",4.42159175872803,10.9034595489502,22.0096988677979,13.5725622177124,17.5881080627441,3.24776816368103,3.3185396194458,2.5161337852478,3.83909130096436,76.1084365844727,70.9767684936523,68.3426208496094,78.0777893066406,0.220552653074265,0.0859356001019478,0.018572086468339,0.0168884433805943,0,0,0.45877930521965,0.197153687477112,1690681,NA,NA
"FRK25",5.00924348831177,11.424690246582,22.2714290618896,14.0398559570312,17.262186050415,2.2032904624939,2.72900581359863,2.09390330314636,3.20686101913452,81.3004379272461,71.362663269043,67.2922058105469,79.893913269043,0.28140127658844,0.125675797462463,0.00075861846562475,0.0118341390043497,0,7.21048082352738e-11,0.354757577180862,0.225572630763054,704995.5625,NA,NA
"FRK26",5.48394584655762,12.3472156524658,23.2058486938477,14.6453819274902,17.7219009399414,2.28567719459534,2.700523853302,1.97775769233704,3.33359956741333,81.0196990966797,70.002067565918,65.6231460571289,79.2220687866211,0.352532386779785,0.100579611957073,2.31929742078307e-09,0.0434721559286118,0,1.74737747058243e-13,0.340587079524994,0.1628288179636,2063669.25,NA,NA
"FRK27",1.18844699859619,7.04284858703613,17.8764877319336,9.99234390258789,16.6880397796631,3.58028745651245,3.26414084434509,2.915687084198,3.37093591690063,70.7316436767578,72.3602905273438,73.2153549194336,78.3757400512695,0.0796743929386139,0.141235321760178,0.0795166343450546,0.00662211608141661,1.61197643052555e-29,0,0.67205023765564,0,641128.8125,NA,NA
"FRK28",2.73328304290771,9.38918972015381,19.9921875,11.625394821167,17.258903503418,4.65764427185059,4.2676510810852,3.49751734733582,4.32208490371704,74.235221862793,71.748405456543,73.8914566040039,79.7307891845703,0.148848831653595,0.106916934251785,0.0282875988632441,0.0185603462159634,1.40411583710128e-28,0,0.620727360248566,0,1387273.625,NA,NA
"FRL01",4.65529537200928,9.8735237121582,21.4063186645508,13.6627826690674,16.7510242462158,2.75744771957397,2.51625728607178,1.51205015182495,3.04618906974792,71.0390319824219,69.2458877563477,63.2402801513672,73.2072830200195,0.103615805506706,0.0993038862943649,0.0745620056986809,0.00500554172322154,3.71949019707527e-30,0,0.715082705020905,0,304689.5,NA,NA
"FRL02",1.37996971607208,6.72456932067871,18.1021366119385,10.3793697357178,16.72216796875,2.80304551124573,2.6005220413208,1.8727091550827,3.05865383148193,71.0918121337891,72.0209884643555,67.1704483032227,74.9171447753906,0.101291954517365,0.113911151885986,0.088485836982727,0.00317304092459381,2.54921730987473e-32,0,0.686620891094208,0,190140.390625,NA,NA
"FRL03",6.4064416885376,11.3638753890991,22.6347045898438,15.3542575836182,16.2282619476318,3.2336413860321,2.78491926193237,1.42976343631744,3.58369421958923,71.6269378662109,73.1402587890625,71.0804977416992,75.7246475219727,0.0397075153887272,0.0717854276299477,0.0712465941905975,0.0177071709185839,5.91503754429818e-30,7.54731089365641e-14,0.633595526218414,0.0373658426105976,986115.9375,NA,NA
"FRL04",9.5801305770874,15.1559219360352,26.7853565216064,18.7053928375244,17.2052249908447,2.29687738418579,1.72238147258759,0.612121403217316,2.59236645698547,74.6410598754883,64.7834014892578,54.3117752075195,70.6988525390625,0.151244252920151,0.0847945138812065,0.000910338130779564,0.0286479387432337,1.73388933825385e-30,6.7453760980963e-15,0.171642452478409,0.331296116113663,1567834.75,NA,NA
"FRL05",9.34729671478271,14.2136688232422,25.7030849456787,18.2253532409668,16.3557891845703,3.26101064682007,2.34609174728394,0.870599985122681,3.15345740318298,73.7763366699219,68.3788452148438,60.0443725585938,72.3485641479492,0.0763708129525185,0.0576912201941013,0.00638438574969769,0.0144753390923142,2.58070531231504e-30,8.95131711808883e-12,0.331472843885422,0.327674478292465,957171.25,NA,NA
"FRL06",7.83051681518555,13.7569494247437,25.4725894927979,17.0983409881592,17.6420726776123,2.5005350112915,2.08114504814148,0.977199852466583,3.28402376174927,75.2716445922852,65.2533111572266,54.7807464599609,71.3128051757812,0.263299524784088,0.111399181187153,0.00656343530863523,0.0161982160061598,2.58792510457824e-30,0,0.558277904987335,0.0367680042982101,580329.0625,NA,NA
"FRM01",10.2920598983765,13.7822198867798,24.7308387756348,18.6587181091309,14.438777923584,3.31819796562195,2.69740271568298,0.55517190694809,3.33314776420593,78.8403701782227,72.3405227661133,62.326717376709,75.5212173461914,0.0103982724249363,0.020373834297061,0.0122777195647359,0.00245241029188037,0,1.37894400759064e-11,0,0.618818879127502,112948.515625,NA,NA
"FRM02",9.23775959014893,12.851616859436,23.7399482727051,17.6168594360352,14.5021886825562,2.7707953453064,2.36451959609985,0.577841281890869,2.88448882102966,77.506477355957,72.3404312133789,65.3354873657227,76.0251922607422,0.0289482418447733,0.0269499700516462,0.00458075245842338,0.00242849090136588,0,5.72408717647299e-11,0.177295178174973,0.559716582298279,135715.609375,NA,NA
"HR031",4.70167303085327,12.1432037353516,23.1151638031006,15.0235872268677,18.4134902954102,4.40208959579468,3.53646922111511,2.34904742240906,4.98659706115723,81.3931350708008,73.7042694091797,68.9930419921875,77.8583221435547,0.0109520358964801,0.0301474593579769,0.00276494887657464,0.00531545002013445,2.02271982479901e-24,0.0232435055077076,0.657015562057495,0.0161610227078199,109580.78125,NA,NA
"HR032",3.06967544555664,10.9006099700928,21.8976726531982,13.6843643188477,18.8279972076416,4.62179851531982,3.70870327949524,2.01144003868103,4.74138736724854,81.8080444335938,72.161003112793,66.3388519287109,76.8448257446289,0.0372780002653599,0.0374713130295277,0.0189708434045315,0.00522785121574998,2.41157673656259e-20,0.0117920683696866,0.802124321460724,0.00639401189982891,91077.7578125,NA,NA
"HR033",5.46903896331787,12.8449392318726,24.0474395751953,15.8971757888794,18.5783996582031,3.59668850898743,2.82631731033325,1.27843499183655,3.52931761741638,76.5833358764648,68.3940048217773,60.0382194519043,71.4822845458984,0.049799133092165,0.0412648320198059,0.041913989931345,0.00374621222727001,5.94232834536093e-26,0.0049150763079524,0.627336382865906,0.00361848622560501,69177.9296875,NA,NA
"HR034",6.82733488082886,13.7440004348755,25.1156349182129,16.9571475982666,18.2883014678955,3.33359217643738,2.64727687835693,1.19981169700623,3.16407942771912,73.8083572387695,67.02197265625,57.9464836120605,69.5068206787109,0.0903704985976219,0.0732327699661255,0.0326235070824623,0.0110969357192516,1.94136832208096e-25,0.00237988564185798,0.601548910140991,0.00182638550177217,136623.59375,NA,NA
"HR035",7.47204828262329,13.8880052566528,25.5569362640381,17.4128932952881,18.084888458252,3.97079992294312,2.9423291683197,1.09106481075287,3.45521545410156,74.7583084106445,69.2685089111328,61.0718955993652,70.748291015625,0.114758685231209,0.138783365488052,0.0208846535533667,0.0068619828671217,4.58563395905656e-26,0.00176411017309874,0.473085761070251,0.00264047202654183,180951.015625,NA,NA
"HR036",7.8929615020752,14.6917934417725,25.8190402984619,17.7930202484131,17.9260787963867,3.59897041320801,3.07786178588867,1.78315114974976,4.11637306213379,75.9863128662109,71.5079345703125,66.7608413696289,73.8521728515625,0.092451773583889,0.0462372712790966,0.00149838801007718,0.00949611701071262,2.96197568109382e-24,0.0229804385453463,0.540505707263947,0.0297827627509832,117348.3671875,NA,NA
"HR037",9.41428470611572,15.4367790222168,27.0834770202637,19.2110729217529,17.6691932678223,4.54294013977051,3.25923037528992,1.00400161743164,3.78219270706177,73.2263717651367,69.3219146728516,61.0429267883301,69.9712142944336,0.0794321149587631,0.161579608917236,0.0146038979291916,0.0028380649164319,1.02463287923435e-25,0.0374095402657986,0.209683910012245,0.0184075497090816,29408.556640625,NA,NA
"HR041",4.62141752243042,14.415807723999,25.319751739502,15.7338781356812,20.698335647583,2.63127446174622,2.48135113716125,2.52484273910522,3.16094303131104,82.2207412719727,67.9229202270508,62.858642578125,75.1504898071289,0.12920318543911,0.0578562393784523,2.84606394416187e-05,0.0331920422613621,6.85359204992264e-37,0,0.779720067977905,0,129860.3671875,NA,NA
"HR042",4.53038167953491,14.3125638961792,25.2436103820801,15.6710691452026,20.7132301330566,2.61574506759644,2.47899389266968,2.50082182884216,3.15100908279419,82.132080078125,67.7973556518555,62.7232856750488,75.0106964111328,0.135325789451599,0.0593259707093239,3.77361902792472e-05,0.0279742423444986,1.39297326225545e-21,0.0494188070297241,0.692915856838226,0.0349692106246948,563674.6875,NA,NA
"HR043",4.14184284210205,13.7779636383057,24.2765865325928,15.002537727356,20.1347427368164,2.35406970977783,2.6227879524231,3.12723827362061,3.39784264564514,80.828125,67.8605575561523,67.7827453613281,78.1066741943359,0.200740709900856,0.0752631351351738,3.71884084415797e-06,0.0150425909087062,1.27445550572331e-37,0.112486474215984,0.474472761154175,0.121990576386452,139955.015625,NA,NA
"HR044",4.52191162109375,14.3987550735474,24.8678188323975,15.4781141281128,20.3459091186523,2.0917329788208,2.326819896698,2.71234130859375,3.10692000389099,80.9319458007812,67.0437545776367,66.5728530883789,77.3665390014648,0.215146288275719,0.0147117590531707,1.2491857548369e-09,0.00972498767077923,0,0.316662967205048,0.0440375581383705,0.399716377258301,108148.5859375,NA,NA
"HR045",4.09043741226196,14.1704578399658,24.7750873565674,15.2866296768188,20.6846523284912,2.00474262237549,2.08850812911987,2.25681471824646,2.70128417015076,81.2133941650391,66.2785720825195,63.855110168457,75.5880432128906,0.22293883562088,0.0148727921769023,0.000140340081998147,0.00668411748483777,0,0.226045593619347,0.00555551238358021,0.52373605966568,97970.5390625,NA,NA
"HR046",4.3195915222168,14.3118362426758,24.7746295928955,15.3510789871216,20.4550399780273,2.00086426734924,2.18175172805786,2.53448414802551,2.89533734321594,80.9927520751953,66.707145690918,65.8139572143555,76.8820953369141,0.219663724303246,0.00711665209382772,2.86799579640729e-08,0.0084278779104352,0,0.274411708116531,0.0415820628404617,0.448797881603241,56581.6875,NA,NA
"HR047",4.0720477104187,14.0674982070923,25.2184925079346,15.556565284729,21.1464443206787,2.27189350128174,2.22200155258179,2.04533243179321,2.69786691665649,81.5592346191406,66.175910949707,60.4208641052246,73.1625747680664,0.177212774753571,0.0518395490944386,0.000737066206056625,0.00788395293056965,0,0.428816914558411,0.00180924590677023,0.331525415182114,86417.65625,NA,NA
"HR048",3.92659521102905,13.9630212783813,25.250675201416,15.5055551528931,21.3240814208984,2.06506609916687,2.0667028427124,1.86081218719482,2.30082011222839,82.0703659057617,66.1807327270508,60.1706695556641,73.0517883300781,0.204641833901405,0.0462780259549618,0.000733102613594383,0.00557549297809601,0,0.333374977111816,0,0.409396588802338,46138.67578125,NA,NA
"HR049",4.39081287384033,14.0632429122925,25.5441780090332,15.9167070388794,21.1533660888672,2.17409825325012,2.23227167129517,1.86076581478119,2.42871809005737,81.7919616699219,66.5091171264648,60.7244758605957,72.6219787597656,0.199203193187714,0.0545692108571529,0.000833650527056307,0.00755209708586335,0,0.466033607721329,0.00938481651246548,0.262420922517776,61067.66796875,NA,NA
"HR04A",4.50559616088867,14.2014226913452,25.6973438262939,16.0825805664062,21.1917457580566,2.12485527992249,2.22254228591919,1.84889125823975,2.38084101676941,81.6908493041992,66.33203125,60.6207466125488,72.3203887939453,0.223870605230331,0.049024797976017,0.000634034920949489,0.0095900958403945,0,0.450406402349472,0,0.266474038362503,77934.859375,NA,NA
"HR04B",4.18417739868164,14.4502944946289,25.8344669342041,16.0752964019775,21.6502914428711,1.72122192382812,1.92532753944397,1.67545390129089,1.96910858154297,81.9211502075195,65.372688293457,59.5302085876465,71.4869232177734,0.298983156681061,0.0208965558558702,0.000764430384151638,0.0145355192944407,0,0.253831803798676,0,0.410988479852676,225032.328125,NA,NA
"HR04C",4.55237770080566,14.6657085418701,26.2578506469727,16.5018138885498,21.705472946167,1.72422754764557,2.04773259162903,1.68456828594208,1.95321035385132,81.6588439941406,65.1363372802734,59.0823631286621,70.415901184082,0.362680912017822,0.0247674286365509,0.000248651864239946,0.0130541576072574,0,0.213656052947044,0,0.385518074035645,140579.953125,NA,NA
"HR04D",3.66121816635132,12.5395812988281,23.3081245422363,14.5360412597656,19.6469078063965,3.84461569786072,3.4151017665863,2.72306728363037,4.21374702453613,83.6930694580078,72.0458679199219,68.5253753662109,78.5249862670898,0.0454794354736805,0.043554175645113,0.00135830068029463,0.00919479783624411,9.80898493840598e-20,0,0.899343132972717,0,159455.59375,NA,NA
"HR04E",4.68931770324707,14.1698970794678,25.4000358581543,15.903528213501,20.7107181549072,2.81553435325623,2.6777491569519,2.2196831703186,3.08080673217773,82.0678329467773,68.5394439697266,62.9137649536133,74.5311584472656,0.129787132143974,0.0469065010547638,0.00180830084718764,0.00704385945573449,2.61365389059374e-20,0.0692867189645767,0.706031858921051,0.0391050726175308,193360.9375,NA,NA
"HU110",2.66062545776367,13.3860368728638,23.9630069732666,14.3330249786377,21.3023815155029,1.48216354846954,1.72273790836334,1.69745576381683,1.63753974437714,82.3513259887695,65.8903503417969,62.7320137023926,73.8648681640625,0.260474860668182,2.53787435511299e-09,7.55344897740429e-10,0.0266211200505495,0,5.94664761877084e-08,0,0.712744951248169,232154.3125,NA,NA
"HU120",2.69565296173096,13.4032249450684,24.0151615142822,14.3677768707275,21.3195095062256,1.45507001876831,1.72360718250275,1.66660189628601,1.63128018379211,82.3444976806641,65.7317657470703,62.4221725463867,73.5235748291016,0.301128715276718,0.000913084659259766,1.03750544155901e-07,0.0148293636739254,0,4.94985457066832e-08,0.00629901699721813,0.676599264144897,1608253,NA,NA
"HU211",3.14448142051697,13.7442588806152,24.4250621795654,14.7201347351074,21.2805805206299,1.49013042449951,1.71646320819855,1.66066598892212,1.73152089118958,82.620002746582,66.7023544311523,63.3335380554199,74.5610961914062,0.358417332172394,2.2612185561488e-12,8.26550217158939e-10,0.00668182224035263,0,2.81645426980504e-08,0,0.621763229370117,394876.15625,NA,NA
"HU212",2.80436301231384,13.3012380599976,23.8461627960205,14.1800527572632,21.0417995452881,1.62056684494019,1.73884201049805,1.73317897319794,1.80514740943909,82.2601089477539,66.8122177124023,63.7644882202148,74.5814208984375,0.327156633138657,0.000733331660740077,1.50306395880762e-05,0.00836962275207043,0,2.45438968704548e-07,0,0.661110877990723,218310.46875,NA,NA
"HU213",3.41331577301025,13.6897792816162,24.2880458831787,14.622091293335,20.8747310638428,1.60794913768768,1.87243402004242,2.01840376853943,2.07821440696716,82.1165542602539,67.1832733154297,64.2253112792969,75.9338684082031,0.326462715864182,0.00478072604164481,0.000164190423674881,0.00464327773079276,0,4.90414535647687e-08,0,0.63697361946106,228228.234375,NA,NA
"HU221",3.41804814338684,13.6596050262451,24.1831378936768,14.4914283752441,20.7650871276855,1.4215817451477,1.72660756111145,2.01342153549194,1.97411477565765,80.4149169921875,66.2086563110352,62.621452331543,74.6316223144531,0.40231928229332,0.00520385196432471,0.000123442980111577,0.00655102217569947,0,0.000134717425680719,0,0.575492799282074,304702.28125,NA,NA
"HU222",3.42450284957886,13.4525203704834,23.884765625,14.3452234268188,20.4602642059326,1.43719899654388,1.84101116657257,2.42076349258423,2.22060990333557,80.337287902832,66.4312591552734,64.5384216308594,76.6145629882812,0.384681940078735,0.00529310386627913,5.95021901972359e-06,0.00650755502283573,0,2.77190181918741e-08,0.126084670424461,0.477426767349243,208408.0625,NA,NA
"HU223",3.82719850540161,13.9782629013062,24.5212688446045,14.9088764190674,20.69407081604,1.64647388458252,1.90211844444275,2.23392128944397,2.32145738601685,81.0610580444336,66.1158752441406,64.2865219116211,76.0009384155273,0.273718506097794,0.00626194756478071,0.00013117483467795,0.00492798909544945,0,0.0246784593909979,0.0332964695990086,0.639893591403961,185051.40625,NA,NA
"HU231",3.7562050819397,14.1293306350708,25.200813293457,15.4786624908447,21.4446086883545,1.75743925571442,1.95166563987732,1.79223775863647,2.03476500511169,82.2316665649414,65.8384246826172,61.3163986206055,73.2677230834961,0.315252780914307,0.0126989968121052,0.000245334813371301,0.00829065218567848,0,0.0971260219812393,0,0.566386222839355,283640.84375,NA,NA
"HU232",3.74120831489563,14.0237550735474,24.7654304504395,15.1247148513794,21.0242214202881,1.79292237758636,1.93362677097321,1.9664865732193,2.24755692481995,82.0497207641602,66.2241516113281,62.8203620910645,74.8698806762695,0.31286895275116,0.00665333960205317,0.000153665998368524,0.00388884288258851,0,0.0158150624483824,0,0.619164824485779,239007.015625,NA,NA
"HU233",3.40532612800598,13.9566011428833,24.8744049072266,15.1623067855835,21.4690780639648,1.54281902313232,1.79640245437622,1.69425237178802,1.82162129878998,82.5983963012695,66.1230926513672,62.3155899047852,73.6661148071289,0.379368245601654,2.5958268867754e-09,7.04635627624128e-10,0.00447492953389883,0,2.11956177054162e-08,0,0.603794574737549,225982.96875,NA,NA
"HU311",1.92606544494629,12.717776298523,23.0721073150635,13.5354604721069,21.1460418701172,1.35098350048065,2.05904412269592,2.11362862586975,1.73309338092804,81.2927169799805,65.3571166992188,63.4214324951172,74.3264846801758,0.232293710112572,0.029754675924778,0.000199582529603504,0.00787477940320969,3.0503383182273e-22,2.78740481007844e-06,0.52376252412796,0.203905805945396,538404.1875,NA,NA
"HU312",2.34673976898193,13.0445508956909,23.6336879730225,14.0704135894775,21.2869491577148,1.42517340183258,1.86525118350983,1.80588102340698,1.70187759399414,81.9862899780273,65.4726104736328,62.9405212402344,73.4896850585938,0.278963536024094,0.00984514225274324,1.99496253117104e-06,0.00376721075735986,0,2.98043154600691e-08,0.105755247175694,0.600416004657745,244105.0625,NA,NA
"HU313",1.80448794364929,12.4221153259277,22.8516387939453,13.3989791870117,21.0471496582031,1.60468685626984,1.9893171787262,1.94263017177582,1.81434726715088,82.3911056518555,67.3408126831055,66.1063766479492,76.0798645019531,0.257714986801147,0.0343886278569698,1.29262498376193e-05,0.0147432582452893,0,3.06860741261517e-08,0.308766901493073,0.384373247623444,488834.34375,NA,NA
"HU321",2.92354702949524,13.8224353790283,24.4733428955078,14.8140811920166,21.5497970581055,1.4150652885437,1.86805176734924,1.6865166425705,1.46907210350037,81.9705505371094,64.7135696411133,60.4983596801758,71.1726303100586,0.314164698123932,0.00673776678740978,0.000193109692190774,0.00318552413955331,0,0.0195890348404646,0,0.655698716640472,563976.25,NA,NA
"HU322",3.08618426322937,13.8728618621826,24.6074409484863,14.9854326248169,21.5212574005127,1.33121252059937,1.69945025444031,1.56520700454712,1.52782106399536,82.2768707275391,64.6451873779297,59.7536544799805,70.9906387329102,0.351286917924881,0.00377685925923288,0.000165721139637753,0.0021410568151623,0,1.15915952392243e-08,0,0.640704691410065,301268,NA,NA
"HU323",2.37943458557129,13.4523468017578,23.8671951293945,14.1871490478516,21.4877605438232,1.55482411384583,2.00977659225464,1.98066592216492,1.6472395658493,81.367301940918,65.214225769043,62.8711128234863,72.7745208740234,0.354651868343353,0.0581562370061874,3.87822001357563e-05,0.00798589736223221,8.87875194166554e-06,0.0235928762704134,0.147933006286621,0.407620400190353,516650.78125,NA,NA
"HU331",3.44381761550903,14.1260242462158,25.1679077148438,15.454963684082,21.7240905761719,1.41946172714233,1.71836924552917,1.54805958271027,1.61918365955353,82.7263412475586,65.1526718139648,60.2806663513184,71.9146347045898,0.368557661771774,0.000481830007629469,3.9460643165512e-05,0.00397727731615305,0,0.00486116856336594,0,0.6220782995224,508417.875,NA,NA
"HU332",3.5106463432312,14.1323099136353,25.1802558898926,15.5652885437012,21.6696109771729,1.41570949554443,1.85064554214478,1.52615213394165,1.51474249362946,82.8388442993164,65.6687469482422,60.5974159240723,70.2631988525391,0.374439865350723,0.00432522362098098,0.000353764131432399,0.00197353842668235,0,0.012608234770596,0,0.606105923652649,244539.0625,NA,NA
"HU333",3.73201131820679,14.3868036270142,25.587272644043,15.902458190918,21.855260848999,1.37299454212189,1.72979879379272,1.50125169754028,1.49185335636139,82.8860015869141,65.1541900634766,59.2712020874023,70.2022705078125,0.38174232840538,0.00351612363010645,0.0002389960718574,0.0031752735376358,0,0.00608344376087189,0,0.605243861675262,309125.15625,NA,NA
"IEG11582",5.49315881729126,8.47314739227295,15.7786111831665,11.1926193237305,10.2854528427124,3.87442851066589,2.7422091960907,1.87117099761963,3.60897350311279,86.8512268066406,80.0841598510742,79.8773651123047,85.988166809082,0.318229377269745,0.66020405292511,5.5243671859273e-09,0.0129203964024782,0,0,1.67958405654645e-05,0.000320782943163067,72530.0546875,NA,NA
"IEG11583",4.86891937255859,8.39760875701904,15.4456739425659,10.6381158828735,10.5767545700073,4.10142993927002,2.78734540939331,2.1822612285614,3.65985989570618,86.994026184082,80.1627731323242,80.6314468383789,86.1249389648438,0.0761497616767883,0.817212581634521,0.0260122325271368,0.00525911943987012,1.14297964112835e-26,0,0.0669008567929268,0,114214.9453125,NA,NA
"IEG11584",5.73506784439087,8.75049018859863,15.611325263977,11.3423452377319,9.87625789642334,4.93714427947998,2.98710370063782,2.1654999256134,4.35544013977051,85.8315963745117,80.6579437255859,81.9119644165039,85.6277465820312,0.0931762307882309,0.68378609418869,0.00199845223687589,0.0103873843327165,5.33809798359435e-16,4.28442489819325e-11,0.0845535099506378,0.00168832950294018,212687.40625,NA,NA
"IEG11585",6.06829786300659,8.6289472579956,15.5454235076904,11.5024251937866,9.47712516784668,5.74602031707764,3.5101420879364,2.28198838233948,4.91039180755615,86.8017425537109,81.9268646240234,82.6771621704102,86.6567306518555,0.141271874308586,0.587507367134094,0.0223818048834801,0.00815678294748068,5.90403719086357e-18,0,0.110067710280418,0.000438977498561144,464774.21875,NA,NA
"IEG11586",4.64120101928711,7.59559440612793,13.9726305007935,10.1514377593994,9.33142948150635,5.17176675796509,3.17265701293945,2.88526296615601,4.76336050033569,85.0794143676758,80.8076934814453,83.9574890136719,85.1877593994141,0.0668107196688652,0.398969501256943,0.0742936655879021,0.00296288658864796,4.85734554228027e-27,0,0.14636068046093,0.0388273894786835,180991.15625,NA,NA
"IEG11587",5.55691957473755,8.62895584106445,15.9593524932861,11.3313980102539,10.4024324417114,3.79722714424133,2.71002650260925,1.96409320831299,3.53149390220642,85.5183868408203,79.8927230834961,79.7216339111328,84.6802062988281,0.144534468650818,0.500834226608276,8.21327103039948e-06,0.110005989670753,0,0,0.000269745563855395,0,870817.0625,NA,NA
"IEG11588",5.53569841384888,8.6348123550415,15.3541650772095,11.0829544067383,9.81846618652344,4.99547290802002,3.1155903339386,2.33824467658997,4.51064395904541,86.0066833496094,80.5604934692383,81.9945602416992,85.7613754272461,0.104369767010212,0.635481595993042,0.0115676885470748,0.00723596755415201,2.64295273387288e-17,0,0.121709585189819,0,261529.15625,NA,NA
"IEG11589",6.06859064102173,8.48839092254639,15.0456171035767,11.4248809814453,8.97702598571777,6.59054231643677,3.91581130027771,2.66396045684814,5.66952800750732,86.7309265136719,82.0610198974609,83.6534576416016,86.8659362792969,0.0941376239061356,0.571024835109711,0.0335431396961212,0.00417012348771095,4.11660235827077e-16,1.69188101029061e-11,0.138278514146805,0.000666706182528287,134974.484375,NA,NA
"IEG11590",5.56552791595459,8.88175010681152,16.1743850708008,11.3139314651489,10.6088571548462,3.58379125595093,2.47449350357056,1.86917269229889,3.28122973442078,86.6596145629883,79.3059844970703,78.8569564819336,85.464241027832,0.206567004323006,0.761014521121979,5.20679366289301e-09,0.0310475882142782,0,0,0.000205084957997315,3.9377420762321e-05,271923.9375,NA,NA
"IEG11591",5.53332471847534,8.62506294250488,15.9592962265015,11.1520252227783,10.4259719848633,3.71818017959595,2.58884716033936,1.80700016021729,3.4989161491394,86.4319000244141,80.2970886230469,80.0815505981445,85.5999526977539,0.144450128078461,0.74947714805603,4.14867118436746e-09,0.0082769189029932,0,0,0.000146300837513991,9.63354978011921e-06,138466.234375,NA,NA
"IEG11592",5.39043712615967,8.66038417816162,15.9676218032837,11.0388946533203,10.5771837234497,3.53837037086487,2.46909785270691,1.80198180675507,3.26625633239746,86.8274841308594,79.778205871582,79.4138565063477,85.7456970214844,0.146103218197823,0.844456493854523,5.61553115119295e-09,0.00856308825314045,0,0,0.000144261313835159,1.36743010443752e-05,118810.234375,NA,NA
"IEG11593",4.58195638656616,8.00496482849121,14.8261623382568,10.3318881988525,10.2442064285278,4.56019592285156,2.99884605407715,2.38675808906555,4.14835643768311,87.4764556884766,80.8288116455078,82.1497497558594,86.7722778320312,0.151823580265045,0.639032661914825,0.0554292909801006,0.00252574030309916,5.26351980970049e-18,0,0.11920053511858,0,68707.7734375,NA,NA
"IEG11594",5.71274662017822,8.66703987121582,15.7036380767822,11.3120021820068,9.990891456604,4.85045289993286,3.03093934059143,2.09112811088562,4.25667285919189,87.1916732788086,81.4121627807617,81.8861846923828,86.6907272338867,0.108606182038784,0.775503873825073,0.00269672693684697,0.00757900392636657,1.33002608920418e-16,0,0.0880292281508446,0,169124.140625,NA,NA
"IEG11595",5.23225116729736,8.69501972198486,15.859902381897,10.9524698257446,10.6276512145996,3.81923961639404,2.62495374679565,1.96290874481201,3.501620054245,87.0380096435547,79.9757843017578,80.1205596923828,86.0134353637695,0.0851496085524559,0.898426532745361,1.67229996517193e-09,0.00333686801604927,2.20001753362156e-18,0,0.00118299236055464,0,51695.54296875,NA,NA
"IEG11596",5.36863136291504,8.7307596206665,15.9242105484009,11.1599168777466,10.5555801391602,3.32608461380005,2.41648483276367,1.88586628437042,3.17586302757263,85.0155944824219,79.2042388916016,79.4156799316406,84.281494140625,0.167857840657234,0.55081182718277,1.67637554113753e-05,0.0131002124398947,0,0,0.0330207124352455,0,136101.6875,NA,NA
"IEG11597",5.28823900222778,8.12317562103271,14.4382667541504,10.7279958724976,9.15002822875977,5.45082187652588,3.33346462249756,2.46049785614014,4.9830846786499,85.1587600708008,81.0779495239258,83.7589874267578,85.3783874511719,0.13613124191761,0.45940962433815,0.0471241474151611,0.00408371677622199,2.44486613822358e-17,0,0.149886339902878,0,140698.046875,NA,NA
"IEG11598",5.4183201789856,8.85818958282471,16.1160545349121,11.1978168487549,10.6977338790894,3.45374202728271,2.43069934844971,1.89779210090637,3.21132516860962,86.0233917236328,79.1469650268555,78.8992538452148,84.8850173950195,0.187868222594261,0.724076747894287,4.44100260210689e-06,0.0203034970909357,0,0,0.00021346595895011,0,381266.53125,NA,NA
"IEG11599",4.7394642829895,8.30468940734863,15.3074855804443,10.5102024078369,10.5680208206177,3.59836769104004,2.53116226196289,2.00493693351746,3.29604959487915,86.6244125366211,80.1142349243164,80.8831481933594,86.0017013549805,0.0517937429249287,0.850147783756256,8.00798982680817e-09,0.00582720246165991,9.3562886182337e-27,0,0.0922313183546066,0,94663.25,NA,NA
"IEG11600",6.18840742111206,8.38107776641846,14.7911224365234,11.4144716262817,8.60271549224854,8.04883766174316,4.83049011230469,3.22175550460815,6.89160299301147,86.9555206298828,82.330078125,84.430419921875,87.2936630249023,0.100460149347782,0.264892965555191,0.131667837500572,0.00163137761410326,8.68380549657619e-27,0,0.252930372953415,0,1.01336991786957,NA,NA
"IEG11601",5.48964548110962,8.81161308288574,16.0121631622314,11.1003179550171,10.5225172042847,3.49895071983337,2.3989794254303,1.87879538536072,3.20158362388611,86.4935531616211,79.2858963012695,79.0495223999023,85.386360168457,0.122701317071915,0.860742032527924,4.02244060282442e-09,0.00974253658205271,0,0,0.00299661234021187,0,134295.421875,NA,NA
"IEG11602",5.18745851516724,8.50791168212891,15.4369297027588,10.8281097412109,10.2494707107544,4.12153482437134,2.76945924758911,2.0350329875946,3.75160598754883,87.0179977416992,80.524299621582,81.2970428466797,86.344367980957,0.110426664352417,0.789195537567139,0.00354398158378899,0.004109769128263,1.20346851427475e-16,0,0.0871779397130013,0,95677.5859375,NA,NA
"IEG11603",4.83451080322266,8.04133796691895,14.558479309082,10.4494390487671,9.72396850585938,4.5808539390564,2.91827344894409,2.33415126800537,4.26095533370972,86.4323806762695,80.8752670288086,82.9945068359375,86.0161285400391,0.110781602561474,0.465382218360901,0.0488071888685226,0.00180054735392332,1.23355004567226e-17,0,0.125555247068405,0,56137.1015625,NA,NA
"IEG11604",5.44126224517822,8.49997997283936,15.7698669433594,11.029242515564,10.3286056518555,4.21420955657959,2.80364036560059,1.97996413707733,3.80936169624329,87.3671112060547,80.9514923095703,80.8467864990234,86.4652938842773,0.112031184136868,0.820002734661102,0.00239422172307968,0.00435204012319446,0,0,0.0426740236580372,0,194513.65625,NA,NA
"IEG11605",5.70018196105957,8.60971546173096,15.8865747451782,11.26038646698,10.186393737793,4.23309516906738,2.84810662269592,2.00978231430054,3.92931461334229,86.0965347290039,80.854621887207,80.8119735717773,85.4485092163086,0.137075945734978,0.705303609371185,0.00104357942473143,0.00752763543277979,0,0,0.00472541945055127,0.00123211741447449,101530.5859375,NA,NA
"IEG11606",5.3538556098938,8.81016159057617,15.9804468154907,11.049783706665,10.6265907287598,3.58853888511658,2.486407995224,1.94735562801361,3.27883863449097,86.5604400634766,79.4858474731445,79.3691864013672,85.4974517822266,0.0904109254479408,0.896226286888123,8.24346813033117e-09,0.00829563848674297,0,0,0.000101091958640609,0,120792.2421875,NA,NA
"IEG11607",6.14518594741821,8.87210559844971,16.0594482421875,11.799693107605,9.91426372528076,4.01981592178345,2.76600813865662,1.94599711894989,3.79254055023193,84.7191009521484,80.2790985107422,80.9179458618164,84.4389724731445,0.209212467074394,0.462110936641693,0.00115826493129134,0.00755572924390435,0,0,0.00014461760292761,7.626543083461e-05,123368.34375,NA,NA
"IEG11608",5.68940162658691,8.60169792175293,15.8983888626099,11.4239740371704,10.2089881896973,3.99869441986084,2.86551547050476,2.04031825065613,3.78426504135132,86.1722946166992,80.2293167114258,80.1052856445312,85.3844985961914,0.182708770036697,0.600130319595337,0.00166469078976661,0.0595826469361782,0,0,0.000188870908459648,6.32649680483155e-05,954383.375,NA,NA
"ITC11",3.37479710578918,10.177731513977,21.2859325408936,12.852614402771,17.9111347198486,1.8598370552063,2.96460223197937,2.31008720397949,2.46505880355835,69.4096984863281,71.3082046508789,70.5804443359375,76.3659133911133,0.153126403689384,0.175180092453957,0.074482336640358,0.030256038531661,2.47729696518732e-28,0,0.557307958602905,0,1859407.125,NA,NA
"ITC12",4.64365100860596,12.7578392028809,23.7265911102295,14.738564491272,19.0829410552979,2.21594285964966,3.56294822692871,2.85611963272095,3.23611116409302,76.7508697509766,74.2291946411133,74.1171417236328,79.5744323730469,0.207702681422234,0.14606861770153,0.0184782482683659,0.0140130240470171,0,0,0.602473735809326,0,169945.765625,NA,NA
"ITC13",3.51050066947937,11.0583381652832,21.8821125030518,13.2249164581299,18.3716106414795,2.31591033935547,3.81792259216309,3.18522000312805,3.47844767570496,73.080680847168,74.1257629394531,75.5199661254883,78.9485168457031,0.108446314930916,0.161186993122101,0.0352717079222202,0.0167824011296034,0,0,0.657326102256775,0,80199.2578125,NA,NA
"ITC14",0.843178629875183,7.1576943397522,17.6658687591553,9.82472991943359,16.8226909637451,3.8766987323761,6.11874961853027,4.2436261177063,5.77096176147461,70.1292266845703,71.8320846557617,73.626335144043,78.6705856323242,0.0524786822497845,0.130910471081734,0.134424433112144,0.0127592887729406,5.61024760980634e-25,0,0.637679278850555,0,211189.734375,NA,NA
"ITC15",5.15895557403564,13.4478559494019,24.473876953125,15.3284816741943,19.314920425415,2.51988744735718,3.95773220062256,3.19429612159729,3.88571286201477,78.9355239868164,73.4208908081055,72.7107238769531,80.0235748291016,0.179744780063629,0.118623457849026,0.00701784761622548,0.0299699250608683,2.32579801521743e-24,0,0.640049278736115,0,389307.4375,NA,NA
"ITC16",5.17781162261963,11.5574216842651,22.9079036712646,14.8283443450928,17.7300891876221,2.16278600692749,2.84178876876831,1.72454559803009,2.72833561897278,73.7140655517578,72.5345306396484,70.6457138061523,76.3627319335938,0.168612957000732,0.159820094704628,0.0912217572331429,0.00941633712500334,0,0,0.416920125484467,0.140957057476044,548552.375,NA,NA
"ITC17",6.30399703979492,14.6846036911011,26.1240653991699,16.8979549407959,19.8200702667236,1.87266969680786,2.49839568138123,1.44230461120605,2.42262411117554,79.9763717651367,71.8535232543945,67.4170303344727,77.4944534301758,0.255045086145401,0.175267860293388,1.10461828572994e-09,0.0220428705215454,0,0,0.547444343566895,0,182852.59375,NA,NA
"ITC18",6.1907844543457,13.9575233459473,25.2472171783447,16.4968852996826,19.0564346313477,2.59758901596069,2.62136316299438,1.41668725013733,3.23544383049011,80.4751281738281,72.1396179199219,66.7813415527344,77.8429107666016,0.23710061609745,0.141594454646111,0.0010571168968454,0.0160970985889435,0,0,0.603127837181091,0,336488.59375,NA,NA
"ITC20",-1.12374222278595,4.1599383354187,14.7237071990967,7.49080514907837,15.8474493026733,3.02574181556702,3.25063872337341,2.91812968254089,2.82525706291199,67.2565383911133,73.8153228759766,75.4509353637695,77.8292541503906,0.0391312800347805,0.219613775610924,0.107372090220451,0.00571556994691491,1.0848080056789e-26,0,0.551153600215912,0,108672.71875,NA,NA
"ITC31",8.57280731201172,13.8217506408691,24.8869724273682,17.6972026824951,16.3141651153564,2.78585720062256,2.2371654510498,0.983819425106049,2.98081254959106,71.938835144043,73.959831237793,74.6765670776367,76.4137268066406,0.0569374412298203,0.124315716326237,0.0253092888742685,0.0154534075409174,0,1.262890209075e-10,0.372974187135696,0.176286175847054,70254.71875,NA,NA
"ITC32",7.74922704696655,13.99245262146,25.186164855957,17.4508838653564,17.436939239502,2.73918175697327,2.61656594276428,0.97860199213028,3.06499576568604,76.2701797485352,75.452262878418,74.9833068847656,77.9740447998047,0.0152937462553382,0.115142174065113,4.35775618825573e-05,0.0216983277350664,0,1.30851884883043e-10,0.534857749938965,0.0363923348486423,144378.484375,NA,NA
"ITC33",6.38818693161011,13.1315212249756,24.6507320404053,16.3993530273438,18.262544631958,3.39174795150757,2.70436835289001,1.15516269207001,4.30293130874634,78.525520324707,73.7715606689453,70.2765808105469,77.7349700927734,0.0611555464565754,0.0977742299437523,0.0023645821493119,0.0228869691491127,0,1.11724719753514e-10,0.277165561914444,0.208408758044243,178783.421875,NA,NA
"ITC34",7.76033067703247,13.4739475250244,24.7262287139893,17.2473030090332,16.9658966064453,4.81967973709106,3.56573629379272,1.29594588279724,5.28881072998047,79.5279006958008,75.3510055541992,72.0863647460938,79.1913223266602,0.014701166190207,0.0991011261940002,0.00317948427982628,0.0137688284739852,0,0,0.603728592395782,0.0317144952714443,76940.3046875,NA,NA
"ITC41",4.85208463668823,13.0187206268311,23.9475440979004,14.7915458679199,19.0954608917236,2.90660810470581,4.79140710830688,4.08283138275146,4.85776090621948,79.0463485717773,72.107780456543,72.3061447143555,80.2810592651367,0.0880260318517685,0.110522791743279,0.0123231988400221,0.0516394674777985,6.31182677510621e-24,0,0.671745479106903,0,650140.375,NA,NA
"ITC42",3.14363765716553,10.5716457366943,21.197940826416,12.7862844467163,18.0543041229248,3.15985059738159,4.71145486831665,4.34176063537598,5.16442441940308,76.4475326538086,72.2415771484375,72.7719955444336,79.9402084350586,0.0553353317081928,0.116928808391094,0.0537103563547134,0.111870445311069,5.7154791893725e-25,0,0.617242991924286,0,876700.3125,NA,NA
"ITC43",3.59867382049561,11.2501163482666,21.9204368591309,13.381254196167,18.3217620849609,3.12192487716675,4.59797716140747,4.19575262069702,5.04677867889404,77.6048583984375,73.1670227050781,73.4447326660156,80.3425521850586,0.0549896657466888,0.109319739043713,0.042143527418375,0.138373240828514,1.94633343881107e-27,0,0.612066507339478,0,656520.5625,NA,NA
"ITC44",-2.62881422042847,2.5399329662323,12.7099924087524,6.01950359344482,15.3388071060181,3.10084819793701,4.30240297317505,4.20850801467896,4.65172958374023,67.6190567016602,69.6649932861328,73.1568374633789,77.5378646850586,0.0293230023235083,0.195802420377731,0.186954140663147,0.00461144465953112,7.79133757221571e-26,0,0.554721057415009,0,122627.6328125,NA,NA
"ITC46",2.6601619720459,10.5489654541016,21.3088417053223,12.8139801025391,18.6486797332764,2.95062518119812,4.24814558029175,3.69991183280945,4.35618209838867,78.1662902832031,77.5258178710938,78.4657745361328,82.3153610229492,0.103991694748402,0.146042481064796,0.0247383564710617,0.0513435043394566,1.51519071700766e-26,0,0.666931688785553,0,1109303.5,NA,NA
"ITC47",1.76193714141846,9.63757991790771,20.4690608978271,12.1277551651001,18.707124710083,2.88663482666016,3.85052251815796,3.23522043228149,3.98612070083618,80.0092239379883,76.9819107055664,76.7348556518555,81.8122253417969,0.121446549892426,0.101225674152374,0.0386942364275455,0.0219403672963381,3.56554895417751e-34,0,0.688752472400665,0,953792.6875,NA,NA
"ITC48",5.61881637573242,13.951075553894,25.2476978302002,16.2100715637207,19.6288814544678,2.59001779556274,2.97805523872375,1.94437634944916,3.47212696075439,83.2272033691406,73.5934906005859,68.6413269042969,79.9937133789062,0.285002171993256,0.110497236251831,0.00209144689142704,0.0388492532074451,0,0,0.560827493667603,0,1207931.5,NA,NA
"ITC49",5.65498971939087,14.7922410964966,26.1068267822266,16.7512245178223,20.4518375396729,2.65363836288452,2.9745602607727,2.10524082183838,3.35402226448059,85.6733551025391,75.9370727539062,71.0045776367188,81.6313629150391,0.334992289543152,0.124388374388218,1.32264366126122e-09,0.0466055981814861,0,0,0.489849299192429,0,335261.40625,NA,NA
"ITC4A",5.36210536956787,14.881742477417,26.3199443817139,16.8075294494629,20.9578399658203,2.70591807365417,2.98841452598572,2.03696823120117,3.34821701049805,86.1117248535156,76.2872543334961,71.0617523193359,81.5926742553711,0.340587258338928,0.095139853656292,5.9735129980254e-06,0.0212564077228308,3.18214356373507e-35,2.84032117131436e-17,0.515659809112549,0.0239183958619833,353082.8125,NA,NA
"ITC4B",5.08562803268433,14.9435949325562,26.5351619720459,16.801815032959,21.449535369873,2.3554515838623,2.69495391845703,1.89683020114899,2.90793108940125,85.6213607788086,75.1571273803711,68.5534591674805,79.8144226074219,0.293266326189041,0.0565324798226357,0.00138766528107226,0.026015792042017,7.39376322307221e-33,6.5665724655716e-18,0.487776935100555,0.111314944922924,611630.9375,NA,NA
"ITC4C",5.56913757324219,14.1880760192871,25.3296203613281,16.1142120361328,19.7604827880859,2.63435459136963,3.5597620010376,2.78854703903198,3.860426902771,82.8971176147461,74.3105773925781,71.0594482421875,80.7822952270508,0.227075695991516,0.0996892601251602,0.0021725429687649,0.0890612304210663,1.01590463868209e-24,0,0.558567702770233,0,1145170.5,NA,NA
"ITC4D",5.07437992095947,13.3859081268311,24.2149829864502,15.21839427948,19.140604019165,2.98722052574158,4.36740016937256,3.8562753200531,4.75698137283325,80.7974472045898,74.885383605957,74.4491195678711,81.2021636962891,0.0584055446088314,0.0892121717333794,0.00730160810053349,0.188711956143379,4.93038065763132e-32,0,0.610612452030182,0,434374.71875,NA,NA
"ITF11",6.64959621429443,12.0202884674072,25.1696147918701,16.9710865020752,18.5200176239014,2.58238792419434,2.17050170898438,1.14307367801666,2.52084136009216,81.7980728149414,75.274787902832,60.6936721801758,73.4345169067383,0.125463128089905,0.0872684717178345,0.00331098237074912,0.0108418380841613,0,5.42261006063194e-15,0.450159221887589,0.319886386394501,313766.8125,NA,NA
"ITF12",7.02285242080688,12.8505964279175,25.8843955993652,17.4822769165039,18.8615436553955,2.17830300331116,1.83533000946045,1.37137353420258,2.17380475997925,80.6039199829102,74.3857574462891,62.9618072509766,73.4533157348633,0.253359317779541,0.0669780671596527,0.00121616723481566,0.0157621372491121,0,1.3759592300959e-16,0.000470629165647551,0.556720793247223,221552.59375,NA,NA
"ITF13",7.07546329498291,12.654974937439,25.5116424560547,17.4020576477051,18.4361782073975,2.3386664390564,1.82072401046753,1.10302817821503,2.2788565158844,80.5316467285156,72.7048034667969,60.8826217651367,73.0074234008789,0.216189965605736,0.0638603270053864,0.00311658042483032,0.0143814962357283,0,0,0,0.61717826128006,130044.703125,NA,NA
"ITF14",8.81376552581787,14.4650678634644,27.0195941925049,18.9874420166016,18.2058277130127,2.13144278526306,1.66777157783508,0.968385338783264,2.19717454910278,77.7484970092773,69.6131439208984,59.9556503295898,72.0197448730469,0.245407521724701,0.0380445495247841,1.29853694463833e-09,0.0168653782457113,0,2.02275540067687e-11,0,0.507027924060822,306186.0625,NA,NA
"ITF21",6.97896814346313,12.5047235488892,25.8531398773193,17.3124732971191,18.874174118042,2.61985111236572,2.12276315689087,1.13049960136414,2.51666593551636,80.0738525390625,72.7554016113281,61.6151924133301,73.5888824462891,0.121232070028782,0.0726760923862457,3.00577540635061e-09,0.00765990372747183,0,1.36475596448915e-12,0.00813418813049793,0.788884401321411,78603.6796875,NA,NA
"ITF22",9.22509384155273,14.7007093429565,27.7724113464355,19.4894676208496,18.5473175048828,2.08801412582397,1.64884853363037,0.822710573673248,1.89271509647369,78.4152679443359,69.2551651000977,55.7103424072266,70.1183547973633,0.311656355857849,0.0622661001980305,5.5323953347397e-06,0.0101414620876312,0,1.50037607338227e-10,0,0.575234770774841,204771.390625,NA,NA
"ITF31",10.3393383026123,15.4740896224976,28.2089691162109,20.3065280914307,17.8696308135986,3.19700312614441,2.40942931175232,0.825600206851959,2.84355545043945,79.0975112915039,74.1133728027344,63.4259338378906,72.9090805053711,0.216005966067314,0.05207210034132,6.30860197414762e-10,0.029646722599864,0,5.39746788930096e-11,0,0.596987843513489,613357.5625,NA,NA
"ITF32",9.50960350036621,14.839919090271,27.8268070220947,19.7216663360596,18.3172054290771,2.79977583885193,2.22692131996155,0.901375889778137,2.20775008201599,80.6923980712891,71.7408218383789,57.0218467712402,71.6804733276367,0.312622666358948,0.0562781654298306,1.941437455244e-09,0.0149861052632332,0,0,0,0.616088807582855,213907.765625,NA,NA
"ITF33",11.7902355194092,16.2952041625977,28.3700218200684,21.200231552124,16.5797882080078,2.73204612731934,1.94241487979889,0.619960188865662,2.60432362556458,76.2836608886719,73.6294860839844,64.7171249389648,71.4581680297852,0.0554894804954529,0.0175983011722565,1.44003897348255e-11,0.168659329414368,0,0,0,0.345904767513275,1135046.5,NA,NA
"ITF34",8.87022590637207,14.0103874206543,26.8220272064209,18.9238834381104,17.9518013000488,2.4854736328125,1.8658242225647,0.817155122756958,2.06123971939087,79.1055755615234,70.8586044311523,56.5855445861816,70.1781692504883,0.252919882535934,0.0526612401008606,1.02088881792639e-09,0.0323976688086987,0,0,0,0.604747593402863,420746.40625,NA,NA
"ITF35",9.18151569366455,13.9516382217407,26.7168731689453,19.0764427185059,17.5353565216064,2.83110642433167,1.95075142383575,0.729520678520203,2.38839411735535,79.2988128662109,72.5794372558594,59.8575096130371,71.3449783325195,0.126847892999649,0.053370613604784,0.000456973211839795,0.0223489664494991,0,1.63135685515847e-10,0,0.657650530338287,575629.375,NA,NA
"ITF43",11.5127620697021,16.3961811065674,28.8013362884521,21.1353912353516,17.28857421875,1.82026505470276,1.30479109287262,0.544215559959412,1.61341202259064,77.1294403076172,69.148307800293,54.7742042541504,71.0020217895508,0.237892031669617,0.212995707988739,3.33144853357226e-05,0.0172069706022739,0,1.59999999360672e-10,0,0.303669810295105,283144.03125,NA,NA
"ITF44",12.2810573577881,16.9859752655029,29.097318649292,21.7375164031982,16.8162612915039,1.84402644634247,1.29845547676086,0.443300038576126,1.66623914241791,76.9182586669922,69.6183853149414,57.1814498901367,72.0304336547852,0.175471231341362,0.19935467839241,3.01475006381224e-06,0.0162412561476231,0,1.12025037683761e-12,0,0.261552423238754,179424.4375,NA,NA
"ITF45",12.5211305618286,17.1477699279785,29.0392360687256,21.8878936767578,16.5181064605713,2.12906861305237,1.40416061878204,0.432994306087494,2.14389371871948,75.8966827392578,70.6211013793945,59.4264793395996,72.2095184326172,0.156717985868454,0.149926453828812,0.000394058501115069,0.0299792923033237,0,0,0,0.359896719455719,449172.625,NA,NA
"ITF46",10.2846384048462,15.6717147827148,28.5592784881592,20.4737758636475,18.2746410369873,1.49307036399841,1.1720210313797,0.726595222949982,1.38833820819855,76.4591293334961,65.434211730957,50.601734161377,66.4883880615234,0.270571053028107,0.0520556196570396,0.000107325809949543,0.0104549080133438,0,1.97014648518901e-12,0,0.526658654212952,413139.5,NA,NA
"ITF47",10.7727928161621,15.8926525115967,28.4255447387695,20.5849704742432,17.6527519226074,1.86021947860718,1.3286759853363,0.632347702980042,1.53511095046997,76.9919281005859,67.5910034179688,53.0304679870605,69.7492294311523,0.270366698503494,0.234097316861153,2.75221934131764e-09,0.0204459447413683,0,4.57830344816057e-12,0,0.338490724563599,543818.9375,NA,NA
"ITF48",11.1224527359009,16.2168712615967,28.6072444915771,20.928897857666,17.484790802002,1.81436622142792,1.26150965690613,0.660885870456696,1.4191757440567,75.7295837402344,66.2627944946289,53.4558067321777,67.9656372070312,0.236709251999855,0.196299254894257,3.8576231098375e-09,0.0165442507714033,0,2.64234151357466e-16,0,0.291644632816315,243342.515625,NA,NA
"ITF51",8.17419052124023,13.3561840057373,26.3170356750488,18.3470001220703,18.14284324646,2.02025842666626,1.48774921894073,0.768901944160461,1.67399668693542,79.8162612915039,69.7341766357422,53.5105171203613,69.5395050048828,0.244651183485985,0.108343154191971,0.000607888272497803,0.0105241825804114,0,1.45253628569542e-10,0,0.618471682071686,366453.09375,NA,NA
"ITF52",10.2685985565186,15.3160943984985,28.2215232849121,20.2518405914307,17.9529247283936,1.74982070922852,1.2537636756897,0.692226529121399,1.50214540958405,77.4762191772461,67.7162399291992,50.8523902893066,68.1531372070312,0.314900457859039,0.205822944641113,2.38892616799546e-09,0.00913529377430677,0,2.04660122182787e-10,0,0.386821895837784,136047.71875,NA,NA
"ITF61",10.9499502182007,15.3111143112183,27.995397567749,20.485767364502,17.0454483032227,2.89029622077942,1.68340981006622,0.56518167257309,2.25796937942505,78.9564895629883,72.1552658081055,59.6867218017578,72.182975769043,0.14471772313118,0.102306090295315,0.000485016527818516,0.0090532461181283,0,2.33411900918412e-10,0,0.580491602420807,432122.71875,NA,NA
"ITF62",11.5714330673218,15.8473167419434,28.297435760498,21.0517101287842,16.7260036468506,2.97431945800781,1.57680976390839,0.392900049686432,2.45867824554443,76.9860916137695,70.3850936889648,57.8637962341309,71.9370422363281,0.162669688463211,0.10525194555521,0.00179708516225219,0.00615731021389365,0,1.50161185569209e-11,0,0.46635514497757,62131.953125,NA,NA
"ITF63",12.0255126953125,16.0712013244629,28.2637538909912,21.2888526916504,16.2382392883301,3.28894591331482,1.73976314067841,0.451475113630295,2.34340071678162,79.0767288208008,73.8769607543945,63.071849822998,74.5814361572266,0.146926015615463,0.10807266831398,0.000510788056999445,0.0105169611051679,0,1.26586879867219e-10,0,0.454788058996201,162222.015625,NA,NA
"ITF64",12.735743522644,16.5750770568848,28.4357070922852,21.8050365447998,15.6999626159668,3.3182418346405,1.75940883159637,0.449891179800034,2.21521782875061,79.0243682861328,76.2545928955078,67.2632064819336,76.2199172973633,0.140249893069267,0.120064318180084,2.48400855440423e-10,0.00953569263219833,0,0,0,0.435187816619873,68009.0625,NA,NA
"ITF65",13.3366785049438,16.9484329223633,28.7967185974121,22.2495670318604,15.4600400924683,2.30622959136963,1.27904558181763,0.3016736805439,1.86076152324677,79.2013473510742,74.5559921264648,63.5799865722656,76.2105865478516,0.0760133862495422,0.0605222880840302,9.08869535187762e-10,0.0147304888814688,0,1.41555491287026e-11,0,0.406229704618454,310786,NA,NA
"ITG11",14.3978147506714,17.5499839782715,28.1192493438721,23.0761241912842,13.7214345932007,2.43070340156555,1.30201756954193,0.13104036450386,1.88074994087219,76.9872360229492,70.927734375,61.0439910888672,73.9660034179688,0.205897882580757,0,0.320008188486099,0.00855676457285881,0,1.80969584444594e-15,0,0.14199461042881,147086.28125,NA,NA
"ITG12",12.7398796081543,16.2144165039062,28.1500282287598,21.7989330291748,15.4101486206055,2.63796806335449,1.50333249568939,0.266122192144394,1.98252987861633,80.2554550170898,70.7291870117188,55.0204048156738,73.1625061035156,0.408480525016785,0,0.263670325279236,0.0199760030955076,0,2.01367323660604e-15,0,0.214287176728249,470324.09375,NA,NA
"ITG13",12.7968645095825,16.3909149169922,28.2590675354004,21.8236846923828,15.4622020721436,2.3428966999054,1.20854139328003,0.30125367641449,1.74701881408691,79.8424301147461,72.8283615112305,61.6151733398438,75.5847549438477,0.133576110005379,0.0878038555383682,0.0154715962707996,0.0142188975587487,0,2.77001144244338e-10,0,0.412217497825623,280152.59375,NA,NA
"ITG14",13.8576211929321,17.2152290344238,28.9845790863037,22.8775653839111,15.1269569396973,2.32672834396362,1.29601621627808,0.215327203273773,1.80699729919434,79.0822067260742,70.0079345703125,55.4424591064453,73.1610717773438,0.360861629247665,0,0.257602751255035,0.00825047213584185,0,8.80055903131549e-16,0,0.118174709379673,218480.53125,NA,NA
"ITG15",13.4608144760132,16.9766597747803,29.0767345428467,22.621410369873,15.6159181594849,2.09597182273865,1.07147657871246,0.247349962592125,1.52805876731873,79.6657180786133,69.0181503295898,53.3172798156738,73.0517578125,0.431218594312668,0,0.157127395272255,0.00933047104626894,0,1.22164692658379e-15,0,0.284687459468842,163493.6875,NA,NA
"ITG16",12.1415214538574,15.792218208313,28.2242813110352,21.3893527984619,16.0827598571777,2.13255882263184,1.05713307857513,0.299606502056122,1.44448447227478,80.2672271728516,69.4931640625,53.8967056274414,73.054557800293,0.37243115901947,0.0356834940612316,0.0792264193296432,0.00739255361258984,0,1.67084014521577e-15,0,0.47565695643425,177008.875,NA,NA
"ITG17",12.6668109893799,16.4137229919434,28.5763664245605,21.9225444793701,15.909556388855,2.0258412361145,0.869918465614319,0.229514598846436,1.51740920543671,79.6453857421875,69.9690093994141,55.0855255126953,74.0735092163086,0.313775420188904,0.0507753454148769,0.0534499660134315,0.0140581801533699,0,7.5405721112863e-16,0,0.470414727926254,389216.0625,NA,NA
"ITG18",14.4380102157593,17.6923160552979,29.0148906707764,23.35915184021,14.5768795013428,2.01784658432007,0.780681133270264,0.122860983014107,1.70913660526276,79.0442504882812,71.7929000854492,56.9129829406738,75.9018478393555,0.317540287971497,0,0.0533629804849625,0.00914318766444921,0,5.09598949748947e-16,0,0.223374783992767,111477.0078125,NA,NA
"ITG19",14.228949546814,17.719482421875,29.1350631713867,23.2734680175781,14.9061145782471,2.0253324508667,0.756841599941254,0.141112357378006,1.65455555915833,78.7136840820312,70.2898941040039,54.1707534790039,75.1183395385742,0.253611356019974,0,0.069128230214119,0.00990822352468967,0,7.3928728586912e-16,0,0.261150628328323,156849.171875,NA,NA
"ITG25",12.0144004821777,15.4814682006836,27.2462692260742,20.6224346160889,15.2318687438965,2.50842237472534,1.85664212703705,0.312072098255157,2.48615980148315,79.1077651977539,73.8348159790039,60.0067672729492,73.5443267822266,0.249094679951668,0.149984613060951,0.0129449740052223,0.00568321859464049,0,1.86750809261227e-10,0,0.359588146209717,201173.59375,NA,NA
"ITG26",11.1627721786499,14.5736265182495,26.8688869476318,19.8603038787842,15.7061128616333,2.58343172073364,1.85631263256073,0.369574010372162,2.26003241539001,80.2431106567383,72.8088073730469,55.3492469787598,73.3891677856445,0.174119755625725,0.125797435641289,0.0164980795234442,0.00373550993390381,0,2.28440308336353e-10,0,0.553178608417511,101781.28125,NA,NA
"ITG27",12.4817514419556,16.0562953948975,27.8873348236084,21.3970508575439,15.4055833816528,2.16637635231018,1.64163053035736,0.267434448003769,1.9431403875351,78.2689361572266,69.9358367919922,54.2790946960449,72.5740203857422,0.106739647686481,0.0236105658113956,0.0128960702568293,0.00965666864067316,0,3.79330664102007e-11,0,0.60574346780777,352985.78125,NA,NA
"ITG28",12.1862869262695,15.7146244049072,27.6031665802002,20.9292640686035,15.416880607605,2.61241245269775,1.84315860271454,0.330692708492279,2.43684983253479,79.4547882080078,72.5627670288086,56.9935073852539,72.8995590209961,0.278985440731049,0.11467469483614,0.00724703306332231,0.00469034723937511,0,3.09260117514754e-10,0,0.498352706432343,103833.9375,NA,NA
"ITG29",11.3672704696655,14.7633419036865,26.7134399414062,19.9069881439209,15.3461675643921,2.33758139610291,1.79605305194855,0.368163466453552,2.28498482704163,78.4489212036133,73.1065826416016,59.9275093078613,73.7660598754883,0.106726765632629,0.100719727575779,0.0206199083477259,0.00334142381325364,0,1.0268326466889e-10,0,0.520252823829651,93364.6953125,NA,NA
"ITG2A",11.9962615966797,15.5782108306885,27.6603202819824,20.917064666748,15.664059638977,2.2330048084259,1.6401846408844,0.353504538536072,1.90801918506622,79.4743347167969,71.5425720214844,54.0651245117188,73.3488998413086,0.0827133804559708,0.0540951192378998,0.00973101519048214,0.00396708305925131,0,1.12991751372027e-11,0,0.629459142684937,33093.65234375,NA,NA
"ITG2B",12.4943418502808,16.105712890625,27.9060611724854,21.3413772583008,15.4117202758789,2.3298876285553,1.66124629974365,0.270984530448914,2.15116572380066,78.7379684448242,71.1571502685547,55.5606880187988,72.4338912963867,0.229764193296432,0.0480243861675262,0.00422669714316726,0.00647902768105268,0,8.66680425343214e-12,0,0.608949840068817,69526.0546875,NA,NA
"ITG2C",12.6069564819336,16.3615474700928,28.1637325286865,21.6520652770996,15.5567760467529,1.87518799304962,1.33304762840271,0.143966868519783,1.830850481987,78.6328735351562,69.6777572631836,53.7276458740234,72.3702163696289,0.126785784959793,0.0345774106681347,0.00537287350744009,0.0059440229088068,0,1.13546630431394e-10,0,0.57936155796051,68604.6328125,NA,NA
"ITH10",-2.6874508857727,3.33539438247681,13.4149417877197,6.3813910484314,16.1023941040039,1.92584097385406,2.63845467567444,4.01082563400269,3.01601052284241,70.3958129882812,70.3560791015625,73.5790252685547,77.1021423339844,0.0288042910397053,0.275265455245972,0.14200259745121,0.00429583853110671,0,0,0.520186960697174,0,451091.53125,NA,NA
"ITH20",-1.08332991600037,5.59234809875488,15.9266366958618,8.37103939056396,17.0099658966064,2.11090850830078,3.32816696166992,3.64230918884277,3.59829831123352,71.3974609375,71.4075622558594,74.5244674682617,77.8663101196289,0.0286649446934462,0.198978841304779,0.0873124673962593,0.00841946806758642,0,0,0.647020876407623,0,582950.25,NA,NA
"ITH31",3.65755343437195,12.775954246521,23.8944625854492,14.7968912124634,20.2369079589844,2.49750065803528,3.13793992996216,2.42802333831787,3.21271181106567,84.0749282836914,76.6490707397461,72.990478515625,80.901985168457,0.207293704152107,0.057923749089241,0.00378752686083317,0.018537376075983,2.57937329501393e-33,0,0.66884446144104,0,577991.875,NA,NA
"ITH32",3.0499472618103,11.6352643966675,22.4620609283447,13.7372913360596,19.4121150970459,2.52658796310425,3.29073572158813,2.8186047077179,3.55243897438049,82.3126983642578,77.884880065918,76.2977981567383,81.6359939575195,0.154520198702812,0.0635324418544769,0.00719045381993055,0.0268154591321945,0,0,0.746782183647156,0,605260.4375,NA,NA
"ITH33",-1.44113504886627,4.98030042648315,15.4033155441284,8.00925636291504,16.8444499969482,2.44564390182495,3.50924825668335,3.97935628890991,3.93078684806824,74.3796920776367,75.1539840698242,77.5644836425781,80.5955581665039,0.0826352760195732,0.210971847176552,0.0997313931584358,0.00735515914857388,0,0,0.598230421543121,0,205169.765625,NA,NA
"ITH34",5.0603756904602,13.5562925338745,24.5055599212646,15.6125736236572,19.4451847076416,2.72212219238281,3.35986232757568,2.65006113052368,3.71120667457581,80.0188598632812,74.5873794555664,71.2661895751953,78.3132019042969,0.331992954015732,0.0428366996347904,0.00282610370777547,0.0372346118092537,0,0,0.559069812297821,0,736121.625,NA,NA
"ITH35",7.02762985229492,15.4391565322876,26.6118927001953,17.6908206939697,19.5842628479004,2.63388347625732,3.05137586593628,2.03227090835571,3.33558964729309,79.8292922973633,73.3083724975586,68.3926467895508,76.2554092407227,0.320895344018936,0.02396678365767,0.000441242766100913,0.0227657817304134,0,0,0.381413400173187,0.000212698912946507,415537.75,NA,NA
"ITH36",5.19910907745361,14.2511434555054,25.3877639770508,16.3140811920166,20.1886539459229,2.40152764320374,2.88495254516602,2.17892026901245,2.91321682929993,84.8755264282227,76.4215393066406,71.9947891235352,80.2889251708984,0.27062201499939,0.0494221337139606,0.000996061600744724,0.0313972681760788,0,0,0.610203146934509,0,634902.4375,NA,NA
"ITH37",6.24761152267456,15.3376960754395,26.8277950286865,17.5903434753418,20.5801830291748,2.023108959198,2.29090094566345,1.53780484199524,2.26378321647644,83.193603515625,73.2265853881836,66.0275192260742,76.6786041259766,0.278219312429428,0.0435722321271896,0.000226122210733593,0.01978400349617,0,0,0.312406331300735,0.174030438065529,322849.40625,NA,NA
"ITH41",3.67446732521057,11.6280994415283,22.2842502593994,13.8472318649292,18.6097831726074,3.11633014678955,3.99517154693604,3.6369092464447,4.43889236450195,75.4618530273438,73.6136093139648,73.8588562011719,79.0007934570312,0.228346094489098,0.156407132744789,0.0483154468238354,0.00659650843590498,0,0,0.522936403751373,0,191477.765625,NA,NA
"ITH42",3.17853808403015,10.7972364425659,21.4358539581299,13.2579469680786,18.2573165893555,4.14863777160645,4.69967937469482,4.40128040313721,5.8143630027771,75.7171020507812,73.1009674072266,73.1206512451172,78.8945236206055,0.184850439429283,0.160451889038086,0.0574904233217239,0.0115594621747732,0,0,0.495102673768997,0,368276.90625,NA,NA
"ITH43",7.61737442016602,15.136381149292,26.1948375701904,17.7330551147461,18.5774631500244,4.03083324432373,3.95271301269531,2.70897889137268,4.78841161727905,77.5411911010742,72.4750900268555,68.6073837280273,75.7588119506836,0.158917412161827,0.0449335984885693,0.00102633610367775,0.0170740839093924,0,0,0.45341557264328,0,49528.32421875,NA,NA
"ITH44",6.79508447647095,14.1169128417969,25.0711841583252,16.78200340271,18.2761001586914,4.61570692062378,4.2988429069519,2.99805784225464,5.36886119842529,78.8917846679688,72.9871826171875,70.2034149169922,77.1613388061523,0.069516271352768,0.0626312121748924,1.88196103145799e-09,0.0270317532122135,0,0,0.620719373226166,0,41919.65234375,NA,NA
"ITH51",5.04822635650635,12.7070932388306,24.1922397613525,15.5399827957153,19.1440143585205,3.13164901733398,3.01526117324829,1.58711493015289,3.86177444458008,82.4876251220703,72.7844467163086,67.0917892456055,79.3384857177734,0.182529360055923,0.154265701770782,0.00374723062850535,0.0124935442581773,0,3.99248979688314e-18,0.643461883068085,0.00274074031040072,258719.578125,NA,NA
"ITH52",5.40568542480469,13.3644495010376,25.2303791046143,16.2579116821289,19.8246955871582,3.31600141525269,3.10387802124023,1.38747620582581,3.81394743919373,82.0066986083984,71.7365112304688,64.1783905029297,77.5915908813477,0.190766632556915,0.0995970889925957,0.000747846264857799,0.0149934766814113,0,5.04750374340186e-16,0.246108651161194,0.419722378253937,452115.65625,NA,NA
"ITH53",5.08262634277344,13.2987661361694,25.4033374786377,16.1866664886475,20.3207111358643,2.98532128334045,2.6598858833313,1.35965192317963,3.20452642440796,82.3494033813477,71.6670227050781,63.4106140136719,76.7971496582031,0.198855698108673,0.0638455972075462,0.000319667742587626,0.0271752532571554,0,1.19161786159817e-16,0,0.703630685806274,596720.0625,NA,NA
"ITH54",5.02735280990601,13.0882844924927,25.263219833374,16.0725688934326,20.2358665466309,2.74571371078491,2.38867998123169,1.50761282444,2.87097907066345,82.2829971313477,71.5548782348633,63.0760612487793,76.4792861938477,0.203598335385323,0.0670507773756981,0.00161369144916534,0.0196790900081396,0,5.60373836846294e-17,0,0.70648467540741,542563.3125,NA,NA
"ITH55",5.55729484558105,13.6556587219238,25.8401393890381,16.6449966430664,20.282844543457,2.45226168632507,2.46860671043396,1.45578384399414,2.58561301231384,81.8933334350586,70.6545028686523,60.7422866821289,75.0497360229492,0.20971055328846,0.0656906217336655,0.000613610609434545,0.0182360783219337,0,1.25063080585206e-15,0,0.704013407230377,658614.0625,NA,NA
"ITH56",6.73111009597778,15.8621206283569,27.7810649871826,18.327169418335,21.0499572753906,1.67719459533691,1.82913815975189,1.23132073879242,1.83085179328918,81.5991973876953,69.8736724853516,59.8444175720215,73.4630508422852,0.309153079986572,0.052238117903471,6.65498878227311e-10,0.0111158490180969,0,0,0,0.486593395471573,303144.125,NA,NA
"ITH57",6.88724946975708,15.0300512313843,26.8562889099121,18.0138072967529,19.9690380096436,2.03231477737427,2.15893793106079,1.32354962825775,2.2309582233429,80.9267425537109,69.2830276489258,59.1119956970215,73.9997482299805,0.272904455661774,0.0534514710307121,0.00052278843941167,0.0166355296969414,0,0,0,0.532591640949249,289312.21875,NA,NA
"ITH58",6.14649152755737,13.3413324356079,25.4586009979248,16.8324337005615,19.3121109008789,2.14714741706848,2.22527265548706,1.28996241092682,2.46543145179749,81.6778411865234,70.9148483276367,59.7533988952637,75.0442047119141,0.224683105945587,0.0742820277810097,0.000938380544539541,0.0151528483256698,0,0,0,0.601543068885803,318253.0625,NA,NA
"ITH59",6.36680603027344,13.0526542663574,25.563440322876,16.8887748718262,19.1966342926025,2.13944292068481,2.17689394950867,1.37201154232025,2.52497625350952,82.8379516601562,73.58349609375,60.5194511413574,75.3417587280273,0.239917188882828,0.0647807195782661,0.00141549436375499,0.0142395067960024,0,1.30564864475602e-10,0,0.513485133647919,86484.4453125,NA,NA
"ITI11",5.77731227874756,11.448712348938,22.9406852722168,15.3626174926758,17.1633720397949,4.4559497833252,3.33473038673401,1.29166209697723,4.8817892074585,80.4571075439453,75.492805480957,71.1200256347656,79.1286315917969,0.017513919621706,0.0796330720186234,0.00150157196912915,0.0122557515278459,0,0,0.287155717611313,0.483372390270233,95215.8828125,NA,NA
"ITI12",6.56648969650269,12.331654548645,23.9484024047852,16.2202758789062,17.3819122314453,3.28104376792908,2.61452865600586,1.14513683319092,3.79522347450256,79.7597503662109,74.589958190918,69.2385025024414,77.7754745483398,0.109348595142365,0.0806007906794548,0.000638638564851135,0.0198366772383451,0,0,0.248157948255539,0.435377091169357,243939.15625,NA,NA
"ITI13",6.71521043777466,12.919623374939,24.7761116027832,16.600736618042,18.0608997344971,2.96765351295471,2.51504492759705,1.33729004859924,3.37553477287292,80.3893203735352,73.6114120483398,66.8610992431641,77.4614562988281,0.198330894112587,0.106317318975925,0.00119664985686541,0.0209844671189785,0,1.1543339858891e-16,0.330366790294647,0.342780500650406,165864.8125,NA,NA
"ITI14",6.92855501174927,13.4168071746826,25.6263656616211,17.0325126647949,18.697811126709,2.6785614490509,2.53231906890869,1.23577725887299,2.94815397262573,80.9438171386719,73.0203323364258,62.7770538330078,75.802619934082,0.189446523785591,0.117785453796387,0.000331167335389182,0.0301155485212803,0,4.31017850347593e-16,0.0764568820595741,0.585465550422668,983357.75,NA,NA
"ITI15",6.64104986190796,13.2876777648926,25.545503616333,16.8416957855225,18.9044532775879,2.78867387771606,2.65791058540344,1.33154165744781,2.97747182846069,81.0660858154297,72.9309005737305,62.5186996459961,75.6613998413086,0.172159239649773,0.10982072353363,0.000183294832822867,0.0331937707960606,0,1.12104810569107e-15,0.0107756806537509,0.673640191555023,107220.75,NA,NA
"ITI16",10.8932256698608,15.533522605896,26.8350563049316,19.8959369659424,15.9418306350708,2.28109288215637,2.00221610069275,0.671201050281525,2.79353094100952,75.8119659423828,74.2194442749023,69.3013229370117,74.6848449707031,0.103710532188416,0.0867367312312126,0.0071589327417314,0.00912405364215374,0,0,0.0563023053109646,0.327139645814896,53714.06640625,NA,NA
"ITI17",9.10099220275879,14.6040468215942,26.2069835662842,18.5338840484619,17.1059913635254,2.51483535766602,2.30206942558289,0.936841309070587,3.12374544143677,78.4301300048828,73.672492980957,67.4273529052734,76.2128448486328,0.19747656583786,0.125565439462662,0.0080054234713316,0.0181242506951094,0,1.2492557239628e-19,0.268425852060318,0.303697943687439,301089.59375,NA,NA
"ITI18",6.03947925567627,11.9028062820435,24.425106048584,15.9792165756226,18.3856258392334,2.32050108909607,2.2962167263031,1.05811142921448,2.8452160358429,82.3466262817383,73.6198120117188,60.7589073181152,75.854133605957,0.196229010820389,0.125908836722374,0.000641106511466205,0.00803672894835472,0,1.093148441003e-18,0.216753348708153,0.448315739631653,222926.171875,NA,NA
"ITI19",8.85643768310547,14.410005569458,26.6849269866943,18.4514484405518,17.8284893035889,2.3249192237854,2.23269009590149,0.850886523723602,2.90535402297974,80.5488510131836,72.9174957275391,60.6134719848633,74.9845275878906,0.254889667034149,0.159443899989128,0.00120232568588108,0.00862056948244572,0,3.90782594212932e-16,0.150367707014084,0.416334271430969,255972.390625,NA,NA
"ITI1A",10.3270559310913,15.4211387634277,27.3454189300537,19.7014694213867,17.0183639526367,2.16405344009399,1.94516324996948,0.589844107627869,2.61311388015747,77.6105728149414,73.3078460693359,63.6772575378418,74.781982421875,0.225299194455147,0.151224553585052,0.00237036729231477,0.00529774371534586,0,6.91910972960841e-11,0,0.430343180894852,155239.296875,NA,NA
"ITI21",6.9133620262146,12.6270513534546,25.6759738922119,17.046480178833,18.7626152038574,2.24333715438843,2.37884593009949,1.17199540138245,2.76151776313782,83.0536575317383,74.7061538696289,58.4213905334473,74.0063018798828,0.222600609064102,0.0821650475263596,0.00158677424769849,0.0101311802864075,0,2.07122818896011e-10,0.205264791846275,0.462037295103073,493910.4375,NA,NA
"ITI22",8.79844379425049,14.4093818664551,27.3251514434814,18.8306751251221,18.5267066955566,2.26405668258667,2.29027390480042,0.94623851776123,2.78405904769897,81.5939865112305,73.8671493530273,57.2377243041992,73.2461242675781,0.280970960855484,0.0844073593616486,0.00135955715086311,0.00759513350203633,0,2.30142058188498e-10,0,0.619142830371857,145354.5625,NA,NA
"ITI31",6.40260887145996,12.8129539489746,25.6272525787354,16.8938789367676,19.2246437072754,2.2581422328949,2.25997471809387,1.42436945438385,2.65072584152222,83.6353378295898,74.8962478637695,60.1913681030273,75.2446136474609,0.304628938436508,0.0722682029008865,0.000888030685018748,0.0114113753661513,0,2.6018479037937e-10,0.0156752225011587,0.522903978824615,256142.875,NA,NA
"ITI32",7.68958711624146,13.9330730438232,26.1720275878906,17.9825763702393,18.4824390411377,1.98467004299164,1.99322879314423,1.24682068824768,2.31903839111328,79.9224624633789,72.3964920043945,60.0475807189941,72.6534194946289,0.270677119493484,0.054948017001152,4.49469739205455e-10,0.012340672314167,0,2.96274844935329e-11,0.112759158015251,0.312295347452164,178186.734375,NA,NA
"ITI33",6.83621644973755,12.6911640167236,25.195104598999,16.9694671630859,18.3588886260986,1.91581451892853,1.96224820613861,1.27334833145142,2.25276923179626,80.0207366943359,72.344856262207,60.3277587890625,72.7197952270508,0.296931505203247,0.0703281909227371,0.000817077932879329,0.00776332011446357,0,2.83313459498169e-11,0,0.562784433364868,230022.046875,NA,NA
"ITI34",6.09648752212524,11.7691230773926,24.8101062774658,16.4975967407227,18.7136211395264,2.08487248420715,1.9010500907898,1.38231897354126,2.29143333435059,80.6158905029297,74.4497680664062,62.2335929870605,73.1884536743164,0.188724637031555,0.0662980899214745,0.00307331327348948,0.0110407583415508,0,5.61253344147361e-12,0,0.642321050167084,106308.890625,NA,NA
"ITI35",8.20488548278809,14.2253713607788,26.3644771575928,18.3946323394775,18.1595916748047,1.83957159519196,1.73616087436676,1.27695286273956,1.96837210655212,77.5683670043945,73.10986328125,63.0398635864258,71.8936080932617,0.224221423268318,0.0428357869386673,0.00118002237286419,0.0114977769553661,0,4.11297905456021e-11,0,0.378604263067245,80477.8984375,NA,NA
"ITI41",10.2809410095215,15.4206886291504,27.9325065612793,19.9855136871338,17.6515655517578,2.69599604606628,2.29447293281555,0.674013733863831,3.47933387756348,79.9040908813477,74.4606781005859,61.5492134094238,74.7160263061523,0.286569535732269,0.114829085767269,0.00149088562466204,0.00564420269802213,0,4.24178921154539e-12,0,0.458920180797577,262655.8125,NA,NA
"ITI42",7.01176643371582,12.3659582138062,25.5880947113037,17.2394752502441,18.5763282775879,2.41448211669922,2.36770558357239,1.14874053001404,2.90088748931885,80.7436218261719,74.7536087036133,58.7711143493652,72.3785171508789,0.174319490790367,0.083288200199604,0.00258745136670768,0.00750080356374383,0,5.49179798858823e-11,0.207121655344963,0.522113978862762,232162.015625,NA,NA
"ITI43",10.6386013031006,15.6994104385376,27.9533729553223,20.3468608856201,17.3147735595703,2.87899565696716,2.36808800697327,0.687959849834442,4.14698505401611,78.909065246582,74.6170349121094,62.5848922729492,74.0781402587891,0.242511704564095,0.0572662800550461,0.000495361513458192,0.0733225047588348,0,2.80232477847808e-12,0.0793691799044609,0.424702286720276,2411167.75,NA,NA
"ITI44",11.4574499130249,16.2395668029785,28.4191608428955,21.0797843933105,16.9617099761963,3.00937247276306,2.24795508384705,0.654950737953186,2.93518948554993,79.7317352294922,75.6763000488281,63.6630439758301,74.4745941162109,0.158391699194908,0.036884393543005,0.000202169278054498,0.0439654476940632,0,6.24155588324626e-11,0.050908163189888,0.337620973587036,592272.6875,NA,NA
"ITI45",10.3523225784302,15.7584323883057,28.2678508758545,20.4155826568604,17.9155292510986,3.11496448516846,2.47415447235107,0.932338297367096,2.81506037712097,81.0000915527344,75.7952499389648,61.6402740478516,74.1149444580078,0.16643899679184,0.0554048828780651,0.00105296028777957,0.0220693740993738,0,4.41570877085518e-11,0.564509987831116,0.0973682776093483,291042.125,NA,NA
"LI000",1.40945482254028,8.32090377807617,18.2767028808594,10.5374040603638,16.8672485351562,4.03590393066406,4.56879234313965,5.47277450561523,4.31323671340942,74.2492904663086,72.1095275878906,75.7947692871094,79.3650360107422,0.130933150649071,0.216264426708221,0.103599086403847,0.027040995657444,0.000498967303428799,0,0.518286824226379,0,35881.77734375,NA,NA
"LT011",-0.8722363114357,9.61960601806641,19.7840843200684,10.2141284942627,20.6563205718994,2.12553453445435,1.81112217903137,3.0505702495575,2.30428171157837,85.37548828125,72.200927734375,75.1448135375977,84.4874649047852,0.232064619660378,0.112349532544613,0.00367923220619559,0.0156502984464169,1.10913126357284e-20,0.097241185605526,0.0972502529621124,0.432369500398636,638725.1875,NA,NA
"LT021",-0.45112881064415,9.83123683929443,19.9439182281494,10.6115665435791,20.3950481414795,2.0595166683197,1.78726720809937,3.02383089065552,2.15042805671692,85.511100769043,72.5723037719727,74.867561340332,84.0480422973633,0.196782320737839,0.0797919407486916,0.00040486449142918,0.00737602123990655,0,0.188110128045082,0,0.509243249893188,148603.5,NA,NA
"LT022",-0.439098805189133,9.65933895111084,19.7047843933105,10.474609375,20.1438827514648,2.06130003929138,1.69681811332703,2.96367025375366,2.34841346740723,84.9307403564453,71.9949645996094,75.1515121459961,84.0954132080078,0.283930987119675,0.0638439431786537,0.000970554130617529,0.0120978634804487,0,0.0374681800603867,0.027332715690136,0.566514134407043,327569.84375,NA,NA
"LT023",0.389833837747574,8.74778270721436,18.8259544372559,10.7816905975342,18.4361209869385,2.93846201896667,1.75819683074951,3.13846564292908,3.91744709014893,90.4526443481445,80.7475204467773,82.5427322387695,89.4684371948242,0.229056015610695,0.0643668621778488,0.00577900325879455,0.0120566822588444,6.89455146130058e-06,0.0455409921705723,0.500751316547394,0.0300909411162138,199432.1875,NA,NA
"LT024",-0.193514451384544,9.73086357116699,19.685697555542,10.6580047607422,19.8792114257812,2.00951671600342,1.68256175518036,2.96094560623169,2.27798795700073,85.2270812988281,72.6534118652344,75.4209518432617,84.0540237426758,0.306102365255356,0.0368118993937969,0.000837429484818131,0.011392978951335,0,0.0184221845120192,0.0306235812604427,0.591084063053131,165592.984375,NA,NA
"LT025",-0.772907614707947,9.32014846801758,19.4613456726074,10.1365432739258,20.2342529296875,1.95792436599731,1.65753519535065,2.92975354194641,2.37189149856567,83.9781265258789,71.010124206543,74.7312316894531,84.0482864379883,0.305662006139755,0.0866720601916313,0.00323507515713573,0.00699736131355166,1.97198888680361e-20,0.130661174654961,0.0259239561855793,0.437796264886856,147967.296875,NA,NA
"LT026",-0.268032550811768,9.15960025787354,19.2784557342529,10.3660945892334,19.5464878082275,1.88150107860565,1.53960943222046,2.79648971557617,2.47707366943359,85.6614227294922,72.9724884033203,76.2748641967773,85.2555160522461,0.294162482023239,0.055303905159235,0.00111468718387187,0.00736693432554603,1.10234813338757e-28,0.0414956249296665,0.201226055622101,0.397613912820816,179354.015625,NA,NA
"LT027",-0.136267811059952,9.34186267852783,19.2843494415283,10.5196399688721,19.4206161499023,2.5732102394104,1.83343076705933,3.0954270362854,3.02786445617676,87.4849853515625,75.3466415405273,78.0769500732422,86.4583282470703,0.242114901542664,0.0414678379893303,0.00105232710484415,0.00498728360980749,1.11084798646131e-20,1.9811302598427e-10,0.637136042118073,0.0718430280685425,92856.6171875,NA,NA
"LT028",0.0183763783425093,8.84485721588135,18.91774559021,10.4394121170044,18.8993701934814,2.68532490730286,1.72008550167084,3.03022956848145,3.35941410064697,88.4866104125977,76.476806640625,79.526725769043,87.7602844238281,0.232675030827522,0.0606022700667381,0.00302812573499978,0.00598103599622846,2.7114844770169e-20,0,0.693592965602875,0,87320.5,NA,NA
"LT029",-1.2073860168457,9.18860530853271,19.4284133911133,9.83963775634766,20.6358013153076,2.03518652915955,1.74706077575684,3.0085940361023,2.34624934196472,84.6541213989258,71.7053680419922,75.4226531982422,84.7258224487305,0.229557722806931,0.0867660194635391,0.00914513599127531,0.00369999022223055,2.42171551518005e-20,0.084757462143898,0.205738842487335,0.354580968618393,96897.1328125,NA,NA
"LU000",3.82233047485352,11.0185508728027,20.4210147857666,12.3950109481812,16.5986843109131,3.44790601730347,2.32218790054321,2.12735295295715,2.99248337745667,86.7346343994141,74.0936431884766,73.2085189819336,85.1269378662109,0.351012587547302,0.0832778736948967,0.000620412349235266,0.043759897351265,3.95950043585724e-11,0,0.52132922410965,0,575882.625,NA,NA
"LV003",0.898494958877563,8.34793567657471,18.6509418487549,10.8855619430542,17.7524452209473,2.49095416069031,1.50007808208466,2.77123117446899,3.27587652206421,85.5222320556641,76.2045822143555,78.9794998168945,84.9481811523438,0.11310938000679,0.0715218633413315,0.0173845048993826,0.00354616879485548,1.22746623566451e-20,0.506990194320679,0.0530474297702312,0.134441956877708,178263.546875,NA,NA
"LV005",-1.84667503833771,8.75026893615723,19.331995010376,9.34819602966309,21.1786708831787,1.94687759876251,1.70741307735443,2.95451784133911,2.35473418235779,83.9270553588867,71.004753112793,75.7954559326172,85.1207122802734,0.136273801326752,0.0920569151639938,0.00779287936165929,0.00408405484631658,3.54610713014349e-21,0.484958916902542,0.0487930849194527,0.197660073637962,179882.328125,NA,NA
"LV006",-0.0363544970750809,8.9754056930542,19.2359046936035,10.4528341293335,19.2722606658936,1.99382722377777,1.53704965114594,2.93701195716858,2.7467188835144,84.2934875488281,73.3938522338867,76.1960067749023,84.3129959106445,0.0798510909080505,0.0539711192250252,0.0054382411763072,0.017976887524128,0,0.499407231807709,0,0.169927626848221,46053.65625,NA,NA
"LV007",-0.314592033624649,8.65350723266602,19.0017776489258,10.2145280838013,19.316370010376,2.28078579902649,1.60282731056213,2.99711990356445,2.90643048286438,85.1862640380859,73.8773574829102,77.2051086425781,85.2545471191406,0.0934675335884094,0.0683272555470467,0.00695135444402695,0.00710823154076934,1.44004803417546e-19,0.414597034454346,0.201624795794487,0.129167839884758,366489.96875,NA,NA
"LV008",-1.48725402355194,8.42263317108154,18.9226360321045,9.36951351165771,20.4098892211914,2.20701050758362,1.68403220176697,3.01074123382568,2.70368361473083,85.1108856201172,72.2018508911133,76.9804534912109,85.970458984375,0.0923116132616997,0.0794571414589882,0.00580161856487393,0.00507761538028717,8.733760648247e-20,0.404665738344193,0.268326282501221,0.135361075401306,166439.140625,NA,NA
"LV009",-0.658097267150879,8.9693660736084,19.1941471099854,10.0413513183594,19.8522453308105,2.04400157928467,1.61976850032806,2.91377520561218,2.56271648406982,84.5258483886719,72.1771621704102,76.0320739746094,85.0096969604492,0.165527313947678,0.0802775248885155,0.0068468083627522,0.00658869743347168,2.1510816319805e-19,0.266034096479416,0.271763980388641,0.195261508226395,320068.625,NA,NA
"MC",9.22075748443604,13.9505567550659,24.9902400970459,17.9854927062988,15.7694826126099,3.70524501800537,2.59682607650757,1.05988132953644,3.87662672996521,72.6464080810547,73.2710952758789,72.5071487426758,76.0878448486328,0.00383889977820218,0.0285976808518171,0.0103379720821977,0.0372888185083866,1.57772181044202e-29,0,0.58431601524353,0,8241.888671875,NA,NA
"MEG125350",-0.0270947255194187,8.0053539276123,20.3182125091553,11.3762807846069,20.345308303833,5.64014911651611,4.21607065200806,1.83170545101166,5.02839660644531,80.6134414672852,73.4979782104492,65.5794372558594,73.0954360961914,0.122341029345989,0.0744139030575752,0.0572684668004513,0.00408350629732013,0,0,0.741893112659454,0,8454.384765625,NA,NA
"MEG125351",8.45580577850342,15.5748262405396,28.0433235168457,19.2543277740479,19.5875186920166,6.04864692687988,4.21594667434692,1.31775665283203,5.28680181503296,72.799430847168,68.8905258178711,60.7825584411621,67.3160705566406,0.182716518640518,0.271984905004501,0.00257167243398726,0.0210260357707739,0,0.000740808725822717,0.23518118262291,0.0233651176095009,83353.8046875,NA,NA
"MEG125352",0.11044043302536,8.25140285491943,20.5527172088623,11.6065301895142,20.4422779083252,4.9577488899231,3.80742859840393,1.79743480682373,4.46967315673828,80.3399200439453,72.838005065918,65.2375946044922,72.6279067993164,0.12409208714962,0.112491711974144,0.0618467628955841,0.00883405469357967,0,0,0.692735373973846,0,30902.703125,NA,NA
"MEG125353",1.87114500999451,10.231258392334,22.2455921173096,13.1969213485718,20.3744468688965,3.50606250762939,3.02971291542053,1.99828279018402,3.48729681968689,79.919677734375,71.7272644042969,67.3301773071289,73.7065887451172,0.203132018446922,0.134430930018425,0.014883678406477,0.00494955573230982,1.30564542603618e-21,0,0.642603874206543,0,28274.388671875,NA,NA
"MEG125355",5.30083274841309,12.4897708892822,24.5221405029297,15.9421062469482,19.2213077545166,7.8283224105835,5.42580890655518,1.60127115249634,6.33767938613892,75.1770706176758,70.6279602050781,63.5314750671387,70.6093597412109,0.162547037005424,0.187663599848747,0.0615551918745041,0.009492470882833,0,9.23174710010244e-08,0.230174571275711,0.0905213132500648,41111.85546875,NA,NA
"MEG125356",2.4702422618866,9.96970367431641,22.3278255462646,13.5617780685425,19.8575839996338,6.96074914932251,4.91845369338989,1.82528102397919,6.01565170288086,77.8192367553711,71.6699981689453,63.0877876281738,71.1223754882812,0.158068910241127,0.177447289228439,0.109801568090916,0.00396294379606843,0,1.7795599438486e-09,0.524751484394073,0.00174493610393256,12285.2412109375,NA,NA
"MEG125357",5.73753881454468,12.820818901062,24.8022327423096,16.2925128936768,19.0646915435791,7.51094007492065,5.25437545776367,1.56279194355011,6.0087423324585,74.8042755126953,70.6656112670898,63.6701011657715,70.7494201660156,0.146387428045273,0.188183963298798,0.0548816248774529,0.00640427926555276,0,0.000165119257871993,0.218396738171577,0.0705979466438293,4736.47509765625,NA,NA
"MEG125358",1.10911333560944,8.84305286407471,21.1943836212158,12.364972114563,20.0852718353271,6.44597244262695,4.64867925643921,1.87101781368256,5.668212890625,79.21240234375,72.5434036254883,64.0418930053711,71.9833450317383,0.136262744665146,0.13371729850769,0.100886389613152,0.00221380079165101,0,0,0.62691980600357,0,12284.1767578125,NA,NA
"MEG125359",4.14372777938843,11.3479843139648,23.3909645080566,14.7937622070312,19.2472381591797,8.27089309692383,5.72175788879395,1.70293402671814,6.63353681564331,76.1209106445312,71.0122604370117,63.824333190918,71.4713134765625,0.187534272670746,0.181697219610214,0.0877649039030075,0.00747600756585598,0,6.45343405381027e-08,0.307515919208527,0.0632787421345711,6847.39501953125,NA,NA
"MEG125360",1.07026827335358,8.97105312347412,21.1435928344727,12.2935657501221,20.0733261108398,5.17733669281006,3.97700119018555,1.93098604679108,4.81603479385376,79.6979370117188,72.3847427368164,65.5441131591797,72.891716003418,0.146600961685181,0.119137659668922,0.0606859438121319,0.00303471041843295,3.92182767010478e-21,0,0.670540750026703,0,5074.736328125,NA,NA
"MEG125361",2.57998418807983,9.88016223907471,22.0640506744385,13.3757066726685,19.4840660095215,7.96684741973877,5.56497764587402,1.83530342578888,6.5093789100647,77.6341934204102,71.4077987670898,63.6962471008301,72.1250228881836,0.206612706184387,0.182415500283241,0.114205405116081,0.00533880712464452,0,0,0.487478911876678,0,46124.58984375,NA,NA
"MEG125362",0.165089651942253,8.29780864715576,20.6011638641357,11.662636756897,20.4360733032227,4.94629192352295,3.78947329521179,1.78547239303589,4.46032428741455,80.1859512329102,72.6838607788086,65.0416107177734,72.4575347900391,0.125577017664909,0.115082941949368,0.0598910003900528,0.00922929123044014,0.00239980104379356,0,0.687543749809265,0,22150.884765625,NA,NA
"MEG125363",1.20895969867706,9.17294692993164,21.0428066253662,12.264045715332,19.8338470458984,3.45690369606018,3.091952085495,2.04411935806274,3.74210691452026,80.0437850952148,71.7096862792969,67.2352828979492,73.9316558837891,0.145676925778389,0.10453724861145,0.0126829007640481,0.00322618894279003,7.25002382750972e-06,0,0.733869552612305,0,14183.4189453125,NA,NA
"MEG125364",1.19788920879364,8.71159744262695,20.6293830871582,11.987699508667,19.4314956665039,5.35747671127319,4.1185417175293,1.97375118732452,4.69797229766846,80.0795974731445,71.4325942993164,65.1020050048828,73.5078277587891,0.108490280807018,0.104593321681023,0.0720657259225845,0.00212455447763205,6.71452969648541e-23,0,0.712621510028839,0,5781.3251953125,NA,NA
"MEG125365",5.29691743850708,12.6768674850464,25.1310539245605,16.3065795898438,19.8341369628906,6.16870927810669,4.36423683166504,1.55473816394806,5.43328857421875,75.5650024414062,70.3834762573242,62.0109519958496,69.2331085205078,0.170008465647697,0.220097541809082,0.0437417775392532,0.0137693425640464,0.000751781219150871,2.93181723343139e-09,0.422910690307617,0.00287477462552488,134319.359375,NA,NA
"MEG125366",0.569639086723328,9.07290744781494,21.3356800079346,12.3752851486206,20.7660427093506,2.67936968803406,2.44306707382202,1.68301331996918,2.60422372817993,79.4267196655273,70.6345367431641,64.0962448120117,71.0669326782227,0.12993848323822,0.239624932408333,0.0771326497197151,0.0246950574219227,0,0,0.528608918190002,0,43709.7578125,NA,NA
"MEG125367",1.4037846326828,9.11049556732178,21.2671279907227,12.5086889266968,19.8633441925049,5.5289306640625,4.17976379394531,1.95240128040314,5.10547780990601,79.2228775024414,71.9853820800781,64.8880767822266,72.5354614257812,0.141692385077477,0.136990636587143,0.0788221582770348,0.00206991517916322,4.81810896385831e-21,0,0.640418231487274,0,5010.54150390625,NA,NA
"MEG125369",9.04661178588867,16.3711013793945,28.8107929229736,20.0091934204102,19.7641792297363,5.0774188041687,3.61091470718384,1.09995055198669,4.44237899780273,71.7146911621094,69.0009613037109,60.4131317138672,65.9382781982422,0.0990179553627968,0.130201503634453,0.000349611887941137,0.00866609066724777,0,0.0200162287801504,0.0962246581912041,0.0584724023938179,14944.072265625,NA,NA
"MEG125370",1.0582789182663,8.98537921905518,20.8624305725098,12.1052894592285,19.8041534423828,3.55213141441345,3.14852333068848,2.04408574104309,3.8474440574646,80.0995254516602,71.9500045776367,67.2983169555664,74.0146331787109,0.146970450878143,0.104737192392349,0.0136140789836645,0.00324606359936297,1.32662790432728e-20,0,0.731432199478149,0,4729.87158203125,NA,NA
"MK001",4.09153270721436,13.4583978652954,26.0540866851807,16.6322040557861,21.962553024292,1.38654267787933,1.48354744911194,1.21026289463043,1.36797249317169,75.7828063964844,61.6123962402344,47.1154251098633,61.831428527832,0.0894769355654716,0.360810846090317,0.165857836604118,0.00748500134795904,0,0.112634174525738,0,0.263735234737396,201683.59375,NA,NA
"MK002",3.78188729286194,13.1287088394165,25.379337310791,16.2378444671631,21.597448348999,1.2324835062027,1.52170550823212,1.56238353252411,1.26978182792664,75.0967636108398,63.3047180175781,52.3418731689453,63.689266204834,0.129584535956383,0.359810143709183,0.0931683033704758,0.00283652171492577,0,0.148320138454437,0,0.266280353069305,116548.640625,NA,NA
"MK003",2.85340428352356,11.1232585906982,23.606502532959,14.8593616485596,20.7530994415283,2.16007709503174,1.98663604259491,1.24036657810211,2.23076605796814,80.9104461669922,69.5909042358398,57.7619667053223,67.9860687255859,0.0333649329841137,0.235757738351822,0.0924110412597656,0.014912586659193,0.000113581452751532,0.0812298282980919,0.365963816642761,0.119401179254055,271154.375,NA,NA
"MK004",4.61789035797119,13.7913646697998,26.3534545898438,17.0110454559326,21.7355651855469,1.613938331604,1.49012517929077,1.30922162532806,1.39286398887634,75.4048004150391,63.5426330566406,50.1043472290039,63.2433052062988,0.1700459420681,0.359108924865723,0.0626644268631935,0.00323117384687066,0,0.174392580986023,0,0.225703999400139,106779.6953125,NA,NA
"MK005",3.53327083587646,12.340838432312,24.905933380127,15.9025793075562,21.3726634979248,1.67778718471527,1.62880921363831,1.07315075397491,1.69787585735321,78.9376068115234,66.0712203979492,52.006175994873,64.8234100341797,0.0712973028421402,0.244043663144112,0.163577541708946,0.00745844142511487,0,0.178920641541481,0.0201717764139175,0.297627300024033,199238.84375,NA,NA
"MK006",1.65604543685913,10.301999092102,22.7529773712158,13.7680292129517,21.0969314575195,2.32919073104858,2.20554494857788,1.49970328807831,2.38356614112854,80.4870223999023,70.0019989013672,58.9693183898926,68.5531692504883,0.0704575330018997,0.351947039365768,0.0527651086449623,0.0250573698431253,0,0.0484550073742867,0.357359826564789,0.0924863144755363,327872.125,NA,NA
"MK007",3.27587270736694,12.3810234069824,24.5173034667969,15.5276823043823,21.2414321899414,1.29007411003113,1.68086743354797,1.55797970294952,1.4626430273056,75.7602081298828,63.7246208190918,52.9449768066406,63.661449432373,0.189058095216751,0.246477231383324,0.0522262752056122,0.011357756331563,0,0.0992295071482658,0,0.401651173830032,124359.1875,NA,NA
"MK008",3.11099720001221,12.3977670669556,24.9167213439941,15.5953407287598,21.8057250976562,1.4857360124588,1.68791055679321,1.41484260559082,1.67900717258453,77.1017608642578,64.2928695678711,51.9252777099609,63.9578475952148,0.127939507365227,0.302641808986664,0.101500369608402,0.0275112558156252,0,0.124183379113674,0,0.316223680973053,262453.8125,NA,NA
"NL11",4.00304841995239,10.0077648162842,18.1131324768066,12.1061906814575,14.1100826263428,2.8022153377533,1.76146650314331,2.13327479362488,3.06294441223145,86.8730163574219,77.4117431640625,79.2344589233398,85.8727798461914,0.196643099188805,0.354903191328049,3.46543926887932e-09,0.0258879158645868,0,1.76706926868775e-09,0,0.299899727106094,538925.75,NA,NA
"NL12",4.71223402023315,9.98709487915039,18.1617412567139,12.5486669540405,13.4495077133179,2.90057420730591,1.75780069828033,2.13734936714172,3.20232343673706,85.5359344482422,78.5116195678711,79.7833938598633,84.5796585083008,0.147703617811203,0.28219473361969,0.00205447478219867,0.023144232109189,7.04879947586966e-29,1.79515721732137e-10,0.116126604378223,0.125915631651878,635709.125,NA,NA
"NL13",4.33606338500977,10.3073062896729,18.6102447509766,12.2821741104126,14.2741804122925,2.74736952781677,1.79060912132263,2.1554388999939,2.88915276527405,86.6742095947266,75.9358444213867,77.5524826049805,85.6367111206055,0.220832705497742,0.37567213177681,2.29929519868222e-09,0.0231567416340113,2.20243691020913e-28,9.22813381265541e-10,0.102261528372765,0.248802021145821,520160.625,NA,NA
"NL21",4.74896621704102,10.6405448913574,18.9666614532471,12.5190858840942,14.2176961898804,2.75611925125122,1.83109223842621,2.17324805259705,2.84983229637146,86.190544128418,74.9281692504883,75.9802551269531,85.1675720214844,0.205153033137321,0.370016157627106,4.01554078877098e-09,0.0328479632735252,1.86070026198892e-28,5.1983850557491e-10,0.0863943248987198,0.293454319238663,964429,NA,NA
"NL22",4.99147462844849,10.8820972442627,19.342004776001,12.6890172958374,14.350531578064,2.87406539916992,1.87253308296204,2.14037489891052,2.90267276763916,85.8585968017578,74.5222473144531,75.2935333251953,84.8805389404297,0.225460276007652,0.204041108489037,1.8695449632844e-09,0.0619605928659439,5.22158704865488e-33,1.26793672783343e-10,0.00368267158046365,0.499891579151154,2106267.75,NA,NA
"NL23",5.0143780708313,10.3497457504272,18.7076435089111,12.836012840271,13.693265914917,2.99731492996216,1.84654176235199,2.18503427505493,3.15538144111633,85.375846862793,77.2565383911133,78.2826309204102,84.4924926757812,0.201612621545792,0.180563613772392,2.49782616812411e-09,0.0573569536209106,0,7.68074701062993e-11,0.0811219662427902,0.226402685046196,947277.8125,NA,NA
"NL31",4.96871328353882,10.6018285751343,18.9566497802734,12.7412023544312,13.9879379272461,2.98428440093994,1.82360410690308,2.03900003433228,3.20671963691711,85.8503799438477,76.4522705078125,77.5035705566406,85.1267700195312,0.2817123234272,0.132486417889595,1.6677673686516e-09,0.146387591958046,0,1.35324111400111e-13,0.191026359796524,0.163146048784256,1538681.625,NA,NA
"NL32",5.1701831817627,10.1409530639648,18.4647979736328,13.1724119186401,13.2946138381958,3.2279257774353,1.83438205718994,2.10016441345215,3.571293592453,84.50439453125,78.7146759033203,79.7150268554688,83.4931411743164,0.263914704322815,0.0994188711047173,0.000325631932355464,0.0842321887612343,0,2.52387276659591e-13,0.0784447118639946,0.105054475367069,2284639.25,NA,NA
"NL33",5.32836008071899,10.679515838623,19.0772037506104,13.0481290817261,13.7488441467285,2.87925028800964,1.68629467487335,1.96675586700439,3.27146530151367,85.3869857788086,76.7189331054688,77.3512420654297,84.3757476806641,0.206245839595795,0.112441517412663,1.23989263300928e-09,0.14358277618885,0,1.20856685770221e-10,0,0.363685458898544,2885918,NA,NA
"NL34",5.51987600326538,10.934308052063,19.5454540252686,13.5265407562256,14.025577545166,2.85055541992188,1.6716890335083,1.82656478881836,3.08830380439758,85.5525283813477,76.4979553222656,76.6615829467773,84.0333404541016,0.170866906642914,0.0908598601818085,2.01630445673118e-09,0.0894761979579926,0,1.57015456192511e-10,0,0.395457446575165,834868.5625,NA,NA
"NL41",5.24823331832886,11.095456123352,19.6864986419678,12.9686861038208,14.4382648468018,2.78634572029114,1.77310121059418,2.02885913848877,2.87547206878662,85.3353500366211,74.3159713745117,74.7363662719727,84.1639709472656,0.246947914361954,0.130922704935074,9.7097030415938e-10,0.115986935794353,0,4.98748264909921e-11,0,0.488811314105988,3043629.75,NA,NA
"NL42",5.09101915359497,11.4442520141602,20.2426795959473,13.1812181472778,15.1516609191895,2.85043025016785,1.96382486820221,2.18147397041321,2.733158826828,84.5854797363281,72.8764114379883,72.9346618652344,83.0919418334961,0.206925556063652,0.101382188498974,6.14593376191408e-10,0.0781815126538277,0,5.13150147374297e-11,0,0.61351078748703,1063171.375,NA,NA
"NO011",-2.14023184776306,6.76541090011597,16.9775524139404,7.76813268661499,19.1177845001221,3.17419695854187,2.463787317276,3.03489470481873,3.94335842132568,84.1782913208008,71.2991104125977,71.5134887695312,83.3397369384766,0.0162702444940805,0.13889068365097,0.0145277930423617,0.104564383625984,0.0030785056296736,0,0.608244478702545,0,252114.625,NA,NA
"NO012",-2.16174650192261,6.91900300979614,17.0538272857666,7.79736375808716,19.2155723571777,2.91475534439087,2.21423745155334,2.93644261360168,3.62086606025696,84.2100524902344,70.6715850830078,71.3911361694336,83.6685333251953,0.0496003441512585,0.168032929301262,0.0137269739061594,0.0438505373895168,0.00261262035928667,0,0.64890843629837,0,1009248.6875,NA,NA
"NO021",-5.81099843978882,3.6983585357666,14.1363754272461,4.58224964141846,19.9473762512207,1.89865183830261,1.83166074752808,3.0903000831604,2.61569261550903,83.3554153442383,71.3385238647461,73.4655227661133,83.3432998657227,0.0332139357924461,0.0842197686433792,0.0763814747333527,0.00365262688137591,0.0602438226342201,0,0.712571620941162,0,235265.296875,NA,NA
"NO022",-6.49196338653564,2.317387342453,12.6415519714355,3.54308724403381,19.1335144042969,2.0900399684906,1.83615553379059,2.82445001602173,2.63816261291504,81.9086074829102,72.1051712036133,73.989860534668,82.6839447021484,0.0239962711930275,0.062031552195549,0.0471577867865562,0.00355794676579535,0.220497235655785,0,0.600099980831146,0,231889.140625,NA,NA
"NO031",-0.405402511358261,7.818932056427,17.6909198760986,8.93282699584961,18.096321105957,3.34624552726746,2.19874286651611,2.82558655738831,3.85838270187378,84.2175521850586,71.3366088867188,72.3482818603516,83.6047286987305,2.35192464462242e-12,0.103204526007175,0.0184354353696108,0.0313300155103207,0.00153468584176153,0,0.637067973613739,0,410384.375,NA,NA
"NO032",-3.9479660987854,4.69037818908691,14.9177446365356,5.98640727996826,18.8657112121582,2.34196066856384,2.06845355033875,2.90183067321777,3.08466386795044,82.3354187011719,72.2780609130859,72.4543838500977,82.3067092895508,0.0123629001900554,0.0687910616397858,0.034272488206625,0.0087040551006794,0.0731687247753143,0,0.767284274101257,0,418920.28125,NA,NA
"NO033",-0.244596719741821,7.85292291641235,17.6201839447021,9.13391971588135,17.864782333374,4.16672801971436,2.92915177345276,3.07468199729919,4.81718730926514,82.2202835083008,71.48681640625,72.4346313476562,81.9754409790039,2.66953180481228e-13,0.137228801846504,0.000344936619512737,0.0509021915495396,0.0024375154171139,0.000695115188136697,0.633069396018982,0.000190285543794744,326693.09375,NA,NA
"NO034",-3.8478319644928,3.98042893409729,13.9972505569458,5.66253519058228,17.8450832366943,3.36731195449829,2.43731999397278,3.00013875961304,4.01997852325439,83.0820541381836,73.6640930175781,73.3359222412109,83.3266677856445,0.00506729073822498,0.0950372889637947,0.0571894645690918,0.00402997899800539,0.0907747074961662,0.000466751283966005,0.706247329711914,0.000127771651023068,153344.265625,NA,NA
"NO041",-1.48106849193573,5.55963563919067,14.972692489624,7.46514129638672,16.4537601470947,5.72860050201416,3.18269443511963,3.20877146720886,5.6525616645813,84.0715026855469,74.9470138549805,74.5475463867188,84.6999359130859,0.0101681295782328,0.0400517657399178,0.0486019290983677,0.00483445636928082,0.1496941447258,0.00718286260962486,0.639843165874481,0.00186149659566581,105834.9296875,NA,NA
"NO042",0.0774672403931618,6.17924880981445,15.0296497344971,8.42585849761963,14.9521818161011,9.18140506744385,4.37750768661499,3.6770977973938,7.82422590255737,85.8237686157227,77.0925979614258,77.8212585449219,86.4707489013672,0.0201192665845156,0.00600610859692097,0.00549543555825949,0.00585429649800062,0.122072145342827,0.000962790742050856,0.72930771112442,1.96077562577557e-05,166143.109375,NA,NA
"NO043",0.822255969047546,6.11002683639526,14.3394317626953,8.34400939941406,13.5171747207642,8.33214569091797,4.0115795135498,4.21929025650024,8.06093978881836,84.1521987915039,77.8844757080078,81.2534255981445,85.715934753418,0.0581488609313965,0.00543503928929567,0.00276028946973383,0.011604119092226,0.19550846517086,0.0435069613158703,0.472994923591614,0.0035606927704066,398611.0625,NA,NA
"NO051",-0.178873926401138,5.51590442657471,13.8607416152954,7.42334270477295,14.0396165847778,8.21646118164062,4.47679090499878,4.49313449859619,8.20071315765381,82.929084777832,77.0071105957031,79.4017486572266,84.8872909545898,0.0217683892697096,0.0570280663669109,0.0807591676712036,0.00790373980998993,0.234780579805374,0.00147448445204645,0.418484032154083,0.000340908736689016,427324.84375,NA,NA
"NO052",-1.10302662849426,4.90980195999146,13.3560829162598,6.63186931610107,14.4591093063354,7.34459972381592,4.07203245162964,4.02723360061646,7.13885593414307,81.5398483276367,75.1384811401367,78.2128067016602,83.5957641601562,0.0220357775688171,0.0603261180222034,0.0981743559241295,0.00311978370882571,0.2867192029953,0.00474046310409904,0.332102239131927,0.000214089202927426,134752.234375,NA,NA
"NO053",-2.38540053367615,4.0413932800293,12.5352821350098,5.40542840957642,14.9206838607788,5.92281770706177,3.67984962463379,3.68328952789307,5.45068645477295,78.2355422973633,73.865608215332,80.5143661499023,81.4499969482422,0.0274100806564093,0.051859512925148,0.0980184450745583,0.00488971685990691,0.249764561653137,0.0165482982993126,0.350478917360306,0.000888461421709508,206643.796875,NA,NA
"NO061",-2.76778125762939,4.14261674880981,13.1810789108276,5.33850336074829,15.948860168457,3.75481796264648,2.74276065826416,3.46040868759155,3.52318096160889,80.0093002319336,73.7554473876953,78.7527008056641,82.0581130981445,0.0377363450825214,0.0728812217712402,0.0738413408398628,0.00579334562644362,0.131980508565903,0.00325581710785627,0.560766220092773,0.000135291367769241,360100.625,NA,NA
"NO062",-2.56842184066772,4.16634845733643,13.3869791030884,5.60150861740112,15.9554004669189,5.02917146682739,3.23139500617981,3.44327473640442,4.34353351593018,82.6062622070312,76.1023483276367,78.7941589355469,84.6160049438477,0.0233197771012783,0.107124529778957,0.115509040653706,0.0020164696034044,0.0671707689762115,0.00272564054466784,0.580946266651154,6.66163177811541e-05,130400.984375,NA,NA
"NO071",-4.17985534667969,2.68728423118591,12.6190319061279,4.30638885498047,16.7988872528076,5.24892950057983,3.50369024276733,3.36932897567749,5.26098585128784,79.1796798706055,74.2112731933594,78.5460052490234,82.3293151855469,0.0073206340894103,0.0365348942577839,0.0832876488566399,0.00203600456006825,0.225277498364449,0.0188513770699501,0.412219911813736,0.000265779061010107,184233.140625,NA,NA
"NO072",-7.39864015579224,0.353975057601929,12.3317680358887,2.00275993347168,19.7304077148438,3.00047278404236,2.08336448669434,2.47925591468811,3.12530994415283,78.6353073120117,73.7581253051758,78.3638076782227,82.6140365600586,0.00926237553358078,0.00234977132640779,0.00384943769313395,0.00197858805768192,0.35125720500946,0.0109121995046735,0.435541570186615,4.06112449127249e-05,150183.109375,NA,NA
"NO073",-9.57042980194092,0.529996395111084,13.7439498901367,1.75641930103302,23.3143787384033,1.74593102931976,1.50899052619934,2.16921424865723,2.04584765434265,80.9497604370117,75.6559219360352,76.9101028442383,83.9465713500977,0.00226287404075265,0.00108978163916618,0.00351932249031961,0.000523820403032005,0.50614321231842,0.0431758649647236,0.292267888784409,5.23580893059261e-05,62256.2265625,NA,NA
"PL213",1.42386448383331,11.115629196167,20.8102779388428,12.0511350631714,19.3864135742188,1.84430587291718,2.3569860458374,2.8898229598999,2.04445099830627,82.923957824707,71.3214950561523,73.03076171875,80.2861709594727,0.164617821574211,0.040027130395174,7.08001324234431e-10,0.0362201519310474,0,0,0.0552409514784813,0.703893959522247,91883.8984375,NA,NA
"PL214",1.02058804035187,10.7608242034912,20.519229888916,11.7457981109619,19.4986419677734,1.93935525417328,2.57120037078857,3.10526657104492,2.15683555603027,82.3577041625977,71.4497833251953,73.6367263793945,80.4572906494141,0.150673687458038,0.0440260395407677,6.9211292252902e-10,0.0287436228245497,0,0,0.118549957871437,0.65797358751297,901639.875,NA,NA
"PL217",1.05898475646973,11.1171426773071,20.9306716918945,11.9791088104248,19.8716869354248,1.68683624267578,2.48767280578613,3.08366274833679,2.01526236534119,81.8456268310547,70.5948715209961,72.5868988037109,79.4773330688477,0.153122037649155,0.0390389896929264,1.76272962892909e-09,0.0167114920914173,0,0,0,0.790719866752625,388864.84375,NA,NA
"PL218",0.166702806949615,10.147611618042,20.0396213531494,11.1840209960938,19.872917175293,1.91262412071228,2.84362721443176,3.47178959846497,2.25355982780457,81.8061141967773,71.3404541015625,74.499267578125,80.7181854248047,0.118939079344273,0.0518383011221886,0.000203111922019161,0.0147128701210022,0,0,0.175549000501633,0.63866138458252,515159.1875,NA,NA
"PL219",-0.863478004932404,8.55331897735596,18.4815311431885,9.927809715271,19.3450107574463,3.47494387626648,3.8457715511322,4.2849645614624,3.26899695396423,83.0879974365234,73.4395217895508,76.3798370361328,82.5574722290039,0.112639851868153,0.0653913989663124,3.28024798363913e-05,0.0195721946656704,0,2.28235012400546e-06,0.710671246051788,0.0891189053654671,403892.78125,NA,NA
"PL21A",1.05624175071716,10.5772724151611,20.2957649230957,11.6704883575439,19.2395210266113,2.67445755004883,2.87288737297058,3.40422224998474,2.57389116287231,83.2652359008789,72.209342956543,74.4370193481445,81.0004806518555,0.128516495227814,0.0529744140803814,7.77539310714559e-10,0.0524379424750805,0,1.69914164871443e-05,0.127138957381248,0.638915181159973,664382.5,NA,NA
"PL224",1.87755906581879,11.2019309997559,20.8040561676025,12.1589021682739,18.9264984130859,2.26078057289124,2.29470086097717,2.68873119354248,2.10913467407227,84.4359970092773,71.0279388427734,70.7922439575195,80.2101821899414,0.166319817304611,0.048595167696476,8.50770232041498e-10,0.0124938767403364,0,0,0,0.772591173648834,360156.625,NA,NA
"PL225",0.366014957427979,9.80838203430176,19.6888236999512,11.1116104125977,19.3228092193604,3.65440607070923,3.52578401565552,4.1360592842102,3.30283522605896,83.4982223510742,73.0578536987305,75.5690689086914,81.4438858032227,0.146305978298187,0.0634744241833687,8.91986564965919e-05,0.0348151847720146,0,3.39497564709745e-05,0.0602954179048538,0.691218793392181,531641.375,NA,NA
"PL227",1.93216574192047,11.3142414093018,21.0662307739258,12.4361209869385,19.1340656280518,2.18820738792419,2.38858032226562,2.97634816169739,2.32713317871094,82.4639282226562,70.9615859985352,71.5096740722656,79.1201248168945,0.207825601100922,0.0456033051013947,3.19896062137559e-05,0.0563056655228138,0,1.29545981053525e-06,0,0.688720107078552,432937.03125,NA,NA
"PL228",1.99216425418854,11.2621288299561,20.8928642272949,12.2779998779297,18.9006996154785,2.31123781204224,2.28206014633179,2.74886727333069,2.20296144485474,84.1151962280273,71.1214752197266,71.2580108642578,80.030403137207,0.13600717484951,0.0420680493116379,1.541751865064e-10,0.044670645147562,0,0,0,0.776497840881348,411916.375,NA,NA
"PL229",2.09913420677185,11.4447708129883,21.1041297912598,12.4989814758301,19.004997253418,2.19509840011597,2.28689980506897,2.82922124862671,2.25549602508545,82.9143218994141,70.9296798706055,71.6830596923828,79.3413848876953,0.147762641310692,0.0359172001481056,1.03206151957913e-10,0.102040871977806,0,5.07469805381081e-15,0,0.712324023246765,432104,NA,NA
"PL22A",1.99861323833466,11.3943586349487,20.9806079864502,12.4015121459961,18.9819946289062,2.29405283927917,2.37105870246887,2.94374585151672,2.26980495452881,83.3183746337891,71.3222045898438,72.834602355957,79.9425277709961,0.0995384082198143,0.0333315841853619,7.32826022087352e-11,0.115292571485043,0,0,0,0.75052273273468,229185.578125,NA,NA
"PL22B",1.80549311637878,11.2591714859009,20.8575134277344,12.2135448455811,19.0520191192627,2.20722150802612,2.3733377456665,2.88795638084412,2.16887021064758,83.7417907714844,71.3839340209961,72.5317764282227,80.3148651123047,0.123133152723312,0.0439305491745472,5.0150245067826e-10,0.0546410940587521,0,0,0,0.778285980224609,604452.875,NA,NA
"PL22C",1.58328664302826,10.9634351730347,20.6529998779297,12.0781774520874,19.0697116851807,2.6677029132843,2.67663788795471,3.27123260498047,2.57508969306946,83.2749786376953,71.6819915771484,73.3431015014648,80.1061935424805,0.121359534561634,0.0424534231424332,4.95287604280747e-05,0.0968381762504578,0,3.09518372887396e-06,0,0.735764384269714,477692.96875,NA,NA
"PL411",2.20614194869995,10.6958255767822,20.1612586975098,11.8997383117676,17.9551162719727,1.88705229759216,1.70058465003967,2.42617106437683,1.77169728279114,86.2847671508789,72.8795013427734,72.7371826171875,83.7660598754883,0.286407709121704,0.0592455305159092,0.000366701860912144,0.00496250437572598,0,1.06828430582423e-14,0,0.644135117530823,356592.78125,NA,NA
"PL414",2.19335770606995,11.1749496459961,20.7095699310303,12.127552986145,18.5162124633789,1.66048765182495,1.60187721252441,2.34792065620422,1.66476929187775,85.2123184204102,72.0017166137695,71.0511322021484,81.8357086181641,0.372115641832352,0.0764282271265984,1.19506637918931e-09,0.00982282776385546,0,0,0,0.534542143344879,447707.25,NA,NA
"PL415",2.38280940055847,11.3759183883667,20.9788970947266,12.1811046600342,18.5960884094238,1.74252152442932,1.63409984111786,2.28273892402649,1.57573616504669,84.7682189941406,71.6943511962891,70.0803909301758,81.7550506591797,0.35912212729454,0.0567754097282887,4.32356067614492e-10,0.0486315414309502,0,0,0,0.531767904758453,90926.71875,NA,NA
"PL416",2.22788953781128,11.3241701126099,20.9363460540771,12.2641868591309,18.7084579467773,1.86740458011627,1.82919764518738,2.35962963104248,1.83350610733032,84.4008865356445,71.0356979370117,69.4433898925781,80.6877288818359,0.33174592256546,0.0636051371693611,1.4015589799854e-09,0.0111139342188835,0,1.37530770294078e-15,0,0.590744972229004,450181.3125,NA,NA
"PL417",2.54429960250854,11.4890050888062,21.1107654571533,12.4119262695312,18.5664653778076,1.8137001991272,1.72894656658173,2.26978731155396,1.64382266998291,84.4761962890625,71.1475219726562,69.1098327636719,81.2433319091797,0.316452741622925,0.063446506857872,2.30646273848834e-05,0.0128501942381263,0,2.40499182797404e-14,0,0.602703154087067,599035.75,NA,NA
"PL418",2.39648175239563,11.2649097442627,20.8383312225342,12.191704750061,18.4418487548828,1.77128899097443,1.64224517345428,2.31286549568176,1.62242949008942,85.0602798461914,71.770637512207,70.4305801391602,82.094123840332,0.350576251745224,0.0585786290466785,3.31291739712469e-05,0.0199066288769245,0,2.98110852918075e-15,0,0.567771792411804,795271.125,NA,NA
"PL424",2.71633505821228,10.9047555923462,20.2691078186035,12.1825819015503,17.552770614624,1.95204675197601,1.59784531593323,2.16205310821533,1.76967060565948,85.9783554077148,73.6206970214844,73.6983947753906,83.7721176147461,0.26165035367012,0.0557580254971981,1.28881394445557e-09,0.0214300025254488,0,7.62833671013805e-14,0,0.621167480945587,54326.4609375,NA,NA
"PL426",2.3697829246521,9.90717029571533,19.1930408477783,11.7880506515503,16.8232593536377,2.34956049919128,1.81776881217957,2.82293224334717,2.60703706741333,86.3759307861328,75.6474227905273,77.7157135009766,84.7382278442383,0.154071629047394,0.0881237015128136,0.000229652607231401,0.0240912828594446,0,7.40246402451119e-15,0,0.540746867656708,237060.421875,NA,NA
"PL427",2.30989789962769,10.3871011734009,19.7992248535156,11.8447065353394,17.4893283843994,2.26850986480713,1.83981680870056,2.57236289978027,2.07369661331177,86.805534362793,73.7124176025391,74.4323348999023,84.553092956543,0.210413828492165,0.0522965379059315,0.00166615471243858,0.00450951419770718,0,9.18447311476847e-15,0,0.718641400337219,478792.3125,NA,NA
"PL428",2.68486523628235,10.713415145874,20.1503200531006,12.1724872589111,17.4654541015625,2.0548267364502,1.6605544090271,2.32815408706665,1.92772376537323,85.7164077758789,73.9293823242188,73.8542327880859,83.4279098510742,0.251262992620468,0.0587987340986729,0.000181588198756799,0.0115475505590439,0,8.91010897875744e-14,0,0.593605875968933,548674.6875,NA,NA
"PL431",2.73441219329834,11.3297729492188,20.9250049591064,12.4544048309326,18.1905918121338,1.88471174240112,1.73813557624817,2.19359397888184,1.64019954204559,84.8849105834961,71.0266952514648,69.1043319702148,81.7702484130859,0.169279769062996,0.0522455945611,0.000762976240366697,0.00512530608102679,0,7.60995575636945e-15,0,0.766964733600616,352276.40625,NA,NA
"PL432",2.83609175682068,11.6238851547241,21.255392074585,12.7055807113647,18.4193000793457,1.96310889720917,1.89445102214813,2.31067514419556,1.77104914188385,83.6922607421875,70.2695159912109,67.7736892700195,80.5072631835938,0.179612010717392,0.0609828792512417,0.000311645766487345,0.0125659899786115,0,1.94929597975763e-15,0,0.742797017097473,612413.875,NA,NA
"PL514",2.41771078109741,11.6187534332275,21.3792324066162,12.584493637085,18.961519241333,1.75905668735504,1.87427508831024,2.38741040229797,1.76948738098145,82.9844741821289,70.7643737792969,69.2608947753906,80.0167541503906,0.276826947927475,0.0620848089456558,8.59650184370508e-10,0.0296051222831011,0,0,0,0.631317913532257,68144.875,NA,NA
"PL515",2.05550169944763,10.9421854019165,20.5942516326904,12.0988082885742,18.5387496948242,3.19150757789612,2.81028819084167,3.0596718788147,2.68352866172791,84.4439544677734,72.883415222168,71.9755401611328,82.3784408569336,0.219359487295151,0.0765327215194702,0.000879543018527329,0.0177505221217871,0,4.78010906590498e-06,0,0.684979319572449,473053.90625,NA,NA
"PL516",2.60668611526489,11.6659832000732,21.3276100158691,12.6425094604492,18.7209243774414,1.8126631975174,1.92250645160675,2.41301369667053,1.76583087444305,83.3362503051758,71.0289077758789,68.9560928344727,80.4972381591797,0.287410199642181,0.067561574280262,7.40399354981491e-06,0.0182344876229763,0,0,0,0.624399185180664,307962.21875,NA,NA
"PL517",0.892860412597656,9.9210090637207,19.791296005249,11.1758041381836,18.8984355926514,2.42583394050598,2.59052610397339,3.03966236114502,2.39094114303589,84.4178924560547,73.5545196533203,73.516471862793,82.6546173095703,0.254137247800827,0.0721599087119102,0.00125400838442147,0.0166330020874739,0,4.88887963001616e-07,0.0460098087787628,0.609777987003326,375485.40625,NA,NA
"PL518",2.23864245414734,11.4323272705078,21.2014102935791,12.4299039840698,18.9627666473389,1.75661170482635,1.93910574913025,2.46968603134155,1.8414797782898,82.8329238891602,70.9438858032227,69.6336364746094,80.0650024414062,0.305134147405624,0.0655961260199547,1.11458886564719e-09,0.0222006626427174,0,4.82493768381867e-15,0,0.60627555847168,1057355,NA,NA
"PL523",1.6506609916687,10.8948764801025,20.7470607757568,12.0547132492065,19.0964012145996,2.17311859130859,2.37639760971069,2.85245299339294,2.3098611831665,82.6941223144531,71.6169281005859,71.000129699707,79.9773025512695,0.325050532817841,0.0679504498839378,0.000516245723702013,0.0114339916035533,0,2.07267385121668e-05,0,0.593526482582092,281552.9375,NA,NA
"PL524",2.15842843055725,11.4656181335449,21.1991386413574,12.5017938613892,19.0407123565674,2.00748920440674,2.11447858810425,2.65272831916809,2.10157179832458,82.9966583251953,70.7017059326172,69.7905349731445,79.3683090209961,0.232654258608818,0.0496423467993736,7.58429985481257e-10,0.0134567944332957,0,3.49785813107042e-15,0,0.701130092144012,422514.6875,NA,NA
"PL613",2.04879951477051,10.7347784042358,20.0964260101318,11.8287391662598,18.0476264953613,1.60883402824402,1.52516949176788,2.45281076431274,1.67967748641968,86.2830123901367,73.5303421020508,74.0112762451172,83.6558609008789,0.329950839281082,0.076310969889164,8.70229666105615e-10,0.0231378991156816,0,0,0,0.561619222164154,401645.03125,NA,NA
"PL616",1.90371656417847,10.8035135269165,20.1786632537842,11.7946195602417,18.2749462127686,1.70690703392029,1.56526339054108,2.47663450241089,1.79054188728333,86.7592620849609,74.0602493286133,75.1572570800781,83.8950729370117,0.33820852637291,0.0849927291274071,3.04727382172132e-05,0.0161679945886135,0,0,0,0.551715731620789,400938.15625,NA,NA
"PL617",2.10967969894409,10.8454074859619,20.287389755249,11.9241981506348,18.1777095794678,1.58369386196136,1.53254079818726,2.37740349769592,1.62570130825043,85.9660415649414,73.0280380249023,72.8523330688477,83.1427154541016,0.376384913921356,0.0716320127248764,1.52665380337424e-09,0.0116478716954589,0,0,0,0.530120551586151,325314.34375,NA,NA
"PL618",1.97382354736328,10.3054008483887,19.6998538970947,11.6563100814819,17.7260284423828,1.87192571163177,1.66793942451477,2.46065592765808,1.87263250350952,87.0687866210938,74.3658294677734,75.1438369750977,84.5112380981445,0.246375501155853,0.0705877542495728,0.000129240288515575,0.0118514019995928,0,1.83203295029799e-15,0,0.661580920219421,288696.03125,NA,NA
"PL619",2.02316522598267,11.0650615692139,20.5335941314697,11.9739618301392,18.5104293823242,1.66778767108917,1.57414829730988,2.3839111328125,1.70131456851959,85.7715606689453,72.7261199951172,72.7908325195312,82.6884078979492,0.325925141572952,0.0842499807476997,1.60446300689898e-09,0.0110588828101754,0,0,0,0.560999512672424,258274.71875,NA,NA
"PL621",1.47235608100891,10.3995904922485,19.8819675445557,11.5022716522217,18.4096126556396,2.03387808799744,1.76933002471924,2.55542469024658,2.3017840385437,87.1097869873047,74.7893981933594,76.3815078735352,84.3316345214844,0.186296910047531,0.0952709689736366,0.000614719931036234,0.0078439125791192,0,0.00841547548770905,0,0.634432137012482,412739.125,NA,NA
"PL622",0.717859029769897,9.94821357727051,19.6976642608643,11.0490875244141,18.9798049926758,2.09897994995117,1.81433463096619,2.60565090179443,2.26174592971802,87.1317596435547,74.1962356567383,75.8508224487305,84.6088562011719,0.122128307819366,0.0483132898807526,6.88247018842958e-05,0.00742730312049389,9.87385556072695e-06,0.00681126490235329,0.464332520961761,0.328786015510559,509697.71875,NA,NA
"PL623",0.263540536165237,9.8685245513916,19.6995391845703,10.8054122924805,19.435998916626,1.93060076236725,1.77591300010681,2.69572377204895,2.13857412338257,86.8929824829102,73.7208709716797,75.5456619262695,84.6607513427734,0.140695467591286,0.055173933506012,0.000733431021217257,0.00681421719491482,1.07325731732999e-05,0.0152156054973602,0.112191244959831,0.614807486534119,275248.0625,NA,NA
"PL633",1.95230293273926,9.89064598083496,19.3506717681885,11.6358890533447,17.3983669281006,1.87504696846008,1.59960329532623,2.43643832206726,2.32552862167358,85.9993896484375,76.3659057617188,77.4814834594727,83.8866806030273,0.180754527449608,0.132921859622002,9.56951518027438e-10,0.0458177998661995,0,0,0,0.406191527843475,106798.4140625,NA,NA
"PL634",1.99409699440002,9.5603084564209,19.0312728881836,11.5496311187744,17.0371761322021,2.2615475654602,1.73083734512329,2.548748254776,2.54652690887451,86.3255157470703,76.8818664550781,78.3464660644531,84.3087539672852,0.153592228889465,0.125268161296844,0.000654665753245354,0.0207490622997284,0,1.57428185048047e-05,0,0.482117533683777,547417.6875,NA,NA
"PL636",2.09388470649719,9.44464492797852,18.8638935089111,11.5781660079956,16.7700099945068,2.74323105812073,1.90607953071594,2.79793405532837,2.91024947166443,86.8503265380859,76.4873428344727,78.5786895751953,85.0074081420898,0.119508035480976,0.105633087456226,9.65928338700905e-05,0.00447117490693927,0,0,0,0.66524738073349,248769.515625,NA,NA
"PL637",1.83533310890198,9.67983341217041,19.1501693725586,11.4176921844482,17.3148365020752,2.45110964775085,1.93082690238953,2.65105724334717,2.26211833953857,88.1231155395508,75.3534317016602,76.7951507568359,85.7267379760742,0.189035639166832,0.0746500045061111,0.000297152437269688,0.00314858579076827,0,4.44044237694519e-16,0,0.718803346157074,192757.203125,NA,NA
"PL638",1.91072177886963,10.315920829773,19.7203006744385,11.638014793396,17.8095779418945,1.7742041349411,1.62576568126678,2.42999911308289,2.06786775588989,86.6439056396484,75.1737899780273,76.2842102050781,84.0008544921875,0.232466965913773,0.0984905734658241,0.000639379082713276,0.0142466900870204,0,1.63134458707208e-15,0,0.594082236289978,378790.59375,NA,NA
"PL711",1.8907778263092,11.1871490478516,20.754487991333,12.0144910812378,18.8637104034424,2.08547782897949,1.88721430301666,2.3586540222168,1.85130798816681,85.134895324707,71.9080581665039,71.4076538085938,81.3851928710938,0.235536098480225,0.0477611310780048,1.10025599742158e-09,0.0513047091662884,0,0,0,0.665398061275482,80937.3359375,NA,NA
"PL712",1.87618625164032,11.1809597015381,20.7543640136719,12.0027198791504,18.8781776428223,2.08136510848999,1.88280916213989,2.359619140625,1.84711682796478,85.141845703125,71.9630432128906,71.5212631225586,81.4457168579102,0.240997731685638,0.0498362556099892,1.00886421439128e-09,0.0460319928824902,0,0,0,0.662878692150116,559332.75,NA,NA
"PL713",1.80667865276337,11.2571182250977,20.8590679168701,12.0668020248413,19.0523891448975,2.13090562820435,2.02912521362305,2.46371078491211,1.93831086158752,84.8492660522461,71.5847396850586,71.121696472168,81.0032043457031,0.202553272247314,0.0428096987307072,5.6846394258514e-10,0.012029480189085,0,0,0,0.742607533931732,463077.4375,NA,NA
"PL714",2.12550520896912,11.3726663589478,20.9561138153076,12.3000049591064,18.8306083679199,2.03855419158936,1.90677118301392,2.42408275604248,1.93750941753387,84.6081237792969,71.2265853881836,69.8884201049805,80.5500869750977,0.251605093479156,0.0528962165117264,1.49771495205897e-09,0.0150007670745254,0,0,0,0.680455923080444,538729.375,NA,NA
"PL715",1.86203610897064,11.2280111312866,20.7763423919678,11.9542646408081,18.9143047332764,1.87655472755432,1.75162529945374,2.32051944732666,1.76630187034607,84.9696426391602,72.1368408203125,72.2422180175781,81.8626251220703,0.272954821586609,0.0663125663995743,2.65418257185956e-05,0.0100817671045661,0,0,0,0.646373987197876,292544.78125,NA,NA
"PL721",1.35602247714996,11.1475839614868,20.8338375091553,11.8617916107178,19.4778156280518,1.99458968639374,2.11181712150574,2.55413150787354,1.89845979213715,84.3690185546875,71.4649658203125,71.9485778808594,81.0659408569336,0.155695259571075,0.0199445635080338,1.14354137270567e-09,0.0173264797776937,0,0,0,0.806783020496368,528319.8125,NA,NA
"PL722",1.49014925956726,11.3227224349976,21.0457191467285,12.0784387588501,19.555570602417,1.79206395149231,2.15542984008789,2.60980486869812,1.87272834777832,83.3584594726562,70.8085174560547,71.4324188232422,80.0795440673828,0.174339011311531,0.02620511315763,1.52539525455353e-09,0.0137304486706853,0,0,0,0.78467857837677,629339.5625,NA,NA
"PL811",0.704382598400116,10.9904899597168,20.9706153869629,11.5036382675171,20.2662315368652,1.81536948680878,1.88929796218872,2.33556485176086,1.76424098014832,84.8789443969727,71.3772430419922,71.1093063354492,81.2540893554688,0.304163485765457,0.0295547470450401,0.000527820142451674,0.00454958854243159,0,0.0366923958063126,0,0.621661424636841,260797.375,NA,NA
"PL812",0.731721758842468,11.0193319320679,21.0409526824951,11.7335090637207,20.309232711792,1.71253371238708,2.13905310630798,2.51959276199341,1.79687297344208,83.8356246948242,71.3997573852539,72.366943359375,80.2607040405273,0.366958141326904,0.0193070136010647,0.000142507633427158,0.00723422318696976,0,0.0356387086212635,0,0.569650948047638,506958.65625,NA,NA
"PL814",0.939287185668945,11.0197849273682,20.880256652832,11.6359462738037,19.9409694671631,2.01353096961975,2.15629100799561,2.43285465240479,1.8865807056427,84.3476104736328,71.1491317749023,71.7355499267578,80.9822769165039,0.395673036575317,0.0176498424261808,2.64332538790768e-05,0.0269214268773794,0,0,0,0.55811208486557,653991.25,NA,NA
"PL815",1.15548276901245,11.1446323394775,20.943733215332,11.7415342330933,19.7882499694824,1.9635591506958,2.08303284645081,2.41595530509949,1.89062762260437,84.0704116821289,70.7779541015625,71.5370864868164,80.9565582275391,0.304701596498489,0.0206594802439213,4.72312240162864e-06,0.00950279738754034,0,0,0,0.661552608013153,421929.125,NA,NA
"PL821",0.431069076061249,10.6066150665283,20.4988498687744,11.533088684082,20.0677795410156,2.19003415107727,2.98375177383423,3.37377572059631,2.47176694869995,84.5010528564453,73.2735977172852,76.3950881958008,81.8189849853516,0.114378795027733,0.0455290153622627,0.000370163470506668,0.00953889079391956,0,0.12519896030426,0.00880835298448801,0.696148872375488,355761.3125,NA,NA
"PL822",1.18984937667847,11.2721557617188,21.1270580291748,12.1250638961792,19.9372081756592,2.04922389984131,2.60935354232788,2.81106281280518,2.105060338974,83.0738677978516,71.5299453735352,73.6068878173828,79.7735061645508,0.24915786087513,0.0425688289105892,3.32894633174874e-05,0.0107395891100168,0,0.086407020688057,0,0.61109334230423,293336.3125,NA,NA
"PL823",1.31096065044403,11.3897838592529,21.1961822509766,12.1870880126953,19.8852233886719,2.06399154663086,2.54996204376221,2.84576725959778,2.07354259490967,82.7827758789062,70.796012878418,72.3104705810547,79.4969100952148,0.154278919100761,0.0329581871628761,8.24425342216273e-07,0.0191429331898689,0,0,0,0.793619155883789,465249.53125,NA,NA
"PL824",1.36859786510468,11.4115076065063,21.1874313354492,12.1403865814209,19.8188343048096,1.90448653697968,2.33081984519958,2.67921853065491,1.93151962757111,82.6661682128906,70.3524627685547,71.4010391235352,79.3904266357422,0.196445539593697,0.0212264768779278,2.60359001913457e-07,0.0183001011610031,0,0,0,0.763299822807312,550041.3125,NA,NA
"PL841",0.077655054628849,10.3336114883423,20.186315536499,10.848069190979,20.1086616516113,1.83407306671143,1.80060589313507,2.62386393547058,1.9075962305069,86.0127868652344,72.5801010131836,73.5648880004883,83.4490280151367,0.124942675232887,0.0646387711167336,0.00475748721510172,0.0177659206092358,0,0.01335927285254,0,0.772930443286896,488543.59375,NA,NA
"PL842",0.515468239784241,10.6138763427734,20.4352188110352,11.1221179962158,19.9197521209717,1.92340040206909,1.85058283805847,2.57443809509277,1.91961550712585,85.9330368041992,72.3947372436523,72.939079284668,83.0633697509766,0.136397033929825,0.0701241046190262,0.00282326247543097,0.00566200586035848,0,5.38727565772075e-15,0,0.784713804721832,416416.65625,NA,NA
"PL843",0.0554525032639503,10.0189752578735,19.8658542633057,10.742992401123,19.8104038238525,1.89900016784668,1.77094054222107,2.69219136238098,2.03899765014648,86.4212493896484,73.3253479003906,74.9745941162109,84.2969589233398,0.156339854001999,0.0626605600118637,0.0032294555567205,0.00671471003443003,0,0.0187496207654476,0,0.738971531391144,283788.59375,NA,NA
"PL911",1.5691249370575,11.2884397506714,20.9235706329346,11.7616567611694,19.3544464111328,1.93706595897675,1.67901182174683,2.37386512756348,1.72625970840454,84.6504440307617,71.3692016601562,72.2059097290039,82.1721420288086,0.0528446212410927,0.0150826945900917,7.72316821606722e-10,0.105772420763969,0,0,0,0.817807853221893,359703.5,NA,NA
"PL912",1.3292852640152,11.1339731216431,20.7837982177734,11.6261301040649,19.4545135498047,1.89145457744598,1.73075389862061,2.37017464637756,1.76643538475037,84.9123992919922,71.5074157714844,72.305534362793,82.3595199584961,0.0712403878569603,0.0193726047873497,0.000129578111227602,0.0566115342080593,0,0,0,0.848721444606781,1260944.5,NA,NA
"PL913",1.57878661155701,11.2320432662964,20.8868789672852,11.7716960906982,19.3080921173096,1.88442516326904,1.68277084827423,2.3324670791626,1.73229837417603,84.7009201049805,71.6497039794922,72.5425186157227,82.2060852050781,0.0799483582377434,0.0169146917760372,4.98687659273855e-05,0.0661602094769478,0,0,0,0.826310753822327,1116763.875,NA,NA
"PL921",1.36381757259369,11.1954908370972,20.8975486755371,11.7882766723633,19.5337314605713,1.82765185832977,1.98487973213196,2.41909837722778,1.85986542701721,83.9758071899414,71.1933135986328,72.0038528442383,81.2888870239258,0.175050377845764,0.0207418259233236,6.30723516223952e-05,0.0131636681035161,0,0,0,0.786039173603058,580965.125,NA,NA
"PL922",1.38968133926392,10.8666610717773,20.4363059997559,11.5948848724365,19.0466251373291,1.91291618347168,1.71081757545471,2.34106731414795,1.8307272195816,86.3898010253906,73.015510559082,74.0242538452148,83.5577850341797,0.107627153396606,0.0319711044430733,3.12648298859131e-05,0.00541700841858983,0,7.26662736246327e-16,0,0.852976500988007,288884.71875,NA,NA
"PL923",1.723273396492,11.0346536636353,20.551736831665,11.830548286438,18.8284645080566,1.77661871910095,1.64394724369049,2.29616594314575,1.72949433326721,85.8363723754883,72.7754440307617,73.1839981079102,82.8095169067383,0.253862351179123,0.0856161937117577,1.17690468481868e-09,0.0100852977484465,0,0,0,0.639916598796844,255842.890625,NA,NA
"PL924",0.971391260623932,10.6780433654785,20.349817276001,11.3244800567627,19.3784255981445,1.99592590332031,1.85367023944855,2.54365992546082,1.96729516983032,86.0574340820312,72.4312973022461,73.153938293457,83.3681564331055,0.0715678855776787,0.0297139473259449,4.89947815367486e-05,0.00367595255374908,0,7.93911275967247e-15,0,0.894692599773407,309572.75,NA,NA
"PL925",1.02761769294739,11.0365686416626,20.7736053466797,11.5099363327026,19.7459869384766,1.85525071620941,1.83159863948822,2.41294431686401,1.85045075416565,85.2508773803711,71.8569641113281,72.4362640380859,82.4585571289062,0.155334994196892,0.0587985143065453,5.78458675590809e-05,0.00717470655217767,0,0,0,0.776244401931763,438604.6875,NA,NA
"PL926",1.62016701698303,11.2465667724609,20.8986377716064,11.8284339904785,19.278470993042,1.83265817165375,1.80672121047974,2.33615469932556,1.78991460800171,84.3380813598633,71.5251007080078,72.2783584594727,81.739860534668,0.158369213342667,0.0225984435528517,0.000248409080086276,0.0070505989715457,0,0,0,0.805736303329468,206373.546875,NA,NA
"PT111",9.61408233642578,13.1520299911499,22.1008453369141,16.8439044952393,12.4867630004883,6.69243240356445,3.58363604545593,0.940414428710938,5.43965244293213,82.0954360961914,75.670783996582,72.5720825195312,79.0114059448242,0.0625395700335503,0.0736232325434685,4.8145815112477e-10,0.0181302595883608,9.49968580243876e-06,0,0.683881103992462,0,200634.640625,NA,NA
"PT112",9.27917766571045,12.9072256088257,22.0069770812988,16.6277885437012,12.7277984619141,6.43975019454956,3.45881748199463,0.879977822303772,5.13421249389648,82.0894927978516,75.0627136230469,71.2109603881836,78.2762680053711,0.0677587315440178,0.0546604506671429,3.51837142753553e-10,0.0326007604598999,6.32731143923593e-06,0,0.701286733150482,0,190594.25,NA,NA
"PT119",8.60765361785889,12.579891204834,22.2710876464844,16.3426170349121,13.6634330749512,5.87196779251099,3.17862701416016,0.763845682144165,4.54353952407837,82.4552383422852,73.6814346313477,68.3055725097656,76.8300857543945,0.089542493224144,0.094684936106205,0.000322634121403098,0.0270144250243902,4.72452029498527e-06,0,0.756902754306793,0,263528,NA,NA
"PT11A",11.2619829177856,14.8787899017334,23.5701808929443,18.6158924102783,12.308198928833,5.62283849716187,2.97306776046753,0.660905539989471,4.28900051116943,81.3485946655273,74.0044479370117,69.6956253051758,76.9490737915039,0.0826700329780579,0.0391983613371849,7.77468533996739e-10,0.0691218227148056,0,0,0.613686382770538,0,615623.5,NA,NA
"PT11B",7.07069444656372,11.8204259872437,22.7861042022705,15.5632419586182,15.7154083251953,4.98221588134766,2.89434313774109,0.845731258392334,3.95588302612305,82.4139022827148,71.231071472168,63.3002738952637,74.0735321044922,0.071418285369873,0.196287542581558,0.00166650139726698,0.00415975134819746,1.1094349247287e-05,0.00754382135346532,0.712844371795654,0.00229055411182344,82326.296875,NA,NA
"PT11C",9.4516134262085,13.4056177139282,22.9573860168457,17.1762847900391,13.5057735443115,5.51844835281372,2.92320322990417,0.65696519613266,4.16356468200684,82.0922012329102,73.0810852050781,67.6208114624023,76.2627563476562,0.125498846173286,0.101636111736298,1.85486881409958e-09,0.0237583350390196,0,0,0.749106645584106,0,420002.9375,NA,NA
"PT11D",8.09074592590332,12.9314432144165,24.0938110351562,16.7246837615967,16.0030651092529,3.54680776596069,1.91588151454926,0.592888534069061,2.82975292205811,81.6910705566406,68.7724609375,59.001838684082,71.7769927978516,0.0933756679296494,0.211419492959976,0.00395189039409161,0.00513819511979818,8.44897751761664e-09,0.268806219100952,0.318717449903488,0.0985910668969154,161916.765625,NA,NA
"PT11E",7.58904933929443,13.1423902511597,24.8354034423828,16.7147159576416,17.2463531494141,3.26724696159363,1.90891003608704,0.68909877538681,2.6831111907959,80.5131912231445,66.5170822143555,55.0046844482422,69.6005020141602,0.109305858612061,0.224624186754227,0.0178381446748972,0.0022645010612905,7.64472315495368e-06,0.187545508146286,0.344870805740356,0.112622812390327,104027.9609375,NA,NA
"PT150",13.1406965255737,16.8615760803223,26.0675182342529,20.6394176483154,12.9268217086792,3.13546538352966,1.33019292354584,0.118330486118793,1.98421931266785,78.2804489135742,66.7959518432617,54.9955596923828,70.1312866210938,0.0783188715577126,0.0286614373326302,0.00513517251238227,0.00717533519491553,0,0.442262560129166,0,0.22806105017662,307121.4375,NA,NA
"PT16B",12.7983102798462,15.9082384109497,23.8303756713867,19.6521835327148,11.0320663452148,2.97662496566772,1.5179032087326,0.207880482077599,2.24911570549011,80.06640625,74.4118728637695,72.2924957275391,78.0816116333008,0.135374814271927,0.0920254439115524,3.5371676858631e-06,0.013200513087213,0,0.0765838474035263,0.305406033992767,0.0598861575126648,282459.53125,NA,NA
"PT16D",11.9735155105591,15.5298757553101,24.2748184204102,19.3633041381836,12.3013019561768,5.14721393585205,2.78407406806946,0.5766561627388,3.91895055770874,80.6043548583984,73.7724838256836,69.5666732788086,76.4692535400391,0.0684110298752785,0.0352085307240486,3.9915748484276e-10,0.0309042148292065,0,0,0.621995210647583,0,167528.390625,NA,NA
"PT16E",11.5684471130371,15.2789220809937,24.871768951416,19.2822017669678,13.3033218383789,4.1900372505188,2.19202041625977,0.428102165460587,3.18910717964172,80.4975280761719,72.5233535766602,66.0695343017578,74.5241775512695,0.0730921477079391,0.071800947189331,0.00137181975878775,0.0165645144879818,0,0.154951706528664,0.563211679458618,0.0218509547412395,304299.625,NA,NA
"PT16F",12.1615409851074,15.6500329971313,24.830358505249,19.6670455932617,12.6688165664673,3.60913348197937,1.8537585735321,0.313960820436478,2.64411497116089,79.9228286743164,72.7253570556641,67.4365463256836,75.1946182250977,0.0863366052508354,0.074383944272995,3.48019909779396e-07,0.0297733824700117,0,0.550380110740662,0.0431741774082184,0.177149340510368,175850.78125,NA,NA
"PT16G",10.2678327560425,14.4487628936768,24.6553382873535,18.4184055328369,14.3875064849854,4.88799333572388,2.63779616355896,0.589415073394775,3.62675142288208,82.1264724731445,71.9844818115234,63.1488609313965,73.4429550170898,0.0658844485878944,0.11928678303957,0.000164144978043623,0.0148293999955058,0,0.0225139632821083,0.772054553031921,0.00526673765853047,229233.53125,NA,NA
"PT16H",10.6641283035278,15.2829580307007,26.9311008453369,19.5421867370605,16.2669715881348,3.32771444320679,1.73179221153259,0.313257038593292,2.75122570991516,78.6953430175781,65.4305725097656,49.5533828735352,66.1215515136719,0.0916386768221855,0.173819497227669,0.0257096514105797,0.00361534510739148,0,0.46877920627594,0,0.236303761601448,83682.421875,NA,NA
"PT16I",11.9147968292236,15.6553869247437,25.3707256317139,19.7477760314941,13.4559288024902,3.46164584159851,1.78558433055878,0.297189682722092,2.6132071018219,79.7625885009766,70.1183166503906,60.8736038208008,72.2539215087891,0.0827906727790833,0.083653137087822,0.00439983420073986,0.0139064593240619,0,0.602956712245941,0,0.205880492925644,142959.625,NA,NA
"PT16J",9.09781360626221,13.8986492156982,25.6120796203613,18.0317535400391,16.5142650604248,3.66577911376953,2.03706693649292,0.466856628656387,3.04863595962524,80.7721862792969,67.5778503417969,53.4288787841797,68.6011581420898,0.0860434919595718,0.232544854283333,0.0167016722261906,0.00572011899203062,0,0.446654319763184,0.0255985725671053,0.186622872948647,187089.828125,NA,NA
"PT170",13.6357002258301,16.8387336730957,24.7666778564453,20.5718727111816,11.1309776306152,2.84364366531372,1.36543166637421,0.196734964847565,2.06020832061768,79.5595703125,72.4276657104492,67.6432037353516,75.7542266845703,0.113077715039253,0.0799216479063034,7.05142883816734e-05,0.110208727419376,0,0.222956985235214,0.0092901773750782,0.223304763436317,1926879.375,NA,NA
"PT181",13.3449220657349,16.9855613708496,25.8931751251221,20.8312301635742,12.5482540130615,2.80168128013611,1.2684839963913,0.147362887859344,1.87436246871948,78.804443359375,69.8897552490234,62.5027770996094,73.1281051635742,0.12430939078331,0.0663088783621788,0.0197027381509542,0.00216119503602386,0,0.273838937282562,0,0.269810706377029,86661.171875,NA,NA
"PT184",12.800145149231,17.1119422912598,27.3007144927979,21.0338153839111,14.5005683898926,2.56490397453308,1.29429483413696,0.163058787584305,1.77373087406158,77.9365768432617,64.7847366333008,51.4642143249512,67.4464645385742,0.207281395792961,0.0910572931170464,0.0175285432487726,0.00278568058274686,0,0.204214811325073,0,0.465466499328613,127831.703125,NA,NA
"PT185",13.0205326080322,16.6064968109131,25.8523597717285,20.6621265411377,12.8318271636963,2.84501457214355,1.41686260700226,0.199634313583374,2.18571138381958,79.4339599609375,69.1248168945312,59.907600402832,71.9719924926758,0.173460155725479,0.129879623651505,0.00756172509863973,0.0160904638469219,0,0.300484776496887,0,0.36674565076828,295127.34375,NA,NA
"PT186",11.9262266159058,16.4007873535156,27.6936531066895,20.7007350921631,15.7674283981323,2.9339714050293,1.4973247051239,0.255383789539337,2.38115859031677,78.2448196411133,64.9934463500977,49.9628639221191,66.060302734375,0.191972374916077,0.184441462159157,0.0172573551535606,0.00389690604060888,0,0.243160903453827,0,0.359270989894867,112770.5,NA,NA
"PT187",12.5861234664917,16.8598251342773,27.4677543640137,21.0294609069824,14.8816318511963,2.55825138092041,1.33709955215454,0.197292521595955,2.00602555274963,77.8435516357422,65.018180847168,51.0537643432617,66.8990936279297,0.229534059762955,0.17854206264019,0.0179530493915081,0.00541228288784623,0,0.166896194219589,0,0.400921523571014,173870.234375,NA,NA
"RO111",2.17633700370789,12.7182035446167,23.5061416625977,14.0859327316284,21.3298034667969,2.44708490371704,2.69914937019348,2.32215046882629,2.00618410110474,82.843017578125,68.7129821777344,66.5584335327148,73.4149856567383,0.223488047719002,0.104040667414665,0.010764479637146,0.00269408710300922,0,0.21389003098011,0.0160873103886843,0.429035365581512,296989.65625,NA,NA
"RO112",-0.8366419672966,10.0813102722168,20.1650371551514,11.0364542007446,21.0016803741455,2.03644442558289,2.6638286113739,3.21631336212158,1.96891748905182,84.4102554321289,74.3106994628906,78.3578796386719,81.5093460083008,0.223144218325615,0.00211151037365198,8.61819682285159e-09,0.00496638333424926,1.96521182189436e-20,0.00630764057859778,0.715402126312256,0.048068143427372,222356.890625,NA,NA
"RO113",0.635947287082672,11.2320461273193,21.6287727355957,12.4641094207764,20.9928226470947,2.18514084815979,2.73730301856995,2.76185631752014,1.84230983257294,83.751579284668,72.6052780151367,73.9185104370117,78.3106384277344,0.19882470369339,0.133623152971268,0.0180007480084896,0.00846176408231258,0,0.194520428776741,0.12420579046011,0.322363436222076,558176.25,NA,NA
"RO114",-1.25883948802948,9.40547466278076,19.5672607421875,10.4638833999634,20.826099395752,2.5695333480835,3.00604796409607,3.54228711128235,2.40079617500305,87.1015396118164,77.8520736694336,81.9327392578125,84.5309753417969,0.0839287117123604,0.0847591385245323,0.0103318197652698,0.00896907970309258,1.80948731676301e-19,0.0132722342386842,0.779068827629089,0.019670195877552,368301.8125,NA,NA
"RO115",1.75257253646851,12.7289772033691,23.1113891601562,13.5882816314697,21.3588161468506,2.0555477142334,2.3165397644043,2.4508330821991,1.8375495672226,83.9308547973633,70.4826278686523,70.6559448242188,77.0654067993164,0.256452947854996,0.130573198199272,0.00119313143659383,0.00797849614173174,3.93458212784026e-05,0.0515642687678337,0.244174540042877,0.308024048805237,279538.40625,NA,NA
"RO116",1.07044339179993,11.794017791748,22.1174774169922,12.8215770721436,21.0470352172852,1.8402715921402,2.40076923370361,2.64920949935913,1.75662446022034,85.3461303710938,73.7455368041992,74.8662948608398,79.9384384155273,0.185949191451073,0.158637955784798,0.0045274724252522,0.00547176832333207,0,0.20977945625782,0.0664185956120491,0.369215577840805,144434.296875,NA,NA
"RO121",0.515476107597351,10.6495485305786,21.2571887969971,12.2326011657715,20.7417125701904,1.65660834312439,2.38638520240784,2.49524259567261,1.48077642917633,81.3096771240234,71.7013702392578,72.7017593383789,75.9912261962891,0.133003756403923,0.113994680345058,0.0259900484234095,0.00405020639300346,1.10829463016996e-30,0.117334917187691,0.373917400836945,0.231708973646164,224208.765625,NA,NA
"RO122",0.179073289036751,10.8436431884766,21.5275993347168,12.3221435546875,21.3485260009766,1.52189695835114,2.43846726417542,2.93202233314514,1.52063047885895,82.190544128418,72.7749710083008,72.3321685791016,76.0703277587891,0.104940794408321,0.0587045215070248,0.0159810278564692,0.00741841271519661,0,0.356861025094986,0.0859200581908226,0.370174139738083,361392.78125,NA,NA
"RO123",-0.697218537330627,10.1998672485352,21.106481552124,11.7105951309204,21.8036994934082,1.37141668796539,2.27689075469971,2.72076320648193,1.39914727210999,82.8949508666992,73.5758209228516,73.5221328735352,77.3810119628906,0.0996075943112373,0.0722524598240852,0.0221039056777954,0.00969188287854195,0,0.334544807672501,0.311738401651382,0.150060936808586,245151.140625,NA,NA
"RO124",-1.89245903491974,9.02508449554443,19.3156089782715,10.2278919219971,21.2080669403076,1.38213455677032,2.31003928184509,2.78525495529175,1.44179797172546,83.2680206298828,74.1655578613281,77.2806549072266,79.8090362548828,0.142047300934792,0.0122692165896297,0.0054592783562839,0.00351859256625175,0,0.0328102000057697,0.786628782749176,0.0172365661710501,210446.515625,NA,NA
"RO125",0.193563967943192,11.1447420120239,21.1013507843018,12.0609693527222,20.9077854156494,1.43077623844147,2.37453150749207,2.92880773544312,1.53715813159943,83.2389526367188,73.3963851928711,77.6139450073242,79.5018157958984,0.32121530175209,0.000480756105389446,1.06545163802707e-08,0.00678394129499793,0,0.0746744722127914,0.385736048221588,0.211109474301338,377417.625,NA,NA
"RO126",0.686617016792297,11.1143665313721,21.5511856079102,12.4702730178833,20.8645687103271,1.46449458599091,2.51851153373718,3.01333117485046,1.5659008026123,81.7797012329102,72.2537002563477,73.6533813476562,76.662109375,0.151278868317604,0.0519483350217342,0.0161045137792826,0.00624736817553639,0,0.323521852493286,6.10116694588214e-05,0.450838029384613,301306.5625,NA,NA
"RO211",0.166508287191391,11.5191144943237,22.7930679321289,12.8366584777832,22.6265602111816,1.15294408798218,2.01966714859009,2.29706716537476,1.27112209796906,81.0515518188477,70.0431289672852,69.0780334472656,75.5313568115234,7.28418453945778e-05,0.184014782309532,0.0143350819125772,0.00833033584058285,0,0.270661443471909,0.119784027338028,0.402366429567337,374439.53125,NA,NA
"RO212",1.24431157112122,12.7348861694336,24.356803894043,13.890377998352,23.112491607666,1.24315655231476,1.93005931377411,2.17069935798645,1.25870561599731,80.9511413574219,66.6758117675781,65.3479766845703,74.2587356567383,0.166934072971344,0.144894197583199,0.00188451271969825,0.00752451783046126,0,0.100259356200695,0,0.577961504459381,312406.6875,NA,NA
"RO213",1.21778392791748,12.9711961746216,24.6653003692627,14.1661682128906,23.4475154876709,1.44255292415619,2.03828573226929,2.00545954704285,1.35003674030304,81.4922180175781,66.2745895385742,62.9771347045898,72.7462539672852,0.0144126117229462,0.180847853422165,0.000721542339306325,0.00856535229831934,0,0.119709298014641,0,0.675631046295166,396583.625,NA,NA
"RO214",-0.820279121398926,10.4443817138672,21.4125003814697,11.674204826355,22.232780456543,1.30462157726288,2.32330965995789,2.66481590270996,1.32579731941223,81.3089065551758,71.1186065673828,71.5611953735352,77.3070068359375,0.0095907598733902,0.143945947289467,0.0068621076643467,0.00967811048030853,0,0.367063134908676,0.08078832924366,0.379607647657394,328686.0625,NA,NA
"RO215",-1.46266424655914,9.47924327850342,20.1394195556641,10.7050867080688,21.6020832061768,1.37972819805145,2.49999165534973,3.08784484863281,1.47980844974518,81.3611831665039,72.7466659545898,74.8882293701172,79.2690963745117,0.0559930801391602,0.050304152071476,0.00032297070720233,0.00672276457771659,5.1082936566544e-22,0.414625138044357,0.154141753911972,0.31721642613411,366511.96875,NA,NA
"RO216",1.40297245979309,13.0384464263916,24.9541397094727,14.4555902481079,23.5511684417725,1.40835773944855,1.75652968883514,1.74829983711243,1.31698250770569,81.4451522827148,66.4186019897461,61.4387550354004,71.4528274536133,0.141097530722618,0.175914287567139,0.000238276144955307,0.00488745654001832,0,0.0970001220703125,0,0.580759227275848,224269.90625,NA,NA
"RO221",3.1893994808197,14.4002046585083,27.1439170837402,16.4698696136475,23.9545192718506,1.41346919536591,1.36161398887634,1.41464340686798,1.10110592842102,80.7977905273438,66.0335311889648,56.7276649475098,69.3238143920898,0.478034973144531,0.166422739624977,0.0219205114990473,0.00868548918515444,0,0.0191370043903589,0,0.287853538990021,315233.3125,NA,NA
"RO222",1.70249772071838,12.9208393096924,24.9800930023193,14.7438879013062,23.2775955200195,1.46666622161865,1.80607867240906,2.20109486579895,1.32057869434357,79.8619232177734,67.6895523071289,61.3205909729004,70.5681838989258,0.326109141111374,0.172348663210869,0.00949181243777275,0.00892207771539688,0,0.150527492165565,0.0981808230280876,0.23290590941906,317665,NA,NA
"RO223",4.50376558303833,13.8215684890747,26.7168483734131,17.0683250427246,22.2130832672119,1.3249169588089,1.37130260467529,1.16590702533722,1.26099467277527,80.7533340454102,69.9530868530273,61.4832878112793,71.9306182861328,0.516143321990967,0.0991018787026405,0.0144101651385427,0.00505496980622411,0,0.0197515841573477,0,0.222879827022552,287538.90625,NA,NA
"RO224",2.21765089035034,13.7960262298584,26.3139495849609,15.5226821899414,24.0962982177734,1.46257650852203,1.57432663440704,1.5761079788208,1.30314481258392,80.6814651489258,65.4458160400391,57.2944030761719,69.6103744506836,0.424683541059494,0.161691069602966,0.0183554012328386,0.00524439988657832,0,0.0358435176312923,0,0.34888106584549,227735.5625,NA,NA
"RO225",3.76247239112854,13.7124366760254,26.6851329803467,16.3900299072266,22.9226589202881,1.28046560287476,1.13585638999939,0.967370390892029,1.09099102020264,81.3391723632812,69.3522872924805,59.7971954345703,71.8849792480469,0.367109328508377,0.103055223822594,0.111484289169312,0.00653049862012267,0,0.0601781755685806,0,0.1295295804739,262803.28125,NA,NA
"RO226",0.737483084201813,11.9885368347168,23.9235382080078,13.6946249008179,23.1860542297363,1.57451963424683,2.03168725967407,2.25722002983093,1.45357024669647,79.6449432373047,67.9404067993164,63.0079650878906,71.5171661376953,0.204896077513695,0.160727486014366,0.0044218897819519,0.0078733516857028,0,0.345165908336639,0.00328323617577553,0.272992312908173,207511.9375,NA,NA
"RO311",1.32440996170044,11.8906192779541,23.4161758422852,13.8051843643188,22.0917644500732,1.63341200351715,2.30327129364014,2.75430345535278,1.54291582107544,81.9668350219727,71.0447387695312,68.7080688476562,74.4225082397461,0.109777867794037,0.0449174083769321,0.0109361605718732,0.00816639326512814,0,0.126429930329323,0.577449977397919,0.122322261333466,423410.53125,NA,NA
"RO312",3.63146018981934,14.6250848770142,27.434061050415,16.9140949249268,23.8026008605957,1.68954062461853,1.60138773918152,1.64444673061371,1.39931035041809,82.0637512207031,67.5460510253906,58.6718406677246,69.6164169311523,0.446402579545975,0.143580436706543,0.024115227162838,0.0127719603478909,0,0.0247113723307848,0,0.327515453100204,671165.875,NA,NA
"RO313",1.98790347576141,12.836067199707,24.8139705657959,14.8390369415283,22.8260669708252,1.66037034988403,2.09450316429138,2.52992939949036,1.51507151126862,82.1522064208984,70.3413391113281,66.011344909668,72.9510116577148,0.154547721147537,0.0410780981183052,0.00472831912338734,0.00952187832444906,0,0.183436021208763,0.516629278659821,0.0900587141513824,335696,NA,NA
"RO314",3.42858982086182,14.6538133621216,27.5436820983887,16.9452896118164,24.1150913238525,2.02913236618042,1.71526658535004,1.84550714492798,1.4223405122757,82.9963607788086,67.4165725708008,58.8015174865723,68.911506652832,0.35275337100029,0.0753655806183815,0.0105129452422261,0.0228830836713314,0,0.0215160679072142,0.0256926193833351,0.489898145198822,919985.875,NA,NA
"RO315",3.37689065933228,14.4673042297363,27.2339057922363,16.6877288818359,23.8570156097412,1.42842698097229,1.40515780448914,1.56154108047485,1.21740341186523,81.4559555053711,66.9039611816406,57.6729049682617,69.4326858520508,0.480134695768356,0.151847809553146,0.0240168832242489,0.00423705345019698,0,0.00971149560064077,0,0.323129892349243,178990.5,NA,NA
"RO316",1.42557966709137,12.0378532409668,23.7618083953857,13.9989757537842,22.3362274169922,1.73214185237885,2.08763098716736,2.64779758453369,1.54166162014008,81.0674896240234,70.3806533813477,66.2181854248047,72.9402313232422,0.175142645835876,0.090412549674511,0.0121898893266916,0.0101622305810452,0,0.23293673992157,0.253239393234253,0.22591657936573,418473.40625,NA,NA
"RO317",3.43993711471558,14.8227033615112,27.7104377746582,17.1582107543945,24.2705020904541,1.6691335439682,1.60072112083435,1.73791587352753,1.20259439945221,82.5758743286133,66.4123764038086,57.015380859375,67.68359375,0.390108823776245,0.0764469802379608,0.00587258022278547,0.00655164523050189,0,0.0163306500762701,0.000160706913447939,0.502944469451904,252725,NA,NA
"RO321",3.3443443775177,14.6499996185303,27.4976100921631,16.7929573059082,24.153263092041,2.30664229393005,1.78458273410797,1.83758366107941,1.50994229316711,83.1369781494141,67.6069259643555,58.9288063049316,69.5877456665039,0.383609652519226,0.0989532396197319,0.0280938372015953,0.0613470040261745,0,0.0209264047443867,0.0016053068684414,0.405178189277649,172413,NA,NA
"RO322",3.13376879692078,14.5502700805664,27.1973915100098,16.5732440948486,24.0636253356934,1.9696398973465,1.75086963176727,1.96019518375397,1.47132301330566,82.8077011108398,67.65283203125,59.558479309082,70.0307464599609,0.374940603971481,0.0924909114837646,0.0102907866239548,0.0314538329839706,0,0.0253558941185474,0.0473025217652321,0.418060511350632,544430.5,NA,NA
"RO411",3.81631374359131,14.7611675262451,27.1207408905029,16.6845836639404,23.3044261932373,1.72726964950562,1.91709852218628,1.8114128112793,1.3636965751648,81.5877914428711,65.0882339477539,55.7606239318848,67.0840072631836,0.224979534745216,0.0976650342345238,0.0103336861357093,0.00927458703517914,0,0.0207819510251284,0.0619161948561668,0.573516428470612,474717.84375,NA,NA
"RO412",1.37074279785156,11.2942571640015,22.8355770111084,13.403470993042,21.4648342132568,1.87977814674377,2.45511102676392,2.54532670974731,1.69683277606964,81.8671417236328,70.5152359008789,68.5122680664062,74.1171035766602,0.0929241478443146,0.029841098934412,0.00765162240713835,0.00548331625759602,0,0.15622690320015,0.651179730892181,0.0565181970596313,215467.390625,NA,NA
"RO413",3.497403383255,13.7636585235596,26.0814552307129,15.8726053237915,22.5840511322021,1.83022820949554,2.20243096351624,1.96624350547791,1.60146379470825,82.8908767700195,67.4766235351562,60.1020660400391,70.5212020874023,0.155884727835655,0.0464507825672626,0.00120832596439868,0.0054989792406559,1.3284253257931e-20,0.0083999615162611,0.53326803445816,0.245410099625587,196836.46875,NA,NA
"RO414",3.23364162445068,14.7324857711792,27.3218479156494,16.7735481262207,24.0882053375244,1.70269525051117,1.80660104751587,1.97229588031769,1.27667319774628,82.3406372070312,66.0534820556641,57.8433990478516,68.3544158935547,0.293501853942871,0.0619667209684849,0.00323746609501541,0.00848502665758133,0,0.017840001732111,0.179589629173279,0.434826642274857,285371.0625,NA,NA
"RO415",1.16488111019135,11.5502624511719,22.9257392883301,13.4118051528931,21.7608585357666,1.81585788726807,2.37501668930054,2.60154247283936,1.56354689598083,81.5425109863281,70.4824600219727,69.3626022338867,74.6739807128906,0.0909055024385452,0.0351832918822765,0.00863523595035076,0.0064768148586154,0,0.294238120317459,0.473774582147598,0.09078648686409,202092.03125,NA,NA
"RO421",3.06028604507446,13.3053874969482,24.4308319091797,15.0131521224976,21.3705463409424,1.94458484649658,2.27919888496399,1.91302633285522,1.70751595497131,82.9126968383789,68.746826171875,66.5406188964844,72.7628631591797,0.243426620960236,0.0539982467889786,0.00116799934767187,0.00232820399105549,0,0.21838790178299,0.0281724650412798,0.45251852273941,290673.46875,NA,NA
"RO422",2.46494650840759,11.9442768096924,23.8671588897705,14.4472951889038,21.402214050293,2.26994466781616,2.64527916908264,2.48510265350342,1.93821048736572,83.6131210327148,70.7772445678711,67.5942916870117,73.2190170288086,0.0828187540173531,0.0792774260044098,0.00483760749921203,0.00776500720530748,1.46370788769866e-20,0.382897108793259,0.210496813058853,0.228892728686333,201959.203125,NA,NA
"RO423",0.872085869312286,10.5278768539429,21.5632019042969,12.5781288146973,20.6911163330078,1.71626758575439,2.39298677444458,2.37641024589539,1.58005273342133,81.737907409668,72.5449295043945,73.0866088867188,75.8976974487305,0.0570515245199203,0.0536674223840237,0.00908685754984617,0.00689903739839792,2.87922464177415e-30,0.106138445436954,0.722994863986969,0.0441619008779526,263836.375,NA,NA
"RO424",3.90635776519775,14.1528244018555,25.9887828826904,16.2383308410645,22.082426071167,1.60819327831268,2.03020453453064,1.74910688400269,1.51374363899231,82.3042144775391,66.4471664428711,61.315990447998,69.1110458374023,0.274516522884369,0.14996699988842,0.00109482300467789,0.00941363628953695,0,0.114816918969154,0.00112396141048521,0.449067115783691,578240.8125,NA,NA
"RSG125371",3.24564480781555,13.1196670532227,25.5717258453369,15.5118856430054,22.3260822296143,1.80673885345459,2.16007733345032,1.87169361114502,1.68410289287567,84.3672714233398,68.5296096801758,59.8610916137695,71.365234375,0.124803982675076,0.0473910756409168,0.00304741295985878,0.00428342260420322,1.34916405237538e-20,0.0777986496686935,0.167891174554825,0.570294320583344,78723.1953125,NA,NA
"RSG125372",3.7538800239563,13.478253364563,26.1091766357422,16.0041847229004,22.355297088623,1.78218519687653,2.11629128456116,1.90331637859344,1.72955214977264,82.6863555908203,67.5678787231445,59.8118515014648,69.5000228881836,0.172497630119324,0.0988192930817604,0.00827150139957666,0.00989164412021637,3.3677503873949e-23,0.231581792235374,0.0002906663576141,0.473274856805801,115353.6015625,NA,NA
"RSG125373",5.02507591247559,14.9665231704712,27.1018238067627,17.1913242340088,22.0767478942871,1.56925070285797,1.99865293502808,1.88884603977203,1.66721534729004,80.1204833984375,64.5900192260742,58.4172630310059,67.7276382446289,0.284114986658096,0.132553473114967,0.000269979296717793,0.0854532048106194,0,0.00612800288945436,0,0.491464585065842,1162288.625,NA,NA
"RSG125374",3.09134554862976,12.6107444763184,24.8195018768311,15.3855438232422,21.728157043457,1.41822636127472,1.75955510139465,1.64150011539459,1.52085185050964,79.1167678833008,66.8044052124023,57.8853149414062,67.4532852172852,0.211408570408821,0.117458313703537,0.00510717974975705,0.019851865246892,0,0.183510422706604,0,0.462397247552872,206822.8125,NA,NA
"RSG125375",4.57862663269043,14.8773307800293,26.8392772674561,16.8749179840088,22.2606506347656,1.45904648303986,1.82803571224213,1.65242433547974,1.68332350254059,82.0699615478516,64.087287902832,56.6761322021484,68.4545211791992,0.470740526914597,0.0641707628965378,0.00309653650037944,0.0246645305305719,0,0.00876303017139435,0,0.42845830321312,470198.40625,NA,NA
"RSG125376",4.8280782699585,14.9536581039429,27.2464351654053,17.2075881958008,22.4183559417725,1.59900677204132,1.98555636405945,1.81435799598694,1.62727046012878,80.9822692871094,64.7002334594727,58.197452545166,67.0033187866211,0.320978999137878,0.159211173653603,0.00669221580028534,0.0179161410778761,0,0.00355585268698633,0,0.489108055830002,342744.71875,NA,NA
"RSG125377",3.74134826660156,13.1243534088135,25.0375308990479,15.5519533157349,21.2961826324463,1.79168832302094,2.24152112007141,1.98421788215637,1.80738246440887,80.1744613647461,66.3162841796875,62.3112983703613,70.5346298217773,0.274177670478821,0.0752813816070557,0.000421584700234234,0.0155698759481311,0,0.11559034883976,0,0.518959105014801,164481.65625,NA,NA
"RSG125381",4.73310089111328,14.2426614761353,25.920618057251,16.4283962249756,21.1875190734863,1.88971745967865,2.23512291908264,1.93778264522552,1.9403213262558,80.5197219848633,65.9454879760742,61.7496643066406,70.69091796875,0.349472731351852,0.0308441892266273,0.00113673461601138,0.016584150493145,0,0.198367148637772,0,0.40359503030777,197378.796875,NA,NA
"RSG125382",3.20569181442261,12.411169052124,24.4708309173584,14.986008644104,21.2651386260986,1.67652678489685,2.18238043785095,2.1771514415741,1.84657096862793,80.133918762207,68.7138519287109,65.4361267089844,72.072624206543,0.267378777265549,0.117796942591667,0.00394089985638857,0.0193517226725817,6.98800420195766e-07,0.167367652058601,0.104506552219391,0.319656729698181,186473.140625,NA,NA
"RSG125383",3.21696925163269,12.8921737670898,25.2490921020508,15.496129989624,22.0321235656738,1.49974453449249,1.90122842788696,1.6720677614212,1.55725538730621,80.2458572387695,66.357063293457,56.5046501159668,67.2928161621094,0.319213628768921,0.144015684723854,0.00367893325164914,0.0196914914995432,0,0.0516592375934124,0,0.461741060018539,222737.4375,NA,NA
"RSG125384",2.95156335830688,12.1995649337769,24.24001121521,15.1804342269897,21.2884502410889,1.33945548534393,1.70987057685852,1.62933528423309,1.4640349149704,77.5077056884766,66.0830383300781,57.5988883972168,66.5433654785156,0.136010572314262,0.149639785289764,0.0290269050747156,0.0111471666023135,0,0.220904946327209,0,0.452934622764587,161711.90625,NA,NA
"RSG125386",2.07601523399353,11.6848573684692,23.7099952697754,14.4255523681641,21.6339797973633,1.39874935150146,1.86147212982178,1.74040567874908,1.4879641532898,80.2519378662109,68.31103515625,62.5524711608887,69.763053894043,0.0410887226462364,0.121070019900799,0.0298627875745296,0.00485434802249074,0,0.150753185153008,0,0.652319133281708,56431.765625,NA,NA
"RSG125387",4.75203514099121,14.5948152542114,27.001594543457,16.9404392242432,22.2495613098145,1.57535755634308,1.95638811588287,1.79633164405823,1.60373389720917,79.8042373657227,64.7496032714844,58.4136581420898,67.3139572143555,0.292539656162262,0.149457827210426,0.00260419701226056,0.0256259813904762,0,0.00842903088778257,0,0.519548773765564,140669.5,NA,NA
"RSG125388",4.02091312408447,13.7222185134888,26.306640625,16.239387512207,22.2857265472412,1.60779130458832,2.04553604125977,1.87395012378693,1.62620556354523,81.1060562133789,66.8110580444336,58.4201469421387,68.2932052612305,0.351126223802567,0.112742476165295,0.00291084079071879,0.0185100585222244,0,0.0889553353190422,0,0.425755053758621,166031.796875,NA,NA
"RSG125390",3.3350338935852,12.8585834503174,25.2516326904297,15.4488897323608,21.9165992736816,1.65681028366089,2.21357274055481,2.06232047080994,1.73669052124023,80.3054962158203,67.5686416625977,59.9593353271484,69.0267333984375,0.357098340988159,0.10870585590601,0.00643521873280406,0.0225730966776609,0,0.0996584966778755,0,0.405528962612152,186741.21875,NA,NA
"RSG125391",2.50601291656494,11.6107902526855,23.6745262145996,14.2538967132568,21.1685123443604,1.88520169258118,2.41611242294312,2.28660774230957,2.04862833023071,79.9585266113281,69.210563659668,64.9012145996094,71.8878936767578,0.224092528223991,0.149742767214775,0.018829895183444,0.0201019197702408,0,0.0910650789737701,0.173864364624023,0.322303414344788,244443.421875,NA,NA
"RSG125392",4.0645227432251,14.5710372924805,26.1437015533447,16.278959274292,22.0791778564453,1.41775560379028,1.72370374202728,1.55102622509003,1.59579336643219,82.3998336791992,63.9601516723633,57.1913185119629,69.5847854614258,0.533501029014587,0.0236030276864767,4.17875511971033e-09,0.00858836062252522,0,0.00388225633651018,0,0.430425345897675,95913.4375,NA,NA
"RSG125393",4.27826881408691,14.7719392776489,26.5326843261719,16.6090202331543,22.254415512085,1.36615908145905,1.73889172077179,1.55760884284973,1.48437786102295,82.4461212158203,64.3740997314453,57.1339721679688,68.5823211669922,0.401644110679626,0.0956123620271683,0.0133982785046101,0.0103193679824471,0,0.00269895023666322,0,0.476326912641525,141492.140625,NA,NA
"RSG125394",4.6513614654541,15.019757270813,27.1296558380127,17.0938491821289,22.4782943725586,1.42211532592773,1.8239678144455,1.6464638710022,1.54453003406525,82.0560455322266,64.5005111694336,57.1546249389648,67.6510620117188,0.347245186567307,0.163334533572197,0.0108652263879776,0.0107254385948181,0,7.45611105230637e-05,0,0.467596113681793,145652.96875,NA,NA
"RSG125395",5.07002544403076,15.1501808166504,27.0558490753174,17.1989898681641,21.9858226776123,1.57680201530457,1.95722651481628,1.75859797000885,1.7494535446167,81.2344055175781,64.5277633666992,57.9524726867676,68.7608108520508,0.421077191829681,0.0669531226158142,0.0013441649498418,0.0394197888672352,0,0.0152075886726379,0,0.455911129713058,582292.1875,NA,NA
"RSG125396",4.30248928070068,13.9213304519653,26.1413555145264,16.2884006500244,21.8388652801514,1.55574476718903,1.99109351634979,1.88604462146759,1.58860838413239,79.8642501831055,65.9406433105469,60.620964050293,69.0552978515625,0.294882595539093,0.143115416169167,0.00327976839616895,0.0248523876070976,0,0.0458062589168549,0,0.488063544034958,227948.515625,NA,NA
"RSG125397",2.93279385566711,12.4728078842163,24.9583206176758,15.1900777816772,22.0255279541016,1.60409259796143,2.03648638725281,1.83840382099152,1.71524453163147,79.8251190185547,66.8171768188477,57.2331581115723,67.6323394775391,0.324340373277664,0.113220751285553,0.00275329081341624,0.021460859104991,0,0.145530939102173,0,0.392693787813187,177388.234375,NA,NA
"RSG125398",2.9988100528717,12.6429214477539,24.9458751678467,15.2014112472534,21.9470653533936,1.51243364810944,1.95559763908386,1.72266590595245,1.57040095329285,82.2177124023438,68.1920928955078,59.9520416259766,70.0911865234375,0.142760008573532,0.142696917057037,0.010243353433907,0.00730049051344395,0,0.0880727246403694,0,0.608406007289886,93553.78125,NA,NA
"RSG125399",4.16830492019653,14.6392164230347,26.2946796417236,16.3920555114746,22.1263751983643,1.47753274440765,1.75722897052765,1.53989720344543,1.71404957771301,82.1497955322266,64.3107070922852,57.361270904541,69.6157913208008,0.525545299053192,0.0347437523305416,0.000257992825936526,0.0128538012504578,0,0.0311743915081024,0,0.39542481303215,123315.921875,NA,NA
"RSG125400",2.55131602287292,11.3026008605957,23.1576690673828,13.9882097244263,20.606351852417,2.21560168266296,2.45007681846619,2.18519282341003,2.39862155914307,80.0260620117188,69.6267929077148,67.3388824462891,73.4144287109375,0.226557374000549,0.132186979055405,0.00591679429635406,0.00987439602613449,2.44924249273026e-05,0.0396724529564381,0.511098206043243,0.074669361114502,239261.359375,NA,NA
"SE110",0.55473005771637,7.54791116714478,18.2772560119629,9.84428024291992,17.7225246429443,1.9312584400177,1.33358728885651,2.26697182655334,2.3618323802948,84.1944427490234,74.1508026123047,75.8316650390625,84.3557815551758,0.0643384456634521,0.0264833886176348,0.00701968930661678,0.0542621538043022,0,0.383956789970398,0,0.174215137958527,2931112.75,NA,NA
"SE121",-0.268244713544846,7.3983564376831,17.9434928894043,9.13010120391846,18.2117366790771,2.11181378364563,1.52035462856293,2.46115732192993,2.37077021598816,84.3232955932617,71.3089828491211,73.3291625976562,84.4896545410156,0.135395675897598,0.0334043242037296,0.0115284267812967,0.0104315737262368,2.0094205722945e-28,0.45696359872818,0.0750316306948662,0.165096461772919,536285.375,NA,NA
"SE122",-0.0242268331348896,7.90787029266357,18.0893840789795,9.28757286071777,18.1136112213135,1.98973429203033,1.47866809368134,2.41646432876587,2.33488512039185,85.2981262207031,73.0856781005859,74.6477508544922,85.4426345825195,0.122994586825371,0.0375847592949867,0.0139869507402182,0.0111486567184329,8.5134028743637e-28,0.384473711252213,0.0361895076930523,0.183302223682404,344766.5625,NA,NA
"SE123",0.126812547445297,7.88560914993286,18.0024642944336,9.49508762359619,17.8756523132324,2.01002383232117,1.53531861305237,2.45879173278809,2.31019449234009,86.7749786376953,74.108268737793,75.4764251708984,86.0603179931641,0.119859591126442,0.0213816240429878,0.0075380364432931,0.00878104008734226,2.02203261601699e-26,0.477846145629883,0.0818309262394905,0.142626747488976,538276.125,NA,NA
"SE124",-1.36693668365479,7.24383497238159,17.1717109680176,8.1753978729248,18.538646697998,2.44606876373291,1.79162228107452,2.77696394920349,2.80160760879517,86.2122421264648,72.5032119750977,74.9443206787109,86.2005233764648,0.0870054811239243,0.0194837711751461,0.00545498635619879,0.00811785738915205,2.83801447287784e-24,0.0173017680644989,0.740942120552063,0.0040585589595139,397729.84375,NA,NA
"SE125",-1.14076662063599,7.20145893096924,17.0373592376709,8.07629680633545,18.1781253814697,2.00917172431946,1.63890707492828,2.62699794769287,2.47351217269897,84.8261108398438,70.6142272949219,73.0382690429688,85.382698059082,0.128394514322281,0.0360211692750454,0.0127894720062613,0.0156819894909859,2.27341804554121e-24,0.0244592018425465,0.695168912410736,0.0122857484966516,274333.46875,NA,NA
"SE211",0.0788803175091743,7.64320087432861,17.3303699493408,9.26648044586182,17.2514896392822,2.49219036102295,1.79796004295349,2.73307752609253,2.86758184432983,88.861701965332,74.4698181152344,76.8146057128906,88.0742263793945,0.0506834536790848,0.017280226573348,0.0103729208931327,0.00606695516034961,8.37206260723439e-30,0.581924319267273,0.16279599070549,0.0810065567493439,431236.1875,NA,NA
"SE212",0.899597346782684,8.12141132354736,17.7475166320801,10.0251054763794,16.8479194641113,2.54959082603455,1.69356620311737,2.5322437286377,2.8919472694397,89.3327789306641,75.5112228393555,77.541145324707,88.2829895019531,0.0346149764955044,0.0195935387164354,0.00813738629221916,0.00512402132153511,1.11656582008987e-26,0.440276175737381,0.343920171260834,0.0536320433020592,294426.1875,NA,NA
"SE213",1.2111588716507,8.0081615447998,18.1179752349854,10.3152866363525,16.9068164825439,1.9194016456604,1.3652081489563,2.2434344291687,2.33545827865601,85.4508209228516,74.1225280761719,74.7994155883789,84.794677734375,0.0533283799886703,0.0185703914612532,0.00823420938104391,0.00402603391557932,0,0.636223137378693,0,0.0893087089061737,248799.296875,NA,NA
"SE214",2.68217658996582,7.83471584320068,18.4915447235107,11.3351125717163,15.8093671798706,1.90503513813019,1.09825575351715,1.68463683128357,2.3623628616333,81.8898315429688,75.8137130737305,75.3908309936523,81.7018127441406,0.101158320903778,0.0461903586983681,0.00629890384152532,0.00219745491631329,0,0.20087406039238,0,0.118256613612175,28677.826171875,NA,NA
"SE221",1.94413280487061,8.53748512268066,18.2937545776367,10.9455604553223,16.3496227264404,2.46210193634033,1.47037875652313,2.18264269828796,2.66817617416382,86.4520111083984,76.3969650268555,77.8759231567383,85.710319519043,0.0389484018087387,0.012872826308012,0.00378327094949782,0.00622307788580656,8.97831562218397e-26,0.520480036735535,0.0268316697329283,0.108904324471951,130858.1171875,NA,NA
"SE224",2.07033252716064,8.90253257751465,18.2627983093262,11.0913753509521,16.1924667358398,2.67648768424988,1.6088593006134,2.36667919158936,2.94346475601196,88.6403503417969,77.4530639648438,78.9515228271484,86.8306579589844,0.225620329380035,0.0541588105261326,0.00204469915479422,0.0254758037626743,3.68288119901451e-25,0.0546809732913971,0.408283472061157,0.06053851172328,1709306.875,NA,NA
"SE231",1.43722176551819,8.59085559844971,17.7628002166748,10.3943672180176,16.3255767822266,3.74575781822205,2.21240663528442,3.09250640869141,3.85635828971863,88.7785034179688,75.7069320678711,78.2194290161133,87.4076156616211,0.0943244472146034,0.0273130647838116,0.00957284402102232,0.00801242515444756,2.57783335519398e-24,0.000587910355534405,0.684689521789551,0.00172794761601835,315284.375,NA,NA
"SE232",0.252047568559647,7.97456693649292,17.5604553222656,9.42315101623535,17.308406829834,3.1284499168396,2.02609586715698,2.784499168396,3.33193016052246,87.1224060058594,74.9192123413086,76.583366394043,85.8828201293945,0.122188612818718,0.0404185503721237,0.0118087185546756,0.00968512520194054,2.84263696812559e-05,0.173266783356667,0.365107923746109,0.0697298049926758,1848854.375,NA,NA
"SE311",-2.32542967796326,6.98754692077637,17.0246963500977,7.68705606460571,19.3501262664795,2.4981484413147,1.93287789821625,2.86645531654358,3.05368900299072,85.1224136352539,72.1780395507812,73.6211929321289,84.6494369506836,0.0469891466200352,0.0220048353075981,0.013364939019084,0.00763935688883066,0.000112637077108957,0.0135095939040184,0.730512619018555,0.00892357341945171,378610.75,NA,NA
"SEG226001",-6.72714281082153,3.7027735710144,14.3889598846436,4.28772926330566,21.1161022186279,1.92312455177307,1.94983112812042,3.16308188438416,2.64509606361389,83.5560531616211,71.6052017211914,73.3384857177734,83.6116638183594,0.00257290806621313,0.00759201217442751,0.0292562488466501,0.000518666871357709,0.00762009806931019,0,0.934120416641235,0,9179.701171875,NA,NA
"SEG226002",-1.7428867816925,6.51543760299683,16.2249317169189,7.27703714370728,17.9678173065186,1.79275012016296,1.63978254795074,2.61641716957092,2.41916227340698,83.8908233642578,69.7946472167969,72.4319839477539,84.7282562255859,0.0968541353940964,0.0170894768089056,0.0142679791897535,0.00408739782869816,1.8271522475464e-28,0,0.825516819953918,0,13481.126953125,NA,NA
"SEG226003",-3.26782488822937,6.01180505752563,16.066333770752,6.65935564041138,19.3341598510742,2.0283055305481,1.79919290542603,2.86076021194458,2.51911401748657,83.8080139160156,69.6531829833984,72.9163818359375,84.9552917480469,0.0478822067379951,0.00577740464359522,0.00243442808277905,0.00874083302915096,4.55501657866956e-24,0,0.879396975040436,0,29159.9453125,NA,NA
"SEG226004",-3.22728657722473,5.76959943771362,15.9103736877441,6.61100435256958,19.1376609802246,1.90356469154358,1.67716336250305,2.77244591712952,2.4683780670166,84.1345367431641,70.0474853515625,72.7830963134766,85.1660995483398,0.0287665016949177,0.00415277015417814,0.00221817987039685,0.00662074703723192,1.71810087070355e-23,0,0.883278667926788,0,69542.3125,NA,NA
"SEG226005",-3.67855739593506,6.01084280014038,16.1883201599121,6.55111408233643,19.8668766021729,2.03878283500671,1.8353830575943,2.9177520275116,2.58507966995239,84.0975570678711,69.6157684326172,72.9040756225586,84.7669296264648,0.0209481809288263,0.00436252355575562,0.00169143860694021,0.00408432353287935,5.43289057628344e-24,0,0.904224634170532,0,15314.955078125,NA,NA
"SEG226006",-2.0749499797821,6.44207048416138,16.1765594482422,7.13577747344971,18.2515087127686,1.85366714000702,1.68761265277863,2.71135973930359,2.45637583732605,83.828125,69.6625518798828,72.5788955688477,84.8289794921875,0.104006133973598,0.0166988223791122,0.0110011557117105,0.00525143044069409,1.61845651682776e-24,0,0.824063956737518,0,22906.64453125,NA,NA
"SEG226007",-4.08194303512573,5.84142065048218,16.1008796691895,6.3433198928833,20.1828212738037,1.77548444271088,1.71699571609497,2.80227565765381,2.36439228057861,83.5251693725586,69.7722778320312,72.6570892333984,84.2824249267578,0.0290403999388218,0.00654536345973611,0.00226609385572374,0.0044502173550427,1.06617840890595e-23,0,0.826058149337769,0,30018.33203125,NA,NA
"SEG226008",-3.5594425201416,6.02491664886475,16.1637134552002,6.58733749389648,19.7231540679932,2.24191522598267,1.9449954032898,3.02126002311707,2.73600506782532,84.5211868286133,69.5815658569336,73.0796051025391,85.0559921264648,0.0130076520144939,0.00140338495839387,0.00131474551744759,0.00366117083467543,1.00040519822393e-24,0,0.943282127380371,0,29541.58203125,NA,NA
"SEG226009",-5.2440071105957,5.39923286437988,15.85085105896,5.71303558349609,21.0948581695557,2.30519223213196,2.11140823364258,3.2203938961029,2.95961689949036,84.2750701904297,70.4009094238281,72.5320663452148,84.243522644043,0.00411086902022362,0.00761350290849805,0.0357742011547089,0.00095888355281204,0.000188016143511049,0,0.922336935997009,0,14414.58984375,NA,NA
"SEG226010",-5.06126976013184,5.31204128265381,15.7016830444336,5.68914031982422,20.7629508972168,1.94721043109894,1.90963685512543,3.01513862609863,2.57542824745178,83.4146270751953,69.718147277832,72.3683166503906,83.7192230224609,0.00906852632761002,0.00355687225237489,0.00623155198991299,0.0015131967375055,2.45641858998006e-24,0,0.932278633117676,0,20959.4140625,NA,NA
"SEG226011",-5.27652025222778,5.12995386123657,15.4842739105225,5.50078773498535,20.7607955932617,1.96253728866577,1.94960498809814,3.06447505950928,2.68752193450928,83.2384185791016,69.6021575927734,72.2761077880859,83.4460678100586,0.00940669886767864,0.002150216139853,0.00171745766419917,0.00227301311679184,7.35936384861915e-24,0,0.951937675476074,0,19167.533203125,NA,NA
"SEG226012",-4.42460060119629,5.50078535079956,15.752462387085,6.0327296257019,20.1770629882812,1.82758784294128,1.76372015476227,2.81231570243835,2.46726536750793,83.1624069213867,69.2094192504883,72.0063323974609,83.890007019043,0.0200969129800797,0.00452961679548025,0.00202460889704525,0.00293410522863269,7.28669082658657e-24,0,0.918111681938171,0,26619.466796875,NA,NA
"SEG226013",-2.52681279182434,6.36575651168823,16.2196636199951,7.03791618347168,18.7464752197266,1.95505666732788,1.74689483642578,2.83328700065613,2.4750714302063,83.7897567749023,69.5537185668945,72.8135375976562,84.9673919677734,0.103089265525341,0.012507226318121,0.00687670893967152,0.00708908913657069,4.79754713081433e-24,0,0.822924554347992,0,21534.828125,NA,NA
"SEG226014",-2.68476128578186,6.31185483932495,16.2666187286377,7.00294303894043,18.951379776001,2.12698483467102,1.80859994888306,2.86405205726624,2.57657766342163,84.1885452270508,69.912223815918,73.1429290771484,85.2144088745117,0.06331617385149,0.00854524504393339,0.00475850608199835,0.00777926156297326,4.42720336265339e-24,0,0.866585969924927,0,40885.83984375,NA,NA
"SEG226015",-4.16035747528076,5.79870414733887,16.0399990081787,6.27953433990479,20.2003555297852,2.23172664642334,2.01522016525269,3.07711029052734,2.76663684844971,84.5069122314453,69.6496200561523,72.8127517700195,84.7190933227539,0.00815245229750872,0.00189859897363931,0.00436698691919446,0.00123363372404128,1.0624951581749e-24,0,0.945743441581726,0,7105.73046875,NA,NA
"SEG226016",-3.77629017829895,5.12297058105469,15.631121635437,6.37420129776001,19.407413482666,1.98324286937714,1.76158142089844,2.7938187122345,2.61321902275085,82.4284896850586,69.1648330688477,72.1915435791016,83.4034805297852,0.042976476252079,0.00688567850738764,0.00795532111078501,0.00349568040110171,6.7068316762279e-23,0,0.886343955993652,0,33640.2578125,NA,NA
"SEG226017",-0.861360311508179,6.73200607299805,17.1764183044434,8.56316089630127,18.0377769470215,2.02317404747009,1.56281054019928,2.66079950332642,2.43322443962097,83.0688781738281,70.3826065063477,72.0277404785156,83.7278137207031,0.0424270704388618,0.00705129792913795,0.0068111652508378,0.0094317952170968,1.93982994963855e-23,0.372905910015106,0.261576026678085,0.0723812952637672,84597.46875,NA,NA
"SEG226018",-1.96564221382141,6.31392049789429,16.2651081085205,7.30882787704468,18.2307510375977,1.92648196220398,1.64590513706207,2.71644449234009,2.49123620986938,83.9846801757812,70.0944213867188,72.6169052124023,84.8551483154297,0.0578403510153294,0.010287375189364,0.00990532711148262,0.00321161444298923,4.24091583203771e-24,0,0.872980654239655,0,6441.57421875,NA,NA
"SEG226019",-3.78200149536133,5.15141296386719,16.0115280151367,6.70091485977173,19.793529510498,2.00873470306396,1.71455264091492,2.69261908531189,2.59132671356201,81.545166015625,70.9267272949219,73.4656219482422,82.5464324951172,0.0315391607582569,0.00860676821321249,0.00426107924431562,0.00271605374291539,3.42296970412729e-23,0.0138654792681336,0.764167368412018,0.00192751025315374,36303.13671875,NA,NA
"SEG226020",-5.47648668289185,4.7376856803894,15.2473640441895,5.30888748168945,20.7238483428955,1.76349270343781,1.75487971305847,2.860356092453,2.37627744674683,82.5547409057617,68.8822402954102,71.659782409668,83.0405960083008,0.0114766098558903,0.00186696532182395,0.00364611390978098,0.000812002341262996,1.12860436443798e-23,0,0.946874618530273,0,19742.78125,NA,NA
"SEG226021",-4.02171087265015,5.24868535995483,16.2060527801514,6.67968273162842,20.2277641296387,1.98779654502869,1.76029348373413,2.66856503486633,2.5936164855957,81.5678329467773,71.5722274780273,73.6169967651367,82.5286102294922,0.031688891351223,0.00688091246411204,0.00329720065928996,0.00615320168435574,1.44683022251541e-23,2.11959340958856e-05,0.803025722503662,2.2668389192404e-06,46635.72265625,NA,NA
"SEG226022",-2.13945865631104,6.0255126953125,16.3345832824707,7.47647619247437,18.4740409851074,2.10960364341736,1.68912148475647,2.83765125274658,2.59935593605042,83.2406387329102,70.1847229003906,72.5120468139648,84.28564453125,0.0365030504763126,0.00617536017671227,0.00541959796100855,0.00537618808448315,5.6477442591129e-23,0,0.873348295688629,0,26883.25,NA,NA
"SEG226023",-4.59532451629639,5.08372688293457,15.430006980896,5.80259037017822,20.0253314971924,1.83048701286316,1.73665964603424,2.8068323135376,2.44887471199036,83.0229415893555,69.0605545043945,72.0916595458984,83.7163619995117,0.0210339594632387,0.00274124182760715,0.00316954008303583,0.00185463496018201,2.83568579492868e-23,0,0.916116297245026,0,16444.150390625,NA,NA
"SEG226024",-1.61553370952606,6.38665151596069,16.5506343841553,7.7603030204773,18.1661682128906,2.02270746231079,1.62556743621826,2.75577330589294,2.49256110191345,83.6935348510742,70.30322265625,72.4862365722656,84.5867309570312,0.0504962764680386,0.00661800242960453,0.00961873028427362,0.00461539626121521,4.57255240438999e-23,0,0.853442132472992,0,26908.759765625,NA,NA
"SEG226025",-2.28113532066345,6.0050368309021,16.6024150848389,7.66185903549194,18.8835506439209,1.98524606227875,1.69809031486511,2.71552181243896,2.65496754646301,81.0989685058594,70.3351669311523,72.8596649169922,82.3195037841797,0.0349734053015709,0.0100495740771294,0.00438255164772272,0.00378775573335588,3.97940316644964e-25,0.185719534754753,0.561245203018188,0.0258178096264601,15396.05078125,NA,NA
"SEG226033",-5.35040092468262,2.79637861251831,12.5403099060059,3.96315622329712,17.8907108306885,3.21740102767944,2.42609119415283,3.12682008743286,2.96364545822144,83.0961685180664,74.8788604736328,78.1765823364258,85.128662109375,0.00698299519717693,0.0048326188698411,0.0123937278985977,0.000360897945938632,0.00666328426450491,0,0.875032782554626,0,16736.78515625,NA,NA
"SEG226034",-6.10527038574219,3.12535691261292,13.411244392395,3.92157316207886,19.5165157318115,1.66159927845001,1.74696803092957,2.9783365726471,2.32698178291321,82.5976028442383,72.0568923950195,74.5414962768555,83.1065292358398,0.00978765357285738,0.000588337716180831,0.00709473388269544,0.000442104210378602,6.87985316965875e-25,0.302071690559387,0.625327050685883,0.00521862553432584,12932.974609375,NA,NA
"SEG226035",-5.58895349502563,4.72727346420288,15.2332878112793,5.10876703262329,20.8222408294678,1.62917113304138,1.67043817043304,2.84231638908386,2.2274386882782,83.2913436889648,70.1051330566406,72.3878402709961,83.5354156494141,0.00679960194975138,0.000296037585940212,0.00175758067052811,0.000615831289906055,6.57512458361899e-25,0.0759420692920685,0.853963851928711,0.000952133443206549,11747.8203125,NA,NA
"SEG226036",-6.64768266677856,2.99752759933472,13.5009250640869,3.76513123512268,20.1486072540283,1.62708592414856,1.75503838062286,3.02291941642761,2.36315822601318,83.0075836181641,71.6625671386719,73.8136825561523,83.2832717895508,0.00180247728712857,0.000737300491891801,0.0105115231126547,0.000361849000910297,0.00509305531159043,0.00022798114514444,0.961435794830322,4.49785147793591e-06,12744.8505859375,NA,NA
"SEG226037",-5.03211641311646,4.02592468261719,14.0452032089233,4.7799506187439,19.0773181915283,2.79052329063416,2.2313961982727,2.92460060119629,2.80257344245911,84.0139312744141,73.4093246459961,75.3124847412109,85.2004547119141,0.00991845596581697,0.00370309664867818,0.00943861994892359,0.000656872347462922,0.0019294572994113,0,0.891172289848328,0,22293.47265625,NA,NA
"SEG226038",-4.7264723777771,5.19016408920288,15.2693061828613,5.46800184249878,19.9957790374756,1.82980942726135,1.76889538764954,2.84961366653442,2.31022715568542,82.6420364379883,70.6674728393555,73.0348434448242,83.3622665405273,0.0343131609261036,0.00271170726045966,0.00303691322915256,0.00533651886507869,1.94977385689322e-23,0.0877597630023956,0.792396247386932,0.00110029918141663,67877.2109375,NA,NA
"SEG226039",-5.88832473754883,4.58773708343506,15.2358884811401,4.91300916671753,21.1242122650146,1.75615084171295,1.7326158285141,2.87250900268555,2.26363039016724,83.7931442260742,70.2638854980469,71.866455078125,83.9515533447266,0.00930358935147524,0.000150557301822118,0.0022895741276443,0.000518592773005366,1.80613786605535e-24,0,0.959241628646851,0,5518.1640625,NA,NA
"SEG226040",-6.02187204360962,3.66361308097839,14.2560777664185,4.27021980285645,20.2779483795166,2.45318818092346,1.97776186466217,2.87142252922058,2.66761183738708,84.712272644043,73.850944519043,74.4657669067383,85.1964340209961,0.00372266257181764,0.000120254444482271,0.0100835664197803,0.000340714206686243,0.00361013552173972,0,0.908413589000702,0,15726.04296875,NA,NA
"SEG226072",-8.24604320526123,3.32897973060608,15.7682065963745,3.66827917098999,24.0142498016357,1.81723546981812,1.80900418758392,2.79212284088135,2.10900187492371,82.8466796875,72.1376113891602,69.8502960205078,82.592170715332,0.00622152769938111,0.00019333757518325,0.000859638850670308,0.000843634246848524,9.87654444982386e-25,0,0.96931403875351,0,6685.80712890625,NA,NA
"SEG226073",-10.6261577606201,0.360334187746048,12.8426399230957,1.53057551383972,23.4687995910645,2.06119012832642,1.90366005897522,3.04227256774902,2.45331573486328,82.856819152832,75.0973892211914,75.6655960083008,83.9471893310547,0.000210932179470547,0.00156200467608869,0.00696428678929806,0.00013580331869889,0.00545831909403205,0,0.89282876253128,0,5186.16015625,NA,NA
"SEG226074",-8.9092845916748,2.60089635848999,15.0100593566895,3.07317471504211,23.9193439483643,1.85065448284149,2.00905394554138,3.00075101852417,2.28556036949158,83.8310928344727,73.2176895141602,71.4250793457031,83.6427307128906,0.000323744956403971,2.51459405262722e-05,0.000603759079240263,0.000348841509548947,1.3576283660309e-27,0,0.953468203544617,0,9211.7890625,NA,NA
"SEG226075",-8.10906219482422,3.40762853622437,16.1112613677979,3.94301962852478,24.2203235626221,1.89628219604492,1.7283581495285,2.55255150794983,2.22944068908691,83.2952575683594,73.5362091064453,70.2241287231445,82.7466583251953,0.0110840108245611,0.00209735194221139,0.00116348650772125,0.00148732319939882,5.60739489155784e-24,0,0.954611301422119,0,30963.30859375,NA,NA
"SEG226076",-9.88579940795898,0.658497512340546,13.6365804672241,1.71164190769196,23.5223808288574,1.56881177425385,1.58886086940765,2.75308990478516,2.0689058303833,81.9621276855469,74.5927886962891,74.2566375732422,82.983154296875,0.000218318891711533,8.65074180183001e-05,0.00149034184869379,0.000438795803347602,0.00320646236650646,0,0.957720637321472,0,37531.74609375,NA,NA
"SEG226077",-6.57643985748291,4.24233531951904,17.1846790313721,5.16545629501343,23.7611179351807,1.93036425113678,1.57990825176239,2.29636740684509,2.12865996360779,84.803352355957,74.4570388793945,72.3458251953125,84.8881378173828,0.0212940592318773,0.000917014433071017,0.00111860048491508,0.00202083121985197,2.52732054039433e-23,0.195840328931808,0.418664902448654,0.00078539876267314,5375.0546875,NA,NA
"SEG226078",-10.4549674987793,0.061140913516283,12.7592515945435,1.23568201065063,23.2142181396484,1.86479675769806,1.77999937534332,2.89686584472656,2.32802653312683,82.038932800293,74.7748107910156,75.0412445068359,83.2811584472656,8.44051537569612e-05,1.69806407939177e-05,0.000687823572661728,9.16214994504116e-05,0.00440105423331261,0,0.934888660907745,0,6426.00244140625,NA,NA
"SEG226079",-6.54854249954224,3.85364532470703,16.7913379669189,5.35718536376953,23.339879989624,1.76842820644379,1.58242726325989,2.27238130569458,2.1126549243927,84.1922149658203,74.2343826293945,70.9714508056641,83.8518524169922,0.00722901709377766,0.000810412457212806,0.000585552421398461,0.00159211305435747,1.73093327104878e-23,0.00713535025715828,0.751582503318787,2.8615631890716e-05,10471.4951171875,NA,NA
"SEG226080",-10.4882869720459,-0.217720672488213,13.0403499603271,0.98982036113739,23.528636932373,1.31917119026184,1.37364065647125,2.6647367477417,1.84039759635925,82.0928421020508,75.0446014404297,75.3319702148438,83.5879135131836,0.000630526570603251,1.6862108168425e-05,0.00170958763919771,0.000390636880183592,0.00923651736229658,0,0.950592935085297,0,20126.59765625,NA,NA
"SEG226081",-6.41248178482056,4.25257921218872,16.9690895080566,5.37938976287842,23.38157081604,1.67328214645386,1.48313271999359,2.35345530509949,2.0287983417511,83.1193084716797,74.9306488037109,71.7616729736328,82.398796081543,0.0236632730811834,0.00398387387394905,0.00191647093743086,0.00676520960405469,4.26013918900659e-23,0.00978630315512419,0.728869438171387,0.000578995968680829,72928.7421875,NA,NA
"SEG226082",-7.60747814178467,3.49187922477722,16.4162654876709,4.33319997787476,24.0237426757812,1.89019107818604,1.77704119682312,2.48161101341248,2.16644048690796,84.1944427490234,74.2781524658203,70.1483764648438,83.6609497070312,0.00123470730613917,0.000120379707368556,0.0009049660875462,0.000190430058864877,8.95929976028507e-27,0,0.974375784397125,0,3854.00122070312,NA,NA
"SEG226083",-7.37288665771484,3.8808000087738,16.8975219726562,4.67612457275391,24.2704086303711,1.81045305728912,1.66490149497986,2.42642998695374,1.98733329772949,84.9982681274414,74.8341293334961,71.0588607788086,84.65625,0.00862643215805292,0.00030628326931037,0.00165310211014003,0.00061854551313445,4.17073669514937e-25,7.73425927036442e-06,0.964942991733551,0.000634295225609094,6550.7861328125,NA,NA
"SEG226084",-8.98788928985596,2.58510637283325,15.8995447158813,3.06456875801086,24.8874340057373,1.61877727508545,1.6676994562149,2.54979801177979,1.95612013339996,83.7386932373047,74.5960388183594,71.1877288818359,83.525505065918,0.000747386016882956,4.89741141791455e-05,0.000983607838861644,0.000191593455383554,3.45615524091276e-27,0,0.993227303028107,0,7989.5166015625,NA,NA
"SEG226085",-6.65558481216431,3.92563152313232,16.3426494598389,4.87669515609741,22.998233795166,1.76764702796936,1.67713260650635,2.62266039848328,2.17339158058167,83.0901412963867,73.6748352050781,71.2279968261719,82.6263580322266,0.0172251872718334,0.00241479999385774,0.00131549325305969,0.00236910837702453,1.10506081072166e-23,0.0291025992482901,0.85364443063736,0.00172182358801365,34291.73828125,NA,NA
"SEG226201",-8.1010274887085,3.38088893890381,15.0606117248535,3.7541012763977,23.1616401672363,1.88427817821503,1.86959111690521,2.84484457969666,2.38846921920776,85.4638977050781,72.6140289306641,71.9448471069336,84.8584289550781,0.00265647005289793,2.16803637158591e-05,0.00115195417311043,0.000243548711296171,3.51531272138214e-26,0,0.972498595714569,0,3323.8837890625,NA,NA
"SEG226202",-6.00381803512573,4.19347476959229,15.94997215271,5.18161058425903,21.9537906646729,2.11192274093628,1.94631230831146,2.81120705604553,2.68167686462402,84.6028594970703,71.6360931396484,71.7558059692383,84.7265853881836,0.0107073560357094,0.000148071529110894,0.00196061911992729,0.00083296315278858,2.13456846824577e-24,0,0.961213529109955,0,4795.43798828125,NA,NA
"SEG226203",-7.24561357498169,3.21662282943726,14.3876094818115,3.78181648254395,21.6332225799561,2.27020573616028,1.9079430103302,3.01469850540161,2.6219162940979,84.9880065917969,73.7239151000977,73.442008972168,84.7785797119141,0.00199724291451275,8.98316720849834e-05,0.00146153150126338,0.000223913550144061,8.51057657217031e-27,0,0.954660713672638,0,2847.89575195312,NA,NA
"SEG226204",-8.0649299621582,3.24512815475464,15.2180509567261,3.75056505203247,23.2829818725586,1.76714944839478,1.90794777870178,2.91430711746216,2.2552604675293,84.5373077392578,71.9260482788086,71.1981964111328,84.0318832397461,0.00178280333057046,3.29732574755326e-05,0.000930952781345695,0.000496077700518072,1.21626797774849e-26,0,0.969134151935577,0,16289.033203125,NA,NA
"SEG226205",-8.28867626190186,3.11205291748047,15.3736934661865,3.65925359725952,23.6623687744141,1.83275699615479,1.94090664386749,3.04251909255981,2.35244035720825,84.4501342773438,73.0327835083008,71.5652160644531,83.9295654296875,0.000646699161734432,7.04514895915054e-05,0.00063752441201359,0.000290090101771057,8.57397433407965e-28,0,0.962774991989136,0,3731.35888671875,NA,NA
"SEG226206",-4.750901222229,4.54378271102905,16.3220195770264,6.05709314346313,21.0729198455811,1.87474644184113,1.67732787132263,2.73100566864014,2.60146498680115,83.8565826416016,71.8011093139648,72.1897583007812,84.2600936889648,0.0260669998824596,0.00273811141960323,0.00300294114276767,0.00188807700760663,1.45747037840503e-23,0.0147130619734526,0.845940709114075,0.000481666502309963,11076.7900390625,NA,NA
"SEG226207",-6.82154512405396,3.75966548919678,15.7721538543701,4.45885610580444,22.5936985015869,1.87585163116455,1.97246468067169,2.81266665458679,2.29715251922607,84.4431533813477,72.1178588867188,71.0127868652344,84.4177169799805,0.00176356045994908,4.34950525232125e-05,0.000745076453313231,0.000378796015866101,6.58237803638298e-26,0,0.950783431529999,0,3828.04418945312,NA,NA
"SEG226208",-3.44581913948059,4.70063781738281,16.7204627990723,7.04275465011597,20.1662826538086,2.64481902122498,2.2759907245636,2.55101943016052,2.88881969451904,82.9123840332031,74.5712814331055,73.9680786132812,82.8232040405273,0.0438368432223797,0.00051860063103959,0.00635368563234806,0.0012436507968232,0,0.773888051509857,0,0.0293241832405329,7053.619140625,NA,NA
"SEG226209",-5.18917655944824,4.31347703933716,16.4578895568848,5.77875471115112,21.647066116333,2.02846932411194,1.94692742824554,2.64271235466003,2.40046453475952,83.2392044067383,73.1361694335938,72.0859298706055,83.3272094726562,0.0287566427141428,0.00208937749266624,0.00315894628874958,0.00247082649730146,2.31679076195857e-23,0.114438317716122,0.74073588848114,0.00378856039606035,88042.109375,NA,NA
"SEG226210",-10.2808904647827,1.1276193857193,13.2821369171143,1.97622191905975,23.5630283355713,2.22705125808716,1.99692153930664,3.05716729164124,2.47220277786255,83.5829238891602,74.2218780517578,74.8871765136719,84.1542739868164,0.000760789611376822,0.0052382554858923,0.0100780641660094,0.000213682098546997,0.00692956801503897,0,0.928200006484985,0,4168.81396484375,NA,NA
"SEG226211",-9.18407440185547,1.49379193782806,13.0628795623779,2.3107590675354,22.2469539642334,2.55444669723511,2.12762641906738,3.00164818763733,2.62487196922302,84.2059097290039,74.1641082763672,75.6363296508789,84.8914413452148,0.00144351983908564,0.00243656150996685,0.00375950476154685,0.000149901199620217,0.00909604970365763,0,0.910977125167847,0,6588.0205078125,NA,NA
"SEG226212",-3.69767546653748,4.84176111221313,16.773193359375,6.85610914230347,20.4708690643311,2.07639980316162,1.88385474681854,2.6051664352417,2.55819487571716,83.4104919433594,72.6102828979492,72.7658920288086,83.5364456176758,0.0295054949820042,0.00532385753467679,0.00199063611216843,0.00654339231550694,6.63936418953669e-24,0.515990972518921,0.170673906803131,0.026028735563159,92785.015625,NA,NA
"SEG226213",-4.64373683929443,4.3646354675293,16.2189826965332,6.07613182067871,20.8627185821533,1.86733877658844,1.76879262924194,2.62744808197021,2.4879047870636,84.0817108154297,71.9186706542969,71.9747009277344,84.3032989501953,0.0389825478196144,0.00559696136042476,0.00365385017357767,0.00216639856807888,2.67142286635632e-23,0,0.858958721160889,0,6892.80859375,NA,NA
"SEG226214",-8.40422439575195,2.30627655982971,13.7042484283447,2.95554494857788,22.1084728240967,2.30046153068542,1.97671544551849,3.03851318359375,2.56299328804016,84.673469543457,73.5379943847656,74.6843109130859,84.9437026977539,0.00130960182286799,8.66299960762262e-05,0.00193535466678441,0.000139432639116421,0.00523432157933712,0,0.94398832321167,0,9315.2744140625,NA,NA
"SEG226215",-5.98952007293701,3.92754125595093,15.8389434814453,5.06448793411255,21.828462600708,1.9489209651947,2.03185653686523,2.70465612411499,2.35145497322083,84.9179229736328,72.1731796264648,71.3676223754883,84.7553176879883,0.00918011367321014,0.000160865078214556,0.0013379983138293,0.000372254522517323,3.43464195632149e-25,0.0372710525989532,0.91749781370163,0.000525431183632463,8725.1298828125,NA,NA
"SEG226216",-5.58683919906616,4.77761459350586,15.3065271377563,5.22993612289429,20.8933658599854,1.62433278560638,1.65208446979523,2.79923462867737,2.23669505119324,83.1583938598633,69.6095275878906,72.1506805419922,83.4048767089844,0.00664968555793166,0.000411432789405808,0.00188910297583789,0.00054144486784935,1.54193316332441e-24,0.0278591476380825,0.915063977241516,0.000349287613062188,7881.0673828125,NA,NA
"SEG226217",-5.03743886947632,5.29765033721924,16.603816986084,6.27618932723999,21.6412563323975,1.92180180549622,1.69662249088287,2.56522965431213,2.73921465873718,82.1173706054688,72.0887908935547,73.3880615234375,83.0735244750977,0.0265654362738132,0.00317671685479581,0.0011849207803607,0.0052806343883276,1.3000837925713e-23,0.000453016546089202,0.821298360824585,4.84487027279101e-05,29551.388671875,NA,NA
"SEG226218",-5.30627298355103,5.19895315170288,16.5333080291748,6.05895185470581,21.8395805358887,2.13299083709717,1.85872793197632,2.61514353752136,2.78388524055481,82.5434341430664,72.1919708251953,73.1223983764648,83.2157363891602,0.0285493955016136,0.00211057835258543,0.00230449181981385,0.00232991972006857,1.39321607995297e-23,0,0.760192394256592,0,22021.826171875,NA,NA
"SEG226219",-6.24385595321655,4.61081647872925,16.0863494873047,5.20892000198364,22.3302059173584,2.25089764595032,1.99925649166107,2.72287368774414,2.77630305290222,84.2397232055664,71.9338836669922,72.3585662841797,84.4159164428711,0.0160078220069408,0.0010139822261408,0.00165119953453541,0.00158358225598931,6.37200660698281e-24,0.0203265678137541,0.849415063858032,0.000779148016590625,50813.26171875,NA,NA
"SEG226220",-6.50830411911011,4.48120832443237,15.5501651763916,4.84584379196167,22.0584697723389,1.82842540740967,1.78041231632233,2.74074125289917,2.37095069885254,84.251823425293,70.720817565918,71.587043762207,84.3082809448242,0.012447196058929,0.000426824175519869,0.00171714520547539,0.00117625284474343,3.9937870096764e-24,0,0.954189360141754,0,27158.626953125,NA,NA
"SEG226221",-5.09669876098633,4.89001607894897,15.8795394897461,5.90698766708374,20.9762382507324,1.96392738819122,1.78916752338409,2.71118927001953,2.55017757415771,82.6500701904297,70.6461181640625,72.6911010742188,83.4288864135742,0.0231045559048653,0.00368233071640134,0.00303415022790432,0.00482564605772495,8.21434391947217e-24,0.0024106721393764,0.8887038230896,0.000257813837379217,85127.1640625,NA,NA
"SEG226222",-5.36082935333252,4.94032526016235,16.1824264526367,5.88242816925049,21.5432548522949,2.06467604637146,1.82548391819,2.65195488929749,2.6980893611908,82.8141326904297,71.2101821899414,73.0132064819336,83.6874313354492,0.020689781755209,0.00349590228870511,0.00172806007321924,0.00339030846953392,8.63434924262994e-24,0.0100834872573614,0.841877341270447,0.00107839738484472,13388.1005859375,NA,NA
"SI031",3.41350412368774,13.5540199279785,24.0048160552979,14.5430402755737,20.5913124084473,1.78845643997192,2.1154248714447,2.85844993591309,2.65995359420776,80.3367767333984,66.2978668212891,66.1840515136719,76.9833145141602,0.252338826656342,0.0178101696074009,7.73112731167203e-07,0.00978727918118238,0,0.00657009333372116,0.697002589702606,0.0164903681725264,89460.4140625,NA,NA
"SI032",3.51640486717224,13.2312116622925,23.6219882965088,14.4021244049072,20.105583190918,2.20252919197083,2.62522673606873,3.48747181892395,3.38095092773438,80.2853393554688,68.0653915405273,69.6447143554688,79.1047821044922,0.213342249393463,0.109680876135826,0.000148350023664534,0.0171644669026136,0,0.0458117835223675,0.564169764518738,0.0496824719011784,218076.53125,NA,NA
"SI033",1.88675570487976,11.4639492034912,21.8675785064697,12.8815603256226,19.9808235168457,2.36682033538818,2.85039353370667,4.26176118850708,3.78272986412048,80.9183883666992,70.8519592285156,73.2873764038086,81.2493057250977,0.118318468332291,0.0824237316846848,0.00577611615881324,0.0179163161665201,0,0,0.775565385818481,0,97425.4765625,NA,NA
"SI034",2.90958642959595,11.8743982315063,22.2513008117676,13.4957685470581,19.3417148590088,2.67396140098572,3.00838851928711,4.14168310165405,4.16187572479248,80.7215423583984,70.2492752075195,72.1551666259766,80.7126693725586,0.120194792747498,0.105045400559902,0.00434887642040849,0.0231600627303123,0,0,0.747250914573669,0,288867.84375,NA,NA
"SI035",2.64135551452637,11.6530447006226,22.0639610290527,13.2630825042725,19.4226055145264,2.88647818565369,3.20453858375549,4.42850255966187,4.44864463806152,80.8804702758789,71.0535278320312,73.0645523071289,81.334831237793,0.091462142765522,0.0905395969748497,0.00925401505082846,0.0255355462431908,0,0,0.783208668231964,0,69865.140625,NA,NA
"SI036",3.40565395355225,12.5870571136475,23.1752643585205,14.2343311309814,19.7696113586426,2.83676934242249,2.89044523239136,3.37389659881592,3.79832363128662,81.9706344604492,70.0205001831055,69.0995864868164,78.6865005493164,0.087865523993969,0.0990884527564049,7.9023971920833e-05,0.0256012789905071,3.71720179133126e-37,0,0.787365734577179,0,127370.1484375,NA,NA
"SI037",2.80345010757446,11.6132431030273,22.3706550598145,13.7026748657227,19.5672054290771,3.66478228569031,3.50440669059753,3.35410642623901,4.4706883430481,83.516975402832,72.2285003662109,70.180419921875,79.4151916503906,0.0261221919208765,0.0952569916844368,0.000330556707922369,0.00863033998757601,2.01929314239091e-32,0,0.868343412876129,0,131996.890625,NA,NA
"SI038",2.72101521492004,10.5624685287476,21.3886070251465,13.1931390762329,18.6675930023193,4.72829246520996,4.35088443756104,3.4457004070282,5.54572010040283,82.9196853637695,73.5033493041992,71.3526077270508,80.0962142944336,0.0175768043845892,0.0900352224707603,0.00339114177040756,0.00637042708694935,3.10814426056409e-25,0,0.873374760150909,0,70241.2890625,NA,NA
"SI041",2.49739480018616,11.1581039428711,21.7638988494873,13.1340188980103,19.2665042877197,3.88257217407227,3.88311839103699,4.18091821670532,5.16969966888428,82.3462066650391,72.7415390014648,72.9077529907227,81.331298828125,0.0501743294298649,0.0808743163943291,0.00872273091226816,0.0167176313698292,0,0,0.843510925769806,0,257010.5,NA,NA
"SI042",1.45227432250977,9.35262584686279,19.8172721862793,11.5635862350464,18.3649978637695,4.75930118560791,4.69943189620972,5.24040126800537,6.82200050354004,81.3460388183594,73.6614837646484,75.6601715087891,82.8299942016602,0.0852490141987801,0.109445616602898,0.0157701913267374,0.0202661901712418,0,0,0.769126117229462,0,269557.625,NA,NA
"SI043",1.6325808763504,8.46618461608887,19.161979675293,11.4265060424805,17.5293998718262,5.62602853775024,5.42637825012207,5.02311658859253,7.66388702392578,79.7231826782227,73.8150787353516,74.0563507080078,80.7151184082031,0.0759182795882225,0.150882184505463,0.0122128399088979,0.0104200066998601,0,0,0.692883789539337,0,183075.078125,NA,NA
"SI044",6.23704671859741,13.5581617355347,24.5285301208496,16.2968254089355,18.291482925415,4.45278358459473,4.12122440338135,2.87375164031982,5.18374633789062,79.065071105957,72.7430038452148,69.7165985107422,77.0839004516602,0.0695886835455894,0.0671679079532623,0.000703745172359049,0.0195718258619308,5.44640046023484e-26,0,0.670797288417816,0,149821.125,NA,NA
"SK010",2.53987216949463,12.8016195297241,23.325325012207,13.720211982727,20.7854537963867,1.8221173286438,1.82520174980164,2.07447648048401,2.00807642936707,81.2014923095703,66.9439926147461,63.1300315856934,75.0333404541016,0.328984886407852,0.164317905902863,2.51557286112813e-09,0.0452139712870121,0,5.07614458911121e-05,0,0.461074560880661,535842.375,NA,NA
"SK021",2.55882263183594,12.7659025192261,23.2531089782715,13.7413482666016,20.6942863464355,1.71395182609558,1.82123601436615,2.05815029144287,1.91691625118256,81.1633987426758,66.5674819946289,62.9175682067871,74.4555511474609,0.404879003763199,0.139101803302765,6.18287640463677e-06,0.0275397840887308,0,1.66038189490791e-05,0.0613171719014645,0.367092609405518,544858.75,NA,NA
"SK022",0.886456251144409,10.7886190414429,21.0430679321289,12.0300941467285,20.1566123962402,2.39052295684814,2.28521275520325,2.58644151687622,2.35687875747681,83.3956146240234,70.7326965332031,70.4584579467773,79.2999649047852,0.207518190145493,0.0886833965778351,0.000177487396285869,0.0192761924117804,0,6.14364523698896e-07,0.676579833030701,0.00776434410363436,466175.5,NA,NA
"SK023",2.32243943214417,12.7555389404297,23.1492652893066,13.6368885040283,20.8268260955811,1.83164668083191,1.91708207130432,1.95544564723969,1.96428596973419,81.6881942749023,66.9600982666016,64.21826171875,74.9601593017578,0.364647805690765,0.0639690533280373,2.15352474697283e-06,0.017156595364213,0,2.37571072148057e-07,0.328913420438766,0.225310683250427,612630.5625,NA,NA
"SK031",-0.805774748325348,8.70596885681152,18.751392364502,10.1392154693604,19.5571670532227,3.10601377487183,3.26720571517944,3.67033863067627,3.1073534488678,84.9341812133789,73.8139572143555,75.7652359008789,83.0013809204102,0.102539487183094,0.0644945651292801,0.000378718395950273,0.019574386999011,0,1.17565286927857e-06,0.795446455478668,0.015388548374176,757520.8125,NA,NA
"SK032",0.258630454540253,10.3438816070557,20.5926628112793,11.5416316986084,20.3340339660645,2.31629872322083,2.584317445755,2.58540987968445,2.39132523536682,83.3801879882812,70.7746200561523,71.6293716430664,80.057243347168,0.161343485116959,0.0614790096879005,0.000802794762421399,0.0103263091295958,0,0,0.766048431396484,0,616287.75,NA,NA
"SK041",-0.203142166137695,9.87053680419922,19.857027053833,10.9317808151245,20.0601711273193,2.33840584754944,2.97889184951782,3.40238332748413,2.49516797065735,83.2131958007812,71.817626953125,74.5746231079102,81.4712066650391,0.134334832429886,0.0430060885846615,0.000537897984031588,0.010734686627984,3.19006940117106e-05,0.00306847621686757,0.534084796905518,0.273428797721863,815453.6875,NA,NA
"SK042",0.397790670394897,10.8053512573242,20.9669761657715,11.7835369110107,20.5691871643066,1.82659804821014,2.42413663864136,2.64573740959167,2.07449865341187,82.329704284668,69.2821197509766,70.3453979492188,78.7957611083984,0.181581184267998,0.0431980565190315,0.00071263563586399,0.015905411913991,8.06957687018439e-05,1.07297937574913e-05,0.594385504722595,0.162596955895424,750422.125,NA,NA
"SM",4.87160062789917,10.9865617752075,23.8289566040039,15.1943645477295,18.9573554992676,2.1535427570343,2.2338707447052,1.34854316711426,2.64400863647461,84.6767730712891,75.4540100097656,61.5570526123047,76.8778839111328,0.18816451728344,0.0908740684390068,0.00338073261082172,0.00462635839357972,0,1.80690844231446e-11,0,0.709601104259491,3369.103515625,NA,NA
"UKC1",4.12283658981323,8.07782936096191,15.7060670852661,10.6145210266113,11.5832300186157,2.96652436256409,2.06515765190125,1.82957339286804,3.00531911849976,86.0495681762695,79.7764282226562,79.2358474731445,85.1812896728516,0.170626297593117,0.305623084306717,0.0168242007493973,0.0485907308757305,0,1.17898393955582e-13,0.203579053282738,0.159735083580017,1534234.375,NA,NA
"UKC2",3.43280696868896,7.4784631729126,15.0729999542236,9.8954610824585,11.6401929855347,3.1267557144165,2.17458605766296,2.08903312683105,3.14822244644165,89.8262710571289,83.0567321777344,82.7729263305664,88.6595306396484,0.129441365599632,0.303132623434067,0.0453280471265316,0.0141953211277723,1.07838335375532e-27,5.57062312944723e-11,0.375002235174179,0.0334061607718468,925054.6875,NA,NA
"UKD1",3.68861556053162,7.75623321533203,15.2396879196167,10.1243257522583,11.5510730743408,5.11667490005493,2.98358631134033,2.52551031112671,4.95341157913208,90.460205078125,83.4181289672852,84.0931930541992,89.3877258300781,0.039885014295578,0.319849103689194,0.0482430905103683,0.00453117396682501,2.73886978873795e-28,0,0.465582013130188,0.00482309190556407,510344.0625,NA,NA
"UKD3",4.67358446121216,8.96761417388916,16.7119197845459,11.2917804718018,12.0383358001709,4.16153860092163,2.66251945495605,2.34247088432312,4.28910684585571,87.0096282958984,79.1126403808594,79.7527160644531,86.102912902832,0.116967245936394,0.395356804132462,0.000256426894338802,0.105507053434849,0,0,0.376184195280075,0,1502657.75,NA,NA
"UKD4",4.54098796844482,8.70095443725586,16.3487129211426,11.0901184082031,11.8077239990234,4.44589948654175,2.72588777542114,2.43261218070984,4.62261199951172,86.6162490844727,79.6669540405273,80.6860198974609,85.8506927490234,0.115023247897625,0.384555011987686,0.00775964604690671,0.0629139766097069,2.50179214592626e-28,6.34839229796125e-12,0.376494258642197,0.00202240189537406,2188537,NA,NA
"UKD6",4.9701886177063,9.36056137084961,17.1391315460205,11.6224641799927,12.1689443588257,3.21027445793152,2.20786094665527,1.8933082818985,3.5060658454895,85.6564254760742,77.9700088500977,78.2164611816406,84.7376861572266,0.149858638644218,0.337961435317993,4.26943115598988e-05,0.112585619091988,0,0,0.377945125102997,0,2649543.75,NA,NA
"UKD7",4.94098043441772,9.11207485198975,16.7785911560059,11.5090551376343,11.8376111984253,3.12356758117676,2.12702322006226,1.82775437831879,3.48991394042969,84.8969573974609,78.301139831543,78.7569122314453,84.1400375366211,0.13822990655899,0.294231116771698,0.000156009686179459,0.0853539630770683,0,2.34394951365013e-11,0.322914719581604,0.00746709946542978,572219.6875,NA,NA
"UKE1",4.87698268890381,9.23878479003906,17.2391242980957,11.7492389678955,12.3621406555176,2.12186551094055,1.71205008029938,1.58005976676941,2.38492751121521,84.1857223510742,77.8113555908203,76.4612274169922,82.5708541870117,0.289332151412964,0.234194606542587,0.00165103061590344,0.0217402651906013,0,3.50869528743802e-12,0.172095254063606,0.142831787467003,925227.1875,NA,NA
"UKE2",3.95154666900635,8.22446250915527,16.0622673034668,10.6660356521606,12.1107206344604,3.16370868682861,2.07440662384033,1.87745404243469,3.09343957901001,86.2922897338867,79.5163726806641,79.0145263671875,85.1679229736328,0.235266253352165,0.344171315431595,0.0331691242754459,0.0174829661846161,4.42389644112755e-30,2.70994215430384e-14,0.171898156404495,0.17278279364109,1783519.25,NA,NA
"UKE3",4.53055667877197,8.92713356018066,16.9620304107666,11.2773180007935,12.4314737319946,2.82983922958374,2.05511331558228,1.75093626976013,2.96387720108032,85.68994140625,77.5965194702148,76.2709732055664,83.9882278442383,0.219512686133385,0.29733595252037,0.00751523626968265,0.0728471502661705,0,9.68807391081572e-13,0.141511738300323,0.259697943925858,1228804.125,NA,NA
"UKE4",4.46083211898804,8.74240016937256,16.6468296051025,11.135350227356,12.1859979629517,3.61684250831604,2.38628697395325,2.06170201301575,3.56330919265747,86.5401000976562,78.7924957275391,78.3437042236328,85.2510604858398,0.159822955727577,0.332512944936752,5.04132025014314e-09,0.10860862582922,0,0,0.299760192632675,0.098477691411972,2457643.75,NA,NA
"UKF1",4.59847545623779,9.07819366455078,17.190731048584,11.3860998153687,12.5922555923462,2.8576352596283,2.08089089393616,1.75750935077667,2.97476387023926,86.062858581543,77.5489730834961,75.8582458496094,84.1438522338867,0.217092946171761,0.313454836606979,0.0114103043451905,0.0596903376281261,0,2.30428991859766e-11,0.151121497154236,0.246163204312325,3147904,NA,NA
"UKF2",4.92420721054077,9.59279823303223,17.8816223144531,11.8679428100586,12.9574155807495,2.30175971984863,1.7624636888504,1.45589554309845,2.4521324634552,85.8286743164062,76.8524780273438,74.0251235961914,83.4495620727539,0.308660358190536,0.262255370616913,2.13969686413407e-09,0.049858096987009,0,0,0.00767011614516377,0.369191020727158,2820041.25,NA,NA
"UKF3",4.95487546920776,9.49551868438721,17.6245384216309,11.9706869125366,12.6696624755859,2.18766951560974,1.72905397415161,1.53843653202057,2.38210463523865,84.6120986938477,77.1940307617188,75.0874862670898,82.5721588134766,0.319343239068985,0.269039541482925,3.04173419785059e-09,0.0106262424960732,0,3.4598657272511e-10,0.000597437028773129,0.303188741207123,914642.75,NA,NA
"UKG1",4.95762491226196,9.44368743896484,17.6478271484375,11.7329797744751,12.6902017593384,2.88448071479797,2.03361129760742,1.56840515136719,2.92879199981689,85.9517593383789,77.3346099853516,75.4468612670898,84.1943664550781,0.281155496835709,0.320480823516846,0.000164298602612689,0.0427503325045109,6.18629462069393e-30,0,0.0265625696629286,0.322263032197952,2978571.25,NA,NA
"UKG2",4.75780487060547,9.16774654388428,17.1950168609619,11.4626235961914,12.4372110366821,2.99222850799561,2.13733696937561,1.684690117836,3.07316112518311,86.1297607421875,77.8867874145508,76.7443084716797,84.6948776245117,0.215514674782753,0.38187313079834,0.00457162410020828,0.0436026491224766,5.00726024512425e-30,0,0.311554074287415,0.0423491857945919,3044209.5,NA,NA
"UKG3",4.96474266052246,9.49745178222656,17.7298393249512,11.7610702514648,12.7650966644287,2.66876006126404,2.00578808784485,1.64935123920441,2.8188271522522,85.8187103271484,76.8961715698242,74.904541015625,83.9256286621094,0.26032280921936,0.287413746118546,5.52345857940395e-09,0.0766429752111435,0,0,0.158353179693222,0.216864034533501,745848.375,NA,NA
"UKH1",5.24510192871094,9.78762626647949,18.0156383514404,12.4494400024414,12.7705364227295,2.18806743621826,1.58593678474426,1.52562749385834,2.43736863136292,84.8092269897461,77.7393493652344,75.826774597168,82.8086547851562,0.294938653707504,0.409237444400787,2.39932887780014e-05,0.0133483167737722,0,1.62324875763176e-10,0,0.179232329130173,2631223.5,NA,NA
"UKH2",5.36118793487549,9.97633266448975,18.4177799224854,12.4436922073364,13.0565910339355,2.31864213943481,1.67509305477142,1.36794817447662,2.51457118988037,85.7205123901367,76.7261352539062,74.0135040283203,83.4389724731445,0.291474670171738,0.25295427441597,2.33540453642433e-09,0.150567173957825,0,4.1186335592025e-11,0,0.302500516176224,5951985,NA,NA
"UKH3",5.7101788520813,10.268084526062,18.7132949829102,12.9714298248291,13.0031156539917,2.17395520210266,1.47293853759766,1.35727381706238,2.3716254234314,84.9882965087891,77.8469772338867,75.6044311523438,82.9312286376953,0.357022970914841,0.25961035490036,0.00199079606682062,0.0678558573126793,0,3.93272553411705e-10,0,0.198348850011826,2928883.5,NA,NA
"UKI3",5.4412350654602,9.97796058654785,18.4961986541748,12.5230207443237,13.0549650192261,2.63883519172668,1.74810254573822,1.37130224704742,2.7231764793396,85.862174987793,76.9962844848633,74.7580642700195,83.8750762939453,0.196283638477325,0.276124358177185,1.43513989581123e-09,0.242952287197113,0,0,0,0.283384561538696,370136.59375,NA,NA
"UKI4",5.47478437423706,10.0218858718872,18.5310611724854,12.5716924667358,13.0562763214111,2.57480096817017,1.7096563577652,1.3685417175293,2.67737483978271,85.81005859375,77.0249710083008,74.7472839355469,83.7885894775391,0.22822505235672,0.270986914634705,1.67258973338136e-09,0.222801819443703,0,0,0,0.275775253772736,585908.75,NA,NA
"UKI5",5.60072231292725,10.1570529937744,18.6052284240723,12.7333860397339,13.004506111145,2.44074010848999,1.5987446308136,1.3541750907898,2.58543395996094,85.6744766235352,77.2454452514648,74.9467010498047,83.5942001342773,0.329293340444565,0.270430594682693,2.89905965900061e-09,0.139759570360184,0,0,0,0.252215623855591,757784.625,NA,NA
"UKI6",5.48311805725098,9.95103168487549,18.3858642578125,12.5245323181152,12.9027471542358,2.85181188583374,1.78364396095276,1.35955202579498,2.89157867431641,85.892578125,77.3796234130859,75.4844284057617,84.0778427124023,0.202445447444916,0.330596685409546,1.62186053476177e-09,0.176601573824883,0,0,0,0.283223241567612,797981.5625,NA,NA
"UKI7",5.45376586914062,10.0106544494629,18.5390586853027,12.5534410476685,13.0852918624878,2.55680394172668,1.72037744522095,1.37091469764709,2.65930771827698,85.8495025634766,76.924072265625,74.5772094726562,83.798583984375,0.208297893404961,0.25875985622406,1.93000015968892e-09,0.251103192567825,0,1.05823883388297e-14,0,0.280351430177689,1597708.5,NA,NA
"UKJ1",5.36573600769043,9.89053344726562,18.3376331329346,12.3160829544067,12.9718980789185,2.66132116317749,1.83473563194275,1.3440819978714,2.68768715858459,86.0993194580078,77.0690383911133,74.6279907226562,84.0975570678711,0.333495825529099,0.360803663730621,3.42948358600381e-09,0.0433672070503235,0,1.10577998146955e-10,0,0.262021690607071,2617106.25,NA,NA
"UKJ2",6.01434278488159,10.1734304428101,18.5494251251221,13.1049127578735,12.535083770752,3.06226992607117,1.82448434829712,1.3910311460495,3.12465596199036,85.5778656005859,77.5161972045898,75.8226547241211,83.8558883666992,0.185368254780769,0.284169852733612,4.07325751439203e-05,0.0964961051940918,0,5.65152681597514e-11,0,0.217632159590721,6022512.5,NA,NA
"UKJ3",5.9455246925354,10.0172882080078,18.3419723510742,12.8494987487793,12.3964471817017,3.2919979095459,1.9384069442749,1.3403137922287,3.17438054084778,85.2317886352539,77.6199645996094,75.8979949951172,83.6646957397461,0.235511183738708,0.313236087560654,8.11840891401516e-06,0.0471347160637379,0,2.48082332454658e-10,0,0.215432465076447,2020822.875,NA,NA
"UKJ4",6.00108861923218,10.3142356872559,18.7097282409668,13.259069442749,12.7086410522461,2.75272440910339,1.70693254470825,1.36560523509979,2.9402117729187,85.3265838623047,78.4121627807617,76.6986389160156,83.5688018798828,0.272971928119659,0.279359519481659,1.82696024975115e-09,0.0511545427143574,0,0,0,0.195547834038734,2077758.625,NA,NA
"UKK1",5.40946912765503,9.73186492919922,18.0995750427246,12.1935224533081,12.6901054382324,3.22120904922485,2.04565739631653,1.45632374286652,3.0496244430542,85.997184753418,77.8174133300781,76.1398468017578,84.4930725097656,0.329483181238174,0.365172326564789,3.26584315146761e-09,0.0252679940313101,0,1.16073296807517e-12,0.0229777228087187,0.24300529062748,2365666.75,NA,NA
"UKK2",6.09214210510254,9.74871253967285,17.8088359832764,12.6487035751343,11.7166957855225,3.7817690372467,2.2428126335144,1.51227104663849,3.51891136169434,85.2794876098633,78.9319915771484,77.9972839355469,84.4138031005859,0.209288418292999,0.296252101659775,2.37376363010355e-09,0.0212532635778189,0,1.07037512533936e-11,0.184419259428978,0.0370778888463974,1640411,NA,NA
"UKK3",7.17862510681152,9.63854503631592,16.9165725708008,13.0257549285889,9.73794841766357,4.57271862030029,2.6722719669342,1.67220509052277,3.91829204559326,84.1428146362305,81.1408233642578,82.3580322265625,84.7800903320312,0.125599294900894,0.277220726013184,0.000769329373724759,0.00877744890749454,0,7.72332808818277e-10,0.129611954092979,0.0573118068277836,343065.09375,NA,NA
"UKK4",6.35074138641357,9.4399471282959,17.1310882568359,12.568736076355,10.7803468704224,4.81739521026611,2.72356820106506,1.75600612163544,4.13253355026245,85.987419128418,81.2695388793945,81.5951309204102,85.8770523071289,0.143533736467361,0.410818129777908,0.0042888605967164,0.00893068220466375,9.82013478605077e-28,2.89537768760617e-11,0.217594772577286,0.0165989361703396,780444.5,NA,NA
"UKL1",5.32063484191895,8.69298267364502,16.1282863616943,11.5981426239014,10.8076524734497,5.2990779876709,3.15602350234985,2.30445027351379,5.0894045829773,85.6479110717773,80.763801574707,81.9101638793945,85.5122146606445,0.0765493810176849,0.391717165708542,0.0316242948174477,0.0132918311282992,3.48963459595277e-28,5.68008313994728e-11,0.22425588965416,0.0100974347442389,1721850,NA,NA
"UKL2",4.56176948547363,8.43303680419922,16.2330493927002,11.031852722168,11.6712799072266,5.03800487518311,2.96876645088196,2.02532911300659,4.63298416137695,87.4410247802734,80.2984390258789,80.1010665893555,86.5994338989258,0.118048600852489,0.441324949264526,0.0435252375900745,0.0192558020353317,3.85178887010777e-29,0,0.291496574878693,0.0327444337308407,1440650.5,NA,NA
"UKM50",3.46179127693176,7.18803310394287,14.0579118728638,9.28692531585693,10.5961198806763,2.743985414505,1.87399613857269,2.04601454734802,3.06832671165466,83.1800231933594,78.7817001342773,80.2897262573242,83.3397369384766,0.148643031716347,0.366741448640823,0.0995103791356087,0.00660518696531653,1.0969877659898e-23,9.87578616974683e-13,0.184068664908409,0.0597999393939972,530391.6875,NA,NA
"UKM61",3.40630221366882,6.77680492401123,13.1491250991821,9.0519962310791,9.74282264709473,5.03895616531372,2.69239258766174,2.56299781799316,4.61492490768433,85.2301177978516,80.2800598144531,83.4806213378906,85.4830703735352,0.0240307785570621,0.0717203393578529,0.368777185678482,0.000728303741198033,1.35163151399251e-24,2.45325756237369e-11,0.32096740603447,0.017167754471302,91618.046875,NA,NA
"UKM62",2.29437899589539,6.22245168685913,13.2522821426392,8.38948345184326,10.9579029083252,3.99967122077942,2.32340860366821,2.24089431762695,3.7481701374054,86.8096542358398,79.8132476806641,81.2186431884766,86.2084274291992,0.0422117747366428,0.157190769910812,0.383738279342651,0.00239368714392185,1.02031130641766e-22,1.6353792506394e-13,0.29769104719162,0.0494106858968735,170684.6875,NA,NA
"UKM63",3.47182154655457,6.7863130569458,13.1531763076782,9.0297794342041,9.6813554763794,8.20295238494873,4.19886922836304,3.61183023452759,7.19197750091553,85.3000411987305,80.6008987426758,85.065299987793,85.5488204956055,0.0395212285220623,0.0699905902147293,0.291765838861465,0.000607211026363075,8.71073385522158e-24,7.39960384632532e-11,0.277032434940338,0.0142948245629668,97247.7890625,NA,NA
"UKM64",5.17293691635132,7.48047733306885,13.0352420806885,10.01393699646,7.86230516433716,5.41524362564087,2.74929857254028,2.8298454284668,4.99477195739746,79.3350448608398,78.506706237793,84.3657684326172,81.9489974975586,0.00509472656995058,0.0795514658093452,0.200458526611328,0.000290225987555459,6.94957190760128e-24,7.83438369733602e-10,0.0282940175384283,0.0816910341382027,13449.2353515625,NA,NA
"UKM66",6.54199838638306,7.28436136245728,12.1806888580322,10.6459407806396,5.63869047164917,4.88649940490723,2.42506718635559,2.4945080280304,4.38646554946899,75.9916000366211,80.1783142089844,87.6023712158203,81.098762512207,0.0052047804929316,0.207116290926933,0.0760942474007607,0.000239378146943636,0,1.91546556393973e-09,0,0.0658264979720116,11762.03125,NA,NA
"UKM71",2.96052813529968,6.94221115112305,14.2614946365356,9.12404823303223,11.3009662628174,3.04370522499084,2.00539922714233,2.024977684021,3.12569952011108,86.3276443481445,79.5397262573242,80.0245590209961,85.4817352294922,0.173656836152077,0.269216060638428,0.225569859147072,0.00458833063021302,2.08920161838764e-27,2.40170505011461e-11,0.258954912424088,0.0048266421072185,109383.3671875,NA,NA
"UKM72",3.82017922401428,8.04007911682129,15.3270082473755,10.1215171813965,11.5068292617798,3.05819129943848,1.94025468826294,2.01821637153625,2.97308349609375,85.1861114501953,78.549446105957,78.9473495483398,83.9901733398438,0.171246752142906,0.278969287872314,0.0177654661238194,0.0212570317089558,0,2.46843517848205e-10,0.170267045497894,0.033430527895689,326989.9375,NA,NA
"UKM73",3.16683411598206,7.33870601654053,14.799201965332,9.48560523986816,11.6323680877686,3.12863326072693,2.16692090034485,2.10772490501404,3.23934721946716,92.1014938354492,85.1465301513672,84.5698852539062,90.4664535522461,0.108276017010212,0.230018883943558,0.0755275189876556,0.0167118702083826,6.97631481537084e-28,8.90912621454021e-11,0.464440107345581,0.0120658138766885,211505.953125,NA,NA
"UKM75",2.98151111602783,7.20935487747192,14.5992851257324,9.26326560974121,11.6177740097046,3.63046169281006,2.43375253677368,2.18065929412842,3.6778998374939,94.071174621582,86.9396514892578,86.1020050048828,92.2129821777344,0.0760870948433876,0.208989650011063,0.109305456280708,0.043084379285574,0,0,0.528984725475311,0,143229.25,NA,NA
"UKM76",3.08462929725647,7.49540281295776,14.8356122970581,9.39168357849121,11.7509832382202,4.09287691116333,2.47560024261475,2.27424001693726,3.90465068817139,91.2843933105469,83.2401885986328,83.3540496826172,89.5983047485352,0.116737648844719,0.369113594293594,0.0505229271948338,0.0239530149847269,2.34376121619402e-25,0,0.42361506819725,0,73550.296875,NA,NA
"UKM77",2.15601491928101,6.36224412918091,13.6657810211182,8.39942836761475,11.509765625,5.32576560974121,2.85154676437378,2.50098466873169,4.59117937088013,88.9770812988281,80.7127456665039,81.8322219848633,87.8555908203125,0.0951701104640961,0.211957663297653,0.316040217876434,0.00609438633546233,1.77135529269321e-23,0,0.334008783102036,0,473301.625,NA,NA
"UKM78",2.97754883766174,7.34472560882568,14.7152481079102,9.26707935333252,11.7376985549927,3.91812515258789,2.52504301071167,2.26663136482239,3.9566056728363,94.1327285766602,86.6020812988281,86.1403732299805,92.2832870483398,0.0805022567510605,0.293475687503815,0.0391577854752541,0.0329937301576138,0,0,0.543635070323944,0,157958.421875,NA,NA
"UKM81",2.96071624755859,6.90507221221924,13.9038858413696,8.99140739440918,10.943169593811,7.75131559371948,4.17811918258667,3.42015790939331,6.71581268310547,88.0293884277344,80.6216659545898,83.179084777832,87.3678131103516,0.0748936235904694,0.212749257683754,0.24523338675499,0.0348617844283581,1.58399719894306e-24,0,0.369077533483505,0,244431.75,NA,NA
"UKM82",3.77048397064209,7.79514694213867,14.8520784378052,9.89495944976807,11.0815944671631,4.92721462249756,2.89145565032959,2.408846616745,4.59974908828735,86.7951736450195,79.9189910888672,81.8797454833984,86.1714401245117,0.0676775723695755,0.4347725212574,5.98186389311195e-10,0.100003838539124,0,0,0.397546112537384,0,167069.015625,NA,NA
"UKM83",4.31644535064697,8.02310657501221,14.9269142150879,10.2592630386353,10.6104698181152,5.37550163269043,3.12207293510437,2.6255624294281,5.06078767776489,85.9790115356445,79.9345626831055,82.2395172119141,85.5700302124023,0.0482269190251827,0.354047328233719,0.0241631753742695,0.0557262897491455,0,0,0.307855546474457,0,306376.59375,NA,NA
"UKM84",3.20557403564453,7.49252939224243,14.752703666687,9.44063186645508,11.5471305847168,4.41445302963257,2.69983243942261,2.35957431793213,4.29354286193848,91.6356658935547,84.1781997680664,84.6666946411133,90.2045059204102,0.0785317048430443,0.359861671924591,0.0163756050169468,0.0498340539634228,2.49985504635856e-24,0,0.493937522172928,0,240790.671875,NA,NA
"UKM91",3.0201575756073,7.24577808380127,14.7840785980225,9.3974781036377,11.7639207839966,3.71233749389648,2.47088432312012,2.32170104980469,3.70065259933472,93.553840637207,86.0929565429688,85.4118423461914,91.8144454956055,0.092274934053421,0.240066334605217,0.089283861219883,0.0109503716230392,2.61199857587246e-27,0,0.526411056518555,0,625052.375,NA,NA
"UKM92",3.58588981628418,7.45936059951782,14.6304798126221,9.74302577972412,11.0445899963379,5.35416984558105,3.25539183616638,2.64921236038208,5.11098432540894,90.8044815063477,84.4778213500977,85.8464660644531,89.8653259277344,0.0379867665469646,0.270229160785675,0.0939789712429047,0.00287591782398522,3.48677782285136e-24,1.02496622300663e-10,0.38620936870575,0.021582193672657,150056.421875,NA,NA
"UKM93",3.75197577476501,7.53972864151001,14.5334692001343,9.77550315856934,10.7814922332764,5.50032949447632,3.19347524642944,2.59326934814453,5.15485858917236,87.0692138671875,80.7572631835938,83.0321426391602,86.6078186035156,0.0502136759459972,0.340879827737808,0.0857853814959526,0.0384024754166603,5.34209285202943e-31,0,0.368561953306198,0,627983.1875,NA,NA
"UKM94",4.30970859527588,7.82831907272339,14.598822593689,10.1835737228394,10.2891139984131,4.90242671966553,2.91299772262573,2.42722249031067,4.74132013320923,85.6215133666992,81.215461730957,84.33740234375,85.4918441772461,0.0419396832585335,0.290196985006332,0.0749854296445847,0.010975762270391,2.07099234196797e-29,1.54884663579845e-13,0.317644864320755,0.000926941691432148,103958.4140625,NA,NA
"UKM95",3.1508219242096,7.42952919006348,14.725043296814,9.39863204956055,11.5742206573486,4.57191467285156,2.82070827484131,2.43190598487854,4.47088956832886,92.740478515625,85.2735290527344,85.487922668457,91.1935882568359,0.0718876346945763,0.340998083353043,0.030991243198514,0.0406297966837883,7.01842033840939e-29,0,0.513738036155701,0,741125.8125,NA,NA
"UKN06",5.33247375488281,8.47825336456299,15.1776189804077,11.064019203186,9.8451452255249,3.68582510948181,2.64659976959229,2.22802758216858,3.54896974563599,83.340202331543,80.5597839355469,83.4670867919922,83.6247177124023,0.0319841653108597,0.349628448486328,0.00516409473493695,0.0379643999040127,4.19579275160079e-23,0,0.187980815768242,0,51014.76171875,NA,NA
"UKN07",4.71437120437622,8.21108627319336,15.243748664856,10.5143613815308,10.5293779373169,3.51241040229797,2.52824592590332,2.03888607025146,3.33588433265686,85.6683578491211,80.0708847045898,81.1712951660156,85.3711624145508,0.0372458733618259,0.811417043209076,0.00132091029081494,0.0129214487969875,0,0,0.109484434127808,0,209988.25,NA,NA
"UKN08",5.10582256317139,8.2918291091919,15.2254266738892,10.7979784011841,10.1196031570435,3.50627303123474,2.57531690597534,2.06758880615234,3.34375810623169,84.0375823974609,80.052360534668,81.7987976074219,84.1872177124023,0.0388374924659729,0.585311233997345,7.94824706051855e-10,0.0114925969392061,0,0,0.142228230834007,0,206509.078125,NA,NA
"UKN09",5.68829250335693,8.55240726470947,15.1723031997681,11.3238477706909,9.48401165008545,3.67806553840637,2.63655662536621,2.16814780235291,3.51968669891357,82.4690551757812,80.5794906616211,83.7192230224609,82.9735794067383,0.0289759151637554,0.264587044715881,0.002622488187626,0.0294271279126406,3.30660704080867e-23,1.07419559358668e-10,0.172773078083992,0.00227317376993597,132710.9375,NA,NA
"UKN10",4.19525337219238,7.60469913482666,14.3208084106445,9.96001815795898,10.1255550384521,4.35045576095581,2.88740468025208,2.36507511138916,3.94198489189148,86.6175765991211,80.9007415771484,82.8844757080078,86.201042175293,0.0531918965280056,0.744658470153809,0.0164723005145788,0.00617859419435263,0,0,0.143264308571815,0,104381.3359375,NA,NA
"UKN11",4.39467620849609,8.02231407165527,14.8814449310303,10.2455139160156,10.4867706298828,3.9006130695343,2.70611429214478,2.14530086517334,3.64190196990967,86.1603088378906,80.3505554199219,81.8121032714844,85.7495346069336,0.0294707659631968,0.81008118391037,0.0192202422767878,0.00685991439968348,3.47788165661539e-27,0,0.109767481684685,0,178738.421875,NA,NA
"UKN12",5.01802015304565,8.05906200408936,14.3824481964111,10.586651802063,9.36442756652832,3.97143769264221,2.6620762348175,2.33963847160339,3.75783061981201,84.8314590454102,80.9980010986328,84.0126800537109,84.9907073974609,0.0292370170354843,0.536116302013397,0.0320521257817745,0.0066142394207418,0,1.02290463425969e-12,0.0982292145490646,6.44380052108318e-05,115250.828125,NA,NA
"UKN13",4.54744243621826,8.04980373382568,14.9478998184204,10.4348402023315,10.4004564285278,4.26066780090332,2.83936715126038,2.38913559913635,4.00665664672852,84.8441009521484,80.2215957641602,82.2688293457031,84.7072448730469,0.0273464825004339,0.638852417469025,0.0108369402587414,0.0185666363686323,6.74526876606261e-24,0,0.112533859908581,0,156812.65625,NA,NA
"UKN14",4.89029502868652,8.20090579986572,15.0989780426025,10.6744956970215,10.2086839675903,3.83235383033752,2.6947603225708,2.22631597518921,3.64712333679199,84.2933502197266,80.1970520019531,82.203125,84.3386077880859,0.0352942198514938,0.582855880260468,0.00506024016067386,0.0195493008941412,9.43179532108247e-24,0,0.137619480490685,0,112605.1953125,NA,NA
"UKN15",4.77586841583252,8.1601505279541,14.981315612793,10.6067171096802,10.2054481506348,4.10728979110718,2.78654861450195,2.3506920337677,3.88881015777588,84.4229049682617,80.3478164672852,82.6763229370117,84.4172897338867,0.0279303174465895,0.547839105129242,0.011126215569675,0.0230367556214333,1.57887023414784e-23,1.37972584746127e-11,0.130121290683746,0.000869159994181246,265801.40625,NA,NA
"UKN16",4.26829624176025,7.76522541046143,14.6136302947998,10.0538187026978,10.3453330993652,4.61762857437134,3.0526282787323,2.42133545875549,4.08682441711426,87.2788238525391,80.8980560302734,82.3234939575195,86.6910858154297,0.0687370672821999,0.718163311481476,0.047996748238802,0.0034080755431205,2.42838981351271e-26,0,0.149699777364731,0,173396.125,NA,NA
"VA",12.0057573318481,16.5395183563232,27.9980373382568,21.3113403320312,15.9922800064087,2.66508150100708,2.09527993202209,0.432694911956787,7.14865159988403,77.0413208007812,74.3693542480469,65.9085159301758,74.5720367431641,0.155250057578087,0.0191142670810223,1.16741338818116e-12,0.128548949956894,0,0,0,0.261585116386414,210.440170288086,NA,NA
"XKG125378",2.88385438919067,12.26780128479,24.7183380126953,15.2204513549805,21.8344841003418,1.5788334608078,1.85549116134644,1.61508905887604,1.75850999355316,78.1218109130859,66.0979461669922,55.3117942810059,66.2491836547852,0.239986926317215,0.238579005002975,0.00534071121364832,0.0448698662221432,0,0.065761923789978,0.0757452249526978,0.329716354608536,720190.625,NA,NA
"XKG125379",2.78652477264404,12.0487422943115,24.2959594726562,14.8019723892212,21.5094337463379,1.85710144042969,2.27036690711975,1.9438328742981,1.98131024837494,77.9403610229492,66.5813064575195,58.335563659668,68.0754470825195,0.230861157178879,0.233288809657097,0.0107871918007731,0.0271857157349586,0,0.037133239209652,0.223279476165771,0.237464383244514,275656.03125,NA,NA
"XKG125380",3.18766260147095,12.6459188461304,25.100980758667,15.6175422668457,21.9133186340332,1.4581413269043,1.7429746389389,1.55024218559265,1.65193521976471,78.2297286987305,65.7467346191406,54.2832450866699,65.53173828125,0.262286484241486,0.216739431023598,0.00726346485316753,0.0372042246162891,0,0.0983585938811302,0,0.378147840499878,240058.125,NA,NA
"XKG125385",1.7253235578537,10.4467639923096,22.7434749603271,13.6140842437744,21.0181503295898,2.65320158004761,2.45894026756287,1.67885482311249,2.56830406188965,78.3488616943359,68.7785415649414,60.3202133178711,68.9676208496094,0.177181541919708,0.242182075977325,0.0396403707563877,0.0257705748081207,0.00557575467973948,0,0.509472727775574,0,287136.40625,NA,NA
"XKG125389",1.7443573474884,10.4923791885376,22.8228130340576,13.7281284332275,21.0784549713135,2.09508967399597,2.07320261001587,1.609046459198,2.23791408538818,78.0275192260742,67.7052307128906,56.1019592285156,67.0083618164062,0.15580815076828,0.299045145511627,0.0336942449212074,0.0334719866514206,8.62513988977298e-05,0,0.477667033672333,0,373707.09375,NA,NA
