"NUTM","temperature_winter","temperature_spring","temperature_summer","temperature_fall","seasonal_variation","precipitation_winter","precipitation_spring","precipitation_summer","precipitation_fall","relative_humidity_winter","relative_humidity_spring","relative_humidity_summer","relative_humidity_fall","croplands","pastures","rangelands","urbanAreas","primaryForest","primaryNonForest","secondaryForest","secondaryNonForest","secondaryLand","total_population","population_density"
"AD",1.97744584083557,8.02749538421631,18.7553615570068,11.0542306900024,16.7779159545898,2.44901704788208,2.79063081741333,1.74162101745605,2.23680543899536,73.8857345581055,72.6258010864258,67.3330001831055,73.598518371582,0.171516045928001,0.0417806915938854,0.0267916619777679,0.0160337835550308,9.00903323781677e-05,0.0294321347028017,0.15366567671299,0.560689926147461,19010.2109375,NA,NA
"AL013",-0.0616608299314976,8.9197473526001,19.9749011993408,10.6012649536133,20.0365619659424,4.11845016479492,2.91422009468079,1.30594909191132,4.04693984985352,79.1895980834961,69.1497650146484,60.2652130126953,73.8007583618164,0.151827931404114,0.181701391935349,0.00549816945567727,0.0151309967041016,0.0798403322696686,0,0.564388155937195,0,152918.140625,NA,NA
"AL015",1.25629568099976,9.63317394256592,20.738883972168,11.6114530563354,19.4825878143311,5.52603244781494,3.46178245544434,1.26958239078522,5.5322413444519,76.5423583984375,69.0885620117188,61.0593566894531,72.9841766357422,0.152166664600372,0.129435479640961,0.00591315655037761,0.0103617748245597,0.104838281869888,0.00171009788755327,0.506712019443512,0.00411739060655236,213171.09375,NA,NA
"AL014",5.30527353286743,13.416672706604,24.2755012512207,15.2350521087646,18.9702262878418,4.41529560089111,3.04703879356384,1.16171073913574,4.56711053848267,75.2312698364258,68.3599700927734,61.5342674255371,73.1033935546875,0.156806781888008,0.129338502883911,5.29486732236961e-10,0.0112146530300379,0.108287133276463,2.79409323411528e-06,0.520213425159454,6.72731857775943e-06,95318.4453125,NA,NA
"AL011",2.16600394248962,10.6851663589478,21.7054271697998,12.4760675430298,19.5394248962402,3.63979697227478,2.64357161521912,1.04872906208038,3.76748299598694,79.8044281005859,69.973503112793,61.9133071899414,75.0819625854492,0.16593511402607,0.19139389693737,0.00190707051660866,0.0100406464189291,0.102545395493507,0,0.515232920646667,0,127230.578125,NA,NA
"AL012",7.29831886291504,14.6863346099854,25.3764629364014,16.8154335021973,18.078145980835,3.77030611038208,2.52899646759033,0.952627658843994,3.96686816215515,72.8044967651367,67.6343307495117,61.8271636962891,71.9683456420898,0.193072929978371,0.113559506833553,4.8466686219939e-10,0.023481223732233,0.0801766365766525,0.000748754653614014,0.438449114561081,0.00835338141769171,247346.453125,NA,NA
"AL021",3.47750449180603,11.2163715362549,22.1105842590332,13.3591384887695,18.63307762146,3.26610970497131,2.27752757072449,0.870147347450256,3.41799092292786,78.1947937011719,68.6240005493164,61.190860748291,73.8666534423828,0.165268987417221,0.181787744164467,0.0107043301686645,0.0138982441276312,0.0980784893035889,0,0.52409017086029,0,378220.3125,NA,NA
"AL022",6.91279029846191,14.0721845626831,24.751781463623,16.347240447998,17.8389911651611,3.35269117355347,2.28076171875,0.860270202159882,3.51920437812805,73.6406173706055,67.7780227661133,61.8167152404785,72.2331008911133,0.231400147080421,0.137246087193489,6.39663544355074e-10,0.0297743249684572,0.0819746255874634,0.000145962665555999,0.469372630119324,0.00321962591260672,746310.25,NA,NA
"AL034",1.54801726341248,9.87794017791748,20.8155651092529,11.8139219284058,19.2675495147705,2.8858380317688,2.00854063034058,0.785206437110901,3.09019064903259,80.909423828125,68.9585952758789,59.7213363647461,73.9249801635742,0.192271873354912,0.122207328677177,0.0291093979030848,0.00795490853488445,0.0141619024798274,0.358429610729218,0.0938183814287186,0.12470069527626,160854.15625,NA,NA
"AL031",4.86232995986938,12.1218957901001,22.8093032836914,14.4068088531494,17.9469738006592,3.44372916221619,2.22013163566589,0.795007884502411,3.61457300186157,76.4760894775391,67.6642990112305,60.6005249023438,72.9675369262695,0.222947001457214,0.196015045046806,0.0173555444926023,0.0106653580442071,0.0760814175009727,0,0.474533230066299,0,93158.4921875,NA,NA
"AL032",8.95389556884766,15.5752763748169,25.9523391723633,18.020824432373,16.9984436035156,3.38990497589111,2.09706401824951,0.716959536075592,3.72923278808594,73.8856658935547,67.4697494506836,61.7690124511719,72.6775054931641,0.314722716808319,0.165469735860825,0.00130665197502822,0.0185295101255178,0.0307791102677584,0.00542059913277626,0.293235242366791,0.0279691442847252,215289.3125,NA,NA
"AL035",7.87917613983154,14.6018972396851,25.0089664459229,17.0242385864258,17.129789352417,4.72781658172607,2.32547569274902,0.573985040187836,4.63120603561401,75.4397964477539,70.1968002319336,63.8819541931152,74.3174438476562,0.170397713780403,0.17256785929203,0.0344103127717972,0.00455310614779592,0.0265433266758919,0.00713609298691154,0.326964646577835,0.0135540859773755,66898.875,NA,NA
"AL033",4.12732934951782,11.4104661941528,22.2120780944824,13.6813192367554,18.0847492218018,4.89171314239502,2.46993279457092,0.628223836421967,4.67275142669678,76.496940612793,68.6024627685547,60.2713317871094,73.1432647705078,0.212985798716545,0.19332417845726,0.0244904719293118,0.00406250590458512,0.0561373606324196,0.0135226901620626,0.441603124141693,0.00301710795611143,48269.09765625,NA,NA
"AT11",1.33515000343323,11.7181386947632,21.0762424468994,11.465350151062,19.7410945892334,1.27122116088867,1.77435111999512,2.72047162055969,2.03777623176575,79.4618225097656,64.91796875,63.410270690918,77.0491638183594,0.323995321989059,0.0696869716048241,7.64297947171144e-05,0.0139970472082496,1.40129846432482e-45,0.0350899621844292,0.268278688192368,0.269181579351425,374528.53125,NA,NA
"AT12",0.514714121818542,10.42249584198,19.6701335906982,10.5216808319092,19.1554203033447,1.94407606124878,2.19422245025635,3.03428053855896,2.06100058555603,81.2663421630859,68.6358871459961,67.5038375854492,78.3853607177734,0.290510237216949,0.155749574303627,0.00301654613576829,0.0202560387551785,0,0.139859244227409,0.0748657509684563,0.315399289131165,3311342.25,NA,NA
"AT13",1.87539160251617,11.9964790344238,21.3490772247314,11.8140859603882,19.4736862182617,1.52615809440613,1.84461987018585,2.37917971611023,1.86146008968353,79.8724212646484,66.5537185668945,63.5988006591797,76.1959991455078,0.264483451843262,0.116911239922047,2.47817016907348e-10,0.121139988303185,0,0.123712562024593,0,0.373752802610397,457325.21875,NA,NA
"AT21",-2.19494247436523,6.35275602340698,15.7149677276611,7.66522693634033,17.9099102020264,1.75547635555267,2.73510670661926,4.49979066848755,3.67162203788757,79.4566268920898,71.8571243286133,73.9833908081055,81.4531173706055,0.100936643779278,0.09340038895607,0.0561784543097019,0.0115987621247768,0,0,0.733752191066742,0,631506.9375,NA,NA
"AT22",-1.45921242237091,7.5780200958252,16.726978302002,8.46551322937012,18.1861915588379,2.13283443450928,2.60128808021545,4.42325353622437,2.95796799659729,81.2609939575195,71.1368713378906,73.4665069580078,81.3807983398438,0.134490847587585,0.0716162249445915,0.0235663242638111,0.0137390280142426,9.4071860162832e-25,0.0511208027601242,0.693445026874542,0.0110772484913468,1316156,NA,NA
"AT31",0.00295361899770796,9.14595985412598,18.1136798858643,9.81175327301025,18.110725402832,3.04958581924438,3.10907745361328,4.2922887802124,2.8572154045105,82.9752044677734,71.6757431030273,73.209358215332,80.7469863891602,0.228871271014214,0.21888966858387,0.0107400305569172,0.0201999600976706,0,0.0775535926222801,0.314587831497192,0.124433904886246,1503414.75,NA,NA
"AT32",-2.62260746955872,4.35315370559692,13.2234258651733,6.32910585403442,15.8460330963135,2.89992427825928,3.68597269058228,5.56611251831055,3.63298773765564,80.9424896240234,75.3489151000977,78.4888916015625,82.1025772094727,0.0650717169046402,0.15055724978447,0.146659329533577,0.0102456891909242,0,0,0.610718965530396,0,525238.5625,NA,NA
"AT33",-3.35852241516113,3.52589297294617,12.2651262283325,5.42250871658325,15.6236476898193,2.48119020462036,3.15443754196167,4.90371656417847,3.18193912506104,76.9173126220703,73.7756271362305,77.5062026977539,79.9874725341797,0.0732474252581596,0.13480994105339,0.166395649313927,0.0089791789650917,0,0,0.595371007919312,0,874564.9375,NA,NA
"AT34",-1.74855816364288,5.19493913650513,13.836446762085,6.8798828125,15.5850057601929,3.39316987991333,4.00478506088257,5.50377225875854,3.55804920196533,76.9764404296875,73.3265609741211,76.7752914428711,79.3038787841797,0.109550446271896,0.172018364071846,0.125628709793091,0.0273813083767891,0.00044550996972248,0,0.55646938085556,0,432345.03125,NA,NA
"BAG1652",1.27931797504425,9.88212299346924,20.3818492889404,11.3405246734619,19.1025314331055,3.06271958351135,2.9533224105835,2.23462343215942,3.52761340141296,79.9082641601562,69.3532791137695,64.499870300293,76.5333404541016,0.179449766874313,0.154612392187119,0.030578238889575,0.0103845624253154,0.00110738875810057,0.112132094800472,0.444837987422943,0.0516154281795025,1606917.875,NA,NA
"BAG1653",1.61019337177277,10.70849609375,21.1858730316162,11.8808221817017,19.5756778717041,2.94298577308655,2.89016175270081,2.3956880569458,3.2843542098999,80.2467041015625,68.4260940551758,64.9998168945312,76.4850006103516,0.218729913234711,0.115528456866741,0.026259483769536,0.00886631105095148,0.00222711428068578,0.13951350748539,0.393659591674805,0.0854858532547951,1168735,NA,NA
"BE10",4.17702293395996,10.6647644042969,18.5780849456787,12.0060300827026,14.4010620117188,2.57719564437866,2.26755261421204,2.11650896072388,2.34433126449585,85.6666259765625,75.0674438476562,72.573356628418,81.406494140625,0.337062418460846,0.140471026301384,7.14613257457586e-10,0.261127859354019,0,0,0,0.261338740587234,184765.203125,NA,NA
"BE21",4.2350058555603,10.6439485549927,18.474609375,11.906982421875,14.2396020889282,2.49775791168213,2.06379890441895,2.10068988800049,2.48543906211853,85.7009887695312,74.494758605957,72.9927825927734,82.0154037475586,0.227114856243134,0.142619416117668,1.39280897926142e-09,0.124937884509563,0,3.27176979952881e-10,0,0.486338973045349,1466029.125,NA,NA
"BE22",3.87354159355164,10.6219186782837,18.6107139587402,11.8312206268311,14.7371730804443,2.58103156089783,2.32188105583191,2.19039249420166,2.26032114028931,85.4114151000977,73.8446807861328,71.8337554931641,81.1085739135742,0.22302308678627,0.15921838581562,7.23819393311231e-10,0.105997756123543,0,0,0,0.511760771274567,1045147.75,NA,NA
"BE23",4.27168703079224,10.4656095504761,18.4362182617188,12.1649808883667,14.1645317077637,2.52130365371704,2.09234857559204,2.14255237579346,2.61884045600891,85.7776641845703,75.8808975219727,73.8954162597656,82.0724029541016,0.273139744997025,0.163997679948807,1.29170163454262e-09,0.12047141045332,0,2.65593907977646e-10,0,0.366686254739761,1488424.25,NA,NA
"BE24",3.95923161506653,10.6260099411011,18.6811561584473,11.9609565734863,14.7219257354736,2.51221203804016,2.26056599617004,2.10297155380249,2.24331641197205,85.5967864990234,74.7643280029297,72.4068908691406,81.3512649536133,0.3636135160923,0.154957011342049,1.60340363208888e-09,0.170515865087509,0,2.61982727178811e-11,0,0.309393137693405,1489745.5,NA,NA
"BE25",4.42010354995728,10.218638420105,18.0075206756592,12.1670045852661,13.5874166488647,2.53248453140259,2.18833613395691,2.1226954460144,2.82251644134521,84.924446105957,76.7947158813477,74.5525360107422,81.3779220581055,0.336457848548889,0.155170306563377,2.87340753857279e-06,0.0902949422597885,0,4.37604397163227e-10,0,0.217206239700317,1328286.5,NA,NA
"BE31",3.93167519569397,10.629994392395,18.7182865142822,11.9770812988281,14.7866115570068,2.49966263771057,2.24668192863464,2.08132171630859,2.20743727684021,85.6073379516602,74.7873229980469,72.3639526367188,81.3146514892578,0.384405672550201,0.153833448886871,1.92275995125613e-09,0.170297920703888,0,0,0,0.291462987661362,731112,NA,NA
"BE32",3.9612193107605,10.5154991149902,18.6205635070801,11.9250087738037,14.6593437194824,2.78172302246094,2.3991379737854,2.22685384750366,2.51971530914307,86.2940216064453,75.8069763183594,73.2511367797852,82.0711212158203,0.330645561218262,0.172834634780884,8.31857693839311e-10,0.109427846968174,0,0,0.201285392045975,0.185806587338448,1825248.375,NA,NA
"BE33",3.01684594154358,10.037317276001,18.2473182678223,11.2487916946411,15.2304725646973,2.99799156188965,2.6285924911499,2.36436748504639,2.43230795860291,87.0651168823242,75.4075012207031,73.3444061279297,82.5443420410156,0.18251870572567,0.161126136779785,1.42255263124724e-09,0.0797000527381897,0,2.13417974156797e-13,0.271304368972778,0.305350750684738,1240991.875,NA,NA
"BE34",2.56838178634644,9.57177066802979,17.9627723693848,10.6758708953857,15.3943929672241,3.50643420219421,2.8513400554657,2.42907547950745,2.69917392730713,88.3785934448242,76.1449279785156,74.1538848876953,83.6576766967773,0.22021646797657,0.174170583486557,0.000123743404401466,0.0307489167898893,3.25165033787655e-10,1.08620630316856e-36,0.484108984470367,0.0906312614679337,401565.78125,NA,NA
"BE35",3.34952116012573,10.2055950164795,18.4555969238281,11.4858598709106,15.1060762405396,3.10839557647705,2.63970851898193,2.3369140625,2.50626254081726,87.2125473022461,75.9795150756836,73.820182800293,82.8061904907227,0.271623760461807,0.184066921472549,1.56096666614758e-05,0.0513987354934216,0,1.51607310423993e-36,0.0832332819700241,0.409661710262299,702982.1875,NA,NA
"BG311",1.66120660305023,12.248085975647,22.8620872497559,12.6026935577393,21.2008819580078,1.72482621669769,1.88675010204315,1.67416906356812,1.66622388362885,82.7510604858398,67.75048828125,62.7693710327148,76.055778503418,0.262584179639816,0.187734350562096,0.00488263554871082,0.0048721325583756,0,0.0389739759266376,0,0.498641610145569,87161.578125,NA,NA
"BG312",1.13565039634705,11.8485889434814,22.4794960021973,12.3038492202759,21.3438472747803,1.62326407432556,2.0645112991333,1.94758987426758,1.72065198421478,81.9776306152344,67.8628921508789,62.9125442504883,75.2781295776367,0.279272943735123,0.198661774396896,0.0192059744149446,0.00508892023935914,0,0.034081157296896,0,0.461788594722748,103041.4921875,NA,NA
"BG313",1.28471004962921,12.3354063034058,23.2399253845215,12.9085550308228,21.9552173614502,1.64289164543152,2.21613836288452,2.14100551605225,1.79706764221191,82.2154998779297,68.1515502929688,63.3449516296387,75.1886596679688,0.323438048362732,0.17648434638977,0.0281650125980377,0.00700009986758232,0,0.00347240502014756,0,0.459800869226456,120920.2578125,NA,NA
"BG314",1.41738963127136,12.7948207855225,23.9982795715332,13.4997358322144,22.5808906555176,1.66112613677979,2.00884199142456,2.15453100204468,1.56846439838409,82.1270523071289,68.4592971801758,63.6413650512695,74.9440536499023,0.515450656414032,0.195294559001923,0.0116827376186848,0.00743046402931213,0,0.00577488029375672,0,0.263214737176895,199461,NA,NA
"BG315",0.288679242134094,11.0818786621094,22.2219848632812,12.0925598144531,21.9333057403564,1.82753467559814,2.59517121315002,2.71831941604614,1.87760031223297,80.9238586425781,70.7651596069336,67.5668563842773,76.5456314086914,0.303723365068436,0.128387331962585,0.00641784770414233,0.00899168848991394,0,5.8347806771053e-05,0,0.552409589290619,158045.703125,NA,NA
"BG321",1.39728164672852,12.0161867141724,23.298267364502,13.1114702224731,21.9009876251221,1.80037271976471,2.20241189002991,2.18510222434998,1.73666036128998,81.7402267456055,70.5817565917969,66.9157791137695,76.5626831054688,0.407698094844818,0.170521527528763,0.00357910827733576,0.00905318465083838,0,0.00255152676254511,0,0.406217277050018,195017.875,NA,NA
"BG322",-0.191684827208519,10.2572507858276,21.4694957733154,11.4841585159302,21.6611824035645,1.97831761837006,2.56124424934387,2.66258978843689,1.83412206172943,81.1697235107422,71.8161773681641,68.6997909545898,77.1333236694336,0.245091542601585,0.107996098697186,0.000604828004725277,0.0103857684880495,0,7.18636729288846e-05,0,0.635284662246704,88585.8515625,NA,NA
"BG323",1.76686012744904,12.6425933837891,23.8824920654297,13.4572353363037,22.1156311035156,1.88614428043365,2.11245560646057,2.02456498146057,1.83796572685242,82.4548568725586,69.2213668823242,65.6687698364258,76.0894241333008,0.530660808086395,0.186530217528343,0.00657239649444818,0.0116420788690448,0,0.0108084520325065,0,0.251642525196075,183644.65625,NA,NA
"BG324",1.76705455780029,12.2070207595825,23.4379425048828,13.2517728805542,21.6708869934082,1.79097270965576,2.11230516433716,1.97068631649017,1.98216831684113,82.2933120727539,70.32568359375,67.1254348754883,77.0760955810547,0.46991765499115,0.169332429766655,0.00150625361129642,0.00801220256835222,0,0.00361259211786091,0,0.347536027431488,84268.796875,NA,NA
"BG325",2.00382971763611,12.4029560089111,23.5475940704346,13.4130973815918,21.5437641143799,1.75207030773163,1.90744817256927,1.90483665466309,1.90020501613617,82.4129180908203,70.0880737304688,66.5568313598633,76.987060546875,0.519315540790558,0.160508096218109,0.00696224393323064,0.00788370240479708,0,0.00943112745881081,0,0.288536787033081,144637.890625,NA,NA
"BG331",3.5210919380188,11.858452796936,23.3419342041016,14.4531698226929,19.8208408355713,1.5412745475769,1.68438029289246,1.54436910152435,1.98732972145081,80.7463073730469,73.3411407470703,69.4753112792969,77.9641723632812,0.370982766151428,0.135074138641357,0.000603364838752896,0.0125925606116652,0,6.72940877848305e-05,0,0.381005227565765,374204.4375,NA,NA
"BG332",3.10661578178406,12.0031566619873,23.3303909301758,14.0703573226929,20.2237758636475,1.3970673084259,1.53987610340118,1.46002531051636,1.91124784946442,81.1059875488281,72.7065811157227,68.7162322998047,77.3744812011719,0.425314396619797,0.170272380113602,8.07461110525765e-05,0.00595813663676381,0,0.00508825527504086,0,0.286714434623718,167297.5,NA,NA
"BG333",2.40061330795288,11.84303855896,23.1971397399902,13.5859546661377,20.7965259552002,1.62925088405609,1.92670094966888,1.87426292896271,1.88973844051361,81.8034896850586,72.1076126098633,68.3631896972656,77.895133972168,0.443393260240555,0.169279605150223,0.000706188671756536,0.00752029940485954,0,2.14756510104053e-05,0,0.378925502300262,129936.75,NA,NA
"BG334",1.85106813907623,11.8731298446655,23.1538162231445,13.2329540252686,21.3027458190918,1.64264762401581,2.073561668396,1.97324848175049,1.81807804107666,81.975227355957,71.5275802612305,68.6367568969727,77.9520111083984,0.37702888250351,0.162389978766441,0.000368989800335839,0.00689805438742042,0,0.00034215539926663,0,0.452964782714844,80522.40625,NA,NA
"BG341",4.09481287002563,12.2648496627808,23.4970932006836,15.0251312255859,19.4022789001465,1.91311526298523,1.82824897766113,1.35463845729828,2.2550642490387,79.8022613525391,74.1006774902344,69.5361022949219,76.4138946533203,0.256678968667984,0.119722075760365,0.00538765545934439,0.00645665405318141,0,0.0685952082276344,0,0.421508431434631,305720.1875,NA,NA
"BG342",1.50402128696442,10.9530210494995,22.2742824554443,12.6947898864746,20.7702598571777,1.76145732402802,1.90594267845154,1.67902815341949,1.7261449098587,80.8639373779297,72.4736557006836,67.1795196533203,76.3490753173828,0.289174914360046,0.130990281701088,0.00587141932919621,0.00784190557897091,0,5.59583058930002e-05,0,0.566065549850464,140655.8125,NA,NA
"BG343",3.75441455841064,12.5640230178833,23.8928260803223,14.6534147262573,20.1384124755859,1.87078964710236,1.79737055301666,1.43464708328247,1.84261739253998,80.0632781982422,71.733154296875,63.9087371826172,74.0195617675781,0.438386559486389,0.182966634631157,0.0118856932967901,0.00592303881421685,0,0.00403229286894202,0,0.3566634953022,95871.5390625,NA,NA
"BG344",1.65364873409271,11.4401969909668,22.73486328125,12.932541847229,21.0812149047852,1.95727729797363,2.14441680908203,2.0208010673523,1.65457284450531,80.3821105957031,71.3221435546875,65.0379486083984,74.9626159667969,0.332322597503662,0.141821995377541,0.00232721958309412,0.00971515756100416,0,4.7534082113998e-05,0,0.51356041431427,255072.09375,NA,NA
"BG411",0.129667118191719,10.2313985824585,20.7365188598633,11.3415107727051,20.6068496704102,1.84160399436951,2.56109261512756,2.30992102622986,2.07356190681458,79.3130950927734,68.5949859619141,66.3130416870117,75.2023391723633,0.153906509280205,0.0368179529905319,0.00669665401801467,0.0506323873996735,0,8.63392269820906e-05,0,0.75117439031601,599733.875,NA,NA
"BG412",-0.478734850883484,9.60251617431641,20.2941741943359,10.7894973754883,20.7729091644287,2.00908970832825,2.83733439445496,2.39679718017578,2.10753035545349,79.7997817993164,70.0064849853516,67.6940231323242,76.2235336303711,0.137258842587471,0.0533228702843189,0.00610125856474042,0.0142892152070999,0,0.0101298624649644,0,0.776665329933167,774982.4375,NA,NA
"BG413",0.172879606485367,9.597900390625,20.4125232696533,11.1271066665649,20.2396411895752,1.91851377487183,2.09381651878357,1.4147629737854,1.8052636384964,77.4918518066406,69.2095260620117,64.4788589477539,73.9249649047852,0.142147034406662,0.105072982609272,0.0145228793844581,0.00553744053468108,0,0.0666132047772408,0,0.663112580776215,224141.171875,NA,NA
"BG414",-0.0951911956071854,9.91119003295898,20.3402423858643,11.0782232284546,20.435432434082,1.78326892852783,2.09540748596191,1.94944322109222,1.8968061208725,78.7889633178711,67.8457336425781,65.1247329711914,74.6700134277344,0.151765614748001,0.0400351919233799,0.0113871488720179,0.0138296689838171,0,0.108863823115826,0,0.674097001552582,259490.625,NA,NA
"BG415",-0.232264488935471,9.50968551635742,19.9750556945801,10.8974857330322,20.2073211669922,1.94190549850464,2.16893839836121,1.82837748527527,1.8771185874939,76.6739349365234,66.3942413330078,61.9168434143066,72.3505706787109,0.141156733036041,0.0815847963094711,0.0186987891793251,0.00689799152314663,0,0.1451715528965,0,0.606469810009003,101174.6328125,NA,NA
"BG421",1.09832203388214,11.035041809082,22.2657337188721,12.3494358062744,21.1674118041992,2.11017942428589,2.46088314056396,2.18688130378723,1.80069220066071,79.2892761230469,70.7764434814453,65.5039901733398,75.2810592651367,0.314741283655167,0.122222051024437,0.00416389387100935,0.0151190059259534,0,0.00155978067778051,0,0.541540503501892,617125.9375,NA,NA
"BG422",3.673583984375,12.5249910354614,23.7912540435791,14.3298997879028,20.1176700592041,2.1726188659668,1.96969974040985,1.21593630313873,1.85808300971985,79.4975509643555,70.1830596923828,60.1416282653809,71.8060989379883,0.393224656581879,0.182471871376038,0.0177976656705141,0.0069767227396369,0,0.0500870011746883,0,0.347672134637833,214545.9375,NA,NA
"BG423",0.0978752821683884,9.88731670379639,20.8337001800537,11.2444620132446,20.7358245849609,2.05332326889038,2.51624751091003,1.82302951812744,1.77903938293457,78.7128448486328,70.8071670532227,67.1419448852539,75.8816604614258,0.210787385702133,0.0851867571473122,0.00392232602462173,0.00833115633577108,0,0.0507632456719875,0,0.635045051574707,214191.9375,NA,NA
"BG424",-0.117876805365086,8.96177577972412,19.985179901123,10.5746793746948,20.1030578613281,2.49023747444153,2.44439816474915,1.76099288463593,2.12970781326294,78.7543258666992,72.3578414916992,68.4883193969727,75.9935684204102,0.107222482562065,0.0406243093311787,0.0132317375391722,0.00382235995493829,0,0.149127051234245,0,0.678472876548767,85172.15625,NA,NA
"BG425",2.97733378410339,11.5557107925415,22.7652072906494,13.341628074646,19.7878742218018,2.4089367389679,2.11919832229614,1.10959124565125,1.91494226455688,79.3104476928711,71.5227203369141,61.9363403320312,72.9563217163086,0.297350704669952,0.110990166664124,0.0481176786124706,0.00488800089806318,0,0.115561634302139,0,0.417374223470688,124542.2578125,NA,NA
"CH01",-2.29116225242615,4.15824794769287,13.1925439834595,6.19942045211792,15.4837064743042,3.75464987754822,4.29993438720703,3.52805137634277,3.63182044029236,74.7705001831055,72.9096984863281,75.3811645507812,78.9829330444336,0.143860757350922,0.12554569542408,0.0404514782130718,0.0212077330797911,9.82730328989677e-27,0,0.583006918430328,0,1322889.875,NA,NA
"CH02",0.124763734638691,7.50682783126831,16.4228229522705,8.78236198425293,16.298059463501,4.00742530822754,4.41471672058105,4.30065584182739,3.74919128417969,78.4677810668945,72.6872024536133,74.8100280761719,80.4955368041992,0.199949249625206,0.172652408480644,0.0194659158587456,0.0333207696676254,3.3633044249569e-29,3.88191466527132e-07,0.535516321659088,2.71733483714343e-06,2070086.25,NA,NA
"CH03",1.76678204536438,9.76171112060547,18.4879493713379,10.4542713165283,16.7211685180664,3.68570494651794,3.9508855342865,3.94660639762878,3.25528573989868,80.7721405029297,71.4645843505859,72.4108428955078,80.5610656738281,0.199652120471001,0.174707770347595,0.00751378992572427,0.062312051653862,2.4082626129987e-26,0.00926468335092068,0.467242628335953,0.0648526474833488,860314.875,NA,NA
"CH04",1.53488636016846,9.58096408843994,18.3024616241455,10.2426338195801,16.7675762176514,3.73057627677917,4.2365231513977,4.66970205307007,3.4696159362793,80.7065734863281,72.0905685424805,73.5593795776367,80.8847045898438,0.140913933515549,0.207357510924339,0.00797928869724274,0.0879836827516556,7.3814893570656e-27,0,0.526519477367401,0,977515.3125,NA,NA
"CH05",-2.6620979309082,3.69116187095642,12.4739351272583,5.79360198974609,15.1360330581665,3.43204355239868,4.05697584152222,4.75353622436523,3.86970257759094,76.0679168701172,73.0013885498047,75.6129913330078,79.7423553466797,0.0676468759775162,0.19415257871151,0.137884005904198,0.0159945003688335,2.29423822020181e-05,0,0.559648811817169,0,1332992.875,NA,NA
"CH06",-1.02852642536163,5.83771562576294,14.5942001342773,7.42106819152832,15.6227264404297,4.77988910675049,5.58790063858032,5.36897659301758,4.55355358123779,77.460319519043,73.4728851318359,75.9119720458984,80.551025390625,0.0884510204195976,0.201657429337502,0.0646619871258736,0.0470897108316422,1.15571065435833e-26,0,0.531096041202545,0,1328710.875,NA,NA
"CH07",-1.65265417098999,4.88453006744385,13.9949016571045,6.90925025939941,15.6475553512573,2.78582644462585,6.09312915802002,5.52646732330322,5.73552417755127,72.6817245483398,71.026969909668,72.2593765258789,77.9700546264648,0.0432700701057911,0.0999650731682777,0.0993048772215843,0.0200654957443476,1.25916377341105e-14,0,0.69790256023407,0,421131.84375,NA,NA
"CZ01",0.772638022899628,10.4614953994751,19.3196144104004,10.5493602752686,18.5469760894775,1.33848977088928,1.61393523216248,2.60544753074646,1.35699379444122,81.7340240478516,69.0316772460938,66.020378112793,76.7717666625977,0.499603718519211,0.0927484184503555,1.16122211846204e-09,0.0472202152013779,0,0.00315145077183843,0.140463039278984,0.216703847050667,253477.6875,NA,NA
"CZ02",0.385037392377853,9.89003276824951,18.8369293212891,10.1021156311035,18.4518928527832,1.54529178142548,1.77687382698059,2.64798879623413,1.4440666437149,82.4770965576172,69.8819732666016,67.4921035766602,77.8386993408203,0.464807152748108,0.125995382666588,0.00011921237455681,0.0204340983182192,0,0.00509938923642039,0.0950645357370377,0.288237750530243,2324862.25,NA,NA
"CZ03",0.0139502231031656,9.27735710144043,18.2472286224365,9.67385959625244,18.2332782745361,2.00429248809814,2.11671543121338,2.85462331771851,1.77651965618134,84.2088088989258,71.3600387573242,70.1115188598633,79.9260406494141,0.332349509000778,0.150594994425774,0.00130425812676549,0.0073885410092771,0,0.0115088298916817,0.0473621152341366,0.448133617639542,1289291.5,NA,NA
"CZ04",0.236222639679909,9.3982048034668,18.1819458007812,9.74988842010498,17.9457244873047,2.1141209602356,2.00267910957336,2.70983481407166,1.77688002586365,85.3018798828125,71.9431228637695,69.5626907348633,80.2431945800781,0.332942873239517,0.102332957088947,0.00363816251046956,0.0140305105596781,0,0.0113031398504972,0.018245430663228,0.517031610012054,1265781.375,NA,NA
"CZ05",-0.134629264473915,9.20673847198486,18.1568355560303,9.63297748565674,18.2914657592773,2.90863823890686,2.4392077922821,3.18275427818298,2.20186471939087,85.0097198486328,72.1756362915039,70.769287109375,80.5506286621094,0.356105506420135,0.129055216908455,0.00040287320734933,0.0161550529301167,0,0.0028839479200542,0.230392515659332,0.264964014291763,1522871,NA,NA
"CZ06",0.125355258584023,9.94655418395996,19.1098251342773,10.1641454696655,18.9844703674316,1.62580788135529,1.86425220966339,2.55230665206909,1.6050637960434,83.0203247070312,69.2343902587891,66.6645889282227,78.1195220947266,0.451620787382126,0.142078101634979,0.000182246483745985,0.0120118213817477,0,0.0040023997426033,0.0957052707672119,0.294313877820969,1620932.5,NA,NA
"CZ07",-0.615911066532135,9.05713558197021,18.1768341064453,9.50868225097656,18.79274559021,2.22646856307983,2.33675003051758,3.0161702632904,2.06580638885498,84.2076187133789,71.4746475219727,69.9124374389648,79.2128524780273,0.364031136035919,0.116329982876778,0.000585402478463948,0.0172099694609642,0,0.00689308112487197,0.319721311330795,0.174455121159554,1132839.25,NA,NA
"CZ08",-0.65047299861908,8.79764461517334,17.8709278106689,9.36974239349365,18.5214023590088,2.39813423156738,2.66562461853027,3.43852543830872,2.28499698638916,84.0555801391602,72.5676040649414,72.1169586181641,79.5220947265625,0.372171700000763,0.102204814553261,0.000312636198941618,0.0225594658404589,0,0.00799295585602522,0.0559623874723911,0.436990857124329,1193200.875,NA,NA
"DE11",1.23844265937805,9.93699264526367,18.6986331939697,10.3940372467041,17.4601898193359,2.41595220565796,2.55995965003967,2.77818751335144,2.12209486961365,84.4371490478516,70.9903182983398,69.4794082641602,79.6690979003906,0.300430923700333,0.0854422897100449,4.11072778661037e-06,0.0373133346438408,0,8.81985077420128e-13,0,0.576809406280518,3803772.5,NA,NA
"DE12",2.1367199420929,10.6462926864624,19.3954105377197,11.16259765625,17.2586917877197,2.72857427597046,2.73264694213867,2.69323539733887,2.29392862319946,83.765510559082,70.7824783325195,68.6484146118164,78.6563873291016,0.229892313480377,0.0503334440290928,2.0725707145175e-05,0.0380333326756954,0,0,0.0615779384970665,0.62014228105545,2492068.75,NA,NA
"DE13",1.62640559673309,9.73974227905273,18.4864044189453,10.4350786209106,16.8599987030029,3.107834815979,3.20253229141235,3.15663146972656,2.72752690315247,82.9475021362305,71.9158554077148,71.0690155029297,80.1819686889648,0.234392106533051,0.0894618481397629,0.000601064646616578,0.0287737213075161,0,0.0125881247222424,0.437127619981766,0.191750332713127,2498475.25,NA,NA
"DE14",1.10898077487946,9.67498207092285,18.4859104156494,10.2532320022583,17.3769283294678,2.10688900947571,2.75037956237793,3.42952179908752,2.27438163757324,83.201545715332,71.9332504272461,72.3574981689453,80.9263534545898,0.251475304365158,0.143940016627312,0.000840146618429571,0.0199780948460102,0,1.71310529780908e-13,0.332090258598328,0.218869850039482,2089444.375,NA,NA
"DE21",0.22114509344101,9.08289241790771,17.9322605133057,9.66541862487793,17.7111167907715,2.36649823188782,2.99231815338135,4.39518785476685,2.7430591583252,81.4387664794922,71.3114242553711,73.0280075073242,80.6408767700195,0.246129766106606,0.147257477045059,0.00880294479429722,0.0260794404894114,0,3.27248957099346e-11,0.335843741893768,0.226927414536476,4689533.5,NA,NA
"DE22",0.444218814373016,9.76812839508057,18.6634502410889,10.0410614013672,18.2192306518555,2.43482136726379,2.3928074836731,3.24788951873779,2.27930283546448,83.1624298095703,70.0797958374023,70.0017623901367,79.6573791503906,0.333207547664642,0.162686496973038,0.000728635990526527,0.00993150286376476,0,6.46144400207049e-08,0.176057651638985,0.317388087511063,1189180.875,NA,NA
"DE23",0.275149494409561,9.44005870819092,18.3037929534912,9.69171905517578,18.0286426544189,2.25371074676514,2.07404112815857,2.65361094474792,1.94721150398254,85.0303573608398,70.5068130493164,68.5733795166016,79.8049621582031,0.283004999160767,0.107250869274139,0.00011737418390112,0.011398266069591,0,2.57339056730643e-08,0.00662839505821466,0.591600120067596,1250053.375,NA,NA
"DE24",0.633519530296326,9.196608543396,17.9430923461914,9.7350435256958,17.3095722198486,2.53396153450012,2.14962220191956,2.53419995307922,2.08106517791748,85.6328048706055,71.2483139038086,69.3251647949219,80.3299026489258,0.276611775159836,0.0955428034067154,4.33210300965214e-10,0.0133660398423672,0,0,0,0.614479422569275,1004145.375,NA,NA
"DE25",0.838584363460541,9.5761661529541,18.4026279449463,9.99765682220459,17.5640430450439,2.02951717376709,2.06319665908813,2.49257469177246,1.84720468521118,84.398063659668,70.1583480834961,68.159782409668,79.2829360961914,0.359117478132248,0.112099826335907,1.68750224904812e-09,0.0206255633383989,0,0,0,0.508157134056091,1576072.5,NA,NA
"DE26",1.25594258308411,9.74083995819092,18.3673305511475,10.2506084442139,17.1113872528076,2.38188886642456,2.17793583869934,2.21478056907654,1.94106125831604,85.2115478515625,71.4004440307617,69.1429977416992,80.0913696289062,0.340966761112213,0.0874934941530228,4.78838228445966e-05,0.0114735467359424,0,6.26583290461169e-12,0.0378197841346264,0.522198498249054,1169062.125,NA,NA
"DE27",0.549383401870728,9.2251558303833,17.998010635376,9.74973011016846,17.4486274719238,2.22049498558044,2.85072684288025,3.98653316497803,2.53526568412781,81.3869323730469,71.4689407348633,72.7090225219727,80.6395492553711,0.281775653362274,0.178752079606056,0.0119881611317396,0.0169817451387644,4.87703353257984e-08,0,0.198327377438545,0.309323370456696,1923971.75,NA,NA
"DE30",2.13046073913574,10.7184009552002,19.4129695892334,11.2920112609863,17.2825088500977,1.64452493190765,1.67579698562622,1.91151034832001,1.47372043132782,83.7739486694336,71.2087173461914,66.4967651367188,78.1797027587891,0.238752156496048,0.0777275487780571,0.00159405940212309,0.0829007625579834,0,0,0,0.584559619426727,703645.125,NA,NA
"DE40",2.07054972648621,10.5143508911133,19.2521305084229,11.2753896713257,17.1815814971924,1.63903641700745,1.72445893287659,1.95312476158142,1.48700654506683,83.8369445800781,71.4792633056641,67.3998718261719,78.54833984375,0.350696086883545,0.116928823292255,0.00113362399861217,0.0194294583052397,0,7.42988795487953e-11,0,0.497781455516815,5504492,NA,NA
"DE50",2.96505522727966,9.74491786956787,17.6138038635254,11.1988592147827,14.6487503051758,2.45341992378235,2.1009464263916,2.48146343231201,2.82393026351929,85.9605331420898,75.5333709716797,75.026496887207,82.9889221191406,0.292890131473541,0.204571127891541,0.000621374405454844,0.0515968799591064,0,1.6633558419521e-10,0.340715855360031,0.0509158819913864,166692.828125,NA,NA
"DE60",2.68907999992371,9.45831871032715,17.6988143920898,11.090970993042,15.0097351074219,2.3910403251648,2.17526721954346,2.42665529251099,2.4724588394165,86.5866012573242,75.4352722167969,73.0837326049805,82.474494934082,0.368989527225494,0.159453615546227,0.000147725761053152,0.0550583936274052,0,8.10896280678541e-11,0.107310749590397,0.28702175617218,373309.53125,NA,NA
"DE71",2.02400588989258,10.5292406082153,19.0109481811523,10.9360609054565,16.9869422912598,2.38890027999878,2.38420724868774,2.31101989746094,2.03730058670044,84.5630111694336,71.1492080688477,68.1422729492188,79.1572189331055,0.2181096971035,0.0562339127063751,0.00012930398224853,0.0543325617909431,0,0,0.124121479690075,0.547073066234589,3738284.75,NA,NA
"DE72",1.65444219112396,9.67680168151855,18.0575695037842,10.3276138305664,16.4031257629395,2.59511041641235,2.39845275878906,2.24130988121033,2.12270951271057,86.0029296875,72.938850402832,70.6222076416016,81.1509094238281,0.226575151085854,0.0832239016890526,1.86805918929167e-05,0.0216899178922176,0,0,0.543269157409668,0.125223189592361,1350194.75,NA,NA
"DE73",1.14105606079102,9.00625610351562,17.4177913665771,9.88055801391602,16.2767353057861,2.42681860923767,2.29343676567078,2.15473699569702,2.01465368270874,86.0297164916992,73.7391052246094,71.2793502807617,81.1358032226562,0.26684957742691,0.0857201516628265,6.72596922601798e-10,0.0104135163128376,0,2.46358136798616e-13,0.19595493376255,0.441061854362488,1173820.25,NA,NA
"DE80",2.37290787696838,9.43392181396484,18.2342700958252,11.1618051528931,15.8613624572754,1.81694746017456,1.85879647731781,2.08273530006409,1.8051016330719,85.7313690185547,75.6666870117188,72.4205932617188,81.3210220336914,0.430809527635574,0.153280630707741,0.000688212923705578,0.00787893310189247,0,5.53903936606481e-11,0,0.294401854276657,1310969,NA,NA
"DE91",1.89005887508392,9.36573219299316,17.7904109954834,10.5097341537476,15.9003534317017,2.62661838531494,2.35698914527893,2.27113628387451,2.21910119056702,85.4633026123047,73.4686813354492,69.8584442138672,80.0013961791992,0.4028300344944,0.105559900403023,3.28199384966865e-05,0.0178430564701557,0,4.64541703715238e-11,0,0.473674893379211,1393529.75,NA,NA
"DE92",2.44417643547058,9.6958646774292,17.8501510620117,10.8802080154419,15.4059753417969,2.35711646080017,2.17544770240784,2.12331461906433,2.13836455345154,85.0754852294922,73.4991226196289,70.6329345703125,80.2182846069336,0.459454417228699,0.136558592319489,0.000107051615486853,0.0272303279489279,0,7.86098408589453e-11,0.00254560285247862,0.371444821357727,2244841,NA,NA
"DE93",2.6931414604187,9.65043354034424,17.8323001861572,11.1124725341797,15.139157295227,2.24815034866333,2.05695557594299,2.28975415229797,2.32320952415466,85.5710372924805,74.0154342651367,71.7448043823242,81.3853759765625,0.35631000995636,0.17606683075428,0.000589023053180426,0.0143267810344696,0,9.88099602139414e-11,0.0973838791251183,0.328183203935623,2402200.5,NA,NA
"DE94",3.16770887374878,9.69698429107666,17.3960609436035,11.1119050979614,14.2283525466919,2.36778497695923,2.08622789382935,2.26610422134399,2.56325101852417,86.1664276123047,75.2816314697266,74.5301666259766,82.5899047851562,0.386735409498215,0.235996931791306,0.000107573447166942,0.0161179173737764,0,1.55374060839542e-10,0.0540756657719612,0.239038214087486,2188035.5,NA,NA
"DEA1",4.02296781539917,10.786771774292,18.6249809265137,11.9378118515015,14.602014541626,2.70253729820251,2.41275715827942,2.36129236221313,2.37903714179993,85.2891693115234,73.4034729003906,71.563232421875,80.9239654541016,0.289045184850693,0.0849663317203522,7.43442433304153e-05,0.103054977953434,0,2.13946305116508e-10,0,0.522859215736389,4692706.5,NA,NA
"DEA2",3.11983036994934,10.3282155990601,18.4745483398438,11.4062662124634,15.3547191619873,2.74844431877136,2.5144305229187,2.44043016433716,2.27720832824707,85.5223083496094,73.7847595214844,71.7288284301758,81.0488357543945,0.23090648651123,0.0603265278041363,6.73868707963265e-05,0.0710619539022446,0,4.98763953315357e-13,0.0942322835326195,0.543398678302765,4721637,NA,NA
"DEA3",3.496750831604,10.2514915466309,18.0105590820312,11.4101047515869,14.5138072967529,2.60357141494751,2.31817412376404,2.21918344497681,2.34305453300476,85.39990234375,73.2761917114258,71.2591094970703,81.0250625610352,0.403582483530045,0.156136468052864,3.85902332311616e-09,0.0460483729839325,0,1.34923711092583e-10,0,0.39416378736496,3125816.25,NA,NA
"DEA4",2.19307351112366,9.52865791320801,17.6411228179932,10.6179704666138,15.4480495452881,2.71261882781982,2.40624976158142,2.2712345123291,2.32231855392456,85.5703735351562,73.8579711914062,71.1671981811523,80.7173080444336,0.427128672599792,0.124869398772717,1.07956210637639e-09,0.0229946449398994,0,2.04124078750922e-11,0.0046831713989377,0.419755280017853,1899868.5,NA,NA
"DEA5",2.36527824401855,9.68831920623779,17.7755889892578,10.7322435379028,15.4103097915649,3.66573691368103,2.95741939544678,2.69375801086426,2.86740565299988,87.2979583740234,75.1391372680664,73.1277694702148,82.4271469116211,0.221911162137985,0.0712608247995377,7.83563491868478e-10,0.0352113619446754,0,0,0.0882781818509102,0.58256596326828,2963102,NA,NA
"DEB1",2.46454668045044,10.1871747970581,18.4963665008545,10.934666633606,16.0318202972412,2.56098127365112,2.3763108253479,2.27572822570801,2.09841847419739,86.1685028076172,73.0908813476562,70.6157531738281,81.2214584350586,0.237757101655006,0.0707013159990311,1.30724833979912e-06,0.021903283894062,0,0,0.163056835532188,0.506580114364624,1764036.25,NA,NA
"DEB2",2.24712324142456,9.83798789978027,18.2040729522705,10.6994190216064,15.9569492340088,2.85112118721008,2.45801448822021,2.22919631004333,2.2453989982605,87.7105331420898,74.5336074829102,72.0448150634766,82.7448272705078,0.253516733646393,0.0940752550959587,1.10491971128113e-09,0.0191413331776857,5.89530368966251e-11,0,0.565573573112488,0.0676930770277977,616920.6875,NA,NA
"DEB3",2.7410945892334,11.1240530014038,19.7186546325684,11.5218667984009,16.977560043335,2.24860548973083,2.17242336273193,2.16068959236145,1.88129186630249,84.6091079711914,70.736442565918,67.1509399414062,78.70849609375,0.310407072305679,0.048872634768486,7.40754549042322e-05,0.0404034294188023,0,1.47901547885706e-17,0,0.600242793560028,2364783.75,NA,NA
"DEC0",2.62842226028442,10.5229587554932,19.0061435699463,11.1606216430664,16.3777198791504,2.86913275718689,2.44974589347839,2.24950695037842,2.30333566665649,85.967903137207,72.3320465087891,69.0332794189453,80.4847793579102,0.363278418779373,0.0712931752204895,8.1150902664362e-10,0.0367318280041218,1.09653475535709e-11,0,0.081291601061821,0.44740504026413,714433.5,NA,NA
"DED2",1.27548789978027,10.4047365188599,19.2245006561279,10.8458490371704,17.9490127563477,2.03685855865479,1.93923115730286,2.60753536224365,1.7354496717453,82.8390502929688,70.7530975341797,68.3425140380859,78.1069717407227,0.357722371816635,0.0995945930480957,0.000728457409422845,0.0192787330597639,0,0.00176584057044238,0,0.516525149345398,1405821.875,NA,NA
"DED4",0.633097410202026,9.48521614074707,18.2375736236572,9.94593238830566,17.6044750213623,2.24046015739441,2.21096968650818,2.85749816894531,1.96047306060791,84.5342559814453,71.9430465698242,69.989387512207,79.4749145507812,0.358463644981384,0.115072190761566,9.0364323114045e-05,0.0246473532170057,0,0.00098105298820883,0,0.500650405883789,1370643.25,NA,NA
"DED5",1.95387721061707,10.7840194702148,19.5360622406006,11.2592763900757,17.5821857452393,1.58396124839783,1.64749372005463,2.03359055519104,1.38965880870819,81.8399505615234,70.1294097900391,66.2162170410156,76.157600402832,0.503932178020477,0.13235042989254,1.3514294128214e-09,0.0202020779252052,0,0,0,0.342362403869629,774755.1875,NA,NA
"DEE0",2.21960639953613,10.2238054275513,18.8323745727539,11.1371307373047,16.6127681732178,1.68648958206177,1.72640776634216,1.84630084037781,1.51089024543762,83.4029922485352,71.3093414306641,66.8076095581055,77.619514465332,0.476362228393555,0.137179896235466,0.00145591562613845,0.0143160177394748,0,1.589252861256e-11,0,0.369075119495392,2423622.75,NA,NA
"DEF0",2.75559020042419,9.12230110168457,17.4537582397461,11.1402311325073,14.6981678009033,2.43434143066406,2.1311297416687,2.58824801445007,2.9747109413147,86.9829330444336,77.7925338745117,75.3935241699219,83.2324676513672,0.365760028362274,0.20123678445816,0.000572586781345308,0.0257622506469488,0,8.55973869562376e-09,0.104685679078102,0.15969954431057,3515478.75,NA,NA
"DEG0",1.10309898853302,9.26526165008545,17.8629360198975,9.9998369216919,16.7598361968994,2.05791687965393,2.03541088104248,2.14559364318848,1.75337195396423,85.2449645996094,72.7048034667969,69.7462158203125,79.7988128662109,0.170723110437393,0.105443425476551,1.43210554526263e-09,0.0156809836626053,0,2.02423933734833e-13,0,0.707966148853302,2145828.75,NA,NA
"DK01",2.37509155273438,8.03894138336182,17.3602905273438,10.9735879898071,14.9851989746094,1.86534869670868,1.64791798591614,2.21712303161621,2.24013376235962,85.6325073242188,78.5975112915039,75.970344543457,82.0456085205078,0.266414880752563,0.0184906367212534,0.000276442500762641,0.102881133556366,2.95371720461062e-29,0.00210380367934704,0.00512370513752103,0.194855660200119,888947.5,NA,NA
"DK02",2.83823347091675,8.32004737854004,17.5587635040283,11.4204187393188,14.7205305099487,1.924640417099,1.65295302867889,2.1666407585144,2.32066559791565,85.9560852050781,79.0076599121094,75.5400924682617,81.8839340209961,0.341718941926956,0.025278352200985,0.000504045747220516,0.0308851096779108,0,5.6855465118133e-06,0,0.185664355754852,597855.5625,NA,NA
"DK03",2.50406646728516,8.28925228118896,16.7201442718506,10.8126077651978,14.2160768508911,2.48229026794434,2.01332592964172,2.50288915634155,3.3951244354248,87.4432678222656,79.176887512207,76.6752014160156,83.5876693725586,0.447916924953461,0.05948905646801,0.00085845059948042,0.0246811881661415,1.26116861789234e-44,4.64873011196687e-07,0.173398613929749,0.0682800635695457,915536.75,NA,NA
"DK04",2.29056549072266,7.99202823638916,16.482494354248,10.502815246582,14.1919298171997,2.39953327178955,2.0858371257782,2.491455078125,3.47250199317932,86.7754135131836,79.2187271118164,77.1443099975586,83.1529006958008,0.436297327280045,0.0390158258378506,0.000357172277290374,0.0315840691328049,2.55925726119784e-29,3.82573762180982e-06,0.121792323887348,0.177022382616997,1197989.375,NA,NA
"DK05",1.98496186733246,7.84290266036987,16.6276416778564,10.2059783935547,14.6426782608032,2.1115357875824,1.97721564769745,2.38997101783752,3.25366854667664,84.8874588012695,78.021484375,76.3397979736328,81.5504379272461,0.394101083278656,0.038216844201088,0.000698097457643598,0.0206480585038662,1.29888663605861e-28,3.03634374176909e-06,0.140314549207687,0.125565424561501,422140.71875,NA,NA
"EE001",-1.43210852146149,6.2131404876709,17.5819854736328,8.4427900314331,19.0140953063965,2.29990482330322,1.51189804077148,2.86639332771301,2.91487431526184,85.7739028930664,73.3077392578125,75.6660461425781,83.9962615966797,0.0938037633895874,0.0665654987096786,0.0159692019224167,0.0126482965424657,0.000244882627157494,0.097544752061367,0.376905381679535,0.207045748829842,377896.4375,NA,NA
"EE004",-0.77314168214798,6.36369371414185,17.6415863037109,9.16755199432373,18.4147281646729,2.05002760887146,1.3990535736084,2.58620452880859,2.79349207878113,84.9341125488281,75.1833648681641,75.541145324707,82.7479476928711,0.056883916258812,0.0346461497247219,0.0251175276935101,0.00261280057020485,2.91235064651119e-05,0.20830549299717,0.0223957821726799,0.368516504764557,111286.7109375,NA,NA
"EE006",-1.9969824552536,6.18909692764282,17.5007553100586,8.22256183624268,19.4977359771729,2.23434948921204,1.54919815063477,3.03978729248047,2.71149468421936,86.4575958251953,72.3807220458984,75.3154449462891,85.0697631835938,0.139484167098999,0.0673268064856529,0.0252823866903782,0.00668879691511393,0.000226237054448575,0.133154392242432,0.267864733934402,0.319523006677628,294523.25,NA,NA
"EE007",-2.54561257362366,6.08187818527222,17.5155811309814,7.97808218002319,20.0611915588379,2.15215373039246,1.64764904975891,3.18519926071167,2.66827082633972,85.8181686401367,72.9491271972656,74.3104858398438,84.5158615112305,0.042183842509985,0.0477485917508602,0.0100376345217228,0.0067614852450788,8.1171740021091e-05,0.300177425146103,0.0472745709121227,0.317708522081375,65049.5859375,NA,NA
"EE008",-2.44032669067383,6.61939144134521,17.4497375488281,8.07502174377441,19.890064239502,2.17323160171509,1.7192747592926,3.13582897186279,2.39210653305054,86.3225173950195,72.5315093994141,75.5860214233398,85.189323425293,0.144545659422874,0.0562972947955132,0.0182576701045036,0.00401155278086662,0.00029105445719324,0.160819292068481,0.290191978216171,0.241959452629089,259673.5625,NA,NA
"EL301",9.2021598815918,15.2306270599365,26.4010791778564,18.5285892486572,17.1989192962646,2.62030291557312,0.957386195659637,0.212106645107269,1.369553565979,75.5437164306641,62.5596008300781,49.7951164245605,66.6262283325195,0.216042309999466,0.00518212513998151,0.308841049671173,0.0578974895179272,0,0.129302218556404,0,0.110443785786629,55696.26171875,NA,NA
"EL302",9.38648509979248,15.3875141143799,26.461576461792,18.6967544555664,17.0750904083252,2.49538135528564,0.931005954742432,0.204321011900902,1.3028073310852,75.1503677368164,62.2553482055664,49.2870445251465,66.2070388793945,0.187617227435112,0.0236757043749094,0.237955123186111,0.0517250001430511,0,0.115212388336658,0,0.0945103168487549,47016.1171875,NA,NA
"EL303",9.76581954956055,15.7103834152222,26.5860729217529,19.0428352355957,16.8202533721924,2.23829746246338,0.876716554164886,0.18829844892025,1.16544568538666,74.3408660888672,61.6292114257812,48.2414588928223,65.344367980957,0.129119455814362,0.0617348216474056,0.0920744985342026,0.0390222370624542,0,0.0862160325050354,0,0.0617198161780834,78570.7890625,NA,NA
"EL305",9.58529567718506,15.541069984436,26.494270324707,18.8597526550293,16.9089756011963,2.46056985855103,0.917980670928955,0.200616031885147,1.2782154083252,74.5949859619141,61.9350318908691,49.0051803588867,65.8749313354492,0.156826674938202,0.0324972607195377,0.185508757829666,0.0423731468617916,0,0.099186472594738,0,0.079614944756031,964715.125,NA,NA
"EL306",8.65851879119873,14.7975387573242,25.9795951843262,18.0479583740234,17.3210773468018,2.65088081359863,1.02454912662506,0.230339989066124,1.47967982292175,75.8235321044922,64.3836441040039,52.0799560546875,67.5182418823242,0.273450016975403,0.258284896612167,0.120926678180695,0.0163027290254831,0,0.0678229406476021,0,0.108120523393154,203821.96875,NA,NA
"EL411",9.93241500854492,15.4109935760498,25.6156387329102,18.5001411437988,15.6832237243652,3.29859852790833,1.54236578941345,0.191314443945885,1.8108983039856,74.1210327148438,70.6694641113281,61.8300857543945,70.8494415283203,0.0884461551904678,0.084959551692009,0.0783456265926361,0.00356836593709886,0,0.200478881597519,0,0.0754501968622208,36536.25390625,NA,NA
"EL412",11.0397148132324,16.0401515960693,26.0967559814453,19.6109313964844,15.0570411682129,4.94449186325073,1.68360698223114,0.048090398311615,1.94746363162994,72.9639663696289,72.8113403320312,64.3694839477539,70.8263397216797,0.119941651821136,0.050900362432003,0.00603346200659871,0.00172315712552518,0,0.0445934012532234,0,0.0152598535642028,10899.9375,NA,NA
"EL431",11.7236576080322,16.1519069671631,25.31862449646,19.7532997131348,13.5949668884277,4.2571382522583,1.34080898761749,0.026724660769105,2.03290843963623,77.786865234375,65.1909790039062,54.3939819335938,69.2409591674805,0.165017291903496,0.294639438390732,0.0178125314414501,0.00400266842916608,0,0.053808618336916,0,0.076974593102932,188804.328125,NA,NA
"EL432",12.9799299240112,16.5709648132324,25.2271041870117,20.5617523193359,12.2471742630005,2.77846765518188,0.995427906513214,0.0409809611737728,1.3640570640564,73.5906219482422,66.4832077026367,61.1159515380859,69.3278350830078,0.084550216794014,0.018536364659667,0.215973019599915,0.0012996926670894,0,0.0252729337662458,0,0.0495942421257496,40879.42578125,NA,NA
"EL433",11.7276878356934,16.0198402404785,25.261266708374,19.7591800689697,13.533579826355,5.04209136962891,1.58132266998291,0.0299345534294844,2.58169388771057,78.6501541137695,66.5525817871094,55.5960426330566,69.5341796875,0.138064965605736,0.326109111309052,0.0484937913715839,0.00195291056297719,0,0.0576967485249043,0,0.0790648311376572,44078.1875,NA,NA
"EL434",12.5986957550049,16.6743507385254,26.0782871246338,20.6925430297852,13.4795923233032,5.05122470855713,1.46127486228943,0.0404657498002052,2.4919867515564,77.3689346313477,68.5988616943359,59.3306846618652,69.9143524169922,0.06828473508358,0.195291414856911,0.0390132665634155,0.00111788779031485,0,0.0733179152011871,0,0.0521084181964397,44356.04296875,NA,NA
"EL511",5.21550750732422,13.3191156387329,24.4402046203613,15.5059099197388,19.2246971130371,2.57175755500793,1.8679426908493,0.845166027545929,2.19513750076294,78.0831069946289,70.3475646972656,57.6941757202148,69.9971008300781,0.346695005893707,0.159958779811859,0.0274983681738377,0.00477599306032062,0,0.181651428341866,0,0.142716273665428,104860.765625,NA,NA
"EL512",3.68318271636963,11.8517684936523,22.9733085632324,13.6816930770874,19.2901248931885,2.68315386772156,1.92577266693115,0.989636838436127,2.02187752723694,76.4754104614258,73.49609375,66.4773254394531,73.7257843017578,0.236580461263657,0.0840340852737427,0.0266183391213417,0.0027826486621052,0,0.419467002153397,0,0.147735208272934,74164.265625,NA,NA
"EL513",3.98223924636841,12.1153764724731,23.2739181518555,14.148289680481,19.2916793823242,2.51128315925598,1.88190221786499,0.795747756958008,2.02506804466248,78.6430892944336,72.2813110351562,60.4206123352051,71.8659210205078,0.275896310806274,0.0893915444612503,0.0749924853444099,0.00248454348184168,0,0.235158443450928,0,0.194988533854485,73236.8671875,NA,NA
"EL514",2.5104808807373,11.2842741012573,22.3375816345215,12.961483001709,19.8271007537842,2.32788324356079,1.83144199848175,1.07598578929901,1.88151550292969,77.3056182861328,71.5915374755859,66.5226821899414,74.8072738647461,0.301305055618286,0.111586935818195,0.0356554538011551,0.00290205958299339,0,0.378459304571152,0,0.168127223849297,129660.109375,NA,NA
"EL515",4.85575437545776,13.0122013092041,24.0106964111328,14.958212852478,19.1549434661865,2.6960597038269,1.74127185344696,0.962954044342041,2.04541182518005,74.8308563232422,73.4949493408203,67.0369491577148,72.8501586914062,0.171238943934441,0.113483838737011,0.0195421930402517,0.0025963825173676,0,0.208375200629234,0,0.0947541296482086,74360.90625,NA,NA
"EL521",3.51374530792236,12.4756107330322,23.8435096740723,14.2711410522461,20.3297653198242,1.95011794567108,1.66069722175598,0.647836148738861,1.9847731590271,77.8040161132812,66.6432952880859,56.2458114624023,72.185661315918,0.389843106269836,0.174131438136101,0.0655422061681747,0.00725169666111469,0,0.139034166932106,0,0.210652932524681,172303.9375,NA,NA
"EL522",5.88086605072021,14.2471189498901,25.4911479949951,16.2576751708984,19.6102809906006,1.71719300746918,1.40400731563568,0.792396426200867,1.59573948383331,76.4224243164062,67.6729125976562,58.1197662353516,71.8330917358398,0.33854866027832,0.189079657196999,0.0701319649815559,0.00824925489723682,0,0.107802376151085,0,0.177641466259956,524874.875,NA,NA
"EL523",4.30678987503052,13.4848480224609,24.7557544708252,15.1356210708618,20.4489631652832,2.02265620231628,1.65885984897614,0.87550699710846,1.93330562114716,76.4172973632812,65.5910491943359,53.9455833435059,70.2326965332031,0.335737317800522,0.18069788813591,0.0854528099298477,0.0117089096456766,0,0.136609584093094,0,0.213067919015884,418056.15625,NA,NA
"EL524",2.93994879722595,12.2494068145752,23.4796276092529,13.8588924407959,20.5396785736084,2.08454155921936,1.74705755710602,0.715497970581055,2.13950562477112,78.3221206665039,65.8117370605469,54.338020324707,71.6144561767578,0.350541591644287,0.209170252084732,0.0671244189143181,0.00600951351225376,0,0.142935931682587,0,0.216306552290916,185915.40625,NA,NA
"EL525",3.80843544006348,12.254054069519,23.6964740753174,14.3124656677246,19.8880386352539,1.60299491882324,1.36830401420593,0.558005928993225,1.6232932806015,76.8545532226562,68.1930923461914,60.1696701049805,72.9693450927734,0.235909223556519,0.126627251505852,0.0741802453994751,0.0027360983658582,0,0.185122653841972,0,0.157091245055199,64039.99609375,NA,NA
"EL526",3.97614526748657,12.8234252929688,23.8895606994629,14.563756942749,19.9134140014648,1.76601076126099,1.47716522216797,0.939555048942566,1.64437687397003,76.8079147338867,67.5801239013672,58.5614929199219,71.6088638305664,0.285303592681885,0.175618067383766,0.0311361402273178,0.00357548915781081,0,0.24854488670826,0,0.176724284887314,143038.609375,NA,NA
"EL527",7.19739151000977,14.4378576278687,25.5084209442139,16.9534473419189,18.3110294342041,1.81146812438965,1.26736676692963,0.680002510547638,1.53734171390533,75.3632431030273,68.9347534179688,60.4219970703125,72.0685119628906,0.143763706088066,0.204109907150269,0.0285934004932642,0.00153170549310744,0,0.100432828068733,0,0.107788197696209,61274.14453125,NA,NA
"EL531",2.36066937446594,10.9244441986084,22.2688789367676,12.8544063568115,19.9082088470459,2.04202151298523,1.5075523853302,0.62396228313446,2.17211198806763,79.111457824707,66.0760498046875,53.8423042297363,71.2975845336914,0.377338379621506,0.197256833314896,0.06272953748703,0.00237893522717059,0,0.190553039312363,0,0.161882147192955,158810.046875,NA,NA
"EL532",1.25834763050079,9.89373302459717,21.0344734191895,11.7141637802124,19.7761268615723,2.39470911026001,1.76588404178619,0.714304566383362,2.59058380126953,80.4185028076172,67.7293472290039,56.6431274414062,72.7622299194336,0.307736217975616,0.119888201355934,0.0405143313109875,0.00235520978458226,0,0.349177747964859,0,0.146454781293869,33237.76953125,NA,NA
"EL533",0.96478134393692,10.141544342041,21.2340469360352,11.7701749801636,20.26926612854,2.00364995002747,1.68489229679108,0.731448531150818,2.28794932365417,80.7406311035156,67.285026550293,56.5611763000488,73.0667037963867,0.31067231297493,0.161895677447319,0.0501986779272556,0.00267426203936338,0,0.258397787809372,0,0.160031080245972,52662.21875,NA,NA
"EL541",7.72820520401001,14.5575180053711,25.0894641876221,17.0302448272705,17.3612594604492,4.66141223907471,2.09062647819519,0.411279499530792,3.79526782035828,78.9257736206055,72.7829971313477,66.1058807373047,76.3310317993164,0.163824558258057,0.181941241025925,0.0838240012526512,0.00142412609420717,0,0.00717604253441095,0.443205565214157,0.00218160869553685,59476.11328125,NA,NA
"EL542",8.14900779724121,14.8638095855713,25.2913665771484,17.3503189086914,17.1423587799072,4.79147100448608,2.08986330032349,0.503811836242676,4.32680797576904,76.4731750488281,72.9637069702148,67.7897567749023,75.8733901977539,0.170782044529915,0.18134593963623,0.0294423624873161,0.00232941238209605,0.00460826884955168,0.019355334341526,0.289771735668182,0.0137964282184839,41959.96875,NA,NA
"EL543",4.44903755187988,12.0461683273315,22.7476387023926,14.1688375473022,18.2986011505127,3.9479808807373,2.06436800956726,0.65331107378006,3.78639149665833,79.4070816040039,70.4536895751953,61.0299491882324,74.3210678100586,0.197048664093018,0.105270944535732,0.0436580143868923,0.00297473976388574,0.0012742014368996,0.244484648108482,0.340804666280746,0.0396506413817406,178252.515625,NA,NA
"EL611",5.46884250640869,13.1672430038452,24.3148422241211,15.4778661727905,18.8460006713867,2.87710738182068,1.70837557315826,0.471298396587372,2.47896790504456,78.9752807617188,67.2516098022461,55.0468826293945,71.4486618041992,0.309939354658127,0.162715509533882,0.0853450074791908,0.00233993283472955,0,0.253084659576416,0.0511315949261189,0.132491692900658,191749.96875,NA,NA
"EL612",5.82228326797485,13.6708335876465,25.1410160064697,16.1089382171631,19.318733215332,1.7926150560379,1.30838763713837,0.468790918588638,1.55814790725708,76.3684921264648,65.8422546386719,54.928150177002,70.3415679931641,0.369780689477921,0.065251812338829,0.25993686914444,0.00325056281872094,0,0.0896520093083382,0,0.119646199047565,262936.6875,NA,NA
"EL613",7.60113716125488,14.4263029098511,25.6045303344727,17.334285736084,18.0033931732178,2.40803623199463,1.31523084640503,0.462846547365189,1.71547496318817,76.3748092651367,68.1171798706055,58.9196968078613,71.4247665405273,0.197831705212593,0.0195015966892242,0.275904685258865,0.00333781959488988,0,0.0732736065983772,0,0.0912070572376251,116916.546875,NA,NA
"EL621",13.633095741272,16.3336696624756,24.70627784729,21.1608047485352,11.0731821060181,4.31115913391113,1.49758565425873,0.268053561449051,3.80790019035339,70.4585723876953,77.1579437255859,81.0363388061523,73.192253112793,0.0129710761830211,0.0807840451598167,0.00128940434660763,0.000913811789359897,0,0.0477186739444733,0,0.0227891448885202,5644.39892578125,NA,NA
"EL622",9.46167278289795,15.5236558914185,25.613697052002,18.4084548950195,16.1520252227783,5.18106603622437,2.20797061920166,0.536120176315308,4.99615812301636,74.1923751831055,74.9968185424805,72.7696533203125,75.5370788574219,0.0171486884355545,0.0576545260846615,0.000149681683978997,0.00253334571607411,0,0.1261947453022,0,0.0276653133332729,19338.271484375,NA,NA
"EL623",13.0471687316895,16.1656341552734,24.7807788848877,20.7323150634766,11.7336082458496,4.01401042938232,1.49879217147827,0.305574595928192,3.58252096176147,70.5213623046875,76.1830749511719,79.8295745849609,73.0972900390625,0.0287279579788446,0.116470754146576,0.00228669750504196,0.000651921727694571,0,0.067117378115654,0,0.0388367921113968,8152.52783203125,NA,NA
"EL631",7.95021152496338,14.2887411117554,24.8238143920898,17.1665935516357,16.8736038208008,3.95656704902649,1.71565806865692,0.316341459751129,3.11627650260925,77.8161315917969,72.5312805175781,65.717658996582,74.6153030395508,0.107178062200546,0.222004547715187,0.080321341753006,0.00286368886008859,0,0.248030722141266,0.0427377969026566,0.104011975228786,184625.53125,NA,NA
"EL632",8.2165002822876,14.0243701934814,24.3712577819824,17.2216739654541,16.1547584533691,3.54391551017761,1.43895518779755,0.192197129130363,2.57684397697449,78.7605743408203,71.2439041137695,61.1279335021973,72.864990234375,0.163093000650406,0.308044910430908,0.0895583033561707,0.0040523768402636,0,0.108454868197441,0,0.123095348477364,160473.015625,NA,NA
"EL633",10.0311212539673,15.030161857605,24.9877548217773,18.6734848022461,14.9566345214844,4.29952764511108,1.42059707641602,0.170309215784073,3.18243837356567,78.0074157714844,73.1063842773438,64.2863998413086,73.7881164550781,0.15822796523571,0.259668827056885,0.0882943794131279,0.00232326425611973,0,0.1309914290905,0,0.130148693919182,64342.171875,NA,NA
"EL641",8.28836154937744,14.5526514053345,25.6846580505371,17.7054004669189,17.3962955474854,2.64403820037842,1.0914021730423,0.239388406276703,1.57362186908722,76.2258834838867,65.7618560791016,54.8132057189941,68.8745346069336,0.239288598299026,0.271783888339996,0.0916664823889732,0.00716379098594189,0,0.0518498942255974,0,0.102820686995983,278667.125,NA,NA
"EL642",9.53811454772949,15.0739765167236,25.5259227752686,18.4703712463379,15.9878091812134,2.92092204093933,1.14830195903778,0.30641633272171,1.59248602390289,75.2636566162109,65.9176177978516,56.4372673034668,69.0040664672852,0.119740031659603,0.133223116397858,0.116270788013935,0.00788252241909504,0,0.0743465647101402,0,0.0775292441248894,389820.9375,NA,NA
"EL643",5.29485034942627,12.3794422149658,23.3441715240479,14.9403324127197,18.0493221282959,3.32461357116699,1.70456409454346,0.385411232709885,2.76831483840942,80.1412124633789,70.7502975463867,60.8662338256836,74.1174087524414,0.156854197382927,0.153556168079376,0.121932573616505,0.0015600019833073,0,0.366662681102753,0.0572246573865414,0.114391207695007,39299.86328125,NA,NA
"EL644",6.91733741760254,13.7400274276733,24.8145427703857,16.6206798553467,17.8972053527832,2.38378024101257,1.39702916145325,0.379214853048325,1.89733481407166,79.0686264038086,67.5633850097656,56.5920677185059,71.8845291137695,0.253229886293411,0.183782905340195,0.18803633749485,0.00185690599028021,0,0.144506514072418,0,0.127934142947197,112180,NA,NA
"EL645",6.65800666809082,13.2732877731323,24.1637859344482,16.1836433410645,17.5057773590088,2.6793487071991,1.39028978347778,0.285796195268631,2.11883163452148,79.2968673706055,69.3916702270508,59.2047424316406,72.6788940429688,0.170116141438484,0.302304655313492,0.0787362083792686,0.00265478459186852,0,0.174858421087265,0,0.122587770223618,74354.9453125,NA,NA
"EL651",6.96021556854248,12.7410669326782,23.4974803924561,16.1448097229004,16.5372657775879,3.24987864494324,1.26964664459229,0.250209093093872,2.04160594940186,77.3228530883789,67.8193817138672,54.9019050598145,69.1437072753906,0.179668441414833,0.326407641172409,0.141224130988121,0.00345234572887421,0,0.0904922932386398,0,0.117597103118896,193328.125,NA,NA
"EL652",6.79853343963623,12.9449815750122,23.9545364379883,16.1461658477783,17.1560039520264,2.68368244171143,1.14841938018799,0.254380404949188,1.63467442989349,75.9749069213867,66.5889663696289,54.5879364013672,68.3659362792969,0.227661818265915,0.328092098236084,0.0930066257715225,0.00390491355210543,0,0.0541266538202763,0,0.110708579421043,96021.90625,NA,NA
"EL653",10.0917463302612,14.8463697433472,24.9420375823975,18.7375621795654,14.8502893447876,4.11590814590454,1.21940350532532,0.185726031661034,2.60645532608032,75.9356384277344,68.1039047241211,55.7619171142578,68.6926803588867,0.0998722016811371,0.259926468133926,0.106118001043797,0.00206695683300495,0,0.0866315737366676,0,0.0895005017518997,123797.1328125,NA,NA
"ES111",9.60061931610107,12.5542545318604,19.1612606048584,15.4810962677002,9.56064224243164,5.07816886901855,3.50375366210938,1.1919492483139,4.27361011505127,82.7400817871094,79.4529266357422,78.0319595336914,81.2950439453125,0.0555769093334675,0.0696664229035378,0.000494329317007214,0.0189691763371229,0.000420099851908162,0.0337063036859035,0.563149273395538,0.00503568723797798,753908.75,NA,NA
"ES112",6.68774366378784,10.8839673995972,18.9424324035645,13.6251306533813,12.2546892166138,4.11485719680786,2.90899443626404,1.08085083961487,3.47994422912598,83.0381240844727,77.9342651367188,74.1335296630859,78.9540710449219,0.0819951817393303,0.0800718069076538,0.00306910066865385,0.00558370631188154,0.000497590168379247,0.0155504755675793,0.760646939277649,0.00338493869639933,237936.0625,NA,NA
"ES113",5.80031728744507,10.8515481948853,20.0926723480225,13.4215202331543,14.2923555374146,4.24412775039673,2.87914133071899,0.880911231040955,3.42142701148987,82.7900619506836,74.8292617797852,66.7941665649414,75.7290344238281,0.0642445683479309,0.0969128236174583,0.0111466245725751,0.00805916544049978,0.000583209854084998,0,0.81726485490799,0,288510.96875,NA,NA
"ES114",8.87050151824951,12.6363382339478,20.1235008239746,15.2850074768066,11.2530002593994,5.54448461532593,3.66244006156921,1.24683952331543,4.54365634918213,83.1555480957031,78.6211471557617,75.1830520629883,79.8351898193359,0.0636485889554024,0.115984886884689,1.19432008727216e-09,0.0232678297907114,0.000390323693864048,0,0.666075170040131,0,566379.1875,NA,NA
"ES120",5.94032144546509,10.0510721206665,18.1342029571533,13.0167951583862,12.1938829421997,4.03703022003174,3.10647916793823,1.37727093696594,3.23464560508728,80.3522415161133,77.5393524169922,78.4394683837891,79.2918853759766,0.0214840210974216,0.0565040335059166,0.0159540884196758,0.0104677733033895,0.000165086414199322,0.50786703824997,0.238888457417488,0.0484413877129555,604345.125,NA,NA
"ES130",6.56852674484253,10.5399055480957,18.2859516143799,13.6457443237305,11.7174253463745,3.83078265190125,2.98643374443054,1.57267904281616,2.8672411441803,80.9864349365234,77.2171478271484,79.0901718139648,79.1795425415039,0.0463671237230301,0.0988367646932602,0.0196884404867887,0.0144014758989215,2.44528564508073e-05,0.567957520484924,0.0683647096157074,0.0681858286261559,427231.96875,NA,NA
"ES211",5.11883163452148,10.4149656295776,19.5916843414307,13.4060478210449,14.4728517532349,2.97721147537231,2.32304191589355,0.958348870277405,2.09124612808228,81.756233215332,74.383186340332,71.9666976928711,75.798828125,0.211148574948311,0.138548076152802,0.020647032186389,0.0169680211693048,0.000238316002651118,0.0352522358298302,0.541526556015015,0.00638361740857363,387238.625,NA,NA
"ES212",7.74508333206177,11.912561416626,19.5961437225342,14.9834051132202,11.8510608673096,4.87276935577393,3.7920355796814,1.82707631587982,3.69797539710999,80.4404907226562,76.8359451293945,78.2287216186523,78.7145080566406,0.0477218702435493,0.0967098996043205,0.00213754386641085,0.0213443730026484,0.000315509445499629,0,0.549266278743744,0,280849.96875,NA,NA
"ES213",7.56190252304077,11.6207237243652,18.9350032806396,14.6818733215332,11.3731002807617,4.03343391418457,2.91617918014526,1.32710349559784,2.92558741569519,79.6844329833984,77.2848968505859,79.8731689453125,78.800163269043,0.0280603524297476,0.10080636292696,0.00578208966180682,0.0532482378184795,0.000316171208396554,0.127722695469856,0.479207158088684,0.0224036015570164,645869.875,NA,NA
"ES220",5.73097944259644,11.5940198898315,21.5594596862793,14.3912572860718,15.8284816741943,2.98836898803711,2.57511043548584,1.15150165557861,2.39576745033264,80.2548370361328,70.3478698730469,64.14013671875,73.141845703125,0.243987023830414,0.134522527456284,0.0252484492957592,0.0130070745944977,0.000213756589801051,0.014320207759738,0.482140004634857,0.0637136995792389,853262.875,NA,NA
"ES230",4.09130096435547,10.0098762512207,20.4456405639648,12.8641033172607,16.354341506958,1.93146812915802,1.88789939880371,0.866455972194672,1.46458852291107,79.2374877929688,70.1174850463867,62.8493232727051,71.3414764404297,0.215016394853592,0.132278248667717,0.0380690060555935,0.00836475938558578,9.54225251916796e-05,0.27054962515831,0.224540427327156,0.110958345234394,294939.40625,NA,NA
"ES241",4.49606943130493,11.39577293396,22.5454902648926,13.9703569412231,18.0494213104248,1.80268132686615,2.00506663322449,1.08739757537842,1.9931184053421,75.1675109863281,64.5475921630859,53.7721405029297,69.1164474487305,0.275251179933548,0.0770981833338737,0.0686817020177841,0.00377893191762269,0.000513963575940579,0.0848229452967644,0.318468689918518,0.170044213533401,314617.8125,NA,NA
"ES242",4.75846147537231,11.244610786438,22.2531661987305,13.850341796875,17.4947052001953,1.06497132778168,1.30713701248169,0.822654902935028,1.14861512184143,71.3717269897461,60.9034461975098,52.9146194458008,65.6588973999023,0.210167780518532,0.0517421513795853,0.149728015065193,0.00151119893416762,0,0.33301430940628,0,0.253784507513046,140820.703125,NA,NA
"ES243",6.10910844802856,13.0904340744019,24.1596813201904,15.4173002243042,18.0505714416504,1.02071988582611,1.34464585781097,0.633625090122223,1.11612558364868,73.6057434082031,58.6923408508301,48.2198028564453,64.5091018676758,0.310498505830765,0.0530078820884228,0.121410615742207,0.00775279104709625,3.08572198264301e-05,0.170555397868156,0.0845634043216705,0.251714617013931,954231.5625,NA,NA
"ES300",6.44080114364624,13.0237550735474,25.3528232574463,15.6833896636963,18.9120216369629,1.45686900615692,1.52968227863312,0.361226320266724,1.42168235778809,75.8049468994141,58.8826904296875,36.7228698730469,59.8901824951172,0.210776060819626,0.0823065489530563,0.134108498692513,0.0855960100889206,0,0.247094660997391,0,0.239341199398041,5856986,NA,NA
"ES411",5.11627292633057,11.3446607589722,23.1957664489746,14.1832294464111,18.0794925689697,1.84240400791168,1.78844904899597,0.408346712589264,1.72970700263977,76.6020889282227,63.1981811523438,41.2969551086426,62.6374626159668,0.158269077539444,0.0928560122847557,0.203259199857712,0.00488575827330351,0,0.219237327575684,0,0.32117086648941,196522.0625,NA,NA
"ES412",4.86892747879028,10.4112224578857,20.2807636260986,13.3586673736572,15.4118366241455,2.07685995101929,1.86183285713196,0.827952563762665,1.57507359981537,80.7376861572266,70.6271743774414,62.445686340332,70.8833694458008,0.271009474992752,0.122646868228912,0.0808421075344086,0.00647395756095648,7.37610680516809e-05,0.143481224775314,0.19018679857254,0.175915211439133,509100.5,NA,NA
"ES413",4.33343648910522,9.77707099914551,19.8669738769531,12.656741142273,15.5335378646851,3.01956272125244,2.21364808082581,0.894814193248749,2.45205092430115,81.161979675293,70.2963790893555,60.3279228210449,71.8366546630859,0.127312406897545,0.108908027410507,0.0215640161186457,0.00530168181285262,0.000636364100500941,0.0720945745706558,0.57742565870285,0.0819456055760384,433287.0625,NA,NA
"ES414",5.15242624282837,10.6833276748657,20.7951316833496,13.705397605896,15.6427049636841,1.89737689495087,1.6727397441864,0.766011893749237,1.59980964660645,80.8130264282227,68.1231002807617,57.4124984741211,69.3842163085938,0.299169778823853,0.154015183448792,0.0643795356154442,0.00505837658420205,9.22033650567755e-05,0.0137992408126593,0.237205281853676,0.223659113049507,212803.390625,NA,NA
"ES415",6.28135681152344,12.4668979644775,23.7314510345459,15.207010269165,17.4500942230225,1.75596129894257,1.61093258857727,0.40209487080574,1.61376237869263,79.0164184570312,65.2334671020508,45.7580871582031,64.4523468017578,0.168927997350693,0.240740805864334,0.0691588446497917,0.00470686797052622,0,0.216426655650139,0,0.297487199306488,311553.9375,NA,NA
"ES416",4.98440361022949,11.0278367996216,22.8837699890137,14.0048208236694,17.8993663787842,1.52320241928101,1.67563140392303,0.517029643058777,1.35302519798279,77.5349044799805,62.9879913330078,43.4804420471191,62.8156204223633,0.211623027920723,0.0992893502116203,0.155862554907799,0.00787384808063507,0,0.215459510684013,0,0.309767842292786,265748.125,NA,NA
"ES417",4.46741914749146,10.7441911697388,22.1318588256836,13.4887390136719,17.6644420623779,1.50573623180389,1.6579167842865,0.735553979873657,1.24242568016052,77.0858612060547,63.1572532653809,48.9871597290039,65.1477432250977,0.209613040089607,0.0889955535531044,0.141142576932907,0.00295594451017678,9.40191421250347e-06,0.268914878368378,0.0216016341000795,0.266221880912781,122362.6953125,NA,NA
"ES418",5.71085262298584,11.8879499435425,23.0183582305908,14.7832069396973,17.3075046539307,1.19746720790863,1.30419540405273,0.511145830154419,1.13798093795776,79.1077880859375,62.74072265625,45.5072402954102,63.8608589172363,0.339355528354645,0.0580841340124607,0.201497584581375,0.0085960840806365,0,0.0295222196727991,0,0.362944424152374,402000.21875,NA,NA
"ES419",5.5400857925415,11.7518720626831,22.7350578308105,14.4719181060791,17.1949729919434,1.94378876686096,1.6264511346817,0.5523921251297,1.65434873104095,80.2120819091797,65.073356628418,48.6977348327637,66.2149353027344,0.219691887497902,0.173596978187561,0.0645088478922844,0.00299661234021187,0.00025232505868189,0.107713550329208,0.155326411128044,0.27381756901741,153342.609375,NA,NA
"ES421",6.98006629943848,13.6882705688477,25.29638671875,16.4571170806885,18.3163204193115,1.328617811203,1.14065289497375,0.393224567174911,1.31600308418274,73.0697250366211,57.8705825805664,45.6892356872559,63.2945976257324,0.423808395862579,0,0.223738208413124,0.00412689382210374,0,0.160803884267807,0,0.187517330050468,435694.9375,NA,NA
"ES422",7.63253259658813,14.640341758728,26.8869380950928,17.1690444946289,19.2544059753418,1.58497285842896,1.32805824279785,0.236705839633942,1.35403549671173,74.8623123168945,57.1651649475098,36.0140724182129,58.7899322509766,0.416953712701797,0.0333472564816475,0.244838282465935,0.00425450783222914,0,0.116313479840755,0,0.183559998869896,520503.3125,NA,NA
"ES423",5.91887521743774,12.5874576568604,24.4690628051758,15.2217836380005,18.5501880645752,1.52993190288544,1.44952821731567,0.460724055767059,1.31152808666229,74.4569854736328,59.181224822998,43.2570610046387,62.6488304138184,0.348419845104218,0.00527323922142386,0.221942186355591,0.00260157138109207,0,0.228596970438957,0,0.192952856421471,264511.5625,NA,NA
"ES424",5.03036499023438,11.4893083572388,23.1769275665283,14.1029939651489,18.1465625762939,1.4240574836731,1.62174808979034,0.549051463603973,1.33290123939514,75.5050964355469,60.2998313903809,41.9855194091797,62.0713729858398,0.210548877716064,0.0277372729033232,0.190865874290466,0.00499460753053427,0,0.301265269517899,0,0.263641387224197,391598.5,NA,NA
"ES425",7.4497241973877,14.3402242660522,26.5954837799072,16.8258934020996,19.1457595825195,1.49480843544006,1.40430390834808,0.245756357908249,1.3656200170517,75.811164855957,58.5703086853027,35.8687286376953,60.128734588623,0.411584585905075,0.00363771663978696,0.233696222305298,0.0151064405217767,0,0.146841481328011,0,0.18809124827385,2069840.625,NA,NA
"ES431",9.7509126663208,16.0239868164062,27.3386268615723,18.7699165344238,17.5877151489258,1.81283831596375,1.42967367172241,0.163384661078453,1.52619326114655,75.2922897338867,59.5158576965332,40.2545700073242,60.2774085998535,0.304506838321686,0.234671652317047,0.0655262693762779,0.00533934170380235,0,0.139742687344551,0,0.247726559638977,614519.875,NA,NA
"ES432",8.83867835998535,15.0374507904053,26.610746383667,17.8399524688721,17.7720680236816,2.22965526580811,1.77483439445496,0.23359876871109,2.00465154647827,76.068359375,61.485595703125,40.1966285705566,60.9552917480469,0.143683716654778,0.183906972408295,0.117665365338326,0.0032354446593672,0,0.337049931287766,0,0.211353152990341,315981.5625,NA,NA
"ES511",7.38638687133789,12.5108270645142,22.5571212768555,15.7259826660156,15.1707344055176,1.42147660255432,1.72264301776886,1.27622354030609,2.06073355674744,75.6392822265625,71.727653503418,68.6568984985352,77.1095962524414,0.13661415874958,0.0760124400258064,0.0238912682980299,0.0656265392899513,0.000251970166573301,0.103545948863029,0.430276185274124,0.0450270548462868,2895610,NA,NA
"ES512",7.09648275375366,12.4746532440186,22.655740737915,15.5385522842407,15.5592565536499,1.89735460281372,2.20344924926758,1.40214252471924,2.40239977836609,74.1363983154297,71.4152603149414,66.7159652709961,75.1901473999023,0.111165046691895,0.0619990974664688,0.0124637205153704,0.0160523857921362,3.31566989189014e-05,0.464944273233414,0.0543238744139671,0.121783517301083,626430.6875,NA,NA
"ES513",4.97690343856812,11.4254970550537,22.1416492462158,14.1738424301147,17.1647453308105,1.33339273929596,1.78141927719116,1.18514180183411,1.77524292469025,73.6068496704102,65.8003768920898,58.741138458252,71.1918716430664,0.257116883993149,0.103072643280029,0.0483903475105762,0.00646091159433126,0.000220881716813892,0.105892114341259,0.270693272352219,0.2060417085886,511804.1875,NA,NA
"ES514",9.38184452056885,15.2173404693604,25.2416248321533,17.984733581543,15.8597812652588,1.15793335437775,1.41202807426453,0.572371482849121,1.75479936599731,72.4267044067383,64.1418685913086,60.3674430847168,71.0585784912109,0.192181602120399,0.0966757237911224,0.0759565234184265,0.0117262899875641,0,0.234670087695122,0,0.215259850025177,581301.1875,NA,NA
"ES521",10.9687252044678,15.91663646698,25.4979476928711,19.3103828430176,14.529221534729,1.41981387138367,1.05113887786865,0.258622765541077,1.90141880512238,70.0487060546875,62.5440711975098,60.9239196777344,69.2104187011719,0.647916197776794,8.96404017112218e-05,0.0457740873098373,0.0287316925823689,0,0.0636322721838951,0,0.0590426959097385,1338277.375,NA,NA
"ES522",8.22010803222656,13.9525413513184,24.0519962310791,16.7731132507324,15.8318872451782,1.35010743141174,1.40766406059265,0.700798690319061,1.72157025337219,68.3038482666016,63.6154441833496,63.1519317626953,68.6953201293945,0.154778659343719,0.0470564886927605,0.115626364946365,0.0137359723448753,0,0.366886407136917,0,0.165681734681129,517591.3125,NA,NA
"ES523",8.99141883850098,14.6479539871216,24.8060207366943,17.6092338562012,15.8146018981934,1.49562454223633,1.20060348510742,0.433054089546204,1.67675745487213,70.0885238647461,61.4564666748047,59.5392723083496,67.7514038085938,0.289387106895447,0.001868981635198,0.177100196480751,0.0206783339381218,0,0.294239550828934,0,0.155194327235222,1469466.125,NA,NA
"ES532",11.0806913375854,15.2143659591675,24.9634532928467,19.4364643096924,13.8827619552612,1.88021945953369,1.21496737003326,0.277218818664551,2.26400375366211,76.483642578125,72.0153732299805,67.4645233154297,74.9335708618164,0.186779573559761,0.108686484396458,0.00652206456288695,0.0156489200890064,0,0.0791615471243858,0,0.104258112609386,534452.625,NA,NA
"ES611",9.04311847686768,14.498064994812,24.8385543823242,17.7753582000732,15.7954359054565,1.27530288696289,0.833981573581696,0.18435862660408,1.2236533164978,69.4253616333008,58.3751945495605,50.2568740844727,64.66943359375,0.147026687860489,0.0107169998809695,0.0663311555981636,0.00606177048757672,0,0.483233571052551,0,0.111729554831982,379162.34375,NA,NA
"ES612",12.3839559555054,16.9954013824463,25.3099517822266,19.9893169403076,12.9259948730469,3.24568963050842,1.65706598758698,0.141457036137581,2.0679395198822,76.8168640136719,66.7175064086914,58.0914077758789,70.3120422363281,0.271049082279205,0.205435618758202,0.0284755770117044,0.0118012698367238,0,0.142743870615959,0,0.159891232848167,624028.1875,NA,NA
"ES613",9.59559535980225,16.2097759246826,27.5774517059326,18.8149127960205,17.9818553924561,2.05912637710571,1.45081949234009,0.149788811802864,1.61359441280365,73.6003570556641,58.0580673217773,40.664981842041,59.8711357116699,0.424006730318069,0.220088467001915,0.0462401323020458,0.00898195430636406,0,0.104578033089638,0,0.194498106837273,737106.4375,NA,NA
"ES614",7.42063331604004,13.5958595275879,24.9363441467285,16.5456504821777,17.5157089233398,1.87322056293488,1.19526124000549,0.229973539710045,1.42871522903442,73.1261749267578,61.065975189209,46.9249000549316,63.6862945556641,0.290738761425018,0.0849117264151573,0.0563497804105282,0.0103477016091347,0,0.319825798273087,0,0.16754624247551,839489.0625,NA,NA
"ES615",11.8216762542725,17.116081237793,26.4530067443848,19.8946838378906,14.6313304901123,2.37000894546509,1.59237205982208,0.162682443857193,1.71522653102875,73.6097869873047,61.2763061523438,47.396240234375,63.2729759216309,0.171353727579117,0.190773755311966,0.0286850053817034,0.00779583165422082,0,0.311526089906693,0,0.193307399749756,567895.75,NA,NA
"ES616",8.41372489929199,15.0846633911133,27.1316871643066,17.7573795318604,18.7179641723633,2.14344024658203,1.51597118377686,0.252877175807953,1.53968954086304,73.7776794433594,58.5071678161621,41.0265464782715,60.2489204406738,0.379755944013596,0.0257031414657831,0.201753973960876,0.0071107349358499,0,0.195292681455612,0,0.190182700753212,572052.875,NA,NA
"ES617",10.9228868484497,16.0933132171631,25.3883361816406,18.9075222015381,14.4654512405396,2.65890574455261,1.49291181564331,0.112663716077805,1.90629780292511,76.8911361694336,65.7067794799805,55.0469436645508,69.242073059082,0.299771726131439,0.206866800785065,0.0110514760017395,0.019668310880661,0,0.160463139414787,0,0.167324960231781,1150621.75,NA,NA
"ES618",11.3832731246948,17.316291809082,27.4639854431152,20.1511058807373,16.0807132720947,2.38493013381958,1.51202857494354,0.110572710633278,1.70377421379089,73.1588668823242,59.0187950134277,44.9865188598633,61.5723838806152,0.44996190071106,0.228141933679581,0.0320088528096676,0.0202637184411287,0,0.0845087394118309,0,0.177781194448471,1856073.25,NA,NA
"ES620",9.14179706573486,14.9533567428589,25.4182891845703,18.1290531158447,16.2764930725098,1.02166378498077,0.793443381786346,0.242078974843025,1.12178122997284,69.6918029785156,59.3425140380859,54.9171867370605,66.36474609375,0.316916823387146,9.23568404687103e-06,0.118189543485641,0.0134898480027914,0,0.314154744148254,0,0.169108405709267,1273926.25,NA,NA
"FI193",-4.73597431182861,4.65019702911377,16.6247863769531,6.25059413909912,21.3607616424561,1.84771502017975,1.46080183982849,2.83179259300232,2.29105710983276,88.127326965332,70.5168075561523,73.5365219116211,87.5834503173828,0.0389229506254196,4.77681787742767e-05,0.000201237111468799,0.00340965948998928,0,0.49372735619545,0.11285325139761,0.194902449846268,269898.90625,NA,NA
"FI194",-4.07801675796509,4.69122123718262,16.2182731628418,6.42339420318604,20.2962894439697,1.74694812297821,1.45688283443451,2.64892673492432,2.25887155532837,87.3181838989258,69.0683517456055,72.1991119384766,86.6373672485352,0.179294407367706,0.000394047528970987,0.000238885302678682,0.00317502138204873,0,0.54733806848526,0,0.244380339980125,178597,NA,NA
"FI195",-3.57136058807373,4.31500720977783,16.083869934082,6.69654178619385,19.6552295684814,1.75658690929413,1.37459170818329,2.28056240081787,2.2340612411499,85.4092788696289,70.5681228637695,72.5267486572266,84.8323211669922,0.161386147141457,0.00110563996713609,0.000355801254045218,0.00408121338114142,0,0.377934366464615,0,0.184484526515007,142006.703125,NA,NA
"FI196",-2.66323328018188,5.49538946151733,16.8603248596191,7.34833383560181,19.5235595703125,2.16761136054993,1.5322265625,2.7006561756134,2.62575840950012,86.9533538818359,70.8958206176758,72.9402694702148,85.0976943969727,0.113046146929264,0.000515244377311319,0.000352943316102028,0.00634545739740133,0,0.512294590473175,0,0.28999337553978,189361.859375,NA,NA
"FI197",-3.67421221733093,5.10797309875488,16.6452026367188,6.71274423599243,20.3194141387939,1.91333270072937,1.48341929912567,2.76689720153809,2.33990979194641,88.5962905883789,70.7197036743164,73.3757858276367,87.0017013549805,0.0929523035883904,0.000323171640047804,0.000322072708513588,0.00835034437477589,0,0.526376783847809,0,0.257603496313095,483606.71875,NA,NA
"FI1B1",-2.74760127067566,5.61105680465698,17.1599216461182,7.54273223876953,19.9075241088867,2.28167366981506,1.50365781784058,2.58799052238464,2.68494439125061,87.0435485839844,71.6953659057617,72.4821166992188,84.6743774414062,0.169403299689293,0.000778181303758174,0.000118234631372616,0.0273751188069582,0,0.232179254293442,0.196634128689766,0.139476284384727,1166320.5,NA,NA
"FI1C1",-1.88260364532471,5.69108724594116,17.1839904785156,8.01446914672852,19.0665950775146,2.12578630447388,1.41988801956177,2.60178446769714,2.61119723320007,86.9482955932617,72.7067337036133,73.1367492675781,84.1286239624023,0.177131697535515,0.00156636326573789,0.000288355367956683,0.00681406399235129,0,0.34326821565628,0,0.281592339277267,321027.625,NA,NA
"FI1C2",-3.38499426841736,5.30217981338501,16.8889904022217,7.13144588470459,20.2739849090576,2.00965738296509,1.46568012237549,2.70415902137756,2.36159873008728,88.4527130126953,70.7967758178711,72.9934463500977,86.5519104003906,0.159701630473137,0.000552701123524457,0.000265024980762973,0.00829745084047318,0,0.439692467451096,0.0546406917273998,0.248184069991112,192620.921875,NA,NA
"FI1C3",-3.87790155410767,5.11989784240723,17.066349029541,6.89522504806519,20.9442501068115,1.96920394897461,1.41446769237518,2.68495917320251,2.34263372421265,87.9188690185547,70.4133605957031,72.7278366088867,86.3302383422852,0.122619949281216,0.000421150907641277,0.00022196231293492,0.00580854248255491,0,0.0106057142838836,0.681823074817657,0.00450842129066586,148080.8125,NA,NA
"FI1C4",-3.48790764808655,5.3830099105835,17.5986518859863,7.25595045089722,21.0865573883057,2.48334741592407,1.48042714595795,2.47072958946228,2.66955161094666,87.1586837768555,70.6033554077148,71.677864074707,85.3022155761719,0.105717398226261,0.000170424027601257,0.000201361952349544,0.00678009632974863,7.53932035877369e-05,0.00284816464409232,0.7650545835495,0.00139500282239169,136020.84375,NA,NA
"FI1C5",-4.14541578292847,5.35543394088745,17.7269535064697,7.03071689605713,21.8723697662354,2.31141948699951,1.42837750911713,2.58265209197998,2.57685995101929,87.0859985351562,71.3563537597656,71.5594177246094,85.5542449951172,0.028425807133317,5.86086862313095e-05,0.000248123164055869,0.00274661486037076,0.000220068424823694,0.287788778543472,0.341623514890671,0.0825666934251785,122966.2890625,NA,NA
"FI1D1",-4.76902151107788,4.98108530044556,17.3646373748779,6.58092498779297,22.133659362793,2.14855766296387,1.42212069034576,2.7197995185852,2.42734098434448,87.5999069213867,71.2387237548828,73.0102691650391,86.9300994873047,0.0151484506204724,4.43904355051927e-05,0.000211565507925116,0.00266760867089033,1.6936581232585e-05,0.213914781808853,0.435961753129959,0.0854669883847237,169993.5625,NA,NA
"FI1D2",-5.50445747375488,4.49509000778198,16.9805488586426,6.13032579421997,22.4850063323975,2.14487600326538,1.51338303089142,2.80016231536865,2.52257776260376,87.4479293823242,70.1591567993164,73.159912109375,87.4834213256836,0.0633045136928558,3.9288595871767e-05,0.000221194699406624,0.00228085648268461,1.85545929661249e-41,0.486085742712021,0.0854101404547691,0.197974413633347,220671.890625,NA,NA
"FI1D3",-6.52076053619385,3.72869849205017,16.5888385772705,5.57717943191528,23.1096000671387,2.19722414016724,1.53933119773865,2.77014303207397,2.73002600669861,86.8198394775391,70.5220336914062,73.0658569335938,87.4223175048828,0.0275200493633747,3.99259442929178e-05,0.000297603604849428,0.00208525592461228,0.00101110129617155,0.029120797291398,0.767771184444427,0.0115387253463268,154495.859375,NA,NA
"FI1D5",-5.10906267166138,3.99587678909302,15.8023805618286,5.70182704925537,20.9114437103271,1.70261561870575,1.43947863578796,2.51067042350769,2.12791109085083,86.7995147705078,68.7302703857422,71.8075637817383,86.7158126831055,0.110145568847656,8.03738294052891e-05,0.000284939014818519,0.0020002091769129,0,0.582152366638184,0.012023039162159,0.243459835648537,48952.87109375,NA,NA
"FI1D7",-9.87704086303711,0.61286723613739,14.0185470581055,2.3157525062561,23.8955879211426,1.4528079032898,1.290531873703,2.07556128501892,1.96007800102234,84.4329071044922,72.1569900512695,70.6638336181641,85.5695877075195,0.0026873298920691,0.000223677372559905,0.00170794653240591,0.00042844659765251,0.0666122362017632,0.108509205281734,0.729486584663391,0.0431924797594547,167380.46875,NA,NA
"FI1D8",-7.32847547531128,3.02104711532593,15.9914216995239,4.878258228302,23.319896697998,1.97083127498627,1.49687969684601,2.65037131309509,2.61872744560242,86.8705978393555,69.7646255493164,72.3028182983398,87.8330917358398,0.00819894950836897,2.5578607164789e-05,0.000878696388099343,0.000750640756450593,0.00185947620775551,0.224858090281487,0.582415461540222,0.0869726315140724,73417.1875,NA,NA
"FI1D9",-6.9814863204956,2.81674766540527,15.5202960968018,4.55353307723999,22.501781463623,1.80637049674988,1.3943008184433,2.40671133995056,2.30530428886414,86.3547821044922,70.1590728759766,71.8993225097656,87.0102996826172,0.0512767285108566,0.000115559087134898,0.0010085292160511,0.0020193038508296,0.00166797440033406,0.183090507984161,0.613602817058563,0.078217014670372,315711.6875,NA,NA
"FI200",-0.0296923145651817,5.49098014831543,17.0183944702148,9.13985633850098,17.0480880737305,1.977166056633,1.31396245956421,2.10754871368408,2.5041618347168,81.5492248535156,78.0886688232422,76.3928527832031,79.5560302734375,0.0313567854464054,0.00165491842199117,0.000140728094265796,0.00187337654642761,0,0.137168854475021,0,0.0726580023765564,14587.3876953125,NA,NA
"FR101",5.48979806900024,12.2286357879639,20.7424964904785,13.6010437011719,15.2526979446411,2.03464031219482,2.11488199234009,1.67715096473694,1.91270983219147,85.8580474853516,73.8828582763672,67.3749923706055,79.1172103881836,0.21347188949585,0.0382331199944019,0.00163816940039396,0.374378949403763,0,1.35153837025405e-15,0,0.372277915477753,348086.09375,NA,NA
"FR102",5.02269315719604,11.915714263916,20.521692276001,13.3019952774048,15.4989995956421,2.22331929206848,2.24439907073975,1.83089530467987,2.04706454277039,85.9360733032227,73.7141876220703,67.123161315918,78.7815017700195,0.548192024230957,0.136953011155128,1.07128783621846e-09,0.0502867214381695,0,5.90926646126001e-17,0,0.264568239450455,2149805.25,NA,NA
"FR103",5.0872015953064,11.4889106750488,19.9327297210693,13.1147241592407,14.8455286026001,2.03987050056458,2.09390330314636,1.59508383274078,1.96257746219635,86.3628463745117,75.0114212036133,68.3869400024414,79.7855072021484,0.439185082912445,0.122541047632694,0.000332082621753216,0.102722533047199,0,3.36679628620828e-10,0,0.335219204425812,2609808.75,NA,NA
"FR104",5.22499370574951,11.9446783065796,20.5451793670654,13.417763710022,15.3201856613159,2.08645176887512,2.19387221336365,1.70279026031494,1.96938228607178,85.9328079223633,73.8067016601562,66.881233215332,78.7275848388672,0.412491381168365,0.104143545031548,0.000817161402665079,0.195692881941795,0,7.0297040757894e-12,0,0.286855041980743,4252783.5,NA,NA
"FR105",5.48979806900024,12.2286367416382,20.7424964904785,13.6010437011719,15.2526988983154,2.03464031219482,2.11488175392151,1.67715096473694,1.91270995140076,85.8580474853516,73.8828659057617,67.3749923706055,79.1172103881836,0.21347188949585,0.0382331199944019,0.00163816940039396,0.374378949403763,0,1.35153837025405e-15,0,0.37227788567543,737197.0625,NA,NA
"FR106",5.42702102661133,12.2232723236084,20.7695598602295,13.5981607437134,15.3425397872925,2.08800339698792,2.15609359741211,1.74350261688232,1.9287281036377,85.813117980957,73.7695083618164,67.2337646484375,79.0221481323242,0.320200085639954,0.0581323765218258,0.000903869629837573,0.265591084957123,0,7.45718436460707e-16,0,0.355172604322433,687435.6875,NA,NA
"FR107",5.44111108779907,12.2263336181641,20.7670040130615,13.6006288528442,15.3258934020996,2.07660150527954,2.14764165878296,1.72970628738403,1.92487180233002,85.8221435546875,73.7892837524414,67.2540588378906,79.0371475219727,0.297831624746323,0.0538913607597351,0.00105562491808087,0.28842630982399,0,8.70921235130562e-16,0,0.358795046806335,772540.375,NA,NA
"FR108",5.28489065170288,11.5738725662231,19.7865524291992,13.1827011108398,14.5016613006592,2.36221408843994,2.23392605781555,1.67528474330902,2.17657423019409,86.1559371948242,75.4553375244141,70.1826934814453,80.6156234741211,0.514896929264069,0.133834704756737,0.000185535260243341,0.0670013278722763,0,3.2773226741596e-16,0,0.28408145904541,1052350.125,NA,NA
"FRB01",4.75098085403442,11.6284761428833,20.5885734558105,13.3457632064819,15.8375940322876,2.39847183227539,2.55396199226379,1.91362082958221,2.186359167099,84.895881652832,72.1323852539062,65.0700225830078,76.8270568847656,0.552310347557068,0.120500035583973,0.00324970320798457,0.00636186171323061,0,4.29672436519368e-10,0,0.317578107118607,303155.375,NA,NA
"FRB02",4.64417600631714,10.9402542114258,19.4360980987549,12.6923408508301,14.7919216156006,2.09910583496094,2.1131637096405,1.44515383243561,1.98516798019409,86.9851303100586,75.3890075683594,67.8517608642578,79.6225357055664,0.662956416606903,0.192508980631828,4.99738746384537e-07,0.0117162000387907,0,4.05660158242505e-11,0,0.132818058133125,524501.875,NA,NA
"FRB03",5.06952953338623,11.654393196106,20.5586166381836,13.4329223632812,15.4890871047974,2.47213506698608,2.52869129180908,1.80556106567383,2.27914881706238,84.6487121582031,72.5806884765625,65.0889358520508,76.5906066894531,0.52547949552536,0.204188331961632,0.00169101427309215,0.00615169620141387,0,1.26385446552746e-09,0,0.262489497661591,247922.546875,NA,NA
"FRB04",5.42354345321655,11.8020524978638,20.6246643066406,13.4933977127075,15.2011213302612,2.26375460624695,2.12851214408875,1.35410916805267,2.1010251045227,85.7474136352539,73.1699676513672,64.8247451782227,77.769905090332,0.533416569232941,0.177689239382744,0.000106036706711166,0.0139588434249163,0,3.65489444265066e-11,0,0.274829357862473,687769.375,NA,NA
"FRB05",5.02802419662476,11.5936117172241,20.4222679138184,13.2857465744019,15.3942432403564,2.28453850746155,2.21315336227417,1.52018916606903,2.04885864257812,85.8852844238281,72.9884338378906,64.7383575439453,77.6375885009766,0.523234069347382,0.152665629982948,0.000655419251415879,0.00992360431700945,0,0,0,0.313521265983582,485074.75,NA,NA
"FRB06",4.91226863861084,11.7490739822388,20.5884265899658,13.3400774002075,15.676157951355,2.22926616668701,2.30922055244446,1.74199497699738,2.05810451507568,85.8307418823242,72.8094024658203,65.3552093505859,77.7394561767578,0.555935561656952,0.12187897413969,0.000188141115359031,0.0108568677678704,0,3.90050466578929e-16,0,0.311140447854996,598550.75,NA,NA
"FRC11",3.26800799369812,11.1172657012939,20.1583232879639,12.2004289627075,16.8903160095215,2.66026973724365,2.81907558441162,2.35835981369019,2.47312068939209,85.0271148681641,71.6065139770508,67.075813293457,78.3388748168945,0.497936964035034,0.0568901635706425,0.000205375952646136,0.00856207311153412,0,0,0.105179481208324,0.331225991249084,552678.625,NA,NA
"FRC12",4.11321353912354,11.2901306152344,20.3914737701416,12.8859300613403,16.2782592773438,2.72521471977234,2.77799725532532,1.97362315654755,2.41302847862244,84.5728988647461,71.585075378418,65.6326293945312,77.2157440185547,0.451270192861557,0.11379885673523,0.00191621098201722,0.00544646196067333,0,1.34483784995035e-17,0.00839850213378668,0.419169783592224,209304.546875,NA,NA
"FRC13",3.46917700767517,11.2375383377075,20.4080009460449,12.4377584457397,16.9388236999512,2.5943877696991,3.0644998550415,2.42055010795593,2.75111126899719,82.7873001098633,70.2395324707031,66.2898330688477,77.4506454467773,0.409841418266296,0.0810208097100258,0.000848216062877327,0.0101580079644918,0,5.82033449214592e-11,0.124668136239052,0.373463481664658,593956.3125,NA,NA
"FRC14",4.38514947891235,11.6227855682373,20.5557155609131,13.0518589019775,16.1705665588379,2.39508843421936,2.43304014205933,1.84129500389099,2.18097639083862,85.6580963134766,72.6386795043945,66.2380905151367,77.7625961303711,0.581786930561066,0.117217272520065,0.000331565854139626,0.00752740539610386,0,2.12470062126624e-16,0,0.293136835098267,339731.375,NA,NA
"FRC21",1.47258150577545,9.12701416015625,17.9808559417725,10.2275056838989,16.5082740783691,4.56937837600708,4.40770530700684,3.58554816246033,3.87630748748779,81.75146484375,72.2022552490234,71.7812271118164,80.078125,0.228506043553352,0.094560444355011,0.000162805838044733,0.0155326202511787,0,0,0.660353243350983,0,507337.46875,NA,NA
"FRC22",2.37231087684631,10.2677631378174,19.2519378662109,11.3085432052612,16.8796272277832,4.65707397460938,4.7312216758728,3.52127385139465,4.16234302520752,81.007682800293,71.0879364013672,70.145263671875,78.7516403198242,0.369182378053665,0.0506598055362701,0.000149569576024078,0.0102416733279824,0,0,0.49160560965538,0.0764845013618469,378600.25,NA,NA
"FRC23",2.80293560028076,10.6869335174561,19.4557819366455,11.5954179763794,16.6528472900391,3.54510736465454,3.49956464767456,2.86846780776978,3.21474123001099,83.0163879394531,71.2811508178711,68.670295715332,79.1443099975586,0.324880540370941,0.0737831741571426,6.8030435613764e-06,0.0103226844221354,0,0,0.5905721783638,0.00043437400017865,366597.90625,NA,NA
"FRC24",1.66446483135223,9.45726776123047,18.2197189331055,10.4043855667114,16.5552539825439,5.07051134109497,4.2086911201477,3.29180884361267,3.83315539360046,83.4592132568359,72.2284698486328,70.6530914306641,80.7180252075195,0.224772587418556,0.0411743149161339,2.77493722444788e-10,0.0194076113402843,0,0,0.714547574520111,0,93813.8125,NA,NA
"FRD11",5.56177759170532,10.4724216461182,18.0806312561035,12.8363466262817,12.5188541412354,2.8083508014679,2.3785297870636,1.60285687446594,2.87233757972717,85.9483642578125,77.4328765869141,74.1107940673828,81.6340408325195,0.315515846014023,0.246112585067749,2.43160269697285e-09,0.0144618274644017,0,2.43059267157619e-10,0.0532292760908604,0.20551472902298,571773.5625,NA,NA
"FRD12",6.14900493621826,10.6437406539917,18.0865917205811,13.2120599746704,11.9375867843628,3.24935555458069,2.42430877685547,1.67712616920471,3.26112580299377,84.5249176025391,78.8338623046875,77.0174942016602,81.0995025634766,0.31273165345192,0.262831687927246,2.32251395893002e-09,0.00994178000837564,0,2.69785332962513e-10,0.0944556146860123,0.134381115436554,319449.125,NA,NA
"FRD13",4.80599927902222,10.3309459686279,18.4290885925293,12.3704528808594,13.6230888366699,2.62680149078369,2.40787792205811,1.44026064872742,2.44366002082825,87.5107345581055,76.8422698974609,71.6754760742188,81.6889953613281,0.417511254549026,0.27837672829628,2.50042675453699e-09,0.00918412767350674,0,7.7706835668334e-17,0,0.294927954673767,290461.28125,NA,NA
"FRD21",5.09854650497437,10.6968011856079,18.7115116119385,12.7671003341675,13.6129655838013,2.6670081615448,2.39421963691711,1.5532078742981,2.49197793006897,86.7568206787109,76.8793258666992,71.9178771972656,81.3623046875,0.476233035326004,0.194196164608002,1.77679515545037e-09,0.0221749804913998,0,9.97925006518408e-11,0,0.300001710653305,941020.8125,NA,NA
"FRD22",5.37040424346924,10.5367584228516,18.3493347167969,12.9193811416626,12.9789304733276,3.18450379371643,2.58480668067932,1.88143873214722,3.27688336372375,85.7060165405273,77.755485534668,74.3152236938477,81.3327331542969,0.407475024461746,0.214793905615807,0.000136922375531867,0.0160724893212318,0,5.66130253787378e-10,0.0151736615225673,0.207585498690605,702908.8125,NA,NA
"FRE11",4.15380525588989,10.3563594818115,18.3243370056152,11.9672050476074,14.1705312728882,2.6662266254425,2.32841324806213,2.12787175178528,2.66897821426392,85.7238082885742,76.1477127075195,73.3280944824219,81.6644058227539,0.435322016477585,0.156952232122421,1.30027331124438e-07,0.066937543451786,0,1.96264948737479e-11,0.137390971183777,0.172753393650055,2042852.75,NA,NA
"FRE12",4.742844581604,10.2294807434082,17.9984970092773,12.3663101196289,13.2556524276733,3.18806648254395,2.46779012680054,2.15448617935181,3.33478784561157,85.4940567016602,77.1474304199219,74.2254257202148,81.7235488891602,0.533484280109406,0.189268246293068,2.27513385908651e-09,0.0281116757541895,0,1.3398009091059e-10,0,0.189015835523605,1269686.625,NA,NA
"FRE21",4.19164180755615,10.9372520446777,19.2029113769531,12.2549381256104,15.0112705230713,2.57982158660889,2.39784860610962,2.16827297210693,2.2808141708374,86.1363525390625,74.9858932495117,70.8299102783203,80.6999435424805,0.579480350017548,0.179826483130455,1.65623981196461e-09,0.0152745321393013,0,0,0.0376784056425095,0.18774026632309,606820.3125,NA,NA
"FRE22",5.01882123947144,11.3247585296631,19.4869384765625,12.9274444580078,14.4681186676025,2.41097116470337,2.26065111160278,1.83242344856262,2.25646924972534,86.0107498168945,75.5661392211914,70.8308410644531,80.7431259155273,0.593347251415253,0.155771061778069,1.53093093757661e-09,0.0218490250408649,0,8.98477625654688e-17,0,0.22903273999691,1227649.875,NA,NA
"FRE23",4.89889144897461,10.7578601837158,18.6965427398682,12.6549968719482,13.7976512908936,2.80802917480469,2.41382622718811,2.07281756401062,2.75497937202454,85.7007446289062,76.6499557495117,73.1283874511719,81.3318328857422,0.63485836982727,0.192382261157036,1.74563563604124e-09,0.0160336475819349,0,2.00478219645651e-16,0,0.134657680988312,628145.8125,NA,NA
"FRF11",2.67250967025757,10.9425134658813,19.6971836090088,11.4878072738647,17.0246734619141,2.6282229423523,2.67583250999451,2.65563082695007,2.38141298294067,83.6808700561523,71.2531356811523,68.5900802612305,79.1312103271484,0.391983687877655,0.0574698820710182,8.59931787999813e-06,0.0317801274359226,0,1.71680116043977e-18,0,0.51875776052475,1287993.875,NA,NA
"FRF12",2.16681671142578,10.161657333374,18.9443264007568,10.8984174728394,16.7775096893311,3.19223546981812,3.1271333694458,2.8633017539978,2.79615545272827,83.1909790039062,71.9473571777344,70.255500793457,80.6464996337891,0.348223865032196,0.0531564988195896,3.77134529117029e-05,0.0267851185053587,0,0.00512777082622051,0.357388973236084,0.208700716495514,854708.125,NA,NA
"FRF21",3.31357622146606,10.208025932312,18.5966968536377,11.4352388381958,15.2831211090088,3.18535876274109,2.67215871810913,2.399493932724,2.50263357162476,86.9720687866211,75.1124572753906,72.0550155639648,81.905387878418,0.449239492416382,0.152005910873413,0.000369438668712974,0.0119443545117974,1.40129846432482e-45,0,0.370641022920609,0.0157997738569975,339747.4375,NA,NA
"FRF22",4.16158866882324,11.5016689300537,20.2329597473145,12.709475517273,16.0713729858398,2.36091470718384,2.4495632648468,2.02091550827026,2.25265097618103,85.8648681640625,73.1212539672852,67.6499481201172,78.7133560180664,0.615301787853241,0.137104243040085,0.000515997235197574,0.00841967575252056,0,1.48509214616023e-16,0.00258059264160693,0.233786687254906,327619.65625,NA,NA
"FRF23",3.96987843513489,11.0789451599121,19.5776329040527,12.283429145813,15.6077537536621,2.41398692131042,2.29718899726868,2.02970814704895,2.09791684150696,85.9716262817383,73.704948425293,68.8168182373047,79.6980285644531,0.639646053314209,0.151425406336784,0.000145960482768714,0.00958502013236284,0,0,0.111942566931248,0.0852145850658417,494335.8125,NA,NA
"FRF24",3.24371886253357,10.8771305084229,19.6645584106445,11.8979988098145,16.4208393096924,2.94518256187439,2.8969156742096,2.48258495330811,2.64703106880188,85.8525085449219,72.6049423217773,68.8063430786133,79.7189483642578,0.481979727745056,0.100924462080002,0.000460603856481612,0.00554108573123813,0,0,0.342622816562653,0.0679028928279877,156343.546875,NA,NA
"FRF31",2.79574012756348,10.3789987564087,18.9733142852783,11.2458181381226,16.1775741577148,2.8302903175354,2.61210036277771,2.27255845069885,2.38267612457275,85.7979965209961,73.1094818115234,69.2241287231445,80.2584686279297,0.457369655370712,0.115172430872917,1.87527602975024e-05,0.0176350902765989,2.10216791890483e-11,0,0.163496911525726,0.246307194232941,613077.125,NA,NA
"FRF32",3.10462498664856,10.4519262313843,19.022216796875,11.4430351257324,15.917592048645,3.1965823173523,2.73089146614075,2.29890370368958,2.5186026096344,86.5341033935547,73.791130065918,70.3915481567383,80.8264389038086,0.473375409841537,0.127250045537949,0.00172156968619674,0.00758997444063425,0,0,0.389855921268463,0,258342.328125,NA,NA
"FRF33",2.87699961662292,10.700930595398,19.2458992004395,11.3772773742676,16.3688983917236,2.74938464164734,2.49221754074097,2.24052405357361,2.33376383781433,85.4162902832031,72.4752883911133,68.622802734375,79.9947509765625,0.420867204666138,0.09205012768507,3.88873695555958e-06,0.0314601771533489,1.53881234469209e-13,7.75952748530948e-19,0.135253235697746,0.320365399122238,1365592,NA,NA
"FRF34",2.43358135223389,10.1162433624268,18.7959861755371,11.0227632522583,16.3624057769775,3.53267788887024,3.28796696662903,2.81174468994141,3.01912784576416,85.2219924926758,72.760139465332,69.7300872802734,80.2837753295898,0.332443118095398,0.0895236060023308,5.7912225202017e-06,0.0123633537441492,0,0,0.193464443087578,0.37219974398613,411753.71875,NA,NA
"FRG01",6.49018335342407,11.8647413253784,19.9131507873535,13.7906818389893,13.422966003418,3.09955167770386,2.37189841270447,1.22835576534271,2.81362056732178,86.2557601928711,76.802619934082,71.4994430541992,81.0838623046875,0.498987555503845,0.232894331216812,1.10519204099546e-05,0.0207066386938095,0,3.34113098956524e-16,0,0.168867751955986,1392484.25,NA,NA
"FRG02",5.84911012649536,11.8119058609009,20.3107109069824,13.5479402542114,14.4615993499756,2.55910062789917,2.1567759513855,1.17763912677765,2.35841608047485,86.2264633178711,74.8731307983398,67.5377731323242,79.4122085571289,0.577548801898956,0.229596301913261,1.14796212073998e-05,0.0161637105047703,0,1.06929280442705e-16,0,0.176679760217667,865388.75,NA,NA
"FRG03",5.4006781578064,11.012152671814,19.1547546386719,12.8982439041138,13.754075050354,3.22209548950195,2.571702003479,1.47913646697998,2.84858155250549,86.9749755859375,75.9328308105469,70.613151550293,81.0589141845703,0.554810464382172,0.291524916887283,5.04664665612609e-09,0.00905280094593763,0,2.77421739662166e-16,0,0.144608974456787,360350.875,NA,NA
"FRG04",5.19013500213623,11.245735168457,19.7298049926758,12.9752368927002,14.5396699905396,2.53245043754578,2.24951243400574,1.34345352649689,2.25628566741943,86.8099746704102,74.7725296020508,67.9465789794922,79.9450531005859,0.477814346551895,0.238935589790344,2.5858271079926e-09,0.0127968620508909,0,8.32923892982106e-17,0,0.270453214645386,556245.8125,NA,NA
"FRG05",6.72957181930542,12.2711458206177,20.5152130126953,14.316837310791,13.7856407165527,2.96986055374146,2.34848880767822,1.18304300308228,2.72697758674622,85.2352142333984,75.4407272338867,69.2976226806641,79.5990829467773,0.546158850193024,0.206303060054779,6.38022756902501e-05,0.0105487396940589,0,4.51044167293357e-11,0,0.110946118831635,690260.9375,NA,NA
"FRH01",6.61435651779175,10.5895252227783,17.6520709991455,13.1431913375854,11.0377140045166,3.32029414176941,2.47032952308655,1.35009789466858,2.96155023574829,85.76806640625,79.9013366699219,77.6140060424805,82.5726013183594,0.466698259115219,0.23774179816246,8.61448497744277e-05,0.00903797708451748,0,2.62186938826403e-10,0.119365721940994,0.0147268334403634,452188.21875,NA,NA
"FRH02",7.1796932220459,10.4980707168579,17.0861530303955,13.1220760345459,9.90646076202393,4.00874900817871,2.74617266654968,1.70300054550171,3.4342725276947,84.2750854492188,80.595703125,80.1424942016602,83.0344009399414,0.37245711684227,0.21846430003643,0.00016671943012625,0.0121073527261615,3.01841912201886e-29,1.84739272490742e-11,0.120497688651085,0.0226047392934561,501822.96875,NA,NA
"FRH03",6.1050271987915,11.2245407104492,18.9764595031738,13.286979675293,12.8714303970337,2.88346529006958,2.32564282417297,1.4060161113739,2.71230983734131,86.0279159545898,76.9954299926758,73.1718139648438,81.3080444335938,0.54912668466568,0.262627363204956,2.20075412471488e-06,0.0149298207834363,0,3.238764811897e-11,0.00959867145866156,0.124762274324894,1026453.25,NA,NA
"FRH04",6.8272533416748,11.064621925354,18.2503986358643,13.411075592041,11.4231472015381,3.62134838104248,2.56896686553955,1.47134149074554,3.02876901626587,86.1017913818359,78.9337387084961,75.7647476196289,82.758430480957,0.460827767848969,0.255576938390732,2.14811734622344e-06,0.0123971849679947,1.3198333961993e-30,0,0.139733076095581,0.0423015877604485,703784.4375,NA,NA
"FRI11",6.12503099441528,12.513331413269,21.6335010528564,14.5411863327026,15.5084714889526,2.66371059417725,2.83956289291382,1.66125273704529,2.26960134506226,82.3393859863281,70.6232986450195,64.5532989501953,74.8980407714844,0.533730387687683,0.060160331428051,0.000420382857555524,0.00671413447707891,0,1.16956206004659e-12,0.0623288042843342,0.336646050214767,443615.625,NA,NA
"FRI12",7.47622919082642,13.3016738891602,21.834041595459,15.3779096603394,14.3578119277954,2.86130666732788,2.43675708770752,1.29282104969025,2.42392563819885,82.7584915161133,71.0277786254883,65.3648147583008,75.8482513427734,0.348296791315079,0.078287735581398,0.00270819198340178,0.0170958656817675,0,3.37235834147343e-14,0,0.469902127981186,1540748,NA,NA
"FRI13",8.15510368347168,13.5676727294922,22.0189762115479,15.94300365448,13.8638715744019,3.37664246559143,2.81900596618652,1.36001980304718,2.76154565811157,81.6895980834961,71.6230392456055,67.0380859375,75.4590835571289,0.271917968988419,0.0768612250685692,0.00712530734017491,0.00534501485526562,0,2.62538723400096e-11,0.247941970825195,0.299959450960159,414726.53125,NA,NA
"FRI14",6.86639165878296,13.2210168838501,22.4445686340332,15.3963937759399,15.5781764984131,2.27328276634216,2.42732739448547,1.34316444396973,1.95933830738068,82.8425598144531,70.463752746582,62.5389518737793,73.4917602539062,0.613536059856415,0.064051553606987,0.000237177213421091,0.00735192839056253,0,8.61360625362393e-18,0,0.3148233294487,315833.6875,NA,NA
"FRI15",5.7839879989624,11.5024242401123,21.0123081207275,14.2456941604614,15.2283210754395,4.48044109344482,3.92110681533813,1.88743448257446,3.5996425151825,79.7139892578125,74.2733612060547,71.3072967529297,75.9319839477539,0.223159953951836,0.115063294768333,0.0137636912986636,0.00994156021624804,4.53582324553281e-05,0.0175426974892616,0.435816764831543,0.172720342874527,588119.1875,NA,NA
"FRI21",4.21054220199585,10.7126817703247,19.881010055542,12.8056917190552,15.670467376709,3.47663307189941,3.75233817100525,2.31485867500305,3.1765866279602,82.3182220458984,72.8764877319336,69.5505599975586,77.6776733398438,0.351552963256836,0.0390439294278622,0.000710712687578052,0.00585638079792261,0,6.23540732935801e-11,0.467091143131256,0.135744854807854,225646.453125,NA,NA
"FRI22",3.75468444824219,10.3326787948608,19.380521774292,12.3106937408447,15.6258373260498,3.05788660049438,3.29600644111633,2.28229689598083,2.71182298660278,83.7563018798828,73.7211074829102,69.1034545898438,78.0906677246094,0.330160826444626,0.146879941225052,0.000398780568502843,0.00486886175349355,0,5.50420153899722e-10,0.0603067502379417,0.457384884357452,117433.765625,NA,NA
"FRI23",4.88788795471191,11.3210554122925,20.3248729705811,13.2530717849731,15.4369859695435,3.33692622184753,3.3848180770874,2.11014485359192,2.85523509979248,83.7429504394531,73.1962356567383,67.9421691894531,77.5615844726562,0.491590142250061,0.11875294148922,1.8055188775179e-05,0.00922640040516853,0,3.47979319470653e-16,0.080543652176857,0.299868822097778,356913.5,NA,NA
"FRI31",6.2316198348999,12.5024700164795,21.3994903564453,14.408296585083,15.1678705215454,2.78998732566833,2.67881917953491,1.60700261592865,2.47048830986023,83.4802551269531,71.7426071166992,65.2187881469727,76.1208114624023,0.623552143573761,0.111555509269238,1.03589181676966e-09,0.00835005007684231,0,5.75375615208262e-11,0,0.256542325019836,368795.59375,NA,NA
"FRI32",7.04974699020386,12.9077253341675,21.4380321502686,14.9659223556519,14.3882865905762,2.79326033592224,2.37505125999451,1.29820096492767,2.57643580436707,83.4777221679688,72.1617889404297,65.6214828491211,76.5507354736328,0.543528974056244,0.147127151489258,0.000395957176806405,0.00924102030694485,0,2.68767560290817e-11,0,0.197259411215782,537196.625,NA,NA
"FRI33",5.96673917770386,12.0356569290161,20.7925300598145,13.8913078308105,14.8257923126221,2.74919009208679,2.30901288986206,1.26874792575836,2.41678714752197,85.6726989746094,73.9442367553711,66.1497344970703,78.4276580810547,0.633500158786774,0.231741532683372,3.66035490806382e-09,0.00942538026720285,0,5.52425709343662e-11,0,0.125332951545715,395300.6875,NA,NA
"FRI34",5.51966142654419,11.8207149505615,20.7545680999756,13.6092529296875,15.2349052429199,2.49094486236572,2.33675718307495,1.5172461271286,2.26613616943359,85.1044769287109,73.0991668701172,65.0241928100586,77.2842712402344,0.612040340900421,0.206309899687767,4.25012440246064e-05,0.00782023184001446,0,2.19932377865106e-10,0,0.173787042498589,434259.4375,NA,NA
"FRJ11",6.43856239318848,12.6514596939087,22.9236068725586,15.2426013946533,16.4850444793701,2.77136063575745,2.68309116363525,1.19709885120392,2.4022319316864,77.8146820068359,71.2600250244141,63.0518989562988,74.1614532470703,0.244831502437592,0.0997300446033478,0.00936466734856367,0.0090203583240509,0,5.17152856996383e-12,0,0.601117789745331,496307.125,NA,NA
"FRJ12",6.06910371780396,12.8048524856567,23.1040706634521,14.986349105835,17.0349674224854,2.3893551826477,2.93148732185364,1.31785726547241,4.84173536300659,72.3330230712891,65.0488586425781,55.5328140258789,71.3048934936523,0.220976606011391,0.0878995656967163,0.00320937321521342,0.018478374928236,0,0,0.427381277084351,0.207404062151909,902802.5,NA,NA
"FRJ13",6.69561529159546,13.1982460021973,23.5046195983887,15.4964075088501,16.8090038299561,2.79221367835999,2.69763708114624,1.11909937858582,3.82532811164856,75.923942565918,69.0812225341797,59.8629608154297,74.1962051391602,0.205196514725685,0.104719690978527,0.00362516776658595,0.0144187714904547,0,0,0.391461998224258,0.152129635214806,883170.5,NA,NA
"FRJ14",1.82753872871399,8.26534461975098,18.5073871612549,10.7307405471802,16.6798458099365,2.73330450057983,3.74613952636719,1.89705467224121,4.67378234863281,79.4543533325195,72.6125183105469,65.8931884765625,78.311164855957,0.16394317150116,0.108957536518574,0.0121620940044522,0.00302391243167222,0,0,0.711913347244263,0,94832.5703125,NA,NA
"FRJ15",6.11205101013184,11.9649629592896,22.2644195556641,14.7437133789062,16.1523704528809,2.29216647148132,2.40303897857666,1.22064697742462,2.35396218299866,73.3865737915039,69.7780303955078,64.4291000366211,73.4091262817383,0.119229704141617,0.0538227967917919,0.019502654671669,0.0111331073567271,9.42928545555333e-06,0.136955618858337,0.0164741054177284,0.598758339881897,394304.34375,NA,NA
"FRJ21",3.45771408081055,9.72363376617432,20.2416248321533,12.5614128112793,16.7839126586914,2.68231296539307,3.00438642501831,1.7598671913147,2.31831860542297,76.6807403564453,73.4415435791016,67.5904235839844,73.9709243774414,0.262265712022781,0.0634967386722565,0.0214925725013018,0.0110215283930302,0,0.0722106695175171,0,0.569512844085693,248495.28125,NA,NA
"FRJ22",4.18612337112427,10.7403774261475,20.7281036376953,13.0716896057129,16.5419807434082,3.09761166572571,3.52043008804321,1.80411577224731,3.24659538269043,81.6141204833984,73.1370620727539,66.4988098144531,77.8848571777344,0.318884611129761,0.164366155862808,0.00299774017184973,0.00457988819107413,0,8.28149094439512e-12,0.494992762804031,0.0140923541039228,293594.90625,NA,NA
"FRJ23",5.98400831222534,12.4474506378174,22.5526866912842,15.0246906280518,16.5686779022217,2.41362690925598,2.68077611923218,1.54498326778412,1.9711549282074,79.9984283447266,72.32080078125,65.0147018432617,73.4387741088867,0.46275407075882,0.108198791742325,0.00589844165369868,0.0146392611786723,0,0.0529135130345821,0,0.355595916509628,1028588.5,NA,NA
"FRJ24",7.00354290008545,13.3791389465332,23.0732746124268,15.8233222961426,16.0697326660156,2.38636779785156,2.44937300682068,1.37286174297333,1.89833903312683,82.1944580078125,71.8653106689453,63.8774185180664,73.5857849121094,0.606766581535339,0.142907023429871,7.66734729040763e-07,0.00619644904509187,0,2.4202317233657e-11,0,0.244129225611687,350851.625,NA,NA
"FRJ25",5.72271776199341,12.2612199783325,21.6657543182373,14.479395866394,15.9430379867554,2.61819934844971,3.0003125667572,1.79308807849884,2.34523630142212,81.6153106689453,70.7344970703125,65.4222946166992,74.9515609741211,0.484324395656586,0.0828893780708313,0.000510797370225191,0.00608290592208505,0,1.32276123387953e-09,0.0645857378840446,0.36160683631897,223181.0625,NA,NA
"FRJ26",3.11010837554932,9.42240619659424,20.0594539642334,12.301308631897,16.9493465423584,3.12499022483826,3.21805214881897,1.85549998283386,2.81393575668335,78.4430236816406,73.8851470947266,67.3381118774414,74.3411712646484,0.285205185413361,0.0645039975643158,0.0289599057286978,0.0076366332359612,0,0.141907513141632,0,0.471786737442017,222560.75,NA,NA
"FRJ27",6.17092180252075,12.7306785583496,22.7036190032959,15.052056312561,16.5326995849609,2.84935641288757,3.05648231506348,1.55887317657471,2.34518098831177,82.3801422119141,72.3944931030273,63.9177894592285,75.7971954345703,0.434033393859863,0.163603186607361,0.00157005293294787,0.00898151006549597,0,4.31402714325557e-17,0.116150289773941,0.27559170126915,471201.4375,NA,NA
"FRJ28",6.63389253616333,13.1372394561768,22.6368045806885,15.4543828964233,16.0029125213623,2.21055150032043,2.51182508468628,1.45849645137787,1.84136700630188,82.1837539672852,70.6238479614258,62.9601020812988,73.3466873168945,0.588849127292633,0.0905980989336967,0.000244380149524659,0.0158265102654696,0,2.24190112910647e-16,0,0.304481893777847,592359.25,NA,NA
"FRK11",4.05542278289795,10.9781951904297,20.0502529144287,12.7886438369751,15.9948301315308,2.08338499069214,2.61754751205444,2.13574481010437,2.22863984107971,82.8922500610352,71.3534545898438,66.2291030883789,76.5923843383789,0.467385947704315,0.148039922118187,0.000434897112427279,0.00675733899697661,0,9.07305341968367e-10,0,0.377381920814514,318747.8125,NA,NA
"FRK12",2.53392791748047,9.04210186004639,18.6197071075439,11.3189401626587,16.0857791900635,3.14573383331299,3.68905854225159,2.29410529136658,3.23961067199707,81.8488616943359,73.6064529418945,70.1352081298828,78.8749847412109,0.201382160186768,0.125072255730629,0.00610927445814013,0.00428708270192146,0,0,0.585799992084503,0.0773491710424423,141576.671875,NA,NA
"FRK13",2.06086850166321,8.84464740753174,18.5848331451416,10.971471786499,16.5239658355713,1.72558057308197,2.81139397621155,2.24415564537048,2.89946937561035,80.5901489257812,72.3769683837891,68.2510833740234,78.4938354492188,0.191252768039703,0.128050848841667,0.00533653236925602,0.0102179106324911,0,0,0.552421748638153,0.112720213830471,367472.375,NA,NA
"FRK14",2.54081606864929,9.24941921234131,18.5166034698486,11.300784111023,15.9757881164551,2.20082759857178,2.98673343658447,2.48602819442749,2.58655095100403,82.3937454223633,72.9238815307617,69.6958847045898,78.4319763183594,0.255654394626617,0.124357208609581,0.00283958809450269,0.0110346479341388,0,5.88887879432454e-12,0.0772431790828705,0.52887099981308,718157.5,NA,NA
"FRK21",3.02926778793335,10.9017715454102,20.150053024292,12.0654401779175,17.1207847595215,3.41578364372253,4.01079702377319,3.0225236415863,3.61717224121094,80.3348388671875,70.0829544067383,68.5305938720703,77.9784240722656,0.363264471292496,0.0723087042570114,0.000174791668541729,0.0194958336651325,0,0,0.255578190088272,0.283576548099518,999703.625,NA,NA
"FRK22",3.59505009651184,10.6416749954224,20.7979259490967,12.6773443222046,17.2028770446777,2.31613159179688,3.2510974407196,2.02795052528381,4.82745790481567,76.4063415527344,68.3509216308594,61.2208061218262,74.7857284545898,0.198799505829811,0.0955913960933685,0.00145521597005427,0.0142418388277292,0,0,0.689912021160126,0,553702.3125,NA,NA
"FRK23",3.3287308216095,10.2680292129517,20.3628482818604,12.3715705871582,17.0341167449951,2.08252644538879,2.96896886825562,1.91941678524017,3.79329609870911,76.2718505859375,69.0732192993164,61.7714233398438,74.4928588867188,0.247692227363586,0.0861466526985168,0.00962410401552916,0.0109642306342721,0,0,0.591782987117767,0.0537898279726505,501010.1875,NA,NA
"FRK24",2.28475260734558,9.45243453979492,19.0887985229492,11.2910737991333,16.8040447235107,2.71173644065857,3.53773713111877,2.73374962806702,3.57645058631897,76.6232986450195,71.3565673828125,68.9552459716797,76.9478454589844,0.221095383167267,0.0764739513397217,0.010042573325336,0.0211310479789972,0,0,0.47280940413475,0.196329429745674,1377366.125,NA,NA
"FRK25",3.0025634765625,10.2519111633301,19.6708583831787,11.9607419967651,16.6682949066162,1.78968560695648,2.77443742752075,2.52832007408142,2.71750473976135,81.7362365722656,71.1686859130859,67.5608520507812,78.0508499145508,0.263182550668716,0.13727331161499,0.000681597855873406,0.0145733896642923,0,3.10562575656093e-10,0.352699756622314,0.231589376926422,585562.8125,NA,NA
"FRK26",3.4505455493927,11.133297920227,20.5504550933838,12.5316791534424,17.0999088287354,1.90856671333313,2.82914781570435,2.42184829711914,2.77913641929626,81.7519989013672,69.8712463378906,66.260612487793,77.4612731933594,0.337255388498306,0.108315013349056,2.31929742078307e-09,0.0550833866000175,0,7.35828715667242e-13,0.330195128917694,0.169151172041893,1668742.375,NA,NA
"FRK27",-1.1592470407486,5.41273880004883,14.8337564468384,7.61073160171509,15.9930038452148,2.99376821517944,3.36132478713989,3.18394374847412,3.11760568618774,72.5260620117188,72.8656311035156,73.7177200317383,77.4422607421875,0.0937979444861412,0.0778430178761482,0.0456590056419373,0.00974580738693476,1.61197643052555e-29,0,0.752052903175354,0,523502.125,NA,NA
"FRK28",0.458171844482422,7.77641439437866,16.9452857971191,9.25032806396484,16.4871139526367,4.17882633209229,4.3722939491272,3.88130688667297,3.8959858417511,76.4849548339844,72.5820922851562,75.0704727172852,79.033317565918,0.145975083112717,0.0725832581520081,0.0182839464396238,0.0270732641220093,1.40411583710128e-28,0,0.659425556659698,0,1131035.75,NA,NA
"FRL01",2.7578547000885,8.62801933288574,18.7879600524902,11.4884576797485,16.0301055908203,1.91659390926361,2.58241748809814,1.55937850475311,3.02600932121277,68.2941284179688,68.4170684814453,62.5372200012207,71.6593551635742,0.114628382027149,0.0729286596179008,0.0424954444169998,0.00625146320089698,3.71949019707527e-30,0,0.761265993118286,0,259927.71875,NA,NA
"FRL02",-0.655801057815552,5.36877632141113,15.4520635604858,8.16478729248047,16.1078643798828,2.10873031616211,2.7058744430542,1.90959656238556,3.04433274269104,69.0086212158203,71.5059432983398,65.9580154418945,73.1580657958984,0.113539360463619,0.0684867724776268,0.0522051453590393,0.00441593443974853,2.54921730987473e-32,0,0.754835605621338,0,149092.484375,NA,NA
"FRL03",4.54651069641113,10.1402549743652,20.0785789489746,13.1477832794189,15.5320682525635,2.31887698173523,2.83810567855835,1.56106996536255,3.57088184356689,68.5515213012695,71.5901947021484,70.4883804321289,74.613151550293,0.0480261445045471,0.0517270229756832,0.0457605980336666,0.02354970946908,5.91503754429818e-30,3.03906341281648e-13,0.661207556724548,0.0411370471119881,791580.75,NA,NA
"FRL04",7.80549192428589,14.1149663925171,24.1668796539307,16.5836238861084,16.3613872528076,1.5761467218399,1.6974401473999,0.687569499015808,2.81193375587463,72.065071105957,64.1864166259766,55.0834083557129,70.4812927246094,0.155738517642021,0.0814018025994301,0.000644599320366979,0.0355752892792225,1.73388933825385e-30,2.78713362203984e-14,0.168883711099625,0.326291710138321,1305765.625,NA,NA
"FRL05",7.58626842498779,13.1319923400879,23.1017513275146,16.0673122406006,15.5154829025269,2.26731586456299,2.29291701316833,0.977185070514679,3.25111746788025,70.6280288696289,67.1898422241211,60.5746459960938,71.4770889282227,0.0759625136852264,0.0556423999369144,0.00633712159469724,0.0180671885609627,2.58070531231504e-30,3.60441225477626e-11,0.331003397703171,0.327056437730789,846411.5,NA,NA
"FRL06",5.9806432723999,12.610466003418,22.8341045379639,14.9217357635498,16.8534622192383,1.7240788936615,2.20278477668762,1.10515487194061,3.39991426467896,72.7798767089844,64.8877105712891,54.9852981567383,70.7034378051758,0.266160666942596,0.110529065132141,0.00657343305647373,0.0197408962994814,2.58792510457824e-30,0,0.553550541400909,0.0359516963362694,506050.5625,NA,NA
"FRM01",8.34973621368408,12.4423866271973,21.7948951721191,16.4157104492188,13.4451589584351,3.43613123893738,2.73804092407227,0.602494418621063,3.50086736679077,78.379753112793,73.4301376342773,67.0111465454102,76.6593780517578,0.0106411715969443,0.0163431018590927,0.00919928587973118,0.00389572721906006,0,5.50074256977506e-11,0,0.624241828918457,92587.40625,NA,NA
"FRM02",7.28172874450684,11.5053405761719,20.8628215789795,15.3751525878906,13.581093788147,2.70434141159058,2.41390037536621,0.673489332199097,3.01951193809509,76.7706451416016,73.2461242675781,69.7269897460938,76.5666427612305,0.0294227041304111,0.0262762252241373,0.00383377308025956,0.00307550095021725,0,2.30514232701928e-10,0.176990449428558,0.560320496559143,107518.5078125,NA,NA
"HR031",2.67533540725708,10.9986553192139,20.8510684967041,12.2987480163574,18.1757335662842,3.14641857147217,3.1731972694397,2.96389389038086,4.87389230728149,78.4902496337891,70.0998764038086,67.6054077148438,78.8893203735352,0.0266000926494598,0.0266098845750093,0.00247893459163606,0.00487584667280316,2.02271982479901e-24,0.0233404468744993,0.6463183760643,0.0153764244168997,131769.25,NA,NA
"HR032",0.958905160427094,9.71477699279785,19.7232666015625,10.8959665298462,18.7643604278564,3.54889631271362,3.51868963241577,2.36313366889954,4.74641799926758,79.4672775268555,69.4135437011719,64.3608245849609,78.2096328735352,0.0877004861831665,0.0351519621908665,0.0175474155694246,0.00470680557191372,2.41157673656259e-20,0.0118409404531121,0.756327509880066,0.00598328560590744,114833.6015625,NA,NA
"HR033",3.30734515190125,11.6098804473877,21.8464336395264,13.1162147521973,18.5390892028809,2.77593326568604,2.64113068580627,1.5376523733139,3.61002850532532,74.4087600708008,66.0352020263672,58.0622749328613,72.9494552612305,0.101450704038143,0.0462587922811508,0.0421518906950951,0.00366713316179812,5.94232834536093e-26,0.00507022254168987,0.571236550807953,0.00275881146080792,87839.8203125,NA,NA
"HR034",4.71181726455688,12.4471778869629,22.8445014953613,14.313666343689,18.132682800293,2.83327317237854,2.47507286071777,1.52138447761536,3.46353769302368,72.2494430541992,65.4386291503906,56.4453544616699,70.8930740356445,0.119860306382179,0.0897196158766747,0.0346713289618492,0.0115142343565822,1.94136832208096e-25,0.00246551260352135,0.553491413593292,0.00135646760463715,179212.9375,NA,NA
"HR035",5.35640096664429,12.5597944259644,23.21555519104,14.7625732421875,17.8591537475586,3.41737794876099,2.63275289535522,1.37526941299438,3.8220329284668,73.2893371582031,67.8355026245117,59.4061088562012,72.135612487793,0.148475542664528,0.138789176940918,0.0208855271339417,0.00625494820997119,4.58563395905656e-26,0.00176475499756634,0.440012514591217,0.0025965771637857,229293.359375,NA,NA
"HR036",5.90244483947754,13.523416519165,23.4737892150879,15.100414276123,17.5713443756104,2.44914031028748,2.64894938468933,2.51087045669556,3.97527313232422,72.8577651977539,67.8689956665039,65.1704788208008,74.3767623901367,0.125039845705032,0.0881503000855446,0.00132271589245647,0.012516007758677,2.96197568109382e-24,0.0235152021050453,0.470055967569351,0.0223524048924446,145127.765625,NA,NA
"HR037",7.34578704833984,14.1350708007812,24.6966552734375,16.5994434356689,17.3508682250977,4.30868482589722,2.82621359825134,1.36216044425964,4.2790470123291,72.0338668823242,68.1679077148438,59.8779830932617,71.8499984741211,0.0952825248241425,0.162792637944221,0.0146988732740283,0.00251522567123175,1.02463287923435e-25,0.0374237857758999,0.193240240216255,0.0180013999342918,38235.2265625,NA,NA
"HR041",2.64241409301758,13.2318677902222,22.8166465759277,12.9094381332397,20.1742324829102,1.96100580692291,2.29555606842041,2.98922395706177,3.21157717704773,80.5462265014648,65.1601333618164,63.1899909973145,78.0578308105469,0.215301960706711,0.0576004087924957,3.01280542771565e-05,0.0331667810678482,6.85359204992264e-37,0,0.693900763988495,0,142599.5,NA,NA
"HR042",2.55548000335693,13.1263198852539,22.7154636383057,12.8394708633423,20.159984588623,1.96864581108093,2.30466389656067,2.98210978507996,3.19789361953735,80.5266189575195,65.0959701538086,63.2152366638184,77.9941558837891,0.214111506938934,0.0600955113768578,3.88268344977405e-05,0.0279169790446758,1.39297326225545e-21,0.0495526157319546,0.620406568050385,0.0278455875813961,620074.625,NA,NA
"HR043",2.26333093643188,12.6387815475464,22.023193359375,12.5103187561035,19.7598648071289,1.82951247692108,2.31551551818848,3.3158073425293,3.24270606040955,79.911994934082,64.7480010986328,65.154541015625,78.5826263427734,0.237385556101799,0.0799852609634399,3.9366359487758e-06,0.017101526260376,1.27445550572331e-37,0.114366509020329,0.451229959726334,0.099927194416523,154471.78125,NA,NA
"HR044",2.722416639328,13.3263578414917,22.6848831176758,12.9977951049805,19.9624671936035,1.68470883369446,2.01047682762146,2.88543844223022,2.95425868034363,80.0957565307617,63.6943702697754,63.6792373657227,77.9916381835938,0.246369704604149,0.0380369648337364,1.2491857548369e-09,0.0148416869342327,0,0.322086989879608,0.0429100953042507,0.33575451374054,119456.6640625,NA,NA
"HR045",2.29049587249756,13.0794239044189,22.4683284759521,12.6898326873779,20.1778316497803,1.67686498165131,1.83875131607056,2.48185992240906,2.56434607505798,80.4004211425781,63.2491912841797,62.1946792602539,77.1389770507812,0.263116240501404,0.027251111343503,0.000148561768583022,0.00953675620257854,0,0.229041323065758,0.00509267346933484,0.46578660607338,107541.21875,NA,NA
"HR046",2.53321623802185,13.2476301193237,22.593635559082,12.8685073852539,20.0604190826416,1.63054132461548,1.87584173679352,2.69053912162781,2.7293484210968,80.1780014038086,63.344310760498,63.0072326660156,77.580924987793,0.252730816602707,0.0300409980118275,1.14478218904424e-07,0.013217493891716,0,0.279350429773331,0.0346784740686417,0.389981627464294,61958.22265625,NA,NA
"HR047",2.12710022926331,12.8457365036011,22.4725360870361,12.6214303970337,20.3454360961914,1.88363921642303,2.15223026275635,2.63450956344604,2.76531839370728,80.5949020385742,64.1755676269531,62.5256538391113,77.2210998535156,0.233083069324493,0.0552890636026859,0.000780246627982706,0.00734031153842807,0,0.429227560758591,0.00169446144718677,0.272410184144974,98495.2578125,NA,NA
"HR048",1.99386417865753,12.7229080200195,22.4527130126953,12.51535987854,20.4588508605957,1.78377032279968,1.97828304767609,2.47995114326477,2.40249466896057,81.3546676635742,64.6059875488281,62.6960678100586,77.5763702392578,0.270650416612625,0.0490529835224152,0.00077605084516108,0.00488602137193084,0,0.333605915307999,0,0.341028600931168,50407.19140625,NA,NA
"HR049",2.42796874046326,12.8211803436279,22.7288913726807,12.891697883606,20.3009204864502,1.90607631206512,2.20015454292297,2.47337913513184,2.49978542327881,81.1122589111328,64.9979629516602,63.1921577453613,77.2540740966797,0.262106031179428,0.0584224052727222,0.00088248954853043,0.0067712003365159,0,0.46638959646225,0.00878941267728806,0.196636334061623,71654.25,NA,NA
"HR04A",2.54924178123474,12.9435882568359,22.8735084533691,13.0195646286011,20.3242683410645,1.89986217021942,2.20254039764404,2.40628504753113,2.45189070701599,81.0821151733398,64.9502182006836,62.9820518493652,77.1150436401367,0.288955330848694,0.0550296753644943,0.000674295239150524,0.00843750685453415,0,0.450942873954773,0,0.195960327982903,92602.2578125,NA,NA
"HR04B",2.27819085121155,13.1485290527344,23.0099945068359,12.9507913589478,20.731803894043,1.60441637039185,1.90263342857361,2.10176038742065,2.05253911018372,81.5068740844727,64.3147430419922,61.644458770752,76.5828628540039,0.371419280767441,0.0320148579776287,0.00122762913815677,0.012387327849865,0,0.254380613565445,0,0.32857021689415,248988.875,NA,NA
"HR04C",2.60711908340454,13.3101673126221,23.4051418304443,13.3365821838379,20.798023223877,1.66010618209839,2.05480813980103,2.09557771682739,2.06173157691956,81.4527206420898,64.4181594848633,61.147102355957,75.5840072631836,0.450044691562653,0.0405909493565559,0.000379074801458046,0.0111368335783482,0,0.213968321681023,0,0.283805429935455,164346.109375,NA,NA
"HR04D",1.59220039844513,11.3830280303955,21.0270214080811,11.74329662323,19.4348220825195,2.88272881507874,3.24450063705444,3.11568808555603,4.19199180603027,81.6503219604492,68.9675064086914,67.3249969482422,80.4566955566406,0.110459722578526,0.0390771739184856,0.00115766027010977,0.00872302893549204,9.80898493840598e-20,0,0.839512288570404,0,184999.953125,NA,NA
"HR04E",2.6810142993927,12.965160369873,22.6865234375,12.9713172912598,20.0055084228516,2.26102781295776,2.61360740661621,2.75858092308044,3.12169480323792,80.7690734863281,66.3886642456055,64.6863555908203,78.3278732299805,0.179443657398224,0.0489694662392139,0.00190493604168296,0.00630661565810442,2.61365389059374e-20,0.0693286880850792,0.664317727088928,0.0296983309090137,225861.078125,NA,NA
"HU110",1.12143886089325,12.0494518280029,21.4545574188232,11.8030805587769,20.3331184387207,1.38943934440613,1.45597159862518,2.2253589630127,1.57583284378052,82.2780075073242,65.034797668457,63.0600662231445,75.5993347167969,0.364988833665848,0.0103778066113591,0.000292661919957027,0.0570495836436749,0,1.7105070355683e-06,0,0.567130446434021,263857.90625,NA,NA
"HU120",1.14737403392792,12.0748491287231,21.5182437896729,11.8433227539062,20.37087059021,1.36562883853912,1.45667994022369,2.17949867248535,1.57034087181091,82.2640228271484,64.8722229003906,62.6493988037109,75.2188186645508,0.42313626408577,0.0134004866704345,0.000241374422330409,0.0317908972501755,0,2.73287446361792e-06,0.00525027699768543,0.525947570800781,1881683,NA,NA
"HU211",1.58579099178314,12.4938859939575,22.0361633300781,12.1521463394165,20.4503726959229,1.34921503067017,1.51309967041016,1.99996113777161,1.64727306365967,82.2124633789062,65.1829223632812,62.7751884460449,76.3598403930664,0.502230107784271,0.0113062588497996,5.38814629180706e-06,0.0143192773684859,0,7.44973192468024e-07,0,0.459000587463379,503735.125,NA,NA
"HU212",1.30153357982635,12.0320749282837,21.5210475921631,11.7291622161865,20.2195148468018,1.44530868530273,1.59090602397919,2.0247688293457,1.67525625228882,81.8713760375977,65.3668060302734,62.8314170837402,75.7065048217773,0.448133200407028,0.0212807022035122,5.49514334124979e-05,0.017181484028697,0,8.94254117156379e-05,0,0.510645925998688,266041.5625,NA,NA
"HU213",1.84972012042999,12.5434560775757,22.0476779937744,12.1582384109497,20.1979560852051,1.43754804134369,1.66125380992889,2.26270079612732,2.00186729431152,81.6417083740234,64.8601684570312,62.3968658447266,76.8727493286133,0.399167835712433,0.020183926448226,0.000611452269367874,0.00779864611104131,0,5.06399373989552e-07,0,0.545262217521667,264994.46875,NA,NA
"HU221",1.87600207328796,12.5150480270386,22.0119247436523,12.1337490081787,20.1359214782715,1.2548336982727,1.61433851718903,2.13539218902588,1.82536160945892,79.9904861450195,63.880500793457,60.337085723877,74.9697418212891,0.488658100366592,0.0391838066279888,0.000761827104724944,0.0102197946980596,0,0.00492605566978455,0,0.446075528860092,378292.5625,NA,NA
"HU222",1.78138136863708,12.3536062240601,21.7100296020508,11.9868545532227,19.9286479949951,1.21630859375,1.65990829467773,2.53798937797546,2.05996060371399,79.9181594848633,63.6197624206543,61.8183135986328,76.6322860717773,0.465597689151764,0.0323434248566628,2.43597169173881e-05,0.010207612067461,0,2.86030626739375e-07,0.105549328029156,0.386277347803116,238642.109375,NA,NA
"HU223",2.11830186843872,12.9026317596436,22.3244590759277,12.4021921157837,20.2061576843262,1.35736286640167,1.55511224269867,2.37521290779114,2.19484925270081,80.244514465332,62.8838958740234,61.9428787231445,77.0500946044922,0.322844654321671,0.0279882289469242,0.000574765843339264,0.00772324530407786,0,0.0251677706837654,0.0277684796601534,0.570841014385223,198529.5625,NA,NA
"HU231",1.9905081987381,12.9197025299072,22.609619140625,12.5788993835449,20.6191120147705,1.6123126745224,1.77769029140472,2.19967865943909,2.00931811332703,81.6552200317383,64.0767059326172,62.0129814147949,76.9552536010742,0.413175046443939,0.023758864030242,0.000461065035779029,0.0116286976262927,0,0.0972457528114319,0,0.453730553388596,311570.46875,NA,NA
"HU232",2.0509569644928,12.9384031295776,22.4599285125732,12.4754886627197,20.408971786499,1.56631696224213,1.60893774032593,2.1643488407135,2.12019777297974,81.2681655883789,63.4162979125977,61.4746513366699,76.9067459106445,0.383134126663208,0.0212324038147926,0.000504915602505207,0.0061085014604032,0,0.0158679820597172,0,0.531696736812592,263215.125,NA,NA
"HU233",1.77436983585358,12.7774066925049,22.4361915588379,12.3735389709473,20.6618213653564,1.43644464015961,1.5440958738327,2.03826308250427,1.7516063451767,81.9762954711914,64.1892852783203,62.1132354736328,76.686149597168,0.531587541103363,0.0113409347832203,7.64401775086299e-05,0.00958986300975084,0,2.15178914686476e-07,0,0.435042798519135,267447.3125,NA,NA
"HU311",0.397393643856049,11.301082611084,20.4976043701172,11.1638031005859,20.1002101898193,1.34920156002045,1.72049832344055,2.47175431251526,1.60759234428406,81.6660537719727,65.2186126708984,64.0011138916016,75.021369934082,0.366766273975372,0.048052042722702,0.000227622440434061,0.0128620639443398,1.15617467599805e-06,0.00119093747343868,0.43280765414238,0.13588610291481,644531.75,NA,NA
"HU312",0.821032702922821,11.6693458557129,21.0865859985352,11.5154266357422,20.2655544281006,1.36756885051727,1.53535282611847,2.31083750724792,1.62306225299835,82.1099472045898,64.9437561035156,63.6268310546875,75.3730392456055,0.43215012550354,0.0368234068155289,4.67684112663846e-05,0.00984061788767576,0,3.07783864172961e-07,0.0897593721747398,0.43012860417366,286268.40625,NA,NA
"HU313",0.254446715116501,11.0396423339844,20.288818359375,10.9555521011353,20.0343704223633,1.52179050445557,1.69768881797791,2.46243572235107,1.69949328899384,82.6625137329102,66.9741897583008,66.6484832763672,77.1806640625,0.344821125268936,0.0461494661867619,5.99376726313494e-05,0.0276651792228222,0,4.45453935071782e-07,0.272179692983627,0.309124141931534,557506.4375,NA,NA
"HU321",1.37011659145355,12.4398937225342,21.8816242218018,12.1773662567139,20.5115070343018,1.36997640132904,1.60302233695984,2.11875534057617,1.50106966495514,82.1431427001953,63.9539527893066,61.1465530395508,73.2615737915039,0.50200617313385,0.0463749393820763,0.00155650591477752,0.011078143492341,0,0.0199686456471682,0,0.418584436178207,647474.375,NA,NA
"HU322",1.51350164413452,12.4959192276001,22.013858795166,12.30699634552,20.5003566741943,1.29479646682739,1.38006067276001,2.04675102233887,1.48931860923767,82.4255981445312,64.025016784668,60.566951751709,73.5242309570312,0.558324992656708,0.0352699011564255,0.00158895133063197,0.00702723581343889,0,1.1980415592916e-07,0,0.395864129066467,342239.3125,NA,NA
"HU323",0.875499784946442,12.0159902572632,21.2907104492188,11.7504167556763,20.415210723877,1.55353820323944,1.83828604221344,2.41918683052063,1.60176968574524,81.668327331543,64.8647918701172,63.5324554443359,73.5634994506836,0.44497412443161,0.102175042033195,0.000131472203065641,0.0128787374123931,4.30799773312174e-05,0.0253587905317545,0.124976858496666,0.289449870586395,613587,NA,NA
"HU331",1.8313490152359,12.8300323486328,22.5630855560303,12.5397071838379,20.7317390441895,1.35992658138275,1.4698052406311,2.09449076652527,1.6175684928894,82.4702529907227,64.0236511230469,61.227481842041,75.8084945678711,0.517302453517914,0.0149198649451137,0.00145253108348697,0.0082189030945301,0,0.0048674438148737,0,0.453234493732452,603369.75,NA,NA
"HU332",1.84698820114136,12.6792440414429,22.4418773651123,12.5884313583374,20.5948886871338,1.32446610927582,1.54381835460663,1.98509693145752,1.48754382133484,83.1025161743164,65.2560043334961,61.8965492248535,74.2370758056641,0.60204404592514,0.0463008619844913,0.00338275916874409,0.00705009838566184,0,0.0129082715138793,0,0.328120499849319,314572.59375,NA,NA
"HU333",2.10118579864502,12.9878368377686,22.8448066711426,12.8551340103149,20.7436199188232,1.30025565624237,1.44460356235504,1.95313537120819,1.50527548789978,82.9341278076172,64.4941558837891,60.6752395629883,74.6728973388672,0.596981346607208,0.0413518659770489,0.00261070975102484,0.0100587038323283,0,0.00617187609896064,0,0.342825531959534,349857.3125,NA,NA
"IEG11582",5.27117776870728,8.44558143615723,14.969708442688,10.4452152252197,9.69853115081787,3.09222030639648,2.50377416610718,2.03259658813477,3.41892790794373,86.765983581543,80.0973510742188,78.631217956543,85.396842956543,0.369135856628418,0.518252670764923,5.5243671859273e-09,0.0151454471051693,0,0,0.00891539547592402,0.0802420377731323,59414.16015625,NA,NA
"IEG11583",4.68362522125244,8.3268928527832,14.6263408660889,9.95024585723877,9.94271564483643,3.46766710281372,2.83678936958313,2.32288789749146,3.6569721698761,86.9398498535156,80.525276184082,80.0325012207031,85.6584548950195,0.0960625410079956,0.698583900928497,0.0201988313347101,0.00642583891749382,6.67866890263769e-12,0,0.170263364911079,0,90846.0078125,NA,NA
"IEG11584",5.62590932846069,8.89742374420166,14.9428119659424,10.7308502197266,9.31690311431885,4.37333965301514,2.82613325119019,2.51750016212463,4.2060055732727,86.0560531616211,80.6174621582031,81.137565612793,84.9281921386719,0.103414960205555,0.577427506446838,0.00105799862649292,0.0140307890251279,2.03693256706217e-10,9.15664905010161e-11,0.176088631153107,0.003570138476789,184358.046875,NA,NA
"IEG11585",5.9408106803894,8.73832321166992,14.8666095733643,10.8486242294312,8.92579936981201,4.93986654281616,3.30247235298157,2.61808180809021,4.57731294631958,86.9296722412109,81.9955215454102,81.7186813354492,85.8929901123047,0.148860469460487,0.504389643669128,0.0132025545462966,0.0110627636313438,4.37612376891217e-11,0,0.191836714744568,0.000472405139589682,387853.65625,NA,NA
"IEG11586",4.52667331695557,7.5397424697876,13.4220848083496,9.57535457611084,8.89541149139404,4.54687166213989,3.22145819664001,3.09178590774536,4.90309429168701,84.9095916748047,81.1801376342773,83.1106338500977,84.4820556640625,0.0818750709295273,0.295217245817184,0.0338528715074062,0.00361017975956202,5.7970681206776e-12,0,0.24705483019352,0.066614642739296,146844.40625,NA,NA
"IEG11587",5.38204765319824,8.52282905578613,15.0390510559082,10.5753364562988,9.65700340270996,3.04261374473572,2.68898034095764,2.04863739013672,3.48706364631653,85.1753158569336,79.860954284668,78.80908203125,84.1589889526367,0.167655348777771,0.249664172530174,6.2608119151264e-06,0.141510054469109,5.81446620451925e-13,0,0.196816802024841,0,651829.4375,NA,NA
"IEG11588",5.39523887634277,8.74135494232178,14.6754140853882,10.4576568603516,9.28017520904541,4.42124271392822,3.03722476959229,2.6083767414093,4.42578363418579,86.2257537841797,80.6300582885742,81.2434005737305,85.1061325073242,0.115789704024792,0.485229760408401,0.00517594069242477,0.00943242199718952,1.08326620243404e-11,0,0.264736741781235,0,228282.875,NA,NA
"IEG11589",5.98191022872925,8.67204666137695,14.4709577560425,10.8063182830811,8.48904800415039,5.83138513565063,3.71140742301941,3.01145553588867,5.39408922195435,87.0219421386719,82.1144027709961,82.7632293701172,86.1157913208008,0.101518757641315,0.451465368270874,0.0176508277654648,0.00495177786797285,2.3585405850568e-10,3.61587843000777e-11,0.264824420213699,0.00140981574077159,114930.8359375,NA,NA
"IEG11590",5.37353134155273,8.80734252929688,15.2737979888916,10.5702753067017,9.90026664733887,2.8322901725769,2.46607255935669,1.98905742168427,3.22735381126404,86.3905792236328,79.3735046386719,77.9736557006836,84.9725799560547,0.239611059427261,0.580948650836945,5.20679366289301e-09,0.0390325337648392,0,0,0.129431292414665,0.009850038215518,214606.359375,NA,NA
"IEG11591",5.30660009384155,8.59140205383301,15.0799922943115,10.4020051956177,9.77339267730713,3.01667881011963,2.35456895828247,2.02509999275208,3.38136124610901,86.4438247680664,80.3632965087891,79.2553863525391,85.0508575439453,0.167557492852211,0.625476181507111,4.14867118436746e-09,0.00988241750746965,1.42578379658254e-11,0,0.0970342680811882,0.00240977783687413,112332.4921875,NA,NA
"IEG11592",5.17350053787231,8.61813831329346,15.0691747665405,10.2961912155151,9.89567470550537,2.8910117149353,2.32248640060425,1.99616301059723,3.19307637214661,86.8419799804688,79.9013137817383,78.7058868408203,85.2579650878906,0.169475018978119,0.666768848896027,5.61553115119295e-09,0.0101388711482286,1.06822372128446e-11,0,0.149477511644363,0.00342054874636233,96732.8828125,NA,NA
"IEG11593",4.4351167678833,8.00511264801025,14.1314640045166,9.71096992492676,9.6963472366333,4.00324630737305,3.05903148651123,2.56613445281982,4.14292573928833,87.4837493896484,81.3588104248047,81.6056213378906,86.2791442871094,0.164313659071922,0.510736048221588,0.0412116758525372,0.00304887862876058,6.46980038987444e-11,0,0.248701557517052,0,54241.234375,NA,NA
"IEG11594",5.5698881149292,8.77265071868896,14.9506635665894,10.6539325714111,9.38077545166016,4.22941493988037,2.88604116439819,2.42432427406311,4.09311628341675,87.3554916381836,81.3377380371094,81.1306762695312,85.9881439208984,0.120563849806786,0.667110204696655,0.00218658032827079,0.0101078012958169,8.99200019999213e-11,0,0.182446494698524,0,141721.234375,NA,NA
"IEG11595",5.04557275772095,8.63347625732422,14.9547080993652,10.2323369979858,9.90913581848145,3.2059965133667,2.57291030883789,2.10900187492371,3.43869280815125,86.955192565918,80.1582489013672,79.5280380249023,85.5505752563477,0.098710834980011,0.724810659885406,1.67229996517193e-09,0.00363173498772085,1.15443050952013e-10,0,0.160942748188972,0,39998.80078125,NA,NA
"IEG11596",5.19429063796997,8.61603736877441,15.0612058639526,10.4357786178589,9.86691474914551,2.64862895011902,2.4497127532959,2.02263998985291,3.15801119804382,84.7404937744141,79.2452392578125,78.4987335205078,83.7360000610352,0.198242872953415,0.460784316062927,1.27774619613774e-05,0.0160692613571882,1.18712743628346e-12,0,0.0896981060504913,0,112143.109375,NA,NA
"IEG11597",5.17874622344971,8.23036193847656,13.8800363540649,10.1414003372192,8.70129108428955,4.76791286468506,3.19251275062561,2.70732498168945,4.86117458343506,85.2781753540039,81.1784744262695,82.9464950561523,84.5896682739258,0.149527311325073,0.325206726789474,0.0161745268851519,0.00511954957619309,1.22261827398273e-11,0,0.300606966018677,0,112970.4375,NA,NA
"IEG11598",5.24267864227295,8.76342105865479,15.213978767395,10.4618453979492,9.97130012512207,2.76842093467712,2.43068552017212,2.02767157554626,3.1702573299408,85.6665878295898,79.196647644043,78.093376159668,84.3808135986328,0.21792109310627,0.584449052810669,3.3865812838485e-06,0.0252624079585075,3.14009018440031e-13,0,0.104830451309681,0,298755,NA,NA
"IEG11599",4.55800819396973,8.20548343658447,14.5610523223877,9.84295558929443,10.0030450820923,2.96294736862183,2.67303538322449,2.14652562141418,3.35184288024902,86.616340637207,80.4723587036133,80.0309600830078,85.4505233764648,0.0682115107774734,0.778440952301025,8.00798982680817e-09,0.00728606851771474,9.3562886182337e-27,0,0.146061509847641,0,79339.4375,NA,NA
"IEG11600",6.10209655761719,8.5426549911499,14.2578001022339,10.7734746932983,8.1557035446167,7.05055141448975,4.52513933181763,3.56101608276367,6.38753128051758,87.2138748168945,82.5580825805664,83.3384780883789,86.5235214233398,0.101843290030956,0.156653076410294,0.0676245912909508,0.000471721083158627,2.2610980796034e-11,0,0.424990028142929,0,0.899384558200836,NA,NA
"IEG11601",5.2815408706665,8.76229953765869,15.0983572006226,10.365309715271,9.81681632995605,2.9065625667572,2.3597846031189,2.02176785469055,3.16943788528442,86.5099868774414,79.4575653076172,78.4519500732422,84.9300765991211,0.142189905047417,0.63401448726654,4.02244060282442e-09,0.011678053997457,4.48620394305488e-12,0,0.208300098776817,0,109948.984375,NA,NA
"IEG11602",5.01924657821655,8.54451751708984,14.6743383407593,10.1700277328491,9.65509128570557,3.61560344696045,2.70271587371826,2.26078796386719,3.69580698013306,87.1521530151367,80.6671905517578,80.6623229980469,85.7724609375,0.121715866029263,0.669634997844696,0.00255097472108901,0.0052086659707129,5.51626105904646e-11,0,0.195343390107155,0,75052.84375,NA,NA
"IEG11603",4.71841526031494,8.0935115814209,13.9622354507446,9.87565898895264,9.24382019042969,4.09054183959961,2.97093462944031,2.52843308448792,4.25496387481689,86.4564056396484,81.4719924926758,82.4451522827148,85.4707260131836,0.112913124263287,0.364412695169449,0.0312004461884499,0.00223689526319504,2.52004632439462e-11,0,0.241563633084297,0,45280.22265625,NA,NA
"IEG11604",5.24555587768555,8.51854419708252,14.9225873947144,10.3174171447754,9.67703056335449,3.56137561798096,2.62733316421509,2.24967765808105,3.6762068271637,87.4290313720703,80.9650955200195,80.098747253418,85.8538208007812,0.127485617995262,0.678424656391144,0.001941301045008,0.0051295212469995,1.84964057958759e-11,0,0.168473124504089,0,161187.890625,NA,NA
"IEG11605",5.4703426361084,8.58449172973633,15.0134286880493,10.5136032104492,9.54308605194092,3.51166343688965,2.62162709236145,2.20526671409607,3.78698086738586,86.0823516845703,80.8842391967773,79.9630355834961,84.8370742797852,0.15815857052803,0.551953494548798,0.000846163311507553,0.00894125271588564,1.03400630072081e-11,0,0.135736137628555,0.00127264519687742,85356.0703125,NA,NA
"IEG11606",5.1507740020752,8.74459648132324,15.0643663406372,10.3161659240723,9.91359233856201,2.98431849479675,2.45610952377319,2.08423781394958,3.24893927574158,86.5246734619141,79.6759796142578,78.7939071655273,85.0509185791016,0.104873739182949,0.703661859035492,8.24346813033117e-09,0.00999332033097744,1.67939100126357e-11,0,0.176504999399185,0,97308.0390625,NA,NA
"IEG11607",5.92531871795654,8.85281753540039,15.2614336013794,11.0487394332886,9.33611488342285,3.21098923683167,2.53813338279724,2.04385876655579,3.59412503242493,84.6228485107422,80.2618026733398,79.5295104980469,83.7991333007812,0.242679730057716,0.357094764709473,0.00072917650686577,0.0087160412222147,4.08823365785627e-14,0,0.0515852309763432,0.0194533355534077,102133.765625,NA,NA
"IEG11608",5.49074220657349,8.53702735900879,15.0394229888916,10.6708765029907,9.54868125915527,3.20224523544312,2.72059202194214,2.12961483001709,3.65365362167358,85.9588241577148,80.2191467285156,78.9611206054688,84.8233184814453,0.211936295032501,0.392008602619171,0.00104799156542867,0.076067253947258,0,0,0.147453039884567,0.0158253721892834,719231.75,NA,NA
"ITC11",1.23546588420868,8.74804496765137,18.7355098724365,10.5842399597168,17.5000438690186,1.28705322742462,2.96859455108643,2.31997275352478,2.32856750488281,67.8927154541016,69.2048645019531,67.4235687255859,73.9781188964844,0.199049308896065,0.106869757175446,0.050473041832447,0.0504157245159149,2.47729696518732e-28,0,0.583545029163361,0,1986305.5,NA,NA
"ITC12",2.86876916885376,11.6051921844482,21.8243198394775,12.7039937973022,18.9555492401123,1.34256374835968,3.29552674293518,2.59255266189575,2.77429032325745,71.7303924560547,67.7417678833008,65.5837020874023,74.25390625,0.305348932743073,0.0895116105675697,0.012255297973752,0.019690103828907,0,0,0.561930418014526,0,217757.59375,NA,NA
"ITC13",1.66318714618683,9.86142158508301,19.9059772491455,11.1623859405518,18.2427921295166,1.46402370929718,3.58841609954834,2.99994039535522,3.0548083782196,68.8745803833008,68.2298812866211,67.6565475463867,74.0583343505859,0.158184185624123,0.0983309596776962,0.0236557442694902,0.0236949902027845,0,0,0.675147593021393,0,101057.234375,NA,NA
"ITC14",-1.29667687416077,5.4997935295105,14.9138202667236,7.44541835784912,16.2104988098145,2.78983092308044,5.98518753051758,4.38253688812256,5.04237508773804,70.675537109375,71.1458892822266,71.98046875,77.0629577636719,0.0454465411603451,0.0874573141336441,0.102392613887787,0.0181582793593407,1.72160767900834e-14,0,0.71479743719101,0,241705.796875,NA,NA
"ITC15",3.45026135444641,12.348032951355,22.6616020202637,13.3445720672607,19.2113399505615,1.56822025775909,3.60116267204285,2.95615124702454,3.4285192489624,73.3348617553711,66.3423919677734,63.4765892028809,74.2282791137695,0.26508766412735,0.0577215179800987,0.00356447626836598,0.041594423353672,7.94203705621957e-14,0,0.607437193393707,0,467990.875,NA,NA
"ITC16",3.25716757774353,10.3219890594482,20.4973831176758,12.5595760345459,17.2402153015137,1.4409236907959,2.83702492713928,1.90757036209106,2.75856828689575,69.9194641113281,70.2687301635742,68.4316101074219,74.9528198242188,0.221587359905243,0.10065545886755,0.062224455177784,0.014963747933507,0,0,0.432196825742722,0.155320510268211,615388.375,NA,NA
"ITC17",4.50493621826172,13.533766746521,23.8327484130859,14.6458215713501,19.3278141021729,1.08500945568085,2.45448136329651,1.6572253704071,2.24503636360168,75.7258071899414,68.5949249267578,64.3759307861328,75.5281524658203,0.368729203939438,0.120705746114254,1.10461828572994e-09,0.0320973098278046,0,0,0.478267878293991,0,222215.46875,NA,NA
"ITC18",4.43354606628418,12.8649482727051,23.027042388916,14.2631940841675,18.5934963226318,1.65080034732819,2.51455283164978,1.58125245571136,3.07758545875549,75.8034210205078,68.2489776611328,63.2006340026855,75.4911117553711,0.349676072597504,0.0837831273674965,0.000370013964129612,0.0222984291613102,0,0,0.542849481105804,0,444728.9375,NA,NA
"ITC20",-3.42297077178955,2.65742945671082,12.1005916595459,5.18435525894165,15.5235633850098,2.40106821060181,3.20727443695068,2.85617399215698,2.58774375915527,67.1084289550781,71.6336975097656,71.9198837280273,75.4152069091797,0.0506273210048676,0.155214220285416,0.0773461312055588,0.00948671996593475,1.0848080056789e-26,0,0.630311906337738,0,103153.1640625,NA,NA
"ITC31",6.7162914276123,12.5992650985718,22.3419895172119,15.4597463607788,15.6256971359253,1.95256280899048,2.28847193717957,1.15172588825226,2.99060392379761,68.8614959716797,72.3254013061523,74.3361129760742,75.7091064453125,0.0667850747704506,0.104456163942814,0.0163876544684172,0.0208346601575613,0,1.26292545865603e-10,0.37019482254982,0.192617833614349,78220.609375,NA,NA
"ITC32",5.97185564041138,12.8849439620972,22.8645515441895,15.1419086456299,16.8926963806152,1.84372437000275,2.6128888130188,1.23262667655945,3.08528447151184,71.850959777832,72.5139617919922,72.6516723632812,76.6797714233398,0.0224231295287609,0.0549055747687817,2.82165328826522e-05,0.0300054289400578,0,1.38868569421469e-10,0.580264270305634,0.0358013175427914,183144.203125,NA,NA
"ITC33",4.62034559249878,12.0873537063599,22.2688808441162,14.0236492156982,17.6485347747803,2.33376479148865,2.64852786064148,1.4435760974884,4.07070589065552,73.7759552001953,70.3870620727539,68.6942825317383,76.4269943237305,0.0901922136545181,0.0489421859383583,0.000829904107376933,0.0317561849951744,0,1.23541787910852e-10,0.275233805179596,0.222801327705383,212446.140625,NA,NA
"ITC34",5.98424100875854,12.4687194824219,22.2858943939209,14.8075122833252,16.3016529083252,3.64260601997375,3.42621278762817,1.57175850868225,5.09620428085327,74.7159118652344,71.6454849243164,70.7765655517578,77.9717407226562,0.0217679459601641,0.0349251925945282,0.00122132641263306,0.0191643871366978,0,0,0.657244980335236,0.0318698845803738,93555.015625,NA,NA
"ITC41",3.12243366241455,11.8637742996216,22.0428524017334,12.7922248840332,18.9204196929932,1.84848344326019,4.4031229019165,3.89681077003479,4.38503313064575,74.1350784301758,65.7282180786133,64.0076293945312,74.8470077514648,0.125304639339447,0.0441195257008076,0.00781769119203091,0.0718318372964859,2.15532967992246e-13,0,0.68518328666687,0,757582.4375,NA,NA
"ITC42",1.38008451461792,9.32719230651855,19.1238212585449,10.6440010070801,17.7437362670898,1.90891587734222,4.31037950515747,4.28780269622803,4.4420952796936,72.9012985229492,67.1657257080078,66.4642715454102,76.020133972168,0.0649892166256905,0.0638704746961594,0.0396134369075298,0.15588553249836,1.95169774167957e-14,0,0.6307293176651,0,1037243.8125,NA,NA
"ITC43",1.93210244178772,10.1374683380127,20.0462760925293,11.3080606460571,18.1141738891602,1.82613170146942,4.15020275115967,4.10753917694092,4.3282585144043,72.9218215942383,66.801628112793,65.8105163574219,75.8006973266602,0.0689114853739738,0.0559317916631699,0.0305001866072416,0.192702099680901,1.94633343881107e-27,0,0.608847081661224,0,777325.0625,NA,NA
"ITC44",-4.91022348403931,0.607953369617462,9.63957595825195,3.44418025016785,14.5497999191284,2.14203763008118,4.00934886932373,4.30593538284302,4.0531063079834,69.6982879638672,70.7749862670898,73.4129409790039,77.1266937255859,0.0162713713943958,0.126842603087425,0.133526206016541,0.00747407134622335,7.79133757221571e-26,0,0.687297821044922,0,128355.828125,NA,NA
"ITC46",1.11271917819977,9.6283130645752,19.7580032348633,10.8421936035156,18.64528465271,1.7283593416214,3.60314512252808,3.56682109832764,3.81346964836121,71.7689208984375,68.9191818237305,68.267204284668,76.6008911132812,0.150766879320145,0.0863738879561424,0.0193097330629826,0.0729884430766106,1.51519071700766e-26,0,0.66360878944397,0,1283810.625,NA,NA
"ITC47",0.219110459089279,8.73102760314941,18.8751392364502,10.064751625061,18.6560287475586,1.7632964849472,3.20033597946167,3.19901943206787,3.47622799873352,73.6729125976562,68.4496307373047,67.2460632324219,76.4450912475586,0.192820847034454,0.0793429017066956,0.0273221377283335,0.0380599834024906,3.56554895417751e-34,0,0.634513437747955,0,1089252.375,NA,NA
"ITC48",4.01193237304688,12.99485206604,23.4708957672119,14.1624031066895,19.4589614868164,1.57491719722748,2.60743045806885,1.78059995174408,2.94584512710571,76.5633697509766,66.0322341918945,60.0200271606445,74.7176742553711,0.420321315526962,0.0587723702192307,0.000732050801161677,0.0539846979081631,0,0,0.46345716714859,0,1357206,NA,NA
"ITC49",4.23069715499878,14.0185632705688,24.7388343811035,14.8438282012939,20.5081386566162,1.54985797405243,2.4204409122467,1.86721515655518,2.82773733139038,77.5011596679688,65.7239608764648,59.0696411132812,74.8525390625,0.494046717882156,0.0812349170446396,1.32264366126122e-09,0.0648037567734718,0,0,0.35575008392334,0,377604.78125,NA,NA
"ITC4A",3.96238255500793,14.1646356582642,24.9524211883545,14.8516130447388,20.9900379180908,1.63480997085571,2.37231302261353,1.92059993743896,2.88396096229553,77.9815902709961,65.9804611206055,59.6571922302246,75.1513366699219,0.525742948055267,0.0762562528252602,7.15443411536398e-06,0.0319288671016693,3.18214356373507e-35,2.90264526000329e-17,0.346122801303864,0.016509648412466,424254.875,NA,NA
"ITC4B",3.65721535682678,14.2364902496338,24.9810314178467,14.7083473205566,21.3238143920898,1.44115579128265,2.07503366470337,1.94454181194305,2.55128192901611,78.2017517089844,65.5979385375977,59.271785736084,74.6956558227539,0.473887383937836,0.065544955432415,0.0016620543319732,0.0464718006551266,7.39376322307221e-33,6.71065905647221e-18,0.319819450378418,0.0689084976911545,693543.25,NA,NA
"ITC4C",4.04836988449097,13.2956132888794,23.7973651885986,14.1837959289551,19.7489967346191,1.52517127990723,3.07098817825317,2.53252410888672,3.27044796943665,75.6671752929688,65.3671798706055,60.3242263793945,74.4638824462891,0.334891319274902,0.0476700849831104,0.000832803722005337,0.123874358832836,3.46906849763278e-14,0,0.469297885894775,0,1303543.75,NA,NA
"ITC4D",3.62392354011536,12.573281288147,22.801383972168,13.3220844268799,19.1774597167969,1.63065218925476,3.83373284339905,3.66582131385803,4.08540391921997,73.393310546875,65.5095901489258,63.5942611694336,75.0189743041992,0.0861364975571632,0.0326288379728794,0.00281741470098495,0.262558490037918,4.93038065763132e-32,0,0.570102453231812,0,514471.0625,NA,NA
"ITF11",4.7434868812561,10.9626264572144,21.6734027862549,13.9373006820679,16.9299163818359,2.75209093093872,2.0400505065918,1.26867377758026,2.91364526748657,78.9422073364258,71.7141189575195,65.977180480957,77.0482330322266,0.172872021794319,0.104584872722626,0.0034821426961571,0.0143283037468791,0,5.66503554881733e-15,0.407793939113617,0.293868780136108,324585,NA,NA
"ITF12",5.17366600036621,11.7799301147461,22.470531463623,14.4469985961914,17.2968654632568,2.32461500167847,1.71558701992035,1.50004899501801,2.51279234886169,77.4983749389648,70.276725769043,67.1991424560547,76.6224822998047,0.342698127031326,0.0599927268922329,0.00103066710289568,0.0272415149956942,0,1.45755550209168e-16,0.000452157139079645,0.463091909885406,266496.34375,NA,NA
"ITF13",5.12061023712158,11.5086698532104,22.2159271240234,14.3846130371094,17.0953178405762,2.48958587646484,1.80196058750153,1.33206701278687,2.63297033309937,78.3198394775391,70.0402603149414,64.5260238647461,76.3218612670898,0.270485043525696,0.0862168148159981,0.0032979529350996,0.022975055500865,0,0,0,0.531751751899719,143033.09375,NA,NA
"ITF14",6.74685096740723,13.1681613922119,23.7667007446289,15.9922866821289,17.0198497772217,2.36927032470703,1.72847485542297,1.26597797870636,2.68129634857178,77.099006652832,68.9819869995117,63.7044525146484,75.6319046020508,0.306880384683609,0.110336266458035,1.29853694463833e-09,0.0255897454917431,0,2.07293765486227e-11,0,0.364538967609406,334895.375,NA,NA
"ITF21",4.89229345321655,11.1756248474121,22.1158542633057,14.1658315658569,17.223560333252,2.97430682182312,2.12805080413818,1.31836330890656,3.17779755592346,79.7231216430664,72.3551483154297,68.5631866455078,78.354118347168,0.182001024484634,0.169873043894768,3.00577540635061e-09,0.0091895954683423,0,1.41662994269237e-12,0.00702143181115389,0.630501568317413,83306.1796875,NA,NA
"ITF22",7.11769008636475,13.3658456802368,24.0960388183594,16.3511562347412,16.9783477783203,2.39704585075378,1.66141390800476,0.9028080701828,2.53328609466553,78.2453994750977,68.8830413818359,62.2042694091797,74.8943557739258,0.467030763626099,0.164416611194611,1.49097231769701e-05,0.0130700012668967,0,1.53757825915868e-10,0,0.314771980047226,213469.09375,NA,NA
"ITF31",8.28549957275391,14.2184019088745,24.5668563842773,17.2568588256836,16.2813587188721,3.5257830619812,2.27628827095032,0.841041922569275,3.60494136810303,78.3425521850586,73.2225799560547,70.0805969238281,77.5009765625,0.32109546661377,0.120210744440556,6.30860197414762e-10,0.0381731688976288,0,5.62443217000386e-11,0,0.415233254432678,742277.125,NA,NA
"ITF32",7.40195894241333,13.5322484970093,24.1061668395996,16.5767555236816,16.7042083740234,3.188889503479,2.16335296630859,0.959524929523468,2.94045495986938,80.5055541992188,71.3885650634766,63.8348388671875,76.7403945922852,0.469803631305695,0.137400195002556,1.941437455244e-09,0.0193884987384081,0,0,0,0.373383432626724,247749.375,NA,NA
"ITF33",9.67019367218018,14.9429874420166,24.9470291137695,18.3733959197998,15.276834487915,3.10073304176331,1.75615894794464,0.745403289794922,3.33919143676758,76.4182281494141,74.0972747802734,71.798698425293,75.7033843994141,0.0833885744214058,0.0264867302030325,1.44003897348255e-11,0.224381417036057,0,0,0,0.253395110368729,1213754.875,NA,NA
"ITF34",6.8002142906189,12.7004728317261,23.2410507202148,15.908670425415,16.4408359527588,2.90972280502319,1.8594274520874,0.880025386810303,2.84318566322327,79.1601791381836,70.8683624267578,63.3048248291016,75.2621688842773,0.380083382129669,0.124519944190979,1.02088881792639e-09,0.042564794421196,0,0,0,0.395558297634125,494979.125,NA,NA
"ITF35",7.1131100654602,12.6248769760132,22.9672794342041,16.0684032440186,15.8541698455811,3.35313606262207,1.93451702594757,0.746794044971466,3.21167659759521,79.4771728515625,72.9001235961914,67.9960479736328,76.5993576049805,0.190624684095383,0.11810440570116,0.000929768779315054,0.0289988107979298,0,1.72874714543525e-10,0,0.522017240524292,677204.6875,NA,NA
"ITF43",9.58132553100586,15.0435161590576,25.4923191070557,18.3014869689941,15.9109935760498,2.26648497581482,1.43530011177063,0.573804199695587,2.50642156600952,76.6868057250977,69.352294921875,59.9577140808105,74.9248428344727,0.285652875900269,0.223126605153084,9.25446965993615e-06,0.0286376345902681,0,1.85321993861898e-10,0,0.234371483325958,313301.625,NA,NA
"ITF44",10.3510408401489,15.6240005493164,25.9574489593506,18.9666805267334,15.606409072876,2.30562686920166,1.34386050701141,0.515710949897766,2.55960440635681,76.2467269897461,69.8039398193359,61.5693130493164,75.5790100097656,0.21077036857605,0.21382749080658,3.24980874211178e-06,0.0268932208418846,0,1.29754399499221e-12,0,0.201128244400024,193695.15625,NA,NA
"ITF45",10.5610809326172,15.7526798248291,26.1120338439941,19.1267890930176,15.5509519577026,2.47171235084534,1.35038447380066,0.503377258777618,3.26790928840637,75.0588302612305,70.6904678344727,63.1112480163574,75.0811996459961,0.188784375786781,0.163866281509399,0.000451270141638815,0.0359806902706623,0,0,0,0.307831883430481,488276.125,NA,NA
"ITF46",8.26218223571777,14.3804111480713,25.2018203735352,17.4156131744385,16.9396381378174,1.74480640888214,1.27597010135651,0.77111291885376,2.04312658309937,76.3173446655273,64.8312149047852,54.6073341369629,71.393928527832,0.406524062156677,0.123705044388771,6.73650865792297e-05,0.0135959647595882,0,2.01899651511295e-12,0,0.315955102443695,448200.78125,NA,NA
"ITF47",8.81855773925781,14.5820007324219,25.0588302612305,17.6881866455078,16.2402725219727,2.32598114013672,1.45669257640839,0.65942370891571,2.35736584663391,76.7518157958984,67.6402053833008,58.0694160461426,74.0287780761719,0.324647396802902,0.244450584053993,2.75221934131764e-09,0.0340320281684399,0,5.45735722237706e-12,0,0.260270655155182,589022.75,NA,NA
"ITF48",9.14527225494385,14.9701013565063,25.5483703613281,18.0552616119385,16.4031009674072,2.23382997512817,1.34921288490295,0.71728527545929,2.10646080970764,75.5572738647461,65.9669494628906,56.4901428222656,72.0178375244141,0.292585492134094,0.21588958799839,3.8576231098375e-09,0.0271144043654203,0,3.0042199290257e-16,0,0.205607905983925,251261.390625,NA,NA
"ITF51",6.14629554748535,12.0314140319824,22.5540637969971,15.3269910812378,16.4077682495117,2.58011412620544,1.58494567871094,0.79191780090332,2.42004418373108,79.9694366455078,69.9798431396484,61.2486953735352,74.7357788085938,0.340352535247803,0.157507970929146,0.00123682385310531,0.0146366292610765,0,1.67471869705338e-10,0,0.468864142894745,369949.5,NA,NA
"ITF52",8.31845092773438,13.9867315292358,24.4958457946777,17.2527523040771,16.1773948669434,2.31786489486694,1.41395008563995,0.670457124710083,2.22316741943359,77.4722061157227,67.884521484375,57.8980903625488,73.1458206176758,0.378595471382141,0.195767357945442,2.38892616799546e-09,0.0151348831132054,0,2.35965302852748e-10,0,0.327182859182358,148301.296875,NA,NA
"ITF61",8.93109035491943,13.8842420578003,24.3758525848389,17.7548274993896,15.4447631835938,3.77716183662415,1.88211417198181,0.546905219554901,3.17538261413574,79.0549850463867,72.7722778320312,67.5083847045898,75.9361877441406,0.165906623005867,0.0835921168327332,8.36511680972762e-05,0.0160972997546196,0,2.44377268421303e-10,0,0.571373999118805,447841.375,NA,NA
"ITF62",9.56886959075928,14.4011039733887,24.8894500732422,18.3993034362793,15.3205823898315,3.7317419052124,1.7591028213501,0.361438721418381,3.40642094612122,76.8065490722656,70.9522018432617,64.408088684082,74.8351058959961,0.186056450009346,0.0951284617185593,0.000309129012748599,0.0109921311959624,0,1.5172627043647e-11,0,0.4497449696064,62132.04296875,NA,NA
"ITF63",10.0516538619995,14.6123380661011,24.9527320861816,18.8031349182129,14.9010782241821,4.1980185508728,1.96147763729095,0.444534480571747,3.42078351974487,78.8016128540039,74.4466934204102,70.0334930419922,76.9751586914062,0.168049335479736,0.0980729684233665,8.78646678756922e-05,0.0187988337129354,0,1.31195151964469e-10,0,0.435805529356003,185029.140625,NA,NA
"ITF64",10.7888927459717,15.114501953125,25.3263702392578,19.4523792266846,14.5374765396118,4.19250535964966,1.94004511833191,0.428295403718948,3.35555052757263,78.6629257202148,76.7192077636719,73.6087646484375,77.9971084594727,0.158681184053421,0.113489039242268,2.48400855440423e-10,0.0170217249542475,0,0,0,0.415845781564713,81715.71875,NA,NA
"ITF65",11.3831405639648,15.4962368011475,25.7841491699219,19.9251346588135,14.401008605957,3.06818890571594,1.43669760227203,0.259666621685028,2.87868595123291,78.7331924438477,74.8908615112305,69.3381576538086,77.5839996337891,0.0850008279085159,0.0530747547745705,9.08869535187762e-10,0.0261612925678492,0,1.49726221004842e-11,0,0.393258959054947,362597.375,NA,NA
"ITG11",12.3021049499512,16.1603946685791,25.9817657470703,20.8848056793213,13.6796607971191,2.65438938140869,1.24779760837555,0.145359143614769,2.60184454917908,77.177375793457,71.3566970825195,63.171028137207,74.3572769165039,0.206518337130547,0,0.258090883493423,0.0135104916989803,0,3.19882077233881e-15,0,0.198337748646736,172057.8125,NA,NA
"ITG12",10.6228857040405,14.6333885192871,24.9706726074219,19.321626663208,14.3477869033813,2.9157726764679,1.4857771396637,0.314347177743912,2.60667848587036,80.7800521850586,72.1715545654297,61.2643280029297,75.5645599365234,0.409643918275833,0,0.234037607908249,0.0261588357388973,0,3.0241316619124e-15,0,0.236573651432991,493378.6875,NA,NA
"ITG13",10.805272102356,14.922233581543,25.2652187347412,19.4603233337402,14.4599485397339,2.72347664833069,1.30280125141144,0.33249232172966,2.43958139419556,79.7273712158203,73.4028701782227,66.4720916748047,76.9503402709961,0.135899692773819,0.123894281685352,0.0328966118395329,0.025360306724906,0,2.81781403765891e-10,0,0.345237076282501,312021.90625,NA,NA
"ITG14",11.7108182907104,15.6070022583008,25.7723026275635,20.3935852050781,14.0614833831787,2.67127776145935,1.23120474815369,0.234214887022972,2.4136004447937,79.7195205688477,71.4122467041016,62.2429962158203,75.7396087646484,0.361992329359055,0,0.19711434841156,0.0143978986889124,0,1.54962538941982e-15,0,0.171385005116463,242254.25,NA,NA
"ITG15",11.3719577789307,15.3576755523682,25.5905265808105,20.079439163208,14.2185697555542,2.4372227191925,1.0823165178299,0.270984888076782,2.12049674987793,80.1341323852539,70.4749069213867,60.6672973632812,75.8569412231445,0.432275205850601,0,0.209635198116302,0.0165893249213696,0,1.77406423884939e-15,0,0.223864197731018,181981,NA,NA
"ITG16",10.0924110412598,14.1917104721069,24.6503467559814,18.8293037414551,14.5579357147217,2.42825293540955,1.13925230503082,0.328703254461288,1.99072885513306,80.6155471801758,71.0502014160156,61.2127494812012,75.8726959228516,0.373204737901688,0.0729256868362427,0.169418767094612,0.0132115008309484,0,1.76027104845718e-15,0,0.341629862785339,185483.859375,NA,NA
"ITG17",10.662859916687,14.8685674667358,25.2106971740723,19.4509906768799,14.5478372573853,2.32424807548523,0.93742573261261,0.228434428572655,2.06557607650757,79.7183685302734,70.951904296875,61.4487686157227,76.2259140014648,0.3144271671772,0.102487593889236,0.11456073820591,0.0251813884824514,0,7.9589412715721e-16,0,0.345816731452942,427208.78125,NA,NA
"ITG18",12.436821937561,16.3104972839355,26.313570022583,21.118803024292,13.8767471313477,2.39686226844788,0.749289274215698,0.118827491998672,2.12363886833191,78.6308898925781,71.3302307128906,61.9950675964355,76.7563400268555,0.318199843168259,0,0.112638413906097,0.0163912568241358,0,5.35922616167243e-16,0,0.156191721558571,135208.25,NA,NA
"ITG19",12.2760515213013,16.2876758575439,26.2706470489502,20.994047164917,13.9945945739746,2.31107378005981,0.794205963611603,0.129062443971634,2.19139695167542,78.2751312255859,70.0269546508789,58.7783317565918,76.0596008300781,0.254138112068176,0,0.148079380393028,0.0177624318748713,0,7.78970885327102e-16,0,0.173818483948708,183413.40625,NA,NA
"ITG25",10.0354204177856,14.1304836273193,24.064733505249,18.2621841430664,14.0293121337891,2.94384694099426,1.86009049415588,0.443355679512024,2.44620108604431,79.75048828125,75.0197143554688,65.9136581420898,76.001953125,0.263628154993057,0.177805081009865,0.0152480220422149,0.00941844843327999,0,1.89392640459474e-10,0,0.311195909976959,233889.03125,NA,NA
"ITG26",9.24709033966064,13.3385276794434,23.7623386383057,17.5333938598633,14.5152492523193,3.05001378059387,1.95712804794312,0.478459715843201,2.35593271255493,80.6608352661133,73.3820648193359,60.8332176208496,75.4457397460938,0.186823308467865,0.149088397622108,0.0195627771317959,0.00619251886382699,0,2.32657518250967e-10,0,0.511662423610687,101864.96875,NA,NA
"ITG27",10.498288154602,14.7539844512939,24.9315528869629,19.1378993988037,14.4332647323608,2.60690665245056,1.67487275600433,0.323410868644714,2.25443959236145,79.166374206543,70.5758590698242,58.583911895752,74.3554153442383,0.139487013220787,0.0729583203792572,0.0374069176614285,0.0165173467248678,0,3.88576913701311e-11,0,0.492276787757874,373477.65625,NA,NA
"ITG28",10.1675329208374,14.3222570419312,24.4022808074951,18.5983390808105,14.2347478866577,3.01893758773804,1.84491562843323,0.414393544197083,2.50701785087585,80.4981155395508,73.8667144775391,62.8280868530273,75.3638610839844,0.331016898155212,0.197289049625397,0.0122577250003815,0.00795217044651508,0,3.13126746753767e-10,0,0.355434358119965,115413.0234375,NA,NA
"ITG29",9.46188068389893,13.5081443786621,23.6668682098389,17.6017799377441,14.2049856185913,2.74856376647949,1.9057776927948,0.437363803386688,2.35517930984497,78.549674987793,73.8000564575195,65.3309478759766,75.6876983642578,0.112953752279282,0.112489782273769,0.022654514759779,0.00552697386592627,0,1.05301364849986e-10,0,0.498035579919815,99543.546875,NA,NA
"ITG2A",10.0727243423462,14.3484516143799,24.6793174743652,18.6319484710693,14.606593132019,2.69019722938538,1.71689701080322,0.422769993543625,2.24945783615112,80.0202941894531,71.9036407470703,58.5651168823242,75.2051239013672,0.101501643657684,0.115846805274487,0.0180544257164001,0.00672165770083666,0,1.15152817836695e-11,0,0.537841260433197,32478.7265625,NA,NA
"ITG2B",10.4535341262817,14.691162109375,24.7334022521973,19.049446105957,14.2798671722412,2.66839170455933,1.65983700752258,0.301649868488312,2.30862021446228,79.9903717041016,72.4703598022461,61.1836395263672,74.7942733764648,0.300255089998245,0.156618729233742,0.0131096290424466,0.0110773295164108,0,8.95895684027703e-12,0,0.416383355855942,76647.9765625,NA,NA
"ITG2C",10.5482845306396,14.914475440979,24.9845638275146,19.3484268188477,14.4362783432007,2.22017097473145,1.33478009700775,0.181546121835709,1.93852996826172,79.9835891723633,71.1274795532227,59.3329544067383,74.6472244262695,0.16568323969841,0.10837384313345,0.0159941241145134,0.0101582240313292,0,1.17359733042832e-10,0,0.451832175254822,75595.3984375,NA,NA
"ITH10",-4.95148086547852,1.44350814819336,10.4203014373779,3.7737512588501,15.3717823028564,1.32418417930603,2.17537832260132,3.79255294799805,2.54504299163818,71.6578979492188,70.1782608032227,72.6855926513672,76.4215393066406,0.0228019151836634,0.149451524019241,0.0949913039803505,0.00954488012939692,0,0,0.6937655210495,0,431741.28125,NA,NA
"ITH20",-3.11527967453003,4.00395345687866,13.3500318527222,5.92246627807617,16.465311050415,1.402299284935,2.83922290802002,3.53324460983276,3.14513325691223,70.1527786254883,68.6150894165039,70.967887878418,75.6490707397461,0.0367062240839005,0.0907532200217247,0.0412889383733273,0.017203152179718,0,0,0.78444504737854,0,642818.4375,NA,NA
"ITH31",2.26953506469727,12.095344543457,22.4693775177002,12.7616729736328,20.1998424530029,1.48271822929382,2.45760345458984,2.5290892124176,2.7908627986908,76.1381759643555,66.5017700195312,62.6218910217285,75.1768417358398,0.334964692592621,0.0622298456728458,0.00413133576512337,0.0330742932856083,2.57937329501393e-33,0,0.521986663341522,0,672247.625,NA,NA
"ITH32",1.6256240606308,10.9150247573853,20.9390659332275,11.6400690078735,19.313440322876,1.52702736854553,2.66641473770142,3.03580045700073,3.14063906669617,74.5041427612305,68.263053894043,66.7970352172852,76.3536987304688,0.249680206179619,0.0674702674150467,0.00816783308982849,0.047862321138382,0,0,0.625660121440887,0,748851.9375,NA,NA
"ITH33",-3.59181904792786,3.23780632019043,12.5766429901123,5.44597101211548,16.1684627532959,1.60298681259155,2.97156858444214,3.79470491409302,3.46054029464722,74.5964126586914,73.7390975952148,75.5889205932617,79.6266632080078,0.0504090338945389,0.107794642448425,0.0612063780426979,0.0112369107082486,0,0,0.768277168273926,0,235035.171875,NA,NA
"ITH34",3.21146965026855,12.4228782653809,22.2220554351807,13.1097888946533,19.0105857849121,1.74342119693756,2.97882103919983,3.3383150100708,3.47458100318909,75.8549346923828,69.7241058349609,67.9415283203125,76.985481262207,0.431402534246445,0.0629639029502869,0.00178910524118692,0.0636264383792877,0,0,0.414178192615509,0,933068.875,NA,NA
"ITH35",5.1013503074646,14.2678594589233,24.1898975372314,15.1109828948975,19.0885467529297,1.71579360961914,2.71658539772034,2.87475609779358,3.17068886756897,76.3042449951172,69.2555313110352,66.3475036621094,75.8518829345703,0.409640073776245,0.0500680729746819,0.000903743377421051,0.0386464893817902,0,0,0.250252664089203,0.000184213946340606,508735.375,NA,NA
"ITH36",3.71149826049805,13.4914703369141,23.7486763000488,14.1438598632812,20.0371780395508,1.47243666648865,2.29815769195557,2.44692301750183,2.58783435821533,77.6607971191406,67.3722686767578,63.3862113952637,75.6241149902344,0.428565114736557,0.0536138489842415,0.0011121747083962,0.0558052659034729,0,0,0.423544228076935,0,751821.875,NA,NA
"ITH37",4.58576345443726,14.4478778839111,24.7830238342285,15.1968564987183,20.1972618103027,1.30445170402527,1.81905019283295,1.89401483535767,2.127934217453,78.0181503295898,66.4770889282227,61.1152572631836,74.462646484375,0.42002335190773,0.0605453364551067,0.00046320486580953,0.0348577946424484,0,0,0.207780718803406,0.104568019509315,372033.9375,NA,NA
"ITH41",1.58870041370392,10.0213956832886,19.5222225189209,11.2604312896729,17.933521270752,2.17146730422974,3.52844572067261,3.76181864738464,4.05622386932373,74.8936309814453,71.6981582641602,72.1234664916992,78.3437576293945,0.232707172632217,0.0963957831263542,0.0253169555217028,0.0106550361961126,0,0,0.597526729106903,0,227888.015625,NA,NA
"ITH42",1.13953602313995,9.27075958251953,18.7955703735352,10.7344541549683,17.6560344696045,2.90704607963562,4.09991264343262,4.44348335266113,5.31830024719238,74.9587020874023,70.8245391845703,70.8847808837891,78.0299377441406,0.172235995531082,0.0900460034608841,0.0344358198344707,0.0158891677856445,0,0,0.596847891807556,0,455400.3125,NA,NA
"ITH43",5.68298006057739,13.9470958709717,23.7733612060547,15.0956239700317,18.0903816223145,2.73392176628113,3.42813038825989,3.40389561653137,4.5879430770874,73.9945831298828,68.6756362915039,67.1270294189453,75.9375839233398,0.200922712683678,0.092464305460453,0.000545328832231462,0.0287609342485666,0,0,0.352673709392548,0,58276.375,NA,NA
"ITH44",4.87286233901978,12.9489431381226,22.6458034515381,14.1317586898804,17.7729396820068,3.23609590530396,3.77696442604065,3.82026147842407,5.18045330047607,75.3350982666016,69.2235870361328,68.8336715698242,77.4716644287109,0.0886162146925926,0.139271035790443,1.88196103145799e-09,0.045807670801878,0,0,0.506203651428223,0,47506.91796875,NA,NA
"ITH51",3.36696624755859,11.7513465881348,22.0139579772949,13.2517604827881,18.6469917297363,2.02910685539246,2.82718706130981,1.75623631477356,3.50825786590576,76.8187103271484,67.6233139038086,63.488338470459,76.7586517333984,0.270140886306763,0.0937215462327003,0.00141999684274197,0.0173734556883574,0,4.08009484119741e-18,0.614652454853058,0.00193009222857654,306201.1875,NA,NA
"ITH52",3.67580103874207,12.3955116271973,22.7720623016357,13.7847604751587,19.0962600708008,2.20624756813049,2.81073021888733,1.63883566856384,3.49065160751343,77.1394195556641,67.2892074584961,62.9902610778809,76.5923080444336,0.30205711722374,0.0825869664549828,0.000331885268678889,0.0254433732479811,0,5.15825806581569e-16,0.24423822760582,0.317278474569321,518343.90625,NA,NA
"ITH53",3.35274887084961,12.3384943008423,22.8693332672119,13.6476526260376,19.5165843963623,2.04994463920593,2.31635475158691,1.61729753017426,2.93558692932129,77.7535629272461,67.0287551879883,62.7714958190918,76.3151550292969,0.321329742670059,0.0680436715483665,0.000222441463847645,0.048516396433115,0,1.21776497458652e-16,0,0.555714666843414,662104.125,NA,NA
"ITH54",3.27801394462585,12.1492166519165,22.7211856842041,13.5052251815796,19.443172454834,2.01835083961487,2.03209018707275,1.77026569843292,2.71863031387329,77.9864349365234,66.7469100952148,62.453742980957,76.2339248657227,0.32899335026741,0.0750814974308014,0.00112521136179566,0.0351103581488132,0,5.71730364912157e-17,0,0.55811607837677,588928.5625,NA,NA
"ITH55",3.80175685882568,12.7629241943359,23.3197364807129,14.0247735977173,19.5179805755615,1.83650696277618,2.04907178878784,1.71596384048462,2.60671663284302,78.0353164672852,65.3979568481445,59.9650573730469,75.1476287841797,0.338870018720627,0.0716118067502975,0.000495748012326658,0.0325303710997105,0,1.27597614921627e-15,0,0.554756343364716,724318.125,NA,NA
"ITH56",4.95808792114258,14.8985462188721,25.3269824981689,15.7102174758911,20.3688926696777,1.18379521369934,1.45453131198883,1.53311836719513,1.88830864429474,78.1339721679688,64.9180526733398,58.6416282653809,73.5538482666016,0.471351891756058,0.07797010242939,6.65498878227311e-10,0.0197135601192713,0,0,0,0.29006490111351,328836.25,NA,NA
"ITH57",5.05815362930298,14.0825309753418,24.3731021881104,15.3487205505371,19.3149471282959,1.5610682964325,1.73931908607483,1.59466528892517,2.38503980636597,77.8922500610352,64.5992202758789,58.3668060302734,74.5037612915039,0.390762537717819,0.0824877321720123,0.000408823892939836,0.0287130251526833,0,0,0,0.373733758926392,333899.40625,NA,NA
"ITH58",4.29897260665894,12.4012880325317,22.74928855896,14.1051025390625,18.4503154754639,1.76820862293243,1.83606159687042,1.56599748134613,2.63897728919983,78.4724731445312,66.1457443237305,60.4357490539551,76.0353469848633,0.30770218372345,0.0801160857081413,0.000769951846450567,0.0260821860283613,0,0,0,0.501929104328156,369087.6875,NA,NA
"ITH59",4.57991361618042,12.1912136077881,22.7007694244385,14.0805101394653,18.1208572387695,1.88275492191315,1.76483511924744,1.48255372047424,2.73092555999756,78.6091156005859,67.3694229125977,61.429630279541,76.3011856079102,0.321568310260773,0.0674281045794487,0.00120026955846697,0.0244551114737988,0,1.30637417550261e-10,0,0.419186234474182,103114.390625,NA,NA
"ITI11",4.00980281829834,10.469614982605,20.4416961669922,12.861439704895,16.4318943023682,3.34381532669067,3.12894105911255,1.55703961849213,4.60663843154907,75.855842590332,71.4431533813477,70.2560882568359,78.4588165283203,0.0271802954375744,0.0400547906756401,0.000576199206989259,0.0192911401391029,0,0,0.312132835388184,0.482197165489197,117890.734375,NA,NA
"ITI12",4.71432018280029,11.2680559158325,21.2038841247559,13.6911182403564,16.4895629882812,2.56262016296387,2.45439839363098,1.50579595565796,3.57419896125793,76.508918762207,71.6107635498047,70.8066940307617,78.2787017822266,0.153699651360512,0.0578441694378853,0.000364733830792829,0.0356568619608879,0,0,0.219578355550766,0.426815986633301,308589.90625,NA,NA
"ITI13",4.82968282699585,11.8418979644775,21.9636936187744,14.0623235702515,17.1340103149414,2.44072103500366,2.35385084152222,1.75257301330566,3.2802267074585,77.5055770874023,70.8131103515625,69.0400085449219,78.2556533813477,0.278583735227585,0.0840280577540398,0.000837475119624287,0.0377890691161156,0,1.17772771240328e-16,0.282341152429581,0.316397190093994,213131.21875,NA,NA
"ITI14",5.03495454788208,12.4044666290283,22.690990447998,14.3484935760498,17.6560363769531,2.26379752159119,2.28761005401611,1.70853459835052,3.00259780883789,77.9961547851562,69.3403930664062,65.378288269043,77.2219619750977,0.266497284173965,0.0836320072412491,0.000251815683441237,0.0542490147054195,0,4.39802481983127e-16,0.0653422847390175,0.529628694057465,1191741.5,NA,NA
"ITI15",4.7753529548645,12.317494392395,22.6882743835449,14.1545219421387,17.9129219055176,2.3244137763977,2.36081624031067,1.7797749042511,3.03771257400513,77.8362731933594,68.7353973388672,64.3871612548828,76.8680038452148,0.244837194681168,0.0833680182695389,0.000174024651641957,0.0597382113337517,0,1.14376732928144e-15,0.00920921191573143,0.602446258068085,127436.171875,NA,NA
"ITI16",8.91866207122803,14.299654006958,23.9029731750488,17.4369850158691,14.9843111038208,1.98975384235382,1.91607666015625,0.99645209312439,2.70677542686462,74.3436584472656,73.2905349731445,73.4524383544922,75.9907684326172,0.141576319932938,0.0626125931739807,0.00483125355094671,0.0164339356124401,0,0,0.0515407435595989,0.31317737698555,65194.6796875,NA,NA
"ITI17",7.13816213607788,13.4266843795776,23.2632217407227,16.0213413238525,16.1250610351562,2.12181568145752,2.21940636634827,1.37781703472137,3.00375294685364,76.4731674194336,72.1301193237305,71.1824340820312,77.5577850341797,0.269577294588089,0.0888140052556992,0.00546681974083185,0.0326687470078468,0,1.2967365373582e-19,0.23396609723568,0.290802448987961,387919.75,NA,NA
"ITI18",4.16587829589844,10.9408760070801,21.34299659729,13.1894388198853,17.1771183013916,2.04890489578247,2.02319383621216,1.46096074581146,2.92567801475525,79.0226593017578,69.1855010986328,63.9658660888672,77.6897735595703,0.267515301704407,0.08782759308815,0.000526544346939772,0.0143356770277023,0,1.13469596541273e-18,0.178469687700272,0.44720995426178,272442.59375,NA,NA
"ITI19",6.88478803634644,13.3525390625,23.5872058868408,15.7076072692871,16.7024192810059,2.09268927574158,2.03423261642456,1.3093535900116,2.90956997871399,78.1122665405273,69.8275299072266,64.5531921386719,77.163444519043,0.347952514886856,0.123465843498707,0.000967091065831482,0.0155089516192675,0,4.05635131654579e-16,0.121536038815975,0.381427973508835,297479.46875,NA,NA
"ITI1A",8.27623271942139,14.1907749176025,24.2621002197266,17.1172485351562,15.9858655929565,2.01584434509277,1.82644534111023,0.8857581615448,2.64295220375061,76.6096115112305,72.1865615844727,68.6693115234375,76.8979568481445,0.30755826830864,0.127287343144417,0.00180179090239108,0.00952425133436918,0,7.16305487147295e-11,0,0.368363380432129,172482.359375,NA,NA
"ITI21",5.10473966598511,11.7366533279419,22.4786128997803,14.1387786865234,17.373872756958,2.21013832092285,2.04415273666382,1.34134316444397,3.00355648994446,79.02783203125,69.116340637207,61.5542068481445,76.1162872314453,0.302307188510895,0.0703782513737679,0.00129956007003784,0.0176565386354923,0,2.13992212838576e-10,0.17828343808651,0.413860738277435,621002.625,NA,NA
"ITI22",6.90096855163574,13.3798913955688,23.9521636962891,15.9044961929321,17.0511951446533,2.3481616973877,2.12992715835571,1.2335033416748,3.10178828239441,78.8373184204102,70.2425994873047,62.2637252807617,76.31591796875,0.381629168987274,0.0743509456515312,0.00118443567771465,0.0132365189492702,0,2.37776381917243e-10,0,0.523074805736542,176815.828125,NA,NA
"ITI31",4.6485424041748,11.9812803268433,22.6161270141602,14.0390148162842,17.9675846099854,2.06558656692505,1.86806523799896,1.50355994701385,2.86996650695801,78.912841796875,68.0944900512695,61.660774230957,76.331428527832,0.413642764091492,0.0669590830802917,0.000753006315790117,0.0198950134217739,0,2.60329396928327e-10,0.00959136243909597,0.416934549808502,317416.375,NA,NA
"ITI32",5.78501653671265,12.8942947387695,23.3992824554443,15.129843711853,17.6142654418945,1.96644473075867,1.77637147903442,1.45307922363281,2.62303280830383,77.4391326904297,68.2466125488281,60.6252250671387,74.753288269043,0.367541044950485,0.0501421242952347,4.49469739205455e-10,0.0215245317667723,0,2.96439331415321e-11,0.0689951255917549,0.254817456007004,208297.75,NA,NA
"ITI33",4.88334608078003,11.6168422698975,22.3893146514893,14.0808258056641,17.5059680938721,1.96235394477844,1.79301822185516,1.45924603939056,2.56704258918762,77.9203262329102,68.8397827148438,61.288387298584,75.2344512939453,0.403190732002258,0.0627143159508705,0.000602214655373245,0.0135234640911222,0,2.90310761541512e-11,0,0.458593785762787,256737.359375,NA,NA
"ITI34",4.23212432861328,10.7090845108032,21.4412479400635,13.4686994552612,17.2091236114502,2.23406219482422,1.77620625495911,1.49434244632721,2.60644865036011,77.4822998046875,70.2689514160156,66.2841491699219,76.3706130981445,0.256261199712753,0.0526567585766315,0.00221365387551486,0.0192367881536484,0,5.61567676041208e-12,0,0.581089496612549,126901.28125,NA,NA
"ITI35",6.24776792526245,13.0894412994385,23.5897560119629,15.5197315216064,17.3419857025146,1.90593695640564,1.5899760723114,1.48631417751312,2.23179483413696,75.8089447021484,69.9926986694336,63.6578598022461,74.4900588989258,0.304460793733597,0.0370559431612492,0.000849949603434652,0.0200546626001596,0,4.11525986898642e-11,0,0.295917928218842,94142.1796875,NA,NA
"ITI41",8.28702545166016,14.2809524536133,24.7011184692383,17.204475402832,16.4140930175781,2.6495099067688,2.17839527130127,0.961567997932434,3.62773275375366,78.1014251708984,72.1759490966797,66.6254043579102,77.5000839233398,0.39008241891861,0.102747514843941,0.00134592689573765,0.00988539773970842,0,4.39132974774936e-12,0,0.363392651081085,317431.84375,NA,NA
"ITI42",5.12885761260986,11.3396577835083,22.1495132446289,14.2198848724365,17.0206546783447,2.58294367790222,2.19994878768921,1.31992864608765,3.21392607688904,77.5878295898438,70.7889251708984,63.6309661865234,75.7751998901367,0.23670107126236,0.0690026804804802,0.00222081993706524,0.0130495857447386,0,5.67397379080958e-11,0.198992177844048,0.476965188980103,261506.875,NA,NA
"ITI43",8.64149856567383,14.5632257461548,24.8053283691406,17.5805511474609,16.1638298034668,3.00900149345398,2.22517728805542,0.915732383728027,4.47311496734619,77.2973022460938,72.60791015625,67.2851867675781,76.8321990966797,0.336362600326538,0.0836982801556587,0.000680822704453021,0.088838055729866,0,2.91517656368645e-12,0.0639638751745224,0.304123669862747,2702063.25,NA,NA
"ITI44",9.48128032684326,15.1368942260742,25.1425437927246,18.2690887451172,15.6612634658813,3.18883228302002,2.0147819519043,0.814646065235138,3.50371217727661,77.9057693481445,73.4780426025391,69.0656280517578,77.5195236206055,0.223150596022606,0.0834007486701012,0.000330531591316685,0.0514821857213974,0,6.49986522938129e-11,0.0401092357933521,0.229499563574791,682907,NA,NA
"ITI45",8.42691612243652,14.719612121582,24.8040447235107,17.5186729431152,16.3771286010742,3.34899115562439,2.24256753921509,1.08936560153961,3.41201901435852,78.6590347290039,72.8786926269531,67.8413238525391,77.5813217163086,0.234525889158249,0.112784720957279,0.00178749056067318,0.0238070022314787,0,4.60139044922148e-11,0.46602076292038,0.0679186135530472,343304.96875,NA,NA
"LI000",-0.715117573738098,6.61388492584229,15.2879371643066,8.01793003082275,16.0030555725098,3.57226920127869,4.32207632064819,5.73152875900269,3.7073061466217,77.2138748168945,73.2788848876953,76.6479263305664,79.3788070678711,0.111281588673592,0.172649428248405,0.0841521918773651,0.041111171245575,0.000696058676112443,0,0.586732983589172,0,38023.078125,NA,NA
"LT011",-1.86928808689117,8.13395118713379,17.9628849029541,8.64046001434326,19.8321743011475,2.12925100326538,2.05592751502991,3.01529836654663,2.10598659515381,86.2208557128906,72.7476272583008,75.1751098632812,84.3195877075195,0.306483387947083,0.089793786406517,0.00245267245918512,0.0156210465356708,0.000111522858787794,0.100778587162495,0.0938311293721199,0.381532520055771,755434.875,NA,NA
"LT021",-1.45795226097107,8.38277912139893,18.0913028717041,9.02263927459717,19.5492534637451,2.08004927635193,2.00768446922302,2.96665692329407,1.97736132144928,86.0529861450195,73.2708053588867,74.9991760253906,83.7720489501953,0.282632142305374,0.0838642045855522,0.000414900103351101,0.00757295684888959,0,0.200768321752548,0,0.406455993652344,171281.046875,NA,NA
"LT022",-1.37012624740601,8.28286457061768,18.0256881713867,9.00636005401611,19.3958148956299,2.0873556137085,1.9420667886734,2.88718676567078,2.10711979866028,85.4225311279297,72.1196594238281,74.6269149780273,83.4806671142578,0.424434095621109,0.0816740319132805,0.00142374413553625,0.0122481221333146,7.05281081536668e-06,0.0388562753796577,0.0178579017519951,0.415657103061676,401192.28125,NA,NA
"LT023",-0.0829168856143951,7.86111497879028,17.8288955688477,10.0043535232544,17.9118118286133,2.8628203868866,1.84501647949219,2.91179013252258,3.33933758735657,85.4336853027344,75.2368011474609,75.9932632446289,82.7747421264648,0.325438469648361,0.0834882408380508,0.00676786154508591,0.0121558392420411,0.000467561883851886,0.0476383715867996,0.390647113323212,0.0210452694445848,240916.09375,NA,NA
"LT024",-1.11907291412354,8.37159824371338,17.975133895874,9.17505359649658,19.0942077636719,2.07247686386108,1.91875529289246,2.9053258895874,2.04488039016724,85.7242202758789,73.0300369262695,75.0933151245117,83.4557189941406,0.49879315495491,0.101338468492031,0.00213314220309258,0.0116159897297621,7.91671300248709e-06,0.0192227251827717,0.020007437095046,0.342155665159225,194588.75,NA,NA
"LT025",-1.71509349346161,7.91622686386108,17.835033416748,8.70652770996094,19.5501270294189,1.97564709186554,1.86220180988312,2.88966059684753,2.11863470077515,84.7432861328125,70.9637985229492,73.9649658203125,83.4096908569336,0.413264572620392,0.0847789794206619,0.00299476063810289,0.00695677986368537,7.11464890628122e-05,0.134216800332069,0.0228563770651817,0.331808477640152,181660.1875,NA,NA
"LT026",-1.17278802394867,7.85284948348999,17.8080291748047,9.05423450469971,18.9808177947998,1.89060974121094,1.73491811752319,2.71111059188843,2.17063570022583,85.8600234985352,72.483024597168,74.8163375854492,83.9468841552734,0.464233487844467,0.0965316072106361,0.00208044238388538,0.00749712670221925,8.67362468852662e-05,0.0419304631650448,0.141592517495155,0.244331255555153,216544.71875,NA,NA
"LT027",-0.907862722873688,8.16477966308594,17.8905258178711,9.3100118637085,18.7983875274658,2.64495372772217,2.01912474632263,2.99312734603882,2.65381097793579,86.4042205810547,73.837158203125,75.7341003417969,84.0210723876953,0.386941820383072,0.0952936038374901,0.00197944114916027,0.00496141519397497,0.000201934060896747,2.06454464635186e-10,0.468253612518311,0.0409695841372013,105561.640625,NA,NA
"LT028",-0.742735087871552,7.69468450546265,17.6662940979004,9.34376049041748,18.409029006958,2.66788172721863,1.89779555797577,2.86612486839294,2.94696617126465,86.8174057006836,74.2715759277344,76.1272583007812,84.4856262207031,0.35651022195816,0.0901956260204315,0.0040789213962853,0.00604305323213339,0.000409629778005183,0,0.53864198923111,0,101488.3984375,NA,NA
"LT029",-2.17486906051636,7.72859716415405,17.6944160461426,8.32472801208496,19.8692836761475,2.05032920837402,1.97511565685272,3.00292563438416,2.13995170593262,85.6676559448242,72.0656280517578,75.1990814208984,84.5224380493164,0.299302071332932,0.0764586851000786,0.0080628888681531,0.00355602102354169,0.000235112951486371,0.0863787159323692,0.198977306485176,0.301275342702866,115034.859375,NA,NA
"LU000",2.38427829742432,9.98111152648926,18.3930625915527,10.8011522293091,16.0087852478027,2.98162341117859,2.49302530288696,2.17310857772827,2.31235980987549,87.6254806518555,74.7229080200195,72.2453155517578,82.692985534668,0.309929579496384,0.145829543471336,0.000126946077216417,0.0728139504790306,6.99394098191419e-10,0,0.471299976110458,0,528571,NA,NA
"LV003",-0.0560508705675602,7.13121795654297,17.4816150665283,9.7483081817627,17.5376682281494,2.31330943107605,1.64714157581329,2.706218957901,2.9191575050354,84.9888534545898,75.1730651855469,76.3227767944336,82.7820892333984,0.167577847838402,0.0836298912763596,0.0167453270405531,0.00365268508903682,8.96057681529783e-05,0.52465808391571,0.0412702411413193,0.0624178051948547,207147.921875,NA,NA
"LV005",-2.7921347618103,7.24700736999512,17.6587810516357,7.90860176086426,20.4509162902832,2.00346565246582,1.87092566490173,2.89466023445129,2.09461259841919,85.1968688964844,71.412841796875,75.5227508544922,84.8670806884766,0.176286831498146,0.107292525470257,0.0098471287637949,0.00413024565204978,0.000164999029948376,0.499512016773224,0.0468946509063244,0.127491354942322,204423.65625,NA,NA
"LV006",-1.00586092472076,7.61440229415894,17.8904666900635,9.15454387664795,18.8963279724121,1.97664296627045,1.67540490627289,2.86812305450439,2.43100380897522,84.7944488525391,72.7569046020508,74.8265686035156,83.1607284545898,0.111964963376522,0.0716490224003792,0.00727466959506273,0.0188522916287184,0,0.512930393218994,0,0.103900924324989,65794.328125,NA,NA
"LV007",-1.27682316303253,7.33627605438232,17.7496433258057,8.95656108856201,19.0264663696289,2.23593878746033,1.74599540233612,2.93404817581177,2.58975315093994,85.6313781738281,73.1977233886719,75.6936798095703,84.0456314086914,0.135826840996742,0.0898949429392815,0.00855755992233753,0.00736895808950067,0.000652658171020448,0.424722969532013,0.187172904610634,0.0670472085475922,477334.125,NA,NA
"LV008",-2.38994479179382,6.95654582977295,17.4302749633789,8.08592987060547,19.8202209472656,2.24347519874573,1.85094547271729,2.95211577415466,2.36249661445618,86.1552810668945,72.060920715332,75.8453750610352,85.2110366821289,0.124572418630123,0.0928536206483841,0.00632505398243666,0.0052009648643434,0.00089334393851459,0.417257964611053,0.260008156299591,0.0838895961642265,182899.125,NA,NA
"LV009",-1.61582660675049,7.55829000473022,17.6608066558838,8.69665050506592,19.2766342163086,2.07769393920898,1.80585837364197,2.87215614318848,2.27929878234863,85.218391418457,71.9458389282227,74.8445587158203,83.9886093139648,0.238927185535431,0.110243424773216,0.00852430146187544,0.00681616691872478,0.000794150808360428,0.27216300368309,0.245586156845093,0.109245538711548,406734.90625,NA,NA
"MC",7.41840934753418,12.721134185791,22.3822860717773,15.7857418060303,14.9638757705688,2.77640342712402,2.78148150444031,1.23406732082367,3.95065116882324,70.0404357910156,71.963264465332,73.0095291137695,75.6705932617188,0.00383889256045222,0.0285976808518171,0.0103379720821977,0.0491222366690636,1.57772181044202e-29,0,0.572482645511627,0,6470.22412109375,NA,NA
"MEG125350",-2.16403889656067,6.56756973266602,17.7017612457275,8.44897842407227,19.8657989501953,5.65725183486938,3.6440908908844,1.57279849052429,5.42218494415283,80.7550811767578,72.5629501342773,65.2670593261719,76.7346496582031,0.118757151067257,0.075775496661663,0.0583447627723217,0.00337487831711769,0,0,0.743747711181641,0,8837.99609375,NA,NA
"MEG125351",6.33771562576294,14.1444568634033,25.452335357666,16.2945823669434,19.1146202087402,5.92601776123047,3.54666256904602,1.11585795879364,6.02081155776978,72.9249038696289,67.6877059936523,60.0456466674805,70.9216918945312,0.184968546032906,0.278435409069061,0.00263015180826187,0.0207862388342619,0,0.000741451280191541,0.227433264255524,0.0225911606103182,78915.3671875,NA,NA
"MEG125352",-2.04963088035583,6.78395318984985,17.8925151824951,8.60016345977783,19.9421463012695,5.03676557540894,3.33472084999084,1.53363454341888,4.85954236984253,80.6679992675781,72.0158233642578,65.1786346435547,76.6632995605469,0.121334217488766,0.11353949457407,0.06267499178648,0.00717450398951769,0,0,0.695276737213135,0,30195.572265625,NA,NA
"MEG125353",-0.360907226800919,8.66160011291504,19.6302909851074,10.2935829162598,19.9911956787109,3.61389255523682,2.89333319664001,1.81508505344391,3.77613592147827,80.6726379394531,71.6224594116211,67.21875,76.8637390136719,0.202281609177589,0.137015610933304,0.0151378866285086,0.00424164300784469,1.30564542603618e-21,0,0.641323268413544,0,29193.044921875,NA,NA
"MEG125355",3.22743511199951,11.1590909957886,22.0923728942871,13.2008781433105,18.8649368286133,7.47057676315308,4.51657581329346,1.49580192565918,7.18444395065308,74.6074371337891,69.3437194824219,62.3297958374023,73.2944412231445,0.163556486368179,0.191982328891754,0.062950000166893,0.0091906925663352,0,9.23243632655613e-08,0.225440174341202,0.0888345167040825,42838.94140625,NA,NA
"MEG125356",0.339418023824692,8.54361438751221,19.7673606872559,10.65318775177,19.4279441833496,6.86641311645508,4.30696964263916,1.55951321125031,6.52551460266113,77.9149932861328,70.5549240112305,62.5133361816406,74.6868286132812,0.157194256782532,0.181408047676086,0.112265840172768,0.00346405548043549,0,1.77969283754464e-09,0.519732534885406,0.00171242060605437,12210.8037109375,NA,NA
"MEG125357",3.65950965881348,11.4974327087402,22.4022922515869,13.5767164230347,18.7427825927734,7.08729457855225,4.29014539718628,1.52421474456787,6.8176383972168,74.1215515136719,69.3446350097656,62.3978652954102,73.332160949707,0.147295251488686,0.192532852292061,0.0561288893222809,0.00613245461136103,0,0.00016513375157956,0.213458374142647,0.0693041756749153,5323.13623046875,NA,NA
"MEG125358",-1.03043246269226,7.40271806716919,18.6017093658447,9.43417072296143,19.6321411132812,6.4160737991333,4.08394527435303,1.58990585803986,6.10215187072754,79.3888168334961,71.5089797973633,63.6290588378906,75.6732940673828,0.134007528424263,0.136570632457733,0.10308051109314,0.0016173553885892,0,0,0.624723970890045,0,12965.8837890625,NA,NA
"MEG125359",2.07538914680481,10.033932685852,20.9867153167725,12.0869493484497,18.9113273620605,7.89064407348633,4.79124975204468,1.59633946418762,7.44099235534668,75.463981628418,69.7214279174805,62.6082420349121,74.0175399780273,0.188690274953842,0.185864090919495,0.0897515490651131,0.00712679279968143,0,6.45391580178512e-08,0.301734745502472,0.0620995871722698,7351.81005859375,NA,NA
"MEG125360",-1.11972284317017,7.4709267616272,18.5471897125244,9.37672996520996,19.6669120788574,5.2193922996521,3.58905076980591,1.69681251049042,5.15492963790894,80.1231536865234,71.7736206054688,65.2472305297852,76.3007431030273,0.144202098250389,0.121576935052872,0.0619235821068287,0.00239568995311856,3.92182767010478e-21,0,0.669901728630066,0,5371.6103515625,NA,NA
"MEG125361",0.484177768230438,8.53056621551514,19.6260089874268,10.6288108825684,19.1418304443359,7.66994380950928,4.77373647689819,1.6834214925766,7.16478538513184,77.2048797607422,70.2230453491211,62.6457366943359,74.812744140625,0.20720186829567,0.186547636985779,0.116766363382339,0.0048782373778522,0,0,0.480657249689102,0,48150.84765625,NA,NA
"MEG125362",-1.99641025066376,6.82929182052612,17.9372444152832,8.65031242370605,19.9336547851562,5.02490949630737,3.32228660583496,1.52120411396027,4.85984563827515,80.5284576416016,71.8654556274414,64.9962387084961,76.517936706543,0.122894898056984,0.116122201085091,0.0606669373810291,0.00752442749217153,0.00654809828847647,0,0.685967266559601,0,21718.029296875,NA,NA
"MEG125363",-1.06497812271118,7.57720375061035,18.4562397003174,9.37441635131836,19.5212154388428,3.59485387802124,2.97738599777222,1.88902819156647,3.92751097679138,80.8538055419922,71.7274856567383,67.0428085327148,76.8431396484375,0.142701879143715,0.106547556817532,0.0127691384404898,0.00252537755295634,0.00107376137748361,0,0.734382331371307,0,15759.6689453125,NA,NA
"MEG125364",-1.01032900810242,7.22894763946533,18.1471157073975,9.24623107910156,19.1574459075928,5.10280084609985,3.86604833602905,1.92921328544617,5.33835172653198,80.0559234619141,70.8774185180664,63.5849533081055,75.3189849853516,0.104843355715275,0.106733784079552,0.0734816193580627,0.00144452089443803,6.71452969648541e-23,0,0.71339213848114,0,6249.1884765625,NA,NA
"MEG125365",3.16580533981323,11.2347135543823,22.5362739562988,13.3500280380249,19.3704681396484,6.10036945343018,3.7534830570221,1.30716359615326,6.02356624603271,75.7671661376953,69.2694091796875,61.3957405090332,72.896614074707,0.17027473449707,0.22510589659214,0.0446936003863811,0.0133662596344948,0.00205131038092077,2.93203616941184e-09,0.415841400623322,0.00282120541669428,127696.796875,NA,NA
"MEG125366",-1.66764855384827,7.50640916824341,18.529411315918,9.10493755340576,20.1970596313477,2.96510601043701,2.3018057346344,1.40287518501282,2.9810094833374,80.3772506713867,70.189079284668,64.8834228515625,76.4251022338867,0.129938453435898,0.239624932408333,0.0771326497197151,0.019860589876771,0,0,0.53344339132309,0,40402.375,NA,NA
"MEG125367",-0.792548358440399,7.60946655273438,18.6910514831543,9.60436820983887,19.4836006164551,5.53153324127197,3.80243420600891,1.7256110906601,5.47511148452759,79.6244812011719,71.3439483642578,64.4473876953125,75.8225402832031,0.139444217085838,0.139894679188728,0.0804970040917397,0.00146029936149716,4.81810896385831e-21,0,0.63869708776474,0,5437.62939453125,NA,NA
"MEG125369",6.96026515960693,15.0293416976929,25.9489116668701,16.9181022644043,18.9886455535889,4.99967622756958,3.07145071029663,1.03563857078552,5.1750316619873,71.3814468383789,67.4440307617188,61.9768028259277,70.8502578735352,0.106311701238155,0.136391758918762,0.000357372598955408,0.00856471993029118,0,0.0200335923582315,0.0930545851588249,0.0482347384095192,14449.6435546875,NA,NA
"MEG125370",-1.22114133834839,7.38896179199219,18.2749404907227,9.21071624755859,19.4960803985596,3.69354104995728,3.02796864509583,1.87969863414764,4.03125524520874,80.9106750488281,71.9711074829102,67.1151580810547,76.9501342773438,0.144046679139137,0.106770388782024,0.0137073453515768,0.00254763592965901,1.32662790432728e-20,0,0.732927978038788,0,5231.671875,NA,NA
"MK001",1.82907748222351,11.7866630554199,22.8850116729736,13.0508556365967,21.0559368133545,1.67011439800262,1.59958004951477,1.01934707164764,1.98175036907196,77.2420196533203,62.2912063598633,50.0095481872559,68.9708023071289,0.180084124207497,0.333722710609436,0.154713645577431,0.00745045952498913,0,0.128208145499229,0,0.195820927619934,215302.8125,NA,NA
"MK002",1.51236391067505,11.3717861175537,22.1403484344482,12.7186479568481,20.6279850006104,1.58329999446869,1.7127845287323,1.30903220176697,1.89242780208588,76.8011779785156,64.5382232666016,55.6062774658203,70.5612869262695,0.165376767516136,0.319134324789047,0.0855874046683311,0.00300823338329792,0,0.166755959391594,0,0.260137289762497,128576.0078125,NA,NA
"MK003",0.674818217754364,9.65039253234863,20.6565418243408,11.3747930526733,19.9817218780518,2.39765787124634,1.9015326499939,0.999648749828339,2.88595271110535,81.6618957519531,68.8924865722656,59.9817314147949,74.6870574951172,0.0996862053871155,0.189947158098221,0.069920115172863,0.0140406470745802,0.000325558503391221,0.0897641479969025,0.376370519399643,0.103100344538689,287843.59375,NA,NA
"MK004",2.35844016075134,12.020827293396,23.0902156829834,13.4621200561523,20.7317752838135,1.99364447593689,1.73120677471161,1.05719900131226,2.02840709686279,77.0785140991211,64.8777542114258,53.4173393249512,70.2216339111328,0.199936345219612,0.301058083772659,0.0521018952131271,0.00388207589276135,0,0.200660571455956,0,0.237508103251457,118481.421875,NA,NA
"MK005",1.31360113620758,10.7688550949097,21.8012504577637,12.2910833358765,20.4876499176025,1.97883903980255,1.6856085062027,0.910374939441681,2.39743709564209,80.1340713500977,66.158203125,54.9254608154297,71.959716796875,0.213018774986267,0.210029870271683,0.150383830070496,0.00682070106267929,0,0.196563825011253,0.0208767801523209,0.185402870178223,215439.671875,NA,NA
"MK006",-0.546198427677155,8.80849170684814,19.7863273620605,10.3022651672363,20.3325233459473,2.54923367500305,2.13440942764282,1.29184639453888,2.93248748779297,81.2587509155273,69.4427185058594,61.3297119140625,75.2054290771484,0.112849414348602,0.319655120372772,0.0416046231985092,0.0234946999698877,0,0.0522514283657074,0.357420116662979,0.091252788901329,331377.15625,NA,NA
"MK007",0.981025040149689,10.6485347747803,21.2330532073975,11.93115234375,20.2520294189453,1.61468863487244,1.75357758998871,1.4646430015564,1.89847719669342,77.263542175293,64.5449600219727,56.733283996582,70.9483489990234,0.221478939056396,0.246258109807968,0.0522396862506866,0.00927234534174204,0,0.0994032025337219,0,0.37134775519371,127838.3125,NA,NA
"MK008",0.860879600048065,10.748215675354,21.7210693359375,11.971321105957,20.8601913452148,1.76555347442627,1.74318110942841,1.29140985012054,2.20472550392151,78.3672637939453,64.7769622802734,55.2918739318848,71.3523178100586,0.191795259714127,0.286848336458206,0.089919351041317,0.0257773138582706,0,0.133867457509041,0,0.271792262792587,258354.828125,NA,NA
"NL11",3.22647309303284,9.41786003112793,16.7950878143311,10.9728708267212,13.5686159133911,2.42738127708435,2.11012864112854,2.40657734870911,2.94993162155151,86.812255859375,77.8268432617188,78.2312927246094,84.0748519897461,0.267512410879135,0.282231986522675,3.46543926887932e-09,0.0440927669405937,0,3.25173954429658e-09,0,0.283496767282486,506693.4375,NA,NA
"NL12",3.92499828338623,9.40277767181396,16.8163089752197,11.3970470428467,12.8913106918335,2.55635213851929,2.14843773841858,2.35735607147217,3.10924458503723,85.6519317626953,78.965446472168,78.8165664672852,82.8115921020508,0.176481828093529,0.295529186725616,0.0024417145177722,0.0322332940995693,7.04879947586966e-29,3.30457355923741e-10,0.0857513546943665,0.104701921343803,593675.9375,NA,NA
"NL13",3.45488333702087,9.62252712249756,17.1181926727295,11.0879459381104,13.6633100509644,2.47098016738892,2.11942720413208,2.30004715919495,2.68496942520142,86.9716720581055,76.424690246582,76.5660781860352,83.7305068969727,0.300419837236404,0.287679940462112,2.29929519868222e-09,0.0394188538193703,2.20243691020913e-28,1.7035967081469e-09,0.106351144611835,0.236855357885361,520853.59375,NA,NA
"NL21",3.8142204284668,9.95241546630859,17.4116878509521,11.2984809875488,13.597469329834,2.48056101799011,2.14755129814148,2.30478763580322,2.59401607513428,86.6189498901367,75.466194152832,75.0673294067383,83.2893753051758,0.27492618560791,0.284026771783829,4.01554078877098e-09,0.054972805082798,1.86070026198892e-28,9.63198965031609e-10,0.0898493751883507,0.284090638160706,959011.5,NA,NA
"NL22",3.96364617347717,10.1497478485107,17.7343292236328,11.4000120162964,13.7706813812256,2.58033871650696,2.2208833694458,2.24899315834045,2.6101508140564,86.4264297485352,75.1358947753906,74.2902297973633,82.9613571166992,0.253706604242325,0.191904366016388,1.8695449632844e-09,0.080832876265049,5.22158704865488e-33,2.21614684936533e-10,0.00293165724724531,0.465660721063614,2074477,NA,NA
"NL23",4.08208799362183,9.68981838226318,17.2095375061035,11.6044330596924,13.1274490356445,2.67486238479614,2.25819873809814,2.38820862770081,3.0306179523468,85.7892074584961,77.7776184082031,77.5174560546875,82.7154693603516,0.225360304117203,0.194574594497681,2.49782616812411e-09,0.0744566023349762,0,1.42497624811e-10,0.0645655691623688,0.188100770115852,886099.4375,NA,NA
"NL31",3.99689745903015,9.96044540405273,17.4516487121582,11.4827117919922,13.4547519683838,2.65464854240417,2.21715450286865,2.24090194702148,3.01582312583923,86.3029708862305,76.9519348144531,76.5720291137695,83.4108581542969,0.306023746728897,0.133560910820961,1.6677673686516e-09,0.186142340302467,0,2.53488527911239e-13,0.152039274573326,0.136992514133453,1392469.5,NA,NA
"NL32",4.29392242431641,9.55725860595703,17.0765724182129,11.9595909118652,12.7826509475708,2.88525819778442,2.21971964836121,2.35864353179932,3.44388937950134,84.8379287719727,79.11474609375,78.6194381713867,81.8300170898438,0.29500088095665,0.109458208084106,0.000344225816661492,0.10970501601696,0,4.52185110102338e-13,0.0467016287147999,0.0701806470751762,2038890.25,NA,NA
"NL33",4.32041215896606,10.0283117294312,17.618953704834,11.7739362716675,13.2985401153564,2.56363391876221,2.01286292076111,2.20706510543823,3.0050892829895,85.7901382446289,77.048225402832,75.7787246704102,82.6178512573242,0.195044800639153,0.131725817918777,1.23989263300928e-09,0.164976865053177,0,2.23273358135323e-10,0,0.334208101034164,2589338.25,NA,NA
"NL34",4.49935817718506,10.3285350799561,18.1117057800293,12.251163482666,13.6123466491699,2.46834826469421,1.94970774650574,2.11215734481812,2.825275182724,85.7244491577148,76.549934387207,74.8392562866211,82.3051300048828,0.179466620087624,0.139275178313255,2.01630445673118e-09,0.0939295515418053,0,2.92383478539548e-10,0,0.333989083766937,745702.5625,NA,NA
"NL41",4.14023017883301,10.336446762085,18.075231552124,11.6365365982056,13.9350023269653,2.52650046348572,2.1084144115448,2.13892269134521,2.51063251495361,85.9280853271484,74.8654174804688,73.2803955078125,82.1689529418945,0.214279055595398,0.157433211803436,9.7097030415938e-10,0.12149765342474,0,9.24211471242664e-11,0,0.489458918571472,2899129,NA,NA
"NL42",3.89888572692871,10.6019878387451,18.4995231628418,11.7832021713257,14.6006374359131,2.59819483757019,2.2935779094696,2.22441244125366,2.2821409702301,85.3277053833008,73.5512390136719,71.6029052734375,80.9180068969727,0.198002204298973,0.135660246014595,6.14593376191408e-10,0.0977830365300179,0,8.40511757416174e-11,0,0.568554580211639,1057965.25,NA,NA
"NO011",-2.42934036254883,5.64301633834839,15.8531198501587,6.93631076812744,18.2824611663818,2.47834753990173,2.57669496536255,2.75306439399719,3.77110528945923,84.0585021972656,71.3319320678711,70.7914123535156,83.0940093994141,0.0304692797362804,0.056560467928648,0.00398245081305504,0.108511842787266,0.190241754055023,0,0.495810300111771,0,166380.859375,NA,NA
"NO012",-2.43689799308777,5.74768495559692,15.9060478210449,6.9564323425293,18.342945098877,2.27765512466431,2.31753158569336,2.67489886283875,3.48187637329102,84.0543975830078,70.7484970092773,70.4527587890625,83.4038696289062,0.0686924755573273,0.0805301889777184,0.00448940461501479,0.0440666526556015,0.1612588763237,0,0.567694187164307,0,679775.375,NA,NA
"NO021",-6.1690526008606,2.43167543411255,12.816385269165,3.67195701599121,18.9854373931885,1.6712304353714,1.80007445812225,2.8777015209198,2.63380074501038,83.3698806762695,70.6639938354492,72.8842697143555,83.6722259521484,0.0348917655646801,0.0275308694690466,0.0205686334520578,0.00346653209999204,0.22292685508728,0,0.660898625850677,0,168744.78125,NA,NA
"NO022",-6.83641672134399,1.14898025989532,11.2554569244385,2.69001746177673,18.0918731689453,2.08460879325867,1.78521132469177,2.58019757270813,2.69507265090942,82.1567993164062,72.1657257080078,73.5225448608398,83.1432189941406,0.0258051808923483,0.0212494097650051,0.0130592118948698,0.00349970650859177,0.345067530870438,0,0.54865974187851,0,165935.734375,NA,NA
"NO031",-0.626532793045044,6.70477294921875,16.6757755279541,8.16649532318115,17.3023090362549,2.59311389923096,2.39997100830078,2.49837303161621,3.7147843837738,84.0179443359375,71.8615341186523,70.8792343139648,82.9229583740234,0.0246415100991726,0.0502144582569599,0.00696900859475136,0.029142614454031,0.0908164456486702,0,0.589788615703583,0,295988.75,NA,NA
"NO032",-4.28023862838745,3.59470677375793,13.590126991272,5.11602878570557,17.8703651428223,2.05789160728455,2.13018298149109,2.7454559803009,3.17875719070435,82.3856582641602,72.5313415527344,72.0279083251953,82.8303680419922,0.0211967062205076,0.0244273655116558,0.0096923690289259,0.00871114898473024,0.271944105625153,0,0.62861180305481,0,306394.34375,NA,NA
"NO033",-0.537713468074799,6.78436279296875,16.618034362793,8.35063171386719,17.1557483673096,3.35711693763733,3.12151861190796,2.861976146698,4.63378190994263,81.9364395141602,71.8639373779297,71.4867858886719,81.3501434326172,0.0506460778415203,0.0614121332764626,0.000132771878270432,0.0509964339435101,0.147428601980209,0.00080963788786903,0.51328581571579,0.000156732145114802,295721.9375,NA,NA
"NO034",-4.2048397064209,2.98046898841858,12.8771820068359,4.87913656234741,17.0820217132568,2.89339637756348,2.59890699386597,2.93196058273315,4.3071928024292,83.1462020874023,73.9763107299805,72.453987121582,83.7021789550781,0.0169675722718239,0.0344753600656986,0.0201368425041437,0.00383023684844375,0.266233026981354,0.000543650181498379,0.61664867401123,0.000105241451819893,127888.109375,NA,NA
"NO041",-1.87013471126556,4.69364213943481,14.1429405212402,6.75102472305298,16.0130748748779,4.88469552993774,3.37029123306274,3.34448170661926,6.17945384979248,84.2175903320312,75.3461303710938,73.1074829101562,84.3539581298828,0.0109793618321419,0.0150231765583158,0.018369697034359,0.00478650443255901,0.274146258831024,0.00835529528558254,0.569104671478271,0.0014729832764715,99022.546875,NA,NA
"NO042",-0.361381500959396,5.36017417907715,14.346095085144,7.77833366394043,14.7074785232544,8.0101432800293,4.66989517211914,3.98794317245483,8.81100368499756,85.6540374755859,77.4026184082031,75.8297958374023,86.0713958740234,0.0184324979782104,0.0046843052841723,0.00359358685091138,0.00598034588620067,0.250545620918274,0.000966760155279189,0.605617880821228,1.6340989532182e-05,149340.734375,NA,NA
"NO043",0.50140643119812,5.32573652267456,13.729001045227,7.7723798751831,13.227593421936,7.88654232025146,4.26185035705566,4.19672393798828,9.31764030456543,84.7044143676758,77.9871978759766,79.1441497802734,86.0131225585938,0.0564707331359386,0.00968544278293848,0.00255950028076768,0.0117903929203749,0.231872886419296,0.0436843410134315,0.434261322021484,0.00319472444243729,381143.90625,NA,NA
"NO051",-0.483361214399338,4.57809257507324,13.0493564605713,6.77133989334106,13.532717704773,8.71677494049072,4.4993953704834,4.34137439727783,9.074387550354,83.8498687744141,77.2382431030273,77.7608413696289,85.2462310791016,0.0212534237653017,0.0280283614993095,0.0283299013972282,0.00793062802404165,0.307369560003281,0.00159701681695879,0.427666306495667,0.000364189123502001,380617.5625,NA,NA
"NO052",-1.38034558296204,3.88270139694214,12.4602298736572,5.98451662063599,13.8405752182007,8.22694396972656,4.08010625839233,3.78958678245544,7.79081344604492,82.3932876586914,75.5921325683594,76.7940216064453,83.7917022705078,0.0226789508014917,0.025543300434947,0.0354627594351768,0.00297327945008874,0.353579342365265,0.00530654052272439,0.361656576395035,0.000231294092372991,119757.40625,NA,NA
"NO053",-2.62985849380493,3.03998184204102,11.716549873352,4.91751575469971,14.3464088439941,6.78609848022461,3.56085824966431,3.37631320953369,5.7680516242981,78.7251358032227,73.8239212036133,79.0487747192383,81.0342178344727,0.0274147372692823,0.0193829592317343,0.028019780293107,0.00485928589478135,0.315571933984756,0.0200608912855387,0.383507013320923,0.00104136893060058,210132.6875,NA,NA
"NO061",-3.12951755523682,2.94939351081848,12.1588506698608,4.76595115661621,15.2883672714233,4.13150358200073,2.60608506202698,3.04704904556274,3.67983722686768,80.0038528442383,72.975830078125,77.633056640625,81.6166381835938,0.0377363450825214,0.0230033621191978,0.0202840957790613,0.00589986145496368,0.238728702068329,0.00365103082731366,0.556934773921967,0.000151951244333759,259049.40625,NA,NA
"NO062",-3.02664470672607,2.65815615653992,12.3951587677002,5.16442584991455,15.4218034744263,5.28401851654053,2.99224042892456,3.06196618080139,4.59614753723145,82.4447021484375,74.7483901977539,77.5238723754883,83.9166870117188,0.0233197771012783,0.0396973118185997,0.0374084264039993,0.00199768040329218,0.201420933008194,0.00350285856984556,0.591446697711945,8.54296522447839e-05,122772.953125,NA,NA
"NO071",-4.79732704162598,0.911832630634308,11.3718929290771,3.77539277076721,16.1692218780518,5.87047052383423,3.0491361618042,3.00177359580994,5.75065898895264,79.1438293457031,73.7789993286133,76.594108581543,81.6113357543945,0.0073206340894103,0.0107682440429926,0.0245039947330952,0.0020418125204742,0.283476024866104,0.0223740264773369,0.435013741254807,0.000295285222819075,181091.203125,NA,NA
"NO072",-8.29944515228271,-1.55269801616669,10.6068935394287,1.29707050323486,18.9063396453857,3.41914939880371,1.99326372146606,2.15956950187683,3.28504228591919,78.6359786987305,73.6246795654297,76.2081680297852,81.7423324584961,0.0092623746022582,0.000824126764200628,0.00167820521164685,0.00201737647876143,0.379827201366425,0.01094651222229,0.410595625638962,4.03572012146469e-05,180936.734375,NA,NA
"NO073",-10.5729541778564,-1.38121867179871,11.8737621307373,0.811078250408173,22.4467163085938,1.85778450965881,1.46798241138458,1.80756950378418,2.02587199211121,80.8090438842773,75.3358764648438,74.5620269775391,83.2937545776367,0.00226287404075265,0.000338103476678953,0.0010207510786131,0.000532818026840687,0.542731761932373,0.0434883497655392,0.258607566356659,5.29383578395937e-05,61150.671875,NA,NA
"PL213",-0.0700805261731148,9.64315700531006,18.4296226501465,9.91464233398438,18.4997043609619,1.79109084606171,2.28479933738708,3.16017913818359,1.77550065517426,83.3823623657227,72.3301391601562,73.4316329956055,79.549201965332,0.270397931337357,0.0986869409680367,7.08001324234431e-10,0.0540574602782726,0,0,0.051955372095108,0.52490234375,100563.59375,NA,NA
"PL214",-0.479122519493103,9.26583003997803,18.0798053741455,9.57374572753906,18.5589294433594,1.87590754032135,2.49453997612,3.39823985099792,1.91572165489197,82.9264297485352,72.400634765625,74.1011734008789,79.7994918823242,0.241289407014847,0.0933452993631363,6.9211292252902e-10,0.0428803898394108,0,0,0.111498922109604,0.510952889919281,979306.0625,NA,NA
"PL217",-0.41133913397789,9.62213325500488,18.4485740661621,9.83004188537598,18.8599147796631,1.66133534908295,2.40409326553345,3.4346866607666,1.82653295993805,82.3372497558594,71.5951919555664,73.2614212036133,78.8486557006836,0.252596139907837,0.101168155670166,1.76272962892909e-09,0.0260426066815853,0,0,0,0.619785487651825,417491.9375,NA,NA
"PL218",-1.33392763137817,8.62928771972656,17.4720268249512,8.97220516204834,18.8059539794922,1.87309300899506,2.71648979187012,3.87058305740356,2.07520365715027,82.4558792114258,72.1218185424805,75.1176452636719,80.1472473144531,0.188118621706963,0.0809979662299156,0.000309328344883397,0.0232141092419624,0,0,0.15435665845871,0.552907049655914,532188.6875,NA,NA
"PL219",-2.42393374443054,7.02734565734863,15.9155550003052,7.67162036895752,18.3394889831543,3.37229633331299,3.71592211723328,4.63867998123169,3.010737657547,83.9653930664062,74.2081909179688,76.8810119628906,81.9746398925781,0.152694836258888,0.075464092195034,4.99537018185947e-05,0.027366703376174,0,0.000996752292849123,0.661432921886444,0.0794234350323677,410710.6875,NA,NA
"PL21A",-0.475174248218536,9.07948017120361,17.8712196350098,9.47497272491455,18.3463935852051,2.59358263015747,2.81369853019714,3.66260361671448,2.26104044914246,83.8964538574219,73.0908279418945,74.7465057373047,80.2993774414062,0.188515082001686,0.0669397190213203,7.77539310714559e-10,0.0750458687543869,0,0.00742052402347326,0.119577072560787,0.54250168800354,766787.6875,NA,NA
"PL224",0.431609243154526,9.74869537353516,18.5389556884766,10.086353302002,18.1073455810547,2.20567083358765,2.28230571746826,2.86057066917419,1.77693355083466,84.7196578979492,71.9407348632812,70.7654800415039,79.2588882446289,0.27241051197052,0.0861868932843208,8.50770232041498e-10,0.0184493847191334,0,0,0,0.622953295707703,430357.28125,NA,NA
"PL225",-1.19930922985077,8.2855339050293,17.1954402923584,8.83508205413818,18.3947486877441,3.55028200149536,3.54147171974182,4.3899712562561,2.96987199783325,84.3314743041992,73.7851104736328,75.7787322998047,80.9466857910156,0.182787969708443,0.0599382556974888,9.309480083175e-05,0.04621821641922,0,0.0148266013711691,0.0589632391929626,0.63340562582016,633243.0625,NA,NA
"PL227",0.4220390021801,9.87726306915283,18.7514667510986,10.3081359863281,18.3294258117676,2.11194849014282,2.37813663482666,3.17528557777405,2.00644946098328,82.8319854736328,71.5299911499023,71.4024353027344,78.1183166503906,0.322403818368912,0.0715311542153358,3.75872696167789e-05,0.0824004635214806,0,0.000560945831239223,0,0.521554052829742,518153.28125,NA,NA
"PL228",0.518813729286194,9.83557415008545,18.6260967254639,10.1956739425659,18.1072826385498,2.25271344184875,2.30499839782715,2.93798565864563,1.85669088363647,84.3793487548828,71.8305511474609,71.1110305786133,78.9500122070312,0.222762301564217,0.0645262971520424,1.541751865064e-10,0.0659639909863472,0,0,0,0.645991206169128,492173.25,NA,NA
"PL229",0.604316174983978,10.0277137756348,18.8219337463379,10.4056701660156,18.2176170349121,2.12096738815308,2.2877025604248,3.04047870635986,1.91804122924805,83.2035751342773,71.5336608886719,71.5771408081055,78.2414627075195,0.242016211152077,0.0531452521681786,1.03206151957913e-10,0.150681108236313,0,3.15884015993084e-12,0,0.552202105522156,511659,NA,NA
"PL22A",0.494487345218658,9.95356941223145,18.66916847229,10.2842292785645,18.1746807098389,2.23311543464661,2.3601541519165,3.17912149429321,1.94713187217712,83.6859970092773,72.0789413452148,72.8816757202148,78.9704895019531,0.163031116127968,0.0393378026783466,7.32826022087352e-11,0.170249551534653,0,0,0,0.62606680393219,270226.5625,NA,NA
"PL22B",0.306745260953903,9.7897367477417,18.5264949798584,10.0912837982178,18.2197494506836,2.15892243385315,2.32812356948853,3.11548852920532,1.84933090209961,84.1479949951172,72.3348770141602,72.7394104003906,79.4620590209961,0.201676279306412,0.0698331743478775,5.0150245067826e-10,0.080687090754509,0,0,0,0.647794246673584,713331.8125,NA,NA
"PL22C",0.0617979355156422,9.51073455810547,18.3037281036377,9.91994190216064,18.2419319152832,2.59929299354553,2.69609594345093,3.5159854888916,2.24847507476807,83.7416839599609,72.3824234008789,73.3660430908203,79.2422866821289,0.179859921336174,0.0469094403088093,5.32516351086088e-05,0.141762271523476,0,0.00135173450689763,0,0.626531481742859,563900.3125,NA,NA
"PL411",1.22525596618652,9.64378547668457,18.4521141052246,10.4074993133545,17.2268562316895,1.83654701709747,1.80338644981384,2.39232063293457,1.52233040332794,86.0917663574219,73.1059341430664,70.93994140625,81.5992050170898,0.370998412370682,0.103740878403187,0.000452638749266043,0.0086377952247858,0,6.6926837336001e-12,0,0.511287868022919,401838.03125,NA,NA
"PL414",1.15421843528748,10.0095338821411,18.8386096954346,10.4849262237549,17.6843910217285,1.60481810569763,1.66463649272919,2.42564678192139,1.39618813991547,84.9793930053711,72.4121475219727,69.9614944458008,80.2095031738281,0.511406540870667,0.137900039553642,1.19506637918931e-09,0.0152101432904601,0,0,0,0.328392118215561,587676.6875,NA,NA
"PL415",1.33783674240112,10.2977800369263,19.1636428833008,10.5764360427856,17.8258056640625,1.65729022026062,1.701979637146,2.2900710105896,1.35749638080597,84.4072799682617,71.8475799560547,68.5918960571289,79.6742401123047,0.465265333652496,0.109919220209122,4.32356067614492e-10,0.0846082493662834,0,0,0,0.33650416135788,97904.0703125,NA,NA
"PL416",1.03423297405243,10.1190376281738,18.9604320526123,10.4862108230591,17.9261989593506,1.76665902137756,1.82227098941803,2.55135345458984,1.5116149187088,84.1578063964844,71.1351547241211,68.411018371582,78.8920516967773,0.475765347480774,0.115262597799301,1.4015589799854e-09,0.0160288270562887,0,8.46526787470075e-13,0,0.390153139829636,578547.125,NA,NA
"PL417",1.44448208808899,10.3999557495117,19.2606086730957,10.7593555450439,17.8161277770996,1.73273885250092,1.73636102676392,2.36317539215088,1.38326072692871,84.1797485351562,71.0985641479492,67.574104309082,79.0831985473633,0.417199283838272,0.109529703855515,3.72944450646173e-05,0.0207833163440228,0,1.49692376549826e-11,0,0.447926074266434,693095.6875,NA,NA
"PL418",1.37208318710327,10.1698760986328,19.0286178588867,10.5898008346558,17.6565341949463,1.69970488548279,1.72123754024506,2.33358263969421,1.40175557136536,84.7938613891602,71.9412078857422,68.9090118408203,80.0923538208008,0.454563140869141,0.109806209802628,5.44482682016678e-05,0.0345660373568535,0,1.85886245632205e-12,0,0.397876590490341,873309.25,NA,NA
"PL424",1.79437983036041,9.99071407318115,18.7603645324707,10.9502325057983,16.9659862518311,1.82247567176819,1.77512967586517,1.99402964115143,1.47649347782135,85.4896087646484,73.803337097168,70.8828430175781,80.7403869628906,0.332498788833618,0.107925742864609,1.28881394445557e-09,0.0433657355606556,0,4.38631977961457e-11,0,0.47621563076973,59746.84375,NA,NA
"PL426",1.46191310882568,9.0407829284668,17.9937496185303,10.5510787963867,16.5318355560303,2.25814747810364,1.99070715904236,2.76060271263123,2.27535271644592,85.8202819824219,75.6126098632812,75.3092346191406,82.1417617797852,0.232714399695396,0.0760267823934555,0.000326673325616866,0.0118066528812051,0,4.81820052605775e-12,0,0.486388564109802,256251.046875,NA,NA
"PL427",1.36499929428101,9.4120397567749,18.2038116455078,10.4848108291626,16.8388118743896,2.19835352897644,2.01176857948303,2.48594975471497,1.78422331809998,86.5494155883789,73.9204788208008,72.0765762329102,81.9717788696289,0.269232392311096,0.085227482020855,0.00232952507212758,0.00868906918913126,0,5.76782458600045e-12,0,0.62204897403717,540148.1875,NA,NA
"PL428",1.76171159744263,9.78080177307129,18.6256713867188,10.8927564620972,16.8639602661133,1.943976521492,1.82242238521576,2.16921734809875,1.63643896579742,85.2965774536133,74.1010055541992,71.2666702270508,80.5837707519531,0.317365199327469,0.110745534300804,0.000205567397642881,0.0151341548189521,0,5.28295705792825e-11,0,0.47194629907608,601520.625,NA,NA
"PL431",1.70521438121796,10.3299341201782,19.1697597503662,10.9453163146973,17.4645462036133,1.80665481090546,1.73189926147461,2.1038818359375,1.40124380588531,84.4604797363281,71.0792083740234,67.2280883789062,79.3390045166016,0.215116515755653,0.0854186490178108,0.00103969126939774,0.0103627564385533,0,4.76424889123139e-12,0,0.682440757751465,389288.8125,NA,NA
"PL432",1.657759308815,10.5709495544434,19.3555450439453,11.0426502227783,17.6977844238281,1.85991215705872,1.76849007606506,2.327143907547,1.460369348526,83.3649291992188,69.9109039306641,66.1348342895508,78.0942001342773,0.219255402684212,0.0646489262580872,0.000302221364108846,0.0154242804273963,0,1.2303057878027e-12,0,0.696638703346252,677990.25,NA,NA
"PL514",1.18693602085114,10.4541234970093,19.3873329162598,10.7978277206421,18.2003955841064,1.70517230033875,1.83916485309601,2.64716625213623,1.48000061511993,82.7569580078125,70.5805816650391,68.1399307250977,77.9580841064453,0.373901456594467,0.0901614651083946,8.59650184370508e-10,0.0416095517575741,0,0,0,0.494162321090698,74391.203125,NA,NA
"PL515",0.735273778438568,9.819655418396,18.5567607879639,10.2879209518433,17.8214874267578,3.01808834075928,2.60410618782043,3.32042813301086,2.28410053253174,84.2941513061523,72.2679214477539,70.5462493896484,80.0111618041992,0.264475852251053,0.0850051641464233,0.000399051612475887,0.0210611298680305,0,0.00215445691719651,0,0.626410722732544,571122.75,NA,NA
"PL516",1.38601136207581,10.5498237609863,19.3662185668945,10.8875217437744,17.9802074432373,1.73212277889252,1.8336226940155,2.66124582290649,1.4574316740036,83.0833511352539,70.6802215576172,67.5820999145508,78.2558975219727,0.379290491342545,0.0947129875421524,6.16772194916848e-06,0.0246281325817108,0,0,0,0.498975157737732,391483.40625,NA,NA
"PL517",-0.530923426151276,8.68446063995361,17.6738319396973,9.2325029373169,18.2047576904297,2.28085207939148,2.42366003990173,3.37599277496338,1.96722888946533,84.5939636230469,73.1165313720703,72.0596008300781,80.6192855834961,0.343255192041397,0.110161140561104,0.00192358472850174,0.0233723875135183,0,0.000213261286262423,0.0358140841126442,0.48523285984993,492781.875,NA,NA
"PL518",0.968445956707001,10.237193107605,19.1830387115479,10.6030149459839,18.2145938873291,1.6853152513504,1.89169859886169,2.72657632827759,1.51007759571075,82.6994323730469,70.7927780151367,68.4970169067383,78.0839462280273,0.412135094404221,0.0999774113297462,1.11458886564719e-09,0.0312009565532207,0,2.96171615878082e-12,0,0.455893039703369,1211092,NA,NA
"PL523",0.230300605297089,9.58581733703613,18.5972213745117,10.0686092376709,18.3669204711914,2.04437184333801,2.33378720283508,3.12272047996521,1.89097833633423,82.8423614501953,71.6831665039062,70.1316680908203,78.3588943481445,0.43979686498642,0.106802836060524,0.000426777929533273,0.0160758253186941,0,0.00904381833970547,0,0.426352351903915,357060.59375,NA,NA
"PL524",0.732341706752777,10.091290473938,19.001823425293,10.4815998077393,18.2694816589355,1.9138480424881,2.09747910499573,2.83712029457092,1.71530246734619,83.1565093994141,71.1044540405273,69.3069381713867,78.0279159545898,0.357359200716019,0.0834997147321701,7.58429985481257e-10,0.0195200014859438,0,2.17625461922111e-12,0,0.536504566669464,542849.5,NA,NA
"PL613",1.08004891872406,9.60058403015137,18.3438472747803,10.3366947174072,17.2637977600098,1.5693986415863,1.61119019985199,2.37297010421753,1.42645657062531,86.2474212646484,73.9930419921875,72.7591934204102,81.8430023193359,0.456837922334671,0.122158549726009,8.70229666105615e-10,0.0349288284778595,0,0,0,0.377093613147736,482058.03125,NA,NA
"PL616",0.92276918888092,9.6096305847168,18.4175930023193,10.3004570007324,17.4948234558105,1.70629680156708,1.68238437175751,2.4607093334198,1.54173648357391,86.9002685546875,74.7693176269531,74.1117782592773,82.2778015136719,0.478728860616684,0.132270395755768,3.70737798220944e-05,0.0234490875154734,0,0,0,0.356630116701126,496034.90625,NA,NA
"PL617",1.11755120754242,9.70240116119385,18.4881534576416,10.3587999343872,17.3706016540527,1.52240169048309,1.59482634067535,2.36679720878601,1.37834060192108,85.8293151855469,73.4205017089844,71.560302734375,81.3722229003906,0.50611424446106,0.129632085561752,1.52665380337424e-09,0.0188258811831474,0,0,0,0.335213154554367,404239.03125,NA,NA
"PL618",1.01905584335327,9.18316650390625,17.9923706054688,10.2087802886963,16.973316192627,1.85558366775513,1.76551461219788,2.40414905548096,1.5980578660965,87.1137466430664,74.8085327148438,73.7559127807617,82.5647506713867,0.334425956010818,0.100931689143181,0.000149900268297642,0.0183327905833721,0,1.18509531615157e-12,0,0.536684453487396,352981.875,NA,NA
"PL619",0.985222518444061,9.85175132751465,18.676736831665,10.3478689193726,17.6915168762207,1.60540890693665,1.6546276807785,2.43451046943665,1.43457138538361,85.6286697387695,73.4610366821289,71.8893661499023,81.3035354614258,0.461341828107834,0.12871353328228,1.60446300689898e-09,0.0160370469093323,0,0,0,0.376141101121902,333409.28125,NA,NA
"PL621",0.512371838092804,9.20960235595703,18.277925491333,10.0685396194458,17.7655544281006,2.10065674781799,1.89054691791534,2.67255187034607,1.97005081176758,87.1500396728516,75.4723587036133,75.4168319702148,82.7567138671875,0.301869988441467,0.121615044772625,0.000433853536378592,0.011176647618413,0,0.00867161527276039,0,0.489106953144073,463362.53125,NA,NA
"PL622",-0.249598518013954,8.66234493255615,17.9854526519775,9.58341884613037,18.2350521087646,2.19971776008606,1.99849689006805,2.77221298217773,1.96050465106964,87.1791687011719,74.9020233154297,75.1718063354492,83.3481979370117,0.266378074884415,0.130493879318237,0.000286994967609644,0.00972487218677998,1.60850431711879e-05,0.00700058648362756,0.335765838623047,0.22821107506752,568211.1875,NA,NA
"PL623",-0.701486110687256,8.52181911468506,17.9205837249756,9.28274822235107,18.6220703125,2.02751207351685,1.9700630903244,2.81572866439819,1.90970718860626,87.1940078735352,74.4716644287109,75.4119033813477,83.9150772094727,0.266266226768494,0.131097346544266,0.00130612624343485,0.0080743869766593,1.74817887454992e-05,0.0159088633954525,0.0841754302382469,0.438796252012253,281962.875,NA,NA
"PL633",1.05689406394958,8.90926265716553,18.119836807251,10.3715200424194,17.0629444122314,2.00603842735291,1.65087997913361,2.49818181991577,2.02930068969727,85.3954467773438,76.3812408447266,75.6236724853516,81.6450119018555,0.28956151008606,0.0950358584523201,9.56951518027438e-10,0.0644293054938316,0,0,0,0.316659063100815,131275.46875,NA,NA
"PL634",1.10663771629333,8.59342765808105,17.7935371398926,10.2834463119507,16.6868991851807,2.37283754348755,1.8084055185318,2.60062456130981,2.23076415061951,85.7056121826172,76.8635711669922,76.4090805053711,82.0723342895508,0.255393087863922,0.0848942548036575,0.000398977659642696,0.0295245610177517,0,1.63591539603658e-05,0,0.412170201539993,680411.25,NA,NA
"PL636",1.20509946346283,8.52605533599854,17.5715427398682,10.3323411941528,16.3664455413818,2.74408745765686,2.08157896995544,2.7466733455658,2.49074816703796,86.1082992553711,76.4354476928711,76.2425079345703,82.4813690185547,0.23299503326416,0.0727863311767578,7.76341985329054e-05,0.00816896371543407,0,0,0,0.580928266048431,259643.8125,NA,NA
"PL637",0.894175171852112,8.6207799911499,17.5558433532715,10.0187911987305,16.6616687774658,2.44967198371887,2.04739832878113,2.60459423065186,1.96096062660217,87.9484252929688,75.6750946044922,75.057746887207,83.5487747192383,0.261815577745438,0.0841906294226646,0.000335013028234243,0.00522736925631762,0,2.87240852847939e-13,0,0.63436609506607,234848.921875,NA,NA
"PL638",0.963303923606873,9.16512966156006,18.1152820587158,10.2207326889038,17.1519794464111,1.81507241725922,1.71512687206268,2.47475790977478,1.76257562637329,86.6852111816406,75.6784591674805,75.0208282470703,82.1928558349609,0.337600946426392,0.112534239888191,0.000525958254002035,0.0202404856681824,0,1.05477616658273e-12,0,0.469024270772934,487873.28125,NA,NA
"PL711",0.657197296619415,9.87650966644287,18.7410659790039,10.1669702529907,18.0838680267334,1.95714473724365,1.91130459308624,2.57754588127136,1.47378897666931,84.8356323242188,72.6484832763672,70.7239379882812,80.1688232421875,0.385777860879898,0.0979994684457779,1.10025599742158e-09,0.0757603421807289,0,0,0,0.440462321043015,90544.9609375,NA,NA
"PL712",0.646862030029297,9.87284660339355,18.7436351776123,10.1620464324951,18.096773147583,1.95631146430969,1.91359031200409,2.57974529266357,1.47004318237305,84.8514862060547,72.7212677001953,70.8524856567383,80.2315139770508,0.392098039388657,0.101014614105225,1.00886421439128e-09,0.0679684206843376,0,0,0,0.43866366147995,626773.9375,NA,NA
"PL713",0.526704668998718,9.91585922241211,18.7691860198975,10.1661338806152,18.2424793243408,2.03549647331238,2.08947515487671,2.72859740257263,1.58163261413574,84.670524597168,72.4676055908203,70.7858276367188,79.9580612182617,0.334703683853149,0.100098356604576,5.6846394258514e-10,0.0179288946092129,0,0,0,0.547269105911255,561570.0625,NA,NA
"PL714",0.902114868164062,10.1055936813354,18.9315910339355,10.4664316177368,18.0294761657715,1.92458510398865,1.89908492565155,2.58700275421143,1.53783571720123,84.2875442504883,71.6273727416992,69.1481018066406,79.0870513916016,0.411015301942825,0.111360877752304,1.49771495205897e-09,0.0221491232514381,0,0,0,0.455432683229446,660320.25,NA,NA
"PL715",0.723804473876953,9.93952941894531,18.8233776092529,10.2147951126099,18.099573135376,1.81488871574402,1.86793398857117,2.49643397331238,1.44525122642517,84.8201217651367,73.1556091308594,71.6579132080078,80.7286758422852,0.424678385257721,0.134382948279381,0.000125324819236994,0.0149662811309099,0,0,0,0.421596735715866,341883.3125,NA,NA
"PL721",-0.00588325830176473,9.7111988067627,18.576229095459,9.86625957489014,18.5821113586426,1.96624565124512,2.13970708847046,2.83732891082764,1.64856231212616,84.5415344238281,72.7320938110352,72.2944183349609,80.2660980224609,0.26387631893158,0.090320535004139,1.14354137270567e-09,0.0266044642776251,0,0,0,0.618948042392731,600524.125,NA,NA
"PL722",0.0697412341833115,9.84778499603271,18.693021774292,10.0132780075073,18.6232814788818,1.7760306596756,2.13422513008118,2.89074730873108,1.64706206321716,83.6966857910156,72.0516128540039,72.0227279663086,79.3186492919922,0.294519931077957,0.106733351945877,1.52539525455353e-09,0.0210737846791744,0,0,0,0.576626062393188,714719.6875,NA,NA
"PL811",-0.494346439838409,9.52467250823975,18.752893447876,9.63865947723389,19.2472400665283,1.89989697933197,2.02762746810913,2.78253197669983,1.67448937892914,85.0660247802734,72.9429016113281,72.3436813354492,81.1826019287109,0.35185918211937,0.123126238584518,0.00228174170479178,0.00627243891358376,0,0.0384949557483196,0,0.475114911794662,272925.65625,NA,NA
"PL812",-0.573329865932465,9.53981781005859,18.6782970428467,9.7463321685791,19.2516269683838,1.79020416736603,2.15906548500061,2.98379421234131,1.66692566871643,83.9713287353516,72.9003143310547,73.63037109375,79.8897933959961,0.381323218345642,0.111645959317684,0.000924185151234269,0.0104185761883855,0,0.0375035256147385,0,0.457116067409515,565507.5625,NA,NA
"PL814",-0.303779363632202,9.57526969909668,18.6275882720947,9.74206638336182,18.9313678741455,2.06802368164062,2.28786206245422,2.82538652420044,1.78654861450195,84.460578918457,72.712287902832,72.6182556152344,80.589241027832,0.418850123882294,0.117307007312775,0.000174346365383826,0.0392769873142242,0,0,0,0.422774344682693,675252.625,NA,NA
"PL815",-0.103436909615993,9.6956729888916,18.6898803710938,9.82998752593994,18.7933177947998,1.99837934970856,2.18651056289673,2.78763651847839,1.7147513628006,84.1542510986328,72.3419876098633,72.2925567626953,80.35888671875,0.356869459152222,0.115416675806046,3.11183066514786e-05,0.0139802033081651,0,0,0,0.510123789310455,476904.65625,NA,NA
"PL821",-1.04011404514313,9.09959030151367,17.9183406829834,9.36148834228516,18.9584541320801,2.18861603736877,2.86290502548218,3.95763516426086,2.23490118980408,84.934814453125,74.2075042724609,77.2001419067383,81.1067733764648,0.149438410997391,0.060554888099432,0.000230120946071111,0.0131166968494654,0,0.155081063508987,0.00740348547697067,0.614148378372192,417352.09375,NA,NA
"PL822",-0.215643361210823,9.77885627746582,18.6359100341797,10.0301485061646,18.8515529632568,2.07777690887451,2.58783626556396,3.35061049461365,1.90996360778809,83.3083801269531,72.8015518188477,74.6625747680664,79.2023468017578,0.255918860435486,0.0929171591997147,0.000205157877644524,0.012750462628901,0,0.0876366943120956,0,0.550571620464325,347895.53125,NA,NA
"PL823",-0.102365396916866,9.91451263427734,18.7292804718018,10.1028776168823,18.8316459655762,2.0711236000061,2.50657677650452,3.30017232894897,1.8736160993576,83.0541839599609,72.0048751831055,73.1510009765625,78.7964782714844,0.202595129609108,0.0899277776479721,3.57568319486745e-06,0.0281975977122784,0,0,0,0.679275929927826,507675.28125,NA,NA
"PL824",-0.0119880465790629,9.94250106811523,18.7789478302002,10.0964021682739,18.7909355163574,1.92499005794525,2.3274507522583,3.08327603340149,1.74587035179138,82.8375625610352,71.7177734375,72.2529983520508,78.6635055541992,0.254563540220261,0.0981746912002563,1.12826091935858e-06,0.0274973921477795,0,0,0,0.619035422801971,616999.75,NA,NA
"PL841",-0.968941807746887,8.86454963684082,18.1787948608398,9.15217208862305,19.1477375030518,1.90880239009857,1.97715842723846,2.79157567024231,1.81361150741577,86.4091873168945,73.860481262207,74.4689407348633,83.382194519043,0.257300168275833,0.118064261972904,0.00765067106112838,0.0222513377666473,0,0.0135598722845316,0,0.579568266868591,499841.375,NA,NA
"PL842",-0.584303379058838,9.15425777435303,18.3760280609131,9.38113784790039,18.9603328704834,1.98874819278717,2.04342985153198,2.86364984512329,1.81066846847534,86.3443908691406,73.8631973266602,73.9058837890625,82.9100112915039,0.296872496604919,0.148336216807365,0.00437583634629846,0.00730159226804972,0,3.33214966036222e-12,0,0.542834103107452,400811.25,NA,NA
"PL843",-0.934148490428925,8.60904502868652,17.989221572876,9.1434440612793,18.9233684539795,1.97353672981262,1.98193299770355,2.81431341171265,1.8936003446579,86.9078216552734,74.3246307373047,75.3693466186523,83.9729385375977,0.290536969900131,0.130828574299812,0.00555992173030972,0.00780316302552819,0,0.0195263922214508,0,0.532410740852356,276325.03125,NA,NA
"PL911",0.414195239543915,9.91907024383545,18.9128494262695,10.0202884674072,18.4986553192139,1.91437911987305,1.88384008407593,2.66133522987366,1.49898314476013,84.7307281494141,72.8452224731445,72.2877426147461,81.4242553710938,0.219870567321777,0.0788493379950523,7.72316821606722e-10,0.153608307242393,0,0,0,0.53917932510376,397485.59375,NA,NA
"PL912",0.163615345954895,9.74260139465332,18.7559852600098,9.87146854400635,18.5923709869385,1.86825203895569,1.91703152656555,2.66637587547302,1.5588127374649,85.0394592285156,73.0003509521484,72.5406875610352,81.6752777099609,0.271007806062698,0.113502763211727,0.000770624144934118,0.0822244882583618,0,0,0,0.528569877147675,1387289,NA,NA
"PL913",0.436059772968292,9.89447975158691,18.8980102539062,10.0328569412231,18.461950302124,1.85097360610962,1.87171733379364,2.60964512825012,1.46344828605652,84.7052154541016,73.0930786132812,72.2969665527344,81.3074340820312,0.266059428453445,0.0891554281115532,0.00023547672026325,0.0961036309599876,0,0,0,0.53782993555069,1239615.375,NA,NA
"PL921",0.101411253213882,9.79258918762207,18.7536144256592,9.90175819396973,18.6522045135498,1.81269419193268,2.06361651420593,2.7164740562439,1.59476065635681,83.9374847412109,72.6108093261719,72.1467590332031,80.5336227416992,0.296688288450241,0.0957874953746796,0.000297819438856095,0.0202085971832275,0,0,0,0.582075893878937,644960.625,NA,NA
"PL922",0.31506958603859,9.54146099090576,18.5438041687012,9.94664096832275,18.2287368774414,1.89991343021393,1.90118265151978,2.52927660942078,1.57342278957367,86.4535598754883,74.3413848876953,73.5081329345703,82.5004272460938,0.362211912870407,0.150267943739891,0.000154480308992788,0.00786460656672716,0,4.56021505279569e-13,0,0.477524071931839,342924.21875,NA,NA
"PL923",0.661284565925598,9.78397274017334,18.6682071685791,10.1745929718018,18.0069217681885,1.73137998580933,1.76843392848969,2.42405533790588,1.44625449180603,85.7388000488281,73.8159561157227,72.5160369873047,81.5921630859375,0.394255578517914,0.147703602910042,1.17690468481868e-09,0.0146261742338538,0,0,0,0.43289515376091,307226.5625,NA,NA
"PL924",-0.113105818629265,9.29279327392578,18.418493270874,9.66416835784912,18.5315971374512,2.04460382461548,2.05645394325256,2.77140140533447,1.76510643959045,86.28662109375,73.7907409667969,73.2769088745117,82.6174011230469,0.267781764268875,0.157016739249229,0.000242271111346781,0.0052685309201479,0,4.98244674684845e-12,0,0.569390058517456,344253.9375,NA,NA
"PL925",-0.134394153952599,9.60174942016602,18.6660804748535,9.71204662322998,18.8004760742188,1.87720108032227,1.99463415145874,2.71752786636353,1.69549763202667,85.533088684082,73.4129409790039,73.1575546264648,82.109504699707,0.333419889211655,0.145507171750069,0.00026160481502302,0.00946434307843447,0,0,0,0.508957505226135,436758.90625,NA,NA
"PL926",0.427201062440872,9.88244247436523,18.8673152923584,10.0205841064453,18.4401149749756,1.80240714550018,1.94417893886566,2.59130120277405,1.48032641410828,84.2907943725586,72.8706665039062,71.9683456420898,80.7999725341797,0.346488803625107,0.114910148084164,0.00117297482211143,0.010413802228868,0,0,0,0.52101719379425,223931.34375,NA,NA
"PT111",8.73651218414307,12.7618951797485,20.3912754058838,15.4163475036621,11.654764175415,5.49433326721191,3.62877750396729,1.11825144290924,4.31289911270142,81.6636962890625,76.6346588134766,72.2927780151367,77.4466018676758,0.0681479498744011,0.0867581591010094,4.8145815112477e-10,0.0253454353660345,0.000158724142238498,0,0.657773435115814,0,250020,NA,NA
"PT112",8.39851665496826,12.5107469558716,20.2427234649658,15.1860437393188,11.8442068099976,5.25800132751465,3.53302907943726,1.01419448852539,4.04732608795166,81.5383529663086,76.0143737792969,71.0411758422852,76.7295150756836,0.0738165155053139,0.0688552111387253,3.51837142753553e-10,0.0457181185483932,0.000105695289676078,0,0.66781747341156,0,219531.9375,NA,NA
"PT119",7.68739557266235,12.139407157898,20.447265625,14.8391666412354,12.7598695755005,4.74307489395142,3.2689905166626,0.826387822628021,3.55822682380676,81.8373794555664,74.6131057739258,67.7841491699219,75.2652740478516,0.100499376654625,0.0922068133950233,0.00020328581740614,0.037887055426836,8.22643851279281e-05,0,0.737593114376068,0,303999.875,NA,NA
"PT11A",10.3815937042236,14.5109281539917,21.7885513305664,17.152515411377,11.4069576263428,4.45927000045776,3.07861042022705,0.742680609226227,3.41007208824158,80.4606399536133,74.5735778808594,69.333740234375,75.3020248413086,0.0900609195232391,0.0492758303880692,7.77468533996739e-10,0.0969495475292206,1.92614691557624e-11,0,0.568390250205994,0,689271.6875,NA,NA
"PT11B",6.03455543518066,11.2565393447876,20.8592414855957,13.8914136886597,14.8246870040894,4.18952703475952,2.9086856842041,0.775089204311371,3.22423624992371,81.8803634643555,72.1515731811523,61.6091728210449,72.4855804443359,0.090448185801506,0.143849104642868,0.00105003034695983,0.00584154110401869,0.000210415673791431,0.00855770707130432,0.744833588600159,0.00143134943209589,85672.0390625,NA,NA
"PT11C",8.53260040283203,12.9735946655273,21.1337566375732,15.6788234710693,12.6011543273926,4.3348183631897,3.03957390785217,0.709215223789215,3.20779490470886,81.3868408203125,73.9459075927734,67.0979156494141,74.6255340576172,0.139825791120529,0.105510741472244,1.85486881409958e-09,0.0333203673362732,2.68805568082175e-11,0,0.721343100070953,0,502626.96875,NA,NA
"PT11D",7.02585935592651,12.3576822280884,22.1419315338135,15.0379552841187,15.1160726547241,2.83265352249146,1.97704231739044,0.473965227603912,2.18910026550293,81.1546859741211,69.5653839111328,57.0427627563477,69.9967422485352,0.118850268423557,0.166224420070648,0.00318297278136015,0.00721833109855652,1.59482453909732e-07,0.304938822984695,0.334225326776505,0.0653597116470337,161181.078125,NA,NA
"PT11E",6.46817827224731,12.47962474823,22.9675998687744,15.0367050170898,16.4994201660156,2.73593258857727,1.96291565895081,0.538919746875763,2.10972142219543,80.6714096069336,67.4786148071289,52.0310173034668,67.6860046386719,0.139126494526863,0.198218882083893,0.0150236440822482,0.00318103050813079,0.000143891113111749,0.212733313441277,0.347128033638,0.0835241824388504,93075.8203125,NA,NA
"PT150",12.0469465255737,16.1959953308105,23.7592220306396,18.9452209472656,11.7122745513916,2.73457884788513,1.6316727399826,0.151742085814476,1.62097954750061,77.1647262573242,67.7101593017578,56.1395606994629,69.2981872558594,0.0988273993134499,0.106529302895069,0.0143908187747002,0.0102193029597402,0,0.454592257738113,0,0.105055347084999,304709.96875,NA,NA
"PT16B",11.9685659408569,15.6021223068237,22.3088970184326,18.3581352233887,10.3403301239014,2.3941662311554,1.7042418718338,0.295969218015671,1.88701474666595,79.2013244628906,74.506706237793,71.2721405029297,76.6238021850586,0.156125769019127,0.147849529981613,1.87925593309046e-06,0.0150136826559901,7.32014449056351e-12,0.0770639851689339,0.245502158999443,0.0409233383834362,311086.25,NA,NA
"PT16D",11.1000804901123,15.2088594436646,22.4810810089111,17.8744201660156,11.3809995651245,4.18577289581299,2.86679339408875,0.621126890182495,3.34073758125305,79.380012512207,73.9165115356445,68.9822540283203,74.7835998535156,0.0745271295309067,0.0441655851900578,3.9915748484276e-10,0.0433396548032761,2.07379929201279e-11,0,0.594486653804779,0,190472.859375,NA,NA
"PT16E",10.6547050476074,14.9324789047241,23.0324935913086,17.7386684417725,12.3777894973755,3.29527640342712,2.26589059829712,0.407082080841064,2.60132217407227,79.1101150512695,72.6293640136719,65.2457809448242,72.7644271850586,0.080959789454937,0.0681177005171776,0.00038989566382952,0.0231174621731043,1.78643246029342e-11,0.176626458764076,0.541683793067932,0.011948749423027,340161.375,NA,NA
"PT16F",11.2820405960083,15.4240236282349,23.0536842346191,18.1422901153564,11.7716445922852,2.82511496543884,1.99334287643433,0.345744490623474,2.36686682701111,78.6190032958984,72.3999404907227,66.9415435791016,73.8668899536133,0.0992370247840881,0.109487250447273,1.85407316166675e-07,0.0342929661273956,1.383392315632e-12,0.554960548877716,0.0414393395185471,0.121780544519424,229985.625,NA,NA
"PT16G",9.29928016662598,14.0213632583618,22.6745910644531,16.7211151123047,13.3753089904785,3.96359086036682,2.73934245109558,0.548013031482697,2.98016810417175,80.8633193969727,72.1679229736328,62.4315376281738,72.053337097168,0.0793986916542053,0.0821706205606461,4.66538840555586e-05,0.0208108518272638,2.16071310149557e-11,0.0259359125047922,0.788386762142181,0.003250538604334,252003.5,NA,NA
"PT16H",9.6200361251831,14.8902721405029,24.7797031402588,17.6691436767578,15.1596660614014,2.47032189369202,1.84166240692139,0.258157104253769,2.25524687767029,77.1494293212891,65.0927886962891,49.0628204345703,65.0442123413086,0.106762245297432,0.204415693879128,0.0376684814691544,0.00493267178535461,0,0.53849470615387,0,0.107592329382896,77813.3515625,NA,NA
"PT16I",11.0172166824341,15.4173641204834,23.5407981872559,18.1750049591064,12.5235824584961,2.70122289657593,1.91604685783386,0.300777614116669,2.34719705581665,78.3291091918945,69.7371139526367,60.3710746765137,70.9251861572266,0.0953632816672325,0.118220470845699,0.00714311329647899,0.0154201546683908,0,0.616378128528595,0,0.141062170267105,173478.078125,NA,NA
"PT16J",8.0359697341919,13.3831214904785,23.531831741333,16.1935043334961,15.4958639144897,2.82692456245422,2.07888126373291,0.343927890062332,2.38339471817017,79.5744400024414,67.8635787963867,52.1409187316895,67.1308822631836,0.10951092094183,0.204465836286545,0.0154013223946095,0.00803586840629578,7.23937728340507e-13,0.509985983371735,0.0270947236567736,0.125391200184822,166619.390625,NA,NA
"PT170",12.7426204681396,16.5098304748535,23.1008014678955,19.1634521484375,10.3581809997559,2.23896336555481,1.56229078769684,0.240588963031769,1.78405106067657,78.8244323730469,72.4701995849609,67.2965774536133,74.8289260864258,0.130410850048065,0.12695249915123,0.000106854095065501,0.129071146249771,2.22672236010156e-13,0.223782032728195,0.00746795535087585,0.141039177775383,1915846.75,NA,NA
"PT181",12.3695478439331,16.5546855926514,23.8985862731934,19.2836837768555,11.5290384292603,2.2994589805603,1.54426264762878,0.147974282503128,1.58319044113159,77.8938369750977,70.3432922363281,62.8948593139648,72.3152847290039,0.1396594196558,0.141148090362549,0.0341186039149761,0.00239684106782079,0,0.277921676635742,0,0.160887181758881,91808.0234375,NA,NA
"PT184",11.7318744659424,16.5477485656738,25.0002975463867,19.2965202331543,13.26842212677,2.0646665096283,1.56809413433075,0.146136835217476,1.47890794277191,76.4912872314453,65.2861099243164,52.3034400939941,66.4932479858398,0.254101902246475,0.254552096128464,0.0452522970736027,0.00375697971321642,0,0.213490888476372,0,0.2171800583601,122697.09375,NA,NA
"PT185",12.1240854263306,16.3669452667236,24.0341243743896,19.114896774292,11.9100370407104,2.17386746406555,1.60005009174347,0.179435923695564,1.8953617811203,78.1248168945312,68.8278121948242,59.4410552978516,70.6951065063477,0.20004902780056,0.208386197686195,0.0122313043102622,0.0181430839002132,0,0.302358567714691,0,0.253054231405258,340012.46875,NA,NA
"PT186",10.9054298400879,16.0574684143066,25.5632171630859,18.8671436309814,14.657787322998,2.15178656578064,1.64661312103271,0.191639333963394,1.89035487174988,76.5198822021484,64.5436859130859,49.6470642089844,64.9479064941406,0.217957213521004,0.299754917621613,0.0291902907192707,0.00493565620854497,0,0.271349102258682,0,0.176812797784805,108141.9453125,NA,NA
"PT187",11.5919504165649,16.5142822265625,25.3164348602295,19.2915515899658,13.7244834899902,1.98777031898499,1.56331884860992,0.158994987607002,1.63652181625366,76.2593841552734,64.7727737426758,51.3325080871582,65.8897857666016,0.26148334145546,0.302658468484879,0.0293489713221788,0.00675339763984084,0,0.177821964025497,0,0.221193000674248,170449.375,NA,NA
"RO111",0.471237570047379,11.2214708328247,20.8087005615234,11.3064603805542,20.3374614715576,2.3467812538147,2.45930290222168,2.95305585861206,2.07510757446289,83.1636657714844,68.3821487426758,67.8004608154297,76.1343612670898,0.277114301919937,0.223672568798065,0.0210685897618532,0.00423156144097447,0,0.215571790933609,0.0132764698937535,0.245064690709114,371245.6875,NA,NA
"RO112",-2.62639856338501,8.51072216033936,17.6279106140137,8.65897178649902,20.2543087005615,1.97295081615448,2.50724911689758,3.52424144744873,1.92394161224365,84.855598449707,72.5076293945312,76.1938629150391,79.7594451904297,0.236174583435059,0.0796912685036659,0.00799056608229876,0.00537667982280254,0.000138083269121125,0.00630818866193295,0.632133603096008,0.0321870259940624,275550.46875,NA,NA
"RO113",-1.17231869697571,9.63474082946777,19.0051097869873,9.84304809570312,20.1774272918701,2.14106822013855,2.4629065990448,3.24743628501892,1.86319780349731,84.183708190918,71.4379653930664,73.3297119140625,78.8508148193359,0.200719058513641,0.269410640001297,0.0349272564053535,0.00938848871737719,0,0.195939093828201,0.0953638330101967,0.194251671433449,646007.5625,NA,NA
"RO114",-2.76923680305481,8.07869338989258,17.3263244628906,8.29644012451172,20.0955619812012,2.45248961448669,2.79422664642334,3.74488949775696,2.28313899040222,85.1264266967773,73.3539886474609,76.9657516479492,80.6727600097656,0.0818756222724915,0.183501645922661,0.024207467213273,0.00990753062069416,0.000746541656553745,0.0132797285914421,0.67469310760498,0.0117883048951626,442842.625,NA,NA
"RO115",0.298186987638474,11.4173984527588,20.7593975067139,11.2732229232788,20.4612121582031,2.0019223690033,2.14605522155762,2.7488124370575,1.77756190299988,82.5914993286133,67.4715042114258,68.2105560302734,75.5232467651367,0.264730393886566,0.25172632932663,0.00229326193220913,0.00880159065127373,6.96832139510661e-05,0.0516520701348782,0.191387042403221,0.229339569807053,338366.8125,NA,NA
"RO116",-0.414753675460815,10.5124454498291,19.8383827209473,10.5322923660278,20.2531356811523,1.75498759746552,2.16234827041626,2.90402746200562,1.6808705329895,83.4099426269531,69.7250442504883,71.0102310180664,77.432746887207,0.186775252223015,0.308945089578629,0.00877921003848314,0.00606564618647099,0,0.210207179188728,0.0504148341715336,0.228812798857689,192885.171875,NA,NA
"RO121",-1.41260802745819,8.93896484375,18.4505996704102,9.44655990600586,19.8632068634033,1.67693042755127,2.15703678131104,2.96059370040894,1.58589243888855,82.7739715576172,71.9631805419922,73.8396759033203,78.286506652832,0.135242402553558,0.228230953216553,0.0500516481697559,0.0044389171525836,1.10829463016996e-30,0.117597855627537,0.307324796915054,0.157113417983055,282640.40625,NA,NA
"RO122",-1.59357953071594,9.10122203826904,18.4186744689941,9.40477275848389,20.0122547149658,1.74279987812042,2.33441042900085,3.44135618209839,1.85373306274414,83.6338348388672,73.0293807983398,75.8789291381836,80.0986404418945,0.155049458146095,0.105876699090004,0.0252376385033131,0.00817820522934198,0,0.356866538524628,0.0682615041732788,0.280529975891113,415230.375,NA,NA
"RO123",-2.38431143760681,8.45829105377197,18.0081024169922,8.82263946533203,20.3924140930176,1.58229875564575,2.26142811775208,3.3685781955719,1.72681438922882,84.1723785400391,73.8033218383789,77.0640335083008,81.0133590698242,0.146624654531479,0.103915512561798,0.0289992317557335,0.0105879316106439,0,0.33464851975441,0.267129510641098,0.108094625174999,279299.09375,NA,NA
"RO124",-3.73978185653687,7.33185195922852,16.623384475708,7.64881706237793,20.363166809082,1.51163041591644,2.18315839767456,3.28606915473938,1.6397784948349,84.7287063598633,73.2172927856445,77.1575698852539,80.0197906494141,0.15642523765564,0.0914556533098221,0.0239131543785334,0.00378829892724752,0,0.0328932218253613,0.679670691490173,0.0118236588314176,250296.0625,NA,NA
"RO125",-1.70963084697723,9.56437587738037,18.7362022399902,9.60571956634521,20.4458312988281,1.48886942863464,2.09316635131836,3.00616502761841,1.62091839313507,83.8776016235352,70.4580307006836,73.617431640625,77.6632690429688,0.340155392885208,0.0999806821346283,0.00548744248226285,0.00737957935780287,0,0.0746755227446556,0.328072488307953,0.144248872995377,462098,NA,NA
"RO126",-1.22712481021881,9.3969030380249,18.7882633209229,9.73691177368164,20.0153884887695,1.60147297382355,2.23034405708313,3.20985889434814,1.75167441368103,83.156852722168,71.7122421264648,73.7686996459961,78.422492980957,0.190235793590546,0.113442353904247,0.0256998781114817,0.00686033954843879,0,0.323525696992874,5.67093375138938e-05,0.340179175138474,353467.53125,NA,NA
"RO211",-1.36525571346283,9.75589847564697,19.7834758758545,10.118968963623,21.1487293243408,1.31298577785492,2.06831502914429,3.11218929290771,1.60368847846985,82.0423431396484,70.6450271606445,72.4727935791016,78.1959075927734,0.239778250455856,0.211088463664055,0.0163308158516884,0.00922645628452301,0,0.273565679788589,0.102395832538605,0.147179424762726,477728.09375,NA,NA
"RO212",-0.129828631877899,11.0222301483154,21.4001808166504,11.3841495513916,21.53000831604,1.35491693019867,1.99134802818298,2.99241518974304,1.48449003696442,81.1655349731445,67.7850341796875,69.1750717163086,76.0627822875977,0.488308399915695,0.17338690161705,0.00220561865717173,0.00805293023586273,0,0.102248325943947,0,0.225255995988846,389968.96875,NA,NA
"RO213",-0.0689708739519119,11.2416925430298,21.4942283630371,11.4994077682495,21.5631999969482,1.56527829170227,2.11643099784851,2.84525442123413,1.66798150539398,81.4626846313477,67.5711898803711,68.0436859130859,75.8817749023438,0.422670841217041,0.209853067994118,0.000836645718663931,0.00951936934143305,0,0.119910337030888,0,0.237097412347794,515028,NA,NA
"RO214",-2.42876768112183,8.70445442199707,18.506326675415,9.07370376586914,20.935094833374,1.43022406101227,2.31884574890137,3.45938682556152,1.57447028160095,82.3502197265625,71.5573425292969,74.2077713012695,78.8896408081055,0.201463684439659,0.177567094564438,0.0106381447985768,0.0107269240543246,0,0.370847314596176,0.0709124207496643,0.155380427837372,435492.15625,NA,NA
"RO215",-3.17728114128113,7.76896047592163,17.3317413330078,8.22897720336914,20.5090217590332,1.43212687969208,2.47043871879578,3.86242461204529,1.58498501777649,82.5391082763672,73.1943359375,76.8185501098633,79.6920700073242,0.168224602937698,0.094461590051651,0.00817231554538012,0.00736624607816339,3.75235708816035e-06,0.415156364440918,0.142904043197632,0.163037344813347,475804.40625,NA,NA
"RO216",0.14336259663105,11.3259983062744,21.7931327819824,11.6597681045532,21.649772644043,1.51183366775513,1.83700251579285,2.47153806686401,1.74077594280243,81.5760040283203,67.329475402832,66.3168869018555,75.5603485107422,0.478016763925552,0.201715528964996,0.000249110424192622,0.0053986725397408,0,0.0976899787783623,0,0.216826811432838,294625.3125,NA,NA
"RO221",1.72977042198181,12.6497669219971,23.6272201538086,13.2908592224121,21.8974514007568,1.53135907649994,1.54037928581238,1.96283841133118,1.53779482841492,81.1879425048828,67.7886505126953,63.4374732971191,75.1576614379883,0.635136246681213,0.172438725829124,0.0228264126926661,0.00952018611133099,0,0.0199421141296625,0,0.122190624475479,378194.75,NA,NA
"RO222",0.1861781924963,11.1845331192017,21.5736045837402,11.5897073745728,21.3874263763428,1.65696859359741,1.90528392791748,2.7364010810852,1.803626537323,80.6776962280273,68.7957382202148,67.2938003540039,76.5548858642578,0.453054130077362,0.175354719161987,0.00965506955981255,0.00971089117228985,0,0.150569215416908,0.089532196521759,0.110609725117683,420775.3125,NA,NA
"RO223",2.81642365455627,12.1943359375,23.5403060913086,13.9179029464722,20.7238807678223,1.35541319847107,1.51080584526062,1.51293444633484,1.6777491569519,81.0523681640625,71.2404403686523,66.5537872314453,76.7692108154297,0.54831063747406,0.142439693212509,0.0165403485298157,0.00534821348264813,0,0.0204970724880695,0,0.144205749034882,339447.8125,NA,NA
"RO224",0.84664523601532,12.0250949859619,22.8306007385254,12.4836587905884,21.9839553833008,1.60823571681976,1.71573841571808,2.2361466884613,1.73195815086365,80.8939666748047,67.1858825683594,63.9136505126953,74.9050979614258,0.613756358623505,0.173229768872261,0.0189100727438927,0.00571146048605442,0,0.0365757346153259,0,0.146515592932701,290090.65625,NA,NA
"RO225",2.19640612602234,12.0609140396118,23.3259143829346,13.3119297027588,21.1295070648193,1.26956272125244,1.27644300460815,1.50317060947418,1.49136114120483,81.1419296264648,70.9713363647461,66.0796203613281,76.5831985473633,0.348253011703491,0.129961207509041,0.140996918082237,0.00695999898016453,0,0.0636307299137115,0,0.0880852416157722,303196.4375,NA,NA
"RO226",-0.724537193775177,10.2270250320435,20.5651607513428,10.670672416687,21.2896995544434,1.73018729686737,2.1257381439209,2.95691823959351,1.9140499830246,80.2452774047852,69.1264038085938,68.6703720092773,76.668815612793,0.334445387125015,0.167702108621597,0.00453927461057901,0.0085086626932025,0,0.345589220523834,0.00280616572126746,0.135769426822662,302450.15625,NA,NA
"RO311",-0.432376772165298,10.1351470947266,20.1608772277832,10.6711311340332,20.5932540893555,1.84337902069092,2.29169726371765,3.15349531173706,1.87530827522278,83.6125335693359,71.9606552124023,73.0679321289062,79.8710556030273,0.188357278704643,0.0687034800648689,0.0167274158447981,0.00902528036385775,0,0.126430332660675,0.499351292848587,0.0914049074053764,547277.3125,NA,NA
"RO312",2.02959489822388,12.9177255630493,23.9233798980713,13.4976463317871,21.8937854766846,1.87772643566132,1.79826951026917,2.02157258987427,1.813521027565,82.863151550293,68.9213333129883,65.1649169921875,76.5026779174805,0.620249390602112,0.146102800965309,0.0245383735746145,0.014081303961575,0,0.0247135572135448,0,0.149411588907242,752836.1875,NA,NA
"RO313",0.358799010515213,11.1175289154053,21.3699989318848,11.5275068283081,21.0111999511719,1.90800940990448,2.19617915153503,2.96798849105835,1.89150846004486,83.5768280029297,71.4714126586914,71.9499740600586,79.7875747680664,0.265173554420471,0.0628310665488243,0.00723220501095057,0.0105490675196052,0,0.183436557650566,0.40001791715622,0.0707596391439438,449396.28125,NA,NA
"RO314",1.73570227622986,12.9343872070312,23.9842357635498,13.4230012893677,22.2485332489014,2.21979856491089,1.92723917961121,2.16673469543457,1.85459613800049,84.0916213989258,68.7947235107422,65.3929977416992,76.660026550293,0.493876487016678,0.111183479428291,0.0122673017904162,0.0248337499797344,0,0.0215186029672623,0.0193050932139158,0.315637141466141,1046635.9375,NA,NA
"RO315",1.81326138973236,12.7630882263184,23.7504196166992,13.3320875167847,21.9371585845947,1.58141624927521,1.60905730724335,1.93758463859558,1.60415863990784,82.1488494873047,68.3924713134766,64.2180709838867,76.0141677856445,0.658845365047455,0.155359447002411,0.0245254170149565,0.00462013203650713,0,0.00973498355597258,0,0.13999255001545,232250.265625,NA,NA
"RO316",-0.193002820014954,10.2996196746826,20.3887844085693,10.8053646087646,20.581787109375,1.95817410945892,2.13204336166382,3.19338536262512,1.98781645298004,82.2637176513672,71.3041687011719,71.9199829101562,79.0908432006836,0.254413217306137,0.102258272469044,0.0171596705913544,0.0111257517710328,0,0.232938215136528,0.220035582780838,0.162069365382195,535616.625,NA,NA
"RO317",1.63416945934296,13.0951642990112,24.1679248809814,13.614294052124,22.5337562561035,1.87386202812195,1.80881226062775,2.07862734794617,1.57826411724091,83.8566665649414,67.8208084106445,63.4699592590332,75.5231628417969,0.524548709392548,0.127837657928467,0.0101080220192671,0.0065905824303627,0,0.0163369309157133,0.000128623243654147,0.312865316867828,328804.53125,NA,NA
"RO321",1.73496758937836,12.9292163848877,23.958646774292,13.3209848403931,22.2236785888672,2.50654792785645,1.97947204113007,2.21054887771606,1.98186898231506,84.086555480957,68.8691482543945,65.5205383300781,77.011848449707,0.537839412689209,0.102148823440075,0.0285864844918251,0.0679577887058258,0,0.0209280792623758,0.00120597949717194,0.24104705452919,188936.46875,NA,NA
"RO322",1.53344678878784,12.8255109786987,23.6671981811523,13.1269569396973,22.1337509155273,2.16178631782532,1.93868947029114,2.33184170722961,1.90980041027069,83.7873611450195,68.941535949707,66.1236267089844,77.3946533203125,0.534762322902679,0.0980823785066605,0.0104712434113026,0.0347807817161083,0,0.0253582149744034,0.0355358086526394,0.260904341936111,612445.3125,NA,NA
"RO411",1.85612070560455,13.0494613647461,23.8046951293945,13.266884803772,21.9485740661621,1.93773937225342,2.01721620559692,1.87975132465363,1.60044300556183,83.2692489624023,66.1401748657227,60.5675239562988,74.2558898925781,0.358045339584351,0.12641678750515,0.0109048979356885,0.00962993875145912,0,0.0207837112247944,0.0557751059532166,0.416911602020264,555449.375,NA,NA
"RO412",-0.518587648868561,9.59794807434082,19.7798919677734,10.3231372833252,20.2984790802002,2.02278518676758,2.33641195297241,2.6848578453064,1.92177069187164,83.4567413330078,71.35302734375,71.4673461914062,79.2240219116211,0.120402358472347,0.053212720900774,0.0136444019153714,0.00589251192286611,0,0.156228065490723,0.6027392745018,0.0477056466042995,282515.875,NA,NA
"RO413",1.56966114044189,12.0744647979736,22.5601844787598,12.4351530075073,20.9905223846436,2.02787828445435,2.18055391311646,2.05449318885803,1.83725881576538,84.0392303466797,68.9486541748047,65.8683624267578,77.813720703125,0.201998084783554,0.082832008600235,0.00215468346141279,0.00591744622215629,1.3284253257931e-20,0.00839998573064804,0.490024298429489,0.20479442179203,234552.484375,NA,NA
"RO414",1.41367280483246,12.998104095459,23.8660793304443,13.3518972396851,22.4524059295654,1.89473485946655,1.93400347232819,2.23412537574768,1.56194877624512,83.9094085693359,67.2567901611328,63.3966522216797,75.5599365234375,0.436089217662811,0.100413106381893,0.00535256182774901,0.00918485596776009,0,0.017841387540102,0.144017860293388,0.286548316478729,385739.90625,NA,NA
"RO415",-0.681600153446198,9.80060768127441,19.8153820037842,10.3723745346069,20.4969825744629,1.98844468593597,2.29883790016174,2.85043525695801,1.84842824935913,83.3510131835938,71.325927734375,72.6507873535156,79.4726867675781,0.141816601157188,0.0568166486918926,0.014678543433547,0.00712024047970772,0,0.294239670038223,0.414233267307281,0.0710950866341591,306421.5,NA,NA
"RO421",1.28743648529053,11.7782325744629,21.638879776001,12.0084180831909,20.3514423370361,1.7978128194809,2.01599836349487,2.4350893497467,1.75662565231323,83.2978668212891,68.6600189208984,68.0275268554688,76.770263671875,0.372467547655106,0.148829951882362,0.00495899328961968,0.0051068919710815,0,0.221772164106369,0.0232500582933426,0.223614364862442,373391.9375,NA,NA
"RO422",0.562045872211456,10.3277549743652,20.6036911010742,11.1468648910522,20.0416450500488,2.2988338470459,2.36581778526306,2.7234034538269,2.093914270401,83.9797973632812,71.6245574951172,71.6181182861328,79.4227142333984,0.139730051159859,0.0914465337991714,0.00698878150433302,0.00613122945651412,1.46370788769866e-20,0.382963359355927,0.204649746417999,0.165075778961182,245836.0625,NA,NA
"RO423",-1.01661217212677,8.87811088562012,18.7175941467285,9.67378997802734,19.7342052459717,1.72641885280609,2.07249522209167,2.7668285369873,1.70345711708069,82.7669525146484,72.9672012329102,74.7028427124023,79.6227722167969,0.0675458833575249,0.100457280874252,0.0169692132622004,0.00744885997846723,2.87922464177415e-30,0.106235235929489,0.665313601493835,0.0360298976302147,325792.65625,NA,NA
"RO424",2.10478377342224,12.5676965713501,22.7680339813232,12.897741317749,20.6632480621338,1.54133117198944,1.74244010448456,2.08644080162048,1.58298289775848,82.3189163208008,67.0913848876953,65.2157440185547,75.5772171020508,0.492762356996536,0.164213329553604,0.00138965016230941,0.00852573290467262,0,0.11485281586647,0.00106310402043164,0.217192977666855,666812.4375,NA,NA
"RSG125371",1.27073693275452,11.4409837722778,21.9374256134033,11.9951639175415,20.666690826416,1.98262238502502,2.12159299850464,1.99534714221954,1.90872764587402,85.1960983276367,70.0091857910156,66.3107757568359,78.9200668334961,0.173009440302849,0.0751934051513672,0.00432628532871604,0.00368516030721366,1.34916405237538e-20,0.0778082758188248,0.159035831689835,0.502451658248901,88660.9296875,NA,NA
"RSG125372",1.7245135307312,11.8611431121826,22.4892559051514,12.4817028045654,20.7647438049316,1.8810601234436,1.98918783664703,1.89612233638763,1.87844145298004,83.1967391967773,68.6598739624023,66.2541656494141,76.99658203125,0.31903013586998,0.102326795458794,0.00856520887464285,0.0063882670365274,3.3677503873949e-23,0.231625646352768,0.000282024207990617,0.326409310102463,130352.484375,NA,NA
"RSG125373",2.94474935531616,13.3578052520752,24.0307140350342,13.834771156311,21.0859661102295,1.5933051109314,2.02192783355713,2.23872494697571,1.86462116241455,81.0667114257812,65.1645355224609,61.2098922729492,73.9748840332031,0.524765372276306,0.137319445610046,0.000279549072729424,0.0834226161241531,0,0.00612919824197888,0,0.248068064451218,1249621.375,NA,NA
"RSG125374",0.797770798206329,10.8957605361938,21.4960250854492,11.8104467391968,20.6982536315918,1.72698199748993,1.79741537570953,1.56122374534607,1.93858397006989,80.521240234375,67.5807952880859,62.1871910095215,74.7740325927734,0.238414198160172,0.117464825510979,0.00510843191295862,0.0162468012422323,0,0.183774843811989,0,0.438724488019943,216709.359375,NA,NA
"RSG125375",2.70856070518494,13.447642326355,23.7212963104248,13.4677429199219,21.0127353668213,1.38254904747009,1.74266517162323,2.02715563774109,1.78162562847137,82.0328521728516,63.8554382324219,59.8656005859375,74.7462921142578,0.62884533405304,0.085112564265728,0.00320636387914419,0.0233341883867979,0,0.00877314060926437,0,0.250622063875198,493959.6875,NA,NA
"RSG125376",2.89705681800842,13.3599224090576,23.9200248718262,13.7544183731079,21.0229682922363,1.56086540222168,1.85393500328064,2.08167767524719,1.73674702644348,81.2483444213867,65.4248657226562,62.5710601806641,73.9132461547852,0.593653857707977,0.164854660630226,0.0069294311106205,0.0160152316093445,0,0.00355685432441533,0,0.212452411651611,377377.03125,NA,NA
"RSG125377",1.60899090766907,11.5393400192261,22.157865524292,12.3198223114014,20.5488739013672,1.84533381462097,2.40937376022339,2.36444139480591,2.12221097946167,81.0261077880859,66.7279281616211,64.1857681274414,76.040657043457,0.402341276407242,0.0871377810835838,0.000590628304053098,0.0131874373182654,0,0.116001255810261,0,0.380741626024246,185038.671875,NA,NA
"RSG125381",2.59575271606445,12.6800518035889,23.1847381591797,13.3288087844849,20.5889854431152,1.9546263217926,2.43946647644043,2.37302494049072,2.22986531257629,81.3296508789062,66.1869583129883,63.026424407959,75.4409332275391,0.433683127164841,0.0522151626646519,0.00158264755737036,0.0146671375259757,0,0.199405506253242,0,0.298446416854858,228042.5,NA,NA
"RSG125382",0.980512619018555,10.7411880493164,21.4949779510498,11.7450456619263,20.5144653320312,1.9133563041687,2.27383875846863,2.06398677825928,2.14773941040039,81.4035720825195,69.3040618896484,67.6761093139648,77.482307434082,0.322042912244797,0.119202420115471,0.00394586799666286,0.0147287510335445,0.000103373407910112,0.167977452278137,0.105229414999485,0.266769796609879,208828.53125,NA,NA
"RSG125383",0.982663214206696,11.2026872634888,21.7059078216553,11.904260635376,20.7232456207275,1.79166603088379,1.95778596401215,1.6297060251236,1.88501501083374,81.5096893310547,67.3537292480469,62.3747901916504,75.0528030395508,0.368912756443024,0.144030854105949,0.00367921683937311,0.0168082732707262,0,0.0518451929092407,0,0.414723753929138,239000.40625,NA,NA
"RSG125384",0.638424098491669,10.4649143218994,21.0144386291504,11.6256418228149,20.3760147094727,1.67489683628082,1.76463198661804,1.52882599830627,1.90135395526886,79.0786361694336,66.8453826904297,61.166877746582,73.5891647338867,0.171250686049461,0.149655222892761,0.029032638296485,0.00856813322752714,0,0.221070975065231,0,0.42008638381958,169946.828125,NA,NA
"RSG125386",-0.178180038928986,9.9639196395874,20.3584136962891,10.8324241638184,20.5365924835205,1.67235386371613,1.91455900669098,1.76535964012146,1.82072818279266,81.655876159668,69.2966079711914,67.1295013427734,76.9737548828125,0.162936642765999,0.121101468801498,0.0298705473542213,0.00337856891565025,0,0.150773033499718,0,0.531887948513031,61590.10546875,NA,NA
"RSG125387",2.68189287185669,12.9804124832153,23.6957244873047,13.5069894790649,21.0138320922852,1.62470602989197,1.8956081867218,2.00958275794983,1.79140508174896,80.5177917480469,65.553108215332,62.7673034667969,74.1113510131836,0.541054964065552,0.154755592346191,0.00269650667905807,0.0234480444341898,0,0.00843081623315811,0,0.26781952381134,155024.28125,NA,NA
"RSG125388",1.88097786903381,12.0671396255493,22.7160301208496,12.6990556716919,20.8350524902344,1.83891582489014,2.03943085670471,1.84612965583801,1.85453021526337,81.9911804199219,67.8233108520508,64.6601943969727,75.9647521972656,0.438041627407074,0.114464893937111,0.00294864596799016,0.0151148419827223,0,0.0890906900167465,0,0.34033927321434,187713.765625,NA,NA
"RSG125390",1.09961748123169,11.1749801635742,21.8169231414795,11.9688568115234,20.717306137085,1.98308551311493,2.2968270778656,1.910475730896,2.06489062309265,81.551887512207,68.4945373535156,65.1499710083008,76.2628326416016,0.357098340988159,0.10870585590601,0.00643521873280406,0.0179528351873159,0,0.100069142878056,0,0.409738570451736,209412.390625,NA,NA
"RSG125391",0.235571309924126,9.93515014648438,20.7136096954346,11.0453910827637,20.4780387878418,2.19564914703369,2.48173069953918,1.98630857467651,2.37837767601013,81.3406448364258,69.7384490966797,66.9877548217773,77.0580978393555,0.22409251332283,0.149742767214775,0.018829895183444,0.0147313019260764,0,0.091404639184475,0.175454467535019,0.325744420289993,260607.4375,NA,NA
"RSG125392",2.273921251297,13.2040786743164,23.2265300750732,13.0542259216309,20.9526081085205,1.35830748081207,1.55390417575836,1.95203495025635,1.6788843870163,82.2965087890625,63.3450698852539,59.5796890258789,75.007453918457,0.684897363185883,0.0485637709498405,0.000312625896185637,0.00959897879511118,0,0.00388228590600193,0,0.252745002508163,103427.7109375,NA,NA
"RSG125393",2.49235224723816,13.291748046875,23.4458103179932,13.279899597168,20.9534587860107,1.31577944755554,1.56721091270447,1.9265912771225,1.55741548538208,82.6107864379883,64.2784652709961,60.0830497741699,74.5409774780273,0.65382993221283,0.113295666873455,0.0139394532889128,0.0117804184556007,0,0.00273540848866105,0,0.204419106245041,157095.65625,NA,NA
"RSG125394",2.81855487823486,13.4824876785278,23.868824005127,13.6221885681152,21.0502700805664,1.35596263408661,1.70742607116699,2.03006148338318,1.62110829353333,82.2561874389648,64.7546234130859,60.7361030578613,74.2732162475586,0.642233490943909,0.169124156236649,0.0112503599375486,0.00903709419071674,0,7.45828147046268e-05,0,0.168121382594109,161895.546875,NA,NA
"RSG125395",3.08564949035645,13.6415920257568,24.066707611084,13.9063491821289,20.9810581207275,1.56786847114563,1.99432444572449,2.1691472530365,1.91815841197968,81.6417388916016,64.6023559570312,60.4552230834961,74.5151214599609,0.574833631515503,0.0872769728302956,0.00141618039924651,0.0379064008593559,0,0.0152251264080405,0,0.283254683017731,623852.8125,NA,NA
"RSG125396",2.1706326007843,12.2902774810791,23.0188751220703,12.9343318939209,20.8482398986816,1.66687214374542,2.00486469268799,2.06256222724915,1.84375154972076,80.8473739624023,66.5782775878906,63.7848472595215,75.2503967285156,0.476060718297958,0.147329151630402,0.00328680197708309,0.0219571441411972,0,0.0459405593574047,0,0.305425584316254,253461.296875,NA,NA
"RSG125397",0.694641828536987,10.7839479446411,21.389612197876,11.5977582931519,20.6949691772461,1.90511286258698,2.10750603675842,1.72641456127167,2.06969928741455,81.0256118774414,67.8444366455078,63.2374725341797,75.5699996948242,0.324340373277664,0.113220751285553,0.00275329081341624,0.0165384486317635,0,0.146147102117538,0,0.397000044584274,186440.703125,NA,NA
"RSG125398",0.794730842113495,10.9516086578369,21.4738903045654,11.6396064758301,20.6791591644287,1.83039236068726,2.02933096885681,1.777667760849,1.86321330070496,83.4987182617188,69.2432861328125,65.4303970336914,77.5808410644531,0.25930118560791,0.146075233817101,0.0104049760848284,0.00501984544098377,0,0.0882259085774422,0,0.490452408790588,103415.1484375,NA,NA
"RSG125399",2.30282139778137,13.2477989196777,23.2743225097656,13.0707426071167,20.9715003967285,1.42052972316742,1.65441739559174,1.93326735496521,1.81626355648041,82.0906372070312,63.7785224914551,60.3382148742676,75.6112442016602,0.652513146400452,0.0609341040253639,0.000424414174631238,0.0116809159517288,0,0.0312416795641184,0,0.243205726146698,135151.265625,NA,NA
"RSG125400",0.322411000728607,9.68031692504883,20.46604347229,11.0278949737549,20.1436309814453,2.38214015960693,2.50161337852478,2.10175323486328,2.64601826667786,81.0122756958008,69.856803894043,67.8191375732422,76.9532928466797,0.235032021999359,0.135443598031998,0.00603728927671909,0.0081928838044405,0.00362508301623166,0.0398209467530251,0.506945073604584,0.0649031549692154,262453.46875,NA,NA
"SE110",-0.0391023978590965,6.73035717010498,17.3804378509521,8.79700946807861,17.4195404052734,1.6448826789856,1.2632030248642,2.19296884536743,2.01490950584412,83.9891738891602,72.9123153686523,73.1755828857422,82.7378234863281,0.0962155163288116,0.0214483477175236,0.00605716276913881,0.0573384836316109,0,0.387705773115158,0,0.14151032269001,2325169.25,NA,NA
"SE121",-0.763612270355225,6.45899629592896,16.9516181945801,8.12857913970947,17.7152290344238,1.84867990016937,1.48410975933075,2.36853337287903,2.0283796787262,84.2686309814453,70.1534042358398,70.6126708984375,82.7995452880859,0.168565198779106,0.0290676523000002,0.0102635901421309,0.0109622180461884,2.0094205722945e-28,0.459989070892334,0.0716398879885674,0.137364029884338,428366.875,NA,NA
"SE122",-0.449650585651398,7.04719495773315,17.0268535614014,8.35581302642822,17.476505279541,1.65363776683807,1.42823040485382,2.30080151557922,1.94061291217804,84.7634658813477,71.6789855957031,71.9479904174805,83.3162384033203,0.159325480461121,0.0282892417162657,0.0105736190453172,0.0115294065326452,8.5134028743637e-28,0.389830559492111,0.0346585437655449,0.155473589897156,290658.65625,NA,NA
"SE123",-0.315546840429306,6.99017477035522,16.9063758850098,8.58037567138672,17.221923828125,1.70625150203705,1.57902801036835,2.3491530418396,1.93832194805145,86.0037384033203,73.2157287597656,72.9785842895508,83.9809417724609,0.142934367060661,0.0170312449336052,0.00397198274731636,0.00918973796069622,2.02203261601699e-26,0.482901901006699,0.0809911489486694,0.122843720018864,433780.3125,NA,NA
"SE124",-1.63502645492554,6.23861932754517,16.098445892334,7.33568334579468,17.7334728240967,2.03868508338928,1.90762770175934,2.63341617584229,2.54302597045898,85.8908920288086,72.0175933837891,72.7786026000977,84.5299682617188,0.0998730510473251,0.0173726249486208,0.00333413924090564,0.00851963181048632,2.83801447287784e-24,0.0174368564039469,0.732249319553375,0.00357893784530461,309190.875,NA,NA
"SE125",-1.4646635055542,6.22933864593506,15.9336252212524,7.1916241645813,17.3982887268066,1.69145739078522,1.67092025279999,2.49293923377991,2.11273956298828,84.5377197265625,69.4731826782227,70.7151947021484,83.3802490234375,0.159599795937538,0.0299975462257862,0.00921524781733751,0.0167506281286478,2.27341804554121e-24,0.0247942097485065,0.674145936965942,0.0102976327762008,218927.359375,NA,NA
"SE211",-0.425938457250595,6.6878833770752,16.222188949585,8.37027168273926,16.6481285095215,2.1785523891449,1.96575903892517,2.62901711463928,2.53162741661072,88.5595169067383,74.6047286987305,74.9444122314453,86.2075042724609,0.0650242492556572,0.00846654921770096,0.0040827332995832,0.00718769198283553,8.37206260723439e-30,0.589001476764679,0.166148886084557,0.0702188611030579,333266.5,NA,NA
"SE212",0.252590537071228,7.18786954879761,16.6060886383057,9.07425403594971,16.3534984588623,2.32830262184143,1.97081196308136,2.60013699531555,2.41892385482788,88.8626174926758,75.6148376464844,75.6903228759766,86.0926971435547,0.0455073975026608,0.00978838466107845,0.00296981749124825,0.00607673171907663,1.11656582008987e-26,0.445149809122086,0.34782600402832,0.0479801744222641,227579.71875,NA,NA
"SE213",0.505213737487793,7.15146112442017,17.2163143157959,9.26283740997314,16.7110996246338,1.70936477184296,1.44604563713074,2.22148823738098,1.77999377250671,84.7167587280273,73.7904281616211,72.5395431518555,82.3555068969727,0.0659103766083717,0.0111174834892154,0.00458804331719875,0.00472183292731643,0,0.643890082836151,0,0.0794630497694016,204764.46875,NA,NA
"SE214",1.70928037166595,6.94229984283447,17.7928600311279,10.1284246444702,16.0835800170898,1.62319779396057,1.061727643013,1.80941689014435,1.89440155029297,81.5392227172852,75.5330581665039,73.6759338378906,80.0186080932617,0.131107792258263,0.0360612645745277,0.00468637142330408,0.00230174697935581,0,0.206259936094284,0,0.0945585891604424,21921.599609375,NA,NA
"SE221",1.22270023822784,7.6203441619873,17.1675109863281,9.94391536712646,15.9448118209839,2.3255877494812,1.72771787643433,2.18137240409851,2.12056040763855,85.8760986328125,76.3237075805664,75.6633605957031,83.2471618652344,0.0522365905344486,0.00611540861427784,0.00103272253181785,0.00753156980499625,8.97831562218397e-26,0.526366114616394,0.0260073244571686,0.0987538844347,115812.4296875,NA,NA
"SE224",1.41509652137756,8.03205299377441,17.1926746368408,10.1279220581055,15.7775774002075,2.41823744773865,1.95433783531189,2.47358846664429,2.54560089111328,87.9051971435547,77.5402679443359,76.7713241577148,84.74609375,0.280448615550995,0.0293367225676775,0.000561212829779834,0.0219386108219624,3.68288119901451e-25,0.0605926774442196,0.385804563760757,0.0521201528608799,1342655.875,NA,NA
"SE231",0.936118423938751,7.70730066299438,16.7851715087891,9.55378818511963,15.8490543365479,3.28700661659241,2.52735614776611,3.20697021484375,3.63441896438599,88.2426528930664,75.8738250732422,76.1764755249023,85.7061920166016,0.117747642099857,0.0148111656308174,0.00248271226882935,0.00939248688519001,2.57783335519398e-24,0.000599513296037912,0.680052697658539,0.00114188168663532,260699.6875,NA,NA
"SE232",-0.030320392921567,7.04388046264648,16.6292018890381,8.66520500183105,16.6595230102539,2.59969544410706,2.19593191146851,2.63646650314331,3.23694825172424,86.4621963500977,74.9291687011719,74.3605194091797,84.3464813232422,0.135270491242409,0.0267904698848724,0.00637416588142514,0.00991359166800976,0.00169101834762841,0.176239639520645,0.371092885732651,0.0648616999387741,1433818.375,NA,NA
"SE311",-2.57968616485596,5.83769416809082,15.9163684844971,6.84396314620972,18.4960556030273,2.0659556388855,2.07815742492676,2.71059989929199,2.96160888671875,85.0129470825195,72.3136215209961,71.9841842651367,83.9836883544922,0.048616673797369,0.0141383297741413,0.00471566012129188,0.00788697320967913,0.00657745636999607,0.013655417598784,0.73889946937561,0.00856671296060085,292704.6875,NA,NA
"SEG226001",-7.07341527938843,2.35462713241577,13.0177640914917,3.34519481658936,20.0911808013916,1.70387327671051,1.90832793712616,3.18288969993591,2.6702606678009,83.6670684814453,71.0416793823242,73.1753311157227,84.2001113891602,0.00260615767911077,0.00200992962345481,0.00757318269461393,0.000414509820984676,0.0112205231562257,0,0.957855999469757,0,8096.7314453125,NA,NA
"SEG226002",-2.16692018508911,5.38440847396851,15.0702657699585,6.3728609085083,17.2371864318848,1.59304046630859,1.63370001316071,2.47267532348633,2.05331206321716,83.9918899536133,68.9962158203125,70.17822265625,82.9967956542969,0.102361455559731,0.0156287457793951,0.0127422083169222,0.00432932330295444,1.8271522475464e-28,0,0.822754144668579,0,10869.2900390625,NA,NA
"SEG226003",-3.61941432952881,4.80692958831787,14.8958501815796,5.78195190429688,18.5152645111084,1.76889336109161,1.81730425357819,2.79863905906677,2.30500841140747,84.2846527099609,69.2898254394531,71.2759246826172,83.7702407836914,0.0478861220180988,0.00487732654437423,0.00179137196391821,0.00952000450342894,4.55501657866956e-24,0,0.880157053470612,0,22570.841796875,NA,NA
"SEG226004",-3.60345649719238,4.59873104095459,14.7449035644531,5.73805236816406,18.3483600616455,1.707599401474,1.68021035194397,2.66401720046997,2.22709774971008,84.4923248291016,69.5688934326172,71.1473693847656,83.8943405151367,0.0289660599082708,0.00316205993294716,0.0010968727292493,0.0071508320979774,1.71810087070355e-23,0,0.884661018848419,0,53904.6015625,NA,NA
"SEG226005",-4.01444959640503,4.75231218338013,14.9830179214478,5.65727663040161,18.9974689483643,1.77036070823669,1.91140866279602,2.9189510345459,2.42775678634644,84.4948043823242,69.7167510986328,71.6558303833008,84.1280059814453,0.0209498926997185,0.00350672914646566,0.000959889264777303,0.00438041519373655,5.43289057628344e-24,0,0.905514121055603,0,11613.220703125,NA,NA
"SEG226006",-2.48070740699768,5.28318023681641,15.0163125991821,6.24125528335571,17.4970207214355,1.64166438579559,1.69534134864807,2.58055377006531,2.13659572601318,84.074089050293,69.037483215332,70.5462417602539,83.2710647583008,0.107364475727081,0.015395843423903,0.00983846094459295,0.00563848484307528,1.61845651682776e-24,0,0.822784185409546,0,18036.5390625,NA,NA
"SEG226007",-4.4176344871521,4.60357999801636,14.9038515090942,5.46562719345093,19.3214855194092,1.53372395038605,1.78885400295258,2.82450699806213,2.19860887527466,83.9231338500977,69.7719268798828,71.5737533569336,83.6384124755859,0.0290427729487419,0.00577754667028785,0.00158387597184628,0.00479477224871516,1.06617840890595e-23,0,0.827161252498627,0,22516.55859375,NA,NA
"SEG226008",-3.89334177970886,4.75144577026367,14.9537439346313,5.68211364746094,18.8470859527588,1.94882154464722,2.02034091949463,2.99933433532715,2.59508609771729,84.9051284790039,69.7528762817383,71.7509536743164,84.4605712890625,0.0130102979019284,0.000689014792442322,0.000361440295819193,0.00390752824023366,1.00040519822393e-24,0,0.944700837135315,0,22841.078125,NA,NA
"SEG226009",-5.58465719223022,4.08598709106445,14.5558919906616,4.7498607635498,20.1405487060547,1.984130859375,2.18654036521912,3.22862768173218,2.94443535804749,84.3899459838867,70.3180770874023,72.0049057006836,84.548454284668,0.00417211232706904,0.00200689141638577,0.00909025687724352,0.000862278800923377,0.010721274651587,0,0.944129586219788,0,11459.716796875,NA,NA
"SEG226010",-5.4165472984314,3.97298431396484,14.4259595870972,4.76518297195435,19.8425064086914,1.70087230205536,1.96872818470001,3.08140730857849,2.49251079559326,83.7353820800781,69.826057434082,71.7400741577148,83.7434844970703,0.00907669961452484,0.00144490168895572,0.00168906652834266,0.00152937124948949,2.45641858998006e-24,0,0.938908755779266,0,15939.3828125,NA,NA
"SEG226011",-5.66956186294556,3.6865029335022,14.1508779525757,4.55871915817261,19.8204402923584,1.75328636169434,1.97333800792694,3.16863417625427,2.63549375534058,83.5912628173828,69.7483825683594,71.8283157348633,83.7180633544922,0.0094074672088027,0.00170101260300726,0.000495301675982773,0.00237594940699637,7.35936384861915e-24,0,0.953505337238312,0,14415.884765625,NA,NA
"SEG226012",-4.84404945373535,4.13920402526855,14.5169267654419,5.12741661071777,19.3609771728516,1.63040137290955,1.76513910293579,2.86121702194214,2.28525042533875,83.6853485107422,69.2087173461914,70.9275054931641,83.4564590454102,0.0200985576957464,0.00396402832120657,0.000978326192125678,0.00310980132780969,7.28669082658657e-24,0,0.919546186923981,0,20276.470703125,NA,NA
"SEG226013",-2.90768337249756,5.15823936462402,15.0468711853027,6.15386772155762,17.954553604126,1.70576119422913,1.77398777008057,2.72325372695923,2.24575448036194,84.281494140625,69.2238922119141,71.1331787109375,83.7031784057617,0.103127896785736,0.0116722229868174,0.0061814971268177,0.00770128145813942,4.79754713081433e-24,0,0.823803961277008,0,16580.45703125,NA,NA
"SEG226014",-3.02287602424622,5.15676498413086,15.116063117981,6.1285891532898,18.1389389038086,1.83241653442383,1.85042560100555,2.78107261657715,2.32865357398987,84.4881896972656,69.4403381347656,71.3371963500977,83.8369216918945,0.0648071765899658,0.00708225183188915,0.0034851199015975,0.00836658291518688,4.42720336265339e-24,0,0.867243945598602,0,31843.28125,NA,NA
"SEG226015",-4.48572731018066,4.51447820663452,14.8186178207397,5.36878538131714,19.3043441772461,1.94373762607574,2.10519003868103,3.06698131561279,2.65629291534424,84.8323364257812,69.9083251953125,71.7313613891602,84.4110717773438,0.00816338788717985,0.000631164410151541,0.00109725340735167,0.00121808680705726,1.0624951581749e-24,0,0.950285196304321,0,5404.30126953125,NA,NA
"SEG226016",-4.29452037811279,3.76735472679138,14.4160919189453,5.45008373260498,18.7106132507324,1.83558869361877,1.74937450885773,2.72968578338623,2.2257719039917,82.6523971557617,69.0410461425781,70.3244857788086,82.5574569702148,0.0454086512327194,0.00562968058511615,0.00589151354506612,0.00365158007480204,6.7068316762279e-23,0,0.887075662612915,0,25479.12890625,NA,NA
"SEG226017",-1.32031774520874,5.6717095375061,16.1011924743652,7.6136417388916,17.4215106964111,1.8134514093399,1.54844951629639,2.4999828338623,2.10545468330383,83.0746383666992,69.4434356689453,69.5363540649414,82.0520782470703,0.0448395609855652,0.00552790146321058,0.00568808289244771,0.0103313811123371,1.93982994963855e-23,0.374261200428009,0.261429518461227,0.0705069303512573,71645.5390625,NA,NA
"SEG226018",-2.38422107696533,5.19609594345093,15.1097354888916,6.41188716888428,17.4939556121826,1.73358428478241,1.64419090747833,2.55732655525208,2.14215016365051,84.0699310302734,69.2955169677734,70.4262466430664,83.1570129394531,0.0611292757093906,0.00886777695268393,0.00807502772659063,0.00333719816990197,4.24091583203771e-24,0,0.872816026210785,0,5221.77392578125,NA,NA
"SEG226019",-4.27420949935913,3.85326814651489,14.902590751648,5.77567052841187,19.1768016815186,1.83170545101166,1.6895899772644,2.57948040962219,2.25608134269714,81.6094131469727,70.5334701538086,71.6117172241211,81.7169342041016,0.033172607421875,0.00707743410021067,0.00328090647235513,0.00283159222453833,3.42296970412729e-23,0.0139173874631524,0.764893293380737,0.00191022723447531,28168.5078125,NA,NA
"SEG226020",-5.9343843460083,3.29310369491577,13.9841709136963,4.4085636138916,19.9185543060303,1.58067846298218,1.72932124137878,2.88366675376892,2.22150731086731,82.8369522094727,68.7741928100586,70.8240280151367,82.972900390625,0.0118262451142073,0.00153965293429792,0.00214418349787593,0.000768242753110826,1.12860436443798e-23,0,0.948397934436798,0,15880.92578125,NA,NA
"SEG226021",-4.55485582351685,3.87856364250183,15.1136322021484,5.73837518692017,19.6684875488281,1.78359687328339,1.68046247959137,2.53919839859009,2.32277417182922,81.485595703125,70.9394607543945,71.9318008422852,81.9139404296875,0.0322397090494633,0.00617299042642117,0.00275191641412675,0.0066331778652966,1.44683022251541e-23,2.12158520298544e-05,0.803248107433319,2.25283838517498e-06,39581.015625,NA,NA
"SEG226022",-2.58490777015686,4.87140417098999,15.1582727432251,6.57638740539551,17.7431812286377,1.92737352848053,1.68089377880096,2.66883778572083,2.26602745056152,83.3618469238281,69.5207901000977,70.4495544433594,82.7746124267578,0.0385786890983582,0.00499433139339089,0.00328987999819219,0.00575426034629345,5.6477442591129e-23,0,0.87420529127121,0,21225.59375,NA,NA
"SEG226023",-5.0678539276123,3.66126346588135,14.177098274231,4.88040208816528,19.2449531555176,1.6429101228714,1.72286033630371,2.82808971405029,2.23315668106079,83.4943084716797,69.2105102539062,70.9876861572266,83.4095993041992,0.0214276444166899,0.00234594871290028,0.00165375915821642,0.00190716702491045,2.83568579492868e-23,0,0.917581140995026,0,12723.7001953125,NA,NA
"SEG226024",-2.05126738548279,5.27460050582886,15.3853902816772,6.85939359664917,17.4366569519043,1.81809866428375,1.62010252475739,2.56606578826904,2.16773223876953,83.7898635864258,69.5109710693359,70.3267669677734,82.8878555297852,0.0533675998449326,0.0056680953130126,0.00736757973209023,0.00491046626120806,4.57255240438999e-23,0,0.853476762771606,0,21509.45703125,NA,NA
"SEG226025",-2.79895853996277,4.73495388031006,15.5184516906738,6.69761562347412,18.3174095153809,1.82633352279663,1.67388796806335,2.58124542236328,2.28041887283325,81.3276672363281,70.1131896972656,70.8340682983398,81.3207092285156,0.0369620658457279,0.00792450737208128,0.00360662420280278,0.00400910060852766,3.97940316644964e-25,0.186414822936058,0.561472356319427,0.0255863163620234,11906.837890625,NA,NA
"SEG226033",-5.73074722290039,1.02964389324188,11.3203239440918,3.34961795806885,17.0510692596436,3.36730980873108,2.3412184715271,3.00414681434631,3.06513428688049,83.4595108032227,74.7201690673828,77.5161514282227,84.730224609375,0.00698299519717693,0.00195833435282111,0.0060271741822362,0.000357969693141058,0.00947677064687014,0,0.88146299123764,0,13855.248046875,NA,NA
"SEG226034",-6.49212694168091,1.65468752384186,12.082857131958,3.11789393424988,18.5749855041504,1.57022941112518,1.6699914932251,3.04874634742737,2.29752278327942,82.8078079223633,71.4238204956055,74.4609909057617,83.533317565918,0.00978765357285738,0.000442980293883011,0.00385541724972427,0.000449294369900599,6.87985316965875e-25,0.302510559558868,0.628277003765106,0.00520729087293148,10166.1298828125,NA,NA
"SEG226035",-6.07243585586548,3.16805028915405,13.9802122116089,4.29651927947998,20.0526485443115,1.47922825813293,1.55545353889465,2.87244868278503,2.08263206481934,83.4358520507812,69.446662902832,71.7577819824219,83.722412109375,0.00680099613964558,0.000130924934637733,0.000692445959430188,0.000617240730207413,6.57512458361899e-25,0.0760525390505791,0.855081021785736,0.000951932568568736,9587.076171875,NA,NA
"SEG226036",-7.0349063873291,1.56737911701202,12.1436681747437,2.89228916168213,19.1785736083984,1.49765133857727,1.69944977760315,3.09082365036011,2.33743643760681,83.2057800292969,71.1261215209961,73.6969451904297,83.747673034668,0.00180304516106844,0.000307726877508685,0.00396484369412065,0.00033008647733368,0.00631822785362601,0.00022831215756014,0.967217743396759,4.48518085249816e-06,11131.033203125,NA,NA
"SEG226037",-5.43478631973267,2.29036450386047,12.7774744033813,4.19245719909668,18.2122611999512,2.77051734924316,2.08580040931702,2.89688348770142,2.84350776672363,84.5708618164062,72.7290496826172,74.9971618652344,85.0324325561523,0.00991845596581697,0.00133178196847439,0.00431214645504951,0.000690023764036596,0.00652826856821775,0,0.894038140773773,0,17743.19140625,NA,NA
"SEG226038",-5.15069627761841,3.47950005531311,13.9542665481567,4.77733564376831,19.1049633026123,1.71898007392883,1.65416288375854,2.9048810005188,2.28366565704346,83.1924285888672,70.029655456543,72.9401245117188,83.4663238525391,0.0343131609261036,0.00237245671451092,0.00211540213786066,0.00586334988474846,1.94977385689322e-23,0.0878874137997627,0.793002784252167,0.00110006704926491,51840.171875,NA,NA
"SEG226039",-6.37629747390747,2.90616273880005,13.9436855316162,4.15705394744873,20.3199844360352,1.58638107776642,1.55112683773041,2.86746668815613,2.17916297912598,84.1366348266602,69.1451110839844,71.26708984375,84.0756378173828,0.00931026693433523,9.96023591142148e-05,0.00118759495671839,0.000486662931507453,1.80613786605535e-24,0,0.960419833660126,0,5015.56787109375,NA,NA
"SEG226040",-6.47324514389038,1.95584857463837,12.969557762146,3.71209907531738,19.4428024291992,2.40106248855591,1.76546585559845,2.77825546264648,2.73519992828369,85.1148147583008,72.2180709838867,73.6347198486328,85.2043914794922,0.00372295035049319,5.2115061407676e-05,0.00386793375946581,0.000336926110321656,0.00641741044819355,0,0.911893606185913,0,13721.71875,NA,NA
"SEG226072",-8.92218208312988,1.62740790843964,14.2675399780273,2.8389778137207,23.1897220611572,1.53684103488922,1.47587502002716,2.34513831138611,2.04135036468506,82.3509750366211,67.9687805175781,67.7577743530273,83.0803451538086,0.00622152769938111,0.000139417359605432,0.00053582206601277,0.000815396080724895,9.87654444982386e-25,0,0.969720005989075,0,5269.6923828125,NA,NA
"SEG226073",-11.2933378219604,-1.42564511299133,11.2277097702026,0.862839639186859,22.5210475921631,2.22767019271851,1.57801723480225,2.52007269859314,2.61831617355347,83.1137924194336,72.8044967651367,73.2770919799805,84.1287612915039,0.000210932179470547,0.000394693954149261,0.00284130056388676,0.000116027651529294,0.00612861337140203,0,0.897468507289886,0,4273.39453125,NA,NA
"SEG226074",-9.5649356842041,0.998181462287903,13.5580224990845,2.30654501914978,23.1229591369629,1.56595122814178,1.65142929553986,2.59238910675049,2.22816896438599,83.5718383789062,68.6944885253906,68.9928512573242,84.0504608154297,0.000323744956403971,1.40430238388944e-05,0.00036937347613275,0.000332569528836757,1.3576283660309e-27,0,0.95372998714447,0,7505.39111328125,NA,NA
"SEG226075",-8.90502452850342,1.76009380817413,14.5372409820557,3.09293651580811,23.4422645568848,1.62956845760345,1.41799759864807,2.21039605140686,2.19977903366089,82.9495697021484,68.6466751098633,67.775032043457,83.2209548950195,0.0110840108245611,0.0020363146904856,0.00107174750883132,0.0015697741182521,5.60739489155784e-24,0,0.954681575298309,0,24687.658203125,NA,NA
"SEG226076",-10.8080282211304,-0.962465226650238,12.0054836273193,0.921340644359589,22.8135108947754,1.53884887695312,1.33822631835938,2.3745288848877,2.12403202056885,81.8610534667969,70.5274200439453,71.0616226196289,83.29248046875,0.000218318891711533,3.51667331415229e-05,0.00116825883742422,0.000457033922430128,0.00347793311811984,0,0.957804322242737,0,30826.88671875,NA,NA
"SEG226077",-7.33543491363525,2.51564168930054,15.553542137146,4.31563854217529,22.8889770507812,1.74275183677673,1.37179243564606,1.89032089710236,2.26171517372131,85.4017333984375,70.8054351806641,70.0126571655273,85.196403503418,0.0220185182988644,0.000803503615316004,0.000926833134144545,0.00243528140708804,2.52732054039433e-23,0.196002408862114,0.417757749557495,0.00069681229069829,5275.35986328125,NA,NA
"SEG226078",-11.244119644165,-1.65208959579468,11.1414003372192,0.488349437713623,22.38551902771,1.92426121234894,1.47620153427124,2.46576762199402,2.42222118377686,82.0984039306641,71.5401382446289,72.2647933959961,83.493278503418,8.44051537569612e-05,5.1736078603426e-06,0.000651299546007067,8.68410934344865e-05,0.00462361983954906,0,0.934719204902649,0,5535.4375,NA,NA
"SEG226079",-7.30107975006104,2.13279247283936,15.1709241867065,4.47869253158569,22.4720039367676,1.55270028114319,1.32835686206818,1.8647665977478,2.18113374710083,84.6350250244141,70.3656997680664,68.6222076416016,84.1604309082031,0.00722901709377766,0.000653958297334611,0.000371655740309507,0.00177006656304002,1.73093327104878e-23,0.00714125530794263,0.751772224903107,2.53880261880113e-05,8715.4521484375,NA,NA
"SEG226080",-11.4961318969727,-2.01337695121765,11.2565650939941,0.196049645543098,22.7526969909668,1.43452954292297,1.24046742916107,2.27585959434509,1.87233555316925,81.9745025634766,72.5191268920898,72.4394073486328,83.7461471557617,0.000630526279564947,1.07158257378615e-05,0.00166358647402376,0.000360080390237272,0.0097454022616148,0,0.950166702270508,0,15466.6484375,NA,NA
"SEG226081",-7.11397075653076,2.50053763389587,15.3710813522339,4.51035499572754,22.4850521087646,1.46547389030457,1.22402739524841,1.89469659328461,2.04083514213562,83.3782958984375,71.3450012207031,69.6023788452148,82.7408752441406,0.0236632712185383,0.00379541073925793,0.00174921762663871,0.0076772328466177,4.26013918900659e-23,0.00979035440832376,0.728313863277435,0.000574123754631728,72022.1328125,NA,NA
"SEG226082",-8.50432395935059,1.87289917469025,14.816312789917,3.45054936408997,23.3206348419189,1.61046278476715,1.46216213703156,2.10817718505859,2.21952080726624,83.9948043823242,68.9039611816406,67.5200500488281,84.0467529296875,0.00123470730613917,9.1595393314492e-05,0.000593222386669368,0.000195752145373262,8.95929976028507e-27,0,0.974711060523987,0,3269.53125,NA,NA
"SEG226083",-8.27595138549805,2.29257297515869,15.294430732727,3.81368279457092,23.5703811645508,1.58298516273499,1.39383327960968,2.03787875175476,2.1033411026001,84.8579330444336,69.4512939453125,68.3703231811523,85.0649719238281,0.00862643215805292,0.00026776286540553,0.00135352823417634,0.000686518265865743,4.17073669514937e-25,0.000464890443254262,0.965213060379028,0.000177112568053417,5605.47509765625,NA,NA
"SEG226084",-10.0671787261963,1.07881927490234,14.2739000320435,2.20645833015442,24.3410778045654,1.42588925361633,1.39449453353882,2.19183683395386,1.95762133598328,83.5331802368164,69.0696716308594,67.966926574707,83.824592590332,0.000747386016882956,3.37845012836624e-05,0.000660996767692268,0.000195303960936144,3.45615524091276e-27,0,0.993561387062073,0,7302.0859375,NA,NA
"SEG226085",-7.33819341659546,2.17629981040955,14.785548210144,4.01355838775635,22.1237411499023,1.49983263015747,1.38385462760925,2.22901105880737,2.11717295646667,82.7204666137695,69.5690155029297,69.1491241455078,83.1660690307617,0.0172251854091883,0.00232683029025793,0.00106645131018013,0.0024917779956013,1.10506081072166e-23,0.0291146449744701,0.853861212730408,0.00170733453705907,30433.001953125,NA,NA
"SEG226201",-8.60893726348877,1.79355072975159,13.7075500488281,3.04283809661865,22.3164863586426,1.65705633163452,1.58319211006165,2.71343731880188,2.40311503410339,85.5015640258789,69.2311019897461,70.3870315551758,85.2667236328125,0.00265677692368627,1.55608358909376e-05,0.00091147207422182,0.000214243860682473,3.51531272138214e-26,0,0.972774267196655,0,3250.86889648438,NA,NA
"SEG226202",-6.49987745285034,2.6540470123291,14.704421043396,4.30561351776123,21.2042980194092,1.88921570777893,1.63036751747131,2.54309439659119,2.63862490653992,84.933219909668,69.2042694091797,69.9494934082031,84.6637344360352,0.0107073560357094,0.000135302543640137,0.00163967651315033,0.000796348438598216,2.13456846824577e-24,0,0.9615837931633,0,4221.83447265625,NA,NA
"SEG226203",-7.69933605194092,1.59161496162415,13.0416603088379,3.2468569278717,20.7409973144531,2.15059781074524,1.66827058792114,2.87362265586853,2.67206597328186,85.1897048950195,70.9686737060547,72.2563095092773,85.0567398071289,0.00199726759456098,3.8722631870769e-05,0.00102744915056974,0.000212548984563909,8.51057657217031e-27,0,0.955157220363617,0,2384.31079101562,NA,NA
"SEG226204",-8.63883113861084,1.63761973381042,13.8473415374756,3.02376914024353,22.4861717224121,1.52049553394318,1.58435249328613,2.68575859069824,2.24296355247498,84.5191650390625,68.2193374633789,69.4240417480469,84.5223770141602,0.00178280333057046,2.15402596950298e-05,0.000707479601260275,0.000495498417876661,1.21626797774849e-26,0,0.96936970949173,0,12988.2568359375,NA,NA
"SEG226205",-8.92123985290527,1.52116370201111,13.9013042449951,2.8919894695282,22.8225440979004,1.56391489505768,1.61471152305603,2.67360210418701,2.32032322883606,84.3612365722656,68.4505996704102,69.0414581298828,84.3772430419922,0.000646699161734432,4.39023351646028e-05,0.000410174659918994,0.000269107811618596,8.57397433407965e-28,0,0.96304988861084,0,3179.88452148438,NA,NA
"SEG226206",-5.19363498687744,3.05984497070312,15.0659341812134,5.13864088058472,20.2595672607422,1.69355905056,1.39927017688751,2.3787841796875,2.57916903495789,84.5687637329102,69.8584594726562,70.3259353637695,84.0122375488281,0.0260669998824596,0.00266662007197738,0.00275042606517673,0.00195502280257642,1.45747037840503e-23,0.014719688333571,0.846194207668304,0.000478579953778535,8917.86328125,NA,NA
"SEG226207",-7.43737697601318,2.09858298301697,14.3494234085083,3.65043520927429,21.7868003845215,1.60914433002472,1.62024557590485,2.4779040813446,2.284428358078,84.3045349121094,68.4329986572266,69.0485763549805,84.8855514526367,0.00176356045994908,2.79166724794777e-05,0.000499037210829556,0.000361334648914635,6.58237803638298e-26,0,0.951062560081482,0,3326.84301757812,NA,NA
"SEG226208",-4.07274580001831,2.89327955245972,15.1735649108887,6.14490747451782,19.2463111877441,2.40612292289734,1.91160464286804,2.21225476264954,2.86873054504395,83.389289855957,71.8982162475586,72.0438995361328,83.1381607055664,0.0438729412853718,0.000490763981360942,0.0060683898627758,0.00129866087809205,0,0.774228870868683,0,0.0292054042220116,5689.70654296875,NA,NA
"SEG226209",-5.81554746627808,2.55343508720398,14.9257078170776,4.90788698196411,20.7412567138672,1.78401160240173,1.61776757240295,2.27463436126709,2.36925292015076,83.4026260375977,69.9331512451172,70.0917663574219,83.6999206542969,0.0287566427141428,0.00202420656569302,0.00290631619282067,0.00260976352728903,2.31679076195857e-23,0.114489816129208,0.740869224071503,0.00378260412253439,74360.4921875,NA,NA
"SEG226210",-10.8779745101929,-0.635253667831421,11.7638816833496,1.36128652095795,22.6418571472168,2.29924988746643,1.67781257629395,2.60082483291626,2.60689997673035,83.8293075561523,71.7339935302734,72.6546020507812,84.3770523071289,0.000760789611376822,0.00132287829183042,0.00303828157484531,0.000167597623658367,0.00786399748176336,0,0.93826687335968,0,3529.25219726562,NA,NA
"SEG226211",-9.74524879455566,-0.376249372959137,11.5805425643921,1.73927843570709,21.3257923126221,2.70891094207764,1.79272830486298,2.61666917800903,2.81315994262695,84.5219192504883,72.5566711425781,73.7801208496094,84.9983825683594,0.00144351983908564,0.000622004095930606,0.00179824151564389,0.000127264589536935,0.0105398548766971,0,0.913331747055054,0,5313.64208984375,NA,NA
"SEG226212",-4.20022487640381,3.22333979606628,15.3578042984009,5.94932985305786,19.5580291748047,1.87878179550171,1.55248379707336,2.21522235870361,2.54269742965698,84.0545959472656,70.3728561401367,70.8135299682617,83.5774917602539,0.0304439514875412,0.00517996540293097,0.0018650027923286,0.00830244738608599,6.63936418953669e-24,0.516160368919373,0.170703828334808,0.0234014857560396,74036.359375,NA,NA
"SEG226213",-5.13075017929077,2.81976699829102,14.9094343185425,5.17318916320801,20.0401840209961,1.6722377538681,1.46781420707703,2.29857611656189,2.46989035606384,84.5842742919922,69.5717620849609,70.1231842041016,84.300422668457,0.0389825478196144,0.00545560009777546,0.00350277661345899,0.0022914947476238,2.67142286635632e-23,0,0.859126031398773,0,5342.845703125,NA,NA
"SEG226214",-8.91444492340088,0.516798555850983,12.2734088897705,2.39881110191345,21.1878528594971,2.33100700378418,1.68630504608154,2.77824878692627,2.66413712501526,84.9634857177734,71.5781707763672,73.2146835327148,85.1326904296875,0.00130960182286799,2.78724528470775e-05,0.00157172919716686,0.000124706915812567,0.00625478569418192,0,0.943404972553253,0,7238.7060546875,NA,NA
"SEG226215",-6.60211229324341,2.22355842590332,14.4182929992676,4.22406387329102,21.0204067230225,1.6923371553421,1.68517601490021,2.41756153106689,2.37566828727722,84.8193893432617,68.7322311401367,69.4906768798828,85.2315673828125,0.00918011367321014,0.000129033898701891,0.00111310801003128,0.000356768810888752,3.43464195632149e-25,0.0372879467904568,0.917753040790558,0.000525451265275478,7497.61474609375,NA,NA
"SEG226216",-6.09825897216797,3.22420144081116,14.041597366333,4.35356283187866,20.139856338501,1.46407115459442,1.56895279884338,2.84448146820068,2.10181283950806,83.2502212524414,69.142204284668,71.4262237548828,83.5846481323242,0.00665388768538833,0.000282845023320988,0.000818914268165827,0.000525353651028126,1.54193316332441e-24,0.0278996732085943,0.916234195232391,0.000349213922163472,6672.60693359375,NA,NA
"SEG226217",-5.5167121887207,4.00473165512085,15.5906896591187,5.34532690048218,21.1074028015137,1.76088583469391,1.53454399108887,2.36431741714478,2.44841074943542,81.917839050293,70.9291687011719,71.4910507202148,82.3425827026367,0.0265898909419775,0.00275986874476075,0.00082282000221312,0.0056775426492095,1.3000837925713e-23,0.000453442218713462,0.821655869483948,4.81494680570904e-05,22851.115234375,NA,NA
"SEG226218",-5.78442239761353,3.81859111785889,15.4522666931152,5.14686918258667,21.2366886138916,1.92371737957001,1.62193155288696,2.3841061592102,2.57121753692627,82.5097427368164,70.6101379394531,71.3707885742188,82.7291717529297,0.0285643860697746,0.00187765865121037,0.00196147197857499,0.0024516440462321,1.39321607995297e-23,0,0.760631620883942,0,17242.33984375,NA,NA
"SEG226219",-6.75786781311035,3.07383942604065,14.8993186950684,4.34669256210327,21.6571865081787,1.99496698379517,1.67947614192963,2.52586674690247,2.66658282279968,84.3733139038086,69.7989883422852,70.705078125,84.2971496582031,0.0160117577761412,0.000922481704037637,0.00121995410881937,0.00162428733892739,6.37200660698281e-24,0.0203355941921473,0.849889039993286,0.000774195301346481,41685.97265625,NA,NA
"SEG226220",-7.03684949874878,2.86580085754395,14.2928018569946,4.05973291397095,21.3296508789062,1.61155331134796,1.52094745635986,2.67140603065491,2.27826952934265,84.2732009887695,68.9301452636719,70.4662933349609,84.4573211669922,0.0124594420194626,0.000299157574772835,0.0009137176675722,0.00116983021143824,3.9937870096764e-24,0,0.955114603042603,0,22487.65234375,NA,NA
"SEG226221",-5.6377444267273,3.42135548591614,14.7149791717529,4.99449872970581,20.3527240753174,1.77641665935516,1.67537784576416,2.59280133247375,2.31504797935486,82.5159072875977,69.8849716186523,71.1586151123047,83.052131652832,0.0231274385005236,0.00343902828171849,0.00241263513453305,0.00517162913456559,8.21434391947217e-24,0.00241293758153915,0.889199137687683,0.000256221508607268,73895.8203125,NA,NA
"SEG226222",-5.84996938705444,3.6208803653717,15.1574382781982,4.94916439056396,21.0074081420898,1.87737774848938,1.67437529563904,2.4792206287384,2.41517090797424,82.5745315551758,70.0737380981445,71.1538543701172,82.9894714355469,0.0207102745771408,0.00317056872881949,0.00122569885570556,0.00360509473830462,8.63434924262994e-24,0.0100929625332355,0.84246689081192,0.00107173691503704,11468.013671875,NA,NA
"SI031",1.66742038726807,12.475302696228,21.8612174987793,12.1063594818115,20.1937980651855,1.38841962814331,1.7003720998764,3.03015565872192,2.49780011177063,79.4331512451172,62.8523941040039,63.269214630127,77.4476623535156,0.294060587882996,0.0841297209262848,3.15376428261516e-06,0.0142800994217396,0,0.00668267766013741,0.586556434631348,0.014287393540144,92438.390625,NA,NA
"SI032",1.65880560874939,12.0736465454102,21.413745880127,12.0106964111328,19.7549381256104,1.70505106449127,2.26295900344849,3.59136462211609,3.16881370544434,79.5299453735352,64.9393692016602,66.4061889648438,78.8584747314453,0.237566187977791,0.108716659247875,7.62310228310525e-05,0.018728744238615,0,0.0465774573385715,0.547637820243835,0.0406968295574188,243517.21875,NA,NA
"SI033",-0.00646291440352798,10.2228059768677,19.5817565917969,10.498025894165,19.5882205963135,1.74154686927795,2.47808647155762,4.32177543640137,3.52622127532959,80.2066040039062,67.8432998657227,69.9991226196289,80.5714492797852,0.128843009471893,0.0622911490499973,0.00386136840097606,0.0187657587230206,0,0,0.786238729953766,0,100737.1171875,NA,NA
"SI034",0.98702996969223,10.6505460739136,19.9530735015869,11.0791158676147,18.9660415649414,2.04249048233032,2.70937657356262,4.25363349914551,3.90249156951904,80.0042724609375,67.3337173461914,68.851203918457,80.1319885253906,0.131115615367889,0.0907686874270439,0.00325123756192625,0.0243846643716097,0,0,0.750479817390442,0,300513.15625,NA,NA
"SI035",0.684669971466064,10.375506401062,19.687520980835,10.8321762084961,19.0028533935547,2.16041493415833,2.90655755996704,4.57130765914917,4.138343334198,80.2848968505859,68.2933654785156,69.8989410400391,80.5936279296875,0.0990016013383865,0.0735294073820114,0.0068959160707891,0.0268934797495604,0,0,0.793679594993591,0,71705.03125,NA,NA
"SI036",1.44580936431885,11.4207954406738,20.914363861084,11.616265296936,19.4685535430908,2.05262231826782,2.62396550178528,3.65351152420044,3.70977973937988,80.3810806274414,66.8285903930664,67.0060195922852,79.694450378418,0.141961067914963,0.0924858748912811,7.35244029783644e-05,0.026082081720233,3.71720179133126e-37,0,0.739397406578064,0,139359.140625,NA,NA
"SI037",0.802362859249115,10.4655847549438,20.0702476501465,10.9631662368774,19.2678833007812,2.53857207298279,3.20775866508484,3.87956500053406,4.3954610824585,80.9590148925781,68.7383117675781,68.9792327880859,80.9296035766602,0.0629397854208946,0.091814398765564,0.000278703140793368,0.00815162993967533,2.01929314239091e-32,0,0.835498988628387,0,147401.09375,NA,NA
"SI038",0.748039245605469,9.41417503356934,19.0701160430908,10.4614887237549,18.3220767974854,3.2781183719635,3.86326551437378,4.088294506073,5.41353511810303,79.6444625854492,69.7265625,70.1113433837891,81.1061172485352,0.0426902174949646,0.0866349935531616,0.00319856172427535,0.00581663148477674,3.10814426056409e-25,0,0.852407932281494,0,71271.6640625,NA,NA
"SI041",0.507637143135071,9.90731716156006,19.3595695495605,10.5649366378784,18.8519325256348,2.77206778526306,3.51955986022949,4.57791805267334,4.89664459228516,80.6359786987305,69.6144638061523,70.7597732543945,81.300407409668,0.0634484961628914,0.068768821656704,0.00658875051885843,0.0171987991780043,0,0,0.843995094299316,0,262422.9375,NA,NA
"SI042",-0.559356272220612,7.93252229690552,17.2994251251221,9.1149206161499,17.8587799072266,3.60109519958496,4.29340696334839,5.37561845779419,6.30655384063721,81.0128479003906,71.2258758544922,72.610954284668,81.6923446655273,0.0702401697635651,0.0536833480000496,0.00888668838888407,0.0214953273534775,0,0,0.845551550388336,0,275453.375,NA,NA
"SI043",-0.360192120075226,7.06211519241333,16.6055736541748,8.89743328094482,16.9657649993896,4.13989400863647,4.8578085899353,5.29100751876831,7.09984445571899,78.4472427368164,71.1134567260742,71.7723388671875,80.0404281616211,0.0406934320926666,0.077987052500248,0.00352158257737756,0.0158670507371426,0,0,0.804248034954071,0,203393.46875,NA,NA
"SI044",4.29631519317627,12.3933601379395,22.1228332519531,13.623574256897,17.8265171051025,3.09065675735474,3.60779428482056,3.65974378585815,5.01454067230225,75.588249206543,68.9808654785156,68.3737335205078,77.5406875610352,0.0927225649356842,0.126801535487175,0.000665027997456491,0.0321738794445992,5.44640046023484e-26,0,0.575466454029083,0,169416.28125,NA,NA
"SK010",1.01932644844055,11.5116586685181,20.9386615753174,11.3930311203003,19.9193344116211,1.64113664627075,1.78528189659119,2.21883320808411,1.85301053524017,80.9902191162109,66.1043090820312,62.322925567627,75.3345184326172,0.368498533964157,0.13540318608284,2.51557286112813e-09,0.0487813912332058,0,0.0261375177651644,0,0.420821458101273,546012.375,NA,NA
"SK021",1.04951989650726,11.4947118759155,20.8937950134277,11.3895168304443,19.844274520874,1.5355771780014,1.78763401508331,2.1785945892334,1.77268576622009,80.9677352905273,65.6637496948242,62.0527381896973,74.9055404663086,0.460554033517838,0.131607413291931,4.08682644774672e-05,0.0302156284451485,0,0.00844397395849228,0.0612708106637001,0.307820469141006,618766.4375,NA,NA
"SK022",-0.646654427051544,9.40084457397461,18.5751895904541,9.69658660888672,19.2218456268311,2.2395327091217,2.27425599098206,2.84722304344177,2.1697359085083,83.7263336181641,70.6558532714844,70.3148956298828,79.4868850708008,0.249008193612099,0.0765232145786285,9.2984912043903e-05,0.0240457691252232,0,0.000313544005621225,0.64268434047699,0.00733198085799813,513907.53125,NA,NA
"SK023",0.783116579055786,11.4169626235962,20.7001056671143,11.2538919448853,19.9169883728027,1.69321823120117,1.83150601387024,2.2229106426239,1.80883026123047,81.7883071899414,66.304801940918,63.914852142334,75.5442123413086,0.461125552654266,0.0877817943692207,2.89479680759541e-06,0.0237850099802017,0,0.000103541337011848,0.257278650999069,0.169922560453415,721267.875,NA,NA
"SK031",-2.3920168876648,7.22467374801636,16.1993064880371,7.85485124588013,18.5913219451904,2.9818606376648,3.17360305786133,3.97014784812927,2.7938539981842,85.7177200317383,74.3390045166016,76.1083755493164,82.5960006713867,0.128189668059349,0.0571908988058567,0.000258058513281867,0.0259211417287588,0,0.000513433362357318,0.771732866764069,0.0140172522515059,791415.3125,NA,NA
"SK032",-1.29497194290161,8.90721893310547,17.9933433532715,9.19095420837402,19.2883167266846,2.23496699333191,2.35238099098206,2.99414992332458,2.22250556945801,83.9606170654297,70.7888870239258,72.1139755249023,80.4342498779297,0.207316786050797,0.0635935589671135,0.000444133329438046,0.0138309048488736,0,0,0.71481466293335,0,636638.625,NA,NA
"SK041",-1.69765841960907,8.38682842254639,17.2841205596924,8.72114562988281,18.9817790985107,2.32126259803772,2.7980523109436,3.85271573066711,2.33444786071777,83.7882843017578,72.36376953125,75.098030090332,80.9854888916016,0.202888935804367,0.0604644902050495,0.000529995246324688,0.0164083447307348,5.07512122567277e-05,0.0300711840391159,0.471347033977509,0.217466726899147,840835.625,NA,NA
"SK042",-1.07501006126404,9.35659217834473,18.4125537872314,9.476881980896,19.4875640869141,1.81033289432526,2.15742301940918,3.02456402778625,1.98391020298004,82.7574005126953,69.2640914916992,70.8007888793945,79.1068420410156,0.263748556375504,0.0601526685059071,0.000320294813718647,0.0239007230848074,0.000131100678117946,0.00458847917616367,0.539276301860809,0.106353029608727,824733.625,NA,NA
"SM",3.13359570503235,10.1890172958374,20.8087520599365,12.3451099395752,17.6751575469971,1.91651916503906,1.7844705581665,1.37393152713776,2.8256504535675,79.6414489746094,68.3997421264648,63.1526107788086,77.8367385864258,0.255500644445419,0.0808551013469696,0.00286669447086751,0.00803286675363779,0,1.80791250026235e-11,0,0.64939147233963,3689.41967773438,NA,NA
"UKC1",3.78346753120422,7.65746212005615,14.5862827301025,9.7629861831665,10.8028144836426,2.36444497108459,2.20579934120178,2.00964641571045,2.79700136184692,84.6814193725586,79.3788375854492,78.0219497680664,83.5805511474609,0.203372076153755,0.37542986869812,0.0273950789123774,0.0676199346780777,0,1.24724070047627e-13,0.1171855032444,0.113975942134857,1289913.125,NA,NA
"UKC2",3.54361534118652,7.33421611785889,14.2007923126221,9.38864803314209,10.6571769714355,2.45992708206177,2.3341212272644,2.16784238815308,2.80693769454956,84.6851272583008,79.6181259155273,78.8764419555664,83.7566375732422,0.169127479195595,0.409461379051208,0.0713656470179558,0.0196141432970762,1.07838335375532e-27,5.62361199274442e-11,0.207296758890152,0.0236403122544289,782889.375,NA,NA
"UKD1",3.65572595596313,7.55616188049316,14.3881273269653,9.56914615631104,10.732400894165,4.28785562515259,3.09346103668213,2.66894316673279,4.69188833236694,87.0115509033203,80.9263381958008,81.0591812133789,85.7860412597656,0.0687448605895042,0.525840938091278,0.0783374086022377,0.00574446236714721,2.73886978873795e-28,0,0.201812490820885,0.00243329512886703,447092.1875,NA,NA
"UKD3",4.2258791923523,8.51883316040039,15.5103912353516,10.4285383224487,11.2845115661621,3.42047691345215,2.64564919471741,2.36017608642578,3.97797060012817,86.562385559082,79.2477722167969,78.7671661376953,84.862419128418,0.147384881973267,0.454327195882797,0.000338675046805292,0.136750891804695,0,0,0.255470097064972,0,1259558,NA,NA
"UKD4",4.1482105255127,8.27530193328857,15.2103261947632,10.2659616470337,11.0621156692505,3.72633838653564,2.73815894126892,2.51012706756592,4.34706115722656,85.904411315918,79.5216674804688,79.516471862793,84.4092330932617,0.147273153066635,0.471470385789871,0.0126852719113231,0.0814910382032394,2.50179214592626e-28,6.76738309488001e-12,0.234121739864349,0.00172693352214992,1857770.875,NA,NA
"UKD6",4.52712917327881,8.92140293121338,15.9396286010742,10.764404296875,11.4125003814697,2.50164794921875,2.19534134864807,1.86292505264282,3.21915745735168,85.3422775268555,78.1664352416992,77.2013244628906,83.4855651855469,0.188071072101593,0.378684431314468,5.63879038963933e-05,0.146027594804764,0,0,0.26555398106575,0,2271658.5,NA,NA
"UKD7",4.54355764389038,8.71844577789307,15.6558780670166,10.6861324310303,11.1123218536377,2.47419476509094,2.12090396881104,1.81529438495636,3.2613685131073,84.4593276977539,78.2463836669922,77.4597549438477,82.7435684204102,0.173467054963112,0.329004973173141,0.000108584710687865,0.110662318766117,0,2.49864885726314e-11,0.228733688592911,0.00637617381289601,498781.15625,NA,NA
"UKE1",4.32509183883667,8.76342487335205,15.9701814651489,10.7752704620361,11.6450891494751,1.64538729190826,1.71372210979462,1.75033617019653,2.06509828567505,83.7502136230469,77.6595230102539,75.2751312255859,81.347900390625,0.400035053491592,0.269731163978577,0.00183109659701586,0.0277201775461435,0,3.74224869842399e-12,0.0862606540322304,0.0762669369578362,782229.6875,NA,NA
"UKE2",3.52594971656799,7.78946828842163,14.8808326721191,9.75846576690674,11.3548831939697,2.55368614196777,2.18056654930115,2.03105735778809,2.87173676490784,85.4113464355469,79.4243392944336,77.9970779418945,83.9145584106445,0.287503600120544,0.422113984823227,0.0394264869391918,0.0226127784699202,4.42389644112755e-30,2.86683315433266e-14,0.0918769091367722,0.111236825585365,1481204,NA,NA
"UKE3",3.98635935783386,8.42778301239014,15.6627244949341,10.340217590332,11.6763648986816,2.17793607711792,2.03836870193481,1.78426730632782,2.60190057754517,85.2489929199219,77.724494934082,75.3718032836914,82.8059844970703,0.308788478374481,0.3418048620224,0.00992573518306017,0.0927819833159447,0,9.92038699451636e-13,0.0732935592532158,0.171826049685478,1033643,NA,NA
"UKE4",3.94315075874329,8.24450874328613,15.3720598220825,10.2129573822021,11.4289093017578,2.90194082260132,2.37898468971252,2.1182005405426,3.19947624206543,86.0573654174805,78.8961181640625,77.4135208129883,84.0242385864258,0.223527148365974,0.394780039787292,5.04132025014314e-09,0.138699918985367,0,0,0.181964457035065,0.0602108798921108,2002366.875,NA,NA
"UKF1",4.0223503112793,8.59094333648682,15.8917446136475,10.4614086151123,11.8693952560425,2.22393774986267,2.06601643562317,1.80606126785278,2.61082172393799,85.716796875,77.652946472168,74.8422927856445,82.8243942260742,0.305306285619736,0.374004930257797,0.0150701412931085,0.0759987160563469,0,2.35954502464386e-11,0.0767169445753098,0.151836112141609,2679076.75,NA,NA
"UKF2",4.25717163085938,9.09374141693115,16.5816173553467,10.9549121856689,12.3244476318359,1.75896084308624,1.74096250534058,1.54159235954285,2.04702353477478,85.5731658935547,76.8456497192383,72.706901550293,81.7120895385742,0.434048444032669,0.296729803085327,2.13969686413407e-09,0.0634594261646271,0,0,0.00443172315135598,0.198965519666672,2402896.75,NA,NA
"UKF3",4.32871103286743,9.02547073364258,16.3355960845947,11.0120134353638,12.0068855285645,1.66391611099243,1.71605849266052,1.63901042938232,2.00232172012329,84.2877578735352,77.0826644897461,73.7418594360352,81.109375,0.456758886575699,0.27830970287323,3.04173419785059e-09,0.0134080406278372,0,3.89707849324239e-10,0.0002921185514424,0.15402640402317,813254.625,NA,NA
"UKG1",4.34146642684937,8.98949527740479,16.3935985565186,10.8431024551392,12.052131652832,2.26990604400635,2.04011487960815,1.62756025791168,2.56174898147583,85.8895645141602,77.5089340209961,74.2405776977539,82.6629638671875,0.368758827447891,0.364630222320557,0.000175901092006825,0.0546815171837807,6.18629462069393e-30,0,0.015183093957603,0.189946964383125,2557962.25,NA,NA
"UKG2",4.19467449188232,8.71500968933105,15.9592618942261,10.5832595825195,11.7645874023438,2.39120984077454,2.12059879302979,1.74493014812469,2.76494240760803,86.0733261108398,78.0549545288086,75.5505294799805,83.2934646606445,0.275757133960724,0.448541641235352,0.00571021903306246,0.056154265999794,5.00726024512425e-30,0,0.188417240977287,0.0248848106712103,2636618,NA,NA
"UKG3",4.34418630599976,9.02241802215576,16.4499568939209,10.8671274185181,12.105770111084,2.08042025566101,1.98836052417755,1.73658311367035,2.43911147117615,85.6949462890625,77.0339279174805,73.7479476928711,82.3640289306641,0.355086952447891,0.328747034072876,5.52345857940395e-09,0.0980548858642578,0,0,0.0976131036877632,0.120094805955887,631788.8125,NA,NA
"UKH1",4.49790382385254,9.29215335845947,16.7208137512207,11.4254951477051,12.2229099273682,1.72047293186188,1.58455920219421,1.56603705883026,2.05543899536133,84.6378402709961,77.6048889160156,74.113410949707,80.9217071533203,0.455507755279541,0.270749032497406,2.06676340894774e-05,0.0170622244477272,0,1.86774817834134e-10,0,0.153441086411476,2222173,NA,NA
"UKH2",4.5935206413269,9.51244926452637,17.1802940368652,11.4794540405273,12.5867748260498,1.74726891517639,1.62837898731232,1.39120841026306,2.07682394981384,85.5295562744141,76.6369552612305,71.9864349365234,81.3498077392578,0.383818805217743,0.203168109059334,2.33540453642433e-09,0.184594348073006,0,4.58865688501842e-11,0,0.225915357470512,4733316,NA,NA
"UKH3",4.86670160293579,9.79890060424805,17.5028896331787,11.9131164550781,12.6361875534058,1.67011857032776,1.45399689674377,1.35503470897675,1.98146200180054,84.8851013183594,77.6696701049805,73.2616958618164,80.7669372558594,0.448406517505646,0.184218272566795,0.00171482737641782,0.0867087095975876,0,4.65831206941658e-10,0,0.163780480623245,2447177.25,NA,NA
"UKI3",4.63252258300781,9.52959442138672,17.2860488891602,11.5371551513672,12.6535272598267,2.00335097312927,1.69120764732361,1.34978210926056,2.29714441299438,85.7447662353516,76.9021835327148,72.453987121582,81.6685104370117,0.246892496943474,0.18001326918602,1.43513989581123e-09,0.296147137880325,0,0,0,0.27569192647934,293919.75,NA,NA
"UKI4",4.6590428352356,9.57183742523193,17.3213291168213,11.5745372772217,12.6622858047485,1.9593425989151,1.65940701961517,1.34961926937103,2.25489354133606,85.6957931518555,76.9240417480469,72.4322509765625,81.5823059082031,0.28520655632019,0.178237169981003,1.67258973338136e-09,0.272559434175491,0,0,0,0.261785864830017,466045.09375,NA,NA
"UKI5",4.75109100341797,9.70104503631592,17.3951034545898,11.6895427703857,12.6440114974976,1.89191257953644,1.57526254653931,1.34765207767487,2.18968415260315,85.5833587646484,77.1075592041016,72.602783203125,81.3977203369141,0.405693352222443,0.186949148774147,2.89905965900061e-09,0.174965590238571,0,0,0,0.224091067910194,612473.6875,NA,NA
"UKI6",4.63426542282104,9.49857044219971,17.1697425842285,11.5013332366943,12.5354766845703,2.23049020767212,1.73583698272705,1.35121250152588,2.50889658927917,85.8072280883789,77.2368927001953,73.2072143554688,81.8934173583984,0.251720249652863,0.230080127716064,1.62186053476177e-09,0.217015087604523,0,0,0,0.294051498174667,646527.375,NA,NA
"UKI7",4.65261793136597,9.56316089630127,17.3307704925537,11.5721807479858,12.6781520843506,1.92623805999756,1.66736900806427,1.34741294384003,2.2261471748352,85.7287673950195,76.8387145996094,72.2585296630859,81.5885467529297,0.262004435062408,0.16535696387291,1.93000015968892e-09,0.306117385625839,0,1.17900633510694e-14,0,0.265033602714539,1264215.25,NA,NA
"UKJ1",4.60835742950439,9.44274520874023,17.1271686553955,11.3802509307861,12.5188112258911,1.99582767486572,1.83468568325043,1.37081754207611,2.25265574455261,85.9991683959961,77.1305313110352,72.6246490478516,82.0215072631836,0.42428731918335,0.280297696590424,3.42948358600381e-09,0.0528232492506504,0,1.23197285706311e-10,0,0.242280125617981,2242129.75,NA,NA
"UKJ2",5.12130975723267,9.70302867889404,17.3309726715088,12.055869102478,12.209662437439,2.42955827713013,1.83529031276703,1.40898966789246,2.72264838218689,85.5665664672852,77.4803237915039,73.4321670532227,81.5951995849609,0.231439173221588,0.204594925045967,1.72264608409023e-05,0.118155606091022,0,6.79028638872481e-11,0,0.2295001745224,4966301.5,NA,NA
"UKJ3",5.12818336486816,9.57493305206299,17.1379585266113,11.8841228485107,12.0097761154175,2.57964587211609,1.97515511512756,1.40220701694489,2.75527572631836,85.250617980957,77.7844085693359,73.8908843994141,81.5389938354492,0.296234309673309,0.230874210596085,3.43465762853157e-06,0.057185523211956,0,2.87435963919336e-10,0,0.227025151252747,1753161.75,NA,NA
"UKJ4",5.12014579772949,9.85129642486572,17.4935531616211,12.1722345352173,12.3734073638916,2.18353199958801,1.71654450893402,1.38823485374451,2.58884453773499,85.3232574462891,78.2097091674805,74.3658752441406,81.4734725952148,0.334931969642639,0.213501185178757,1.82696024975115e-09,0.0651948526501656,0,0,0,0.185405790805817,1790014.375,NA,NA
"UKK1",4.69322633743286,9.30011081695557,16.9014492034912,11.2875537872314,12.2082233428955,2.45926761627197,2.10115027427673,1.54547131061554,2.61343955993652,85.9409713745117,78.0419616699219,74.4367218017578,82.6252136230469,0.405416458845139,0.342360556125641,3.26584315146761e-09,0.0319357663393021,0,1.56781326202809e-12,0.0160658303648233,0.190127909183502,2009250.125,NA,NA
"UKK2",5.36273050308228,9.36098384857178,16.6409969329834,11.7268972396851,11.278265953064,2.99777626991272,2.35550713539124,1.63063263893127,3.04633593559265,85.3521194458008,79.2874603271484,76.4380569458008,82.549919128418,0.252200752496719,0.306283175945282,2.37376363010355e-09,0.0270971488207579,0,1.44576607630231e-11,0.130628421902657,0.0320814363658428,1424130,NA,NA
"UKK3",6.56361484527588,9.4339075088501,15.9941701889038,12.1323184967041,9.43055534362793,3.86343383789062,2.76694679260254,1.93813538551331,3.81806373596191,84.1099624633789,81.378173828125,80.9087905883789,83.3665237426758,0.146173790097237,0.320268571376801,0.000910880160517991,0.0114692188799381,3.67733629960616e-17,8.70587046897242e-10,0.083940900862217,0.0365272089838982,292135.96875,NA,NA
"UKK4",5.68990755081177,9.13284587860107,16.0820808410645,11.6598596572876,10.3921737670898,3.99504852294922,2.86369514465332,1.94228053092957,3.86552023887634,85.9855422973633,81.6001663208008,80.2055740356445,84.2764434814453,0.171051859855652,0.45870366692543,0.0046934736892581,0.0114693092182279,1.60681465731431e-20,3.35373499804614e-11,0.144153088331223,0.0116936834529042,671164.625,NA,NA
"UKL1",4.87907028198242,8.43748188018799,15.1755037307739,10.7792768478394,10.2964334487915,4.48071575164795,3.11998891830444,2.38476896286011,4.82192087173462,85.6389389038086,80.833984375,80.1252288818359,84.2253875732422,0.0907261222600937,0.425428777933121,0.0366762727499008,0.0170103758573532,3.48963459595277e-28,6.43691419610626e-11,0.168208047747612,0.00948640238493681,1545398.5,NA,NA
"UKL2",4.02696514129639,8.07696437835693,15.1411981582642,10.1783285140991,11.1142330169678,4.17418098449707,2.91623568534851,2.08599448204041,4.27439403533936,87.4743194580078,80.4043045043945,78.5194320678711,85.1980133056641,0.145242303609848,0.50786817073822,0.0506858602166176,0.0246659889817238,3.85178887010777e-29,0,0.192230775952339,0.0257024765014648,1286137.5,NA,NA
"UKM50",3.26329231262207,6.97193717956543,13.3370609283447,8.56067085266113,10.0737686157227,2.18399429321289,2.28003358840942,2.23628711700439,2.9197301864624,81.9860763549805,78.5626449584961,79.4973220825195,82.1088256835938,0.191903248429298,0.322574526071548,0.086362935602665,0.00857412070035934,1.0969877659898e-23,1.11441617652724e-12,0.191009625792503,0.064944215118885,431055.96875,NA,NA
"UKM61",3.21812677383423,6.541907787323,12.585090637207,8.42752361297607,9.36696338653564,4.58761167526245,3.27037525177002,2.77863121032715,4.94277477264404,84.314826965332,80.349250793457,82.6578979492188,84.6343536376953,0.0244747307151556,0.0774133279919624,0.396143585443497,0.000747127807699144,1.35163151399251e-24,2.83958932756345e-11,0.291536867618561,0.0130761815235019,77622.0234375,NA,NA
"UKM62",2.07877898216248,5.91066026687622,12.5509004592896,7.68542385101318,10.4721212387085,3.55055689811707,2.79704833030701,2.47446584701538,3.8234498500824,86.1826019287109,80.3240356445312,80.5295257568359,85.3855438232422,0.0499383509159088,0.139549478888512,0.358735531568527,0.00306318304501474,1.02031130641766e-22,2.07837029921401e-13,0.321111172437668,0.0602385066449642,145967.703125,NA,NA
"UKM63",3.28533840179443,6.52469348907471,12.5905628204346,8.48190402984619,9.30522441864014,7.5810079574585,4.79158639907837,4.00390958786011,7.71727132797241,85.1965942382812,81.3186264038086,84.3687057495117,84.9699554443359,0.0417449548840523,0.0677095502614975,0.291771709918976,0.000748841091990471,8.71073385522158e-24,1.00661999569152e-10,0.278068155050278,0.0131689198315144,85650.203125,NA,NA
"UKM64",5.05231809616089,7.41362619400024,12.6663122177124,9.51531887054443,7.61399459838867,5.09211206436157,3.26724457740784,2.993004322052,5.22628498077393,78.8417892456055,78.5247116088867,83.4425582885742,80.8964004516602,0.00516004860401154,0.0729361325502396,0.177391067147255,0.000282963970676064,6.94957190760128e-24,1.06021713630611e-09,0.0604233331978321,0.0791864469647408,11093.7763671875,NA,NA
"UKM66",6.59947776794434,7.42027282714844,12.1373376846313,10.2680253982544,5.53785991668701,4.96541547775269,2.8018581867218,2.64707612991333,4.94434070587158,74.1892242431641,77.8178482055664,85.9358367919922,79.5124206542969,0.0052047804929316,0.181560188531876,0.0663584992289543,0.000287876202492043,0,2.90114399170704e-09,0,0.10106985270977,9724.5634765625,NA,NA
"UKM71",2.79546737670898,6.64053106307983,13.3932228088379,8.43315124511719,10.5977563858032,2.43380331993103,2.35534262657166,2.19392013549805,2.86544251441956,84.6020278930664,79.1537704467773,79.0946807861328,83.8265151977539,0.22758287191391,0.233627080917358,0.198520019650459,0.00597208552062511,2.08920161838764e-27,2.65590500980739e-11,0.266795009374619,0.00431555323302746,96267.9375,NA,NA
"UKM72",3.68438243865967,7.7451982498169,14.4576215744019,9.45779609680176,10.7732391357422,2.45695805549622,2.28592705726624,2.28358387947083,2.81502985954285,83.1912231445312,77.9033279418945,77.9061813354492,82.1377944946289,0.224424362182617,0.235329240560532,0.0158026684075594,0.0278434809297323,0,2.72969646886168e-10,0.159937590360641,0.0295987986028194,294294.65625,NA,NA
"UKM73",3.51493167877197,7.3458833694458,14.1081686019897,9.21030807495117,10.5932378768921,2.45154070854187,2.34562253952026,2.15851378440857,2.84027767181396,85.0131301879883,79.6189193725586,79.3923416137695,84.0054626464844,0.181796491146088,0.343124121427536,0.118144169449806,0.021334707736969,6.97631481537084e-28,9.85207540549204e-11,0.231957882642746,0.0106828585267067,177853.1875,NA,NA
"UKM75",3.40052151679993,7.29996490478516,14.012318611145,9.07870006561279,10.6117973327637,2.91325640678406,2.60578465461731,2.29265737533569,3.2590868473053,86.329833984375,80.2396697998047,80.3542556762695,85.3098373413086,0.131141915917397,0.31283050775528,0.169937416911125,0.054947055876255,0,0,0.297594398260117,0,118758.3046875,NA,NA
"UKM76",3.22962307929993,7.38781547546387,14.126461982727,8.98620128631592,10.8968381881714,3.42712640762329,2.6746096611023,2.49654388427734,3.65632152557373,86.5051422119141,79.5297393798828,79.9244232177734,85.2578964233398,0.1716218739748,0.440057903528214,0.049908883869648,0.0308007895946503,2.34376121619402e-25,0,0.291552782058716,0,68210.296875,NA,NA
"UKM77",1.93289828300476,5.97030830383301,12.8248453140259,7.70225048065186,10.8919467926025,4.66132307052612,3.3382134437561,2.84960031509399,4.6531777381897,88.1230850219727,80.9709320068359,81.2566146850586,86.763069152832,0.114322274923325,0.192630901932716,0.296019434928894,0.00793578289449215,1.77135529269321e-23,0,0.352362751960754,0,438597.1875,NA,NA
"UKM78",3.37639951705933,7.42806386947632,14.1318187713623,9.0785608291626,10.7554197311401,3.21928524971008,2.64702081680298,2.40281057357788,3.57767271995544,86.6860122680664,80.0779724121094,80.5374450683594,85.6161193847656,0.138712182641029,0.445095419883728,0.0615970268845558,0.0420641042292118,0,0,0.30229577422142,0,138644.28125,NA,NA
"UKM81",2.76116538047791,6.560866355896,13.1349506378174,8.34148788452148,10.3737850189209,7.04312086105347,4.6937403678894,3.89846682548523,7.02110528945923,87.5978622436523,80.9849243164062,82.6212005615234,86.5422515869141,0.0929228067398071,0.210928440093994,0.242203891277313,0.0438291020691395,1.58399719894306e-24,0,0.346931368112564,0,214988.9375,NA,NA
"UKM82",3.67882013320923,7.58318328857422,14.1310024261475,9.3248462677002,10.4521818161011,4.38621807098389,3.21664500236511,2.93014311790466,4.87491083145142,85.7501831054688,79.5459976196289,81.046501159668,85.0418090820312,0.116888232529163,0.428957879543304,5.98186389311195e-10,0.125705987215042,0,0,0.328447908163071,0,146037.46875,NA,NA
"UKM83",4.2214789390564,7.8047342300415,14.2139196395874,9.69478893280029,9.99244022369385,4.85907220840454,3.45552182197571,3.15848016738892,5.3586597442627,85.0478363037109,79.6894302368164,81.4918212890625,84.4951782226562,0.0832943469285965,0.359752148389816,0.0239163972437382,0.0700111761689186,0,0,0.25304514169693,0,272742.84375,NA,NA
"UKM84",3.41854214668274,7.46139574050903,14.1174039840698,9.11059761047363,10.69886302948,3.76592564582825,2.8920681476593,2.63373064994812,4.15571308135986,86.5554351806641,79.9136276245117,80.7997207641602,85.5691604614258,0.132376462221146,0.468132197856903,0.0212131571024656,0.0629757270216942,2.49985504635856e-24,0,0.313843041658401,0,213828.328125,NA,NA
"UKM91",3.4237802028656,7.28177642822266,14.1028537750244,9.163743019104,10.6790733337402,2.98642039299011,2.61765599250793,2.39414072036743,3.27610921859741,85.8352890014648,79.9919052124023,79.7277603149414,84.7638473510742,0.15904289484024,0.368391513824463,0.137434303760529,0.013926443643868,2.61199857587246e-27,0,0.280191451311111,0,523009.15625,NA,NA
"UKM92",3.73203468322754,7.42324829101562,13.9983139038086,9.35399913787842,10.2662782669067,4.60640096664429,3.4173367023468,2.9741678237915,5.099534034729,86.5459365844727,80.9165802001953,82.1732864379883,85.7667465209961,0.0655343160033226,0.359232187271118,0.122210070490837,0.0035595023073256,3.48677782285136e-24,1.2278232597307e-10,0.251103401184082,0.0112229017540812,137954.5625,NA,NA
"UKM93",3.65538382530212,7.32279825210571,13.8098278045654,9.20502758026123,10.154444694519,4.95558261871338,3.53339385986328,3.14555168151855,5.45731353759766,86.0486679077148,80.4217224121094,82.206184387207,85.4519424438477,0.0867247581481934,0.342934280633926,0.0800868421792984,0.0481672361493111,5.34209285202943e-31,0,0.325930207967758,0,557676.1875,NA,NA
"UKM94",4.20156526565552,7.59548425674438,13.8791103363037,9.6028881072998,9.67754650115967,4.37802410125732,3.27719187736511,2.97548770904541,5.0694375038147,84.7451858520508,81.0542755126953,83.5976791381836,84.3916702270508,0.0724354386329651,0.290182113647461,0.0677592381834984,0.0136593449860811,2.07099234196797e-29,1.85538772388451e-13,0.291740506887436,0.000893056974746287,98583.8203125,NA,NA
"UKM95",3.4345691204071,7.44753646850586,14.1101913452148,9.12144184112549,10.6756229400635,3.89333605766296,2.9825131893158,2.68773221969604,4.25801277160645,86.7906112670898,80.1654968261719,80.9867630004883,85.8086853027344,0.123959340155125,0.470652729272842,0.0490336939692497,0.0513740070164204,7.01842033840939e-29,0,0.303225010633469,0,657975.5,NA,NA
"UKN06",5.13079452514648,8.30215358734131,14.483681678772,10.4097757339478,9.35288715362549,3.02957391738892,2.7662193775177,2.46850323677063,3.73264145851135,83.3775100708008,80.69677734375,82.0507583618164,83.0109710693359,0.0540220253169537,0.352186232805252,0.00539741618558764,0.0477387234568596,4.19579275160079e-23,0,0.153377488255501,0,44057.94140625,NA,NA
"UKN07",4.52927446365356,8.08286952972412,14.4985942840576,9.83903694152832,9.9693193435669,2.8609790802002,2.68837523460388,2.18452787399292,3.40813493728638,85.7377471923828,80.2920837402344,80.0948867797852,84.7685623168945,0.0535685122013092,0.743386149406433,0.00120912806596607,0.0163678079843521,0,0,0.157858073711395,0,183151.1875,NA,NA
"UKN08",4.89643001556396,8.13611316680908,14.4894695281982,10.1214570999146,9.59303951263428,2.83602619171143,2.73436260223389,2.25744223594666,3.44642686843872,84.1267623901367,80.2561569213867,80.5321884155273,83.5607757568359,0.0598218664526939,0.561707258224487,7.94824706051855e-10,0.0145130446180701,0,0,0.14182735979557,0,181300,NA,NA
"UKN09",5.47269916534424,8.37259387969971,14.4787788391113,10.6688451766968,9.00607967376709,3.01720762252808,2.76289439201355,2.43134069442749,3.70866274833679,82.5254058837891,80.7192764282227,82.222785949707,82.339729309082,0.0500452816486359,0.282932817935944,0.00292899925261736,0.036973848938942,3.30660704080867e-23,1.28679580879698e-10,0.126375585794449,0.00140228855889291,114722.984375,NA,NA
"UKN10",4.04485607147217,7.50039052963257,13.6300230026245,9.32275390625,9.58516693115234,3.7597758769989,3.0016496181488,2.53343033790588,4.03311777114868,86.5329284667969,81.3618927001953,82.2061004638672,85.6481399536133,0.0765027403831482,0.660341918468475,0.0110250813886523,0.00780010735616088,2.46289338749761e-12,0,0.208095759153366,0,85860.6953125,NA,NA
"UKN11",4.23365068435669,7.89337587356567,14.1618461608887,9.58342933654785,9.92819595336914,3.26916718482971,2.83080101013184,2.31037092208862,3.71685099601746,86.1716766357422,80.6014633178711,80.8026428222656,85.1244430541992,0.0423860475420952,0.741975665092468,0.017257034778595,0.00867319107055664,3.47788165661539e-27,0,0.165107637643814,0,153527.5625,NA,NA
"UKN12",4.86399555206299,7.92955923080444,13.8481140136719,10.0055799484253,8.98411846160889,3.43629693984985,2.8390896320343,2.67694425582886,4.01998710632324,84.7886810302734,81.4199829101562,82.9461517333984,84.3210906982422,0.0420502386987209,0.478612780570984,0.0272961556911469,0.00836524367332458,9.67052718285621e-13,1.39706714079313e-12,0.145928040146828,6.08599148108624e-05,99895.9609375,NA,NA
"UKN13",4.38474035263062,7.89719915390015,14.2257099151611,9.76701545715332,9.84097003936768,3.55387783050537,2.96698546409607,2.56714725494385,4.11127185821533,84.8782730102539,80.3887176513672,81.1235275268555,84.088981628418,0.0406203158199787,0.588330805301666,0.0100968405604362,0.0234683211892843,6.74526876606261e-24,0,0.145620048046112,0,135780.71875,NA,NA
"UKN14",4.70199060440063,8.04502296447754,14.3726463317871,10.0045032501221,9.67065620422363,3.15046858787537,2.83443689346313,2.41437005996704,3.75931882858276,84.3539886474609,80.3720550537109,80.9772491455078,83.7221984863281,0.0539551451802254,0.547198116779327,0.00480967294424772,0.024672644212842,9.43179532108247e-24,0,0.149743542075157,0,97883.1953125,NA,NA
"UKN15",4.60298585891724,8.00181579589844,14.275294303894,9.94666290283203,9.67230796813965,3.42133522033691,2.91592836380005,2.55409860610962,4.02313041687012,84.4557647705078,80.5196228027344,81.4648818969727,83.7999496459961,0.0431939549744129,0.512340605258942,0.0103548439219594,0.0290520675480366,1.57887023414784e-23,1.88440808096546e-11,0.14516045153141,0.000820897636003792,229908.34375,NA,NA
"UKN16",4.10437679290771,7.69215536117554,13.9052467346191,9.41694450378418,9.80086994171143,4.00358629226685,3.18576383590698,2.56857705116272,4.13308620452881,87.2753143310547,81.458122253418,81.7249374389648,86.1965789794922,0.0955622121691704,0.634994506835938,0.0362211056053638,0.0042837131768465,2.18781026281589e-12,0,0.21694341301918,0,139522.609375,NA,NA
"VA",9.94289684295654,15.3246831893921,25.0737342834473,18.6917114257812,15.1308374404907,2.77709221839905,1.98323380947113,0.587306499481201,7.34233999252319,76.278694152832,73.4110946655273,70.172492980957,76.9428939819336,0.218724489212036,0.0390620231628418,1.16741338818116e-12,0.15377801656723,0,0,0,0.152933865785599,225.580795288086,NA,NA
"XKG125378",0.622135877609253,10.5907382965088,21.4310455322266,11.6456289291382,20.808910369873,1.88651585578918,1.87603807449341,1.54428863525391,2.19301462173462,79.2948913574219,66.7139587402344,59.2989349365234,73.5195236206055,0.239986911416054,0.238579005002975,0.00534071121364832,0.0405602268874645,0,0.0660482570528984,0.0764379650354385,0.333046913146973,682719.9375,NA,NA
"XKG125379",0.537536382675171,10.4329404830933,21.3369693756104,11.5156354904175,20.7994327545166,2.14415144920349,2.24368715286255,1.74239158630371,2.33685517311096,79.1010665893555,66.6806716918945,60.1571769714355,73.638053894043,0.230861142277718,0.233288809657097,0.0107871918007731,0.022632310166955,0,0.0372432880103588,0.225321516394615,0.239865720272064,263404.65625,NA,NA
"XKG125380",0.911961436271667,10.9389162063599,21.7281017303467,11.9668569564819,20.81614112854,1.7627946138382,1.78601789474487,1.499671459198,2.10075044631958,79.4552459716797,66.5068588256836,58.7754859924316,73.2208557128906,0.262286484241486,0.216739431023598,0.00726346485316753,0.0328462682664394,0,0.0988181382417679,0,0.38204625248909,231772.359375,NA,NA
"XKG125385",-0.508038222789764,8.8836784362793,19.9103298187256,10.3379201889038,20.4183673858643,2.93185782432556,2.32391381263733,1.41817998886108,2.9461784362793,79.3281478881836,68.3539505004883,61.2359085083008,74.352409362793,0.177181512117386,0.242182075977325,0.0396403707563877,0.0210601259022951,0.0151480184867978,0,0.504610955715179,0,271477.53125,NA,NA
"XKG125389",-0.477394849061966,8.94698619842529,19.9349613189697,10.4126710891724,20.4123573303223,2.40209650993347,1.98223340511322,1.39052677154541,2.57183027267456,79.0046768188477,67.3021240234375,57.4389991760254,72.5889205932617,0.161085531115532,0.294843912124634,0.0327477268874645,0.0294621363282204,0.000234324805205688,0,0.481399178504944,0,359807.125,NA,NA
