"NUTM","temperature_winter","temperature_spring","temperature_summer","temperature_fall","seasonal_variation","precipitation_winter","precipitation_spring","precipitation_summer","precipitation_fall","relative_humidity_winter","relative_humidity_spring","relative_humidity_summer","relative_humidity_fall","croplands","pastures","rangelands","urbanAreas","primaryForest","primaryNonForest","secondaryForest","secondaryNonForest","secondaryLand","total_population","population_density"
"AD",3.53348684310913,8.29660987854004,19.3912963867188,12.0806474685669,15.8578109741211,2.62515211105347,3.17281532287598,2.01507592201233,2.55662202835083,74.5866012573242,74.3077850341797,68.4415130615234,74.9184646606445,0.171516045928001,0.0417806915938854,0.0267916619777679,0.0160337835550308,9.00903323781677e-05,0.0294321347028017,0.15366567671299,0.560689926147461,19010.2109375,NA,NA
"AL013",2.01177334785461,10.0685739517212,20.8053970336914,11.7709531784058,18.7936248779297,4.08811473846436,3.59107136726379,1.51799476146698,3.93465924263,77.2916030883789,71.266357421875,61.4220771789551,73.7106552124023,0.151827931404114,0.181701391935349,0.00549816945567727,0.0151309967041016,0.0798403322696686,0,0.564388155937195,0,152918.140625,NA,NA
"AL015",3.10862112045288,10.6716251373291,21.4891109466553,12.7900905609131,18.3804893493652,5.62401962280273,4.47938060760498,1.56708610057831,5.30542278289795,75.3451538085938,71.8051300048828,63.7559242248535,73.3256530761719,0.152166664600372,0.129435479640961,0.00591315655037761,0.0103617748245597,0.104838281869888,0.00171009788755327,0.506712019443512,0.00411739060655236,213171.09375,NA,NA
"AL014",6.52301120758057,14.2937240600586,24.7688217163086,16.3048362731934,18.2458095550537,4.31441450119019,3.71254467964172,1.51592171192169,4.13228940963745,75.2474746704102,71.9955596923828,65.3814010620117,73.1320571899414,0.156806781888008,0.129338502883911,5.29486732236961e-10,0.0112146530300379,0.108287133276463,2.79409323411528e-06,0.520213425159454,6.72731857775943e-06,95318.4453125,NA,NA
"AL011",3.64539957046509,11.6663703918457,22.2747383117676,13.5092878341675,18.6293392181396,3.59229397773743,3.3511655330658,1.40178501605988,3.33554697036743,79.003173828125,72.7820281982422,64.392951965332,74.839714050293,0.16593511402607,0.19139389693737,0.00190707051660866,0.0100406464189291,0.102545395493507,0,0.515232920646667,0,127230.578125,NA,NA
"AL012",8.40021324157715,15.5168113708496,25.8446483612061,17.9020347595215,17.4444351196289,3.66700100898743,3.25983786582947,1.20683157444,3.42897987365723,73.2382278442383,71.5247802734375,66.129264831543,72.0351791381836,0.193072929978371,0.113559506833553,4.8466686219939e-10,0.023481223732233,0.0801766365766525,0.000748754653614014,0.438449114561081,0.00835338141769171,247346.453125,NA,NA
"AL021",4.93837308883667,12.1798257827759,22.7667713165283,14.4331693649292,17.8283977508545,3.21522283554077,3.00788593292236,1.09315621852875,2.83233666419983,77.7260437011719,71.4964828491211,63.0771255493164,73.4927520751953,0.165268987417221,0.181787744164467,0.0107043301686645,0.0138982441276312,0.0980784893035889,0,0.52409017086029,0,378220.3125,NA,NA
"AL022",8.06387805938721,14.9205732345581,25.2404460906982,17.4282913208008,17.1765670776367,3.2665069103241,3.03889775276184,1.08064413070679,2.94711208343506,73.9179992675781,71.4757995605469,65.7795333862305,72.2281646728516,0.231400147080421,0.137246087193489,6.39663544355074e-10,0.0297743249684572,0.0819746255874634,0.000145962665555999,0.469372630119324,0.00321962591260672,746310.25,NA,NA
"AL034",3.13114213943481,10.8517780303955,21.6248950958252,12.9141607284546,18.4937534332275,2.86072039604187,2.69148659706116,0.947714805603027,2.54439425468445,80.2935104370117,71.8319702148438,60.0528182983398,73.1673202514648,0.192271873354912,0.122207328677177,0.0291093979030848,0.00795490853488445,0.0141619024798274,0.358429610729218,0.0938183814287186,0.12470069527626,160854.15625,NA,NA
"AL031",6.3057746887207,13.0707111358643,23.6134471893311,15.5554466247559,17.3076725006104,3.37402272224426,2.92613935470581,0.927658021450043,2.85207033157349,76.3557510375977,70.5737228393555,61.5625534057617,72.455810546875,0.222947001457214,0.196015045046806,0.0173555444926023,0.0106653580442071,0.0760814175009727,0,0.474533230066299,0,93158.4921875,NA,NA
"AL032",10.1099147796631,16.456075668335,26.7198352813721,19.2133235931396,16.609920501709,3.26270270347595,2.83478474617004,0.804915845394135,2.83935308456421,74.5254669189453,70.7657623291016,63.8715858459473,72.4895401000977,0.314722716808319,0.165469735860825,0.00130665197502822,0.0185295101255178,0.0307791102677584,0.00542059913277626,0.293235242366791,0.0279691442847252,215289.3125,NA,NA
"AL035",9.02781105041504,15.5051870346069,25.8683433532715,18.1863708496094,16.8405323028564,4.56995868682861,3.0434238910675,0.657196462154388,3.69557619094849,75.9634399414062,73.0409774780273,65.2036437988281,73.9743194580078,0.170397713780403,0.17256785929203,0.0344103127717972,0.00455310614779592,0.0265433266758919,0.00713609298691154,0.326964646577835,0.0135540859773755,66898.875,NA,NA
"AL033",5.58597564697266,12.3542070388794,23.0275650024414,14.8184146881104,17.4415893554688,4.74009084701538,3.21095323562622,0.779275178909302,3.71505665779114,76.3031539916992,71.3987731933594,60.9826278686523,72.5335388183594,0.212985798716545,0.19332417845726,0.0244904719293118,0.00406250590458512,0.0561373606324196,0.0135226901620626,0.441603124141693,0.00301710795611143,48269.09765625,NA,NA
"AT11",3.29829859733582,12.4829845428467,22.5424308776855,13.0670356750488,19.2441329956055,1.31740617752075,2.07510852813721,2.72317171096802,2.01259517669678,78.8893737792969,67.9224243164062,63.0288505554199,77.4215316772461,0.323995321989059,0.0696869716048241,7.64297947171144e-05,0.0139970472082496,1.40129846432482e-45,0.0350899621844292,0.268278688192368,0.269181579351425,374528.53125,NA,NA
"AT12",2.47701549530029,11.4159364700317,21.375696182251,12.159107208252,18.898681640625,1.90015435218811,2.66485953330994,3.01101160049438,2.02654337882996,80.3703231811523,70.5500793457031,65.8451080322266,79.4700775146484,0.290510237216949,0.155749574303627,0.00301654613576829,0.0202560387551785,0,0.139859244227409,0.0748657509684563,0.315399289131165,3311342.25,NA,NA
"AT13",4.00213384628296,12.9749727249146,23.0352077484131,13.4352865219116,19.033073425293,1.43456888198853,2.19348978996277,2.45215559005737,1.83044826984406,78.9292297363281,68.2790222167969,62.2596893310547,77.4111480712891,0.264483451843262,0.116911239922047,2.47817016907348e-10,0.121139988303185,0,0.123712562024593,0,0.373752802610397,457325.21875,NA,NA
"AT21",-0.14654166996479,7.42697286605835,17.3485546112061,9.41837882995605,17.495096206665,2.2506148815155,3.60349988937378,4.18161249160767,3.48788094520569,79.1064758300781,74.1616134643555,72.248779296875,81.3589477539062,0.100936643779278,0.09340038895607,0.0561784543097019,0.0115987621247768,0,0,0.733752191066742,0,631506.9375,NA,NA
"AT22",0.521675229072571,8.59717655181885,18.46653175354,10.2027406692505,17.9448547363281,2.34585189819336,3.30988836288452,4.025146484375,2.91158652305603,80.5677871704102,73.3237991333008,71.4212799072266,81.5468978881836,0.134490847587585,0.0716162249445915,0.0235663242638111,0.0137390280142426,9.4071860162832e-25,0.0511208027601242,0.693445026874542,0.0110772484913468,1316156,NA,NA
"AT31",1.8974277973175,10.2557344436646,19.9505386352539,11.526008605957,18.0531120300293,3.08673429489136,3.67548179626465,4.13528060913086,2.95118451118469,81.7499389648438,72.8773574829102,70.3355865478516,81.7902603149414,0.228871271014214,0.21888966858387,0.0107400305569172,0.0201999600976706,0,0.0775535926222801,0.314587831497192,0.124433904886246,1503414.75,NA,NA
"AT32",-0.771677792072296,5.5631160736084,15.0668058395386,8.0996675491333,15.8384847640991,3.29826998710632,4.53724193572998,5.44164705276489,3.70032405853271,80.012809753418,76.2995910644531,75.1678771972656,82.357795715332,0.0650717169046402,0.15055724978447,0.146659329533577,0.0102456891909242,0,0,0.610718965530396,0,525238.5625,NA,NA
"AT33",-1.36211550235748,4.78837537765503,14.0101566314697,7.22144746780396,15.3722715377808,2.89408040046692,3.90911889076233,4.95511054992676,3.26639842987061,76.019660949707,74.4186477661133,74.6401138305664,80.1601943969727,0.0732474252581596,0.13480994105339,0.166395649313927,0.0089791789650917,0,0,0.595371007919312,0,874564.9375,NA,NA
"AT34",0.327249854803085,6.56098937988281,15.5894317626953,8.62870407104492,15.2621812820435,3.95126819610596,4.44508123397827,5.52695608139038,3.79310822486877,75.5699996948242,73.1328125,73.8114776611328,79.4585952758789,0.109550446271896,0.172018364071846,0.125628709793091,0.0273813083767891,0.00044550996972248,0,0.55646938085556,0,432345.03125,NA,NA
"BAG1652",3.10693764686584,10.7587442398071,21.4192733764648,12.7575607299805,18.3123378753662,3.32421064376831,3.37120962142944,2.11822199821472,3.59202909469604,79.2795715332031,72.3010711669922,66.0886917114258,77.2095565795898,0.179449766874313,0.154612392187119,0.030578238889575,0.0103845624253154,0.00110738875810057,0.112132094800472,0.444837987422943,0.0516154281795025,1606917.875,NA,NA
"BAG1653",3.59391689300537,11.6259346008301,22.3350009918213,13.3227643966675,18.7410831451416,3.15121674537659,3.28203845024109,2.20791149139404,3.22625708580017,79.0131072998047,71.1879272460938,65.6329879760742,76.7968292236328,0.218729913234711,0.115528456866741,0.026259483769536,0.00886631105095148,0.00222711428068578,0.13951350748539,0.393659591674805,0.0854858532547951,1168735,NA,NA
"BE10",5.41890668869019,11.092586517334,20.1203784942627,13.8145771026611,14.7014713287354,2.8606436252594,2.07520246505737,2.10812163352966,2.10934495925903,85.1436462402344,75.4949569702148,71.7678451538086,82.7264633178711,0.337062418460846,0.140471026301384,7.14613257457586e-10,0.261127859354019,0,0,0,0.261338740587234,184765.203125,NA,NA
"BE21",5.45800876617432,11.0579290390015,20.1505260467529,13.6843729019165,14.6925172805786,2.71429848670959,1.91049551963806,1.95654225349426,2.16107583045959,84.934944152832,74.8253021240234,71.1205368041992,82.6077728271484,0.227114856243134,0.142619416117668,1.39280897926142e-09,0.124937884509563,0,3.27176979952881e-10,0,0.486338973045349,1466029.125,NA,NA
"BE22",5.01695251464844,11.0204582214355,20.2018814086914,13.5835847854614,15.1849298477173,2.80361986160278,2.08416938781738,2.03293061256409,2.12360286712646,84.6975784301758,74.0573348999023,70.3950042724609,82.2608871459961,0.22302308678627,0.15921838581562,7.23819393311231e-10,0.105997756123543,0,0,0,0.511760771274567,1045147.75,NA,NA
"BE23",5.45029211044312,10.7101650238037,19.7823638916016,13.8733587265015,14.3320732116699,2.83694505691528,1.90801882743835,1.98396015167236,2.29292178153992,85.0882186889648,76.8933715820312,74.3965606689453,83.5607299804688,0.273139744997025,0.163997679948807,1.29170163454262e-09,0.12047141045332,0,2.65593907977646e-10,0,0.366686254739761,1488424.25,NA,NA
"BE24",5.17769336700439,11.0421905517578,20.2230129241943,13.7571687698364,15.0453195571899,2.7831494808197,2.06224060058594,2.04134559631348,2.03070878982544,85.0324859619141,75.1738204956055,71.5510559082031,82.6753921508789,0.3636135160923,0.154957011342049,1.60340363208888e-09,0.170515865087509,0,2.61982727178811e-11,0,0.309393137693405,1489745.5,NA,NA
"BE25",5.61192750930786,10.4013814926147,19.2233963012695,13.8472700119019,13.6114673614502,2.90099549293518,2.0147008895874,1.94886112213135,2.46143674850464,84.2502136230469,78.0459060668945,75.8508911132812,83.1249008178711,0.336457848548889,0.155170306563377,2.87340753857279e-06,0.0902949422597885,0,4.37604397163227e-10,0,0.217206239700317,1328286.5,NA,NA
"BE31",5.16017150878906,11.0537548065186,20.2600154876709,13.7791681289673,15.0998430252075,2.77779507637024,2.05267977714539,2.02669072151184,1.98799395561218,85.0601196289062,75.19189453125,71.5484161376953,82.67138671875,0.384405672550201,0.153833448886871,1.92275995125613e-09,0.170297920703888,0,0,0,0.291462987661362,731112,NA,NA
"BE32",5.16940641403198,10.7977151870728,19.9651012420654,13.657826423645,14.7956953048706,3.13897037506104,2.19395184516907,2.08354759216309,2.31588888168335,85.7083435058594,76.5489654541016,73.5893173217773,83.8839797973633,0.330645561218262,0.172834634780884,8.31857693839311e-10,0.109427846968174,0,0,0.201285392045975,0.185806587338448,1825248.375,NA,NA
"BE33",4.20792436599731,10.4984693527222,19.88405418396,13.0547132492065,15.6761283874512,3.2829372882843,2.35790634155273,2.20528626441956,2.38606834411621,86.4741363525391,75.5285263061523,71.6713714599609,83.9457550048828,0.18251870572567,0.161126136779785,1.42255263124724e-09,0.0797000527381897,0,2.13417974156797e-13,0.271304368972778,0.305350750684738,1240991.875,NA,NA
"BE34",3.91463446617126,10.0866641998291,19.6349220275879,12.3427238464355,15.7202882766724,3.94279551506042,2.52743864059448,2.26835823059082,2.75199174880981,87.6307601928711,76.1101608276367,71.4232635498047,85.256721496582,0.22021646797657,0.174170583486557,0.000123743404401466,0.0307489167898893,3.25165033787655e-10,1.08620630316856e-36,0.484108984470367,0.0906312614679337,401565.78125,NA,NA
"BE35",4.61206722259521,10.6390771865845,20.0419616699219,13.2679023742676,15.429895401001,3.44231486320496,2.38653516769409,2.18250370025635,2.39662671089172,86.605712890625,76.1842956542969,72.4560928344727,84.3082733154297,0.271623760461807,0.184066921472549,1.56096666614758e-05,0.0513987354934216,0,1.51607310423993e-36,0.0832332819700241,0.409661710262299,702982.1875,NA,NA
"BG311",3.64936566352844,13.4111213684082,24.1784572601318,13.8767166137695,20.5290908813477,1.71173977851868,1.97840964794159,1.47451663017273,1.56136333942413,80.5260162353516,69.0912322998047,60.4566459655762,75.2855606079102,0.262584179639816,0.187734350562096,0.00488263554871082,0.0048721325583756,0,0.0389739759266376,0,0.498641610145569,87161.578125,NA,NA
"BG312",2.97472524642944,13.0157890319824,23.7709789276123,13.5373201370239,20.7962551116943,1.58472967147827,2.13782048225403,1.64805734157562,1.57817828655243,80.0375213623047,68.7603530883789,60.4587326049805,74.176887512207,0.279272943735123,0.198661774396896,0.0192059744149446,0.00508892023935914,0,0.034081157296896,0,0.461788594722748,103041.4921875,NA,NA
"BG313",3.09787821769714,13.5120553970337,24.5542125701904,14.157096862793,21.4563331604004,1.60046482086182,2.28975749015808,1.79367125034332,1.61064958572388,80.2630081176758,68.859016418457,60.6919479370117,73.9069900512695,0.323438048362732,0.17648434638977,0.0281650125980377,0.00700009986758232,0,0.00347240502014756,0,0.459800869226456,120920.2578125,NA,NA
"BG314",3.10295176506042,13.9739799499512,25.3684635162354,14.7512712478638,22.2655124664307,1.56567192077637,1.89648509025574,1.76208221912384,1.44824159145355,80.4807281494141,68.5463943481445,60.919864654541,73.4941635131836,0.515450656414032,0.195294559001923,0.0116827376186848,0.00743046402931213,0,0.00577488029375672,0,0.263214737176895,199461,NA,NA
"BG315",2.13307929039001,12.3142042160034,23.6229362487793,13.3432674407959,21.4898567199707,1.68232929706573,2.44435620307922,2.44797086715698,1.76888203620911,79.1405639648438,70.6587142944336,65.0219192504883,75.2305145263672,0.303723365068436,0.128387331962585,0.00641784770414233,0.00899168848991394,0,5.8347806771053e-05,0,0.552409589290619,158045.703125,NA,NA
"BG321",3.02836680412292,13.2444438934326,24.7295303344727,14.3453941345215,21.7011623382568,1.70814073085785,1.99658870697021,1.78955328464508,1.56959962844849,80.355224609375,70.2939987182617,64.0143661499023,75.0332870483398,0.407698094844818,0.170521527528763,0.00357910827733576,0.00905318465083838,0,0.00255152676254511,0,0.406217277050018,195017.875,NA,NA
"BG322",1.63270211219788,11.5348014831543,22.9389724731445,12.7337551116943,21.3062725067139,1.79709339141846,2.3689489364624,2.38271808624268,1.71914505958557,79.4493942260742,71.3129348754883,65.7475662231445,75.7730407714844,0.245091542601585,0.107996098697186,0.000604828004725277,0.0103857684880495,0,7.18636729288846e-05,0,0.635284662246704,88585.8515625,NA,NA
"BG323",3.10927796363831,13.8059091567993,25.2595996856689,14.6591663360596,22.1503200531006,1.84975981712341,2.0042827129364,1.74140882492065,1.67113125324249,81.5358352661133,69.4777450561523,63.5233879089355,74.9162216186523,0.530660808086395,0.186530217528343,0.00657239649444818,0.0116420788690448,0,0.0108084520325065,0,0.251642525196075,183644.65625,NA,NA
"BG324",2.85368227958679,13.3263063430786,24.7762298583984,14.401782989502,21.9225463867188,1.84604167938232,1.98327362537384,1.83427035808563,1.77140140533447,81.6792526245117,70.9282836914062,65.9793930053711,76.3954925537109,0.46991765499115,0.169332429766655,0.00150625361129642,0.00801220256835222,0,0.00361259211786091,0,0.347536027431488,84268.796875,NA,NA
"BG325",3.4101893901825,13.6362180709839,24.9845600128174,14.6256055831909,21.574369430542,1.80175137519836,1.7885217666626,1.72290050983429,1.72491979598999,81.3801498413086,70.4611129760742,65.0331878662109,76.3296432495117,0.519315540790558,0.160508096218109,0.00696224393323064,0.00788370240479708,0,0.00943112745881081,0,0.288536787033081,144637.890625,NA,NA
"BG331",4.6707706451416,12.9706172943115,24.7125835418701,15.5805025100708,20.0418128967285,1.62421214580536,1.49097669124603,1.39252150058746,1.82621037960052,80.3987121582031,73.8520812988281,68.9394760131836,77.3485870361328,0.370982766151428,0.135074138641357,0.000603364838752896,0.0125925606116652,0,6.72940877848305e-05,0,0.381005227565765,374204.4375,NA,NA
"BG332",4.08116626739502,13.1142587661743,24.6219902038574,15.1468925476074,20.5408248901367,1.62381482124329,1.38487029075623,1.32674968242645,1.76488530635834,81.0179443359375,73.5656051635742,69.0995635986328,76.8299407958984,0.425314396619797,0.170272380113602,8.07461110525765e-05,0.00595813663676381,0,0.00508825527504086,0,0.286714434623718,167297.5,NA,NA
"BG333",3.53728818893433,12.9722652435303,24.5450305938721,14.7224893569946,21.0077419281006,1.69707584381104,1.73291754722595,1.67572939395905,1.64789080619812,81.2676620483398,72.5910186767578,67.503288269043,77.2417526245117,0.443393260240555,0.169279605150223,0.000706188671756536,0.00752029940485954,0,2.14756510104053e-05,0,0.378925502300262,129936.75,NA,NA
"BG334",3.01143169403076,13.0208234786987,24.4846534729004,14.3932981491089,21.4732208251953,1.69095468521118,1.88241577148438,1.75616157054901,1.6041032075882,81.197265625,71.9708099365234,67.6058731079102,77.2137680053711,0.37702888250351,0.162389978766441,0.000368989800335839,0.00689805438742042,0,0.00034215539926663,0,0.452964782714844,80522.40625,NA,NA
"BG341",5.46773242950439,13.508807182312,25.0308589935303,16.2414016723633,19.5631294250488,1.96504330635071,1.54392898082733,1.25053489208221,1.96905589103699,79.5274429321289,73.9011993408203,68.2141723632812,75.8690185546875,0.256678968667984,0.119722075760365,0.00538765545934439,0.00645665405318141,0,0.0685952082276344,0,0.421508431434631,305720.1875,NA,NA
"BG342",2.9735836982727,12.2494277954102,23.7469730377197,13.9206314086914,20.7733898162842,1.6884970664978,1.67301201820374,1.55606365203857,1.51923775672913,79.8339080810547,72.1684646606445,65.4702529907227,75.6950302124023,0.289174914360046,0.130990281701088,0.00587141932919621,0.00784190557897091,0,5.59583058930002e-05,0,0.566065549850464,140655.8125,NA,NA
"BG343",5.16353988647461,13.8769025802612,25.3723049163818,15.8604793548584,20.2087650299072,1.82572853565216,1.52246046066284,1.23835289478302,1.59686076641083,79.3881301879883,71.2737884521484,62.4410400390625,73.5146408081055,0.438386559486389,0.182966634631157,0.0118856932967901,0.00592303881421685,0,0.00403229286894202,0,0.3566634953022,95871.5390625,NA,NA
"BG344",3.54452061653137,12.776195526123,24.2521915435791,14.1759796142578,20.707670211792,1.78778457641602,1.88824462890625,1.78437459468842,1.58760631084442,78.7206573486328,70.3871765136719,61.9596519470215,73.7920837402344,0.332322597503662,0.141821995377541,0.00232721958309412,0.00971515756100416,0,4.7534082113998e-05,0,0.51356041431427,255072.09375,NA,NA
"BG411",2.19807457923889,11.5213947296143,22.0851306915283,12.6309833526611,19.887056350708,1.76055288314819,2.74313354492188,2.29078221321106,1.99789321422577,77.5077056884766,69.3514709472656,63.9427261352539,74.1539764404297,0.153906509280205,0.0368179529905319,0.00669665401801467,0.0506323873996735,0,8.63392269820906e-05,0,0.75117439031601,599733.875,NA,NA
"BG412",1.56084001064301,10.8749761581421,21.6483955383301,12.0688247680664,20.0875549316406,1.89888155460358,2.97149682044983,2.31372046470642,2.01673674583435,77.953742980957,70.5438842773438,65.2855224609375,75.1003952026367,0.137258842587471,0.0533228702843189,0.00610125856474042,0.0142892152070999,0,0.0101298624649644,0,0.776665329933167,774982.4375,NA,NA
"BG413",1.61984050273895,10.7446327209473,21.5525207519531,12.2257432937622,19.9326782226562,1.79615581035614,2.26653361320496,1.4170149564743,1.49107182025909,76.6502227783203,70.1883316040039,63.2513084411621,73.0325698852539,0.142147034406662,0.105072982609272,0.0145228793844581,0.00553744053468108,0,0.0666132047772408,0,0.663112580776215,224141.171875,NA,NA
"BG414",1.98613572120667,11.1711254119873,21.6202621459961,12.3678817749023,19.634126663208,1.68292880058289,2.30172443389893,1.82247269153595,1.82092535495758,76.9838485717773,68.7982711791992,63.0230674743652,73.7108612060547,0.151765614748001,0.0400351919233799,0.0113871488720179,0.0138296689838171,0,0.108863823115826,0,0.674097001552582,259490.625,NA,NA
"BG415",1.87458217144012,10.7808933258057,21.2867298126221,12.1854753494263,19.4121494293213,1.84024083614349,2.38794636726379,1.64441561698914,1.8210289478302,74.9195251464844,67.1480941772461,59.7168312072754,71.3440475463867,0.141156733036041,0.0815847963094711,0.0186987891793251,0.00689799152314663,0,0.1451715528965,0,0.606469810009003,101174.6328125,NA,NA
"BG421",2.95014834403992,12.3032550811768,23.6665153503418,13.557710647583,20.7163677215576,1.91874980926514,2.28490948677063,2.11528396606445,1.67702412605286,77.7234039306641,70.4410247802734,63.2338562011719,74.2478332519531,0.314741283655167,0.122222051024437,0.00416389387100935,0.0151190059259534,0,0.00155978067778051,0,0.541540503501892,617125.9375,NA,NA
"BG422",4.95160579681396,13.7600154876709,25.0912914276123,15.3898057937622,20.139684677124,1.99875605106354,1.76104962825775,1.13804233074188,1.57780611515045,79.1459197998047,70.0115127563477,58.7505378723145,71.2262115478516,0.393224656581879,0.182471871376038,0.0177976656705141,0.0069767227396369,0,0.0500870011746883,0,0.347672134637833,214545.9375,NA,NA
"BG423",1.91945266723633,11.1197023391724,22.1645889282227,12.438401222229,20.2451362609863,1.90223073959351,2.46639513969421,1.815953373909,1.62696444988251,77.2726440429688,70.9475326538086,65.2315826416016,74.8906860351562,0.210787385702133,0.0851867571473122,0.00392232602462173,0.00833115633577108,0,0.0507632456719875,0,0.635045051574707,214191.9375,NA,NA
"BG424",1.1451244354248,10.07053565979,21.1159362792969,11.6050043106079,19.9708118438721,2.32058453559875,2.48877358436584,1.82092750072479,1.75830185413361,78.1474914550781,73.3039627075195,67.9286499023438,75.5287399291992,0.107222482562065,0.0406243093311787,0.0132317375391722,0.00382235995493829,0,0.149127051234245,0,0.678472876548767,85172.15625,NA,NA
"BG425",4.20989370346069,12.7371892929077,23.9574718475342,14.3356323242188,19.7475776672363,2.19886565208435,1.98683071136475,1.16452360153198,1.61642515659332,78.9771728515625,71.7366561889648,60.9074096679688,72.4197845458984,0.297350704669952,0.110990166664124,0.0481176786124706,0.00488800089806318,0,0.115561634302139,0,0.417374223470688,124542.2578125,NA,NA
"CH01",-0.0135792018845677,5.48621702194214,14.9420738220215,7.87509155273438,14.9556522369385,4.47558975219727,4.38473892211914,3.39385151863098,3.56459021568298,73.4119491577148,72.4767761230469,71.8614120483398,78.7998352050781,0.143860757350922,0.12554569542408,0.0404514782130718,0.0212077330797911,9.82730328989677e-27,0,0.583006918430328,0,1322889.875,NA,NA
"CH02",2.34034156799316,8.84817600250244,18.1607875823975,10.5035858154297,15.8204460144043,4.71179294586182,4.42439460754395,4.10214710235596,3.77808833122253,76.8788452148438,72.1526565551758,71.2876052856445,80.6144409179688,0.199949249625206,0.172652408480644,0.0194659158587456,0.0333207696676254,3.3633044249569e-29,3.88191466527132e-07,0.535516321659088,2.71733483714343e-06,2070086.25,NA,NA
"CH03",3.89448285102844,11.1779289245605,20.2375545501709,12.1974878311157,16.3430709838867,4.32206153869629,4.13317060470581,3.85767555236816,3.36784934997559,79.2868347167969,70.6508026123047,69.2257690429688,81.1009826660156,0.199652120471001,0.174707770347595,0.00751378992572427,0.062312051653862,2.4082626129987e-26,0.00926468335092068,0.467242628335953,0.0648526474833488,860314.875,NA,NA
"CH04",3.67180585861206,11.0547761917114,20.0521812438965,11.9848165512085,16.3803749084473,4.33208274841309,4.55790185928345,4.71411323547363,3.65924406051636,79.2618179321289,71.3351516723633,70.6147308349609,81.4767913818359,0.140913933515549,0.207357510924339,0.00797928869724274,0.0879836827516556,7.3814893570656e-27,0,0.526519477367401,0,977515.3125,NA,NA
"CH05",-0.476071804761887,5.0596718788147,14.11110496521,7.51657438278198,14.5871772766113,3.97173118591309,4.53045082092285,4.67615127563477,3.99140000343323,74.8332290649414,72.9899520874023,73.291862487793,80.0185394287109,0.0676468759775162,0.19415257871151,0.137884005904198,0.0159945003688335,2.29423822020181e-05,0,0.559648811817169,0,1332992.875,NA,NA
"CH06",1.19443666934967,7.28805685043335,16.2901878356934,9.14969348907471,15.0957498550415,5.50940132141113,5.90017318725586,5.32777118682861,4.77156019210815,75.9577026367188,73.0268859863281,73.1883163452148,81.0262145996094,0.0884510204195976,0.201657429337502,0.0646619871258736,0.0470897108316422,1.15571065435833e-26,0,0.531096041202545,0,1328710.875,NA,NA
"CH07",0.571269810199738,6.26883363723755,15.5309543609619,8.55416011810303,14.9596862792969,3.35786175727844,6.66814470291138,5.65016174316406,5.78924655914307,71.9247817993164,71.2580261230469,70.7165222167969,78.4139251708984,0.0432700701057911,0.0999650731682777,0.0993048772215843,0.0200654957443476,1.25916377341105e-14,0,0.69790256023407,0,421131.84375,NA,NA
"CZ01",2.56709814071655,11.1960954666138,21.2015056610107,12.0790786743164,18.6344089508057,1.37291729450226,1.75250148773193,2.72457766532898,1.30335795879364,80.5383758544922,70.2955627441406,62.745677947998,78.3134765625,0.499603718519211,0.0927484184503555,1.16122211846204e-09,0.0472202152013779,0,0.00315145077183843,0.140463039278984,0.216703847050667,253477.6875,NA,NA
"CZ02",2.14665985107422,10.7293729782104,20.6481266021729,11.6309032440186,18.5014667510986,1.52467846870422,1.99966824054718,2.66438412666321,1.42994201183319,81.2488021850586,71.1149291992188,64.7888107299805,79.5388793945312,0.464807152748108,0.125995382666588,0.00011921237455681,0.0204340983182192,0,0.00509938923642039,0.0950645357370377,0.288237750530243,2324862.25,NA,NA
"CZ03",1.76191115379333,10.2779273986816,19.9833126068115,11.2392358779907,18.221399307251,1.97217381000519,2.49491381645203,2.82230043411255,1.91545963287354,82.9300994873047,72.5960845947266,68.0452346801758,81.9248580932617,0.332349509000778,0.150594994425774,0.00130425812676549,0.0073885410092771,0,0.0115088298916817,0.0473621152341366,0.448133617639542,1289291.5,NA,NA
"CZ04",1.82573711872101,10.0239095687866,20.0428276062012,11.2574987411499,18.2170906066895,2.18462944030762,2.13518047332764,2.7536678314209,1.78995311260223,84.2030563354492,73.3383636474609,66.3846969604492,81.7946853637695,0.332942873239517,0.102332957088947,0.00363816251046956,0.0140305105596781,0,0.0113031398504972,0.018245430663228,0.517031610012054,1265781.375,NA,NA
"CZ05",1.67442798614502,10.0085926055908,20.0085201263428,11.1399192810059,18.3340930938721,2.91896653175354,2.50291848182678,3.09496927261353,2.14598083496094,83.8947372436523,73.1635437011719,67.9216918945312,81.9753952026367,0.356105506420135,0.129055216908455,0.00040287320734933,0.0161550529301167,0,0.0028839479200542,0.230392515659332,0.264964014291763,1522871,NA,NA
"CZ06",2.09357309341431,10.9610795974731,20.8840579986572,11.7148780822754,18.7904834747314,1.54678869247437,2.11434745788574,2.45079827308655,1.56269001960754,81.8517761230469,70.2307510375977,64.5612945556641,79.5480651855469,0.451620787382126,0.142078101634979,0.000182246483745985,0.0120118213817477,0,0.0040023997426033,0.0957052707672119,0.294313877820969,1620932.5,NA,NA
"CZ07",1.38885188102722,10.1043910980225,20.1030044555664,11.0661888122559,18.7141513824463,2.09845995903015,2.39203500747681,2.82977676391602,2.01640129089355,82.8425598144531,71.5038757324219,66.9786224365234,80.3487091064453,0.364031136035919,0.116329982876778,0.000585402478463948,0.0172099694609642,0,0.00689308112487197,0.319721311330795,0.174455121159554,1132839.25,NA,NA
"CZ08",1.41712522506714,9.8989667892456,19.8855724334717,10.9519367218018,18.468448638916,2.23174381256104,2.63036036491394,3.18303418159485,2.22243475914001,82.4162368774414,72.1705780029297,68.7493286132812,80.3444519042969,0.372171700000763,0.102204814553261,0.000312636198941618,0.0225594658404589,0,0.00799295585602522,0.0559623874723911,0.436990857124329,1193200.875,NA,NA
"DE11",2.99872612953186,10.9666862487793,20.5097827911377,12.0589962005615,17.5110569000244,2.62804222106934,2.62022376060486,2.54940223693848,2.5883777141571,82.5835266113281,70.8597106933594,65.6966171264648,81.2567520141602,0.300430923700333,0.0854422897100449,4.11072778661037e-06,0.0373133346438408,0,8.81985077420128e-13,0,0.576809406280518,3803772.5,NA,NA
"DE12",3.96591019630432,11.7009935379028,21.1900959014893,12.8112411499023,17.2241859436035,2.99871230125427,2.75982403755188,2.54217123985291,2.82991695404053,81.8695068359375,70.3418273925781,64.9142684936523,80.5208435058594,0.229892313480377,0.0503334440290928,2.0725707145175e-05,0.0380333326756954,0,0,0.0615779384970665,0.62014228105545,2492068.75,NA,NA
"DE13",3.64032340049744,10.9406909942627,20.2574729919434,12.1493396759033,16.6171474456787,3.5610179901123,3.3262243270874,3.02835702896118,3.04933214187622,81.3543548583984,71.3044891357422,67.5065231323242,81.4446258544922,0.234392106533051,0.0894618481397629,0.000601064646616578,0.0287737213075161,0,0.0125881247222424,0.437127619981766,0.191750332713127,2498475.25,NA,NA
"DE14",3.02930355072021,10.8350772857666,20.2893676757812,11.9911079406738,17.2600650787354,2.43079566955566,2.9684271812439,3.31189370155334,2.64755320549011,81.4589614868164,71.6509857177734,68.6343994140625,81.8860092163086,0.251475304365158,0.143940016627312,0.000840146618429571,0.0199780948460102,0,1.71310529780908e-13,0.332090258598328,0.218869850039482,2089444.375,NA,NA
"DE21",2.0358579158783,10.2364845275879,19.7107944488525,11.416205406189,17.674934387207,2.60304069519043,3.51418423652649,4.37335014343262,2.98674011230469,80.1431274414062,71.9156875610352,69.9203796386719,81.4895782470703,0.246129766106606,0.147257477045059,0.00880294479429722,0.0260794404894114,0,3.27248957099346e-11,0.335843741893768,0.226927414536476,4689533.5,NA,NA
"DE22",2.17800426483154,10.8602361679077,20.4379100799561,11.7222719192505,18.2599048614502,2.48085331916809,2.78357625007629,3.22741436958313,2.46463370323181,81.8813552856445,71.0009536743164,67.3820571899414,81.1539077758789,0.333207547664642,0.162686496973038,0.000728635990526527,0.00993150286376476,0,6.46144400207049e-08,0.176057651638985,0.317388087511063,1189180.875,NA,NA
"DE23",1.92040753364563,10.4062232971191,19.9564838409424,11.2324447631836,18.036075592041,2.34694218635559,2.42019486427307,2.5804808139801,2.34666633605957,83.6341552734375,71.4463043212891,66.6324462890625,82.0115280151367,0.283004999160767,0.107250869274139,0.00011737418390112,0.011398266069591,0,2.57339056730643e-08,0.00662839505821466,0.591600120067596,1250053.375,NA,NA
"DE24",2.14018034934998,9.91567897796631,19.7389392852783,11.2873125076294,17.5987586975098,2.67125940322876,2.30504274368286,2.53185319900513,2.32218813896179,84.3201446533203,72.1648101806641,66.2997131347656,82.041015625,0.276611775159836,0.0955428034067154,4.33210300965214e-10,0.0133660398423672,0,0,0,0.614479422569275,1004145.375,NA,NA
"DE25",2.52639746665955,10.5707092285156,20.1247272491455,11.557713508606,17.5983295440674,2.13512134552002,2.24408388137817,2.26740908622742,2.2719407081604,82.6114349365234,70.5945053100586,65.4510116577148,81.4001998901367,0.359117478132248,0.112099826335907,1.68750224904812e-09,0.0206255633383989,0,0,0,0.508157134056091,1576072.5,NA,NA
"DE26",2.79018664360046,10.5510149002075,20.2082901000977,11.8682813644409,17.4181041717529,2.56143712997437,2.1935122013092,2.16511487960815,2.13937973976135,83.686897277832,71.6753921508789,65.6628341674805,81.6812133789062,0.340966761112213,0.0874934941530228,4.78838228445966e-05,0.0114735467359424,0,6.26583290461169e-12,0.0378197841346264,0.522198498249054,1169062.125,NA,NA
"DE27",2.43972611427307,10.3621425628662,19.7867450714111,11.49924659729,17.3470191955566,2.47525763511658,3.18656706809998,3.85548162460327,2.88499188423157,79.7767715454102,71.7346649169922,69.3953323364258,81.6148910522461,0.281775653362274,0.178752079606056,0.0119881611317396,0.0169817451387644,4.87703353257984e-08,0,0.198327377438545,0.309323370456696,1923971.75,NA,NA
"DE30",3.50761389732361,11.2817239761353,20.9931468963623,12.6446580886841,17.4855308532715,1.80922877788544,1.67806649208069,1.95941138267517,1.49830257892609,83.596549987793,71.6849517822266,65.4079513549805,80.0346145629883,0.238752156496048,0.0777275487780571,0.00159405940212309,0.0829007625579834,0,0,0,0.584559619426727,703645.125,NA,NA
"DE40",3.48145818710327,11.1105213165283,20.9203548431396,12.637092590332,17.4388980865479,1.75098180770874,1.70911037921906,1.9861843585968,1.50736320018768,83.4463424682617,71.8861083984375,65.6709747314453,80.0964202880859,0.350696086883545,0.116928823292255,0.00113362399861217,0.0194294583052397,0,7.42988795487953e-11,0,0.497781455516815,5504492,NA,NA
"DE50",4.22149896621704,10.2013683319092,19.2989768981934,12.7235536575317,15.0774784088135,2.68085479736328,2.03866028785706,2.29058575630188,2.34550738334656,85.6179656982422,76.0398406982422,72.7040023803711,82.9520263671875,0.292890131473541,0.204571127891541,0.000621374405454844,0.0515968799591064,0,1.6633558419521e-10,0.340715855360031,0.0509158819913864,166692.828125,NA,NA
"DE60",3.98322296142578,9.99371910095215,19.3768348693848,12.5445079803467,15.393611907959,2.56949830055237,1.99401032924652,2.25726199150085,2.23573231697083,86.3180236816406,75.5624923706055,70.7877960205078,82.8630065917969,0.368989527225494,0.159453615546227,0.000147725761053152,0.0550583936274052,0,8.10896280678541e-11,0.107310749590397,0.28702175617218,373309.53125,NA,NA
"DE71",3.51216721534729,11.3232173919678,20.8686065673828,12.6015062332153,17.3564395904541,2.62334489822388,2.2763340473175,2.2577064037323,2.17727994918823,83.2015609741211,71.0241622924805,64.4505310058594,80.7648468017578,0.2181096971035,0.0562339127063751,0.00012930398224853,0.0543325617909431,0,0,0.124121479690075,0.547073066234589,3738284.75,NA,NA
"DE72",2.99864912033081,10.3436193466187,19.9299659729004,12.0158748626709,16.9313182830811,2.84370398521423,2.24883627891541,2.26443290710449,2.04736852645874,84.9791030883789,72.9992980957031,67.1075744628906,82.3883895874023,0.226575151085854,0.0832239016890526,1.86805918929167e-05,0.0216899178922176,0,0,0.543269157409668,0.125223189592361,1350194.75,NA,NA
"DE73",2.41661238670349,9.6036958694458,19.2298603057861,11.4559011459351,16.8132476806641,2.60076785087585,2.18312191963196,2.27555513381958,1.9237060546875,85.0350799560547,73.8979034423828,68.1743316650391,82.3962631225586,0.26684957742691,0.0857201516628265,6.72596922601798e-10,0.0104135163128376,0,2.46358136798616e-13,0.19595493376255,0.441061854362488,1173820.25,NA,NA
"DE80",3.65219211578369,10.0213527679443,19.8842678070068,12.5206108093262,16.2320747375488,1.94087994098663,1.73695909976959,2.05436205863953,1.80103778839111,85.7066421508789,75.5626907348633,70.5101089477539,82.4044418334961,0.430809527635574,0.153280630707741,0.000688212923705578,0.00787893310189247,0,5.53903936606481e-11,0,0.294401854276657,1310969,NA,NA
"DE91",3.26343703269958,9.94521141052246,19.4908771514893,11.9834108352661,16.2274398803711,2.79511213302612,2.30750966072083,2.35877871513367,2.20890188217163,84.6887054443359,73.7995529174805,67.733512878418,81.4723205566406,0.4028300344944,0.105559900403023,3.28199384966865e-05,0.0178430564701557,0,4.64541703715238e-11,0,0.473674893379211,1393529.75,NA,NA
"DE92",3.73348188400269,10.2005558013916,19.4280490875244,12.3949012756348,15.6945676803589,2.54511570930481,2.07979726791382,2.05636811256409,2.01302242279053,84.4310531616211,73.9805603027344,69.1597900390625,81.6303024291992,0.459454417228699,0.136558592319489,0.000107051615486853,0.0272303279489279,0,7.86098408589453e-11,0.00254560285247862,0.371444821357727,2244841,NA,NA
"DE93",3.97769999504089,10.1495761871338,19.4736862182617,12.5802326202393,15.4959859848022,2.42771053314209,1.93890190124512,2.11930108070374,2.07443475723267,85.2039642333984,74.3377914428711,69.7514495849609,82.0427856445312,0.35631000995636,0.17606683075428,0.000589023053180426,0.0143267810344696,0,9.88099602139414e-11,0.0973838791251183,0.328183203935623,2402200.5,NA,NA
"DE94",4.32569026947021,10.0845022201538,18.9146919250488,12.6984348297119,14.5890026092529,2.60083699226379,1.93935823440552,2.09793829917908,2.19059753417969,85.8871765136719,75.980598449707,73.4064025878906,83.5526580810547,0.386735409498215,0.235996931791306,0.000107573447166942,0.0161179173737764,0,1.55374060839542e-10,0.0540756657719612,0.239038214087486,2188035.5,NA,NA
"DEA1",5.21599864959717,11.3749723434448,20.485279083252,13.6906576156616,15.2692785263062,2.92212295532227,2.12546491622925,2.21536254882812,2.23135614395142,84.6590423583984,73.0471725463867,68.3946380615234,81.4462356567383,0.289045184850693,0.0849663317203522,7.43442433304153e-05,0.103054977953434,0,2.13946305116508e-10,0,0.522859215736389,4692706.5,NA,NA
"DEA2",4.31995439529419,10.9281396865845,20.296012878418,13.2107963562012,15.9760589599609,3.02749514579773,2.28481292724609,2.25814819335938,2.19534754753113,85.006721496582,73.6353225708008,68.8002471923828,81.9656600952148,0.23090648651123,0.0603265278041363,6.73868707963265e-05,0.0710619539022446,0,4.98763953315357e-13,0.0942322835326195,0.543398678302765,4721637,NA,NA
"DEA3",4.61095571517944,10.7312126159668,19.660816192627,13.0641489028931,15.0498600006104,2.79489278793335,2.07550859451294,2.1268949508667,2.15164256095886,84.9199600219727,73.4672012329102,69.2512054443359,82.0131454467773,0.403582483530045,0.156136468052864,3.85902332311616e-09,0.0460483729839325,0,1.34923711092583e-10,0,0.39416378736496,3125816.25,NA,NA
"DEA4",3.49550676345825,10.1076812744141,19.3680076599121,12.1961536407471,15.8725023269653,2.85852098464966,2.20592260360718,2.32792448997498,2.22263360023499,84.695182800293,73.9937362670898,68.7498092651367,81.8204803466797,0.427128672599792,0.124869398772717,1.07956210637639e-09,0.0229946449398994,0,2.04124078750922e-11,0.0046831713989377,0.419755280017853,1899868.5,NA,NA
"DEA5",3.59028029441833,10.30211353302,19.6135578155518,12.3918609619141,16.0232791900635,3.85928297042847,2.62761998176575,2.67491936683655,2.82714247703552,86.4141845703125,74.8630981445312,69.9340209960938,83.3537750244141,0.221911162137985,0.0712608247995377,7.83563491868478e-10,0.0352113619446754,0,0,0.0882781818509102,0.58256596326828,2963102,NA,NA
"DEB1",3.75624465942383,10.8387651443481,20.3261260986328,12.6641178131104,16.569881439209,2.89191222190857,2.20525622367859,2.04893183708191,2.13025832176208,85.4319305419922,72.9779281616211,67.2029190063477,82.6131286621094,0.237757101655006,0.0707013159990311,1.30724833979912e-06,0.021903283894062,0,0,0.163056835532188,0.506580114364624,1764036.25,NA,NA
"DEB2",3.72762131690979,10.5720987319946,20.0406227111816,12.4549932479858,16.3129997253418,3.20019674301147,2.29711651802063,2.06077933311462,2.34702825546265,86.8934631347656,74.198860168457,68.5602951049805,84.1586990356445,0.253516733646393,0.0940752550959587,1.10491971128113e-09,0.0191413331776857,5.89530368966251e-11,0,0.565573573112488,0.0676930770277977,616920.6875,NA,NA
"DEB3",4.42485761642456,12.0509700775146,21.5315990447998,13.1339826583862,17.1067428588867,2.55045104026794,2.14837837219238,1.99780571460724,2.232421875,83.0935592651367,70.2751922607422,63.2796478271484,80.6829299926758,0.310407072305679,0.048872634768486,7.40754549042322e-05,0.0404034294188023,0,1.47901547885706e-17,0,0.600242793560028,2364783.75,NA,NA
"DEC0",4.31458902359009,11.3514862060547,20.8383197784424,12.8127384185791,16.5237293243408,3.26469254493713,2.31899690628052,2.12009644508362,2.60593223571777,84.8044738769531,71.8735580444336,65.0016021728516,82.28271484375,0.363278418779373,0.0712931752204895,8.1150902664362e-10,0.0367318280041218,1.09653475535709e-11,0,0.081291601061821,0.44740504026413,714433.5,NA,NA
"DED2",2.87130093574524,11.0317134857178,21.0365619659424,12.2672071456909,18.1652603149414,2.05002474784851,2.04815077781677,2.71708011627197,1.72831797599792,81.8095016479492,71.6104507446289,65.36376953125,79.5818252563477,0.357722371816635,0.0995945930480957,0.000728457409422845,0.0192787330597639,0,0.00176584057044238,0,0.516525149345398,1405821.875,NA,NA
"DED4",2.1606011390686,10.0709285736084,20.0768089294434,11.4504594802856,17.9162082672119,2.3345320224762,2.34801936149597,2.95171761512756,2.00941491127014,83.4293060302734,73.2955551147461,66.9303359985352,80.9824447631836,0.358463644981384,0.115072190761566,9.0364323114045e-05,0.0246473532170057,0,0.00098105298820883,0,0.500650405883789,1370643.25,NA,NA
"DED5",3.43976879119873,11.3835458755493,21.3079509735107,12.6443195343018,17.8681831359863,1.64343476295471,1.75192546844482,2.18569326400757,1.41460347175598,80.7857055664062,70.854621887207,63.3533515930176,77.7446823120117,0.503932178020477,0.13235042989254,1.3514294128214e-09,0.0202020779252052,0,0,0,0.342362403869629,774755.1875,NA,NA
"DEE0",3.58207988739014,10.7880840301514,20.5119132995605,12.5336017608643,16.9298324584961,1.81389844417572,1.76303958892822,1.92034709453583,1.5201610326767,82.6406478881836,71.8737106323242,64.6526260375977,79.2557754516602,0.476362228393555,0.137179896235466,0.00145591562613845,0.0143160177394748,0,1.589252861256e-11,0,0.369075119495392,2423622.75,NA,NA
"DEF0",3.8444836139679,9.64929485321045,18.9585990905762,12.5924863815308,15.1141166687012,2.72542977333069,1.87420272827148,2.28640532493591,2.71338152885437,87.1767501831055,77.7242736816406,74.0762329101562,84.0110168457031,0.365760028362274,0.20123678445816,0.000572586781345308,0.0257622506469488,0,8.55973869562376e-09,0.104685679078102,0.15969954431057,3515478.75,NA,NA
"DEG0",2.51249432563782,9.85922145843506,19.7046508789062,11.538854598999,17.1921577453613,2.14418840408325,2.12564563751221,2.33791494369507,1.7956258058548,84.1279983520508,73.5279388427734,66.5801239013672,81.1541137695312,0.170723110437393,0.105443425476551,1.43210554526263e-09,0.0156809836626053,0,2.02423933734833e-13,0,0.707966148853302,2145828.75,NA,NA
"DK01",3.33313965797424,8.70319843292236,18.8858776092529,12.2915983200073,15.552737236023,2.09304523468018,1.46979629993439,1.98200118541718,2.18991732597351,85.7543487548828,77.953125,74.9570999145508,82.9062271118164,0.266414880752563,0.0184906367212534,0.000276442500762641,0.102881133556366,2.95371720461062e-29,0.00210380367934704,0.00512370513752103,0.194855660200119,888947.5,NA,NA
"DK02",3.79771590232849,8.88249111175537,19.0072975158691,12.8155908584595,15.2095813751221,2.09529256820679,1.46068131923676,1.88085341453552,2.20974087715149,86.3833618164062,78.345817565918,74.1206283569336,82.6521148681641,0.341718941926956,0.025278352200985,0.000504045747220516,0.0308851096779108,0,5.6855465118133e-06,0,0.185664355754852,597855.5625,NA,NA
"DK03",3.3651340007782,8.82509803771973,18.1226539611816,12.1264457702637,14.7575206756592,2.7729856967926,1.73373138904572,2.07317304611206,3.10409164428711,87.929443359375,78.7348251342773,75.8301467895508,84.5633697509766,0.447916924953461,0.05948905646801,0.00085845059948042,0.0246811881661415,1.26116861789234e-44,4.64873011196687e-07,0.173398613929749,0.0682800635695457,915536.75,NA,NA
"DK04",3.09054565429688,8.7158899307251,17.9556884765625,11.7850532531738,14.8651418685913,2.83140563964844,1.68652033805847,2.0470027923584,3.20398783683777,87.3738403320312,78.0255889892578,76.9737091064453,84.7647171020508,0.436297327280045,0.0390158258378506,0.000357172277290374,0.0315840691328049,2.55925726119784e-29,3.82573762180982e-06,0.121792323887348,0.177022382616997,1197989.375,NA,NA
"DK05",2.69549608230591,8.55425548553467,18.0525054931641,11.4848222732544,15.3570098876953,2.55154609680176,1.57834839820862,1.95320475101471,2.89879584312439,85.4575729370117,76.8126678466797,76.2377243041992,83.0705947875977,0.394101083278656,0.038216844201088,0.000698097457643598,0.0206480585038662,1.29888663605861e-28,3.03634374176909e-06,0.140314549207687,0.125565424561501,422140.71875,NA,NA
"EE001",0.467777580022812,7.72290849685669,19.352087020874,9.84580707550049,18.8843097686768,2.37632632255554,1.46634614467621,2.58074975013733,2.66531038284302,83.6351089477539,72.8744430541992,72.998649597168,84.2453765869141,0.0938037633895874,0.0665654987096786,0.0159692019224167,0.0126482965424657,0.000244882627157494,0.097544752061367,0.376905381679535,0.207045748829842,377896.4375,NA,NA
"EE004",1.07091116905212,7.91553354263306,19.3467388153076,10.5457344055176,18.2758274078369,2.18239974975586,1.3039482831955,2.24780702590942,2.59284257888794,82.893310546875,74.3814086914062,73.8991622924805,83.5904006958008,0.056883916258812,0.0346461497247219,0.0251175276935101,0.00261280057020485,2.91235064651119e-05,0.20830549299717,0.0223957821726799,0.368516504764557,111286.7109375,NA,NA
"EE006",0.160044610500336,7.8048620223999,19.485954284668,9.74257373809814,19.3259086608887,2.2599310874939,1.46610832214355,2.71521258354187,2.58302283287048,84.0006408691406,71.8189239501953,72.3508377075195,84.819450378418,0.139484167098999,0.0673268064856529,0.0252823866903782,0.00668879691511393,0.000226237054448575,0.133154392242432,0.267864733934402,0.319523006677628,294523.25,NA,NA
"EE007",-0.331066995859146,7.75429677963257,19.6429386138916,9.56283092498779,19.974006652832,2.04795026779175,1.47146618366241,2.89849281311035,2.55964207649231,83.2482223510742,72.1899108886719,71.148811340332,83.693717956543,0.042183842509985,0.0477485917508602,0.0100376345217228,0.0067614852450788,8.1171740021091e-05,0.300177425146103,0.0472745709121227,0.317708522081375,65049.5859375,NA,NA
"EE008",-0.203641533851624,8.37884616851807,19.655574798584,9.64958953857422,19.8592166900635,2.12561416625977,1.53637373447418,2.74507904052734,2.34064960479736,83.8186569213867,71.3444366455078,71.9366912841797,84.4347152709961,0.144545659422874,0.0562972947955132,0.0182576701045036,0.00401155278086662,0.00029105445719324,0.160819292068481,0.290191978216171,0.241959452629089,259673.5625,NA,NA
"EL301",10.292013168335,16.4294052124023,27.7468280792236,19.5202159881592,17.4548168182373,2.48584961891174,1.30045330524445,0.249302640557289,1.39650011062622,76.6319732666016,63.9151000976562,49.7166786193848,67.0292129516602,0.216042309999466,0.00518212513998151,0.308841049671173,0.0578974895179272,0,0.129302218556404,0,0.110443785786629,55696.26171875,NA,NA
"EL302",10.4482698440552,16.5519866943359,27.7449550628662,19.6376113891602,17.2966842651367,2.36590528488159,1.23554837703705,0.242024391889572,1.38679027557373,76.3771362304688,63.8799743652344,49.6661491394043,66.7807998657227,0.187617227435112,0.0236757043749094,0.237955123186111,0.0517250001430511,0,0.115212388336658,0,0.0945103168487549,47016.1171875,NA,NA
"EL303",10.7698421478271,16.8042545318604,27.7411003112793,19.8792057037354,16.9712581634521,2.11906433105469,1.10197639465332,0.227046027779579,1.36680793762207,75.852668762207,63.8076782226562,49.5621643066406,66.2695999145508,0.129119455814362,0.0617348216474056,0.0920744985342026,0.0390222370624542,0,0.0862160325050354,0,0.0617198161780834,78570.7890625,NA,NA
"EL305",10.6276597976685,16.698657989502,27.7494964599609,19.7719268798828,17.1218357086182,2.32290720939636,1.19867348670959,0.24194048345089,1.38067555427551,75.9628448486328,63.6697845458984,49.6670989990234,66.5934753417969,0.156826674938202,0.0324972607195377,0.185508757829666,0.0423731468617916,0,0.099186472594738,0,0.079614944756031,964715.125,NA,NA
"EL306",9.74956893920898,15.972653388977,27.3082103729248,19.0290870666504,17.5586414337158,2.57073354721069,1.33286011219025,0.258540242910385,1.4065033197403,76.9396667480469,65.7823638916016,51.9684867858887,67.9132995605469,0.273450016975403,0.258284896612167,0.120926678180695,0.0163027290254831,0,0.0678229406476021,0,0.108120523393154,203821.96875,NA,NA
"EL411",11.0182933807373,16.6367588043213,26.8498992919922,19.5316276550293,15.8316059112549,3.4487156867981,1.7021735906601,0.248950436711311,1.90157067775726,75.2273559570312,71.9607391357422,62.6973304748535,71.259033203125,0.0884461551904678,0.084959551692009,0.0783456265926361,0.00356836593709886,0,0.200478881597519,0,0.0754501968622208,36536.25390625,NA,NA
"EL412",12.1705656051636,17.4043426513672,27.2113628387451,20.7796516418457,15.0407991409302,4.70380258560181,1.83851885795593,0.0929662361741066,1.82116055488586,74.0086212158203,73.5978851318359,66.6038970947266,71.0327453613281,0.119941651821136,0.050900362432003,0.00603346200659871,0.00172315712552518,0,0.0445934012532234,0,0.0152598535642028,10899.9375,NA,NA
"EL431",12.7039594650269,17.3607730865479,26.5890979766846,20.6052722930908,13.8851385116577,3.8814389705658,1.4726790189743,0.107022695243359,1.75268232822418,79.7508239746094,66.62646484375,56.1098327636719,70.6322021484375,0.165017291903496,0.294639438390732,0.0178125314414501,0.00400266842916608,0,0.053808618336916,0,0.076974593102932,188804.328125,NA,NA
"EL432",13.9798793792725,17.8052062988281,26.4550495147705,21.4886379241943,12.4751710891724,2.51770043373108,1.09511852264404,0.148913636803627,1.07834267616272,75.481071472168,67.8736190795898,62.7731895446777,70.476203918457,0.084550216794014,0.018536364659667,0.215973019599915,0.0012996926670894,0,0.0252729337662458,0,0.0495942421257496,40879.42578125,NA,NA
"EL433",12.7012519836426,17.1973896026611,26.4853610992432,20.5780963897705,13.7841091156006,4.54490280151367,1.81242024898529,0.117651961743832,2.20937156677246,80.6412963867188,68.0072708129883,57.3081741333008,71.1795196533203,0.138064965605736,0.326109111309052,0.0484937913715839,0.00195291056297719,0,0.0576967485249043,0,0.0790648311376572,44078.1875,NA,NA
"EL434",13.5796680450439,17.7870426177979,27.2204170227051,21.4368667602539,13.6407508850098,4.57135152816772,1.81654167175293,0.0963622331619263,2.27023410797119,79.228271484375,69.9539413452148,61.5360717773438,71.5843734741211,0.06828473508358,0.195291414856911,0.0390132665634155,0.00111788779031485,0,0.0733179152011871,0,0.0521084181964397,44356.04296875,NA,NA
"EL511",6.31765127182007,14.55784034729,25.7401580810547,16.5442581176758,19.4225082397461,2.47246885299683,1.63797307014465,0.753882586956024,1.72961509227753,78.5791625976562,70.3570861816406,56.7504997253418,69.5879364013672,0.346695005893707,0.159958779811859,0.0274983681738377,0.00477599306032062,0,0.181651428341866,0,0.142716273665428,104860.765625,NA,NA
"EL512",4.94958782196045,12.9858026504517,24.1584911346436,14.7164573669434,19.2089023590088,2.52289295196533,1.91250562667847,1.01205861568451,1.71658599376678,76.358024597168,74.2517318725586,65.7074966430664,73.2853240966797,0.236580461263657,0.0840340852737427,0.0266183391213417,0.0027826486621052,0,0.419467002153397,0,0.147735208272934,74164.265625,NA,NA
"EL513",5.24087858200073,13.309928894043,24.5026741027832,15.1582517623901,19.2617950439453,2.38116264343262,1.77137720584869,0.82638669013977,1.67730295658112,78.62109375,72.4235610961914,59.2508544921875,71.2943115234375,0.275896310806274,0.0893915444612503,0.0749924853444099,0.00248454348184168,0,0.235158443450928,0,0.194988533854485,73236.8671875,NA,NA
"EL514",3.80010867118835,12.396146774292,23.4818992614746,14.0088996887207,19.6817893981934,2.13976526260376,1.91356980800629,1.1424925327301,1.53209102153778,77.0357666015625,72.6520843505859,65.8064498901367,74.3344879150391,0.301305055618286,0.111586935818195,0.0356554538011551,0.00290205958299339,0,0.378459304571152,0,0.168127223849297,129660.109375,NA,NA
"EL515",6.19187164306641,14.1134071350098,25.279691696167,16.0336780548096,19.0878200531006,2.50100421905518,1.79594278335571,0.865816652774811,1.67835378646851,74.9104919433594,74.3142166137695,65.9577941894531,72.4308242797852,0.171238943934441,0.113483838737011,0.0195421930402517,0.0025963825173676,0,0.208375200629234,0,0.0947541296482086,74360.90625,NA,NA
"EL521",4.86592769622803,13.4724359512329,24.8036975860596,15.2835121154785,19.9377708435059,1.83117198944092,1.97205579280853,0.627605259418488,1.69163453578949,77.6306610107422,68.4595565795898,55.0852508544922,71.5950927734375,0.389843106269836,0.174131438136101,0.0655422061681747,0.00725169666111469,0,0.139034166932106,0,0.210652932524681,172303.9375,NA,NA
"EL522",7.24500560760498,15.3038415908813,26.6515464782715,17.3065986633301,19.4065399169922,1.59120714664459,1.64427149295807,0.706895411014557,1.32498812675476,76.7026214599609,68.7465209960938,56.4627418518066,71.1139068603516,0.33854866027832,0.189079657196999,0.0701319649815559,0.00824925489723682,0,0.107802376151085,0,0.177641466259956,524874.875,NA,NA
"EL523",5.64444303512573,14.5497570037842,25.7383518218994,16.1690216064453,20.0939102172852,1.83927810192108,1.92850589752197,0.840875327587128,1.61018800735474,76.0834808349609,66.9921417236328,52.987232208252,69.5508346557617,0.335737317800522,0.18069788813591,0.0854528099298477,0.0117089096456766,0,0.136609584093094,0,0.213067919015884,418056.15625,NA,NA
"EL524",4.33128929138184,13.2698860168457,24.3941745758057,14.8860292434692,20.0628852844238,1.94089090824127,2.07131886482239,0.725807070732117,1.81428074836731,77.8961715698242,67.610481262207,53.3918037414551,70.9573822021484,0.350541591644287,0.209170252084732,0.0671244189143181,0.00600951351225376,0,0.142935931682587,0,0.216306552290916,185915.40625,NA,NA
"EL525",5.13408327102661,13.2428312301636,24.6594200134277,15.3225870132446,19.5253372192383,1.53475451469421,1.65703237056732,0.54683917760849,1.33638882637024,76.8295059204102,70.0604934692383,59.1512565612793,72.4368591308594,0.235909223556519,0.126627251505852,0.0741802453994751,0.0027360983658582,0,0.185122653841972,0,0.157091245055199,64039.99609375,NA,NA
"EL526",5.32675457000732,13.9292488098145,25.0617141723633,15.6343927383423,19.7349586486816,1.62454569339752,1.61549174785614,0.896233260631561,1.30129945278168,76.6650924682617,68.5418472290039,57.0820121765137,70.8032150268555,0.285303592681885,0.175618067383766,0.0311361402273178,0.00357548915781081,0,0.24854488670826,0,0.176724284887314,143038.609375,NA,NA
"EL527",8.57094955444336,15.5194959640503,26.7454986572266,18.012809753418,18.1745510101318,1.69568908214569,1.45369327068329,0.667702615261078,1.29471945762634,75.8546981811523,69.7937164306641,58.615550994873,71.2783050537109,0.143763706088066,0.204109907150269,0.0285934004932642,0.00153170549310744,0,0.100432828068733,0,0.107788197696209,61274.14453125,NA,NA
"EL531",3.79226684570312,11.8985910415649,23.0879211425781,13.9367303848267,19.295654296875,1.96551024913788,1.87246668338776,0.759611666202545,1.71046423912048,78.6448745727539,68.3943252563477,53.3142166137695,70.4848709106445,0.377338379621506,0.197256833314896,0.06272953748703,0.00237893522717059,0,0.190553039312363,0,0.161882147192955,158810.046875,NA,NA
"EL532",2.80369925498962,10.8834571838379,21.837818145752,12.8072462081909,19.0341186523438,2.30212759971619,2.23128890991211,0.87987095117569,2.10178971290588,79.704475402832,70.1066665649414,56.2202453613281,71.9123153686523,0.307736217975616,0.119888201355934,0.0405143313109875,0.00235520978458226,0,0.349177747964859,0,0.146454781293869,33237.76953125,NA,NA
"EL533",2.49564933776855,11.1561088562012,22.040958404541,12.8494987487793,19.5453109741211,1.93787610530853,2.0591893196106,0.862594723701477,1.87892687320709,79.9700698852539,69.4756164550781,55.893871307373,72.2434616088867,0.31067231297493,0.161895677447319,0.0501986779272556,0.00267426203936338,0,0.258397787809372,0,0.160031080245972,52662.21875,NA,NA
"EL541",8.80211925506592,15.4505853652954,26.0210800170898,18.0949249267578,17.2189617156982,4.58579397201538,2.55321526527405,0.485363185405731,3.10681653022766,79.4350204467773,75.1156234741211,66.1475601196289,75.8086318969727,0.163824558258057,0.181941241025925,0.0838240012526512,0.00142412609420717,0,0.00717604253441095,0.443205565214157,0.00218160869553685,59476.11328125,NA,NA
"EL542",9.24559307098389,15.8020915985107,26.3152599334717,18.439769744873,17.0696678161621,4.79347276687622,2.67723107337952,0.529354751110077,3.51736736297607,76.7908935546875,75.0529861450195,67.7642364501953,75.3271408081055,0.170782044529915,0.18134593963623,0.0294423624873161,0.00232941238209605,0.00460826884955168,0.019355334341526,0.289771735668182,0.0137964282184839,41959.96875,NA,NA
"EL543",5.63735914230347,12.9865989685059,23.7110996246338,15.2511224746704,18.0737400054932,3.9123969078064,2.61640882492065,0.734930515289307,3.06620073318481,79.5690689086914,72.8847961425781,60.9864616394043,73.6529693603516,0.197048664093018,0.105270944535732,0.0436580143868923,0.00297473976388574,0.0012742014368996,0.244484648108482,0.340804666280746,0.0396506413817406,178252.515625,NA,NA
"EL611",6.49191188812256,14.0473699569702,25.1855945587158,16.4846515655518,18.6936836242676,2.78099155426025,2.01023983955383,0.616217851638794,2.0806770324707,79.7180252075195,69.8023300170898,55.1195068359375,71.017578125,0.309939354658127,0.162715509533882,0.0853450074791908,0.00233993283472955,0,0.253084659576416,0.0511315949261189,0.132491692900658,191749.96875,NA,NA
"EL612",6.84440803527832,14.6312227249146,26.0643787384033,17.0607223510742,19.219970703125,1.72095441818237,1.52693486213684,0.53982675075531,1.44791412353516,77.2761535644531,68.0758590698242,54.7533798217773,70.2213745117188,0.369780689477921,0.065251812338829,0.25993686914444,0.00325056281872094,0,0.0896520093083382,0,0.119646199047565,262936.6875,NA,NA
"EL613",8.60576152801514,15.4486970901489,26.6284790039062,18.29931640625,18.0227165222168,2.25494694709778,1.52884483337402,0.530220687389374,1.65074479579926,77.3882217407227,69.9671401977539,58.9955368041992,71.2989807128906,0.197831705212593,0.0195015966892242,0.275904685258865,0.00333781959488988,0,0.0732736065983772,0,0.0912070572376251,116916.546875,NA,NA
"EL621",14.745903968811,17.3601169586182,25.7888336181641,22.147533416748,11.042929649353,4.07326555252075,1.78567957878113,0.31769397854805,3.57784104347229,71.5658264160156,77.9914398193359,81.5012359619141,73.5046234130859,0.0129710761830211,0.0807840451598167,0.00128940434660763,0.000913811789359897,0,0.0477186739444733,0,0.0227891448885202,5644.39892578125,NA,NA
"EL622",10.481764793396,16.4710273742676,26.5385589599609,19.4883003234863,16.0567932128906,5.05685997009277,2.61729741096497,0.596354186534882,4.25906038284302,75.0095138549805,77.168701171875,74.5192718505859,75.5179061889648,0.0171486884355545,0.0576545260846615,0.000149681683978997,0.00253334571607411,0,0.1261947453022,0,0.0276653133332729,19338.271484375,NA,NA
"EL623",14.2897062301636,17.3048839569092,26.2608528137207,21.9541473388672,11.9711484909058,4.05468320846558,1.84645342826843,0.365666896104813,2.8372073173523,70.898078918457,76.241325378418,77.8447341918945,72.2226257324219,0.0287279579788446,0.116470754146576,0.00228669750504196,0.000651921727694571,0,0.067117378115654,0,0.0388367921113968,8152.52783203125,NA,NA
"EL631",9.0541296005249,15.2722845077515,25.9668235778809,18.2380619049072,16.9126930236816,3.82087135314941,1.97199130058289,0.383279711008072,2.58479356765747,78.5821685791016,73.9449844360352,64.7753982543945,74.1355743408203,0.107178062200546,0.222004547715187,0.080321341753006,0.00286368886008859,0,0.248030722141266,0.0427377969026566,0.104011975228786,184625.53125,NA,NA
"EL632",9.28763675689697,15.0093126296997,25.4134140014648,18.195972442627,16.1257762908936,3.48764300346375,1.67788004875183,0.259078651666641,2.31608700752258,79.9904708862305,72.9867248535156,61.109317779541,73.1878890991211,0.163093000650406,0.308044910430908,0.0895583033561707,0.0040523768402636,0,0.108454868197441,0,0.123095348477364,160473.015625,NA,NA
"EL633",11.0484657287598,15.9824914932251,25.82737159729,19.563455581665,14.7789058685303,4.0269250869751,1.62001311779022,0.191166609525681,3.06321477890015,79.5641174316406,74.7043991088867,65.7607192993164,74.5488586425781,0.15822796523571,0.259668827056885,0.0882943794131279,0.00232326425611973,0,0.1309914290905,0,0.130148693919182,64342.171875,NA,NA
"EL641",9.38564205169678,15.6770601272583,26.9210205078125,18.6983489990234,17.5353813171387,2.66601514816284,1.40477049350739,0.275929123163223,1.47675812244415,77.3735504150391,67.3581695556641,54.5034713745117,69.2090225219727,0.239288598299026,0.271783888339996,0.0916664823889732,0.00716379098594189,0,0.0518498942255974,0,0.102820686995983,278667.125,NA,NA
"EL642",10.624192237854,16.2957801818848,26.8726100921631,19.4564533233643,16.2484188079834,2.81665754318237,1.49069058895111,0.324774622917175,1.63175427913666,76.4718246459961,67.1872711181641,56.5488662719727,69.5191802978516,0.119740031659603,0.133223116397858,0.116270788013935,0.00788252241909504,0,0.0743465647101402,0,0.0775292441248894,389820.9375,NA,NA
"EL643",6.3669376373291,13.3006439208984,24.3432712554932,15.9824333190918,17.9763336181641,3.24605703353882,1.99209845066071,0.495482861995697,2.29417061805725,80.9033126831055,72.8645858764648,60.4921417236328,73.6073684692383,0.156854197382927,0.153556168079376,0.121932573616505,0.0015600019833073,0,0.366662681102753,0.0572246573865414,0.114391207695007,39299.86328125,NA,NA
"EL644",7.97938060760498,14.7536725997925,25.8745250701904,17.5930843353271,17.8951435089111,2.47575998306274,1.67459499835968,0.432819992303848,1.77990853786469,80.2129364013672,69.6171646118164,56.2461242675781,72.0285186767578,0.253229886293411,0.183782905340195,0.18803633749485,0.00185690599028021,0,0.144506514072418,0,0.127934142947197,112180,NA,NA
"EL645",7.74969100952148,14.2846031188965,25.2365455627441,17.1656837463379,17.4868545532227,2.8194854259491,1.69737458229065,0.344354867935181,1.9516841173172,80.4944000244141,71.3842849731445,58.6534767150879,72.9749374389648,0.170116141438484,0.302304655313492,0.0787362083792686,0.00265478459186852,0,0.174858421087265,0,0.122587770223618,74354.9453125,NA,NA
"EL651",7.96420860290527,13.7293348312378,24.4312705993652,16.9281826019287,16.4670639038086,3.09440970420837,1.44041621685028,0.400207221508026,2.09432148933411,79.1482009887695,70.0521850585938,56.5823249816895,70.5907287597656,0.179668441414833,0.326407641172409,0.141224130988121,0.00345234572887421,0,0.0904922932386398,0,0.117597103118896,193328.125,NA,NA
"EL652",7.81612586975098,13.9504060745239,24.9265441894531,16.9612312316895,17.1104183197021,2.6368191242218,1.36362040042877,0.378420770168304,1.67618763446808,77.6443939208984,68.8115844726562,55.9017295837402,69.5628433227539,0.227661818265915,0.328092098236084,0.0930066257715225,0.00390491355210543,0,0.0541266538202763,0,0.110708579421043,96021.90625,NA,NA
"EL653",11.1596555709839,15.9412965774536,26.0289268493652,19.6307468414307,14.8692722320557,3.8821656703949,1.3869971036911,0.269152671098709,2.61861324310303,77.5690307617188,69.615608215332,57.1718673706055,69.8034515380859,0.0998722016811371,0.259926468133926,0.106118001043797,0.00206695683300495,0,0.0866315737366676,0,0.0895005017518997,123797.1328125,NA,NA
"ES111",10.8561182022095,13.1976976394653,20.4552364349365,16.683629989624,9.59911918640137,5.91002893447876,3.31127691268921,1.13918018341064,4.28757047653198,84.1685104370117,79.4083023071289,77.8980255126953,82.8578414916992,0.0555769093334675,0.0696664229035378,0.000494329317007214,0.0189691763371229,0.000420099851908162,0.0337063036859035,0.563149273395538,0.00503568723797798,753908.75,NA,NA
"ES112",7.9619870185852,11.3713035583496,20.0599594116211,14.8117408752441,12.097972869873,4.46365404129028,2.9237961769104,0.977678716182709,3.43446683883667,83.9491577148438,78.0037689208984,73.2373275756836,80.3159561157227,0.0819951817393303,0.0800718069076538,0.00306910066865385,0.00558370631188154,0.000497590168379247,0.0155504755675793,0.760646939277649,0.00338493869639933,237936.0625,NA,NA
"ES113",6.97108697891235,11.2720470428467,20.978063583374,14.4816083908081,14.0069761276245,4.69344711303711,2.84533190727234,0.808326303958893,3.5486946105957,84.0200042724609,74.5584182739258,66.5012512207031,77.5172119140625,0.0642445683479309,0.0969128236174583,0.0111466245725751,0.00805916544049978,0.000583209854084998,0,0.81726485490799,0,288510.96875,NA,NA
"ES114",9.95295238494873,13.0369424819946,20.9616050720215,16.3557262420654,11.0086536407471,6.49270105361938,3.5859522819519,1.07918357849121,4.96007966995239,84.9638290405273,78.6868591308594,75.7230987548828,82.325553894043,0.0636485889554024,0.115984886884689,1.19432008727216e-09,0.0232678297907114,0.000390323693864048,0,0.666075170040131,0,566379.1875,NA,NA
"ES120",7.315758228302,10.5796594619751,19.6230430603027,14.2827625274658,12.3072843551636,4.20281410217285,3.29969906806946,1.2542279958725,3.14937686920166,80.7313232421875,77.9132690429688,76.1461868286133,79.7564926147461,0.0214840210974216,0.0565040335059166,0.0159540884196758,0.0104677733033895,0.000165086414199322,0.50786703824997,0.238888457417488,0.0484413877129555,604345.125,NA,NA
"ES130",8.12900543212891,11.3049325942993,20.1954956054688,15.1453800201416,12.0664911270142,4.05133724212646,3.27613949775696,1.33025920391083,2.9070475101471,81.1523666381836,77.2511901855469,75.3324966430664,78.4194107055664,0.0463671237230301,0.0988367646932602,0.0196884404867887,0.0144014758989215,2.44528564508073e-05,0.567957520484924,0.0683647096157074,0.0681858286261559,427231.96875,NA,NA
"ES211",6.5149564743042,10.6945285797119,20.5061912536621,14.5563726425171,13.9912357330322,3.10396885871887,2.6683292388916,0.937911510467529,1.99066662788391,81.9038467407227,76.0608901977539,72.2873077392578,76.6962738037109,0.211148574948311,0.138548076152802,0.020647032186389,0.0169680211693048,0.000238316002651118,0.0352522358298302,0.541526556015015,0.00638361740857363,387238.625,NA,NA
"ES212",9.25167655944824,12.5247497558594,21.2525291442871,16.5513153076172,12.0008516311646,4.99243783950806,4.05970573425293,1.91444635391235,3.50739288330078,80.6710739135742,77.2280578613281,75.9078903198242,77.8655853271484,0.0477218702435493,0.0967098996043205,0.00213754386641085,0.0213443730026484,0.000315509445499629,0,0.549266278743744,0,280849.96875,NA,NA
"ES213",9.11190128326416,12.3454790115356,20.7852020263672,16.3252964019775,11.673300743103,4.14970541000366,3.28750872612,1.41372418403625,2.80170679092407,79.9774551391602,77.3666839599609,76.789665222168,77.6564178466797,0.0280603524297476,0.10080636292696,0.00578208966180682,0.0532482378184795,0.000316171208396554,0.127722695469856,0.479207158088684,0.0224036015570164,645869.875,NA,NA
"ES220",7.17550754547119,11.8927307128906,22.4942169189453,15.5995798110962,15.3187103271484,3.09301280975342,2.79458069801331,1.10993707180023,2.32395219802856,80.17626953125,71.6881942749023,63.4304351806641,73.4004135131836,0.243987023830414,0.134522527456284,0.0252484492957592,0.0130070745944977,0.000213756589801051,0.014320207759738,0.482140004634857,0.0637136995792389,853262.875,NA,NA
"ES230",5.4407000541687,10.1714239120483,21.1682567596436,13.867130279541,15.7275562286377,2.04957008361816,2.162757396698,0.83455365896225,1.48544704914093,79.4043807983398,72.0308609008789,63.7918090820312,72.7759552001953,0.215016394853592,0.132278248667717,0.0380690060555935,0.00836475938558578,9.54225251916796e-05,0.27054962515831,0.224540427327156,0.110958345234394,294939.40625,NA,NA
"ES241",5.87500238418579,11.6428756713867,23.0564212799072,14.9142818450928,17.1814193725586,1.89182436466217,2.38018083572388,1.28150534629822,2.28052186965942,75.8199081420898,66.3347549438477,55.1792984008789,70.7260894775391,0.275251179933548,0.0770981833338737,0.0686817020177841,0.00377893191762269,0.000513963575940579,0.0848229452967644,0.318468689918518,0.170044213533401,314617.8125,NA,NA
"ES242",6.06363105773926,11.3877820968628,23.0990772247314,14.6224679946899,17.0354442596436,0.980576932430267,1.69653654098511,0.991361439228058,1.58146214485168,72.7433853149414,63.2441024780273,51.9228706359863,67.5185241699219,0.210167780518532,0.0517421513795853,0.149728015065193,0.00151119893416762,0,0.33301430940628,0,0.253784507513046,140820.703125,NA,NA
"ES243",7.45442581176758,13.2845335006714,24.7277889251709,16.241756439209,17.2733631134033,1.00221371650696,1.55641782283783,0.752462804317474,1.42087686061859,74.2042694091797,60.6161994934082,48.4077186584473,66.3125610351562,0.310498505830765,0.0530078820884228,0.121410615742207,0.00775279104709625,3.08572198264301e-05,0.170555397868156,0.0845634043216705,0.251714617013931,954231.5625,NA,NA
"ES300",7.72907590866089,13.2244806289673,25.67502784729,16.3037948608398,17.9459533691406,1.65280151367188,1.60013127326965,0.490887552499771,1.59638750553131,76.8070068359375,60.2929077148438,37.8420562744141,62.916633605957,0.210776060819626,0.0823065489530563,0.134108498692513,0.0855960100889206,0,0.247094660997391,0,0.239341199398041,5856986,NA,NA
"ES411",6.37142705917358,11.7345533370972,23.6320762634277,14.8579988479614,17.2606506347656,2.12977385520935,1.71480977535248,0.514225661754608,1.82837891578674,77.4972686767578,63.1679725646973,42.3713989257812,65.4659729003906,0.158269077539444,0.0928560122847557,0.203259199857712,0.00488575827330351,0,0.219237327575684,0,0.32117086648941,196522.0625,NA,NA
"ES412",6.23584127426147,10.7019805908203,21.1477661132812,14.3345632553101,14.9119243621826,2.21881985664368,2.05467796325684,0.748291015625,1.59090054035187,80.9378128051758,71.9001312255859,62.1068153381348,72.4856643676758,0.271009474992752,0.122646868228912,0.0808421075344086,0.00647395756095648,7.37610680516809e-05,0.143481224775314,0.19018679857254,0.175915211439133,509100.5,NA,NA
"ES413",5.55580425262451,10.0927791595459,20.6208686828613,13.5975399017334,15.0650644302368,3.1963529586792,2.36116743087769,0.72462409734726,2.35421299934387,81.5312423706055,70.950927734375,59.9501914978027,73.7167739868164,0.127312406897545,0.108908027410507,0.0215640161186457,0.00530168181285262,0.000636364100500941,0.0720945745706558,0.57742565870285,0.0819456055760384,433287.0625,NA,NA
"ES414",6.42086982727051,11.0086755752563,21.6415824890137,14.5937623977661,15.2207126617432,2.0752215385437,1.76826691627502,0.622075200080872,1.54404294490814,80.9706115722656,68.8017730712891,56.5143547058105,71.3212356567383,0.299169778823853,0.154015183448792,0.0643795356154442,0.00505837658420205,9.22033650567755e-05,0.0137992408126593,0.237205281853676,0.223659113049507,212803.390625,NA,NA
"ES415",7.47312593460083,12.9524278640747,24.2797393798828,15.9135255813599,16.8066139221191,2.12857222557068,1.45836281776428,0.432462960481644,1.6659642457962,79.8032531738281,64.437744140625,45.9678192138672,67.3318634033203,0.168927997350693,0.240740805864334,0.0691588446497917,0.00470686797052622,0,0.216426655650139,0,0.297487199306488,311553.9375,NA,NA
"ES416",6.29375886917114,11.4039134979248,23.4369144439697,14.6767206192017,17.1431541442871,1.68853759765625,1.62200176715851,0.665622293949127,1.50558590888977,78.1558380126953,63.482666015625,43.707389831543,65.5455703735352,0.211623027920723,0.0992893502116203,0.155862554907799,0.00787384808063507,0,0.215459510684013,0,0.309767842292786,265748.125,NA,NA
"ES417",5.82875156402588,10.9549798965454,22.6809997558594,14.1576271057129,16.8522472381592,1.55586099624634,1.75243592262268,0.914307534694672,1.53335571289062,77.5345153808594,65.0237197875977,49.5146903991699,67.8581466674805,0.209613040089607,0.0889955535531044,0.141142576932907,0.00295594451017678,9.40191421250347e-06,0.268914878368378,0.0216016341000795,0.266221880912781,122362.6953125,NA,NA
"ES418",6.97750425338745,12.4044179916382,23.6983642578125,15.511791229248,16.7208595275879,1.33215379714966,1.16387796401978,0.531374394893646,1.14258134365082,79.4096755981445,62.214958190918,44.9863052368164,66.175422668457,0.339355528354645,0.0580841340124607,0.201497584581375,0.0085960840806365,0,0.0295222196727991,0,0.362944424152374,402000.21875,NA,NA
"ES419",6.74647521972656,12.2803087234497,23.4299011230469,15.2396221160889,16.6834259033203,2.16217112541199,1.46577847003937,0.505207896232605,1.6300083398819,80.6013641357422,64.1096267700195,48.2401275634766,68.5187377929688,0.219691887497902,0.173596978187561,0.0645088478922844,0.00299661234021187,0.00025232505868189,0.107713550329208,0.155326411128044,0.27381756901741,153342.609375,NA,NA
"ES421",8.14801216125488,13.8514699935913,26.0013618469238,17.1059722900391,17.8533496856689,1.30032110214233,1.40007078647614,0.517389237880707,1.3713093996048,74.9416351318359,60.1641998291016,45.8302574157715,66.0122528076172,0.423808395862579,0,0.223738208413124,0.00412689382210374,0,0.160803884267807,0,0.187517330050468,435694.9375,NA,NA
"ES422",8.68950939178467,14.9315500259399,27.3476238250732,17.8232650756836,18.6581153869629,1.76836490631104,1.46929514408112,0.328833103179932,1.37872731685638,76.8717880249023,58.516960144043,36.6078109741211,61.320613861084,0.416953712701797,0.0333472564816475,0.244838282465935,0.00425450783222914,0,0.116313479840755,0,0.183559998869896,520503.3125,NA,NA
"ES423",7.1060299873352,12.6952981948853,24.9234733581543,15.8170919418335,17.8174419403076,1.57074987888336,1.65536165237427,0.60893040895462,1.52744472026825,76.0402603149414,61.6335487365723,44.1724319458008,65.6951293945312,0.348419845104218,0.00527323922142386,0.221942186355591,0.00260157138109207,0,0.228596970438957,0,0.192952856421471,264511.5625,NA,NA
"ES424",6.33389472961426,11.6202974319458,23.6372718811035,14.7152376174927,17.3033790588379,1.53056120872498,1.75813937187195,0.701267421245575,1.63632190227509,76.461555480957,62.5077819824219,42.6183280944824,65.0604553222656,0.210548877716064,0.0277372729033232,0.190865874290466,0.00499460753053427,0,0.301265269517899,0,0.263641387224197,391598.5,NA,NA
"ES425",8.56557846069336,14.6978349685669,26.8933963775635,17.4925117492676,18.3278179168701,1.70992577075958,1.3848170042038,0.360592067241669,1.38347733020782,77.5629196166992,59.1446113586426,37.1573219299316,62.8615264892578,0.411584585905075,0.00363771663978696,0.233696222305298,0.0151064405217767,0,0.146841481328011,0,0.18809124827385,2069840.625,NA,NA
"ES431",10.7824192047119,16.5141067504883,27.8425045013428,19.4764022827148,17.0600872039795,2.29077911376953,1.42491924762726,0.227804750204086,1.66521227359772,77.4321670532227,59.7794990539551,40.9817657470703,62.9038963317871,0.304506838321686,0.234671652317047,0.0655262693762779,0.00533934170380235,0,0.139742687344551,0,0.247726559638977,614519.875,NA,NA
"ES432",9.9338436126709,15.5579442977905,26.9684410095215,18.4961547851562,17.0345973968506,2.72809982299805,1.71616613864899,0.292561650276184,2.07881832122803,77.6817169189453,61.0611724853516,41.250373840332,64.0197982788086,0.143683716654778,0.183906972408295,0.117665365338326,0.0032354446593672,0,0.337049931287766,0,0.211353152990341,315981.5625,NA,NA
"ES511",8.57190132141113,12.8664989471436,23.1974582672119,16.6583824157715,14.6255588531494,1.39233124256134,2.08654570579529,1.49519383907318,2.42795920372009,78.1883163452148,73.447021484375,70.8469085693359,78.7942276000977,0.13661415874958,0.0760124400258064,0.0238912682980299,0.0656265392899513,0.000251970166573301,0.103545948863029,0.430276185274124,0.0450270548462868,2895610,NA,NA
"ES512",8.38742637634277,12.8424825668335,23.4090671539307,16.6602649688721,15.0216398239136,2.07941770553589,2.71410250663757,1.67074143886566,2.86980748176575,76.1379547119141,73.3060531616211,68.9180755615234,76.5511703491211,0.111165046691895,0.0619990974664688,0.0124637205153704,0.0160523857921362,3.31566989189014e-05,0.464944273233414,0.0543238744139671,0.121783517301083,626430.6875,NA,NA
"ES513",6.31710243225098,11.6884622573853,22.6343822479248,15.0562829971313,16.3172798156738,1.39881658554077,2.1316647529602,1.40307402610779,2.08067989349365,75.2754745483398,67.681022644043,60.8701591491699,73.1689147949219,0.257116883993149,0.103072643280029,0.0483903475105762,0.00646091159433126,0.000220881716813892,0.105892114341259,0.270693272352219,0.2060417085886,511804.1875,NA,NA
"ES514",10.5772905349731,15.5404863357544,25.8539791107178,18.8296031951904,15.2766876220703,1.09171843528748,1.70568883419037,0.719851076602936,2.02286767959595,74.9575653076172,66.0485229492188,62.4789886474609,73.1538848876953,0.192181602120399,0.0966757237911224,0.0759565234184265,0.0117262899875641,0,0.234670087695122,0,0.215259850025177,581301.1875,NA,NA
"ES521",12.3419351577759,16.4612503051758,26.8169803619385,20.3220615386963,14.4750452041626,1.35156583786011,1.36963474750519,0.310040205717087,1.79548096656799,71.651611328125,63.0816993713379,59.4682426452637,70.057487487793,0.647916197776794,8.96404017112218e-05,0.0457740873098373,0.0287316925823689,0,0.0636322721838951,0,0.0590426959097385,1338277.375,NA,NA
"ES522",9.49802875518799,14.2309455871582,25.1017589569092,17.6517238616943,15.6037292480469,1.28501546382904,1.85591959953308,0.830177783966064,2.16741108894348,70.3007278442383,65.4067611694336,62.382884979248,70.0919952392578,0.154778659343719,0.0470564886927605,0.115626364946365,0.0137359723448753,0,0.366886407136917,0,0.165681734681129,517591.3125,NA,NA
"ES523",10.2901830673218,14.9208812713623,25.7792415618896,18.4307098388672,15.4890575408936,1.40592157840729,1.4830664396286,0.551888704299927,1.91306388378143,72.1080932617188,63.323055267334,59.3103179931641,69.8619613647461,0.289387106895447,0.001868981635198,0.177100196480751,0.0206783339381218,0,0.294239550828934,0,0.155194327235222,1469466.125,NA,NA
"ES532",12.1271257400513,15.7444972991943,25.8755340576172,20.4012908935547,13.7484092712402,2.03520369529724,1.49522876739502,0.363094002008438,2.74159955978394,78.8489379882812,73.0386428833008,68.4360122680664,75.9019088745117,0.186779573559761,0.108686484396458,0.00652206456288695,0.0156489200890064,0,0.0791615471243858,0,0.104258112609386,534452.625,NA,NA
"ES611",10.2530584335327,14.9586849212646,25.854305267334,18.6748504638672,15.6012468338013,1.28018057346344,1.01696491241455,0.211919993162155,1.02592515945435,71.4891815185547,60.1549644470215,50.9856605529785,66.5916442871094,0.147026687860489,0.0107169998809695,0.0663311555981636,0.00606177048757672,0,0.483233571052551,0,0.111729554831982,379162.34375,NA,NA
"ES612",13.6076707839966,17.8635272979736,26.5313014984131,21.1712207794189,12.9236297607422,3.63163447380066,1.95338928699493,0.133124381303787,2.35611176490784,78.3623733520508,66.9518280029297,57.6104774475098,71.665412902832,0.271049082279205,0.205435618758202,0.0284755770117044,0.0118012698367238,0,0.142743870615959,0,0.159891232848167,624028.1875,NA,NA
"ES613",10.5428476333618,16.5799350738525,28.1052913665771,19.4889945983887,17.562442779541,2.27884483337402,1.58040809631348,0.225240305066109,1.60124516487122,76.2345733642578,59.3429183959961,41.3344955444336,62.6733894348145,0.424006730318069,0.220088467001915,0.0462401323020458,0.00898195430636406,0,0.104578033089638,0,0.194498106837273,737106.4375,NA,NA
"ES614",8.51308155059814,13.899284362793,25.7666721343994,17.3759346008301,17.2535915374756,1.90870714187622,1.45284056663513,0.266369163990021,1.30699467658997,75.3750076293945,63.5607604980469,47.9547233581543,66.1957168579102,0.290738761425018,0.0849117264151573,0.0563497804105282,0.0103477016091347,0,0.319825798273087,0,0.16754624247551,839489.0625,NA,NA
"ES615",12.6857843399048,17.5163879394531,26.8465976715088,20.4687976837158,14.160813331604,2.5806257724762,1.6359007358551,0.163791447877884,2.00431776046753,76.4543151855469,63.2332534790039,49.6240463256836,66.7915725708008,0.171353727579117,0.190773755311966,0.0286850053817034,0.00779583165422082,0,0.311526089906693,0,0.193307399749756,567895.75,NA,NA
"ES616",9.44127655029297,15.2686262130737,27.7469272613525,18.4154987335205,18.3056507110596,2.22739195823669,1.85130310058594,0.311190783977509,1.48993229866028,76.0015258789062,60.9615669250488,41.6717948913574,62.9654083251953,0.379755944013596,0.0257031414657831,0.201753973960876,0.0071107349358499,0,0.195292681455612,0,0.190182700753212,572052.875,NA,NA
"ES617",12.0834331512451,16.8273468017578,26.5267314910889,19.9948883056641,14.4432964324951,2.84221577644348,1.73113477230072,0.151951178908348,1.85604429244995,78.8386611938477,66.5393142700195,54.8661766052246,71.1658782958984,0.299771726131439,0.206866800785065,0.0110514760017395,0.019668310880661,0,0.160463139414787,0,0.167324960231781,1150621.75,NA,NA
"ES618",12.2549819946289,17.7105464935303,27.9195709228516,20.7894096374512,15.6645908355713,2.56158089637756,1.59607517719269,0.169507622718811,1.81395673751831,76.0202865600586,60.6021995544434,46.3662376403809,64.8018798828125,0.44996190071106,0.228141933679581,0.0320088528096676,0.0202637184411287,0,0.0845087394118309,0,0.177781194448471,1856073.25,NA,NA
"ES620",10.3373823165894,15.2553520202637,26.3192729949951,18.8819618225098,15.9818906784058,0.955500185489655,1.02247881889343,0.297187060117722,1.09166383743286,71.9908447265625,61.4815444946289,55.5478706359863,68.8157806396484,0.316916823387146,9.23568404687103e-06,0.118189543485641,0.0134898480027914,0,0.314154744148254,0,0.169108405709267,1273926.25,NA,NA
"FI193",-2.96520805358887,6.4308271408081,18.449369430542,7.94214153289795,21.4145774841309,1.83814966678619,1.5961686372757,2.61822056770325,2.26024222373962,86.9820709228516,71.1501083374023,72.4474868774414,86.9170074462891,0.0389229506254196,4.77681787742767e-05,0.000201237111468799,0.00340965948998928,0,0.49372735619545,0.11285325139761,0.194902449846268,269898.90625,NA,NA
"FI194",-2.53973150253296,6.49230003356934,18.1466941833496,7.93786334991455,20.6864261627197,1.80658888816833,1.53815305233002,2.47070598602295,2.18144750595093,86.1095657348633,69.307991027832,71.304573059082,86.3737258911133,0.179294407367706,0.000394047528970987,0.000238885302678682,0.00317502138204873,0,0.54733806848526,0,0.244380339980125,178597,NA,NA
"FI195",-2.34664821624756,5.99700593948364,17.9866104125977,8.05234622955322,20.3332595825195,1.82480692863464,1.43702566623688,2.2055652141571,2.20063328742981,84.1294021606445,70.7528457641602,71.7772903442383,84.7823944091797,0.161386147141457,0.00110563996713609,0.000355801254045218,0.00408121338114142,0,0.377934366464615,0,0.184484526515007,142006.703125,NA,NA
"FI196",-1.31222009658813,7.07263088226318,18.4384727478027,8.5584659576416,19.7506942749023,2.23133826255798,1.49548780918121,2.52934288978577,2.49021816253662,85.1477966308594,70.6250457763672,72.871955871582,85.5526733398438,0.113046146929264,0.000515244377311319,0.000352943316102028,0.00634545739740133,0,0.512294590473175,0,0.28999337553978,189361.859375,NA,NA
"FI197",-2.13285541534424,6.85458946228027,18.3721294403076,8.11562538146973,20.5049858093262,1.96785748004913,1.49074912071228,2.55322194099426,2.22979855537415,86.9333572387695,70.446662902832,72.5014343261719,86.9298324584961,0.0929523035883904,0.000323171640047804,0.000322072708513588,0.00835034437477589,0,0.526376783847809,0,0.257603496313095,483606.71875,NA,NA
"FI1B1",-0.862175285816193,7.36566877365112,18.8830051422119,9.22938060760498,19.7451820373535,2.36812925338745,1.51610791683197,2.43531203269958,2.61348962783813,85.7599258422852,71.5431365966797,71.2830276489258,84.8620147705078,0.169403299689293,0.000778181303758174,0.000118234631372616,0.0273751188069582,0,0.232179254293442,0.196634128689766,0.139476284384727,1166320.5,NA,NA
"FI1C1",-0.22178390622139,7.35130834579468,18.7590751647949,9.47542190551758,18.9808597564697,2.23908853530884,1.38390266895294,2.39776587486267,2.47740483283997,85.1310501098633,72.1821136474609,72.7191772460938,84.8688201904297,0.177131697535515,0.00156636326573789,0.000288355367956683,0.00681406399235129,0,0.34326821565628,0,0.281592339277267,321027.625,NA,NA
"FI1C2",-1.6081405878067,7.08025217056274,18.6177883148193,8.70373344421387,20.2259292602539,2.08990120887756,1.46190583705902,2.48684883117676,2.25679898262024,87.0132369995117,70.5726852416992,71.8686981201172,86.6112060546875,0.159701630473137,0.000552701123524457,0.000265024980762973,0.00829745084047318,0,0.439692467451096,0.0546406917273998,0.248184069991112,192620.921875,NA,NA
"FI1C3",-2.0923957824707,6.84001541137695,18.789867401123,8.47290515899658,20.8822631835938,1.98687422275543,1.46733832359314,2.52028703689575,2.23338532447815,86.5665893554688,70.4922180175781,71.5024261474609,86.0684967041016,0.122619949281216,0.000421150907641277,0.00022196231293492,0.00580854248255491,0,0.0106057142838836,0.681823074817657,0.00450842129066586,148080.8125,NA,NA
"FI1C4",-1.4599996805191,7.12038278579712,19.3562831878662,9.12855052947998,20.8162841796875,2.42167019844055,1.5634423494339,2.50620603561401,2.61483645439148,85.9063415527344,71.0574798583984,70.4349517822266,84.8501663208008,0.105717398226261,0.000170424027601257,0.000201361952349544,0.00678009632974863,7.53932035877369e-05,0.00284816464409232,0.7650545835495,0.00139500282239169,136020.84375,NA,NA
"FI1C5",-2.27809953689575,7.08427286148071,19.5201988220215,8.8324728012085,21.7982978820801,2.22027206420898,1.43177330493927,2.41822361946106,2.4867639541626,85.873405456543,72.0423812866211,70.4097518920898,84.9304885864258,0.028425807133317,5.86086862313095e-05,0.000248123164055869,0.00274661486037076,0.000220068424823694,0.287788778543472,0.341623514890671,0.0825666934251785,122966.2890625,NA,NA
"FI1D1",-2.91331696510315,6.70263528823853,19.1809749603271,8.35501861572266,22.0942916870117,2.08844041824341,1.47561728954315,2.54274797439575,2.36471390724182,86.3508758544922,72.0695114135742,72.08349609375,86.2438049316406,0.0151484506204724,4.43904355051927e-05,0.000211565507925116,0.00266760867089033,1.6936581232585e-05,0.213914781808853,0.435961753129959,0.0854669883847237,169993.5625,NA,NA
"FI1D2",-3.69073367118835,6.20250415802002,18.8201732635498,7.94105672836304,22.5109081268311,2.13691663742065,1.68600749969482,2.65380930900574,2.4812593460083,86.3536376953125,71.2710113525391,72.3589401245117,86.4629364013672,0.0633045136928558,3.9288595871767e-05,0.000221194699406624,0.00228085648268461,1.85545929661249e-41,0.486085742712021,0.0854101404547691,0.197974413633347,220671.890625,NA,NA
"FI1D3",-4.70078468322754,5.4001579284668,18.4535541534424,7.55813884735107,23.1543369293213,2.20344638824463,1.64893293380737,2.63745474815369,2.7244508266449,85.8068008422852,71.6667327880859,72.38330078125,86.1839904785156,0.0275200493633747,3.99259442929178e-05,0.000297603604849428,0.00208525592461228,0.00101110129617155,0.029120797291398,0.767771184444427,0.0115387253463268,154495.859375,NA,NA
"FI1D5",-3.5782573223114,5.6747612953186,17.6240425109863,7.24480485916138,21.202299118042,1.77649223804474,1.5662317276001,2.37949633598328,2.13871073722839,86.0246124267578,69.2731246948242,70.7911987304688,86.101936340332,0.110145568847656,8.03738294052891e-05,0.000284939014818519,0.0020002091769129,0,0.582152366638184,0.012023039162159,0.243459835648537,48952.87109375,NA,NA
"FI1D7",-8.41725826263428,2.00360918045044,15.6998491287231,4.18965148925781,24.1171073913574,1.51401507854462,1.50753903388977,2.49665379524231,2.15855479240417,84.3567733764648,72.4793853759766,71.7991104125977,85.4070739746094,0.0026873298920691,0.000223677372559905,0.00170794653240591,0.00042844659765251,0.0666122362017632,0.108509205281734,0.729486584663391,0.0431924797594547,167380.46875,NA,NA
"FI1D8",-5.48427438735962,4.61274909973145,17.9236850738525,6.86390829086304,23.407958984375,2.00258541107178,1.73330354690552,2.55415391921997,2.61377334594727,86.1554183959961,71.061897277832,72.0489501953125,86.6790161132812,0.00819894950836897,2.5578607164789e-05,0.000878696388099343,0.000750640756450593,0.00185947620775551,0.224858090281487,0.582415461540222,0.0869726315140724,73417.1875,NA,NA
"FI1D9",-5.27874279022217,4.37438106536865,17.4082889556885,6.31729221343994,22.6870307922363,1.87588822841644,1.6429009437561,2.34214735031128,2.33442091941833,85.7725524902344,71.3527603149414,71.5078277587891,86.0856704711914,0.0512767285108566,0.000115559087134898,0.0010085292160511,0.0020193038508296,0.00166797440033406,0.183090507984161,0.613602817058563,0.078217014670372,315711.6875,NA,NA
"FI200",1.26914715766907,6.59623289108276,18.1178359985352,10.5364904403687,16.8486881256104,2.08787727355957,1.28766763210297,2.1189136505127,2.42361736297607,80.4719848632812,77.6198883056641,76.0958023071289,80.6709136962891,0.0313567854464054,0.00165491842199117,0.000140728094265796,0.00187337654642761,0,0.137168854475021,0,0.0726580023765564,14587.3876953125,NA,NA
"FR101",6.9314136505127,12.6814117431641,22.0715637207031,15.0005750656128,15.1401500701904,2.52401423454285,1.98299026489258,1.82040965557098,1.94677698612213,85.4065856933594,74.4532623291016,66.5171051025391,82.0555267333984,0.21347188949585,0.0382331199944019,0.00163816940039396,0.374378949403763,0,1.35153837025405e-15,0,0.372277915477753,348086.09375,NA,NA
"FR102",6.46933031082153,12.3752994537354,21.9074821472168,14.6993255615234,15.4381513595581,2.72648620605469,2.08450770378113,1.93988490104675,2.11959075927734,85.4112396240234,74.1906280517578,65.905632019043,81.8428421020508,0.548192024230957,0.136953011155128,1.07128783621846e-09,0.0502867214381695,0,5.90926646126001e-17,0,0.264568239450455,2149805.25,NA,NA
"FR103",6.38124942779541,11.8726053237915,21.1467533111572,14.5094909667969,14.7655038833618,2.58179378509521,1.91152930259705,1.81053376197815,2.04534316062927,86.0859069824219,75.7047653198242,68.3360443115234,82.9434051513672,0.439185082912445,0.122541047632694,0.000332082621753216,0.102722533047199,0,3.36679628620828e-10,0,0.335219204425812,2609808.75,NA,NA
"FR104",6.66856145858765,12.3941059112549,21.8805084228516,14.82288646698,15.2119474411011,2.57798409461975,2.05292439460754,1.85248780250549,2.03020310401917,85.4611740112305,74.4084854125977,65.9895629882812,81.7542495727539,0.412491381168365,0.104143545031548,0.000817161402665079,0.195692881941795,0,7.0297040757894e-12,0,0.286855041980743,4252783.5,NA,NA
"FR105",6.9314136505127,12.6814107894897,22.0715637207031,15.0005760192871,15.1401500701904,2.52401423454285,1.98299014568329,1.82040977478027,1.94677686691284,85.4065856933594,74.4532623291016,66.5171051025391,82.0555267333984,0.21347188949585,0.0382331199944019,0.00163816940039396,0.374378949403763,0,1.35153837025405e-15,0,0.37227788567543,737197.0625,NA,NA
"FR106",6.87002182006836,12.6808528900146,22.1049880981445,14.9930477142334,15.2349653244019,2.58345365524292,2.02350115776062,1.89119017124176,1.97550714015961,85.360237121582,74.3152008056641,66.335075378418,81.996337890625,0.320200085639954,0.0581323765218258,0.000903869629837573,0.265591084957123,0,7.45718436460707e-16,0,0.355172604322433,687435.6875,NA,NA
"FR107",6.88389444351196,12.6828174591064,22.1004695892334,14.9961671829224,15.2165746688843,2.57109141349792,2.01529049873352,1.87619173526764,1.96951591968536,85.3697357177734,74.3415069580078,66.3666305541992,82.0066909790039,0.297831624746323,0.0538913607597351,0.00105562491808087,0.28842630982399,0,8.70921235130562e-16,0,0.358795046806335,772540.375,NA,NA
"FR108",6.64874505996704,12.0304346084595,21.2363414764404,14.6392812728882,14.5875959396362,2.83247900009155,2.06186556816101,1.87769329547882,2.15067625045776,85.7469177246094,75.7325592041016,68.9163513183594,83.0080413818359,0.514896929264069,0.133834704756737,0.000185535260243341,0.0670013278722763,0,3.2773226741596e-16,0,0.28408145904541,1052350.125,NA,NA
"FRB01",6.46144771575928,12.1293611526489,21.8437919616699,14.5986976623535,15.3823442459106,2.84315705299377,2.44559693336487,1.92727196216583,2.36340856552124,84.3803863525391,73.1825561523438,63.786922454834,80.1108856201172,0.552310347557068,0.120500035583973,0.00324970320798457,0.00636186171323061,0,4.29672436519368e-10,0,0.317578107118607,303155.375,NA,NA
"FRB02",5.92833566665649,11.3028659820557,20.6210327148438,14.0988388061523,14.6926975250244,2.67590880393982,1.8903865814209,1.66929221153259,2.0947322845459,86.6754608154297,76.1458129882812,67.937255859375,82.9209976196289,0.662956416606903,0.192508980631828,4.99738746384537e-07,0.0117162000387907,0,4.05660158242505e-11,0,0.132818058133125,524501.875,NA,NA
"FRB03",6.44873857498169,12.0399160385132,21.8562488555908,14.6741132736206,15.407509803772,2.9913125038147,2.35439491271973,1.90928316116333,2.58614158630371,84.7507019042969,73.3344268798828,63.7098236083984,79.9709167480469,0.52547949552536,0.204188331961632,0.00169101427309215,0.00615169620141387,0,1.26385446552746e-09,0,0.262489497661591,247922.546875,NA,NA
"FRB04",6.80107688903809,12.1983051300049,21.7960777282715,14.7897033691406,14.9950008392334,2.78151154518127,1.95578634738922,1.56182765960693,2.26410818099976,85.6571655273438,73.7619781494141,64.0790863037109,80.6781158447266,0.533416569232941,0.177689239382744,0.000106036706711166,0.0139588434249163,0,3.65489444265066e-11,0,0.274829357862473,687769.375,NA,NA
"FRB05",6.40022230148315,11.9739580154419,21.570369720459,14.5171508789062,15.1701469421387,2.79399728775024,2.0420355796814,1.68563878536224,2.25445580482483,85.8068313598633,73.7582702636719,64.1726989746094,80.9431457519531,0.523234069347382,0.152665629982948,0.000655419251415879,0.00992360431700945,0,0,0,0.313521265983582,485074.75,NA,NA
"FRB06",6.45844888687134,12.2085027694702,21.8068065643311,14.6217851638794,15.3483581542969,2.71495413780212,2.1821870803833,1.82331931591034,2.24484324455261,85.3805236816406,73.6904602050781,64.6031188964844,81.0403060913086,0.555935561656952,0.12187897413969,0.000188141115359031,0.0108568677678704,0,3.90050466578929e-16,0,0.311140447854996,598550.75,NA,NA
"FRC11",5.48418521881104,12.029411315918,21.5695610046387,13.6306715011597,16.085376739502,3.26384472846985,2.77993559837341,2.18568444252014,2.67897820472717,83.3798522949219,71.9767074584961,64.7776184082031,81.0308609008789,0.497936964035034,0.0568901635706425,0.000205375952646136,0.00856207311153412,0,0,0.105179481208324,0.331225991249084,552678.625,NA,NA
"FRC12",5.85398578643799,11.7895994186401,21.6111087799072,14.1138324737549,15.7571210861206,3.20244359970093,2.70570802688599,2.18583083152771,2.65854287147522,83.9083023071289,72.8200302124023,64.2958145141602,80.7645416259766,0.451270192861557,0.11379885673523,0.00191621098201722,0.00544646196067333,0,1.34483784995035e-17,0.00839850213378668,0.419169783592224,209304.546875,NA,NA
"FRC13",5.72878313064575,12.1251287460327,21.890079498291,13.9062404632568,16.1612968444824,3.199049949646,2.9193971157074,2.39419531822205,2.82178831100464,81.4209976196289,70.6615219116211,63.048713684082,79.4179000854492,0.409841418266296,0.0810208097100258,0.000848216062877327,0.0101580079644918,0,5.82033449214592e-11,0.124668136239052,0.373463481664658,593956.3125,NA,NA
"FRC14",6.08107233047485,12.1543531417847,21.8038215637207,14.3197050094604,15.7227506637573,2.91545009613037,2.37505006790161,1.93090975284576,2.40606307983398,84.8663558959961,73.5816345214844,65.110710144043,81.3211212158203,0.581786930561066,0.117217272520065,0.000331565854139626,0.00752740539610386,0,2.12470062126624e-16,0,0.293136835098267,339731.375,NA,NA
"FRC21",3.75468325614929,10.4267110824585,19.6963920593262,11.9356517791748,15.941707611084,5.16361951828003,4.19585943222046,3.46705174446106,4.0819091796875,80.047233581543,71.4371566772461,68.2136154174805,80.8359756469727,0.228506043553352,0.094560444355011,0.000162805838044733,0.0155326202511787,0,0,0.660353243350983,0,507337.46875,NA,NA
"FRC22",4.66893720626831,11.2428970336914,20.874002456665,12.8684072494507,16.2050647735596,5.3485369682312,4.48590421676636,3.39688229560852,4.3094539642334,79.3878784179688,71.0765380859375,66.0754699707031,79.5346603393555,0.369182378053665,0.0506598055362701,0.000149569576024078,0.0102416733279824,0,0,0.49160560965538,0.0764845013618469,378600.25,NA,NA
"FRC23",5.01124238967896,11.8538541793823,21.0786170959473,13.2177333831787,16.0673732757568,4.18448352813721,3.37967324256897,2.76043128967285,3.44119787216187,81.279426574707,70.6803894042969,65.2620468139648,80.5039138793945,0.324880540370941,0.0737831741571426,6.8030435613764e-06,0.0103226844221354,0,0,0.5905721783638,0.00043437400017865,366597.90625,NA,NA
"FRC24",3.87687587738037,10.7977247238159,19.935230255127,12.1200666427612,16.0583553314209,5.75869178771973,4.0996675491333,3.16394448280334,4.12741088867188,81.7920303344727,71.1678161621094,67.1011123657227,81.6728668212891,0.224772587418556,0.0411743149161339,2.77493722444788e-10,0.0194076113402843,0,0,0.714547574520111,0,93813.8125,NA,NA
"FRD11",6.90518426895142,10.8737459182739,19.5582504272461,14.4692087173462,12.6530656814575,3.58578777313232,2.07444715499878,1.72894096374512,2.67364263534546,85.4592361450195,77.7736358642578,73.1125869750977,83.5646362304688,0.315515846014023,0.246112585067749,2.43160269697285e-09,0.0144618274644017,0,2.43059267157619e-10,0.0532292760908604,0.20551472902298,571773.5625,NA,NA
"FRD12",7.50230503082275,11.1080303192139,19.6502704620361,14.9645471572876,12.147967338562,4.07302045822144,2.10680913925171,1.71720600128174,2.95613217353821,84.0285186767578,78.9035797119141,75.6466979980469,82.4536666870117,0.31273165345192,0.262831687927246,2.32251395893002e-09,0.00994178000837564,0,2.69785332962513e-10,0.0944556146860123,0.134381115436554,319449.125,NA,NA
"FRD13",6.14379262924194,10.7148332595825,19.718900680542,13.9101963043213,13.5751075744629,3.38538455963135,2.15455317497253,1.66173803806305,2.46501326560974,87.0621719360352,77.3179702758789,71.2829513549805,84.3222579956055,0.417511254549026,0.27837672829628,2.50042675453699e-09,0.00918412767350674,0,7.7706835668334e-17,0,0.294927954673767,290461.28125,NA,NA
"FRD21",6.39444923400879,11.1146898269653,20.0788173675537,14.2169218063354,13.6843662261963,3.23655652999878,2.16943073272705,1.89348685741425,2.45270323753357,86.4694061279297,77.3821640014648,71.2861175537109,84.0323028564453,0.476233035326004,0.194196164608002,1.77679515545037e-09,0.0221749804913998,0,9.97925006518408e-11,0,0.300001710653305,941020.8125,NA,NA
"FRD22",6.64756298065186,10.9573106765747,19.7529792785645,14.3647890090942,13.1054153442383,3.7525794506073,2.35086178779602,2.23437690734863,3.10385203361511,85.4420318603516,78.2273635864258,73.6257553100586,83.7597274780273,0.407475024461746,0.214793905615807,0.000136922375531867,0.0160724893212318,0,5.66130253787378e-10,0.0151736615225673,0.207585498690605,702908.8125,NA,NA
"FRE11",5.33168172836304,10.5144176483154,19.4700927734375,13.6451196670532,14.1384124755859,3.09504866600037,2.15865230560303,1.92642498016357,2.43042969703674,85.1149444580078,77.2885437011719,74.8804626464844,83.8068161010742,0.435322016477585,0.156952232122421,1.30027331124438e-07,0.066937543451786,0,1.96264948737479e-11,0.137390971183777,0.172753393650055,2042852.75,NA,NA
"FRE12",5.95138835906982,10.3560209274292,19.063985824585,14.0351810455322,13.1125965118408,3.74099087715149,2.32576942443848,2.02673435211182,3.04984903335571,84.8539428710938,78.5324096679688,76.3955917358398,83.834342956543,0.533484280109406,0.189268246293068,2.27513385908651e-09,0.0281116757541895,0,1.3398009091059e-10,0,0.189015835523605,1269686.625,NA,NA
"FRE21",5.57333135604858,11.4077749252319,20.7633533477783,13.7244348526001,15.1900224685669,3.00396752357483,2.16180539131165,2.23582220077515,2.17648100852966,85.5277786254883,74.957160949707,68.7529373168945,82.802604675293,0.579480350017548,0.179826483130455,1.65623981196461e-09,0.0152745321393013,0,0,0.0376784056425095,0.18774026632309,606820.3125,NA,NA
"FRE22",6.39469528198242,11.7961311340332,20.9808940887451,14.3926181793213,14.586199760437,2.8626275062561,2.07921981811523,2.04497146606445,2.18079042434692,85.5719604492188,75.7298049926758,69.3299560546875,82.9451599121094,0.593347251415253,0.155771061778069,1.53093093757661e-09,0.0218490250408649,0,8.98477625654688e-17,0,0.22903273999691,1227649.875,NA,NA
"FRE23",6.20185661315918,11.0774812698364,20.001651763916,14.1995687484741,13.7997951507568,3.33317375183105,2.22404766082764,2.1608681678772,2.59705471992493,85.1899948120117,77.3573532104492,73.2670211791992,83.4113540649414,0.63485836982727,0.192382261157036,1.74563563604124e-09,0.0160336475819349,0,2.00478219645651e-16,0,0.134657680988312,628145.8125,NA,NA
"FRF11",4.43479585647583,11.7963304519653,21.4964809417725,13.1487655639648,17.0616855621338,3.03475499153137,2.58463335037231,2.43910551071167,2.81851387023926,82.5412521362305,71.0445404052734,64.6312255859375,80.9424057006836,0.391983687877655,0.0574698820710182,8.59931787999813e-06,0.0317801274359226,0,1.71680116043977e-18,0,0.51875776052475,1287993.875,NA,NA
"FRF12",4.19472885131836,11.3476324081421,20.7055492401123,12.6229839324951,16.5108203887939,3.7882821559906,3.12315368652344,2.62259387969971,3.01389050483704,81.7765960693359,71.2594757080078,66.5435409545898,81.5405883789062,0.348223865032196,0.0531564988195896,3.77134529117029e-05,0.0267851185053587,0,0.00512777082622051,0.357388973236084,0.208700716495514,854708.125,NA,NA
"FRF21",4.87202596664429,10.8289585113525,20.3316879272461,13.0161437988281,15.4596614837646,3.6417601108551,2.39972066879272,2.26503038406372,2.44168281555176,86.1452941894531,74.8526153564453,68.4875106811523,83.4311370849609,0.449239492416382,0.152005910873413,0.000369438668712974,0.0119443545117974,1.40129846432482e-45,0,0.370641022920609,0.0157997738569975,339747.4375,NA,NA
"FRF22",5.80714082717896,12.0743703842163,21.7905254364014,14.1812543869019,15.9833831787109,2.88274455070496,2.30574011802673,1.97172296047211,2.37436246871948,84.9307479858398,73.4020385742188,65.1452255249023,81.5739059448242,0.615301787853241,0.137104243040085,0.000515997235197574,0.00841967575252056,0,1.48509214616023e-16,0.00258059264160693,0.233786687254906,327619.65625,NA,NA
"FRF23",5.53360223770142,11.6434535980225,21.1950588226318,13.7776899337769,15.6614561080933,2.89608931541443,2.09629917144775,1.95733523368835,2.08263874053955,85.1665573120117,73.7342987060547,65.9953842163086,82.0293197631836,0.639646053314209,0.151425406336784,0.000145960482768714,0.00958502013236284,0,0,0.111942566931248,0.0852145850658417,494335.8125,NA,NA
"FRF24",5.09398078918457,11.6076040267944,21.2880401611328,13.4369163513184,16.1940612792969,3.53272795677185,2.73785305023193,2.3782160282135,2.85266137123108,84.5238189697266,72.6658248901367,65.3978500366211,81.9284591674805,0.481979727745056,0.100924462080002,0.000460603856481612,0.00554108573123813,0,0,0.342622816562653,0.0679028928279877,156343.546875,NA,NA
"FRF31",4.52176809310913,11.1283054351807,20.7576103210449,12.889687538147,16.2358417510986,3.28258085250854,2.40823340415955,2.16835498809814,2.73808813095093,84.7137756347656,72.9170455932617,65.3128509521484,82.0649948120117,0.457369655370712,0.115172430872917,1.87527602975024e-05,0.0176350902765989,2.10216791890483e-11,0,0.163496911525726,0.246307194232941,613077.125,NA,NA
"FRF32",4.67780256271362,11.061131477356,20.7655906677246,13.0110282897949,16.0877857208252,3.75110125541687,2.45498132705688,2.20401859283447,2.67710614204407,85.6320877075195,73.6817626953125,66.490837097168,82.7309799194336,0.473375409841537,0.127250045537949,0.00172156968619674,0.00758997444063425,0,0,0.389855921268463,0,258342.328125,NA,NA
"FRF33",4.6277289390564,11.5400104522705,21.0744323730469,13.0558471679688,16.4467029571533,3.14976000785828,2.34617471694946,2.13859629631042,2.69988536834717,84.2505111694336,72.0946426391602,64.6235275268555,81.7233581542969,0.420867204666138,0.09205012768507,3.88873695555958e-06,0.0314601771533489,1.53881234469209e-13,7.75952748530948e-19,0.135253235697746,0.320365399122238,1365592,NA,NA
"FRF34",4.30007028579712,10.9603204727173,20.57057762146,12.7108526229858,16.2705059051514,4.00878143310547,3.07969999313354,2.68868064880371,3.46132254600525,83.9100494384766,72.4521636962891,65.9126281738281,82.0769271850586,0.332443118095398,0.0895236060023308,5.7912225202017e-06,0.0123633537441492,0,0,0.193464443087578,0.37219974398613,411753.71875,NA,NA
"FRG01",7.83890581130981,12.2921991348267,21.2573719024658,15.2735710144043,13.4184656143188,3.8030436038971,2.03193926811218,1.25388062000275,2.80774211883545,86.3657836914062,76.950927734375,70.2158355712891,83.0366973876953,0.498987555503845,0.232894331216812,1.10519204099546e-05,0.0207066386938095,0,3.34113098956524e-16,0,0.168867751955986,1392484.25,NA,NA
"FRG02",7.15671825408936,12.173041343689,21.5015125274658,14.9106702804565,14.3447933197021,3.25911569595337,1.90152907371521,1.2702671289444,2.3571355342865,86.1548919677734,75.2033843994141,66.6616973876953,81.9779357910156,0.577548801898956,0.229596301913261,1.14796212073998e-05,0.0161637105047703,0,1.06929280442705e-16,0,0.176679760217667,865388.75,NA,NA
"FRG03",6.7275972366333,11.3476114273071,20.459529876709,14.4905023574829,13.731930732727,4.11183786392212,2.22771048545837,1.52362644672394,2.81820178031921,86.5084991455078,76.2699737548828,69.9034729003906,83.2983245849609,0.554810464382172,0.291524916887283,5.04664665612609e-09,0.00905280094593763,0,2.77421739662166e-16,0,0.144608974456787,360350.875,NA,NA
"FRG04",6.52795219421387,11.6331872940063,20.9545154571533,14.3853769302368,14.4265632629395,3.20139622688293,2.01314949989319,1.55962800979614,2.31585788726807,86.5008850097656,75.2471313476562,67.3019638061523,82.682975769043,0.477814346551895,0.238935589790344,2.5858271079926e-09,0.0127968620508909,0,8.32923892982106e-17,0,0.270453214645386,556245.8125,NA,NA
"FRG05",8.05048561096191,12.6792211532593,21.8623104095459,15.7992925643921,13.8118238449097,3.74079442024231,2.09879469871521,1.27817940711975,2.87401437759399,85.6463088989258,75.9058380126953,68.2187805175781,81.6078414916992,0.546158850193024,0.206303060054779,6.38022756902501e-05,0.0105487396940589,0,4.51044167293357e-11,0,0.110946118831635,690260.9375,NA,NA
"FRH01",8.01348304748535,11.0771799087524,19.321741104126,15.0448017120361,11.3082580566406,4.19730854034424,2.06228399276733,1.45248627662659,2.69560170173645,85.2430953979492,79.5264892578125,76.8809661865234,83.3771057128906,0.466698259115219,0.23774179816246,8.61448497744277e-05,0.00903797708451748,0,2.62186938826403e-10,0.119365721940994,0.0147268334403634,452188.21875,NA,NA
"FRH02",8.55755615234375,11.1160707473755,18.6757183074951,14.9934415817261,10.118161201477,4.86814403533936,2.33252882957458,1.76176249980927,2.98966789245605,84.2514495849609,80.1301727294922,80.0809020996094,84.1902160644531,0.37245711684227,0.21846430003643,0.00016671943012625,0.0121073527261615,3.01841912201886e-29,1.84739272490742e-11,0.120497688651085,0.0226047392934561,501822.96875,NA,NA
"FRH03",7.49454212188721,11.6298456192017,20.4384021759033,14.9933309555054,12.9438591003418,3.65422177314758,2.00103855133057,1.4519978761673,2.59159469604492,85.6565093994141,77.0649719238281,71.9795379638672,82.9007720947266,0.54912668466568,0.262627363204956,2.20075412471488e-06,0.0149298207834363,0,3.238764811897e-11,0.00959867145866156,0.124762274324894,1026453.25,NA,NA
"FRH04",8.17065334320068,11.5312557220459,19.5917835235596,14.9894466400146,11.4211292266846,4.38281488418579,2.18058824539185,1.525310754776,2.74364995956421,86.1328887939453,78.8444519042969,75.8821105957031,84.4226379394531,0.460827767848969,0.255576938390732,2.14811734622344e-06,0.0123971849679947,1.3198333961993e-30,0,0.139733076095581,0.0423015877604485,703784.4375,NA,NA
"FRI11",7.67332315444946,12.9105520248413,22.8648281097412,15.8322801589966,15.191502571106,3.22058987617493,2.64809083938599,1.66019773483276,2.34325218200684,82.8705596923828,71.6587448120117,62.4076919555664,77.334831237793,0.533730387687683,0.060160331428051,0.000420382857555524,0.00671413447707891,0,1.16956206004659e-12,0.0623288042843342,0.336646050214767,443615.625,NA,NA
"FRI12",8.90245056152344,13.6326379776001,22.8800182342529,16.740779876709,13.9775676727295,3.36652612686157,2.37595558166504,1.36787807941437,2.50884056091309,83.5895080566406,72.4069290161133,64.7864608764648,77.9937286376953,0.348296791315079,0.078287735581398,0.00270819198340178,0.0170958656817675,0,3.37235834147343e-14,0,0.469902127981186,1540748,NA,NA
"FRI13",9.63943004608154,14.0403451919556,23.2697105407715,17.3740882873535,13.6302804946899,3.62288522720337,2.8898937702179,1.45033884048462,2.76577687263489,81.9759368896484,72.4794845581055,65.7467422485352,76.3056716918945,0.271917968988419,0.0768612250685692,0.00712530734017491,0.00534501485526562,0,2.62538723400096e-11,0.247941970825195,0.299959450960159,414726.53125,NA,NA
"FRI14",8.43562984466553,13.6006622314453,23.5949802398682,16.6758270263672,15.1593503952026,2.75068354606628,2.40140819549561,1.39085519313812,1.97651636600494,83.4488906860352,71.7419128417969,60.9191780090332,75.7869415283203,0.613536059856415,0.064051553606987,0.000237177213421091,0.00735192839056253,0,8.61360625362393e-18,0,0.3148233294487,315833.6875,NA,NA
"FRI15",7.29205513000488,12.0075006484985,22.2386417388916,15.6119527816772,14.9465856552124,4.56243562698364,4.12926340103149,2.03934860229492,3.5445442199707,79.6302337646484,75.0571212768555,70.2287063598633,76.1394424438477,0.223159953951836,0.115063294768333,0.0137636912986636,0.00994156021624804,4.53582324553281e-05,0.0175426974892616,0.435816764831543,0.172720342874527,588119.1875,NA,NA
"FRI21",5.8529896736145,11.2042675018311,21.3070678710938,14.1460199356079,15.4540767669678,4.14450979232788,3.52386164665222,2.36739754676819,3.25032901763916,82.366569519043,73.5316009521484,66.5141372680664,79.7559661865234,0.351552963256836,0.0390439294278622,0.000710712687578052,0.00585638079792261,0,6.23540732935801e-11,0.467091143131256,0.135744854807854,225646.453125,NA,NA
"FRI22",5.34237813949585,10.8075084686279,20.77978515625,13.6257600784302,15.437406539917,3.6094925403595,3.1312792301178,2.35816073417664,2.93517684936523,83.6209564208984,74.4862670898438,66.9250183105469,80.8392105102539,0.330160826444626,0.146879941225052,0.000398780568502843,0.00486886175349355,0,5.50420153899722e-10,0.0603067502379417,0.457384884357452,117433.765625,NA,NA
"FRI23",6.33168601989746,11.7282524108887,21.6628112792969,14.5427074432373,15.3311262130737,3.976726770401,3.12008166313171,2.2218861579895,3.02820682525635,84.0950775146484,73.9754409790039,65.6048049926758,80.3253021240234,0.491590142250061,0.11875294148922,1.8055188775179e-05,0.00922640040516853,0,3.47979319470653e-16,0.080543652176857,0.299868822097778,356913.5,NA,NA
"FRI31",7.70584583282471,12.8645763397217,22.5140361785889,15.7076635360718,14.8081912994385,3.39392232894897,2.4692873954773,1.63976764678955,2.61871719360352,84.0329666137695,72.8819580078125,63.8734588623047,78.7185745239258,0.623552143573761,0.111555509269238,1.03589181676966e-09,0.00835005007684231,0,5.75375615208262e-11,0,0.256542325019836,368795.59375,NA,NA
"FRI32",8.42091369628906,13.2144575119019,22.4261913299561,16.2944831848145,14.005277633667,3.49051523208618,2.22235441207886,1.28063714504242,2.78031778335571,84.0741119384766,73.4136047363281,65.2920684814453,79.0116653442383,0.543528974056244,0.147127151489258,0.000395957176806405,0.00924102030694485,0,2.68767560290817e-11,0,0.197259411215782,537196.625,NA,NA
"FRI33",7.23687410354614,12.3262538909912,21.8380546569824,15.1931619644165,14.6011810302734,3.50461173057556,2.12143135070801,1.45377659797668,2.57548975944519,85.9334335327148,74.6620407104492,65.9562530517578,81.3060989379883,0.633500158786774,0.231741532683372,3.66035490806382e-09,0.00942538026720285,0,5.52425709343662e-11,0,0.125332951545715,395300.6875,NA,NA
"FRI34",6.88702440261841,12.209942817688,21.9568614959717,14.9016389846802,15.0698356628418,3.03987383842468,2.20385503768921,1.72630035877228,2.48596811294556,85.2408065795898,73.7103652954102,64.2001190185547,80.288215637207,0.612040340900421,0.206309899687767,4.25012440246064e-05,0.00782023184001446,0,2.19932377865106e-10,0,0.173787042498589,434259.4375,NA,NA
"FRJ11",7.92135000228882,13.0608673095703,23.584171295166,16.3565101623535,15.66282081604,3.05804467201233,3.09070706367493,1.48263072967529,2.7824444770813,78.6781005859375,72.9807510375977,65.5225067138672,76.2168884277344,0.244831502437592,0.0997300446033478,0.00936466734856367,0.0090203583240509,0,5.17152856996383e-12,0,0.601117789745331,496307.125,NA,NA
"FRJ12",7.8180947303772,13.5816516876221,24.0783996582031,16.2650012969971,16.2603054046631,2.87841868400574,3.00579071044922,1.46137881278992,4.70899963378906,73.2497329711914,65.4806289672852,56.2443466186523,71.9736862182617,0.220976606011391,0.0878995656967163,0.00320937321521342,0.018478374928236,0,0,0.427381277084351,0.207404062151909,902802.5,NA,NA
"FRJ13",8.10620784759521,13.6805877685547,24.205135345459,16.654748916626,16.0989284515381,3.12304282188416,3.11177778244019,1.26640820503235,4.03199005126953,77.1403732299805,70.3586044311523,61.8669357299805,75.6881866455078,0.205196514725685,0.104719690978527,0.00362516776658595,0.0144187714904547,0,0,0.391461998224258,0.152129635214806,883170.5,NA,NA
"FRJ14",3.67492818832397,8.87668514251709,19.6612777709961,12.1070861816406,15.9863500595093,3.3736879825592,3.70607662200928,2.23074674606323,4.68339157104492,79.6091918945312,73.2284927368164,64.7597808837891,78.7936401367188,0.16394317150116,0.108957536518574,0.0121620940044522,0.00302391243167222,0,0,0.711913347244263,0,94832.5703125,NA,NA
"FRJ15",7.56046962738037,12.3071384429932,22.9611778259277,15.8937559127808,15.400710105896,2.61613631248474,3.02568936347961,1.5310925245285,2.81616997718811,74.8671569824219,71.7439575195312,66.5244064331055,74.8364868164062,0.119229704141617,0.0538227967917919,0.019502654671669,0.0111331073567271,9.42928545555333e-06,0.136955618858337,0.0164741054177284,0.598758339881897,394304.34375,NA,NA
"FRJ21",5.02528667449951,10.0549592971802,20.9420719146729,13.5797700881958,15.916784286499,2.86818218231201,3.33875274658203,1.96344494819641,2.56608653068542,77.0552825927734,74.8455047607422,68.42333984375,75.564697265625,0.262265712022781,0.0634967386722565,0.0214925725013018,0.0110215283930302,0,0.0722106695175171,0,0.569512844085693,248495.28125,NA,NA
"FRJ22",5.9927830696106,11.3132972717285,21.8626976013184,14.3868131637573,15.8699150085449,3.63374257087708,3.53989839553833,1.90569913387299,3.35452628135681,81.532356262207,73.89501953125,65.5688552856445,79.1635131835938,0.318884611129761,0.164366155862808,0.00299774017184973,0.00457988819107413,0,8.28149094439512e-12,0.494992762804031,0.0140923541039228,293594.90625,NA,NA
"FRJ23",7.53817224502563,12.8891801834106,23.3783149719238,16.0336627960205,15.8401432037354,2.53100895881653,2.93255066871643,1.61083602905273,2.11395692825317,79.9505310058594,73.2294845581055,65.3160171508789,75.5381164550781,0.46275407075882,0.108198791742325,0.00589844165369868,0.0146392611786723,0,0.0529135130345821,0,0.355595916509628,1028588.5,NA,NA
"FRJ24",8.53976440429688,13.8815546035767,24.0444068908691,16.9318981170654,15.5046424865723,2.54055690765381,2.6322066783905,1.4101654291153,1.96286904811859,81.9878692626953,72.5432586669922,63.7100296020508,75.6325836181641,0.606766581535339,0.142907023429871,7.66734729040763e-07,0.00619644904509187,0,2.4202317233657e-11,0,0.244129225611687,350851.625,NA,NA
"FRJ25",7.30306100845337,12.6730146408081,22.9001998901367,15.7190132141113,15.5971384048462,3.10483741760254,2.85453057289124,1.75536906719208,2.39520478248596,81.8095245361328,71.5617218017578,63.1258201599121,77.066535949707,0.484324395656586,0.0828893780708313,0.000510797370225191,0.00608290592208505,0,1.32276123387953e-09,0.0645857378840446,0.36160683631897,223181.0625,NA,NA
"FRJ26",4.62353849411011,9.81248950958252,20.8343448638916,13.3582210540771,16.210807800293,3.29756212234497,3.52400207519531,2.05098915100098,2.9261908531189,78.4040451049805,75.0876998901367,67.985481262207,76.0707244873047,0.285205185413361,0.0645039975643158,0.0289599057286978,0.0076366332359612,0,0.141907513141632,0,0.471786737442017,222560.75,NA,NA
"FRJ27",7.74261045455933,13.197268486023,23.494930267334,16.1890468597412,15.7523202896118,3.10505723953247,3.22319269180298,1.73915684223175,2.54844880104065,82.4640960693359,73.6950531005859,65.2224349975586,78.0454559326172,0.434033393859863,0.163603186607361,0.00157005293294787,0.00898151006549597,0,4.31402714325557e-17,0.116150289773941,0.27559170126915,471201.4375,NA,NA
"FRJ28",8.20141792297363,13.5506830215454,23.7480735778809,16.63645362854,15.5466566085815,2.57503366470337,2.50518774986267,1.48404502868652,1.91094410419464,82.3119430541992,71.5544967651367,61.4144134521484,75.4788360595703,0.588849127292633,0.0905980989336967,0.000244380149524659,0.0158265102654696,0,2.24190112910647e-16,0,0.304481893777847,592359.25,NA,NA
"FRK11",5.79081153869629,11.4674291610718,21.3644428253174,14.0666885375977,15.5736303329468,2.52287721633911,2.52930164337158,2.2989661693573,2.40621900558472,82.3986282348633,72.5100250244141,64.2092971801758,79.6146240234375,0.467385947704315,0.148039922118187,0.000434897112427279,0.00675733899697661,0,9.07305341968367e-10,0,0.377381920814514,318747.8125,NA,NA
"FRK12",4.41024780273438,9.65436172485352,20.0150680541992,12.7112436294556,15.6048202514648,3.7699089050293,3.57335305213928,2.29364013671875,3.32647109031677,81.4892959594727,74.1257019042969,67.635124206543,80.1332168579102,0.201382160186768,0.125072255730629,0.00610927445814013,0.00428708270192146,0,0,0.585799992084503,0.0773491710424423,141576.671875,NA,NA
"FRK13",4.03739166259766,9.59445571899414,20.0063304901123,12.4053525924683,15.9689388275146,2.29375553131104,2.72516632080078,2.24825310707092,2.88466835021973,80.194938659668,72.6012725830078,65.5822677612305,79.1575088500977,0.191252768039703,0.128050848841667,0.00533653236925602,0.0102179106324911,0,0,0.552421748638153,0.112720213830471,367472.375,NA,NA
"FRK14",4.38658332824707,9.85689353942871,19.9821872711182,12.6972522735596,15.5956029891968,2.74397397041321,2.9066219329834,2.46884989738464,2.72882795333862,81.9007110595703,73.5423812866211,66.8686065673828,79.928596496582,0.255654394626617,0.124357208609581,0.00283958809450269,0.0110346479341388,0,5.88887879432454e-12,0.0772431790828705,0.52887099981308,718157.5,NA,NA
"FRK21",5.30704545974731,11.8731889724731,21.7771377563477,13.6031246185303,16.4700908660889,4.06526851654053,3.78369879722595,2.95380067825317,3.57300519943237,78.9401245117188,69.9863586425781,64.4332962036133,78.3718643188477,0.363264471292496,0.0723087042570114,0.000174791668541729,0.0194958336651325,0,0,0.255578190088272,0.283576548099518,999703.625,NA,NA
"FRK22",5.81068134307861,11.6607971191406,22.0944766998291,14.1363534927368,16.2837963104248,2.90031576156616,3.11889338493347,2.08963203430176,4.53672552108765,76.0255661010742,67.8089447021484,59.0322799682617,74.8679351806641,0.198799505829811,0.0955913960933685,0.00145521597005427,0.0142418388277292,0,0,0.689912021160126,0,553702.3125,NA,NA
"FRK23",5.55394744873047,11.2732734680176,21.6912574768066,13.811710357666,16.1373081207275,2.65641355514526,2.84225273132324,1.94145727157593,3.4363431930542,75.856086730957,68.5935516357422,59.8128280639648,74.5377426147461,0.247692227363586,0.0861466526985168,0.00962410401552916,0.0109642306342721,0,0,0.591782987117767,0.0537898279726505,501010.1875,NA,NA
"FRK24",4.50930261611938,10.4641036987305,20.7005519866943,12.7784109115601,16.1912498474121,3.28557229042053,3.35003995895386,2.69924998283386,3.32740187644958,75.6125335693359,70.7952194213867,65.3801345825195,76.6251602172852,0.221095383167267,0.0764739513397217,0.010042573325336,0.0211310479789972,0,0,0.47280940413475,0.196329429745674,1377366.125,NA,NA
"FRK25",5.14754772186279,11.1505470275879,21.2060012817383,13.4372367858887,16.0584545135498,2.28946971893311,2.66576290130615,2.45386075973511,2.60354399681091,80.79345703125,71.1079559326172,64.2227325439453,78.9292449951172,0.263182550668716,0.13727331161499,0.000681597855873406,0.0145733896642923,0,3.10562575656093e-10,0.352699756622314,0.231589376926422,585562.8125,NA,NA
"FRK26",5.72877931594849,12.1348295211792,22.1050834655762,14.0349178314209,16.3763046264648,2.42211222648621,2.66198396682739,2.32623910903931,2.63959336280823,80.4729919433594,69.6464309692383,62.6801605224609,78.2555465698242,0.337255388498306,0.108315013349056,2.31929742078307e-09,0.0550833866000175,0,7.35828715667242e-13,0.330195128917694,0.169151172041893,1668742.375,NA,NA
"FRK27",1.08536207675934,6.5198974609375,16.64333152771,9.18483066558838,15.5579681396484,3.52362942695618,3.30334162712097,3.01749563217163,3.01565861701965,71.3714447021484,72.0937118530273,69.7392730712891,77.0165328979492,0.0937979444861412,0.0778430178761482,0.0456590056419373,0.00974580738693476,1.61197643052555e-29,0,0.752052903175354,0,523502.125,NA,NA
"FRK28",2.75496864318848,9.01730823516846,18.7802505493164,10.9115962982178,16.0252799987793,4.7999210357666,4.30729007720947,3.71636843681335,3.85623860359192,75.023323059082,71.8328094482422,70.952033996582,78.6877593994141,0.145975083112717,0.0725832581520081,0.0182839464396238,0.0270732641220093,1.40411583710128e-28,0,0.659425556659698,0,1131035.75,NA,NA
"FRL01",4.63338851928711,9.55094146728516,19.8396110534668,12.7933721542358,15.2062225341797,2.46805024147034,2.78426504135132,1.79873287677765,3.13695859909058,69.3973007202148,68.639778137207,63.310905456543,72.8132858276367,0.114628382027149,0.0729286596179008,0.0424954444169998,0.00625146320089698,3.71949019707527e-30,0,0.761265993118286,0,259927.71875,NA,NA
"FRL02",1.60012400150299,6.4487738609314,16.8368740081787,9.62202453613281,15.2367506027222,2.57130455970764,2.78075623512268,2.07099080085754,2.95009541511536,68.9958267211914,70.996711730957,64.5880813598633,73.5144500732422,0.113539360463619,0.0684867724776268,0.0522051453590393,0.00441593443974853,2.54921730987473e-32,0,0.754835605621338,0,149092.484375,NA,NA
"FRL03",6.15974950790405,10.9957609176636,20.9721488952637,14.3725299835205,14.8123998641968,2.93055582046509,3.17925047874451,1.79122757911682,3.74585318565369,70.129997253418,72.7212448120117,72.5013427734375,75.9113540649414,0.0480261445045471,0.0517270229756832,0.0457605980336666,0.02354970946908,5.91503754429818e-30,3.03906341281648e-13,0.661207556724548,0.0411370471119881,791580.75,NA,NA
"FRL04",9.14611148834229,14.7390928268433,24.7695388793945,17.6468963623047,15.6234264373779,1.99365270137787,1.95901489257812,0.927280724048615,3.07374930381775,74.1131591796875,65.6330337524414,59.0256958007812,72.3069915771484,0.155738517642021,0.0814018025994301,0.000644599320366979,0.0355752892792225,1.73388933825385e-30,2.78713362203984e-14,0.168883711099625,0.326291710138321,1305765.625,NA,NA
"FRL05",8.85940551757812,13.7451105117798,23.6049976348877,17.103609085083,14.7455911636353,2.92947483062744,2.63814282417297,1.25597608089447,3.61602210998535,73.1467819213867,68.8950881958008,64.6053848266602,73.9869155883789,0.0759625136852264,0.0556423999369144,0.00633712159469724,0.0180671885609627,2.58070531231504e-30,3.60441225477626e-11,0.331003397703171,0.327056437730789,846411.5,NA,NA
"FRL06",7.75601387023926,13.4267625808716,23.7411880493164,16.1579265594482,15.9851751327515,2.24758529663086,2.29179859161377,1.27797853946686,3.2662398815155,73.8280792236328,65.3408508300781,56.139476776123,71.7392349243164,0.266160666942596,0.110529065132141,0.00657343305647373,0.0197408962994814,2.58792510457824e-30,0,0.553550541400909,0.0359516963362694,506050.5625,NA,NA
"FRM01",9.62020587921143,13.3240919113159,23.054874420166,17.6602993011475,13.4346704483032,3.48696827888489,3.42320966720581,0.806873023509979,3.55102062225342,80.0761260986328,74.6017913818359,67.0102691650391,76.9551010131836,0.0106411715969443,0.0163431018590927,0.00919928587973118,0.00389572721906006,0,5.50074256977506e-11,0,0.624241828918457,92587.40625,NA,NA
"FRM02",8.70603275299072,12.4708776473999,22.2759666442871,16.7424011230469,13.5699348449707,2.80455183982849,3.0568413734436,0.863851547241211,3.29285073280334,77.9365081787109,73.9091949462891,68.7061080932617,76.6662902832031,0.0294227041304111,0.0262762252241373,0.00383377308025956,0.00307550095021725,0,2.30514232701928e-10,0.176990449428558,0.560320496559143,107518.5078125,NA,NA
"HR031",4.25702810287476,11.4924459457397,21.9974002838135,13.9093914031982,17.7403717041016,3.74714350700378,3.53957486152649,2.53803420066833,4.93783855438232,79.6753005981445,74.5865325927734,68.0180435180664,78.6924819946289,0.0266000926494598,0.0266098845750093,0.00247893459163606,0.00487584667280316,2.02271982479901e-24,0.0233404468744993,0.6463183760643,0.0153764244168997,131769.25,NA,NA
"HR032",2.54236102104187,10.3334617614746,20.7114639282227,12.5384101867676,18.1691036224365,4.15302658081055,3.80314087867737,2.33234357833862,5.13730478286743,80.5650253295898,73.567756652832,65.9516983032227,78.7213821411133,0.0877004861831665,0.0351519621908665,0.0175474155694246,0.00470680557191372,2.41157673656259e-20,0.0118409404531121,0.756327509880066,0.00598328560590744,114833.6015625,NA,NA
"HR033",4.91912794113159,12.2812004089355,22.8171844482422,14.6833992004395,17.8980560302734,3.30355405807495,2.9512677192688,1.49313068389893,3.9178102016449,75.3755340576172,69.8074722290039,59.9133796691895,73.4385223388672,0.101450704038143,0.0462587922811508,0.0421518906950951,0.00366713316179812,5.94232834536093e-26,0.00507022254168987,0.571236550807953,0.00275881146080792,87839.8203125,NA,NA
"HR034",6.0626277923584,13.20924949646,23.6564273834229,15.5993356704712,17.5937976837158,3.13563275337219,2.80183839797974,1.37843942642212,3.51104927062988,73.1728591918945,68.7775115966797,59.1977348327637,71.5399856567383,0.119860306382179,0.0897196158766747,0.0346713289618492,0.0115142343565822,1.94136832208096e-25,0.00246551260352135,0.553491413593292,0.00135646760463715,179212.9375,NA,NA
"HR035",6.65123701095581,13.3821229934692,23.9160099029541,15.9533920288086,17.2647724151611,3.74962639808655,3.17374181747437,1.40827298164368,3.77589583396912,74.1690292358398,71.0319290161133,63.2894744873047,73.2148590087891,0.148475542664528,0.138789176940918,0.0208855271339417,0.00625494820997119,4.58563395905656e-26,0.00176475499756634,0.440012514591217,0.0025965771637857,229293.359375,NA,NA
"HR036",7.57252073287964,14.0375738143921,24.6268558502197,16.6512966156006,17.0543346405029,2.96467709541321,2.89057493209839,2.26554083824158,4.05869388580322,74.1290435791016,71.8026504516602,65.3552780151367,74.1960754394531,0.125039845705032,0.0881503000855446,0.00132271589245647,0.012516007758677,2.96197568109382e-24,0.0235152021050453,0.470055967569351,0.0223524048924446,145127.765625,NA,NA
"HR037",8.80520439147949,14.9983043670654,25.5499992370605,17.8212108612061,16.7447948455811,4.45080947875977,3.52018809318542,1.36636757850647,4.23662185668945,72.6559371948242,70.9768295288086,62.9584884643555,72.1658935546875,0.0952825248241425,0.162792637944221,0.0146988732740283,0.00251522567123175,1.02463287923435e-25,0.0374237857758999,0.193240240216255,0.0180013999342918,38235.2265625,NA,NA
"HR041",4.2916407585144,13.8254919052124,23.935302734375,14.5408143997192,19.6436634063721,2.35992574691772,2.61671733856201,2.53397917747498,3.31883335113525,80.7512741088867,69.6646194458008,63.6417961120605,77.9688491821289,0.215301960706711,0.0576004087924957,3.01280542771565e-05,0.0331667810678482,6.85359204992264e-37,0,0.693900763988495,0,142599.5,NA,NA
"HR042",4.23577928543091,13.7246685028076,23.8454647064209,14.4692430496216,19.6096839904785,2.34670233726501,2.6261305809021,2.51613450050354,3.28637456893921,80.6325759887695,69.5602035522461,63.5976715087891,77.8987350463867,0.214111506938934,0.0600955113768578,3.88268344977405e-05,0.0279169790446758,1.39297326225545e-21,0.0495526157319546,0.620406568050385,0.0278455875813961,620074.625,NA,NA
"HR043",4.24909400939941,13.4405956268311,23.3677425384521,14.2278575897217,19.1186466217041,2.07040882110596,2.8715386390686,3.07551598548889,3.27137517929077,79.7164535522461,68.395637512207,65.0185699462891,78.6117706298828,0.237385556101799,0.0799852609634399,3.9366359487758e-06,0.017101526260376,1.27445550572331e-37,0.114366509020329,0.451229959726334,0.099927194416523,154471.78125,NA,NA
"HR044",4.85123634338379,14.0358600616455,23.9772129058838,14.6793994903564,19.1259765625,1.81094193458557,2.40043902397156,2.70135092735291,3.00550889968872,79.6924591064453,67.5840682983398,64.0131225585938,78.0491104125977,0.246369704604149,0.0380369648337364,1.2491857548369e-09,0.0148416869342327,0,0.322086989879608,0.0429100953042507,0.33575451374054,119456.6640625,NA,NA
"HR045",4.32427549362183,13.7626276016235,23.7373580932617,14.3504571914673,19.4130840301514,1.77873766422272,2.17181348800659,2.24826693534851,2.62392830848694,79.8750839233398,67.1981201171875,62.4087333679199,77.1479187011719,0.263116240501404,0.027251111343503,0.000148561768583022,0.00953675620257854,0,0.229041323065758,0.00509267346933484,0.46578660607338,107541.21875,NA,NA
"HR046",4.65820693969727,13.9423475265503,23.8767566680908,14.5366764068604,19.2185497283936,1.73045492172241,2.23386645317078,2.51165366172791,2.78765106201172,79.715217590332,67.2891464233398,63.3857460021973,77.6753540039062,0.252730816602707,0.0300409980118275,1.14478218904424e-07,0.013217493891716,0,0.279350429773331,0.0346784740686417,0.389981627464294,61958.22265625,NA,NA
"HR047",3.90400075912476,13.4660949707031,23.6956405639648,14.2385759353638,19.7916393280029,2.13591599464417,2.45620107650757,2.0561945438385,2.78701138496399,80.0640258789062,68.3337249755859,62.2544822692871,76.9447937011719,0.233083069324493,0.0552890636026859,0.000780246627982706,0.00734031153842807,0,0.429227560758591,0.00169446144718677,0.272410184144974,98495.2578125,NA,NA
"HR048",3.71515679359436,13.3349533081055,23.7140407562256,14.1193408966064,19.9988842010498,2.0318021774292,2.32646822929382,1.86297011375427,2.42370319366455,80.7691955566406,68.5856094360352,62.2030029296875,77.2090530395508,0.270650416612625,0.0490529835224152,0.00077605084516108,0.00488602137193084,0,0.333605915307999,0,0.341028600931168,50407.19140625,NA,NA
"HR049",4.22730207443237,13.4520483016968,23.9744071960449,14.4976196289062,19.7471027374268,2.15633082389832,2.47440075874329,1.91590285301208,2.53364109992981,80.3606719970703,68.9090805053711,62.9027862548828,76.8395385742188,0.262106031179428,0.0584224052727222,0.00088248954853043,0.0067712003365159,0,0.46638959646225,0.00878941267728806,0.196636334061623,71654.25,NA,NA
"HR04A",4.41546297073364,13.591362953186,24.0947360992432,14.6064405441284,19.679271697998,2.11623573303223,2.46207761764526,1.90450823307037,2.46675181388855,80.2499389648438,68.7946624755859,62.6665344238281,76.7121887207031,0.288955330848694,0.0550296753644943,0.000674295239150524,0.00843750685453415,0,0.450942873954773,0,0.195960327982903,92602.2578125,NA,NA
"HR04B",4.2657585144043,13.8416719436646,24.1598529815674,14.4697780609131,19.8940963745117,1.76936161518097,2.14711856842041,1.66664373874664,2.04010224342346,80.5765380859375,68.0201034545898,61.036808013916,76.3741455078125,0.371419280767441,0.0320148579776287,0.00122762913815677,0.012387327849865,0,0.254380613565445,0,0.32857021689415,248988.875,NA,NA
"HR04C",4.65877962112427,14.0584888458252,24.5746650695801,14.8746185302734,19.915885925293,1.78988718986511,2.26013207435608,1.71534693241119,2.03714847564697,80.2142715454102,67.7532424926758,60.5810317993164,75.3987045288086,0.450044691562653,0.0405909493565559,0.000379074801458046,0.0111368335783482,0,0.213968321681023,0,0.283805429935455,164346.109375,NA,NA
"HR04D",3.11630749702454,11.9441652297974,22.0910167694092,13.3734016418457,18.9747104644775,3.41604804992676,3.48729729652405,2.73753333091736,4.47111940383911,82.3591384887695,73.5344619750977,68.3189163208008,80.5643157958984,0.110459722578526,0.0390771739184856,0.00115766027010977,0.00872302893549204,9.80898493840598e-20,0,0.839512288570404,0,184999.953125,NA,NA
"HR04E",4.50180721282959,13.5786638259888,23.8637390136719,14.5940093994141,19.3619327545166,2.57370519638062,2.83703231811523,2.25059652328491,3.19967126846313,80.3773574829102,70.5444793701172,64.6961288452148,78.1255950927734,0.179443657398224,0.0489694662392139,0.00190493604168296,0.00630661565810442,2.61365389059374e-20,0.0693286880850792,0.664317727088928,0.0296983309090137,225861.078125,NA,NA
"HU110",2.99729442596436,12.8835783004761,23.0723896026611,13.2175340652466,20.0750961303711,1.38473975658417,1.64714026451111,1.91651964187622,1.49332463741302,81.0901412963867,66.7380294799805,61.1365127563477,75.9533615112305,0.364988833665848,0.0103778066113591,0.000292661919957027,0.0570495836436749,0,1.7105070355683e-06,0,0.567130446434021,263857.90625,NA,NA
"HU120",3.05092144012451,12.9201002120972,23.1240329742432,13.2564420700073,20.073112487793,1.35934853553772,1.64715325832367,1.88106524944305,1.47883081436157,81.0161972045898,66.5797271728516,60.8498001098633,75.6348495483398,0.42313626408577,0.0134004866704345,0.000241374422330409,0.0317908972501755,0,2.73287446361792e-06,0.00525027699768543,0.525947570800781,1881683,NA,NA
"HU211",3.5165286064148,13.2567157745361,23.4463748931885,13.5981292724609,19.9298458099365,1.36843955516815,1.67729580402374,1.89399027824402,1.59600412845612,81.3277282714844,67.7147979736328,62.2297897338867,76.9847717285156,0.502230107784271,0.0113062588497996,5.38814629180706e-06,0.0143192773684859,0,7.44973192468024e-07,0,0.459000587463379,503735.125,NA,NA
"HU212",3.1876392364502,12.8402004241943,23.0016708374023,13.1761531829834,19.8140316009521,1.4503607749939,1.73696994781494,1.94519591331482,1.58908796310425,80.9920120239258,67.505500793457,61.8759307861328,76.2757110595703,0.448133200407028,0.0212807022035122,5.49514334124979e-05,0.017181484028697,0,8.94254117156379e-05,0,0.510645925998688,266041.5625,NA,NA
"HU213",3.75262570381165,13.3261966705322,23.4423294067383,13.7706394195557,19.6897010803223,1.44360625743866,1.91276144981384,2.15853691101074,1.9214780330658,80.9042053222656,67.6417999267578,61.9439125061035,77.0468139648438,0.399167835712433,0.020183926448226,0.000611452269367874,0.00779864611104131,0,5.06399373989552e-07,0,0.545262217521667,264994.46875,NA,NA
"HU221",3.73976540565491,13.321291923523,23.4581508636475,13.7380304336548,19.7183837890625,1.27758800983429,1.81508457660675,2.06854104995728,1.70720052719116,79.3040161132812,66.4137344360352,59.6011810302734,75.1015777587891,0.488658100366592,0.0391838066279888,0.000761827104724944,0.0102197946980596,0,0.00492605566978455,0,0.446075528860092,378292.5625,NA,NA
"HU222",3.7559769153595,13.0989141464233,23.1316699981689,13.6049270629883,19.3756923675537,1.2694343328476,1.95815229415894,2.46317911148071,1.99734675884247,79.3496170043945,66.8251113891602,61.5791168212891,76.9312515258789,0.465597689151764,0.0323434248566628,2.43597169173881e-05,0.010207612067461,0,2.86030626739375e-07,0.105549328029156,0.386277347803116,238642.109375,NA,NA
"HU223",4.15292835235596,13.6169137954712,23.6003303527832,14.0724143981934,19.4474010467529,1.41620373725891,1.95956337451935,2.30198979377747,2.20947980880737,79.7641525268555,66.788703918457,62.2523612976074,77.1132354736328,0.322844654321671,0.0279882289469242,0.000574765843339264,0.00772324530407786,0,0.0251677706837654,0.0277684796601534,0.570841014385223,198529.5625,NA,NA
"HU231",3.95636367797852,13.6003150939941,23.8336181640625,14.1254749298096,19.877254486084,1.69245302677155,2.03972411155701,1.92222607135773,2.03775548934937,80.8551712036133,67.7109909057617,61.822696685791,77.0322113037109,0.413175046443939,0.023758864030242,0.000461065035779029,0.0116286976262927,0,0.0972457528114319,0,0.453730553388596,311570.46875,NA,NA
"HU232",4.0231990814209,13.6426181793213,23.7074184417725,14.1419105529785,19.6842193603516,1.5915492773056,1.9694287776947,2.0864109992981,2.18429613113403,80.6712341308594,67.1208801269531,61.6657066345215,76.9057235717773,0.383134126663208,0.0212324038147926,0.000504915602505207,0.0061085014604032,0,0.0158679820597172,0,0.531696736812592,263215.125,NA,NA
"HU233",3.77731966972351,13.4692230224609,23.6838207244873,13.8825283050537,19.9065017700195,1.44939005374908,1.75166273117065,1.96487271785736,1.74932277202606,81.1241912841797,67.5348052978516,62.3004264831543,77.0931777954102,0.531587541103363,0.0113409347832203,7.64401775086299e-05,0.00958986300975084,0,2.15178914686476e-07,0,0.435042798519135,267447.3125,NA,NA
"HU311",2.836909532547,12.6887140274048,22.5594577789307,12.6961736679077,19.7225494384766,1.28839075565338,1.88475382328033,2.33963966369629,1.47723507881165,79.8809204101562,65.3444595336914,60.1921768188477,74.8429183959961,0.366766273975372,0.048052042722702,0.000227622440434061,0.0128620639443398,1.15617467599805e-06,0.00119093747343868,0.43280765414238,0.13588610291481,644531.75,NA,NA
"HU312",3.11997175216675,12.8277111053467,22.838981628418,12.9570989608765,19.7190093994141,1.34552645683289,1.78204596042633,2.05146384239197,1.48197209835052,80.3615493774414,65.9906387329102,60.8086166381836,75.1758117675781,0.43215012550354,0.0368234068155289,4.67684112663846e-05,0.00984061788767576,0,3.07783864172961e-07,0.0897593721747398,0.43012860417366,286268.40625,NA,NA
"HU313",2.27482056617737,12.0444889068604,22.1480903625488,12.4540643692017,19.87327003479,1.44681191444397,1.90011954307556,2.07575607299805,1.62526249885559,81.1122665405273,67.8143768310547,63.8657035827637,77.5875473022461,0.344821125268936,0.0461494661867619,5.99376726313494e-05,0.0276651792228222,0,4.45453935071782e-07,0.272179692983627,0.309124141931534,557506.4375,NA,NA
"HU321",3.79054236412048,13.6969442367554,23.6030368804932,13.6118431091309,19.8124961853027,1.34771394729614,1.75648355484009,1.9693511724472,1.37253129482269,79.9158020019531,65.1443328857422,58.4107971191406,72.9081268310547,0.50200617313385,0.0463749393820763,0.00155650591477752,0.011078143492341,0,0.0199686456471682,0,0.418584436178207,647474.375,NA,NA
"HU322",3.93615746498108,13.6987171173096,23.7004451751709,13.756667137146,19.7642860412598,1.27477157115936,1.64380383491516,1.83271741867065,1.3261559009552,80.3827209472656,65.3318023681641,58.0597953796387,73.2967376708984,0.558324992656708,0.0352699011564255,0.00158895133063197,0.00702723581343889,0,1.1980415592916e-07,0,0.395864129066467,342239.3125,NA,NA
"HU323",3.20126938819885,13.5190925598145,23.2711620330811,13.2578287124634,20.0698928833008,1.53567624092102,1.91413557529449,2.23688340187073,1.49233412742615,79.821418762207,64.910026550293,59.5904121398926,73.1192779541016,0.44497412443161,0.102175042033195,0.000131472203065641,0.0128787374123931,4.30799773312174e-05,0.0253587905317545,0.124976858496666,0.289449870586395,613587,NA,NA
"HU331",3.80009913444519,13.647665977478,23.9374752044678,14.079852104187,20.1373767852783,1.37450182437897,1.65819311141968,1.82616174221039,1.53374671936035,81.1183471679688,66.5905990600586,60.337574005127,75.8268814086914,0.517302453517914,0.0149198649451137,0.00145253108348697,0.0082189030945301,0,0.0048674438148737,0,0.453234493732452,603369.75,NA,NA
"HU332",4.42363357543945,14.0116376876831,24.0809764862061,14.1564264297485,19.6573429107666,1.37563896179199,1.74643647670746,1.88130378723145,1.40579676628113,80.7496566772461,66.6932754516602,59.8876533508301,73.7487106323242,0.60204404592514,0.0463008619844913,0.00338275916874409,0.00705009838566184,0,0.0129082715138793,0,0.328120499849319,314572.59375,NA,NA
"HU333",4.56250762939453,14.2017765045166,24.3881492614746,14.4527626037598,19.8256397247314,1.33941090106964,1.67725443840027,1.80602705478668,1.37725400924683,80.7939224243164,66.375358581543,59.0248527526855,74.2129440307617,0.596981346607208,0.0413518659770489,0.00261070975102484,0.0100587038323283,0,0.00617187609896064,0,0.342825531959534,349857.3125,NA,NA
"IEG11582",6.38136339187622,9.18895149230957,16.6490421295166,12.5136280059814,10.2676792144775,3.57977366447449,2.2164843082428,2.16240072250366,3.07601737976074,86.5583038330078,79.5213775634766,78.8696517944336,86.2041931152344,0.369135856628418,0.518252670764923,5.5243671859273e-09,0.0151454471051693,0,0,0.00891539547592402,0.0802420377731323,59414.16015625,NA,NA
"IEG11583",5.69661998748779,8.98993587493896,16.2682304382324,11.9366512298584,10.5716094970703,3.87804913520813,2.37515807151794,2.4351761341095,3.39598369598389,86.7711715698242,80.1799163818359,80.3268966674805,86.4725494384766,0.0960625410079956,0.698583900928497,0.0201988313347101,0.00642583891749382,6.67866890263769e-12,0,0.170263364911079,0,90846.0078125,NA,NA
"IEG11584",6.59149503707886,9.55928421020508,16.6328239440918,12.7298316955566,10.0413293838501,4.6646237373352,2.50991940498352,2.62609338760376,3.9119029045105,85.8108825683594,79.9956665039062,81.2106170654297,85.7521133422852,0.103414960205555,0.577427506446838,0.00105799862649292,0.0140307890251279,2.03693256706217e-10,9.15664905010161e-11,0.176088631153107,0.003570138476789,184358.046875,NA,NA
"IEG11585",6.98468017578125,9.43759632110596,16.4830341339111,12.8675088882446,9.49835300445557,5.61007022857666,2.88362693786621,2.76514768600464,4.2184853553772,86.7264022827148,81.4528503417969,82.5190505981445,86.833984375,0.148860469460487,0.504389643669128,0.0132025545462966,0.0110627636313438,4.37612376891217e-11,0,0.191836714744568,0.000472405139589682,387853.65625,NA,NA
"IEG11586",5.46210050582886,8.33786010742188,15.1071615219116,11.5495948791504,9.6450605392456,4.91726970672607,2.80819869041443,2.96712589263916,4.63073587417603,85.1463012695312,81.0761184692383,83.171012878418,85.4688873291016,0.0818750709295273,0.295217245817184,0.0338528715074062,0.00361017975956202,5.7970681206776e-12,0,0.24705483019352,0.066614642739296,146844.40625,NA,NA
"IEG11587",6.39981842041016,9.23097610473633,16.7194881439209,12.5926790237427,10.3196697235107,3.57621717453003,2.29359817504883,2.27296018600464,3.08231282234192,85.0136871337891,79.3524856567383,79.0232696533203,84.8831481933594,0.167655348777771,0.249664172530174,6.2608119151264e-06,0.141510054469109,5.81446620451925e-13,0,0.196816802024841,0,651829.4375,NA,NA
"IEG11588",6.36074066162109,9.38715171813965,16.3822441101074,12.4269409179688,10.0215034484863,4.77321100234985,2.67261219024658,2.70795917510986,4.05394887924194,86.0725326538086,79.9345550537109,81.1418533325195,85.8806991577148,0.115789704024792,0.485229760408401,0.00517594069242477,0.00943242199718952,1.08326620243404e-11,0,0.264736741781235,0,228282.875,NA,NA
"IEG11589",7.06791257858276,9.44369411468506,16.2228012084961,12.8953914642334,9.15488815307617,6.34484672546387,3.3458833694458,3.14835047721863,5.07129669189453,86.6560287475586,81.263427734375,82.8977432250977,86.8475875854492,0.101518757641315,0.451465368270874,0.0176508277654648,0.00495177786797285,2.3585405850568e-10,3.61587843000777e-11,0.264824420213699,0.00140981574077159,114930.8359375,NA,NA
"IEG11590",6.4261531829834,9.49470043182373,16.9553260803223,12.6019315719604,10.5291728973389,3.28420305252075,2.08897995948792,2.18557333946228,2.87185549736023,86.1752624511719,78.7749328613281,78.1195373535156,85.694938659668,0.239611059427261,0.580948650836945,5.20679366289301e-09,0.0390325337648392,0,0,0.129431292414665,0.009850038215518,214606.359375,NA,NA
"IEG11591",6.43314218521118,9.34473323822021,16.7852401733398,12.4674091339111,10.3520994186401,3.4284975528717,2.14148020744324,2.16153979301453,3.01286768913269,86.0854339599609,79.7820510864258,79.4869003295898,85.9800872802734,0.167557492852211,0.625476181507111,4.14867118436746e-09,0.00988241750746965,1.42578379658254e-11,0,0.0970342680811882,0.00240977783687413,112332.4921875,NA,NA
"IEG11592",6.28298187255859,9.33783054351807,16.7755374908447,12.3401031494141,10.4925556182861,3.2888560295105,2.06441688537598,2.16135883331299,2.84271550178528,86.472412109375,79.2779083251953,78.8997116088867,86.1086807250977,0.169475018978119,0.666768848896027,5.61553115119295e-09,0.0101388711482286,1.06822372128446e-11,0,0.149477511644363,0.00342054874636233,96732.8828125,NA,NA
"IEG11593",5.33043384552002,8.63520240783691,15.7089538574219,11.6212825775146,10.3785200119019,4.24338245391846,2.60864305496216,2.57554483413696,3.84054064750671,87.5920562744141,81.1686935424805,82.0834274291992,87.3146591186523,0.164313659071922,0.510736048221588,0.0412116758525372,0.00304887862876058,6.46980038987444e-11,0,0.248701557517052,0,54241.234375,NA,NA
"IEG11594",6.52542924880981,9.40514755249023,16.5984535217285,12.6515426635742,10.0730247497559,4.56749486923218,2.53736281394958,2.53668522834778,3.79725503921509,87.1488265991211,80.8891525268555,81.5049819946289,86.9279251098633,0.120563849806786,0.667110204696655,0.00218658032827079,0.0101078012958169,8.99200019999213e-11,0,0.182446494698524,0,141721.234375,NA,NA
"IEG11595",6.11054420471191,9.32468605041504,16.6478137969971,12.2396907806396,10.5372705459595,3.66152501106262,2.26478385925293,2.29794573783875,3.09044933319092,86.6730575561523,79.5277862548828,79.7201309204102,86.3440399169922,0.098710834980011,0.724810659885406,1.67229996517193e-09,0.00363173498772085,1.15443050952013e-10,0,0.160942748188972,0,39998.80078125,NA,NA
"IEG11596",6.1652512550354,9.28652286529541,16.6744575500488,12.4247961044312,10.5092077255249,3.06288981437683,2.01730990409851,2.17712783813477,2.86151123046875,84.6801834106445,78.9867248535156,78.8515472412109,84.5179977416992,0.198242872953415,0.460784316062927,1.27774619613774e-05,0.0160692613571882,1.18712743628346e-12,0,0.0896981060504913,0,112143.109375,NA,NA
"IEG11597",6.17365407943726,9.02743148803711,15.6624317169189,12.1504259109497,9.48877716064453,5.18836164474487,2.9181809425354,2.69626593589783,4.54613494873047,85.3477401733398,80.6528396606445,82.7518844604492,85.585693359375,0.149527311325073,0.325206726789474,0.0161745268851519,0.00511954957619309,1.22261827398273e-11,0,0.300606966018677,0,112970.4375,NA,NA
"IEG11598",6.2746057510376,9.4549503326416,16.8710689544678,12.4760055541992,10.5964632034302,3.22111773490906,2.05412101745605,2.24677181243896,2.84442162513733,85.5219116210938,78.6560287475586,78.2783126831055,85.1107864379883,0.21792109310627,0.584449052810669,3.3865812838485e-06,0.0252624079585075,3.14009018440031e-13,0,0.104830451309681,0,298755,NA,NA
"IEG11599",5.47210836410522,8.8094654083252,16.1195964813232,11.8065528869629,10.6474885940552,3.27642369270325,2.07777404785156,2.19024324417114,3.12063241004944,86.6259689331055,80.5359573364258,80.5620346069336,86.3297424316406,0.0682115107774734,0.778440952301025,8.00798982680817e-09,0.00728606851771474,9.3562886182337e-27,0,0.146061509847641,0,79339.4375,NA,NA
"IEG11600",7.29116916656494,9.36188125610352,15.9193172454834,12.9000787734985,8.62814807891846,7.94509506225586,4.06241035461426,3.76888465881348,6.04539632797241,86.8731994628906,81.6969375610352,84.1328964233398,87.2862167358398,0.101843290030956,0.156653076410294,0.0676245912909508,0.000471721083158627,2.2610980796034e-11,0,0.424990028142929,0,0.899384558200836,NA,NA
"IEG11601",6.36285924911499,9.44412422180176,16.8114490509033,12.3856792449951,10.4485902786255,3.30240964889526,2.03671789169312,2.21621012687683,2.81630182266235,86.1045074462891,78.7763595581055,78.5796279907227,85.7150115966797,0.142189905047417,0.63401448726654,4.02244060282442e-09,0.011678053997457,4.48620394305488e-12,0,0.208300098776817,0,109948.984375,NA,NA
"IEG11602",5.94757413864136,9.15121459960938,16.300537109375,12.1049394607544,10.3529634475708,3.94548678398132,2.34958362579346,2.37246203422546,3.34368968009949,87.1038055419922,80.1424713134766,80.8540878295898,86.5753860473633,0.121715866029263,0.669634997844696,0.00255097472108901,0.0052086659707129,5.51626105904646e-11,0,0.195343390107155,0,75052.84375,NA,NA
"IEG11603",5.53070974349976,8.71675682067871,15.5107612609863,11.7362251281738,9.98005104064941,4.21828508377075,2.55036735534668,2.474853515625,3.95608115196228,86.8080825805664,81.404426574707,83.0244750976562,86.6996917724609,0.112913124263287,0.364412695169449,0.0312004461884499,0.00223689526319504,2.52004632439462e-11,0,0.241563633084297,0,45280.22265625,NA,NA
"IEG11604",6.27576112747192,9.18840408325195,16.5802135467529,12.3322267532349,10.3044528961182,3.92446732521057,2.34809851646423,2.38091397285461,3.34707283973694,87.1585922241211,80.5064544677734,80.4678192138672,86.8270797729492,0.127485617995262,0.678424656391144,0.001941301045008,0.0051295212469995,1.84964057958759e-11,0,0.168473124504089,0,161187.890625,NA,NA
"IEG11605",6.59880685806274,9.34238815307617,16.7269306182861,12.5802173614502,10.1281242370605,3.93669867515564,2.40462946891785,2.34659218788147,3.4169704914093,85.6738662719727,80.2937698364258,80.23974609375,85.8284225463867,0.15815857052803,0.551953494548798,0.000846163311507553,0.00894125271588564,1.03400630072081e-11,0,0.135736137628555,0.00127264519687742,85356.0703125,NA,NA
"IEG11606",6.22889184951782,9.4366397857666,16.7671337127686,12.3317975997925,10.5382423400879,3.42508745193481,2.12431716918945,2.29180932044983,2.92149472236633,86.1867065429688,79.0052108764648,78.9427642822266,85.830322265625,0.104873739182949,0.703661859035492,8.24346813033117e-09,0.00999332033097744,1.67939100126357e-11,0,0.176504999399185,0,97308.0390625,NA,NA
"IEG11607",7.02128219604492,9.59360694885254,16.9471302032471,13.1114854812622,9.92584896087646,3.73791360855103,2.23524475097656,2.16788911819458,3.23315334320068,84.3715209960938,79.6799392700195,79.7603530883789,84.6103973388672,0.242679730057716,0.357094764709473,0.00072917650686577,0.0087160412222147,4.08823365785627e-14,0,0.0515852309763432,0.0194533355534077,102133.765625,NA,NA
"IEG11608",6.55482530593872,9.2670431137085,16.7239398956299,12.7176275253296,10.1691160202026,3.74871563911438,2.36621713638306,2.30659532546997,3.25210356712341,85.7715301513672,79.6679992675781,79.1859359741211,85.592041015625,0.211936295032501,0.392008602619171,0.00104799156542867,0.076067253947258,0,0,0.147453039884567,0.0158253721892834,719231.75,NA,NA
"ITC11",3.29541802406311,9.824875831604,20.1835060119629,12.0560331344604,16.8880882263184,1.7371187210083,3.22623109817505,2.32004284858704,2.3665041923523,68.0197296142578,69.2146530151367,65.676513671875,74.0392837524414,0.199049308896065,0.106869757175446,0.050473041832447,0.0504157245159149,2.47729696518732e-28,0,0.583545029163361,0,1986305.5,NA,NA
"ITC12",4.94823837280273,12.6865854263306,22.9170875549316,13.9988498687744,17.9688491821289,1.87763702869415,3.71305990219116,2.70511221885681,3.0331506729126,71.5805358886719,68.5738067626953,65.6997985839844,75.8227386474609,0.305348932743073,0.0895116105675697,0.012255297973752,0.019690103828907,0,0,0.561930418014526,0,217757.59375,NA,NA
"ITC13",3.77660250663757,10.9468517303467,21.0578384399414,12.4905281066895,17.2812347412109,2.0188844203949,3.97432065010071,3.03695845603943,3.32709527015686,68.3558120727539,68.9006576538086,67.3564071655273,75.4751968383789,0.158184185624123,0.0983309596776962,0.0236557442694902,0.0236949902027845,0,0,0.675147593021393,0,101057.234375,NA,NA
"ITC14",0.933490514755249,6.81225299835205,16.3483085632324,9.00915431976318,15.4148197174072,3.42240142822266,6.44941091537476,4.46462678909302,5.11385774612427,69.7784118652344,71.3846054077148,70.686767578125,77.7578277587891,0.0454465411603451,0.0874573141336441,0.102392613887787,0.0181582793593407,1.72160767900834e-14,0,0.71479743719101,0,241705.796875,NA,NA
"ITC15",5.5072660446167,13.4156837463379,23.6942481994629,14.6160840988159,18.1869812011719,2.09501767158508,4.10746622085571,3.11534285545349,3.6920850276947,73.3440170288086,67.4240570068359,63.9498863220215,76.0791015625,0.26508766412735,0.0577215179800987,0.00356447626836598,0.041594423353672,7.94203705621957e-14,0,0.607437193393707,0,467990.875,NA,NA
"ITC16",5.3028826713562,11.3424015045166,21.6649646759033,13.9662790298462,16.36208152771,1.92770278453827,3.26738929748535,2.12627673149109,2.7174243927002,70.8379745483398,70.7680740356445,68.1834030151367,75.3361282348633,0.221587359905243,0.10065545886755,0.062224455177784,0.014963747933507,0,0,0.432196825742722,0.155320510268211,615388.375,NA,NA
"ITC17",6.6389217376709,14.5065326690674,24.7770442962646,15.933985710144,18.1381225585938,1.62857282161713,2.92345237731934,1.74784398078918,2.53669595718384,76.3632278442383,69.9297866821289,65.0903854370117,76.9355773925781,0.368729203939438,0.120705746114254,1.10461828572994e-09,0.0320973098278046,0,0,0.478267878293991,0,222215.46875,NA,NA
"ITC18",6.54300308227539,13.8003568649292,23.9184246063232,15.5414533615112,17.3754215240479,2.19109225273132,2.99990081787109,1.65337181091309,3.29760980606079,76.5308303833008,69.9927291870117,64.0758285522461,77.0907440185547,0.349676072597504,0.0837831273674965,0.000370013964129612,0.0222984291613102,0,0,0.542849481105804,0,444728.9375,NA,NA
"ITC20",-1.24615812301636,3.74215173721313,13.7145261764526,6.72509002685547,14.9606828689575,2.94490432739258,3.38539290428162,2.69570970535278,2.71150803565979,66.3385925292969,71.5154113769531,69.1297302246094,75.3539505004883,0.0506273210048676,0.155214220285416,0.0773461312055588,0.00948671996593475,1.0848080056789e-26,0,0.630311906337738,0,103153.1640625,NA,NA
"ITC31",8.19005870819092,13.4006681442261,23.1887474060059,16.6593627929688,14.9986906051636,2.54932498931885,2.5998682975769,1.35855376720428,3.16652679443359,70.7279586791992,74.1135330200195,76.8731307983398,76.8182983398438,0.0667850747704506,0.104456163942814,0.0163876544684172,0.0208346601575613,0,1.26292545865603e-10,0.37019482254982,0.192617833614349,78220.609375,NA,NA
"ITC32",8.09029865264893,13.8086032867432,23.7642555236816,16.4336109161377,15.6739568710327,2.30398154258728,3.19007754325867,1.32579159736633,3.14614701271057,72.8046951293945,73.9551239013672,73.8134613037109,77.9453048706055,0.0224231295287609,0.0549055747687817,2.82165328826522e-05,0.0300054289400578,0,1.38868569421469e-10,0.580264270305634,0.0358013175427914,183144.203125,NA,NA
"ITC33",6.70533609390259,12.9450922012329,23.1384811401367,15.3574743270874,16.4331455230713,2.90352773666382,3.23143148422241,1.59711420536041,4.19598722457886,74.7750930786133,72.7270736694336,69.3580551147461,77.7903594970703,0.0901922136545181,0.0489421859383583,0.000829904107376933,0.0317561849951744,0,1.23541787910852e-10,0.275233805179596,0.222801327705383,212446.140625,NA,NA
"ITC34",8.03903961181641,13.278148651123,23.1832809448242,16.1856060028076,15.1442413330078,4.21234130859375,4.09208297729492,1.75178682804108,5.05921411514282,75.6805572509766,74.3752975463867,71.1682052612305,79.079719543457,0.0217679459601641,0.0349251925945282,0.00122132641263306,0.0191643871366978,0,0,0.657244980335236,0.0318698845803738,93555.015625,NA,NA
"ITC41",5.17572021484375,12.9528112411499,23.1107559204102,14.0943431854248,17.9350357055664,2.40466523170471,4.92439746856689,4.09371137619019,4.6219973564148,74.1717376708984,66.8353576660156,64.2769165039062,76.6959915161133,0.125304639339447,0.0441195257008076,0.00781769119203091,0.0718318372964859,2.15532967992246e-13,0,0.68518328666687,0,757582.4375,NA,NA
"ITC42",3.44359040260315,10.4551410675049,20.2265377044678,12.0745830535889,16.7829475402832,2.43388915061951,4.7900710105896,4.43604421615601,4.5617470741272,72.7207260131836,68.4234161376953,66.4437866210938,77.263786315918,0.0649892166256905,0.0638704746961594,0.0396134369075298,0.15588553249836,1.95169774167957e-14,0,0.6307293176651,0,1037243.8125,NA,NA
"ITC43",3.96920084953308,11.2266225814819,21.0671081542969,12.7045106887817,17.0979080200195,2.36951303482056,4.61245536804199,4.26767206192017,4.470543384552,72.7588882446289,68.23583984375,66.0485153198242,77.182861328125,0.0689114853739738,0.0559317916631699,0.0305001866072416,0.192702099680901,1.94633343881107e-27,0,0.608847081661224,0,777325.0625,NA,NA
"ITC44",-2.68612265586853,1.90299260616302,11.1532258987427,5.13529205322266,13.8393487930298,2.52140688896179,4.72742605209351,4.19262504577637,3.92501258850098,69.2249526977539,71.584114074707,72.0607528686523,77.2850875854492,0.0162713713943958,0.126842603087425,0.133526206016541,0.00747407134622335,7.79133757221571e-26,0,0.687297821044922,0,128355.828125,NA,NA
"ITC46",3.14281558990479,10.6363697052002,20.671989440918,12.196117401123,17.5291748046875,2.22234535217285,4.17334747314453,3.64275646209717,3.8719482421875,71.446891784668,70.7558822631836,69.0180587768555,78.0208892822266,0.150766879320145,0.0863738879561424,0.0193097330629826,0.0729884430766106,1.51519071700766e-26,0,0.66360878944397,0,1283810.625,NA,NA
"ITC47",2.30437731742859,9.64145851135254,19.8032035827637,11.521050453186,17.4988269805908,2.25179362297058,3.76945948600769,3.31505799293518,3.51924848556519,73.7754287719727,70.9220123291016,67.9783706665039,77.4785842895508,0.192820847034454,0.0793429017066956,0.0273221377283335,0.0380599834024906,3.56554895417751e-34,0,0.634513437747955,0,1089252.375,NA,NA
"ITC48",6.00678300857544,13.9749193191528,24.3712539672852,15.4525671005249,18.3644733428955,2.03208065032959,3.1389696598053,2.01972103118896,3.14440846443176,77.1846542358398,67.8670959472656,60.9264106750488,76.393180847168,0.420321315526962,0.0587723702192307,0.000732050801161677,0.0539846979081631,0,0,0.46345716714859,0,1357206,NA,NA
"ITC49",6.15969657897949,14.9931621551514,25.5649280548096,16.1494808197021,19.4052314758301,1.96585094928741,2.94369435310364,2.12622690200806,2.79812145233154,77.980827331543,67.7965316772461,60.2989273071289,76.4318695068359,0.494046717882156,0.0812349170446396,1.32264366126122e-09,0.0648037567734718,0,0,0.35575008392334,0,377604.78125,NA,NA
"ITC4A",5.92693424224854,15.0495595932007,25.7692260742188,16.2150325775146,19.8422927856445,2.04540514945984,2.93222427368164,2.14702129364014,2.82617783546448,78.6201553344727,68.5282821655273,60.8879508972168,76.4654922485352,0.525742948055267,0.0762562528252602,7.15443411536398e-06,0.0319288671016693,3.18214356373507e-35,2.90264526000329e-17,0.346122801303864,0.016509648412466,424254.875,NA,NA
"ITC4B",5.65534591674805,14.9969472885132,25.8145771026611,16.1356868743896,20.1592311859131,1.84527063369751,2.66399645805359,2.13766694068909,2.55469822883606,78.9189987182617,68.7970428466797,60.2667846679688,75.6562805175781,0.473887383937836,0.065544955432415,0.0016620543319732,0.0464718006551266,7.39376322307221e-33,6.71065905647221e-18,0.319819450378418,0.0689084976911545,693543.25,NA,NA
"ITC4C",6.02319669723511,14.3062210083008,24.6896190643311,15.4717626571655,18.6664237976074,1.99866163730621,3.55571031570435,2.77863192558289,3.44828224182129,75.9907913208008,67.0577011108398,61.2617454528809,76.2256622314453,0.334891319274902,0.0476700849831104,0.000832803722005337,0.123874358832836,3.46906849763278e-14,0,0.469297885894775,0,1303543.75,NA,NA
"ITC4D",5.60026264190674,13.5702199935913,23.6386013031006,14.6183128356934,18.0383396148682,2.22106504440308,4.25400924682617,3.87096405029297,4.31047964096069,73.3421478271484,67.2871932983398,64.4401016235352,76.8367614746094,0.0861364975571632,0.0326288379728794,0.00281741470098495,0.262558490037918,4.93038065763132e-32,0,0.570102453231812,0,514471.0625,NA,NA
"ITF11",6.0098066329956,11.5554637908936,22.4232845306396,15.1669006347656,16.4134769439697,2.82528376579285,2.70424652099609,1.33635795116425,2.89125537872314,80.2430572509766,76.1242523193359,68.1146774291992,77.823127746582,0.172872021794319,0.104584872722626,0.0034821426961571,0.0143283037468791,0,5.66503554881733e-15,0.407793939113617,0.293868780136108,324585,NA,NA
"ITF12",6.46686935424805,12.3430995941162,23.2669830322266,15.7165431976318,16.8001136779785,2.3887665271759,2.2138237953186,1.54884815216064,2.53083229064941,78.4435043334961,74.7777099609375,68.8848648071289,77.244026184082,0.342698127031326,0.0599927268922329,0.00103066710289568,0.0272415149956942,0,1.45755550209168e-16,0.000452157139079645,0.463091909885406,266496.34375,NA,NA
"ITF13",6.41873264312744,12.116849899292,22.9805316925049,15.6613988876343,16.5617980957031,2.58619976043701,2.29665541648865,1.2892107963562,2.52098870277405,79.4312973022461,74.2071304321289,66.8300170898438,76.5902786254883,0.270485043525696,0.0862168148159981,0.0032979529350996,0.022975055500865,0,0,0,0.531751751899719,143033.09375,NA,NA
"ITF14",7.97921657562256,13.8265924453735,24.4810199737549,17.2376155853271,16.5018043518066,2.38809537887573,2.15857434272766,1.22084259986877,2.41832137107849,78.3000946044922,72.821647644043,66.4847717285156,75.5226898193359,0.306880384683609,0.110336266458035,1.29853694463833e-09,0.0255897454917431,0,2.07293765486227e-11,0,0.364538967609406,334895.375,NA,NA
"ITF21",6.05880546569824,11.8285503387451,22.8538951873779,15.2947416305542,16.7950897216797,2.89196586608887,2.75804543495178,1.38454568386078,2.83010721206665,81.0182495117188,76.4715423583984,70.8145141601562,78.7253646850586,0.182001024484634,0.169873043894768,3.00577540635061e-09,0.0091895954683423,0,1.41662994269237e-12,0.00702143181115389,0.630501568317413,83306.1796875,NA,NA
"ITF22",8.30706119537354,14.0300312042236,24.8069858551025,17.4801387786865,16.4999237060547,2.36493682861328,2.1217634677887,1.04311954975128,2.23511743545532,79.2834854125977,72.90185546875,64.5496978759766,75.1443862915039,0.467030763626099,0.164416611194611,1.49097231769701e-05,0.0130700012668967,0,1.53757825915868e-10,0,0.314771980047226,213469.09375,NA,NA
"ITF31",9.49064350128174,14.8947229385376,25.3264961242676,18.3871326446533,15.8358526229858,3.48134469985962,2.98872447013855,1.00335550308228,3.1853084564209,79.5952224731445,77.0168609619141,72.4719085693359,77.7714385986328,0.32109546661377,0.120210744440556,6.30860197414762e-10,0.0381731688976288,0,5.62443217000386e-11,0,0.415233254432678,742277.125,NA,NA
"ITF32",8.61466312408447,14.2112817764282,24.8538455963135,17.7043952941895,16.2391815185547,3.09568190574646,2.77372312545776,1.07181406021118,2.50737190246582,81.577262878418,75.3310012817383,66.2689895629883,76.8830184936523,0.469803631305695,0.137400195002556,1.941437455244e-09,0.0193884987384081,0,0,0,0.373383432626724,247749.375,NA,NA
"ITF33",11.0887823104858,15.8508749008179,26.0590114593506,19.6127853393555,14.9702301025391,3.08620762825012,2.50676679611206,0.77491420507431,3.01325035095215,76.8861083984375,76.1243133544922,72.3797607421875,75.1109466552734,0.0833885744214058,0.0264867302030325,1.44003897348255e-11,0.224381417036057,0,0,0,0.253395110368729,1213754.875,NA,NA
"ITF34",8.06553077697754,13.4616508483887,24.0963764190674,17.0620288848877,16.0308456420898,2.85850834846497,2.45151472091675,0.96853768825531,2.40587472915649,80.007568359375,74.0620346069336,65.0461883544922,75.1920928955078,0.380083382129669,0.124519944190979,1.02088881792639e-09,0.042564794421196,0,0,0,0.395558297634125,494979.125,NA,NA
"ITF35",8.43951225280762,13.4308500289917,23.9120006561279,17.2282485961914,15.4724903106689,3.3108217716217,2.6163055896759,0.862870573997498,2.78526139259338,80.1772232055664,75.6788635253906,69.1485443115234,76.6099014282227,0.190624684095383,0.11810440570116,0.000929768779315054,0.0289988107979298,0,1.72874714543525e-10,0,0.522017240524292,677204.6875,NA,NA
"ITF43",10.7046604156494,15.8979158401489,26.3796501159668,19.4834442138672,15.6749877929688,2.09464335441589,1.76216912269592,0.691354930400848,1.90127241611481,77.7087020874023,71.8428039550781,61.877311706543,74.6097640991211,0.285652875900269,0.223126605153084,9.25446965993615e-06,0.0286376345902681,0,1.85321993861898e-10,0,0.234371483325958,313301.625,NA,NA
"ITF44",11.4516687393188,16.5128345489502,26.8732089996338,20.145414352417,15.4215402603149,2.10388994216919,1.71469795703888,0.580634295940399,2.03230619430542,77.4612197875977,72.0510482788086,63.4670257568359,75.1733093261719,0.21077036857605,0.21382749080658,3.24980874211178e-06,0.0268932208418846,0,1.29754399499221e-12,0,0.201128244400024,193695.15625,NA,NA
"ITF45",11.7288389205933,16.7305088043213,27.102840423584,20.2888450622559,15.3740005493164,2.21224522590637,1.79106557369232,0.652128756046295,2.33643388748169,76.1411361694336,72.782470703125,64.4643325805664,74.6316528320312,0.188784375786781,0.163866281509399,0.000451270141638815,0.0359806902706623,0,0,0,0.307831883430481,488276.125,NA,NA
"ITF46",9.34280490875244,15.0131978988647,25.839563369751,18.5101184844971,16.4967575073242,1.70518946647644,1.5823278427124,0.86856073141098,1.65774810314178,77.5813369750977,68.8767242431641,57.4476089477539,71.5981140136719,0.406524062156677,0.123705044388771,6.73650865792297e-05,0.0135959647595882,0,2.01899651511295e-12,0,0.315955102443695,448200.78125,NA,NA
"ITF47",9.94918155670166,15.3651132583618,25.8562393188477,18.8456916809082,15.9070568084717,2.14466905593872,1.77458500862122,0.794925272464752,1.74913001060486,77.6005477905273,70.570068359375,60.4555778503418,73.7301864624023,0.324647396802902,0.244450584053993,2.75221934131764e-09,0.0340320281684399,0,5.45735722237706e-12,0,0.260270655155182,589022.75,NA,NA
"ITF48",10.2368459701538,15.6606721878052,26.226713180542,19.1500015258789,15.9898681640625,2.05641722679138,1.6110565662384,0.827027320861816,1.51495826244354,76.3981170654297,69.2773056030273,59.6093902587891,71.6157608032227,0.292585492134094,0.21588958799839,3.8576231098375e-09,0.0271144043654203,0,3.0042199290257e-16,0,0.205607905983925,251261.390625,NA,NA
"ITF51",7.39296531677246,12.805248260498,23.4059352874756,16.4605464935303,16.0129718780518,2.49252557754517,2.06025719642639,0.92888879776001,2.0399534702301,80.6620178222656,73.0058288574219,62.8712043762207,74.8210678100586,0.340352535247803,0.157507970929146,0.00123682385310531,0.0146366292610765,0,1.67471869705338e-10,0,0.468864142894745,369949.5,NA,NA
"ITF52",9.5143575668335,14.7779083251953,25.3326778411865,18.4348487854004,15.8183193206787,2.13837552070618,1.80397319793701,0.874424874782562,1.76778304576874,78.0929946899414,70.8915100097656,59.8628120422363,72.9227523803711,0.378595471382141,0.195767357945442,2.38892616799546e-09,0.0151348831132054,0,2.35965302852748e-10,0,0.327182859182358,148301.296875,NA,NA
"ITF61",10.1279897689819,14.7161149978638,25.1824226379395,18.6827754974365,15.0544338226318,3.78598213195801,2.17927980422974,0.70815098285675,3.19406390190125,80.0000152587891,75.284797668457,69.8171691894531,76.5237655639648,0.165906623005867,0.0835921168327332,8.36511680972762e-05,0.0160972997546196,0,2.44377268421303e-10,0,0.571373999118805,447841.375,NA,NA
"ITF62",10.7339754104614,15.2641859054565,25.7575778961182,19.323802947998,15.0236024856567,3.99147343635559,2.10638308525085,0.524514675140381,3.36753129959106,77.9370880126953,73.3369750976562,66.6157302856445,75.5436630249023,0.186056450009346,0.0951284617185593,0.000309129012748599,0.0109921311959624,0,1.5172627043647e-11,0,0.4497449696064,62132.04296875,NA,NA
"ITF63",11.2861385345459,15.5764513015747,25.9157104492188,19.7705497741699,14.6295709609985,4.44874858856201,2.33272194862366,0.623908042907715,3.37655186653137,79.9312133789062,76.5096588134766,71.8299026489258,77.5674438476562,0.168049335479736,0.0980729684233665,8.78646678756922e-05,0.0187988337129354,0,1.31195151964469e-10,0,0.435805529356003,185029.140625,NA,NA
"ITF64",12.0477914810181,16.1358222961426,26.3373508453369,20.4436492919922,14.2895593643188,4.41949033737183,2.34026861190796,0.612648367881775,3.19851851463318,79.808464050293,78.4861526489258,75.0944366455078,78.4682235717773,0.158681184053421,0.113489039242268,2.48400855440423e-10,0.0170217249542475,0,0,0,0.415845781564713,81715.71875,NA,NA
"ITF65",12.6399431228638,16.5170440673828,26.7897491455078,20.9009323120117,14.1498079299927,3.35834455490112,1.7847273349762,0.386861890554428,2.71775341033936,79.9955215454102,76.4906921386719,70.7267227172852,78.1456146240234,0.0850008279085159,0.0530747547745705,9.08869535187762e-10,0.0261612925678492,0,1.49726221004842e-11,0,0.393258959054947,362597.375,NA,NA
"ITG11",13.6757106781006,17.1964416503906,26.8365993499756,21.8959465026855,13.160888671875,2.64047908782959,1.63729441165924,0.226897194981575,2.19689774513245,78.1013946533203,71.7614669799805,63.7905006408691,74.2492599487305,0.206518337130547,0,0.258090883493423,0.0135104916989803,0,3.19882077233881e-15,0,0.198337748646736,172057.8125,NA,NA
"ITG12",11.930944442749,15.5973587036133,25.8353958129883,20.2696094512939,13.9044513702393,3.00079774856567,2.00003862380981,0.371554672718048,2.33059120178223,81.9006729125977,73.0610733032227,61.8653106689453,75.9301834106445,0.409643918275833,0,0.234037607908249,0.0261588357388973,0,3.0241316619124e-15,0,0.236573651432991,493378.6875,NA,NA
"ITG13",12.072283744812,15.9089994430542,26.2464694976807,20.4165115356445,14.1741857528687,2.89717864990234,1.63230335712433,0.348713368177414,2.2623245716095,80.9468841552734,74.7763519287109,67.5138473510742,77.2767562866211,0.135899692773819,0.123894281685352,0.0328966118395329,0.025360306724906,0,2.81781403765891e-10,0,0.345237076282501,312021.90625,NA,NA
"ITG14",13.0243825912476,16.5814075469971,26.5969848632812,21.3407535552979,13.5726041793823,2.73831343650818,1.75296747684479,0.318483978509903,2.14560151100159,80.9142608642578,72.2813949584961,62.8498039245605,76.0222549438477,0.361992329359055,0,0.19711434841156,0.0143978986889124,0,1.54962538941982e-15,0,0.171385005116463,242254.25,NA,NA
"ITG15",12.6479091644287,16.3021068572998,26.4909839630127,21.0113677978516,13.843074798584,2.52453255653381,1.4783376455307,0.339722037315369,1.86084282398224,81.4885864257812,71.7843017578125,61.4160385131836,76.0080032348633,0.432275205850601,0,0.209635198116302,0.0165893249213696,0,1.77406423884939e-15,0,0.223864197731018,181981,NA,NA
"ITG16",11.3420505523682,15.105432510376,25.5671253204346,19.736572265625,14.2250738143921,2.51456212997437,1.47851359844208,0.357271909713745,1.81000316143036,81.9766845703125,72.5467758178711,62.0182075500488,76.0679779052734,0.373204737901688,0.0729256868362427,0.169418767094612,0.0132115008309484,0,1.76027104845718e-15,0,0.341629862785339,185483.859375,NA,NA
"ITG17",11.8869161605835,15.7888631820679,26.1314239501953,20.3610992431641,14.2445077896118,2.49747133255005,1.20757079124451,0.257295072078705,1.93533456325531,81.193229675293,72.5230407714844,62.4001579284668,76.4346542358398,0.3144271671772,0.102487593889236,0.11456073820591,0.0251813884824514,0,7.9589412715721e-16,0,0.345816731452942,427208.78125,NA,NA
"ITG18",13.7051820755005,17.304292678833,27.2829170227051,22.0813751220703,13.5777349472046,2.53335666656494,0.98344486951828,0.169489309191704,1.97806704044342,80.1310653686523,72.5423049926758,62.6688079833984,76.75634765625,0.318199843168259,0,0.112638413906097,0.0163912568241358,0,5.35922616167243e-16,0,0.156191721558571,135208.25,NA,NA
"ITG19",13.5055456161499,17.2590465545654,27.2368144989014,21.945837020874,13.7312688827515,2.53151869773865,0.996059536933899,0.176831632852554,2.0169894695282,79.8462600708008,71.5483779907227,59.865421295166,76.0940093994141,0.254138112068176,0,0.148079380393028,0.0177624318748713,0,7.78970885327102e-16,0,0.173818483948708,183413.40625,NA,NA
"ITG25",11.3281240463257,14.9123878479004,25.1155529022217,19.4703617095947,13.7874279022217,2.95658707618713,2.54407787322998,0.496555209159851,2.71454858779907,81.4692230224609,76.9666213989258,67.0845260620117,76.3574447631836,0.263628154993057,0.177805081009865,0.0152480220422149,0.00941844843327999,0,1.89392640459474e-10,0,0.311195909976959,233889.03125,NA,NA
"ITG26",10.4703283309937,13.9957370758057,24.7379283905029,18.6799755096436,14.2676010131836,3.06592488288879,2.6488823890686,0.553995311260223,2.62311697006226,82.4904251098633,75.7578353881836,62.1697845458984,76.2075729370117,0.186823308467865,0.149088397622108,0.0195627771317959,0.00619251886382699,0,2.32657518250967e-10,0,0.511662423610687,101864.96875,NA,NA
"ITG27",11.7317409515381,15.4511604309082,25.7154712677002,20.1359157562256,13.9837312698364,2.62575125694275,1.97842979431152,0.345948964357376,2.27071261405945,80.7301177978516,72.8139266967773,60.5964546203613,75.2214965820312,0.139487013220787,0.0729583203792572,0.0374069176614285,0.0165173467248678,0,3.88576913701311e-11,0,0.492276787757874,373477.65625,NA,NA
"ITG28",11.4693508148193,15.1103363037109,25.3787517547607,19.6999702453613,13.9094018936157,3.0240433216095,2.32028555870056,0.468679964542389,2.71422028541565,81.9733123779297,75.7090606689453,64.1958465576172,75.851203918457,0.331016898155212,0.197289049625397,0.0122577250003815,0.00795217044651508,0,3.13126746753767e-10,0,0.355434358119965,115413.0234375,NA,NA
"ITG29",10.656008720398,14.2093801498413,24.6869812011719,18.7506065368652,14.0309724807739,2.84046721458435,2.59972548484802,0.532864153385162,2.56985855102539,80.5236358642578,76.0153961181641,66.3443832397461,76.3722457885742,0.112953752279282,0.112489782273769,0.022654514759779,0.00552697386592627,0,1.05301364849986e-10,0,0.498035579919815,99543.546875,NA,NA
"ITG2A",11.2471685409546,14.9657554626465,25.4891471862793,19.660285949707,14.2419776916504,2.72447180747986,2.14608669281006,0.471482753753662,2.29949712753296,81.7851486206055,74.4154281616211,60.4316635131836,76.1415634155273,0.101501643657684,0.115846805274487,0.0180544257164001,0.00672165770083666,0,1.15152817836695e-11,0,0.537841260433197,32478.7265625,NA,NA
"ITG2B",11.7449359893799,15.4718236923218,25.6123752593994,20.0474243164062,13.8674402236938,2.70288324356079,1.91318464279175,0.35287669301033,2.48717260360718,81.3960876464844,74.3201904296875,62.8662071228027,75.4344940185547,0.300255089998245,0.156618729233742,0.0131096290424466,0.0110773295164108,0,8.95895684027703e-12,0,0.416383355855942,76647.9765625,NA,NA
"ITG2C",11.8644227981567,15.7245397567749,25.8590774536133,20.3687038421631,13.9946537017822,2.24043416976929,1.52991569042206,0.224874630570412,2.18557643890381,81.3679504394531,72.9265670776367,61.1069259643555,75.2479019165039,0.16568323969841,0.10837384313345,0.0159941241145134,0.0101582240313292,0,1.17359733042832e-10,0,0.451832175254822,75595.3984375,NA,NA
"ITH10",-2.82602667808533,2.68070220947266,11.9943466186523,5.51176691055298,14.8203735351562,1.62742793560028,2.99065065383911,3.64101076126099,2.50798439979553,71.419319152832,71.4024810791016,71.0174865722656,76.5802993774414,0.0228019151836634,0.149451524019241,0.0949913039803505,0.00954488012939692,0,0,0.6937655210495,0,431741.28125,NA,NA
"ITH20",-1.00254273414612,5.12168407440186,14.7100515365601,7.57215976715088,15.7125949859619,1.6677827835083,3.59655404090881,3.46295070648193,3.05415630340576,70.2953414916992,70.4029846191406,70.2218933105469,75.9750518798828,0.0367062240839005,0.0907532200217247,0.0412889383733273,0.017203152179718,0,0,0.78444504737854,0,642818.4375,NA,NA
"ITH31",4.27697372436523,12.8598194122314,23.3319988250732,14.1900854110718,19.055025100708,1.94500887393951,3.00572609901428,2.65278005599976,2.81146550178528,76.6055755615234,69.6304397583008,63.5691032409668,76.1396102905273,0.334964692592621,0.0622298456728458,0.00413133576512337,0.0330742932856083,2.57937329501393e-33,0,0.521986663341522,0,672247.625,NA,NA
"ITH32",3.67771553993225,11.6646413803101,21.8398666381836,13.0744857788086,18.1621494293213,2.01617383956909,3.21171426773071,3.07205009460449,3.23564410209656,74.9364242553711,71.4676818847656,67.4676055908203,77.2382736206055,0.249680206179619,0.0674702674150467,0.00816783308982849,0.047862321138382,0,0,0.625660121440887,0,748851.9375,NA,NA
"ITH33",-1.54045987129211,4.38492155075073,14.1162691116333,7.15900087356567,15.6567296981812,2.00341844558716,3.91835856437683,3.69669938087463,3.27254557609558,74.7374420166016,75.4992752075195,74.2081451416016,79.7671813964844,0.0504090338945389,0.107794642448425,0.0612063780426979,0.0112369107082486,0,0,0.768277168273926,0,235035.171875,NA,NA
"ITH34",5.09109926223755,13.0795040130615,23.360523223877,14.643590927124,18.2694225311279,2.19121742248535,3.32727527618408,3.11321353912354,3.56622886657715,76.6376113891602,72.8606872558594,67.9391860961914,76.9265899658203,0.431402534246445,0.0629639029502869,0.00178910524118692,0.0636264383792877,0,0,0.414178192615509,0,933068.875,NA,NA
"ITH35",6.9189076423645,14.8531789779663,25.3678970336914,16.6637992858887,18.4489898681641,2.17627644538879,2.95794653892517,2.54511547088623,3.19931888580322,77.27001953125,72.5621032714844,66.2660293579102,75.521110534668,0.409640073776245,0.0500680729746819,0.000903743377421051,0.0386464893817902,0,0,0.250252664089203,0.000184213946340606,508735.375,NA,NA
"ITH36",5.6701226234436,14.2074432373047,24.6998558044434,15.5941562652588,19.0297355651855,1.91642308235168,2.78927993774414,2.40642333030701,2.6577033996582,78.2592468261719,70.6027145385742,63.9240188598633,76.2222061157227,0.428565114736557,0.0536138489842415,0.0011121747083962,0.0558052659034729,0,0,0.423544228076935,0,751821.875,NA,NA
"ITH37",6.46881723403931,15.047402381897,25.7336769104004,16.6801700592041,19.2648582458496,1.73155105113983,2.29319429397583,1.83484947681427,2.21129679679871,78.9400939941406,70.3013610839844,61.6555213928223,74.9022216796875,0.42002335190773,0.0605453364551067,0.00046320486580953,0.0348577946424484,0,0,0.207780718803406,0.104568019509315,372033.9375,NA,NA
"ITH41",3.53831458091736,11.0023889541626,21.0060253143311,12.9493398666382,17.4677104949951,2.6044397354126,4.30447053909302,3.57364201545715,3.84650826454163,75.4093780517578,73.9056167602539,70.9396743774414,78.2895355224609,0.232707172632217,0.0963957831263542,0.0253169555217028,0.0106550361961126,0,0,0.597526729106903,0,227888.015625,NA,NA
"ITH42",3.06166362762451,10.2415552139282,20.2715644836426,12.4033517837524,17.2098999023438,3.42478346824646,5.00031232833862,4.28222703933716,5.00950622558594,75.3545532226562,73.2430801391602,69.8358688354492,78.1300048828125,0.172235995531082,0.0900460034608841,0.0344358198344707,0.0158891677856445,0,0,0.596847891807556,0,455400.3125,NA,NA
"ITH43",7.42576265335083,14.4923114776611,24.904447555542,16.6230945587158,17.4786853790283,3.21738719940186,3.74265575408936,3.30744385719299,4.67061948776245,75.2716598510742,72.4252319335938,67.1920394897461,75.8371429443359,0.200922712683678,0.092464305460453,0.000545328832231462,0.0287609342485666,0,0,0.352673709392548,0,58276.375,NA,NA
"ITH44",6.55840301513672,13.4731874465942,23.7757244110107,15.6678943634033,17.2173233032227,3.7185685634613,4.11034774780273,3.63881301879883,5.31907892227173,76.7164154052734,73.0245819091797,68.865364074707,77.3838729858398,0.0886162146925926,0.139271035790443,1.88196103145799e-09,0.045807670801878,0,0,0.506203651428223,0,47506.91796875,NA,NA
"ITH51",5.39591121673584,12.6095409393311,22.835391998291,14.5806636810303,17.4394817352295,2.59093713760376,3.35830640792847,1.94694566726685,3.7174186706543,77.5787200927734,70.2210464477539,64.0990600585938,78.2066116333008,0.270140886306763,0.0937215462327003,0.00141999684274197,0.0173734556883574,0,4.08009484119741e-18,0.614652454853058,0.00193009222857654,306201.1875,NA,NA
"ITH52",5.7728967666626,13.1090602874756,23.6290225982666,15.1791982650757,17.8561267852783,2.79320812225342,3.44577050209045,1.87478268146515,3.68970227241516,78.1511993408203,70.7219619750977,63.3944206237793,77.7248916625977,0.30205711722374,0.0825869664549828,0.000331885268678889,0.0254433732479811,0,5.15825806581569e-16,0.24423822760582,0.317278474569321,518343.90625,NA,NA
"ITH53",5.46872711181641,12.976616859436,23.75022315979,15.0738983154297,18.2814979553223,2.55511617660522,2.93763375282288,1.83492112159729,3.16913938522339,78.7926940917969,70.8743209838867,62.9610824584961,77.2297897338867,0.321329742670059,0.0680436715483665,0.000222441463847645,0.048516396433115,0,1.21776497458652e-16,0,0.555714666843414,662104.125,NA,NA
"ITH54",5.35326433181763,12.7507057189941,23.6053943634033,14.9429111480713,18.2521305084229,2.42322611808777,2.6427309513092,1.94465172290802,2.96714186668396,79.0241317749023,70.8473739624023,62.6624603271484,77.0745086669922,0.32899335026741,0.0750814974308014,0.00112521136179566,0.0351103581488132,0,5.71730364912157e-17,0,0.55811607837677,588928.5625,NA,NA
"ITH55",5.78931045532227,13.305516242981,24.1881561279297,15.489387512207,18.3988456726074,2.29194235801697,2.75017857551575,1.85386860370636,2.84164476394653,79.1890716552734,70.0246124267578,60.3894500732422,75.9647827148438,0.338870018720627,0.0716118067502975,0.000495748012326658,0.0325303710997105,0,1.27597614921627e-15,0,0.554756343364716,724318.125,NA,NA
"ITH56",6.84621095657349,15.4157257080078,26.2016868591309,17.1912937164307,19.3554763793945,1.61321568489075,2.04093766212463,1.55938923358917,2.06685900688171,79.2169570922852,69.5017471313477,59.1750183105469,74.1975479125977,0.471351891756058,0.07797010242939,6.65498878227311e-10,0.0197135601192713,0,0,0,0.29006490111351,328836.25,NA,NA
"ITH57",6.9116039276123,14.553653717041,25.2817840576172,16.8738861083984,18.3701801300049,1.96603679656982,2.37892293930054,1.65616106987,2.54042530059814,78.9621124267578,69.2922592163086,58.876594543457,74.9364624023438,0.390762537717819,0.0824877321720123,0.000408823892939836,0.0287130251526833,0,0,0,0.373733758926392,333899.40625,NA,NA
"ITH58",5.86446237564087,12.8224563598633,23.5784358978271,15.5413999557495,17.7139739990234,2.06121301651001,2.48287415504456,1.60151267051697,2.81606674194336,79.808219909668,71.0309677124023,61.5869827270508,76.5765075683594,0.30770218372345,0.0801160857081413,0.000769951846450567,0.0260821860283613,0,0,0,0.501929104328156,369087.6875,NA,NA
"ITH59",5.90500020980835,12.5811853408813,23.4424419403076,15.4204988479614,17.5374412536621,2.06918096542358,2.41903614997864,1.60182952880859,2.79819369316101,80.0933151245117,72.5671081542969,63.326358795166,77.0516738891602,0.321568310260773,0.0674281045794487,0.00120026955846697,0.0244551114737988,0,1.30637417550261e-10,0,0.419186234474182,103114.390625,NA,NA
"ITI11",6.09305953979492,11.1747169494629,21.3532218933105,14.2645540237427,15.2601613998413,3.87702035903931,3.75088977813721,1.75162649154663,4.62493515014648,76.9222564697266,74.7456283569336,70.5641860961914,79.3725662231445,0.0271802954375744,0.0400547906756401,0.000576199206989259,0.0192911401391029,0,0,0.312132835388184,0.482197165489197,117890.734375,NA,NA
"ITI12",6.4402379989624,11.8750553131104,22.1858768463135,15.0633277893066,15.7456388473511,2.92783069610596,2.95457887649536,1.64801228046417,3.83960294723511,77.8005294799805,75.1570892333984,71.0708923339844,78.6575546264648,0.153699651360512,0.0578441694378853,0.000364733830792829,0.0356568619608879,0,0,0.219578355550766,0.426815986633301,308589.90625,NA,NA
"ITI13",6.44626045227051,12.4311361312866,22.9394016265869,15.4209909439087,16.493143081665,2.70266699790955,2.83992767333984,1.87737810611725,3.61195826530457,78.7821426391602,74.466194152832,69.322624206543,78.561393737793,0.278583735227585,0.0840280577540398,0.000837475119624287,0.0377890691161156,0,1.17772771240328e-16,0.282341152429581,0.316397190093994,213131.21875,NA,NA
"ITI14",6.43122291564941,12.8663454055786,23.4917964935303,15.6704025268555,17.0605716705322,2.483074426651,2.90729737281799,1.72274398803711,3.36499166488647,79.6179275512695,73.8952789306641,66.6679382324219,77.9032592773438,0.266497284173965,0.0836320072412491,0.000251815683441237,0.0542490147054195,0,4.39802481983127e-16,0.0653422847390175,0.529628694057465,1191741.5,NA,NA
"ITI15",6.27934169769287,12.7742300033569,23.47438621521,15.5014753341675,17.1950454711914,2.57777738571167,3.0220730304718,1.83337986469269,3.36409711837769,79.4873123168945,73.4568099975586,65.6691360473633,77.650032043457,0.244837194681168,0.0833680182695389,0.000174024651641957,0.0597382113337517,0,1.14376732928144e-15,0.00920921191573143,0.602446258068085,127436.171875,NA,NA
"ITI16",10.338737487793,15.0220623016357,25.0898685455322,18.8082218170166,14.7511301040649,2.24181985855103,2.37428498268127,1.20667338371277,3.15792751312256,75.3308792114258,75.8626937866211,73.0685882568359,75.7379455566406,0.141576319932938,0.0626125931739807,0.00483125355094671,0.0164339356124401,0,0,0.0515407435595989,0.31317737698555,65194.6796875,NA,NA
"ITI17",8.48730564117432,14.0492000579834,24.3126201629639,17.3468532562256,15.8253135681152,2.40040016174316,2.66460037231445,1.54059600830078,3.46616220474243,77.7755661010742,75.364501953125,71.4209976196289,77.5178298950195,0.269577294588089,0.0888140052556992,0.00546681974083185,0.0326687470078468,0,1.2967365373582e-19,0.23396609723568,0.290802448987961,387919.75,NA,NA
"ITI18",5.36211919784546,11.3465900421143,22.0440368652344,14.4718952178955,16.6819171905518,2.19306325912476,2.6893105506897,1.43407011032104,3.29963803291321,80.6837615966797,74.1287155151367,65.8833618164062,78.4791564941406,0.267515301704407,0.08782759308815,0.000526544346939772,0.0143356770277023,0,1.13469596541273e-18,0.178469687700272,0.44720995426178,272442.59375,NA,NA
"ITI19",8.15740871429443,13.8488941192627,24.407844543457,17.0273857116699,16.2504367828369,2.19749236106873,2.6482560634613,1.33096563816071,3.35962414741516,79.6242294311523,74.1635284423828,65.913444519043,77.6557312011719,0.347952514886856,0.123465843498707,0.000967091065831482,0.0155089516192675,0,4.05635131654579e-16,0.121536038815975,0.381427973508835,297479.46875,NA,NA
"ITI1A",9.7397050857544,14.9575176239014,25.4547557830811,18.5482692718506,15.7150497436523,2.13188409805298,2.38835716247559,1.04911661148071,3.1153256893158,77.2947616577148,74.8528594970703,68.4291915893555,76.4873886108398,0.30755826830864,0.127287343144417,0.00180179090239108,0.00952425133436918,0,7.16305487147295e-11,0,0.368363380432129,172482.359375,NA,NA
"ITI21",6.3606276512146,12.2290964126587,23.2411785125732,15.4526491165161,16.8805522918701,2.35510563850403,2.74825382232666,1.47963237762451,3.09434843063354,80.3352737426758,73.8507843017578,63.407600402832,76.7226333618164,0.302307188510895,0.0703782513737679,0.00129956007003784,0.0176565386354923,0,2.13992212838576e-10,0.17828343808651,0.413860738277435,621002.625,NA,NA
"ITI22",8.26586151123047,14.0234880447388,24.8968029022217,17.2934837341309,16.6309432983398,2.44859790802002,2.76623106002808,1.31891250610352,3.25092935562134,79.6806488037109,73.9463577270508,63.0846710205078,76.3257522583008,0.381629168987274,0.0743509456515312,0.00118443567771465,0.0132365189492702,0,2.37776381917243e-10,0,0.523074805736542,176815.828125,NA,NA
"ITI31",5.81401968002319,12.3771858215332,23.2773284912109,15.2809791564941,17.4633102416992,2.18566799163818,2.54473567008972,1.61551308631897,2.91257214546204,80.4506759643555,73.4310150146484,64.0698013305664,77.3272857666016,0.413642764091492,0.0669590830802917,0.000753006315790117,0.0198950134217739,0,2.60329396928327e-10,0.00959136243909597,0.416934549808502,317416.375,NA,NA
"ITI32",6.87887287139893,13.3139762878418,24.0435199737549,16.3445243835449,17.1646461486816,2.03633880615234,2.31973552703857,1.53061044216156,2.63974213600159,78.9484405517578,73.4274673461914,63.3200759887695,75.706428527832,0.367541044950485,0.0501421242952347,4.49469739205455e-10,0.0215245317667723,0,2.96439331415321e-11,0.0689951255917549,0.254817456007004,208297.75,NA,NA
"ITI33",5.99255418777466,12.0543975830078,23.039493560791,15.3028163909912,17.0469398498535,2.03380608558655,2.35486602783203,1.54664778709412,2.63839507102966,79.4190902709961,73.9071502685547,63.9991111755371,76.1701507568359,0.403190732002258,0.0627143159508705,0.000602214655373245,0.0135234640911222,0,2.90310761541512e-11,0,0.458593785762787,256737.359375,NA,NA
"ITI34",5.50600433349609,11.247124671936,22.2276802062988,14.7353925704956,16.7216758728027,2.29782676696777,2.28973126411438,1.57822108268738,2.65427851676941,78.5699081420898,74.9226760864258,68.0239410400391,77.0759963989258,0.256261199712753,0.0526567585766315,0.00221365387551486,0.0192367881536484,0,5.61567676041208e-12,0,0.581089496612549,126901.28125,NA,NA
"ITI35",7.35019969940186,13.5600452423096,24.2518348693848,16.7252521514893,16.9016361236572,1.97306048870087,2.0838086605072,1.57060945034027,2.2973906993866,77.1703414916992,74.894416809082,66.3154602050781,75.4637680053711,0.304460793733597,0.0370559431612492,0.000849949603434652,0.0200546626001596,0,4.11525986898642e-11,0,0.295917928218842,94142.1796875,NA,NA
"ITI41",9.7191219329834,15.018180847168,25.7858409881592,18.6234340667725,16.0667190551758,2.75997185707092,2.81924152374268,1.10278141498566,3.96206831932068,78.7719345092773,75.16845703125,66.9150924682617,77.1886367797852,0.39008241891861,0.102747514843941,0.00134592689573765,0.00988539773970842,0,4.39132974774936e-12,0,0.363392651081085,317431.84375,NA,NA
"ITI42",6.47057247161865,11.951488494873,23.0276069641113,15.5621404647827,16.557035446167,2.68045806884766,2.82411885261536,1.41159462928772,3.34392237663269,78.6691589355469,74.8597412109375,64.9605026245117,76.1427612304688,0.23670107126236,0.0690026804804802,0.00222081993706524,0.0130495857447386,0,5.67397379080958e-11,0.198992177844048,0.476965188980103,261506.875,NA,NA
"ITI43",9.94979763031006,15.3244314193726,25.7111167907715,18.8423900604248,15.7613201141357,3.06765294075012,2.90085530281067,1.0848799943924,4.66809320449829,78.4494552612305,75.7829666137695,68.8108673095703,77.1721115112305,0.336362600326538,0.0836982801556587,0.000680822704453021,0.088838055729866,0,2.91517656368645e-12,0.0639638751745224,0.304123669862747,2702063.25,NA,NA
"ITI44",10.6891489028931,15.8500633239746,25.8722381591797,19.4141883850098,15.1830902099609,3.17652606964111,2.78229904174805,0.935828924179077,3.5215847492218,79.3935241699219,77.0534362792969,71.6051330566406,78.3622055053711,0.223150596022606,0.0834007486701012,0.000330531591316685,0.0514821857213974,0,6.49986522938129e-11,0.0401092357933521,0.229499563574791,682907,NA,NA
"ITI45",9.58671855926514,15.3573217391968,25.4225616455078,18.6545753479004,15.8358430862427,3.32668328285217,3.07218861579895,1.19248914718628,3.37716817855835,80.1902542114258,77.0037384033203,70.7347183227539,78.6877288818359,0.234525889158249,0.112784720957279,0.00178749056067318,0.0238070022314787,0,4.60139044922148e-11,0.46602076292038,0.0679186135530472,343304.96875,NA,NA
"LI000",1.3471485376358,8.02329444885254,17.0607719421387,9.74842262268066,15.7136240005493,4.18535280227661,4.68575620651245,5.72001934051514,3.94470715522766,75.7112655639648,72.8811340332031,73.6084213256836,79.4478607177734,0.111281588673592,0.172649428248405,0.0841521918773651,0.041111171245575,0.000696058676112443,0,0.586732983589172,0,38023.078125,NA,NA
"LT011",0.0904166623950005,9.69906711578369,20.2273960113525,10.3588190078735,20.1369800567627,2.03117227554321,1.7960079908371,2.5015082359314,1.96720445156097,84.3487091064453,70.7092361450195,68.8724746704102,82.5172348022461,0.306483387947083,0.089793786406517,0.00245267245918512,0.0156210465356708,0.000111522858787794,0.100778587162495,0.0938311293721199,0.381532520055771,755434.875,NA,NA
"LT021",0.449846714735031,9.85553455352783,20.3792953491211,10.7100524902344,19.9294490814209,1.94544386863708,1.7545086145401,2.45448017120361,1.80898249149323,84.2232666015625,71.2253189086914,68.9237670898438,82.2915649414062,0.282632142305374,0.0838642045855522,0.000414900103351101,0.00757295684888959,0,0.200768321752548,0,0.406455993652344,171281.046875,NA,NA
"LT022",0.401946276426315,9.66877460479736,20.1526870727539,10.5885992050171,19.7507419586182,1.99135935306549,1.71099543571472,2.36975145339966,1.97863483428955,83.5480117797852,70.4095993041992,69.2866516113281,82.0735549926758,0.424434095621109,0.0816740319132805,0.00142374413553625,0.0122481221333146,7.05281081536668e-06,0.0388562753796577,0.0178579017519951,0.415657103061676,401192.28125,NA,NA
"LT023",1.04276072978973,8.88205051422119,19.5438919067383,11.2274570465088,18.5011329650879,3.00089693069458,1.64882016181946,2.64083290100098,3.43236970901489,84.181526184082,74.6282196044922,74.5457229614258,83.2228164672852,0.325438469648361,0.0834882408380508,0.00676786154508591,0.0121558392420411,0.000467561883851886,0.0476383715867996,0.390647113323212,0.0210452694445848,240916.09375,NA,NA
"LT024",0.608311772346497,9.71164417266846,20.1006317138672,10.7715826034546,19.4923210144043,1.96040892601013,1.68371975421906,2.36136174201965,1.92429006099701,83.8125991821289,71.368896484375,70.1115188598633,82.320671081543,0.49879315495491,0.101338468492031,0.00213314220309258,0.0116159897297621,7.91671300248709e-06,0.0192227251827717,0.020007437095046,0.342155665159225,194588.75,NA,NA
"LT025",0.166660591959953,9.42238712310791,19.970573425293,10.3549699783325,19.8039131164551,1.93409752845764,1.68645536899567,2.363529920578,2.01246905326843,82.9614791870117,69.372932434082,68.6796875,81.8366088867188,0.413264572620392,0.0847789794206619,0.00299476063810289,0.00695677986368537,7.11464890628122e-05,0.134216800332069,0.0228563770651817,0.331808477640152,181660.1875,NA,NA
"LT026",0.405452817678452,9.15639591217041,19.7470207214355,10.5090217590332,19.3415660858154,1.83783435821533,1.55509865283966,2.2773585319519,2.10733199119568,84.2238616943359,71.3769454956055,71.2315979003906,83.3031692504883,0.464233487844467,0.0965316072106361,0.00208044238388538,0.00749712670221925,8.67362468852662e-05,0.0419304631650448,0.141592517495155,0.244331255555153,216544.71875,NA,NA
"LT027",0.681612253189087,9.36721801757812,19.8083972930908,10.7162818908691,19.1267852783203,2.52686762809753,1.79844558238983,2.52658224105835,2.58220958709717,84.6935501098633,72.5453796386719,71.7143707275391,83.2878723144531,0.386941820383072,0.0952936038374901,0.00197944114916027,0.00496141519397497,0.000201934060896747,2.06454464635186e-10,0.468253612518311,0.0409695841372013,105561.640625,NA,NA
"LT028",0.723642945289612,8.91790580749512,19.5028610229492,10.7177495956421,18.7792186737061,2.68751192092896,1.69397211074829,2.57672357559204,2.96141910552979,85.3979568481445,73.2987213134766,73.660041809082,84.4452209472656,0.35651022195816,0.0901956260204315,0.0040789213962853,0.00604305323213339,0.000409629778005183,0,0.53864198923111,0,101488.3984375,NA,NA
"LT029",-0.309275716543198,9.26591491699219,19.8892917633057,9.96338272094727,20.1985683441162,1.97914278507233,1.73133528232574,2.45007514953613,1.99870526790619,83.8028717041016,70.0767135620117,69.0044631958008,82.5815505981445,0.299302071332932,0.0764586851000786,0.0080628888681531,0.00355602102354169,0.000235112951486371,0.0863787159323692,0.198977306485176,0.301275342702866,115034.859375,NA,NA
"LU000",3.95923113822937,10.7247858047485,20.183967590332,12.4738912582397,16.2247352600098,3.37063694000244,2.29327130317688,2.09492754936218,2.46713638305664,86.6719360351562,74.3722991943359,68.5755157470703,84.188232421875,0.309929579496384,0.145829543471336,0.000126946077216417,0.0728139504790306,6.99394098191419e-10,0,0.471299976110458,0,528571,NA,NA
"LV003",1.25639808177948,8.30254745483398,19.1393394470215,11.0484809875488,17.8829402923584,2.50250291824341,1.53293550014496,2.52954816818237,2.90581560134888,84.2158203125,74.6980438232422,75.3099746704102,83.5985717773438,0.167577847838402,0.0836298912763596,0.0167453270405531,0.00365268508903682,8.96057681529783e-05,0.52465808391571,0.0412702411413193,0.0624178051948547,207147.921875,NA,NA
"LV005",-0.760378658771515,9.00713348388672,19.8687973022461,9.66698741912842,20.6291770935059,1.97744357585907,1.7135556936264,2.4926118850708,1.99157655239105,83.4557647705078,69.4343948364258,70.0744094848633,83.1986694335938,0.176286831498146,0.107292525470257,0.0098471287637949,0.00413024565204978,0.000164999029948376,0.499512016773224,0.0468946509063244,0.127491354942322,204423.65625,NA,NA
"LV006",0.880968451499939,9.07829093933105,19.8024158477783,10.7786817550659,18.9214477539062,1.98326969146729,1.63497972488403,2.3898434638977,2.34109139442444,83.3080520629883,71.9636001586914,70.6304321289062,82.2701263427734,0.111964963376522,0.0716490224003792,0.00727466959506273,0.0188522916287184,0,0.512930393218994,0,0.103900924324989,65794.328125,NA,NA
"LV007",0.490821748971939,8.70716857910156,19.5320072174072,10.4913759231567,19.0411853790283,2.25514531135559,1.68202900886536,2.50311732292175,2.47655296325684,84.1711273193359,72.4909210205078,72.0221862792969,83.4140930175781,0.135826840996742,0.0898949429392815,0.00855755992233753,0.00736895808950067,0.000652658171020448,0.424722969532013,0.187172904610634,0.0670472085475922,477334.125,NA,NA
"LV008",-0.504321038722992,8.55370616912842,19.4578075408936,9.68068981170654,19.9621295928955,2.22193694114685,1.75579142570496,2.54428243637085,2.25323677062988,84.4322814941406,70.7483596801758,71.4791946411133,84.0085983276367,0.124572418630123,0.0928536206483841,0.00632505398243666,0.0052009648643434,0.00089334393851459,0.417257964611053,0.260008156299591,0.0838895961642265,182899.125,NA,NA
"LV009",0.181120052933693,9.09750461578369,19.7424602508545,10.3346538543701,19.5613403320312,2.05724143981934,1.70305156707764,2.39755296707153,2.20569229125977,83.6476593017578,70.8435897827148,70.8879318237305,83.1187133789062,0.238927185535431,0.110243424773216,0.00852430146187544,0.00681616691872478,0.000794150808360428,0.27216300368309,0.245586156845093,0.109245538711548,406734.90625,NA,NA
"MC",8.71126556396484,13.4751844406128,23.0839557647705,16.8907775878906,14.3726902008057,3.39465093612671,3.00452184677124,1.45066225528717,4.18778228759766,71.8340835571289,73.8674011230469,76.6611938476562,77.2894134521484,0.00383889256045222,0.0285976808518171,0.0103379720821977,0.0491222366690636,1.57772181044202e-29,0,0.572482645511627,0,6470.22412109375,NA,NA
"MEG125350",-0.236966207623482,7.62836742401123,18.4560699462891,9.62855911254883,18.6930351257324,5.90657901763916,4.74583387374878,1.87755525112152,5.40687227249146,79.1097106933594,75.2070617675781,68.0705032348633,77.3950347900391,0.118757151067257,0.075775496661663,0.0583447627723217,0.00337487831711769,0,0,0.743747711181641,0,8837.99609375,NA,NA
"MEG125351",8.2874174118042,15.1966381072998,26.2421607971191,17.5099105834961,17.9547443389893,6.1841344833374,4.77243661880493,1.50015342235565,5.67797994613647,71.9521408081055,70.2635498046875,62.7762451171875,71.1983337402344,0.184968546032906,0.278435409069061,0.00263015180826187,0.0207862388342619,0,0.000741451280191541,0.227433264255524,0.0225911606103182,78915.3671875,NA,NA
"MEG125352",-0.0491041652858257,7.8812255859375,18.6741695404053,9.78604316711426,18.7232723236084,5.24303245544434,4.30452823638916,1.78972625732422,4.87132787704468,78.856086730957,74.4929733276367,67.5270309448242,77.1716232299805,0.121334217488766,0.11353949457407,0.06267499178648,0.00717450398951769,0,0,0.695276737213135,0,30195.572265625,NA,NA
"MEG125353",1.51361954212189,9.77018356323242,20.5538806915283,11.4865627288818,19.04026222229,3.73845148086548,3.40089988708496,1.9902731180191,3.64261984825134,78.8963241577148,73.6511611938477,68.9655227661133,77.4873352050781,0.202281609177589,0.137015610933304,0.0151378866285086,0.00424164300784469,1.30564542603618e-21,0,0.641323268413544,0,29193.044921875,NA,NA
"MEG125355",5.18013334274292,12.1754217147827,22.9114398956299,14.4316577911377,17.7313079833984,7.79219818115234,5.95602226257324,2.01763558387756,6.86842060089111,73.8885345458984,71.9174194335938,65.104606628418,73.6132888793945,0.163556486368179,0.191982328891754,0.062950000166893,0.0091906925663352,0,9.23243632655613e-08,0.225440174341202,0.0888345167040825,42838.94140625,NA,NA
"MEG125356",2.28526163101196,9.59182357788086,20.5273151397705,11.8443508148193,18.2420539855957,7.0862226486206,5.54554033279419,2.00004768371582,6.46193075180054,76.5728073120117,73.2760314941406,65.4276733398438,75.2205505371094,0.157194256782532,0.181408047676086,0.112265840172768,0.00346405548043549,0,1.77969283754464e-09,0.519732534885406,0.00171242060605437,12210.8037109375,NA,NA
"MEG125357",5.6140923500061,12.5066528320312,23.224739074707,14.8087797164917,17.6106452941895,7.45192241668701,5.72258853912354,2.01301789283752,6.5050163269043,73.5112609863281,71.9537353515625,65.1899795532227,73.6121597290039,0.147295251488686,0.192532852292061,0.0561288893222809,0.00613245461136103,0,0.00016513375157956,0.213458374142647,0.0693041756749153,5323.13623046875,NA,NA
"MEG125358",0.907883584499359,8.45812129974365,19.3523139953613,10.6161994934082,18.4444313049316,6.62973070144653,5.25034332275391,1.9780957698822,6.08251094818115,77.8695449829102,74.2267761230469,66.5319519042969,76.2783508300781,0.134007528424263,0.136570632457733,0.10308051109314,0.0016173553885892,0,0,0.624723970890045,0,12965.8837890625,NA,NA
"MEG125359",4.02191305160522,11.0435428619385,21.8022308349609,13.3158340454102,17.7803173065186,8.22483062744141,6.28034973144531,2.14898276329041,7.20083570480347,74.735481262207,72.3275909423828,65.4246368408203,74.3845977783203,0.188690274953842,0.185864090919495,0.0897515490651131,0.00712679279968143,0,6.45391580178512e-08,0.301734745502472,0.0620995871722698,7351.81005859375,NA,NA
"MEG125360",0.787278532981873,8.54700946807861,19.3795528411865,10.5613746643066,18.5922718048096,5.39651775360107,4.47475481033325,1.99460279941559,5.09390020370483,78.5205841064453,74.1901473999023,67.6343002319336,76.9179306030273,0.144202098250389,0.121576935052872,0.0619235821068287,0.00239568995311856,3.92182767010478e-21,0,0.669901728630066,0,5371.6103515625,NA,NA
"MEG125361",2.42294645309448,9.55180168151855,20.4285926818848,11.842700958252,18.0056476593018,7.96641206741333,6.17021703720093,2.20065879821777,7.05054807662964,76.221321105957,72.8704299926758,65.5002365112305,75.3275833129883,0.20720186829567,0.186547636985779,0.116766363382339,0.0048782373778522,0,0,0.480657249689102,0,48150.84765625,NA,NA
"MEG125362",0.00889044813811779,7.92806005477905,18.7220935821533,9.83732223510742,18.7132015228271,5.22470617294312,4.28812456130981,1.77442097663879,4.86524820327759,78.7164611816406,74.3318557739258,67.3154525756836,77.013298034668,0.122894898056984,0.116122201085091,0.0606669373810291,0.00752442749217153,0.00654809828847647,0,0.685967266559601,0,21718.029296875,NA,NA
"MEG125363",0.793038249015808,8.68152141571045,19.4213256835938,10.5618257522583,18.628288269043,3.70262789726257,3.45126914978027,2.07741618156433,3.80101180076599,79.1975860595703,73.7139511108398,68.6486206054688,77.4866485595703,0.142701879143715,0.106547556817532,0.0127691384404898,0.00252537755295634,0.00107376137748361,0,0.734382331371307,0,15759.6689453125,NA,NA
"MEG125364",0.905105352401733,8.29838848114014,19.0584297180176,10.4534244537354,18.1533222198486,5.20597743988037,4.62135362625122,2.2056987285614,5.0261435508728,78.6223831176758,73.1835708618164,66.125732421875,76.3721923828125,0.104843355715275,0.106733784079552,0.0734816193580627,0.00144452089443803,6.71452969648541e-23,0,0.71339213848114,0,6249.1884765625,NA,NA
"MEG125365",5.12217473983765,12.293327331543,23.31227684021,14.551703453064,18.1901016235352,6.34005355834961,4.95121288299561,1.68699479103088,5.82980155944824,74.5095672607422,71.8875961303711,64.1681518554688,73.3234786987305,0.17027473449707,0.22510589659214,0.0446936003863811,0.0133662596344948,0.00205131038092077,2.93203616941184e-09,0.415841400623322,0.00282120541669428,127696.796875,NA,NA
"MEG125366",0.578124403953552,8.72546291351318,19.4023532867432,10.3118486404419,18.8242301940918,3.02760314941406,2.83111071586609,1.49648571014404,3.08326888084412,78.0093154907227,72.1088256835938,65.7125015258789,76.4257278442383,0.129938453435898,0.239624932408333,0.0771326497197151,0.019860589876771,0,0,0.53344339132309,0,40402.375,NA,NA
"MEG125367",1.11979842185974,8.68222713470459,19.5306968688965,10.7911319732666,18.4109001159668,5.68813562393188,4.7067666053772,2.05745267868042,5.39484310150146,78.0968551635742,73.7810516357422,66.8822021484375,76.4532318115234,0.139444217085838,0.139894679188728,0.0804970040917397,0.00146029936149716,4.81810896385831e-21,0,0.63869708776474,0,5437.62939453125,NA,NA
"MEG125369",8.39910984039307,15.9512500762939,26.5123596191406,18.0432281494141,18.1132488250732,5.05056190490723,3.99210429191589,1.36606109142303,4.81183433532715,71.4095153808594,70.9582748413086,66.0422515869141,70.9876251220703,0.106311701238155,0.136391758918762,0.000357372598955408,0.00856471993029118,0,0.0200335923582315,0.0930545851588249,0.0482347384095192,14449.6435546875,NA,NA
"MEG125370",0.642032384872437,8.49314212799072,19.2399196624756,10.3987588882446,18.5978889465332,3.8003044128418,3.51159262657166,2.07434225082397,3.90932130813599,79.2579650878906,73.9469909667969,68.7299652099609,77.572021484375,0.144046679139137,0.106770388782024,0.0137073453515768,0.00254763592965901,1.32662790432728e-20,0,0.732927978038788,0,5231.671875,NA,NA
"MK001",3.28217172622681,12.8915042877197,23.6706104278564,14.1063814163208,20.3884410858154,1.5449994802475,1.92822897434235,1.0678778886795,1.51972377300262,76.0844879150391,63.8233261108398,50.024772644043,68.1980743408203,0.180084124207497,0.333722710609436,0.154713645577431,0.00745045952498913,0,0.128208145499229,0,0.195820927619934,215302.8125,NA,NA
"MK002",2.98300242424011,12.4938306808472,23.1031341552734,13.7969522476196,20.1201324462891,1.44631063938141,1.98683845996857,1.32178294658661,1.58876061439514,75.8294677734375,65.7847213745117,54.8684844970703,69.8073196411133,0.165376767516136,0.319134324789047,0.0855874046683311,0.00300823338329792,0,0.166755959391594,0,0.260137289762497,128576.0078125,NA,NA
"MK003",2.17357969284058,10.6892385482788,21.2977657318115,12.4134464263916,19.1241836547852,2.34301996231079,2.48586821556091,1.20861649513245,2.40452218055725,80.6265258789062,71.2274017333984,61.4077072143555,74.1649169921875,0.0996862053871155,0.189947158098221,0.069920115172863,0.0140406470745802,0.000325558503391221,0.0897641479969025,0.376370519399643,0.103100344538689,287843.59375,NA,NA
"MK004",3.70159935951233,13.1073474884033,23.9991493225098,14.4972066879272,20.2975482940674,1.78555727005005,2.03239607810974,1.07447338104248,1.67432963848114,76.3757247924805,66.270881652832,52.8639793395996,69.5155181884766,0.199936345219612,0.301058083772659,0.0521018952131271,0.00388207589276135,0,0.200660571455956,0,0.237508103251457,118481.421875,NA,NA
"MK005",2.80039310455322,11.8369398117065,22.5406265258789,13.3551454544067,19.740234375,1.85209691524506,2.0680136680603,0.998204052448273,1.83985793590546,79.0214462280273,67.9390106201172,55.1268501281738,71.1492080688477,0.213018774986267,0.210029870271683,0.150383830070496,0.00682070106267929,0,0.196563825011253,0.0208767801523209,0.185402870178223,215439.671875,NA,NA
"MK006",1.13293302059174,9.89957427978516,20.489917755127,11.390772819519,19.3569850921631,2.52483916282654,2.68303799629211,1.45763301849365,2.63025045394897,79.8463287353516,71.6601104736328,62.5768432617188,74.7528686523438,0.112849414348602,0.319655120372772,0.0416046231985092,0.0234946999698877,0,0.0522514283657074,0.357420116662979,0.091252788901329,331377.15625,NA,NA
"MK007",3.15697884559631,11.9325428009033,22.425350189209,13.2124872207642,19.2683696746826,1.60080170631409,2.03420186042786,1.33208298683167,1.72892844676971,75.2496032714844,65.617317199707,55.0907135009766,70.0735168457031,0.221478939056396,0.246258109807968,0.0522396862506866,0.00927234534174204,0,0.0994032025337219,0,0.37134775519371,127838.3125,NA,NA
"MK008",2.62529373168945,11.9300365447998,22.5736408233643,13.1302070617676,19.9483489990234,1.71677887439728,2.07281827926636,1.3012363910675,1.77645134925842,76.6644287109375,66.2217559814453,55.1481857299805,70.5665435791016,0.191795259714127,0.286848336458206,0.089919351041317,0.0257773138582706,0,0.133867457509041,0,0.271792262792587,258354.828125,NA,NA
"NL11",4.34645128250122,9.75425052642822,18.3810577392578,12.6413516998291,14.0346059799194,2.67515683174133,1.89600718021393,2.16085958480835,2.42675566673279,86.7106399536133,78.4412841796875,76.9368515014648,84.5988998413086,0.267512410879135,0.282231986522675,3.46543926887932e-09,0.0440927669405937,0,3.25173954429658e-09,0,0.283496767282486,506693.4375,NA,NA
"NL12",5.00515174865723,9.62245082855225,18.2342071533203,13.0370788574219,13.2290554046631,2.87386274337769,1.88553464412689,2.06699371337891,2.55108857154846,85.0608291625977,79.9918899536133,79.0023651123047,83.8646240234375,0.176481828093529,0.295529186725616,0.0024417145177722,0.0322332940995693,7.04879947586966e-29,3.30457355923741e-10,0.0857513546943665,0.104701921343803,593675.9375,NA,NA
"NL13",4.59701681137085,9.96836090087891,18.6079940795898,12.7313823699951,14.0109758377075,2.68409299850464,1.94032263755798,2.07739329338074,2.23269772529602,86.6406784057617,77.2405853271484,75.8262176513672,84.7047958374023,0.300419837236404,0.287679940462112,2.29929519868222e-09,0.0394188538193703,2.20243691020913e-28,1.7035967081469e-09,0.106351144611835,0.236855357885361,520853.59375,NA,NA
"NL21",4.95792722702026,10.2829933166504,18.8643741607666,12.9354829788208,13.9064474105835,2.6973876953125,1.9648175239563,2.07619404792786,2.14942216873169,86.1128463745117,76.3113174438477,74.5300979614258,84.3917007446289,0.27492618560791,0.284026771783829,4.01554078877098e-09,0.054972805082798,1.86070026198892e-28,9.63198965031609e-10,0.0898493751883507,0.284090638160706,959011.5,NA,NA
"NL22",5.08758211135864,10.4828691482544,19.2459411621094,13.0711832046509,14.1583576202393,2.83971834182739,1.99816870689392,2.04481387138367,2.23499584197998,85.7142715454102,75.7660140991211,73.5095901489258,83.9872436523438,0.253706604242325,0.191904366016388,1.8695449632844e-09,0.080832876265049,5.22158704865488e-33,2.21614684936533e-10,0.00293165724724531,0.465660721063614,2074477,NA,NA
"NL23",5.15588521957397,9.83975028991699,18.4787693023682,13.2079343795776,13.3228845596313,3.01451325416565,2.0120701789856,2.12400388717651,2.46138834953308,84.863410949707,79.1088943481445,78.6307907104492,84.2486343383789,0.225360304117203,0.194574594497681,2.49782616812411e-09,0.0744566023349762,0,1.42497624811e-10,0.0645655691623688,0.188100770115852,886099.4375,NA,NA
"NL31",5.11190843582153,10.1646938323975,18.8086528778076,13.1441526412964,13.6967439651489,2.96770572662354,1.9720253944397,2.02061223983765,2.47754502296448,85.3664398193359,78.0762100219727,77.201774597168,84.7685012817383,0.306023746728897,0.133560910820961,1.6677673686516e-09,0.186142340302467,0,2.53488527911239e-13,0.152039274573326,0.136992514133453,1392469.5,NA,NA
"NL32",5.43335199356079,9.76141166687012,18.3950119018555,13.6368446350098,12.9616594314575,3.19856262207031,2.00824379920959,2.08238053321838,2.83488583564758,83.9127044677734,80.3955764770508,79.6707458496094,83.215202331543,0.29500088095665,0.109458208084106,0.000344225816661492,0.10970501601696,0,4.52185110102338e-13,0.0467016287147999,0.0701806470751762,2038890.25,NA,NA
"NL33",5.52347803115845,10.3892211914062,19.1778202056885,13.5328750610352,13.6543426513672,2.81663417816162,1.84403896331787,2.02169489860535,2.55931282043457,85.0351028442383,77.8204193115234,75.0119705200195,83.3980712890625,0.195044800639153,0.131725817918777,1.23989263300928e-09,0.164976865053177,0,2.23273358135323e-10,0,0.334208101034164,2589338.25,NA,NA
"NL34",5.6842360496521,10.6153688430786,19.5589218139648,13.9731979370117,13.8746843338013,2.74159097671509,1.77139890193939,1.92217445373535,2.42557907104492,85.0155868530273,77.5678482055664,74.7966232299805,83.4083938598633,0.179466620087624,0.139275178313255,2.01630445673118e-09,0.0939295515418053,0,2.92383478539548e-10,0,0.333989083766937,745702.5625,NA,NA
"NL41",5.29627990722656,10.7397880554199,19.7162036895752,13.3735408782959,14.4199237823486,2.74601721763611,1.91916155815125,1.9502170085907,2.24523186683655,85.2225646972656,75.1803665161133,71.5605316162109,82.8691101074219,0.214279055595398,0.157433211803436,9.7097030415938e-10,0.12149765342474,0,9.24211471242664e-11,0,0.489458918571472,2899129,NA,NA
"NL42",5.06087589263916,11.0602493286133,20.1888599395752,13.5346546173096,15.1279830932617,2.82017540931702,2.04848551750183,2.07308793067932,2.13716197013855,84.6288986206055,73.5471343994141,69.5229263305664,81.8297500610352,0.198002204298973,0.135660246014595,6.14593376191408e-10,0.0977830365300179,0,8.40511757416174e-11,0,0.568554580211639,1057965.25,NA,NA
"NO011",-1.58890247344971,6.68746042251587,17.4673900604248,8.73796367645264,19.0562915802002,2.76085162162781,2.18234968185425,2.92479157447815,3.2022750377655,84.4704132080078,70.1723098754883,70.0458297729492,81.9095458984375,0.0304692797362804,0.056560467928648,0.00398245081305504,0.108511842787266,0.190241754055023,0,0.495810300111771,0,166380.859375,NA,NA
"NO012",-1.69397783279419,6.78971576690674,17.5351161956787,8.74680042266846,19.2290935516357,2.56039810180664,2.0066545009613,2.84792637825012,2.97894072532654,84.5401382446289,69.5981216430664,69.9899597167969,82.1293334960938,0.0686924755573273,0.0805301889777184,0.00448940461501479,0.0440666526556015,0.1612588763237,0,0.567694187164307,0,679775.375,NA,NA
"NO021",-5.38342571258545,3.48191666603088,14.5659074783325,5.67143201828003,19.949333190918,1.64092838764191,1.72309076786041,3.06049919128418,2.24297213554382,83.7334976196289,70.4010162353516,71.9150009155273,82.2209625244141,0.0348917655646801,0.0275308694690466,0.0205686334520578,0.00346653209999204,0.22292685508728,0,0.660898625850677,0,168744.78125,NA,NA
"NO022",-6.09597301483154,2.06301188468933,13.0683841705322,4.65830278396606,19.1643562316895,1.95817363262177,1.67862367630005,2.7998411655426,2.58117365837097,82.0596466064453,71.5881423950195,72.4472961425781,81.8602981567383,0.0258051808923483,0.0212494097650051,0.0130592118948698,0.00349970650859177,0.345067530870438,0,0.54865974187851,0,165935.734375,NA,NA
"NO031",0.11922574788332,7.67170667648315,18.1941871643066,9.67449188232422,18.0749607086182,3.05069708824158,2.01213479042053,2.61277890205383,3.17099809646606,84.1893920898438,70.372184753418,70.7109680175781,82.0989303588867,0.0246415100991726,0.0502144582569599,0.00696900859475136,0.029142614454031,0.0908164456486702,0,0.589788615703583,0,295988.75,NA,NA
"NO032",-3.5624988079071,4.56482410430908,15.4403953552246,7.07996320724487,19.002893447876,2.02250242233276,1.85312306880951,2.92265892028809,2.81649804115295,82.4583053588867,71.3633880615234,71.0099029541016,81.3039016723633,0.0211967062205076,0.0244273655116558,0.0096923690289259,0.00871114898473024,0.271944105625153,0,0.62861180305481,0,306394.34375,NA,NA
"NO033",0.324817657470703,7.7345871925354,18.1417274475098,9.9516773223877,17.8169097900391,3.77033519744873,2.63957691192627,2.9100923538208,4.01170349121094,82.2651519775391,70.4068832397461,70.7454223632812,80.6177749633789,0.0506460778415203,0.0614121332764626,0.000132771878270432,0.0509964339435101,0.147428601980209,0.00080963788786903,0.51328581571579,0.000156732145114802,295721.9375,NA,NA
"NO034",-3.44466376304626,3.90015935897827,14.5313005447388,6.47517442703247,17.9759635925293,3.23729705810547,2.2242476940155,2.80527377128601,3.6756956577301,83.0410919189453,72.5693969726562,71.6181869506836,82.6258773803711,0.0169675722718239,0.0344753600656986,0.0201368425041437,0.00383023684844375,0.266233026981354,0.000543650181498379,0.61664867401123,0.000105241451819893,127888.109375,NA,NA
"NO041",-1.02244853973389,5.67819881439209,15.7772703170776,8.42615222930908,16.7997188568115,5.33427238464355,2.96192145347595,3.07560729980469,5.29337167739868,84.1198959350586,73.7979202270508,72.5116882324219,83.8490982055664,0.0109793618321419,0.0150231765583158,0.018369697034359,0.00478650443255901,0.274146258831024,0.00835529528558254,0.569104671478271,0.0014729832764715,99022.546875,NA,NA
"NO042",0.511736333370209,6.41955375671387,15.9939203262329,9.4248571395874,15.4821825027466,8.39373588562012,4.10597944259644,3.60763454437256,7.53650140762329,85.7109756469727,75.7006454467773,75.6709976196289,85.5919189453125,0.0184324979782104,0.0046843052841723,0.00359358685091138,0.00598034588620067,0.250545620918274,0.000966760155279189,0.605617880821228,1.6340989532182e-05,149340.734375,NA,NA
"NO043",1.18666887283325,6.23235988616943,15.2685537338257,9.22260665893555,14.0818853378296,8.07433128356934,3.88957619667053,3.81103730201721,8.2576789855957,84.054817199707,76.9427108764648,79.1630020141602,85.1503524780273,0.0564707331359386,0.00968544278293848,0.00255950028076768,0.0117903929203749,0.231872886419296,0.0436843410134315,0.434261322021484,0.00319472444243729,381143.90625,NA,NA
"NO051",0.0624017678201199,5.37999296188354,14.9104862213135,8.4572639465332,14.8480834960938,8.06643962860107,4.63426351547241,4.2586555480957,8.66837882995605,83.2564163208008,76.7955093383789,77.1292495727539,83.9385681152344,0.0212534237653017,0.0280283614993095,0.0283299013972282,0.00793062802404165,0.307369560003281,0.00159701681695879,0.427666306495667,0.000364189123502001,380617.5625,NA,NA
"NO052",-0.837226450443268,4.59890270233154,14.2992296218872,7.67491817474365,15.1364555358887,7.49159526824951,4.3235330581665,3.80652022361755,7.8364953994751,82.207389831543,75.4997177124023,75.8483047485352,82.9216232299805,0.0226789508014917,0.025543300434947,0.0354627594351768,0.00297327945008874,0.353579342365265,0.00530654052272439,0.361656576395035,0.000231294092372991,119757.40625,NA,NA
"NO053",-2.15624332427979,3.71229767799377,13.3809337615967,6.36801910400391,15.5371780395508,6.3809757232666,3.81495332717896,3.50871729850769,6.4320068359375,78.6570205688477,74.3909378051758,78.6280059814453,81.3439865112305,0.0274147372692823,0.0193829592317343,0.028019780293107,0.00485928589478135,0.315571933984756,0.0200608912855387,0.383507013320923,0.00104136893060058,210132.6875,NA,NA
"NO061",-2.45157337188721,3.81168389320374,13.8628168106079,6.44242715835571,16.3143901824951,3.75892400741577,2.79062724113464,3.29248046875,3.84602093696594,80.3023834228516,73.5812683105469,77.1031341552734,81.4892730712891,0.0377363450825214,0.0230033621191978,0.0202840957790613,0.00589986145496368,0.238728702068329,0.00365103082731366,0.556934773921967,0.000151951244333759,259049.40625,NA,NA
"NO062",-2.19828391075134,3.6393039226532,14.0433654785156,6.55797290802002,16.2416496276855,4.86971855163574,3.36963152885437,3.17961359024048,4.89591789245605,82.4908676147461,75.7915191650391,77.2732391357422,84.28955078125,0.0233197771012783,0.0396973118185997,0.0374084264039993,0.00199768040329218,0.201420933008194,0.00350285856984556,0.591446697711945,8.54296522447839e-05,122772.953125,NA,NA
"NO071",-4.00316524505615,1.77642714977264,13.0207939147949,5.0193338394165,17.0239582061768,5.65447950363159,3.69569444656372,3.0674033164978,6.06303071975708,79.3266983032227,75.5661315917969,76.8195571899414,82.3097915649414,0.0073206340894103,0.0107682440429926,0.0245039947330952,0.0020418125204742,0.283476024866104,0.0223740264773369,0.435013741254807,0.000295285222819075,181091.203125,NA,NA
"NO072",-7.52097988128662,-0.554920136928558,12.3040657043457,2.77867364883423,19.825044631958,3.45110011100769,2.28721714019775,2.28892254829407,3.62304830551147,79.1817779541016,74.381965637207,76.552604675293,82.5021667480469,0.0092623746022582,0.000824126764200628,0.00167820521164685,0.00201737647876143,0.379827201366425,0.01094651222229,0.410595625638962,4.03572012146469e-05,180936.734375,NA,NA
"NO073",-9.70698165893555,-0.302877873182297,13.4351692199707,2.32863712310791,23.1421508789062,2.07203054428101,1.67844605445862,2.12518644332886,2.33380198478699,81.148796081543,75.6844177246094,76.2399368286133,83.9380187988281,0.00226287404075265,0.000338103476678953,0.0010207510786131,0.000532818026840687,0.542731761932373,0.0434883497655392,0.258607566356659,5.29383578395937e-05,61150.671875,NA,NA
"PL213",1.99032366275787,10.6912679672241,20.6305732727051,11.4729070663452,18.6402492523193,1.66066944599152,2.23946452140808,2.732426404953,1.68115293979645,81.8087387084961,71.7982406616211,68.5964508056641,79.9100494384766,0.270397931337357,0.0986869409680367,7.08001324234431e-10,0.0540574602782726,0,0,0.051955372095108,0.52490234375,100563.59375,NA,NA
"PL214",1.68140530586243,10.420407295227,20.307107925415,11.1341800689697,18.6257038116455,1.73446369171143,2.40456604957581,2.98013925552368,1.82389175891876,81.1266098022461,71.7571334838867,69.2889862060547,80.0311660766602,0.241289407014847,0.0933452993631363,6.9211292252902e-10,0.0428803898394108,0,0,0.111498922109604,0.510952889919281,979306.0625,NA,NA
"PL217",1.83710217475891,10.8744888305664,20.7367305755615,11.3632612228394,18.8996295928955,1.55366218090057,2.25983810424805,2.99067711830139,1.73834192752838,80.4712448120117,70.7582778930664,67.9752349853516,78.8435363769531,0.252596139907837,0.101168155670166,1.76272962892909e-09,0.0260426066815853,0,0,0,0.619785487651825,417491.9375,NA,NA
"PL218",1.06025815010071,10.0462455749512,19.7628974914551,10.5114755630493,18.70263671875,1.76413905620575,2.53387331962585,3.45210075378418,1.97314465045929,80.4536972045898,71.2400436401367,70.2851104736328,80.0572967529297,0.188118621706963,0.0809979662299156,0.000309328344883397,0.0232141092419624,0,0,0.15435665845871,0.552907049655914,532188.6875,NA,NA
"PL219",-0.172017142176628,8.29399967193604,18.1522541046143,9.23716831207275,18.3242721557617,3.10905647277832,3.60305190086365,4.23718357086182,3.01929044723511,81.7652435302734,73.4954681396484,72.5425567626953,82.3160400390625,0.152694836258888,0.075464092195034,4.99537018185947e-05,0.027366703376174,0,0.000996752292849123,0.661432921886444,0.0794234350323677,410710.6875,NA,NA
"PL21A",1.59811389446259,10.1532363891602,20.0363655090332,11.0522747039795,18.4382495880127,2.38487648963928,2.76181936264038,3.26597428321838,2.21250915527344,82.1279678344727,72.5299606323242,70.414176940918,80.7381362915039,0.188515082001686,0.0669397190213203,7.77539310714559e-10,0.0750458687543869,0,0.00742052402347326,0.119577072560787,0.54250168800354,766787.6875,NA,NA
"PL224",2.40670919418335,10.7423324584961,20.6264114379883,11.6272344589233,18.2197036743164,2.09423112869263,2.24871468544006,2.43980145454407,1.62186217308044,83.5245971679688,71.4583053588867,66.2343368530273,79.7877426147461,0.27241051197052,0.0861868932843208,8.50770232041498e-10,0.0184493847191334,0,0,0,0.622953295707703,430357.28125,NA,NA
"PL225",0.987401723861694,9.4890604019165,19.3582458496094,10.4463748931885,18.3708438873291,3.25171542167664,3.44605827331543,4.02796030044556,2.96811723709106,82.1026153564453,73.0167694091797,71.8367156982422,81.3390350341797,0.182787969708443,0.0599382556974888,9.309480083175e-05,0.04621821641922,0,0.0148266013711691,0.0589632391929626,0.63340562582016,633243.0625,NA,NA
"PL227",2.45946073532104,10.906421661377,20.8508472442627,11.8866682052612,18.3913860321045,1.98914527893066,2.35393381118774,2.80275416374207,1.89973592758179,81.6179428100586,71.1430435180664,67.2765884399414,78.8215942382812,0.322403818368912,0.0715311542153358,3.75872696167789e-05,0.0824004635214806,0,0.000560945831239223,0,0.521554052829742,518153.28125,NA,NA
"PL228",2.51744174957275,10.8387308120728,20.7056865692139,11.7533683776855,18.1882438659668,2.13996291160583,2.24466609954834,2.5215756893158,1.71070551872253,83.2436218261719,71.4405746459961,66.7668914794922,79.6244659423828,0.222762301564217,0.0645262971520424,1.541751865064e-10,0.0659639909863472,0,0,0,0.645991206169128,492173.25,NA,NA
"PL229",2.60926723480225,11.0148963928223,20.9165668487549,11.970067024231,18.3072986602783,2.00804471969604,2.23598194122314,2.64507269859314,1.78429019451141,82.1073532104492,71.2009353637695,67.3402404785156,78.9753646850586,0.242016211152077,0.0531452521681786,1.03206151957913e-10,0.150681108236313,0,3.15884015993084e-12,0,0.552202105522156,511659,NA,NA
"PL22A",2.49029016494751,10.9342775344849,20.7834873199463,11.8524389266968,18.2931976318359,2.1014358997345,2.30310416221619,2.76717233657837,1.82828533649445,82.4848098754883,71.6988983154297,68.5668563842773,79.5980072021484,0.163031116127968,0.0393378026783466,7.32826022087352e-11,0.170249551534653,0,0,0,0.62606680393219,270226.5625,NA,NA
"PL22B",2.29714369773865,10.7751941680908,20.6543807983398,11.6521263122559,18.3572387695312,2.02991986274719,2.30215096473694,2.69652509689331,1.73741054534912,82.8561477661133,71.8771438598633,68.2209091186523,79.9835510253906,0.201676279306412,0.0698331743478775,5.0150245067826e-10,0.080687090754509,0,0,0,0.647794246673584,713331.8125,NA,NA
"PL22C",2.11960816383362,10.5592222213745,20.4179801940918,11.5036907196045,18.2983741760254,2.42994785308838,2.61423969268799,3.1255829334259,2.14998579025269,82.2798614501953,71.883415222168,69.2338409423828,79.8370895385742,0.179859921336174,0.0469094403088093,5.32516351086088e-05,0.141762271523476,0,0.00135173450689763,0,0.626531481742859,563900.3125,NA,NA
"PL411",2.59898996353149,10.3325872421265,20.2324886322021,11.7954998016357,17.6334972381592,1.83452224731445,1.6984406709671,2.15699100494385,1.45118069648743,85.6601181030273,73.0731582641602,68.6418914794922,82.1374359130859,0.370998412370682,0.103740878403187,0.000452638749266043,0.0086377952247858,0,6.6926837336001e-12,0,0.511287868022919,401838.03125,NA,NA
"PL414",2.57436990737915,10.8085260391235,20.7260055541992,11.8891897201538,18.1516342163086,1.6028254032135,1.58903455734253,2.07403802871704,1.30605113506317,84.1824340820312,72.1864395141602,66.8783416748047,80.5464553833008,0.511406540870667,0.137900039553642,1.19506637918931e-09,0.0152101432904601,0,0,0,0.328392118215561,587676.6875,NA,NA
"PL415",2.75132083892822,11.0331649780273,20.980052947998,12.0306739807129,18.2287311553955,1.70015668869019,1.60706079006195,2.13372778892517,1.26586174964905,84.0340805053711,72.0174789428711,66.1919555664062,80.2612609863281,0.465265333652496,0.109919220209122,4.32356067614492e-10,0.0846082493662834,0,0,0,0.33650416135788,97904.0703125,NA,NA
"PL416",2.74514269828796,10.9518308639526,20.8477745056152,11.8623991012573,18.102632522583,1.75066959857941,1.79517197608948,2.18756747245789,1.41456985473633,83.1604080200195,71.092170715332,64.7523193359375,79.7420349121094,0.475765347480774,0.115262597799301,1.4015589799854e-09,0.0160288270562887,0,8.46526787470075e-13,0,0.390153139829636,578547.125,NA,NA
"PL417",2.98546624183655,11.1520586013794,21.0678539276123,12.1836795806885,18.0823879241943,1.76006436347961,1.67491352558136,2.15981674194336,1.33356142044067,83.5647583007812,71.3485107421875,64.9383697509766,79.9330596923828,0.417199283838272,0.109529703855515,3.72944450646173e-05,0.0207833163440228,0,1.49692376549826e-11,0,0.447926074266434,693095.6875,NA,NA
"PL418",2.76098895072937,10.906304359436,20.8338298797607,12.0285139083862,18.0728397369385,1.7409999370575,1.62143957614899,2.11110186576843,1.31894528865814,84.3589630126953,72.0633239746094,66.5208282470703,80.6422958374023,0.454563140869141,0.109806209802628,5.44482682016678e-05,0.0345660373568535,0,1.85886245632205e-12,0,0.397876590490341,873309.25,NA,NA
"PL424",3.18880033493042,10.6156425476074,20.4930267333984,12.2559328079224,17.3042259216309,1.91706526279449,1.66530191898346,1.96559143066406,1.51412355899811,85.2302093505859,73.9448699951172,69.2424087524414,81.8215484619141,0.332498788833618,0.107925742864609,1.28881394445557e-09,0.0433657355606556,0,4.38631977961457e-11,0,0.47621563076973,59746.84375,NA,NA
"PL426",2.59884214401245,9.71194171905518,19.4833431243896,11.8725681304932,16.8845024108887,2.50937294960022,1.90754342079163,2.55939388275146,2.30725979804993,85.8169708251953,75.7748641967773,74.736946105957,83.6262054443359,0.232714399695396,0.0760267823934555,0.000326673325616866,0.0118066528812051,0,4.81820052605775e-12,0,0.486388564109802,256251.046875,NA,NA
"PL427",2.74521017074585,10.0464792251587,19.9278583526611,11.8252191543579,17.1826477050781,2.21837472915649,1.8700190782547,2.32115292549133,1.7889575958252,86.2183685302734,73.9241333007812,70.2848815917969,82.7554092407227,0.269232392311096,0.085227482020855,0.00232952507212758,0.00868906918913126,0,5.76782458600045e-12,0,0.62204897403717,540148.1875,NA,NA
"PL428",3.12071752548218,10.4068632125854,20.31662940979,12.2131910324097,17.1959114074707,2.02914142608643,1.70425093173981,2.10539317131042,1.67136478424072,85.0457000732422,74.2313003540039,69.7527084350586,81.6520690917969,0.317365199327469,0.110745534300804,0.000205567397642881,0.0151341548189521,0,5.28295705792825e-11,0,0.47194629907608,601520.625,NA,NA
"PL431",3.068683385849,10.9783887863159,20.865795135498,12.3622417449951,17.7971134185791,1.9099395275116,1.70305383205414,1.99482142925262,1.43064820766449,84.234245300293,71.4938430786133,65.7031173706055,80.4015655517578,0.215116515755653,0.0854186490178108,0.00103969126939774,0.0103627564385533,0,4.76424889123139e-12,0,0.682440757751465,389288.8125,NA,NA
"PL432",3.1902015209198,11.2377738952637,21.1292591094971,12.4418449401855,17.9390563964844,1.87620627880096,1.75122392177582,2.36120820045471,1.45275235176086,82.6103134155273,70.3811569213867,63.5490608215332,79.2224349975586,0.219255402684212,0.0646489262580872,0.000302221364108846,0.0154242804273963,0,1.2303057878027e-12,0,0.696638703346252,677990.25,NA,NA
"PL514",2.92835021018982,11.2365093231201,21.2619113922119,12.1917304992676,18.3335609436035,1.66845297813416,1.81020021438599,2.32567572593689,1.39987301826477,81.7456893920898,70.8139419555664,64.6053848266602,79.035285949707,0.373901456594467,0.0901614651083946,8.59650184370508e-10,0.0416095517575741,0,0,0,0.494162321090698,74391.203125,NA,NA
"PL515",2.38367533683777,10.5082635879517,20.3899765014648,11.7125186920166,18.0063018798828,3.01099371910095,2.60264873504639,3.33455657958984,2.28829669952393,83.3168029785156,72.9989776611328,67.4408645629883,81.3000640869141,0.264475852251053,0.0850051641464233,0.000399051612475887,0.0210611298680305,0,0.00215445691719651,0,0.626410722732544,571122.75,NA,NA
"PL516",3.11590695381165,11.3059682846069,21.2138271331787,12.2887296676636,18.0979194641113,1.72116935253143,1.80892825126648,2.45762610435486,1.40576720237732,82.0933303833008,71.0560073852539,64.3244934082031,79.394287109375,0.379290491342545,0.0947129875421524,6.16772194916848e-06,0.0246281325817108,0,0,0,0.498975157737732,391483.40625,NA,NA
"PL517",1.38179337978363,9.49958610534668,19.5795345306396,10.7450332641602,18.1977424621582,2.28632736206055,2.39223599433899,3.08646059036255,1.87458777427673,83.5732345581055,73.8759689331055,69.0886611938477,82.0144729614258,0.343255192041397,0.110161140561104,0.00192358472850174,0.0233723875135183,0,0.000213261286262423,0.0358140841126442,0.48523285984993,492781.875,NA,NA
"PL518",2.7375431060791,11.0372114181519,21.0619564056396,12.0142259597778,18.3244152069092,1.65105438232422,1.8664231300354,2.40095400810242,1.42386829853058,81.6713027954102,71.0587844848633,65.0475540161133,79.1927337646484,0.412135094404221,0.0999774113297462,1.11458886564719e-09,0.0312009565532207,0,2.96171615878082e-12,0,0.455893039703369,1211092,NA,NA
"PL523",2.0844407081604,10.4489145278931,20.5293521881104,11.5460567474365,18.4449119567871,1.95751678943634,2.29965305328369,2.7850923538208,1.80035972595215,81.7330169677734,71.8805160522461,66.7014541625977,79.5128860473633,0.43979686498642,0.106802836060524,0.000426777929533273,0.0160758253186941,0,0.00904381833970547,0,0.426352351903915,357060.59375,NA,NA
"PL524",2.66536021232605,11.0438146591187,21.0173587799072,11.9988803863525,18.3519973754883,1.82788646221161,2.08846640586853,2.43851447105408,1.6016651391983,82.1174087524414,70.9588241577148,65.2961807250977,78.8837051391602,0.357359200716019,0.0834997147321701,7.58429985481257e-10,0.0195200014859438,0,2.17625461922111e-12,0,0.536504566669464,542849.5,NA,NA
"PL613",2.44912075996399,10.3457269668579,20.209774017334,11.6769123077393,17.7606525421143,1.54250252246857,1.51959180831909,2.15032815933228,1.33163177967072,85.3822860717773,73.5621337890625,69.5964202880859,82.1472320556641,0.456837922334671,0.122158549726009,8.70229666105615e-10,0.0349288284778595,0,0,0,0.377093613147736,482058.03125,NA,NA
"PL616",2.27624082565308,10.3842916488647,20.3067855834961,11.5953426361084,18.0305442810059,1.61863672733307,1.51319134235382,2.20517086982727,1.41351246833801,85.7821426391602,73.9693222045898,70.6122512817383,82.420036315918,0.478728860616684,0.132270395755768,3.70737798220944e-05,0.0234490875154734,0,0,0,0.356630116701126,496034.90625,NA,NA
"PL617",2.49262762069702,10.4586038589478,20.3231678009033,11.7380790710449,17.8305416107178,1.51505196094513,1.50494277477264,2.09307670593262,1.27923047542572,85.1137084960938,73.2254257202148,68.8197937011719,81.7569122314453,0.50611424446106,0.129632085561752,1.52665380337424e-09,0.0188258811831474,0,0,0,0.335213154554367,404239.03125,NA,NA
"PL618",2.37466406822205,9.89935398101807,19.8190670013428,11.5299053192139,17.4444026947021,1.81177818775177,1.66321313381195,2.21824049949646,1.53425204753876,86.3439178466797,74.3800659179688,70.7606201171875,82.9308624267578,0.334425956010818,0.100931689143181,0.000149900268297642,0.0183327905833721,0,1.18509531615157e-12,0,0.536684453487396,352981.875,NA,NA
"PL619",2.41843295097351,10.691032409668,20.5870018005371,11.7240648269653,18.1685695648193,1.57040572166443,1.55802023410797,2.14344811439514,1.3250824213028,84.5900802612305,72.8615417480469,68.6605529785156,81.5375061035156,0.461341828107834,0.12871353328228,1.60446300689898e-09,0.0160370469093323,0,0,0,0.376141101121902,333409.28125,NA,NA
"PL621",1.78039813041687,10.047176361084,20.0742492675781,11.3538703918457,18.2938499450684,2.06142139434814,1.6731766462326,2.42418050765991,1.98747479915619,85.9887466430664,74.5684585571289,72.4110336303711,83.145393371582,0.301869988441467,0.121615044772625,0.000433853536378592,0.011176647618413,0,0.00867161527276039,0,0.489106953144073,463362.53125,NA,NA
"PL622",1.18238484859467,9.66547870635986,19.9838466644287,10.9486646652222,18.8014621734619,2.1027843952179,1.75137579441071,2.33877444267273,1.91165912151337,85.5309524536133,73.5648727416992,71.0275497436523,83.0811157226562,0.266378074884415,0.130493879318237,0.000286994967609644,0.00972487218677998,1.60850431711879e-05,0.00700058648362756,0.335765838623047,0.22821107506752,568211.1875,NA,NA
"PL623",0.880639374256134,9.6774091720581,20.0464916229248,10.7332420349121,19.1658554077148,1.92211484909058,1.71635806560516,2.27097105979919,1.78425371646881,85.2938461303711,72.7026748657227,70.2943115234375,82.975959777832,0.266266226768494,0.131097346544266,0.00130612624343485,0.0080743869766593,1.74817887454992e-05,0.0159088633954525,0.0841754302382469,0.438796252012253,281962.875,NA,NA
"PL633",2.09942889213562,9.6905927658081,19.6477527618408,11.646427154541,17.5483245849609,2.18902325630188,1.5862500667572,2.41052651405334,2.22736263275146,85.0242385864258,76.4302291870117,75.1651840209961,83.3611221313477,0.28956151008606,0.0950358584523201,9.56951518027438e-10,0.0644293054938316,0,0,0,0.316659063100815,131275.46875,NA,NA
"PL634",2.12894940376282,9.34664249420166,19.3134098052979,11.549259185791,17.1844596862793,2.55480527877808,1.73419809341431,2.51219058036804,2.39106678962708,85.4733123779297,76.9548034667969,76.0464019775391,83.7637939453125,0.255393087863922,0.0848942548036575,0.000398977659642696,0.0295245610177517,0,1.63591539603658e-05,0,0.412170201539993,680411.25,NA,NA
"PL636",2.23159217834473,9.2141580581665,19.11985206604,11.5962209701538,16.8882579803467,2.98199152946472,2.0152485370636,2.61929535865784,2.56396222114563,86.3277359008789,76.6685562133789,76.1112899780273,84.1799850463867,0.23299503326416,0.0727863311767578,7.76341985329054e-05,0.00816896371543407,0,0,0,0.580928266048431,259643.8125,NA,NA
"PL637",2.18825459480286,9.3084306716919,19.2845764160156,11.3357038497925,17.096321105957,2.44470047950745,1.94527518749237,2.46254873275757,1.95248758792877,87.5582122802734,75.4740447998047,72.9995269775391,84.3099136352539,0.261815577745438,0.0841906294226646,0.000335013028234243,0.00522736925631762,0,2.87240852847939e-13,0,0.63436609506607,234848.921875,NA,NA
"PL638",2.23829388618469,9.94449234008789,19.8824157714844,11.5057334899902,17.6441211700439,1.80250537395477,1.57063376903534,2.28629636764526,1.77572059631348,85.7776565551758,75.1006011962891,72.3713836669922,82.7673263549805,0.337600946426392,0.112534239888191,0.000525958254002035,0.0202404856681824,0,1.05477616658273e-12,0,0.469024270772934,487873.28125,NA,NA
"PL711",2.49457716941833,10.7751092910767,20.7159385681152,11.5205478668213,18.221363067627,1.92125737667084,1.90764915943146,2.20000410079956,1.39918208122253,83.7638092041016,71.9976043701172,66.542610168457,80.6859359741211,0.385777860879898,0.0979994684457779,1.10025599742158e-09,0.0757603421807289,0,0,0,0.440462321043015,90544.9609375,NA,NA
"PL712",2.47294116020203,10.7712516784668,20.7200393676758,11.515305519104,18.2470970153809,1.92019808292389,1.90670800209045,2.19874668121338,1.39591884613037,83.7688751220703,72.0528717041016,66.6867294311523,80.7340316772461,0.392098039388657,0.101014614105225,1.00886421439128e-09,0.0679684206843376,0,0,0,0.43866366147995,626773.9375,NA,NA
"PL713",2.43455219268799,10.8517570495605,20.822322845459,11.5567178726196,18.3877696990967,1.97477078437805,2.05406951904297,2.27956318855286,1.48139536380768,83.389274597168,71.6950531005859,66.2083892822266,80.3273239135742,0.334703683853149,0.100098356604576,5.6846394258514e-10,0.0179288946092129,0,0,0,0.547269105911255,561570.0625,NA,NA
"PL714",2.72999429702759,11.0064678192139,20.9051494598389,11.8546800613403,18.1751537322998,1.89674258232117,1.89587378501892,2.19843983650208,1.46537899971008,83.3235626220703,71.2365646362305,65.0230331420898,79.7473068237305,0.411015301942825,0.111360877752304,1.49771495205897e-09,0.0221491232514381,0,0,0,0.455432683229446,660320.25,NA,NA
"PL715",2.36993026733398,10.8581323623657,20.8370418548584,11.598105430603,18.4671115875244,1.7348564863205,1.78797721862793,2.10269045829773,1.343874335289,83.4967880249023,72.2398147583008,67.5835876464844,80.8373260498047,0.424678385257721,0.134382948279381,0.000125324819236994,0.0149662811309099,0,0,0,0.421596735715866,341883.3125,NA,NA
"PL721",2.07446503639221,10.7735919952393,20.7918148040771,11.3247995376587,18.7173500061035,1.86000347137451,2.06275343894958,2.33300161361694,1.55689680576324,82.8086013793945,71.7309875488281,66.7359313964844,80.391845703125,0.26387631893158,0.090320535004139,1.14354137270567e-09,0.0266044642776251,0,0,0,0.618948042392731,600524.125,NA,NA
"PL722",2.15781188011169,10.9324636459351,20.9378414154053,11.5278835296631,18.780029296875,1.65866541862488,2.07250308990479,2.38282632827759,1.54715514183044,81.9968490600586,71.2151412963867,66.404914855957,79.5023880004883,0.294519931077957,0.106733351945877,1.52539525455353e-09,0.0210737846791744,0,0,0,0.576626062393188,714719.6875,NA,NA
"PL811",1.37369275093079,10.6865749359131,21.0323104858398,10.9851675033569,19.6586170196533,1.73605418205261,1.81240212917328,2.17726802825928,1.42994666099548,83.1194152832031,71.1375274658203,65.5392761230469,80.4054946899414,0.35185918211937,0.123126238584518,0.00228174170479178,0.00627243891358376,0,0.0384949557483196,0,0.475114911794662,272925.65625,NA,NA
"PL812",1.38456833362579,10.72425365448,20.9936065673828,11.1223201751709,19.6090393066406,1.61301803588867,1.98981499671936,2.38683533668518,1.5163482427597,82.1167068481445,71.4382781982422,67.1015167236328,79.5515365600586,0.381323218345642,0.111645959317684,0.000924185151234269,0.0104185761883855,0,0.0375035256147385,0,0.457116067409515,565507.5625,NA,NA
"PL814",1.58696854114532,10.6754512786865,20.90163230896,11.0675382614136,19.3146648406982,1.91621553897858,2.02193999290466,2.24822449684143,1.55501890182495,82.5423126220703,71.1577072143555,66.1945953369141,80.0883483886719,0.418850123882294,0.117307007312775,0.000174346365383826,0.0392769873142242,0,0,0,0.422774344682693,675252.625,NA,NA
"PL815",1.84589922428131,10.8015260696411,20.9489822387695,11.1944913864136,19.1030826568604,1.85943400859833,1.97743916511536,2.23076939582825,1.5416921377182,82.2557983398438,70.8505401611328,66.0380325317383,80.0537109375,0.356869459152222,0.115416675806046,3.11183066514786e-05,0.0139802033081651,0,0,0,0.510123789310455,476904.65625,NA,NA
"PL821",1.25775158405304,10.5686044692993,20.247091293335,10.8281917572021,18.9893398284912,2.13449263572693,2.6913595199585,3.31518459320068,2.20707988739014,83.2860565185547,73.0801773071289,71.8272171020508,80.8857803344727,0.149438410997391,0.060554888099432,0.000230120946071111,0.0131166968494654,0,0.155081063508987,0.00740348547697067,0.614148378372192,417352.09375,NA,NA
"PL822",1.90535151958466,11.1033210754395,20.9690780639648,11.4673442840576,19.0637245178223,1.95874619483948,2.42315888404846,2.68632221221924,1.82058167457581,81.6379318237305,71.5629959106445,68.6099853515625,78.8595352172852,0.255918860435486,0.0929171591997147,0.000205157877644524,0.012750462628901,0,0.0876366943120956,0,0.550571620464325,347895.53125,NA,NA
"PL823",2.04458236694336,11.1548357009888,21.0475101470947,11.5761289596558,19.0029258728027,1.93321418762207,2.33549356460571,2.71478700637817,1.8202908039093,81.2923431396484,70.9492568969727,67.3155517578125,78.6451873779297,0.202595129609108,0.0899277776479721,3.57568319486745e-06,0.0281975977122784,0,0,0,0.679275929927826,507675.28125,NA,NA
"PL824",2.04867100715637,11.0907173156738,21.0814952850342,11.5606079101562,19.0328254699707,1.76549696922302,2.17056059837341,2.53247356414795,1.64420342445374,81.0754470825195,70.6396255493164,66.2057723999023,78.5735015869141,0.254563540220261,0.0981746912002563,1.12826091935858e-06,0.0274973921477795,0,0,0,0.619035422801971,616999.75,NA,NA
"PL841",0.704715251922607,10.0832958221436,20.4824695587158,10.6159706115723,19.7777557373047,1.69918668270111,1.70665287971497,2.21445035934448,1.55794608592987,84.5608978271484,71.699089050293,67.5863265991211,81.7546997070312,0.257300168275833,0.118064261972904,0.00765067106112838,0.0222513377666473,0,0.0135598722845316,0,0.579568266868591,499841.375,NA,NA
"PL842",1.17989277839661,10.3758935928345,20.6828517913818,10.8846015930176,19.5029602050781,1.81273579597473,1.78949081897736,2.27707934379578,1.52363741397858,84.3380508422852,71.7663345336914,67.237434387207,81.561637878418,0.296872496604919,0.148336216807365,0.00437583634629846,0.00730159226804972,0,3.33214966036222e-12,0,0.542834103107452,400811.25,NA,NA
"PL843",0.76070898771286,9.85504531860352,20.2250308990479,10.6459445953369,19.4643230438232,1.81079983711243,1.70961773395538,2.23515892028809,1.66672456264496,84.9476470947266,72.2590789794922,69.2567291259766,82.551628112793,0.290536969900131,0.130828574299812,0.00555992173030972,0.00780316302552819,0,0.0195263922214508,0,0.532410740852356,276325.03125,NA,NA
"PL911",2.12061047554016,10.9549255371094,21.1230430603027,11.5025520324707,19.0024318695068,1.8075133562088,1.72148859500885,2.06760668754578,1.28797447681427,82.8604736328125,71.3735885620117,66.8248825073242,80.7595443725586,0.219870567321777,0.0788493379950523,7.72316821606722e-10,0.153608307242393,0,0,0,0.53917932510376,397485.59375,NA,NA
"PL912",1.89881265163422,10.786283493042,20.9753398895264,11.3390216827393,19.0765266418457,1.76482975482941,1.76362407207489,2.0781524181366,1.33449685573578,83.125,71.4886169433594,66.8662109375,80.96923828125,0.271007806062698,0.113502763211727,0.000770624144934118,0.0822244882583618,0,0,0,0.528569877147675,1387289,NA,NA
"PL913",2.17936134338379,10.9232969284058,21.0677871704102,11.5047044754028,18.8884258270264,1.75206482410431,1.71079444885254,2.05771327018738,1.28820896148682,82.9002304077148,71.6636734008789,67.2189331054688,80.869987487793,0.266059428453445,0.0891554281115532,0.00023547672026325,0.0961036309599876,0,0,0,0.53782993555069,1239615.375,NA,NA
"PL921",2.12429356575012,10.8162517547607,20.9359722137451,11.2734823226929,18.8116779327393,1.70217430591583,1.96411728858948,2.19298815727234,1.50739133358002,82.1051940917969,71.2479705810547,66.5981674194336,80.4484252929688,0.296688288450241,0.0957874953746796,0.000297819438856095,0.0202085971832275,0,0,0,0.582075893878937,644960.625,NA,NA
"PL922",1.93378281593323,10.5300970077515,20.634464263916,11.3807621002197,18.7006797790527,1.79307246208191,1.69045901298523,2.06800723075867,1.41380858421326,84.7983932495117,72.9334411621094,68.7986602783203,82.0713424682617,0.362211912870407,0.150267943739891,0.000154480308992788,0.00786460656672716,0,4.56021505279569e-13,0,0.477524071931839,342924.21875,NA,NA
"PL923",2.14326000213623,10.6606969833374,20.6282081604004,11.5518255233765,18.4849472045898,1.66159403324127,1.63900375366211,2.08150744438171,1.35100567340851,84.5036392211914,72.9017181396484,68.8922119140625,81.6799926757812,0.394255578517914,0.147703602910042,1.17690468481868e-09,0.0146261742338538,0,0,0,0.43289515376091,307226.5625,NA,NA
"PL924",1.52943229675293,10.3304872512817,20.5859375,11.0875120162964,19.0565071105957,1.89933693408966,1.819096326828,2.20230031013489,1.54333019256592,84.4147491455078,72.1260986328125,67.6668930053711,81.7995071411133,0.267781764268875,0.157016739249229,0.000242271111346781,0.0052685309201479,0,4.98244674684845e-12,0,0.569390058517456,344253.9375,NA,NA
"PL925",1.72080409526825,10.7756309509277,20.9674510955811,11.201283454895,19.2466487884521,1.72307908535004,1.79452216625214,2.1675500869751,1.44760131835938,83.4381103515625,71.5564880371094,66.7822723388672,81.1868667602539,0.333419889211655,0.145507171750069,0.00026160481502302,0.00946434307843447,0,0,0,0.508957505226135,436758.90625,NA,NA
"PL926",2.31334829330444,10.9117288589478,21.0074005126953,11.4382600784302,18.6940536499023,1.70109677314758,1.83698451519012,2.08375906944275,1.36829972267151,82.5476455688477,71.5587997436523,66.9079818725586,80.676643371582,0.346488803625107,0.114910148084164,0.00117297482211143,0.010413802228868,0,0,0,0.52101719379425,223931.34375,NA,NA
"PT111",9.79128074645996,13.27516746521,21.1647033691406,16.4593486785889,11.3734226226807,6.22585153579712,3.48331546783447,1.00123250484467,4.91124725341797,83.5422973632812,76.1516265869141,72.3768844604492,79.9966049194336,0.0681479498744011,0.0867581591010094,4.8145815112477e-10,0.0253454353660345,0.000158724142238498,0,0.657773435115814,0,250020,NA,NA
"PT112",9.43882179260254,13.0404243469238,21.0046920776367,16.218599319458,11.5658702850342,5.92245960235596,3.36550855636597,0.92627602815628,4.67521238327026,83.4336471557617,75.3749694824219,71.0127410888672,79.2729263305664,0.0738165155053139,0.0688552111387253,3.51837142753553e-10,0.0457181185483932,0.000105695289676078,0,0.66781747341156,0,219531.9375,NA,NA
"PT119",8.76236534118652,12.6964883804321,21.2805938720703,15.8674211502075,12.5182294845581,5.40544128417969,3.08287811279297,0.799376666545868,4.03336763381958,83.5733642578125,73.6532821655273,67.3281326293945,77.5228958129883,0.100499376654625,0.0922068133950233,0.00020328581740614,0.037887055426836,8.22643851279281e-05,0,0.737593114376068,0,303999.875,NA,NA
"PT11A",11.3989677429199,15.0131216049194,22.511661529541,18.1599426269531,11.1126947402954,5.20489645004272,2.94223070144653,0.721594631671906,3.87866711616516,82.5385131835938,74.1421356201172,69.7871246337891,78.02880859375,0.0900609195232391,0.0492758303880692,7.77468533996739e-10,0.0969495475292206,1.92614691557624e-11,0,0.568390250205994,0,689271.6875,NA,NA
"PT11B",7.2797064781189,11.9519033432007,21.9045867919922,14.9390716552734,14.6248807907104,4.66799879074097,2.707035779953,0.800325274467468,3.38925671577454,83.0269317626953,70.3954772949219,59.7119522094727,74.039421081543,0.090448185801506,0.143849104642868,0.00105003034695983,0.00584154110401869,0.000210415673791431,0.00855770707130432,0.744833588600159,0.00143134943209589,85672.0390625,NA,NA
"PT11C",9.59336280822754,13.5212202072144,21.9440517425537,16.6994533538818,12.3506898880005,5.06157732009888,2.85447335243225,0.714890778064728,3.63261723518372,83.1882095336914,73.0398025512695,66.8064193725586,76.9395141601562,0.139825791120529,0.105510741472244,1.85486881409958e-09,0.0333203673362732,2.68805568082175e-11,0,0.721343100070953,0,502626.96875,NA,NA
"PT11D",8.24050712585449,13.0227518081665,23.119987487793,16.0144023895264,14.8794813156128,3.34408283233643,1.78557670116425,0.528697490692139,2.28857707977295,82.24755859375,67.9486465454102,55.5100021362305,71.771598815918,0.118850268423557,0.166224420070648,0.00318297278136015,0.00721833109855652,1.59482453909732e-07,0.304938822984695,0.334225326776505,0.0653597116470337,161181.078125,NA,NA
"PT11E",7.64780187606812,13.0804414749146,23.7791614532471,15.8853120803833,16.1313591003418,3.12974143028259,1.70085895061493,0.572749257087708,2.16866636276245,81.3630065917969,65.9414367675781,50.9679107666016,69.8263473510742,0.139126494526863,0.198218882083893,0.0150236440822482,0.00318103050813079,0.000143891113111749,0.212733313441277,0.347128033638,0.0835241824388504,93075.8203125,NA,NA
"PT150",13.074954032898,16.7947216033936,24.5426692962646,19.8360996246338,11.4677143096924,2.87986850738525,1.67563903331757,0.145994856953621,2.06576538085938,79.4998245239258,68.8798599243164,57.9910163879395,71.6976928710938,0.0988273993134499,0.106529302895069,0.0143908187747002,0.0102193029597402,0,0.454592257738113,0,0.105055347084999,304709.96875,NA,NA
"PT16B",13.1344909667969,16.5791473388672,23.7288722991943,19.6661338806152,10.5943822860718,2.88150715827942,1.60639691352844,0.213231861591339,2.18948936462402,80.5268173217773,73.2239303588867,71.4977111816406,77.4870986938477,0.156125769019127,0.147849529981613,1.87925593309046e-06,0.0150136826559901,7.32014449056351e-12,0.0770639851689339,0.245502158999443,0.0409233383834362,311086.25,NA,NA
"PT16D",12.1014461517334,15.6681709289551,23.172082901001,18.8618507385254,11.0706357955933,4.94066429138184,2.76956462860107,0.602840065956116,3.67917275428772,81.6562805175781,73.8212509155273,70.0238876342773,77.8065719604492,0.0745271295309067,0.0441655851900578,3.9915748484276e-10,0.0433396548032761,2.07379929201279e-11,0,0.594486653804779,0,190472.859375,NA,NA
"PT16E",11.6927862167358,15.4236736297607,23.7461395263672,18.7104396820068,12.0533533096313,4.03485107421875,2.21876168251038,0.416707754135132,2.93587303161621,81.3325576782227,72.3856887817383,66.0057907104492,75.6640243530273,0.080959789454937,0.0681177005171776,0.00038989566382952,0.0231174621731043,1.78643246029342e-11,0.176626458764076,0.541683793067932,0.011948749423027,340161.375,NA,NA
"PT16F",12.2439002990723,15.9357719421387,23.6133136749268,19.0223407745361,11.3694133758545,3.39350843429565,1.92777061462402,0.342256873846054,2.57938146591187,80.9120178222656,72.3308258056641,69.0843048095703,76.6476440429688,0.0992370247840881,0.109487250447273,1.85407316166675e-07,0.0342929661273956,1.383392315632e-12,0.554960548877716,0.0414393395185471,0.121780544519424,229985.625,NA,NA
"PT16G",10.4081907272339,14.5603485107422,23.5039043426514,17.6854019165039,13.0957136154175,4.63227558135986,2.61673927307129,0.589930415153503,3.25046396255493,82.7195663452148,71.4918212890625,62.0276985168457,74.4768829345703,0.0793986916542053,0.0821706205606461,4.66538840555586e-05,0.0208108518272638,2.16071310149557e-11,0.0259359125047922,0.788386762142181,0.003250538604334,252003.5,NA,NA
"PT16H",10.7548913955688,15.5383110046387,25.4877967834473,18.5206546783447,14.7329044342041,3.14113998413086,1.77783894538879,0.293527603149414,2.34925746917725,78.9602279663086,64.1364059448242,48.9045028686523,67.2975311279297,0.106762245297432,0.204415693879128,0.0376684814691544,0.00493267178535461,0,0.53849470615387,0,0.107592329382896,77813.3515625,NA,NA
"PT16I",11.9705305099487,15.9232206344604,24.096040725708,19.0338096618652,12.1255121231079,3.26477265357971,1.87425088882446,0.321176141500473,2.5100154876709,80.6380310058594,69.6175231933594,62.5110206604004,73.6090927124023,0.0953632816672325,0.118220470845699,0.00714311329647899,0.0154201546683908,0,0.616378128528595,0,0.141062170267105,173478.078125,NA,NA
"PT16J",9.21183490753174,13.9512300491333,24.3666858673096,17.0969390869141,15.1548500061035,3.46325302124023,2.02591037750244,0.399615734815598,2.55506706237793,81.0596618652344,66.8999176025391,51.1235084533691,69.4594955444336,0.10951092094183,0.204465836286545,0.0154013223946095,0.00803586840629578,7.23937728340507e-13,0.509985983371735,0.0270947236567736,0.125391200184822,166619.390625,NA,NA
"PT170",13.8827362060547,17.3719749450684,24.4390277862549,20.4582939147949,10.5562915802002,2.8121554851532,1.51199495792389,0.154131889343262,2.06508994102478,80.1944808959961,71.6208877563477,67.6084747314453,75.612907409668,0.130410850048065,0.12695249915123,0.000106854095065501,0.129071146249771,2.22672236010156e-13,0.223782032728195,0.00746795535087585,0.141039177775383,1915846.75,NA,NA
"PT181",13.3601846694946,17.0866241455078,24.7111015319824,20.2559547424316,11.3509168624878,2.66749906539917,1.56645035743713,0.118180245161057,2.05103063583374,79.9677734375,71.0333938598633,64.7628021240234,74.1590118408203,0.1396594196558,0.141148090362549,0.0341186039149761,0.00239684106782079,0,0.277921676635742,0,0.160887181758881,91808.0234375,NA,NA
"PT184",12.7663526535034,17.1436405181885,25.8147678375244,20.1977863311768,13.0484161376953,2.4023973941803,1.58728110790253,0.137391120195389,1.84002947807312,78.8371276855469,65.9150009155273,53.5305404663086,68.6857604980469,0.254101902246475,0.254552096128464,0.0452522970736027,0.00375697971321642,0,0.213490888476372,0,0.2171800583601,122697.09375,NA,NA
"PT185",13.0875186920166,16.8812980651855,24.6580142974854,20.0446262359619,11.5704946517944,2.77862429618835,1.53781235218048,0.198965549468994,2.13186478614807,80.3960113525391,68.8754577636719,61.6367111206055,73.1635513305664,0.20004902780056,0.208386197686195,0.0122313043102622,0.0181430839002132,0,0.302358567714691,0,0.253054231405258,340012.46875,NA,NA
"PT186",12.0151500701904,16.7095241546631,26.2611694335938,19.7426872253418,14.2460203170776,2.81446743011475,1.61528074741364,0.213929742574692,2.10016274452209,78.5136947631836,63.8020210266113,49.9707450866699,67.1908950805664,0.217957213521004,0.299754917621613,0.0291902907192707,0.00493565620854497,0,0.271349102258682,0,0.176812797784805,108141.9453125,NA,NA
"PT187",12.6501045227051,17.1054210662842,26.2284336090088,20.2721691131592,13.5783262252808,2.56655669212341,1.57209706306458,0.139181151986122,1.94346559047699,78.3332748413086,64.5015716552734,51.6168556213379,67.6581726074219,0.26148334145546,0.302658468484879,0.0293489713221788,0.00675339763984084,0,0.177821964025497,0,0.221193000674248,170449.375,NA,NA
"RO111",2.91646599769592,12.8586330413818,22.638542175293,12.8450403213501,19.7220783233643,2.34040784835815,2.55892515182495,2.81985330581665,2.02267789840698,81.2454071044922,68.7603073120117,64.7523651123047,75.7936630249023,0.277114301919937,0.223672568798065,0.0210685897618532,0.00423156144097447,0,0.215571790933609,0.0132764698937535,0.245064690709114,371245.6875,NA,NA
"RO112",-0.621905624866486,10.2155237197876,19.8708648681641,10.1507797241211,20.4927711486816,2.00904941558838,2.54404735565186,2.90848302841187,2.10999178886414,82.9183807373047,71.7646560668945,70.6807403564453,79.9471893310547,0.236174583435059,0.0796912685036659,0.00799056608229876,0.00537667982280254,0.000138083269121125,0.00630818866193295,0.632133603096008,0.0321870259940624,275550.46875,NA,NA
"RO113",1.29048264026642,11.4731273651123,20.9885101318359,11.4268589019775,19.6980285644531,2.23177075386047,2.6019275188446,2.9489209651947,1.90545892715454,82.1761932373047,70.8593673706055,69.2476654052734,78.5725708007812,0.200719058513641,0.269410640001297,0.0349272564053535,0.00938848871737719,0,0.195939093828201,0.0953638330101967,0.194251671433449,646007.5625,NA,NA
"RO114",-0.601805031299591,9.78911209106445,19.4584922790527,9.82364845275879,20.0602970123291,2.41350293159485,2.78347826004028,3.22356629371643,2.410893201828,83.2561645507812,72.6759414672852,71.9474563598633,80.3910140991211,0.0818756222724915,0.183501645922661,0.024207467213273,0.00990753062069416,0.000746541656553745,0.0132797285914421,0.67469310760498,0.0117883048951626,442842.625,NA,NA
"RO115",2.57660889625549,13.1010503768921,22.7084197998047,12.7929553985596,20.1318111419678,1.95786345005035,2.18293642997742,2.5471043586731,1.75244426727295,80.7335433959961,67.1096649169922,64.0728073120117,74.9296264648438,0.264730393886566,0.25172632932663,0.00229326193220913,0.00880159065127373,6.96832139510661e-05,0.0516520701348782,0.191387042403221,0.229339569807053,338366.8125,NA,NA
"RO116",1.95081698894501,12.246376991272,21.7988433837891,12.0620269775391,19.8480262756348,1.79571747779846,2.21665072441101,2.6811637878418,1.66481244564056,81.4586791992188,69.2809448242188,66.9682083129883,77.0947647094727,0.186775252223015,0.308945089578629,0.00877921003848314,0.00606564618647099,0,0.210207179188728,0.0504148341715336,0.228812798857689,192885.171875,NA,NA
"RO121",1.0610945224762,10.6936569213867,20.3728771209717,10.9941167831421,19.3117828369141,1.8055704832077,2.3421266078949,2.65815258026123,1.59483432769775,80.5579528808594,71.7014923095703,69.897705078125,78.2045669555664,0.135242402553558,0.228230953216553,0.0500516481697559,0.0044389171525836,1.10829463016996e-30,0.117597855627537,0.307324796915054,0.157113417983055,282640.40625,NA,NA
"RO122",0.422693133354187,10.5866012573242,20.3764324188232,10.7596282958984,19.9537391662598,1.82491528987885,2.46817445755005,2.86768364906311,1.81877303123474,81.7518005371094,73.2457504272461,71.0039367675781,80.0708236694336,0.155049458146095,0.105876699090004,0.0252376385033131,0.00817820522934198,0,0.356866538524628,0.0682615041732788,0.280529975891113,415230.375,NA,NA
"RO123",-0.344668477773666,10.0452795028687,20.0245418548584,10.2281894683838,20.3692092895508,1.65638828277588,2.34837555885315,2.74455857276917,1.7156594991684,82.3766403198242,73.7520446777344,72.434326171875,81.3906478881836,0.146624654531479,0.103915512561798,0.0289992317557335,0.0105879316106439,0,0.33464851975441,0.267129510641098,0.108094625174999,279299.09375,NA,NA
"RO124",-1.76027131080627,9.04219913482666,18.8821353912354,9.14857769012451,20.6424045562744,1.63115358352661,2.34962725639343,2.70625591278076,1.67596328258514,83.0415573120117,72.8495559692383,71.2909698486328,80.1968307495117,0.15642523765564,0.0914556533098221,0.0239131543785334,0.00378829892724752,0,0.0328932218253613,0.679670691490173,0.0118236588314176,250296.0625,NA,NA
"RO125",0.308410257101059,11.3244142532349,20.9161891937256,11.110255241394,20.6077785491943,1.61180901527405,2.29752779006958,2.55852270126343,1.72977578639984,81.9642028808594,69.8674087524414,68.2392425537109,77.878791809082,0.340155392885208,0.0999806821346283,0.00548744248226285,0.00737957935780287,0,0.0746755227446556,0.328072488307953,0.144248872995377,462098,NA,NA
"RO126",0.917915403842926,10.9505882263184,20.6954135894775,11.1145296096802,19.7774982452393,1.70860230922699,2.40946316719055,2.84823656082153,1.80132210254669,80.9521026611328,71.7246246337891,69.4000625610352,78.6368942260742,0.190235793590546,0.113442353904247,0.0256998781114817,0.00686033954843879,0,0.323525696992874,5.67093375138938e-05,0.340179175138474,353467.53125,NA,NA
"RO211",0.74987268447876,11.458812713623,21.9242782592773,11.5508584976196,21.1744060516357,1.360386967659,2.14091634750366,2.48443031311035,1.60584366321564,80.6967391967773,70.0567016601562,67.3813629150391,79.012809753418,0.239778250455856,0.211088463664055,0.0163308158516884,0.00922645628452301,0,0.273565679788589,0.102395832538605,0.147179424762726,477728.09375,NA,NA
"RO212",1.82829189300537,12.549373626709,23.5452995300293,12.7214078903198,21.7170066833496,1.42134952545166,1.9301393032074,2.43116044998169,1.52936005592346,80.277473449707,66.9786071777344,63.5588455200195,76.7714691162109,0.488308399915695,0.17338690161705,0.00220561865717173,0.00805293023586273,0,0.102248325943947,0,0.225255995988846,389968.96875,NA,NA
"RO213",1.87563526630402,12.8279657363892,23.6192646026611,12.8314294815063,21.7436294555664,1.56338143348694,2.09901595115662,2.26676201820374,1.72589361667633,80.3380584716797,66.5504913330078,62.5028419494629,76.4345626831055,0.422670841217041,0.209853067994118,0.000836645718663931,0.00951936934143305,0,0.119910337030888,0,0.237097412347794,515028,NA,NA
"RO214",-0.3509561419487,10.3780937194824,20.6903438568115,10.4905843734741,21.0412998199463,1.50475645065308,2.34136891365051,2.82921862602234,1.61598968505859,81.0628280639648,70.8910293579102,68.7754440307617,79.6817398071289,0.201463684439659,0.177567094564438,0.0106381447985768,0.0107269240543246,0,0.370847314596176,0.0709124207496643,0.155380427837372,435492.15625,NA,NA
"RO215",-1.22994291782379,9.38991928100586,19.6044387817383,9.65999221801758,20.8343811035156,1.54454386234283,2.49365639686584,3.20090818405151,1.73146879673004,81.2277526855469,72.5985488891602,70.8174209594727,80.0668869018555,0.168224602937698,0.094461590051651,0.00817231554538012,0.00736624607816339,3.75235708816035e-06,0.415156364440918,0.142904043197632,0.163037344813347,475804.40625,NA,NA
"RO216",2.07178568840027,12.9090728759766,23.8635005950928,13.0426225662231,21.7917137145996,1.5746762752533,1.8874773979187,1.90811371803284,1.69079780578613,80.2816696166992,66.6976699829102,61.3086051940918,75.7662963867188,0.478016763925552,0.201715528964996,0.000249110424192622,0.0053986725397408,0,0.0976899787783623,0,0.216826811432838,294625.3125,NA,NA
"RO221",3.64832234382629,14.1236209869385,25.3441162109375,14.6170749664307,21.6957950592041,1.55054712295532,1.50687003135681,1.56778693199158,1.45631718635559,79.2214202880859,67.5160293579102,60.4903984069824,74.8675765991211,0.635136246681213,0.172438725829124,0.0228264126926661,0.00952018611133099,0,0.0199421141296625,0,0.122190624475479,378194.75,NA,NA
"RO222",2.25956153869629,12.727650642395,23.3968830108643,12.9575090408325,21.137321472168,1.64733946323395,1.90032923221588,2.23206663131714,1.67837059497833,78.5190582275391,68.6390075683594,63.7769012451172,76.5011367797852,0.453054130077362,0.175354719161987,0.00965506955981255,0.00971089117228985,0,0.150569215416908,0.089532196521759,0.110609725117683,420775.3125,NA,NA
"RO223",4.2223424911499,13.420090675354,24.9884052276611,15.1435089111328,20.7660636901855,1.56821608543396,1.41957569122314,1.35972857475281,1.60621309280396,80.3588104248047,71.858154296875,66.4554824829102,76.4987411499023,0.54831063747406,0.142439693212509,0.0165403485298157,0.00534821348264813,0,0.0204970724880695,0,0.144205749034882,339447.8125,NA,NA
"RO224",2.65485906600952,13.493800163269,24.6492080688477,13.795184135437,21.994348526001,1.59706449508667,1.72186863422394,1.77767705917358,1.66671979427338,79.1749420166016,66.8940353393555,60.4603118896484,74.7820816040039,0.613756358623505,0.173229768872261,0.0189100727438927,0.00571146048605442,0,0.0365757346153259,0,0.146515592932701,290090.65625,NA,NA
"RO225",3.4798583984375,13.1837215423584,24.8888874053955,14.5274477005005,21.409029006958,1.46965599060059,1.18903660774231,1.21297609806061,1.41845095157623,80.5767974853516,71.6281127929688,65.624267578125,76.5257339477539,0.348253011703491,0.129961207509041,0.140996918082237,0.00695999898016453,0,0.0636307299137115,0,0.0880852416157722,303196.4375,NA,NA
"RO226",1.28218758106232,11.7870531082153,22.4466228485107,12.0260457992554,21.1644344329834,1.72288691997528,2.17284035682678,2.40865468978882,1.82014858722687,78.3582916259766,68.8622894287109,64.8568954467773,76.8715057373047,0.334445387125015,0.167702108621597,0.00453927461057901,0.0085086626932025,0,0.345589220523834,0.00280616572126746,0.135769426822662,302450.15625,NA,NA
"RO311",1.63145399093628,11.5657978057861,21.9597034454346,12.0604496002197,20.3282489776611,1.90173888206482,2.39876437187195,2.58877730369568,1.8007687330246,81.3130874633789,72.2915191650391,68.6565856933594,79.2336044311523,0.188357278704643,0.0687034800648689,0.0167274158447981,0.00902528036385775,0,0.126430332660675,0.499351292848587,0.0914049074053764,547277.3125,NA,NA
"RO312",4.2249321937561,14.4715576171875,25.5842018127441,14.9124717712402,21.3592681884766,1.85243940353394,1.71245169639587,1.70680475234985,1.73149943351746,80.6377792358398,68.5127258300781,62.2094879150391,75.81201171875,0.620249390602112,0.146102800965309,0.0245383735746145,0.014081303961575,0,0.0247135572135448,0,0.149411588907242,752836.1875,NA,NA
"RO313",2.34344959259033,12.5132427215576,23.1585483551025,12.93639087677,20.8150978088379,1.96291255950928,2.29513335227966,2.42414927482605,1.77019023895264,81.3493957519531,71.7548599243164,67.4276962280273,78.6828002929688,0.265173554420471,0.0628310665488243,0.00723220501095057,0.0105490675196052,0,0.183436557650566,0.40001791715622,0.0707596391439438,449396.28125,NA,NA
"RO314",3.68601703643799,14.3254442214966,25.640567779541,14.8315229415894,21.954553604126,2.18487620353699,1.92591798305511,1.69805753231049,1.65916407108307,82.0629272460938,68.714241027832,61.5643005371094,75.2030639648438,0.493876487016678,0.111183479428291,0.0122673017904162,0.0248337499797344,0,0.0215186029672623,0.0193050932139158,0.315637141466141,1046635.9375,NA,NA
"RO315",3.95118951797485,14.2923164367676,25.3892230987549,14.7305335998535,21.4380340576172,1.60809862613678,1.53747284412384,1.64567053318024,1.54910314083099,80.0613861083984,68.0686645507812,61.4217758178711,75.5534515380859,0.658845365047455,0.155359447002411,0.0245254170149565,0.00462013203650713,0,0.00973498355597258,0,0.13999255001545,232250.265625,NA,NA
"RO316",1.87458455562592,11.7831468582153,22.2247047424316,12.1916999816895,20.350118637085,1.98941004276276,2.20499753952026,2.61169266700745,1.84027206897736,80.1268920898438,71.4525833129883,67.8785629272461,78.7000122070312,0.254413217306137,0.102258272469044,0.0171596705913544,0.0111257517710328,0,0.232938215136528,0.220035582780838,0.162069365382195,535616.625,NA,NA
"RO317",3.47226452827454,14.3939990997314,25.7393779754639,14.9863500595093,22.2671127319336,1.83326578140259,1.80962991714478,1.57781577110291,1.42884361743927,81.8894577026367,67.9005661010742,59.7375793457031,73.9175186157227,0.524548709392548,0.127837657928467,0.0101080220192671,0.0065905824303627,0,0.0163369309157133,0.000128623243654147,0.312865316867828,328804.53125,NA,NA
"RO321",3.95008635520935,14.4884967803955,25.6416778564453,14.7735471725464,21.6915912628174,2.41167092323303,1.93284094333649,1.78341400623322,1.79625475406647,81.7379684448242,68.5550537109375,62.3116226196289,76.1761627197266,0.537839412689209,0.102148823440075,0.0285864844918251,0.0679577887058258,0,0.0209280792623758,0.00120597949717194,0.24104705452919,188936.46875,NA,NA
"RO322",3.71084475517273,14.3548574447632,25.3500995635986,14.5680103302002,21.6392555236816,2.15143346786499,1.91139602661133,1.90524899959564,1.71325838565826,81.5100784301758,68.7686767578125,62.842643737793,76.5870513916016,0.534762322902679,0.0980823785066605,0.0104712434113026,0.0347807817161083,0,0.0253582149744034,0.0355358086526394,0.260904341936111,612445.3125,NA,NA
"RO411",4.06664371490479,14.362021446228,25.3308410644531,14.6579875946045,21.264196395874,1.98398995399475,2.10531401634216,1.59725618362427,1.59507584571838,80.6228103637695,66.6876525878906,57.0969085693359,73.0627365112305,0.358045339584351,0.12641678750515,0.0109048979356885,0.00962993875145912,0,0.0207837112247944,0.0557751059532166,0.416911602020264,555449.375,NA,NA
"RO412",1.86065375804901,10.9688596725464,21.450611114502,11.7222309112549,19.5899562835693,2.13963317871094,2.45804500579834,2.44285774230957,1.98562002182007,80.5700454711914,71.857292175293,67.9829940795898,78.7992095947266,0.120402358472347,0.053212720900774,0.0136444019153714,0.00589251192286611,0,0.156228065490723,0.6027392745018,0.0477056466042995,282515.875,NA,NA
"RO413",4.02997779846191,13.3833770751953,24.119312286377,13.8522357940674,20.0893363952637,2.14806699752808,2.29139304161072,1.88660025596619,1.92700982093811,81.1471252441406,69.7778701782227,62.9447746276855,77.0842666625977,0.201998084783554,0.082832008600235,0.00215468346141279,0.00591744622215629,1.3284253257931e-20,0.00839998573064804,0.490024298429489,0.20479442179203,234552.484375,NA,NA
"RO414",3.45240759849548,14.3767023086548,25.4835681915283,14.771842956543,22.0311622619629,1.88504076004028,1.96509397029877,1.72679257392883,1.53680288791656,81.4301834106445,67.4698181152344,59.5441703796387,74.2835006713867,0.436089217662811,0.100413106381893,0.00535256182774901,0.00918485596776009,0,0.017841387540102,0.144017860293388,0.286548316478729,385739.90625,NA,NA
"RO415",1.52202534675598,11.2295217514038,21.5668888092041,11.7528781890869,20.044864654541,2.07471990585327,2.41306614875793,2.44331121444702,1.82266926765442,80.7475433349609,71.7240447998047,68.5817108154297,79.0382614135742,0.141816601157188,0.0568166486918926,0.014678543433547,0.00712024047970772,0,0.294239670038223,0.414233267307281,0.0710950866341591,306421.5,NA,NA
"RO421",3.89073348045349,13.2698574066162,23.3552341461182,13.5989608764648,19.4645004272461,1.88135421276093,2.1623067855835,2.38077092170715,1.73297905921936,81.0070724487305,69.6948089599609,65.7894287109375,76.4137268066406,0.372467547655106,0.148829951882362,0.00495899328961968,0.0051068919710815,0,0.221772164106369,0.0232500582933426,0.223614364862442,373391.9375,NA,NA
"RO422",2.96540546417236,11.5505065917969,22.1097869873047,12.5560884475708,19.1443824768066,2.39160013198853,2.58619570732117,2.58674359321594,2.24908852577209,81.4874649047852,72.9744262695312,69.6253433227539,79.3633346557617,0.139730051159859,0.0914465337991714,0.00698878150433302,0.00613122945651412,1.46370788769866e-20,0.382963359355927,0.204649746417999,0.165075778961182,245836.0625,NA,NA
"RO423",1.37290000915527,10.3675088882446,20.4667282104492,11.0977611541748,19.0938282012939,1.78666961193085,2.25028896331787,2.51405835151672,1.78787815570831,80.3721237182617,73.3268508911133,71.5999069213867,79.7552719116211,0.0675458833575249,0.100457280874252,0.0169692132622004,0.00744885997846723,2.87922464177415e-30,0.106235235929489,0.665313601493835,0.0360298976302147,325792.65625,NA,NA
"RO424",4.43570327758789,13.726448059082,24.2194328308105,14.334529876709,19.7837295532227,1.659019947052,1.97537744045258,1.83314955234528,1.68036186695099,80.036979675293,68.8726959228516,63.6622161865234,75.5175476074219,0.492762356996536,0.164213329553604,0.00138965016230941,0.00852573290467262,0,0.11485281586647,0.00106310402043164,0.217192977666855,666812.4375,NA,NA
"RSG125371",3.76397252082825,12.7028770446777,23.4297256469727,13.4087429046631,19.6657543182373,2.05815768241882,2.28255128860474,1.83462524414062,1.98910677433014,82.4379119873047,71.1727066040039,63.9189376831055,78.2733154296875,0.173009440302849,0.0751934051513672,0.00432628532871604,0.00368516030721366,1.34916405237538e-20,0.0778082758188248,0.159035831689835,0.502451658248901,88660.9296875,NA,NA
"RSG125372",4.27697610855103,12.9579372406006,23.7643394470215,13.9196872711182,19.4873638153076,1.95322906970978,2.26235055923462,1.88198935985565,1.90916323661804,80.7178421020508,70.7006301879883,65.0317993164062,76.6692199707031,0.31903013586998,0.102326795458794,0.00856520887464285,0.0063882670365274,3.3677503873949e-23,0.231625646352768,0.000282024207990617,0.326409310102463,130352.484375,NA,NA
"RSG125373",5.4333643913269,14.462308883667,25.3080902099609,15.3284997940063,19.8747272491455,1.70084965229034,2.17476034164429,1.96601855754852,1.89057910442352,78.7095794677734,67.2978057861328,60.3795051574707,73.885124206543,0.524765372276306,0.137319445610046,0.000279549072729424,0.0834226161241531,0,0.00612919824197888,0,0.248068064451218,1249621.375,NA,NA
"RSG125374",2.97374248504639,12.1657524108887,22.6603603363037,13.0946359634399,19.6866188049316,1.6882221698761,2.0541079044342,1.43049454689026,1.71682715415955,78.3629455566406,68.7900695800781,60.6935424804688,74.0175094604492,0.238414198160172,0.117464825510979,0.00510843191295862,0.0162468012422323,0,0.183774843811989,0,0.438724488019943,216709.359375,NA,NA
"RSG125375",4.75071334838867,14.2609634399414,24.935619354248,15.0675134658813,20.1849060058594,1.54730987548828,1.94155478477478,1.63563227653503,1.73359441757202,80.4779052734375,66.8677139282227,58.9168014526367,74.274040222168,0.62884533405304,0.085112564265728,0.00320636387914419,0.0233341883867979,0,0.00877314060926437,0,0.250622063875198,493959.6875,NA,NA
"RSG125376",5.30556488037109,14.4438915252686,25.2387046813965,15.2246494293213,19.9331398010254,1.69500756263733,2.04826235771179,1.86991608142853,1.81795454025269,78.9553985595703,67.6211013793945,61.4669342041016,73.7874221801758,0.593653857707977,0.164854660630226,0.0069294311106205,0.0160152316093445,0,0.00355685432441533,0,0.212452411651611,377377.03125,NA,NA
"RSG125377",3.97994351387024,12.5593729019165,23.4228820800781,13.8517971038818,19.4429378509521,1.960693359375,2.50234627723694,2.12695479393005,2.0512375831604,78.9474945068359,68.9160766601562,63.5879058837891,75.745491027832,0.402341276407242,0.0871377810835838,0.000590628304053098,0.0131874373182654,0,0.116001255810261,0,0.380741626024246,185038.671875,NA,NA
"RSG125381",4.80293798446655,13.6318454742432,24.4630527496338,14.8616218566895,19.6601142883301,2.07653570175171,2.53140592575073,2.08088803291321,2.19694638252258,79.6306762695312,68.5703277587891,62.2936782836914,75.3119354248047,0.433683127164841,0.0522151626646519,0.00158264755737036,0.0146671375259757,0,0.199405506253242,0,0.298446416854858,228042.5,NA,NA
"RSG125382",3.18877625465393,11.9469776153564,22.6261730194092,13.0254545211792,19.4373970031738,1.91132247447968,2.43040800094604,2.19308185577393,2.06653237342834,79.1997756958008,70.8951187133789,67.4289932250977,77.4167327880859,0.322042912244797,0.119202420115471,0.00394586799666286,0.0147287510335445,0.000103373407910112,0.167977452278137,0.105229414999485,0.266769796609879,208828.53125,NA,NA
"RSG125383",3.06136059761047,12.4235229492188,22.9138011932373,13.1768989562988,19.8524398803711,1.71993458271027,2.11397814750671,1.52278125286102,1.65961587429047,79.3086624145508,68.6135559082031,60.7728843688965,74.3382034301758,0.368912756443024,0.144030854105949,0.00367921683937311,0.0168082732707262,0,0.0518451929092407,0,0.414723753929138,239000.40625,NA,NA
"RSG125384",2.80123138427734,11.7392978668213,22.2089519500732,12.9078502655029,19.4077205657959,1.63147044181824,2.04471230506897,1.38105046749115,1.74536752700806,77.0820159912109,67.9540481567383,59.4971733093262,72.7697067260742,0.171250686049461,0.149655222892761,0.029032638296485,0.00856813322752714,0,0.221070975065231,0,0.42008638381958,169946.828125,NA,NA
"RSG125386",1.77966737747192,11.1378412246704,21.6222591400146,12.071385383606,19.8425903320312,1.57207727432251,2.06748127937317,1.55045819282532,1.66281592845917,79.8119964599609,70.4321823120117,65.1897964477539,76.148193359375,0.162936642765999,0.121101468801498,0.0298705473542213,0.00337856891565025,0,0.150773033499718,0,0.531887948513031,61590.10546875,NA,NA
"RSG125387",5.21563577651978,14.0857620239258,24.9655609130859,14.9818258285522,19.749927520752,1.7174745798111,2.11155390739441,1.83645856380463,1.7987916469574,78.1125869750977,67.6647567749023,61.7960319519043,73.9153518676758,0.541054964065552,0.154755592346191,0.00269650667905807,0.0234480444341898,0,0.00843081623315811,0,0.26781952381134,155024.28125,NA,NA
"RSG125388",4.18973827362061,13.2402591705322,23.9284629821777,14.0550098419189,19.7387237548828,1.82765781879425,2.22524666786194,1.7756325006485,1.77575898170471,79.5980377197266,69.5289535522461,63.4311676025391,75.5115737915039,0.438041627407074,0.114464893937111,0.00294864596799016,0.0151148419827223,0,0.0890906900167465,0,0.34033927321434,187713.765625,NA,NA
"RSG125390",3.21205711364746,12.4161853790283,22.9690265655518,13.2337942123413,19.7569694519043,1.91664731502533,2.43890309333801,1.92971885204315,1.90235733985901,79.2542037963867,69.8280563354492,64.1923751831055,75.8015899658203,0.357098340988159,0.10870585590601,0.00643521873280406,0.0179528351873159,0,0.100069142878056,0,0.409738570451736,209412.390625,NA,NA
"RSG125391",2.35937905311584,11.1823577880859,21.7901458740234,12.2595777511597,19.4307670593262,2.16034960746765,2.7104823589325,2.2030520439148,2.29494047164917,79.1377410888672,71.1471710205078,66.881103515625,77.0003433227539,0.22409251332283,0.149742767214775,0.018829895183444,0.0147313019260764,0,0.091404639184475,0.175454467535019,0.325744420289993,260607.4375,NA,NA
"RSG125392",4.2188458442688,13.9769172668457,24.4752388000488,14.6381683349609,20.2563934326172,1.47989857196808,1.77732479572296,1.66793596744537,1.60299837589264,80.9295959472656,66.3761596679688,58.6241722106934,74.7409057617188,0.684897363185883,0.0485637709498405,0.000312625896185637,0.00959897879511118,0,0.00388228590600193,0,0.252745002508163,103427.7109375,NA,NA
"RSG125393",4.72196769714355,14.3061475753784,24.8011684417725,14.8257055282593,20.0792007446289,1.42319357395172,1.75520098209381,1.61843717098236,1.55967855453491,80.6618804931641,66.7038421630859,58.7958831787109,74.2484436035156,0.65382993221283,0.113295666873455,0.0139394532889128,0.0117804184556007,0,0.00273540848866105,0,0.204419106245041,157095.65625,NA,NA
"RSG125394",5.09550523757935,14.5115175247192,25.1891822814941,15.1511602401733,20.093677520752,1.49700343608856,1.84194040298462,1.6424286365509,1.68888890743256,80.126220703125,67.1484909057617,59.5829811096191,73.9871139526367,0.642233490943909,0.169124156236649,0.0112503599375486,0.00903709419071674,0,7.45828147046268e-05,0,0.168121382594109,161895.546875,NA,NA
"RSG125395",5.25179767608643,14.5540580749512,25.3203983306885,15.4631948471069,20.0685997009277,1.70541155338287,2.1425609588623,1.79133522510529,1.89582431316376,79.9077072143555,67.244987487793,59.5649948120117,74.2611770629883,0.574833631515503,0.0872769728302956,0.00141618039924651,0.0379064008593559,0,0.0152251264080405,0,0.283254683017731,623852.8125,NA,NA
"RSG125396",4.60161972045898,13.4356355667114,24.2481708526611,14.370979309082,19.6465492248535,1.73248064517975,2.19352579116821,1.91465485095978,1.77234625816345,78.4528045654297,68.5027618408203,63.0458641052246,75.0142211914062,0.476060718297958,0.147329151630402,0.00328680197708309,0.0219571441411972,0,0.0459405593574047,0,0.305425584316254,253461.296875,NA,NA
"RSG125397",2.8481822013855,12.0417308807373,22.5606346130371,12.8846616744995,19.7124519348145,1.83874881267548,2.27659440040588,1.69900524616241,1.83650374412537,78.665412902832,69.0573425292969,62.0064125061035,74.8356094360352,0.324340373277664,0.113220751285553,0.00275329081341624,0.0165384486317635,0,0.146147102117538,0,0.397000044584274,186440.703125,NA,NA
"RSG125398",2.81682586669922,12.121883392334,22.7295246124268,12.897801399231,19.9126987457275,1.76732456684113,2.13301348686218,1.60406768321991,1.72555291652679,81.3694915771484,70.6250457763672,63.5624618530273,76.9362030029297,0.25930118560791,0.146075233817101,0.0104049760848284,0.00501984544098377,0,0.0882259085774422,0,0.490452408790588,103415.1484375,NA,NA
"RSG125399",4.23928499221802,13.9905872344971,24.4590129852295,14.656943321228,20.2197303771973,1.56573104858398,1.91701710224152,1.49532043933868,1.740070104599,80.8607559204102,67.0477600097656,59.244026184082,75.1208724975586,0.652513146400452,0.0609341040253639,0.000424414174631238,0.0116809159517288,0,0.0312416795641184,0,0.243205726146698,135151.265625,NA,NA
"RSG125400",2.2336597442627,10.8090219497681,21.492582321167,12.2557811737061,19.2589225769043,2.46614122390747,2.75127863883972,2.21210718154907,2.49868512153625,79.1585006713867,71.7426910400391,68.6982116699219,77.4760589599609,0.235032021999359,0.135443598031998,0.00603728927671909,0.0081928838044405,0.00362508301623166,0.0398209467530251,0.506945073604584,0.0649031549692154,262453.46875,NA,NA
"SE110",0.836428046226501,7.61603403091431,18.6321773529053,10.0174694061279,17.795747756958,1.84786987304688,1.2528440952301,2.06120467185974,1.95383512973785,83.2289733886719,72.8742446899414,74.0557708740234,83.6607360839844,0.0962155163288116,0.0214483477175236,0.00605716276913881,0.0573384836316109,0,0.387705773115158,0,0.14151032269001,2325169.25,NA,NA
"SE121",0.0844592377543449,7.58184385299683,18.4268646240234,9.49640655517578,18.3424072265625,2.01458311080933,1.43306565284729,2.24071335792542,1.95210075378418,83.8222885131836,69.8459320068359,70.8773345947266,83.1621475219727,0.168565198779106,0.0290676523000002,0.0102635901421309,0.0109622180461884,2.0094205722945e-28,0.459989070892334,0.0716398879885674,0.137364029884338,428366.875,NA,NA
"SE122",0.357461243867874,8.00829315185547,18.5824089050293,9.6227331161499,18.224946975708,1.88471412658691,1.38798010349274,2.25525498390198,1.82504975795746,84.1849365234375,71.185905456543,72.0329132080078,83.7036285400391,0.159325480461121,0.0282892417162657,0.0105736190453172,0.0115294065326452,8.5134028743637e-28,0.389830559492111,0.0346585437655449,0.155473589897156,290658.65625,NA,NA
"SE123",0.717411160469055,8.02166271209717,18.6250591278076,10.0107126235962,17.9076480865479,1.98066437244415,1.48294818401337,2.31931328773499,1.79307818412781,85.6733322143555,72.3054962158203,72.5173187255859,84.195198059082,0.142934367060661,0.0170312449336052,0.00397198274731636,0.00918973796069622,2.02203261601699e-26,0.482901901006699,0.0809911489486694,0.122843720018864,433780.3125,NA,NA
"SE124",-0.804849028587341,7.25580167770386,17.7514305114746,8.65392112731934,18.5562801361084,2.3027400970459,1.74577641487122,2.59965467453003,2.26469445228577,85.5298461914062,70.8834686279297,71.6861877441406,83.9602890014648,0.0998730510473251,0.0173726249486208,0.00333413924090564,0.00851963181048632,2.83801447287784e-24,0.0174368564039469,0.732249319553375,0.00357893784530461,309190.875,NA,NA
"SE125",-0.749203324317932,7.27518033981323,17.5291843414307,8.44104480743408,18.2783870697021,1.89872133731842,1.54692900180817,2.45188117027283,1.98615264892578,83.9869689941406,68.7577743530273,70.1752624511719,83.1864776611328,0.159599795937538,0.0299975462257862,0.00921524781733751,0.0167506281286478,2.27341804554121e-24,0.0247942097485065,0.674145936965942,0.0102976327762008,218927.359375,NA,NA
"SE211",0.327065080404282,7.52455949783325,17.9158115386963,9.61923885345459,17.5887470245361,2.4984118938446,1.68285882472992,2.5554986000061,2.37517166137695,88.6073913574219,73.8347473144531,73.6209030151367,86.6434555053711,0.0650242492556572,0.00846654921770096,0.0040827332995832,0.00718769198283553,8.37206260723439e-30,0.589001476764679,0.166148886084557,0.0702188611030579,333266.5,NA,NA
"SE212",1.19718718528748,8.0429859161377,18.3456020355225,10.4155960083008,17.1484146118164,2.57645392417908,1.62922894954681,2.41179656982422,2.39917516708374,89.000602722168,74.9251174926758,74.5032119750977,87.0665283203125,0.0455073975026608,0.00978838466107845,0.00296981749124825,0.00607673171907663,1.11656582008987e-26,0.445149809122086,0.34782600402832,0.0479801744222641,227579.71875,NA,NA
"SE213",1.39458239078522,7.92498683929443,18.5851516723633,10.5432758331299,17.1905689239502,2.04811382293701,1.35982954502106,2.13755989074707,1.86586081981659,84.9796447753906,73.5894165039062,72.5634384155273,83.8627014160156,0.0659103766083717,0.0111174834892154,0.00458804331719875,0.00472183292731643,0,0.643890082836151,0,0.0794630497694016,204764.46875,NA,NA
"SE214",2.76090955734253,7.59664964675903,18.7302474975586,11.4186897277832,15.9693384170532,2.19033169746399,1.19141459465027,1.54080903530121,2.02382111549377,81.4168395996094,75.7456588745117,74.0660781860352,81.5187759399414,0.131107792258263,0.0360612645745277,0.00468637142330408,0.00230174697935581,0,0.206259936094284,0,0.0945585891604424,21921.599609375,NA,NA
"SE221",2.23395895957947,8.4404821395874,18.8700695037842,11.3239574432373,16.6361122131348,2.54207682609558,1.46669185161591,2.09460115432739,2.21371746063232,86.2165145874023,75.8096008300781,74.7753448486328,84.5515823364258,0.0522365905344486,0.00611540861427784,0.00103272253181785,0.00753156980499625,8.97831562218397e-26,0.526366114616394,0.0260073244571686,0.0987538844347,115812.4296875,NA,NA
"SE224",2.37260794639587,8.76666069030762,18.8341197967529,11.4627771377563,16.4615135192871,2.65082550048828,1.63820862770081,2.17174744606018,2.5230860710144,88.0406341552734,76.8679122924805,75.6944198608398,85.7086868286133,0.280448615550995,0.0293367225676775,0.000561212829779834,0.0219386108219624,3.68288119901451e-25,0.0605926774442196,0.385804563760757,0.0521201528608799,1342655.875,NA,NA
"SE231",1.80006456375122,8.51512718200684,18.51438331604,10.912223815918,16.714319229126,3.69502401351929,2.08878588676453,2.93030261993408,3.35520267486572,88.2933731079102,74.9761428833008,74.6342086791992,86.1378479003906,0.117747642099857,0.0148111656308174,0.00248271226882935,0.00939248688519001,2.57783335519398e-24,0.000599513296037912,0.680052697658539,0.00114188168663532,260699.6875,NA,NA
"SE232",0.928712010383606,8.05240249633789,18.3392295837402,10.1424875259399,17.4105186462402,3.01157283782959,1.92958271503448,2.63888382911682,2.79015731811523,86.347526550293,73.5254745483398,73.5356369018555,84.0542678833008,0.135270491242409,0.0267904698848724,0.00637416588142514,0.00991359166800976,0.00169101834762841,0.176239639520645,0.371092885732651,0.0648616999387741,1433818.375,NA,NA
"SE311",-1.77153301239014,6.90110445022583,17.5657119750977,8.40017890930176,19.3372421264648,2.30211329460144,1.87186622619629,2.76146769523621,2.45645236968994,85.0691757202148,71.1837005615234,71.2457580566406,82.8832550048828,0.048616673797369,0.0141383297741413,0.00471566012129188,0.00788697320967913,0.00657745636999607,0.013655417598784,0.73889946937561,0.00856671296060085,292704.6875,NA,NA
"SEG226001",-6.35298109054565,3.46348023414612,14.6980037689209,5.22105073928833,21.0509853363037,1.81363272666931,1.8357789516449,3.17031812667847,2.14274311065674,83.9791412353516,70.8779449462891,71.6329574584961,82.4379196166992,0.00260615767911077,0.00200992962345481,0.00757318269461393,0.000414509820984676,0.0112205231562257,0,0.957855999469757,0,8096.7314453125,NA,NA
"SEG226002",-1.35760986804962,6.86452531814575,16.8870449066162,7.83989095687866,18.2446537017822,1.7094407081604,1.47541165351868,2.34801125526428,1.97241377830505,83.845100402832,68.2218780517578,69.7557830810547,82.6652374267578,0.102361455559731,0.0156287457793951,0.0127422083169222,0.00432932330295444,1.8271522475464e-28,0,0.822754144668579,0,10869.2900390625,NA,NA
"SEG226003",-2.78448581695557,6.05037641525269,16.5496044158936,7.52298545837402,19.3340911865234,1.94605660438538,1.75802206993103,2.76046919822693,2.06835985183716,84.5950775146484,68.7885818481445,70.21630859375,82.4863739013672,0.0478861220180988,0.00487732654437423,0.00179137196391821,0.00952000450342894,4.55501657866956e-24,0,0.880157053470612,0,22570.841796875,NA,NA
"SEG226004",-2.79984617233276,5.8864336013794,16.4080848693848,7.37454891204834,19.2079296112061,1.83154535293579,1.6129846572876,2.64404225349426,2.06061172485352,84.6454544067383,68.9873046875,70.2757339477539,82.8727798461914,0.0289660599082708,0.00316205993294716,0.0010968727292493,0.0071508320979774,1.71810087070355e-23,0,0.884661018848419,0,53904.6015625,NA,NA
"SEG226005",-3.21914601325989,6.03661155700684,16.6735916137695,7.42365407943726,19.8927402496338,1.93036150932312,1.80557441711426,2.81842184066772,2.1034996509552,84.7862319946289,69.0427398681641,70.3973007202148,82.6225662231445,0.0209498926997185,0.00350672914646566,0.000959889264777303,0.00438041519373655,5.43289057628344e-24,0,0.905514121055603,0,11613.220703125,NA,NA
"SEG226006",-1.65946650505066,6.68399572372437,16.7723331451416,7.80369853973389,18.4317989349365,1.77910649776459,1.56814765930176,2.49749493598938,2.00101161003113,84.0730972290039,68.3343200683594,69.8947219848633,82.603157043457,0.107364475727081,0.015395843423903,0.00983846094459295,0.00563848484307528,1.61845651682776e-24,0,0.822784185409546,0,18036.5390625,NA,NA
"SEG226007",-3.63903474807739,5.85981893539429,16.5744800567627,7.21420192718506,20.2135143280029,1.68151903152466,1.70711040496826,2.7458291053772,1.90648913383484,84.1881866455078,69.163818359375,70.2856369018555,82.1663131713867,0.0290427729487419,0.00577754667028785,0.00158387597184628,0.00479477224871516,1.06617840890595e-23,0,0.827161252498627,0,22516.55859375,NA,NA
"SEG226008",-3.09044528007507,6.05513048171997,16.6605434417725,7.46269226074219,19.7509880065918,2.11950969696045,1.90636897087097,2.8816351890564,2.22682952880859,85.2250671386719,69.0520858764648,70.4973068237305,82.9155883789062,0.0130102979019284,0.000689014792442322,0.000361440295819193,0.00390752824023366,1.00040519822393e-24,0,0.944700837135315,0,22841.078125,NA,NA
"SEG226009",-4.89915990829468,5.22616767883301,16.2466773986816,6.68797445297241,21.1458377838135,2.13873600959778,2.05424427986145,3.25971269607544,2.39669966697693,84.9744033813477,69.9888916015625,70.8370895385742,82.8545837402344,0.00417211232706904,0.00200689141638577,0.00909025687724352,0.000862278800923377,0.010721274651587,0,0.944129586219788,0,11459.716796875,NA,NA
"SEG226010",-4.69865703582764,5.21898365020752,16.1084022521973,6.52913999557495,20.8070602416992,1.84645700454712,1.8628648519516,2.95199942588806,2.07083606719971,83.9582977294922,69.2620620727539,70.1893005371094,81.9751510620117,0.00907669961452484,0.00144490168895572,0.00168906652834266,0.00152937124948949,2.45641858998006e-24,0,0.938908755779266,0,15939.3828125,NA,NA
"SEG226011",-4.95250558853149,4.94699811935425,15.8118858337402,6.24666023254395,20.7643928527832,1.88741385936737,1.86520791053772,2.96170783042908,2.20554161071777,83.6285018920898,69.0978469848633,69.9845199584961,81.7668228149414,0.0094074672088027,0.00170101260300726,0.000495301675982773,0.00237594940699637,7.35936384861915e-24,0,0.953505337238312,0,14415.884765625,NA,NA
"SEG226012",-4.08025741577148,5.35319471359253,16.1134815216064,6.78758859634399,20.1937389373779,1.78205668926239,1.69331812858582,2.76344537734985,2.01951837539673,83.9192352294922,68.6589965820312,69.6755752563477,81.9089965820312,0.0200985576957464,0.00396402832120657,0.000978326192125678,0.00310980132780969,7.28669082658657e-24,0,0.919546186923981,0,20276.470703125,NA,NA
"SEG226013",-2.0561728477478,6.42142391204834,16.7044239044189,7.88666343688965,18.7605972290039,1.88468766212463,1.69666719436646,2.71079087257385,2.01173424720764,84.5407638549805,68.6546630859375,70.0957336425781,82.4742889404297,0.103127896785736,0.0116722229868174,0.0061814971268177,0.00770128145813942,4.79754713081433e-24,0,0.823803961277008,0,16580.45703125,NA,NA
"SEG226014",-2.18913125991821,6.33511161804199,16.7568969726562,7.75825881958008,18.9460277557373,2.03826427459717,1.75736725330353,2.73740315437317,2.09271621704102,84.6028747558594,68.8176879882812,70.2607421875,82.7201156616211,0.0648071765899658,0.00708225183188915,0.0034851199015975,0.00836658291518688,4.42720336265339e-24,0,0.867243945598602,0,31843.28125,NA,NA
"SEG226015",-3.71688938140869,5.8082709312439,16.5317192077637,7.1733889579773,20.248607635498,2.09749364852905,1.98485112190247,2.95935583114624,2.22665762901306,85.183723449707,69.2378692626953,70.4384078979492,82.7716979980469,0.00816338788717985,0.000631164410151541,0.00109725340735167,0.00121808680705726,1.0624951581749e-24,0,0.950285196304321,0,5404.30126953125,NA,NA
"SEG226016",-3.61916708946228,5.16347789764404,16.1171340942383,6.79858684539795,19.7363014221191,1.90023446083069,1.59276187419891,2.48413181304932,2.1397385597229,82.7268600463867,68.3149490356445,69.9196166992188,81.9010314941406,0.0454086512327194,0.00562968058511615,0.00589151354506612,0.00365158007480204,6.7068316762279e-23,0,0.887075662612915,0,25479.12890625,NA,NA
"SEG226017",-0.520534694194794,6.99546337127686,17.7274627685547,9.09817790985107,18.2479972839355,1.96217310428619,1.47096824645996,2.33399605751038,2.03167605400085,83.0861892700195,69.0125961303711,69.4463348388672,81.9782562255859,0.0448395609855652,0.00552790146321058,0.00568808289244771,0.0103313811123371,1.93982994963855e-23,0.374261200428009,0.261429518461227,0.0705069303512573,71645.5390625,NA,NA
"SEG226018",-1.59490537643433,6.6626787185669,16.9090900421143,7.86591815948486,18.5039958953857,1.84391796588898,1.50488889217377,2.44506335258484,2.06751656532288,83.9185791015625,68.5424575805664,70.0237655639648,82.816047668457,0.0611292757093906,0.00886777695268393,0.00807502772659063,0.00333719816990197,4.24091583203771e-24,0,0.872816026210785,0,5221.77392578125,NA,NA
"SEG226019",-3.62182950973511,5.14200210571289,16.4884471893311,7.18514013290405,20.1102771759033,1.94588673114777,1.5923980474472,2.41417551040649,2.10707092285156,81.9163970947266,70.1162643432617,71.1612243652344,81.0760879516602,0.033172607421875,0.00707743410021067,0.00328090647235513,0.00283159222453833,3.42296970412729e-23,0.0139173874631524,0.764893293380737,0.00191022723447531,28168.5078125,NA,NA
"SEG226020",-5.19139051437378,4.53463888168335,15.6135692596436,6.04125213623047,20.8049583435059,1.71910488605499,1.67663240432739,2.75564956665039,1.92979741096497,83.1230163574219,68.3604583740234,69.5713729858398,81.4142456054688,0.0118262451142073,0.00153965293429792,0.00214418349787593,0.000768242753110826,1.12860436443798e-23,0,0.948397934436798,0,15880.92578125,NA,NA
"SEG226021",-3.82279276847839,5.15471315383911,16.7256374359131,7.34620428085327,20.548433303833,1.90762317180634,1.68511259555817,2.5203378200531,2.14418530464172,82.3083343505859,71.0255508422852,71.218391418457,80.9634170532227,0.0322397090494633,0.00617299042642117,0.00275191641412675,0.0066331778652966,1.44683022251541e-23,2.12158520298544e-05,0.803248107433319,2.25283838517498e-06,39581.015625,NA,NA
"SEG226022",-1.83640670776367,6.30959129333496,16.9208641052246,8.00176429748535,18.7572708129883,2.03734660148621,1.56378638744354,2.52863907814026,2.19167065620422,83.2409896850586,68.8183212280273,70.0706405639648,82.3852996826172,0.0385786890983582,0.00499433139339089,0.00328987999819219,0.00575426034629345,5.6477442591129e-23,0,0.87420529127121,0,21225.59375,NA,NA
"SEG226023",-4.33274126052856,4.8964114189148,15.7642269134521,6.45765495300293,20.0969696044922,1.79407477378845,1.6300745010376,2.69583678245544,1.99305295944214,83.6956634521484,68.5844039916992,69.8477096557617,81.939697265625,0.0214276444166899,0.00234594871290028,0.00165375915821642,0.00190716702491045,2.83568579492868e-23,0,0.917581140995026,0,12723.7001953125,NA,NA
"SEG226024",-1.26268482208252,6.72903919219971,17.1741790771484,8.31455707550049,18.4368648529053,1.94218361377716,1.49650430679321,2.45733547210693,2.09052538871765,83.6282958984375,68.7961730957031,69.9427871704102,82.5725402832031,0.0533675998449326,0.0056680953130126,0.00736757973209023,0.00491046626120806,4.57255240438999e-23,0,0.853476762771606,0,21509.45703125,NA,NA
"SEG226025",-2.14896512031555,6.02447843551636,17.0516910552979,8.08292770385742,19.2006568908691,1.92980396747589,1.52582180500031,2.37629723548889,2.15926671028137,81.4785385131836,69.5234298706055,70.4683532714844,80.8724365234375,0.0369620658457279,0.00792450737208128,0.00360662420280278,0.00400910060852766,3.97940316644964e-25,0.186414822936058,0.561472356319427,0.0255863163620234,11906.837890625,NA,NA
"SEG226033",-4.94658422470093,2.06591606140137,12.9763298034668,4.95120000839233,17.9229125976562,3.20055174827576,2.50841856002808,3.03901791572571,2.83988571166992,83.5846252441406,75.0957260131836,76.5156326293945,84.1972732543945,0.00698299519717693,0.00195833435282111,0.0060271741822362,0.000357969693141058,0.00947677064687014,0,0.88146299123764,0,13855.248046875,NA,NA
"SEG226034",-5.60586977005005,2.8635835647583,13.8422079086304,4.96620750427246,19.4480781555176,1.53006052970886,1.73385310173035,3.0149290561676,1.99476408958435,82.9374313354492,71.4598541259766,73.034049987793,82.1140747070312,0.00978765357285738,0.000442980293883011,0.00385541724972427,0.000449294369900599,6.87985316965875e-25,0.302510559558868,0.628277003765106,0.00520729087293148,10166.1298828125,NA,NA
"SEG226035",-5.258216381073,4.41345739364624,15.7096605300903,6.02860116958618,20.9678764343262,1.55915629863739,1.64416122436523,2.85533046722412,1.79691076278687,84.0011138916016,69.6122207641602,70.5192108154297,82.1155090332031,0.00680099613964558,0.000130924934637733,0.000692445959430188,0.000617240730207413,6.57512458361899e-25,0.0760525390505791,0.855081021785736,0.000951932568568736,9587.076171875,NA,NA
"SEG226036",-6.19446849822998,2.77781438827515,13.8928184509277,4.75907754898071,20.087287902832,1.48420345783234,1.71906495094299,3.04509949684143,1.99736964702606,83.3535308837891,71.0142288208008,72.211311340332,82.2253341674805,0.00180304516106844,0.000307726877508685,0.00396484369412065,0.00033008647733368,0.00631822785362601,0.00022831215756014,0.967217743396759,4.48518085249816e-06,11131.033203125,NA,NA
"SEG226037",-4.63294839859009,3.38891696929932,14.4935712814331,5.78440856933594,19.1265201568604,2.69251728057861,2.22188019752502,2.84383964538574,2.56589031219482,84.6456756591797,73.1881484985352,73.7035217285156,84.2138442993164,0.00991845596581697,0.00133178196847439,0.00431214645504951,0.000690023764036596,0.00652826856821775,0,0.894038140773773,0,17743.19140625,NA,NA
"SEG226038",-4.40360307693481,4.61738634109497,15.6561231613159,6.38871097564697,20.0597286224365,1.76007723808289,1.75731921195984,2.82280921936035,1.89031863212585,83.4568405151367,70.3167266845703,71.2548522949219,82.0356063842773,0.0343131609261036,0.00237245671451092,0.00211540213786066,0.00586334988474846,1.94977385689322e-23,0.0878874137997627,0.793002784252167,0.00110006704926491,51840.171875,NA,NA
"SEG226039",-5.70909261703491,4.13044023513794,15.6744041442871,5.66820812225342,21.3834972381592,1.65537679195404,1.67795240879059,2.82325291633606,1.83039164543152,84.4726867675781,69.4367904663086,69.9348754882812,82.4516754150391,0.00931026693433523,9.96023591142148e-05,0.00118759495671839,0.000486662931507453,1.80613786605535e-24,0,0.960419833660126,0,5015.56787109375,NA,NA
"SEG226040",-5.58835554122925,3.10283541679382,14.7762975692749,5.3802809715271,20.364652633667,2.23916220664978,1.89856243133545,2.74781799316406,2.53308963775635,85.1607818603516,72.9669723510742,72.6879043579102,84.4143753051758,0.00372295035049319,5.2115061407676e-05,0.00386793375946581,0.000336926110321656,0.00641741044819355,0,0.911893606185913,0,13721.71875,NA,NA
"SEG226072",-7.97905254364014,3.31733179092407,16.4348430633545,4.13916349411011,24.4138965606689,1.7765383720398,1.55341970920563,2.36143064498901,2.0955376625061,82.4410247802734,68.0800094604492,67.1634750366211,81.5851058959961,0.00622152769938111,0.000139417359605432,0.00053582206601277,0.000815396080724895,9.87654444982386e-25,0,0.969720005989075,0,5269.6923828125,NA,NA
"SEG226073",-10.2253656387329,-0.176245450973511,13.132396697998,2.71248769760132,23.3577613830566,1.95091307163239,1.79644167423248,2.86485290527344,2.60122847557068,83.0300827026367,73.8939361572266,73.2929306030273,83.7734756469727,0.000210932179470547,0.000394693954149261,0.00284130056388676,0.000116027651529294,0.00612861337140203,0,0.897468507289886,0,4273.39453125,NA,NA
"SEG226074",-8.74905872344971,2.31765532493591,15.3056812286377,3.96689653396606,24.0547409057617,1.7497980594635,1.80356705188751,2.76947331428528,2.17459487915039,84.1769943237305,69.5855712890625,68.6895141601562,82.9590072631836,0.000323744956403971,1.40430238388944e-05,0.00036937347613275,0.000332569528836757,1.3576283660309e-27,0,0.95372998714447,0,7505.39111328125,NA,NA
"SEG226075",-7.78246164321899,3.2778582572937,16.5375328063965,4.89364004135132,24.3199939727783,1.78324019908905,1.45760726928711,2.42131495475769,2.27699708938599,83.4613189697266,68.9246444702148,67.6812133789062,82.1822280883789,0.0110840108245611,0.0020363146904856,0.00107174750883132,0.0015697741182521,5.60739489155784e-24,0,0.954681575298309,0,24687.658203125,NA,NA
"SEG226076",-9.59764957427979,0.272072553634644,13.7565822601318,2.79095959663391,23.3542308807373,1.59486472606659,1.470743060112,2.61603879928589,2.19828319549561,82.225944519043,70.9812240600586,71.21875,82.7191696166992,0.000218318891711533,3.51667331415229e-05,0.00116825883742422,0.000457033922430128,0.00347793311811984,0,0.957804322242737,0,30826.88671875,NA,NA
"SEG226077",-6.11764669418335,3.99115633964539,17.6714134216309,5.78847026824951,23.7890586853027,1.84944629669189,1.50578439235687,2.09130549430847,2.3617479801178,84.6368408203125,71.3310546875,69.4463958740234,84.6875915527344,0.0220185182988644,0.000803503615316004,0.000926833134144545,0.00243528140708804,2.52732054039433e-23,0.196002408862114,0.417757749557495,0.00069681229069829,5275.35986328125,NA,NA
"SEG226078",-10.0752334594727,-0.385885119438171,12.9488735198975,2.40438985824585,23.0241069793701,1.8543062210083,1.64036011695862,2.72322869300842,2.46960949897766,82.3089599609375,72.2538375854492,72.4615783691406,83.0870742797852,8.44051537569612e-05,5.1736078603426e-06,0.000651299546007067,8.68410934344865e-05,0.00462361983954906,0,0.934719204902649,0,5535.4375,NA,NA
"SEG226079",-6.03131628036499,3.62975168228149,17.3247013092041,6.0225191116333,23.3560180664062,1.66867411136627,1.447394490242,2.11436367034912,2.28861045837402,84.0236434936523,70.8710327148438,68.1266021728516,83.5480880737305,0.00722901709377766,0.000653958297334611,0.000371655740309507,0.00177006656304002,1.73093327104878e-23,0.00714125530794263,0.751772224903107,2.53880261880113e-05,8715.4521484375,NA,NA
"SEG226080",-10.4273014068604,-0.767011284828186,13.1291217803955,1.9978666305542,23.5564231872559,1.41788816452026,1.33121967315674,2.5559196472168,2.04685044288635,82.1488952636719,72.6767349243164,72.685173034668,83.5521469116211,0.000630526279564947,1.07158257378615e-05,0.00166358647402376,0.000360080390237272,0.0097454022616148,0,0.950166702270508,0,15466.6484375,NA,NA
"SEG226081",-5.97199249267578,4.0775671005249,17.5725574493408,5.92440843582153,23.5445499420166,1.60579264163971,1.32818329334259,2.02819752693176,2.14864110946655,82.8919677734375,71.6845474243164,68.8535842895508,81.825798034668,0.0236632712185383,0.00379541073925793,0.00174921762663871,0.0076772328466177,4.26013918900659e-23,0.00979035440832376,0.728313863277435,0.000574123754631728,72022.1328125,NA,NA
"SEG226082",-6.99231195449829,3.29373168945312,16.7458515167236,5.47153091430664,23.7381629943848,1.7639684677124,1.59509587287903,2.53444957733154,2.328293800354,84.4868240356445,69.6193084716797,67.755973815918,83.4024200439453,0.00123470730613917,9.1595393314492e-05,0.000593222386669368,0.000195752145373262,8.95929976028507e-27,0,0.974711060523987,0,3269.53125,NA,NA
"SEG226083",-6.88231754302979,3.62676405906677,17.1826782226562,5.768714427948,24.0649967193604,1.70607995986938,1.540571808815,2.47045755386353,2.21252608299255,85.2635192871094,70.2722778320312,68.6581726074219,84.6045150756836,0.00862643215805292,0.00026776286540553,0.00135352823417634,0.000686518265865743,4.17073669514937e-25,0.000464890443254262,0.965213060379028,0.000177112568053417,5605.47509765625,NA,NA
"SEG226084",-8.62900638580322,2.33295941352844,16.0596199035645,3.99746179580688,24.688627243042,1.57162058353424,1.56532335281372,2.56661558151245,2.10398602485657,83.8718338012695,69.6006164550781,68.1385040283203,83.3336410522461,0.000747386016882956,3.37845012836624e-05,0.000660996767692268,0.000195303960936144,3.45615524091276e-27,0,0.993561387062073,0,7302.0859375,NA,NA
"SEG226085",-6.42498111724854,3.86298608779907,16.9654064178467,5.40604782104492,23.3903884887695,1.72402250766754,1.45173645019531,2.25340056419373,2.14878964424133,82.9034576416016,69.7677917480469,68.4522323608398,81.6493835449219,0.0172251854091883,0.00232683029025793,0.00106645131018013,0.0024917779956013,1.10506081072166e-23,0.0291146449744701,0.853861212730408,0.00170733453705907,30433.001953125,NA,NA
"SEG226201",-7.703209400177,3.06793355941772,15.5160121917725,4.96703004837036,23.2192211151123,1.76868402957916,1.6922287940979,2.83023285865784,2.18511343002319,85.8490676879883,70.4195785522461,70.021598815918,84.0006790161133,0.00265677692368627,1.55608358909376e-05,0.00091147207422182,0.000214243860682473,3.51531272138214e-26,0,0.972774267196655,0,3250.86889648438,NA,NA
"SEG226202",-5.90924692153931,4.06259441375732,16.5291519165039,5.7067379951477,22.4384002685547,2.02897620201111,1.68058276176453,2.72940731048584,2.43049550056458,84.791130065918,69.7397155761719,69.3358917236328,83.9673767089844,0.0107073560357094,0.000135302543640137,0.00163967651315033,0.000796348438598216,2.13456846824577e-24,0,0.9615837931633,0,4221.83447265625,NA,NA
"SEG226203",-6.70983648300171,2.77827715873718,14.9078855514526,5.07789611816406,21.6177234649658,2.01281070709229,1.80380928516388,2.90277695655823,2.50405979156494,85.2382278442383,71.9705657958984,71.6763687133789,84.2452011108398,0.00199726759456098,3.8722631870769e-05,0.00102744915056974,0.000212548984563909,8.51057657217031e-27,0,0.955157220363617,0,2384.31079101562,NA,NA
"SEG226204",-7.70012283325195,3.01490640640259,15.6873950958252,4.9851016998291,23.3875179290771,1.70962965488434,1.69815456867218,2.91970443725586,2.07513165473938,85.0946807861328,69.4648361206055,68.8675537109375,83.151008605957,0.00178280333057046,2.15402596950298e-05,0.000707479601260275,0.000495498417876661,1.21626797774849e-26,0,0.96936970949173,0,12988.2568359375,NA,NA
"SEG226205",-8.09314823150635,2.85643982887268,15.6620674133301,4.61267232894897,23.7552146911621,1.74596881866455,1.76513719558716,2.84383368492126,2.18220782279968,84.8659820556641,69.4386444091797,68.5801086425781,83.2063446044922,0.000646699161734432,4.39023351646028e-05,0.000410174659918994,0.000269107811618596,8.57397433407965e-28,0,0.96304988861084,0,3179.88452148438,NA,NA
"SEG226206",-4.79214525222778,4.39833211898804,16.8732719421387,6.30883169174194,21.6654167175293,1.81717431545258,1.47247159481049,2.57730221748352,2.36026620864868,84.070686340332,70.1625823974609,69.7217102050781,83.675895690918,0.0260669998824596,0.00266662007197738,0.00275042606517673,0.00195502280257642,1.45747037840503e-23,0.014719688333571,0.846194207668304,0.000478579953778535,8917.86328125,NA,NA
"SEG226207",-6.53518342971802,3.47410440444946,16.2001266479492,5.52194690704346,22.7353096008301,1.81084966659546,1.70882904529572,2.69049000740051,2.15924310684204,85.2371520996094,69.5607147216797,68.5554122924805,83.4765167236328,0.00176356045994908,2.79166724794777e-05,0.000499037210829556,0.000361334648914635,6.58237803638298e-26,0,0.951062560081482,0,3326.84301757812,NA,NA
"SEG226208",-2.94963550567627,4.67671203613281,17.4840927124023,7.83242321014404,20.4337291717529,2.64273381233215,1.83847570419312,2.21338701248169,2.81293678283691,83.5242919921875,72.4342651367188,71.0022964477539,81.6268692016602,0.0438729412853718,0.000490763981360942,0.0060683898627758,0.00129866087809205,0,0.774228870868683,0,0.0292054042220116,5689.70654296875,NA,NA
"SEG226209",-4.80136060714722,4.23810291290283,17.1259365081787,6.54788541793823,21.9272975921631,2.00596928596497,1.6304167509079,2.33486199378967,2.34292507171631,83.7118301391602,70.4603271484375,69.2764892578125,82.1996765136719,0.0287566427141428,0.00202420656569302,0.00290631619282067,0.00260976352728903,2.31679076195857e-23,0.114489816129208,0.740869224071503,0.00378260412253439,74360.4921875,NA,NA
"SEG226210",-10.0001077651978,0.472616106271744,13.5101566314697,2.95636081695557,23.5102653503418,2.18626141548157,1.93604075908661,2.86298608779907,2.51083087921143,83.9058227539062,73.0415802001953,72.5864639282227,83.7947540283203,0.000760789611376822,0.00132287829183042,0.00303828157484531,0.000167597623658367,0.00786399748176336,0,0.93826687335968,0,3529.25219726562,NA,NA
"SEG226211",-8.81342697143555,0.705976486206055,13.3095207214355,3.35156226158142,22.1229476928711,2.58323884010315,2.06954073905945,2.77118468284607,2.65818452835083,84.605842590332,73.8360595703125,73.5000839233398,84.4555816650391,0.00144351983908564,0.000622004095930606,0.00179824151564389,0.000127264589536935,0.0105398548766971,0,0.913331747055054,0,5313.64208984375,NA,NA
"SEG226212",-3.38097381591797,4.84539079666138,17.3753185272217,7.32535219192505,20.756290435791,2.06946444511414,1.59138059616089,2.33088970184326,2.45429682731628,83.4256439208984,70.562370300293,70.0837249755859,82.8639602661133,0.0304439514875412,0.00517996540293097,0.0018650027923286,0.00830244738608599,6.63936418953669e-24,0.516160368919373,0.170703828334808,0.0234014857560396,74036.359375,NA,NA
"SEG226213",-4.59248828887939,4.16785573959351,16.7407264709473,6.59106826782227,21.3332138061523,1.83350563049316,1.52185618877411,2.49404668807983,2.26181077957153,84.5708312988281,70.1682205200195,69.4927215576172,83.5952377319336,0.0389825478196144,0.00545560009777546,0.00350277661345899,0.0022914947476238,2.67142286635632e-23,0,0.859126031398773,0,5342.845703125,NA,NA
"SEG226214",-7.9340443611145,1.65038812160492,14.0570192337036,4.13773822784424,21.9910621643066,2.20702266693115,1.88739407062531,2.89186453819275,2.50316953659058,85.0727005004883,72.7489776611328,72.8158569335938,84.4386367797852,0.00130960182286799,2.78724528470775e-05,0.00157172919716686,0.000124706915812567,0.00625478569418192,0,0.943404972553253,0,7238.7060546875,NA,NA
"SEG226215",-5.64150810241699,3.62091517448425,16.300407409668,6.25113296508789,21.9419174194336,1.91078734397888,1.73519921302795,2.63766646385193,2.19756484031677,85.9355697631836,70.1008453369141,68.8564910888672,83.7151489257812,0.00918011367321014,0.000129033898701891,0.00111310801003128,0.000356768810888752,3.43464195632149e-25,0.0372879467904568,0.917753040790558,0.000525451265275478,7497.61474609375,NA,NA
"SEG226216",-5.23924160003662,4.5384464263916,15.8168315887451,6.14308881759644,21.0560722351074,1.54923844337463,1.62636971473694,2.81167507171631,1.82247042655945,83.8757400512695,69.1950149536133,70.209602355957,81.9417114257812,0.00665388768538833,0.000282845023320988,0.000818914268165827,0.000525353651028126,1.54193316332441e-24,0.0278996732085943,0.916234195232391,0.000349213922163472,6672.60693359375,NA,NA
"SEG226217",-4.82542562484741,5.16146802902222,17.1026611328125,6.9977331161499,21.9280872344971,1.8446729183197,1.61933636665344,2.4330883026123,2.26562333106995,83.1149520874023,71.6371612548828,70.9007186889648,81.6123428344727,0.0265898909419775,0.00275986874476075,0.00082282000221312,0.0056775426492095,1.3000837925713e-23,0.000453442218713462,0.821655869483948,4.81494680570904e-05,22851.115234375,NA,NA
"SEG226218",-5.15628004074097,5.09322261810303,17.1129932403564,6.6095552444458,22.2692718505859,2.02945995330811,1.69071698188782,2.47500658035278,2.3838849067688,82.9043579101562,71.0786056518555,70.6786041259766,82.0237884521484,0.0285643860697746,0.00187765865121037,0.00196147197857499,0.0024516440462321,1.39321607995297e-23,0,0.760631620883942,0,17242.33984375,NA,NA
"SEG226219",-6.24331712722778,4.44955730438232,16.6814041137695,5.61427307128906,22.9247207641602,2.10699081420898,1.74171614646912,2.6396632194519,2.44382309913635,84.2050628662109,70.2138595581055,70.0653839111328,83.4513397216797,0.0160117577761412,0.000922481704037637,0.00121995410881937,0.00162428733892739,6.37200660698281e-24,0.0203355941921473,0.849889039993286,0.000774195301346481,41685.97265625,NA,NA
"SEG226220",-6.46868991851807,4.12788343429565,16.0256366729736,5.45712566375732,22.4943256378174,1.72063255310059,1.67205059528351,2.64727830886841,1.96403193473816,84.5908279418945,69.3930053710938,69.5249557495117,82.8690643310547,0.0124594420194626,0.000299157574772835,0.0009137176675722,0.00116983021143824,3.9937870096764e-24,0,0.955114603042603,0,22487.65234375,NA,NA
"SEG226221",-4.84365797042847,4.75486087799072,16.4491710662842,6.66380405426025,21.2928295135498,1.8875195980072,1.74440062046051,2.61907434463501,2.10894393920898,83.5057525634766,70.2053756713867,70.3393936157227,81.7856521606445,0.0231274385005236,0.00343902828171849,0.00241263513453305,0.00517162913456559,8.21434391947217e-24,0.00241293758153915,0.889199137687683,0.000256221508607268,73895.8203125,NA,NA
"SEG226222",-5.15215396881104,4.77675628662109,16.6668453216553,6.62939500808716,21.818998336792,1.99384593963623,1.76028621196747,2.51929593086243,2.23752284049988,83.8620834350586,70.7816772460938,70.5412826538086,82.1422958374023,0.0207102745771408,0.00317056872881949,0.00122569885570556,0.00360509473830462,8.63434924262994e-24,0.0100929625332355,0.84246689081192,0.00107173691503704,11468.013671875,NA,NA
"SI031",3.74858999252319,13.1880645751953,23.1415557861328,13.7795248031616,19.3929672241211,1.48585379123688,2.19886374473572,2.90178179740906,2.44990944862366,79.0611877441406,66.8007965087891,63.633113861084,77.5051803588867,0.294060587882996,0.0841297209262848,3.15376428261516e-06,0.0142800994217396,0,0.00668267766013741,0.586556434631348,0.014287393540144,92438.390625,NA,NA
"SI032",3.67208504676819,12.9655723571777,22.8394355773926,13.7523965835571,19.1673526763916,1.934943318367,2.98153924942017,3.35700154304504,3.12394833564758,79.2495422363281,68.2577362060547,65.9411315917969,78.8891372680664,0.237566187977791,0.108716659247875,7.62310228310525e-05,0.018728744238615,0,0.0465774573385715,0.547637820243835,0.0406968295574188,243517.21875,NA,NA
"SI033",2.05958151817322,11.1768465042114,21.0907287597656,12.2654819488525,19.0311450958252,2.06766366958618,3.21837043762207,3.99806594848633,3.37789058685303,79.8900680541992,70.8543395996094,69.1290130615234,80.4139404296875,0.128843009471893,0.0622911490499973,0.00386136840097606,0.0187657587230206,0,0,0.786238729953766,0,100737.1171875,NA,NA
"SI034",3.05716848373413,11.593710899353,21.4621963500977,12.8632583618164,18.4050273895264,2.32306385040283,3.38439631462097,3.92271828651428,3.75063514709473,79.7560348510742,70.3252105712891,67.9943542480469,80.0250473022461,0.131115615367889,0.0907686874270439,0.00325123756192625,0.0243846643716097,0,0,0.750479817390442,0,300513.15625,NA,NA
"SI035",2.7862696647644,11.345534324646,21.2559432983398,12.6365871429443,18.4696731567383,2.49405550956726,3.54917621612549,4.15330505371094,3.98710608482361,80.0453720092773,71.0730895996094,68.677734375,80.3710250854492,0.0990016013383865,0.0735294073820114,0.0068959160707891,0.0268934797495604,0,0,0.793679594993591,0,71705.03125,NA,NA
"SI036",3.14386677742004,12.119909286499,22.1304702758789,13.2993087768555,18.9866027832031,2.47237372398376,3.11277270317078,3.3231897354126,3.73390483856201,80.7516555786133,70.9692764282227,67.4332580566406,79.7220230102539,0.141961067914963,0.0924858748912811,7.35244029783644e-05,0.026082081720233,3.71720179133126e-37,0,0.739397406578064,0,139359.140625,NA,NA
"SI037",2.32670783996582,10.995364189148,21.1747817993164,12.5875768661499,18.8480739593506,3.12561058998108,3.63731622695923,3.46967363357544,4.43529224395752,81.969970703125,73.4671630859375,69.6756210327148,80.8653182983398,0.0629397854208946,0.091814398765564,0.000278703140793368,0.00815162993967533,2.01929314239091e-32,0,0.835498988628387,0,147401.09375,NA,NA
"SI038",2.33556365966797,9.88662624359131,20.222827911377,12.0785799026489,17.887264251709,3.99208998680115,4.40413618087769,3.68287324905396,5.19082832336426,80.9809188842773,74.3654174804688,70.4416046142578,80.7745361328125,0.0426902174949646,0.0866349935531616,0.00319856172427535,0.00581663148477674,3.10814426056409e-25,0,0.852407932281494,0,71271.6640625,NA,NA
"SI041",2.39691615104675,10.6718664169312,20.7793617248535,12.2941694259644,18.3824462890625,3.29962396621704,4.09696340560913,4.10340213775635,4.76254224777222,81.1186752319336,73.1218032836914,69.9617156982422,80.9771423339844,0.0634484961628914,0.068768821656704,0.00658875051885843,0.0171987991780043,0,0,0.843995094299316,0,262422.9375,NA,NA
"SI042",1.572385430336,8.95250225067139,18.9441432952881,10.9028081893921,17.3717594146729,4.02468729019165,5.08130502700806,4.91277980804443,6.00030755996704,80.8401336669922,73.5835266113281,70.9998168945312,81.4346237182617,0.0702401697635651,0.0536833480000496,0.00888668838888407,0.0214953273534775,0,0,0.845551550388336,0,275453.375,NA,NA
"SI043",1.46571087837219,7.92939376831055,18.0408458709717,10.5573081970215,16.5751361846924,4.64210033416748,5.70376205444336,4.99486637115479,6.83592891693115,79.0392837524414,73.9418106079102,70.9073944091797,80.1112213134766,0.0406934320926666,0.077987052500248,0.00352158257737756,0.0158670507371426,0,0,0.804248034954071,0,203393.46875,NA,NA
"SI044",5.9660234451294,12.9077491760254,23.26047706604,15.174412727356,17.2944526672363,3.61916041374207,3.95988941192627,3.43823647499084,5.08191871643066,76.9616394042969,72.9393310546875,68.4614181518555,77.4049301147461,0.0927225649356842,0.126801535487175,0.000665027997456491,0.0321738794445992,5.44640046023484e-26,0,0.575466454029083,0,169416.28125,NA,NA
"SK010",3.05609846115112,12.533763885498,22.6957893371582,13.0041255950928,19.6396903991699,1.54074561595917,2.0035195350647,2.10251021385193,1.79697120189667,79.8831481933594,67.1838607788086,60.4140815734863,76.2406921386719,0.368498533964157,0.13540318608284,2.51557286112813e-09,0.0487813912332058,0,0.0261375177651644,0,0.420821458101273,546012.375,NA,NA
"SK021",3.04310488700867,12.5028953552246,22.6100368499756,12.9991827011108,19.5669345855713,1.45601987838745,1.95522546768188,2.0707995891571,1.70450413227081,79.8178100585938,66.7397689819336,60.2362670898438,75.6087188720703,0.460554033517838,0.131607413291931,4.08682644774672e-05,0.0302156284451485,0,0.00844397395849228,0.0612708106637001,0.307820469141006,618766.4375,NA,NA
"SK022",1.51040494441986,10.5776128768921,20.5650844573975,11.3486347198486,19.0546817779541,2.10511064529419,2.35694193840027,2.58864593505859,2.12539792060852,82.0488815307617,70.6407775878906,67.3290252685547,79.9704666137695,0.249008193612099,0.0765232145786285,9.2984912043903e-05,0.0240457691252232,0,0.000313544005621225,0.64268434047699,0.00733198085799813,513907.53125,NA,NA
"SK023",2.8898229598999,12.4848699569702,22.5294036865234,12.8530836105347,19.6395797729492,1.60270524024963,1.98490834236145,2.01286172866821,1.75727927684784,80.4631195068359,67.0986099243164,61.5496788024902,76.1130447387695,0.461125552654266,0.0877817943692207,2.89479680759541e-06,0.0237850099802017,0,0.000103541337011848,0.257278650999069,0.169922560453415,721267.875,NA,NA
"SK031",-0.207400619983673,8.42562866210938,18.3702239990234,9.45434474945068,18.5776252746582,2.72879815101624,3.14625406265259,3.60738635063171,2.8053252696991,83.6687393188477,73.813720703125,72.25244140625,83.1909942626953,0.128189668059349,0.0571908988058567,0.000258058513281867,0.0259211417287588,0,0.000513433362357318,0.771732866764069,0.0140172522515059,791415.3125,NA,NA
"SK032",0.955899059772491,10.1408843994141,20.1092929840088,10.8098106384277,19.153392791748,2.06231451034546,2.55223035812378,2.61798405647278,2.15758395195007,82.0517883300781,70.7908706665039,68.5454559326172,80.7799682617188,0.207316786050797,0.0635935589671135,0.000444133329438046,0.0138309048488736,0,0,0.71481466293335,0,636638.625,NA,NA
"SK041",0.653376042842865,9.81592178344727,19.55006980896,10.2443132400513,18.8966941833496,2.20781064033508,2.70172071456909,3.41671371459961,2.26172804832458,81.9825592041016,71.6587753295898,70.3949432373047,80.9087677001953,0.202888935804367,0.0604644902050495,0.000529995246324688,0.0164083447307348,5.07512122567277e-05,0.0300711840391159,0.471347033977509,0.217466726899147,840835.625,NA,NA
"SK042",1.31448245048523,10.8058099746704,20.5565929412842,11.057412147522,19.2421092987061,1.74755704402924,2.2570116519928,2.8258318901062,1.84156250953674,80.9731597900391,69.1008453369141,66.5843048095703,78.6702499389648,0.263748556375504,0.0601526685059071,0.000320294813718647,0.0239007230848074,0.000131100678117946,0.00458847917616367,0.539276301860809,0.106353029608727,824733.625,NA,NA
"SM",4.30302333831787,10.5636215209961,21.4616088867188,13.6021842956543,17.1585865020752,2.06840467453003,2.5009913444519,1.52843117713928,2.86294674873352,81.3533554077148,73.796257019043,65.5214767456055,78.8342208862305,0.255500644445419,0.0808551013469696,0.00286669447086751,0.00803286675363779,0,1.80791250026235e-11,0,0.64939147233963,3689.41967773438,NA,NA
"UKC1",4.72941112518311,8.37386894226074,16.2969741821289,11.7174482345581,11.5675630569458,2.78045630455017,1.86015474796295,1.92987370491028,2.41839909553528,84.719123840332,79.2450790405273,78.4930038452148,84.4891815185547,0.203372076153755,0.37542986869812,0.0273950789123774,0.0676199346780777,0,1.24724070047627e-13,0.1171855032444,0.113975942134857,1289913.125,NA,NA
"UKC2",4.40333795547485,8.07439804077148,15.9308195114136,11.3310041427612,11.5274810791016,2.88395833969116,1.92902493476868,2.0357882976532,2.55942130088806,84.8860015869141,79.093391418457,78.8670349121094,84.4531707763672,0.169127479195595,0.409461379051208,0.0713656470179558,0.0196141432970762,1.07838335375532e-27,5.62361199274442e-11,0.207296758890152,0.0236403122544289,782889.375,NA,NA
"UKD1",4.46288967132568,8.34260272979736,16.2378215789795,11.5501527786255,11.7749319076538,4.74448871612549,2.60966610908508,2.6938042640686,4.14608955383301,87.2981796264648,80.1949310302734,80.4736404418945,86.1954574584961,0.0687448605895042,0.525840938091278,0.0783374086022377,0.00574446236714721,2.73886978873795e-28,0,0.201812490820885,0.00243329512886703,447092.1875,NA,NA
"UKD3",5.1255259513855,9.22414302825928,17.3561859130859,12.4069957733154,12.230658531189,4.08752107620239,2.34840631484985,2.41679167747498,3.4053783416748,86.7445373535156,78.6347427368164,77.5817108154297,85.056037902832,0.147384881973267,0.454327195882797,0.000338675046805292,0.136750891804695,0,0,0.255470097064972,0,1259558,NA,NA
"UKD4",5.03533887863159,8.99290561676025,17.0374584197998,12.2429885864258,12.0021200180054,4.36081838607788,2.39237475395203,2.5289900302887,3.74457097053528,86.096321105957,78.9543838500977,78.5511703491211,84.6649398803711,0.147273153066635,0.471470385789871,0.0126852719113231,0.0814910382032394,2.50179214592626e-28,6.76738309488001e-12,0.234121739864349,0.00172693352214992,1857770.875,NA,NA
"UKD6",5.41622543334961,9.62129497528076,17.8045120239258,12.7372198104858,12.3882865905762,3.17230200767517,1.93814098834991,1.91521966457367,2.6838846206665,85.4376068115234,77.5008773803711,75.9109649658203,83.7215194702148,0.188071072101593,0.378684431314468,5.63879038963933e-05,0.146027594804764,0,0,0.26555398106575,0,2271658.5,NA,NA
"UKD7",5.45382356643677,9.44236183166504,17.5430641174316,12.6758670806885,12.089241027832,3.10610771179199,1.8371045589447,1.8026294708252,2.67634534835815,84.5312652587891,77.5583572387695,76.1074447631836,82.973014831543,0.173467054963112,0.329004973173141,0.000108584710687865,0.110662318766117,0,2.49864885726314e-11,0.228733688592911,0.00637617381289601,498781.15625,NA,NA
"UKE1",5.24866008758545,9.33199310302734,17.7541522979736,12.6995697021484,12.5054912567139,1.9673810005188,1.53703963756561,1.60103797912598,1.71948099136353,84.106575012207,77.755500793457,74.1078872680664,81.7615814208984,0.400035053491592,0.269731163978577,0.00183109659701586,0.0277201775461435,0,3.74224869842399e-12,0.0862606540322304,0.0762669369578362,782229.6875,NA,NA
"UKE2",4.47978067398071,8.46717739105225,16.6318416595459,11.7131147384644,12.1520624160767,2.96537637710571,1.86172318458557,1.91555821895599,2.42872047424316,85.4940872192383,79.3207244873047,78.0961761474609,84.7100982666016,0.287503600120544,0.422113984823227,0.0394264869391918,0.0226127784699202,4.42389644112755e-30,2.86683315433266e-14,0.0918769091367722,0.111236825585365,1481204,NA,NA
"UKE3",4.91815567016602,9.05239200592041,17.5233783721924,12.3028411865234,12.6052227020264,2.55347299575806,1.87671887874603,1.77623844146729,2.11831998825073,85.6151885986328,77.5861282348633,73.7323226928711,82.9685897827148,0.308788478374481,0.3418048620224,0.00992573518306017,0.0927819833159447,0,9.92038699451636e-13,0.0732935592532158,0.171826049685478,1033643,NA,NA
"UKE4",4.87990474700928,8.89776134490967,17.2240600585938,12.1814212799072,12.3441553115845,3.31950306892395,2.17588829994202,2.10169386863708,2.67713475227356,86.4012832641602,78.7193908691406,75.8896179199219,84.2300033569336,0.223527148365974,0.394780039787292,5.04132025014314e-09,0.138699918985367,0,0,0.181964457035065,0.0602108798921108,2002366.875,NA,NA
"UKF1",4.9431791305542,9.18691825866699,17.7175159454346,12.3916940689087,12.7743368148804,2.62282252311707,1.91299164295197,1.79929304122925,2.18346881866455,86.0261535644531,77.5628280639648,73.310546875,83.1471862792969,0.305306285619736,0.374004930257797,0.0150701412931085,0.0759987160563469,0,2.35954502464386e-11,0.0767169445753098,0.151836112141609,2679076.75,NA,NA
"UKF2",5.18120384216309,9.63365268707275,18.3030490875244,12.8046588897705,13.1218452453613,2.11072444915771,1.63013112545013,1.56168925762177,1.79139304161072,85.8549118041992,76.9902954101562,71.634391784668,82.5265731811523,0.434048444032669,0.296729803085327,2.13969686413407e-09,0.0634594261646271,0,0,0.00443172315135598,0.198965519666672,2402896.75,NA,NA
"UKF3",5.28394079208374,9.50918102264404,18.0177249908447,12.8952112197876,12.7337827682495,1.99771523475647,1.57867813110352,1.55388593673706,1.69617640972137,84.5186767578125,77.3812103271484,73.0532836914062,81.7218704223633,0.456758886575699,0.27830970287323,3.04173419785059e-09,0.0134080406278372,0,3.89707849324239e-10,0.0002921185514424,0.15402640402317,813254.625,NA,NA
"UKG1",5.29430866241455,9.59345722198486,18.1499290466309,12.7560958862305,12.8556222915649,2.88216638565063,1.86797893047333,1.60993885993958,2.24488496780396,86.0105056762695,77.2781677246094,73.1351928710938,83.3857040405273,0.368758827447891,0.364630222320557,0.000175901092006825,0.0546815171837807,6.18629462069393e-30,0,0.015183093957603,0.189946964383125,2557962.25,NA,NA
"UKG2",5.13101291656494,9.3743085861206,17.7407493591309,12.524905204773,12.6097354888916,3.01369452476501,1.9406818151474,1.71956408023834,2.41378784179688,86.1968765258789,77.6949310302734,74.5940093994141,83.9745483398438,0.275757133960724,0.448541641235352,0.00571021903306246,0.056154265999794,5.00726024512425e-30,0,0.188417240977287,0.0248848106712103,2636618,NA,NA
"UKG3",5.28017282485962,9.6165132522583,18.2057952880859,12.7671966552734,12.9256238937378,2.56127619743347,1.85597491264343,1.72278487682343,2.1341233253479,85.8722839355469,76.9455947875977,72.5721206665039,83.0844421386719,0.355086952447891,0.328747034072876,5.52345857940395e-09,0.0980548858642578,0,0,0.0976131036877632,0.120094805955887,631788.8125,NA,NA
"UKH1",5.6128511428833,9.63835525512695,18.1305141448975,13.2302570343018,12.5176630020142,2.08722305297852,1.52132260799408,1.54415929317474,1.76065921783447,84.3964920043945,78.5121307373047,75.4824066162109,82.41015625,0.455507755279541,0.270749032497406,2.06676340894774e-05,0.0170622244477272,0,1.86774817834134e-10,0,0.153441086411476,2222173,NA,NA
"UKH2",5.65392208099365,9.9117841720581,18.6436367034912,13.2873296737671,12.9897127151489,2.26211714744568,1.56382238864899,1.44024395942688,1.83129620552063,85.4307327270508,77.2081298828125,72.1807861328125,82.2419204711914,0.383818805217743,0.203168109059334,2.33540453642433e-09,0.184594348073006,0,4.58865688501842e-11,0,0.225915357470512,4733316,NA,NA
"UKH3",6.12555932998657,9.99370288848877,18.6053447723389,13.6460361480713,12.4797878265381,2.22001647949219,1.44397521018982,1.25200867652893,1.71658504009247,84.2497329711914,79.0574722290039,75.5851898193359,82.2251510620117,0.448406517505646,0.184218272566795,0.00171482737641782,0.0867087095975876,0,4.65831206941658e-10,0,0.163780480623245,2447177.25,NA,NA
"UKI3",5.75774765014648,9.90260124206543,18.6707878112793,13.3589162826538,12.9130392074585,2.62662649154663,1.63655972480774,1.4335196018219,2.03449082374573,85.4363403320312,77.5589294433594,72.9986801147461,82.4736633300781,0.246892496943474,0.18001326918602,1.43513989581123e-09,0.296147137880325,0,0,0,0.27569192647934,293919.75,NA,NA
"UKI4",5.80779075622559,9.91662216186523,18.6584320068359,13.3822202682495,12.850640296936,2.57424831390381,1.61244869232178,1.40237784385681,1.99067389965057,85.3345718383789,77.6937866210938,73.2470779418945,82.4854888916016,0.28520655632019,0.178237169981003,1.67258973338136e-09,0.272559434175491,0,0,0,0.261785864830017,466045.09375,NA,NA
"UKI5",5.99822854995728,9.93117237091064,18.5532646179199,13.4435329437256,12.5550355911255,2.48162579536438,1.55678474903107,1.26941990852356,1.90894067287445,84.9874420166016,78.3328323364258,74.4373092651367,82.6845169067383,0.405693352222443,0.186949148774147,2.89905965900061e-09,0.174965590238571,0,0,0,0.224091067910194,612473.6875,NA,NA
"UKI6",5.83264207839966,9.79647731781006,18.4720325469971,13.2999706268311,12.6393909454346,2.86512851715088,1.69713878631592,1.34274303913116,2.21840953826904,85.2979965209961,78.168571472168,74.211296081543,82.9330215454102,0.251720249652863,0.230080127716064,1.62186053476177e-09,0.217015087604523,0,0,0,0.294051498174667,646527.375,NA,NA
"UKI7",5.77201271057129,9.93941879272461,18.7106094360352,13.390983581543,12.9385976791382,2.54034662246704,1.61157512664795,1.43507611751556,1.96679294109344,85.4401550292969,77.4933776855469,72.8404083251953,82.3826141357422,0.262004435062408,0.16535696387291,1.93000015968892e-09,0.306117385625839,0,1.17900633510694e-14,0,0.265033602714539,1264215.25,NA,NA
"UKJ1",5.69986152648926,9.87634181976318,18.5521812438965,13.2392835617065,12.8523197174072,2.62528920173645,1.72953021526337,1.4416823387146,2.00052809715271,85.7873229980469,77.5747146606445,72.8634490966797,82.7014465332031,0.42428731918335,0.280297696590424,3.42948358600381e-09,0.0528232492506504,0,1.23197285706311e-10,0,0.242280125617981,2242129.75,NA,NA
"UKJ2",6.33463764190674,10.0344429016113,18.672830581665,13.8726377487183,12.338191986084,3.04103660583496,1.74828135967255,1.37860214710236,2.36879897117615,85.0992813110352,78.3262329101562,74.3466033935547,82.713996887207,0.231439173221588,0.204594925045967,1.72264608409023e-05,0.118155606091022,0,6.79028638872481e-11,0,0.2295001745224,4966301.5,NA,NA
"UKJ3",6.29273128509521,10.0341300964355,18.6190814971924,13.7788934707642,12.3263502120972,3.21969985961914,1.82543277740479,1.40022301673889,2.42702174186707,84.9330902099609,78.1572265625,73.9031677246094,82.3018341064453,0.296234309673309,0.230874210596085,3.43465762853157e-06,0.057185523211956,0,2.87435963919336e-10,0,0.227025151252747,1753161.75,NA,NA
"UKJ4",6.41148805618286,10.0099258422852,18.6303024291992,13.8984022140503,12.2188138961792,2.77138566970825,1.68433809280396,1.2149692773819,2.26796770095825,84.5015716552734,79.6941375732422,76.477912902832,82.8814849853516,0.334931969642639,0.213501185178757,1.82696024975115e-09,0.0651948526501656,0,0,0,0.185405790805817,1790014.375,NA,NA
"UKK1",5.77629232406616,9.81965351104736,18.4443264007568,13.2046432495117,12.6680335998535,3.25905323028564,1.90964043140411,1.54007852077484,2.30683636665344,85.7789535522461,77.9972991943359,73.9739685058594,83.1549987792969,0.405416458845139,0.342360556125641,3.26584315146761e-09,0.0319357663393021,0,1.56781326202809e-12,0.0160658303648233,0.190127909183502,2009250.125,NA,NA
"UKK2",6.48703527450562,9.95740985870361,18.3545303344727,13.7016839981079,11.8674945831299,3.79015851020813,2.06518268585205,1.58952403068542,2.66870808601379,85.2189712524414,78.7986297607422,75.2648086547852,83.1074752807617,0.252200752496719,0.306283175945282,2.37376363010355e-09,0.0270971488207579,0,1.44576607630231e-11,0.130628421902657,0.0320814363658428,1424130,NA,NA
"UKK3",7.91295289993286,10.3155164718628,17.8712730407715,14.2973833084106,9.9583215713501,4.7751989364624,2.23496747016907,1.83637034893036,3.38540029525757,83.5502777099609,80.0466766357422,80.0432205200195,83.773193359375,0.146173790097237,0.320268571376801,0.000910880160517991,0.0114692188799381,3.67733629960616e-17,8.70587046897242e-10,0.083940900862217,0.0365272089838982,292135.96875,NA,NA
"UKK4",6.920654296875,9.88022041320801,17.9337882995605,13.7536010742188,11.0131330490112,4.871910572052,2.40029454231262,1.92931139469147,3.37760901451111,85.7312850952148,80.6823120117188,78.7893524169922,84.670654296875,0.171051859855652,0.45870366692543,0.0046934736892581,0.0114693092182279,1.60681465731431e-20,3.35373499804614e-11,0.144153088331223,0.0116936834529042,671164.625,NA,NA
"UKL1",5.99248933792114,9.20364475250244,16.9570503234863,12.8185091018677,10.9645614624023,5.36112928390503,2.74741220474243,2.40992116928101,4.28119993209839,85.2988815307617,79.9830856323242,79.6275482177734,84.7163848876953,0.0907261222600937,0.425428777933121,0.0366762727499008,0.0170103758573532,3.48963459595277e-28,6.43691419610626e-11,0.168208047747612,0.00948640238493681,1545398.5,NA,NA
"UKL2",5.0632266998291,8.77905941009521,16.9558544158936,12.1822385787964,11.8926277160645,4.98187303543091,2.65076804161072,2.13278341293335,3.736736536026,87.4517288208008,79.7901992797852,77.3916091918945,85.7049179077148,0.145242303609848,0.50786817073822,0.0506858602166176,0.0246659889817238,3.85178887010777e-29,0,0.192230775952339,0.0257024765014648,1286137.5,NA,NA
"UKM50",4.0824294090271,7.82793188095093,15.0548639297485,10.491717338562,10.9724349975586,2.45122504234314,1.78011846542358,2.00311541557312,2.74317073822021,82.5804595947266,78.0675964355469,79.0383224487305,82.836784362793,0.191903248429298,0.322574526071548,0.086362935602665,0.00857412070035934,1.0969877659898e-23,1.11441617652724e-12,0.191009625792503,0.064944215118885,431055.96875,NA,NA
"UKM61",4.03256320953369,7.54945516586304,14.3164119720459,10.3630828857422,10.2838497161865,4.62273168563843,2.74774217605591,2.42732524871826,4.8935923576355,84.8441848754883,79.8345718383789,82.2924118041992,85.2716064453125,0.0244747307151556,0.0774133279919624,0.396143585443497,0.000747127807699144,1.35163151399251e-24,2.83958932756345e-11,0.291536867618561,0.0130761815235019,77622.0234375,NA,NA
"UKM62",2.8368411064148,6.78710794448853,14.2919254302979,9.64999771118164,11.4550838470459,3.55714702606201,2.24182987213135,2.14250302314758,3.7389669418335,86.4665069580078,79.4677505493164,79.578987121582,85.8012313842773,0.0499383509159088,0.139549478888512,0.358735531568527,0.00306318304501474,1.02031130641766e-22,2.07837029921401e-13,0.321111172437668,0.0602385066449642,145967.703125,NA,NA
"UKM63",4.09222650527954,7.41032600402832,14.402153968811,10.4274940490723,10.309928894043,7.48921251296997,4.04809951782227,3.53466701507568,7.48873901367188,85.2424621582031,80.4646606445312,83.2826156616211,85.270378112793,0.0417449548840523,0.0677095502614975,0.291771709918976,0.000748841091990471,8.71073385522158e-24,1.00661999569152e-10,0.278068155050278,0.0131689198315144,85650.203125,NA,NA
"UKM64",5.91990947723389,8.3877067565918,14.4010820388794,11.4190263748169,8.48117160797119,5.13602352142334,2.88078141212463,2.60255551338196,5.38220739364624,79.2054290771484,78.5869827270508,83.7992477416992,82.3908462524414,0.00516004860401154,0.0729361325502396,0.177391067147255,0.000282963970676064,6.94957190760128e-24,1.06021713630611e-09,0.0604233331978321,0.0791864469647408,11093.7763671875,NA,NA
"UKM66",7.73625802993774,8.67095947265625,13.6472101211548,12.0575952529907,5.91095209121704,5.16150140762329,2.9276921749115,2.47230219841003,4.51228904724121,74.4911499023438,77.40966796875,86.3406372070312,80.4037094116211,0.0052047804929316,0.181560188531876,0.0663584992289543,0.000287876202492043,0,2.90114399170704e-09,0,0.10106985270977,9724.5634765625,NA,NA
"UKM71",3.58554601669312,7.48660373687744,15.1338291168213,10.4221630096436,11.548282623291,2.62962007522583,1.80110728740692,2.00869488716125,2.65570211410522,85.0636901855469,78.6492919921875,78.7523040771484,84.4262924194336,0.22758287191391,0.233627080917358,0.198520019650459,0.00597208552062511,2.08920161838764e-27,2.65590500980739e-11,0.266795009374619,0.00431555323302746,96267.9375,NA,NA
"UKM72",4.46752738952637,8.56423759460449,16.2090473175049,11.4516887664795,11.7415199279785,2.59837532043457,1.72952020168304,2.07205009460449,2.54897832870483,83.3984375,77.3275756835938,77.4729995727539,82.6408996582031,0.224424362182617,0.235329240560532,0.0158026684075594,0.0278434809297323,0,2.72969646886168e-10,0.159937590360641,0.0295987986028194,294294.65625,NA,NA
"UKM73",4.25689744949341,8.14363861083984,15.8577146530151,11.1412830352783,11.6008176803589,2.78039693832397,1.86340391635895,2.07505011558533,2.61751747131348,85.3731307983398,78.8193740844727,78.8247756958008,84.4400939941406,0.181796491146088,0.343124121427536,0.118144169449806,0.021334707736969,6.97631481537084e-28,9.85207540549204e-11,0.231957882642746,0.0106828585267067,177853.1875,NA,NA
"UKM75",4.15112161636353,8.12185192108154,15.7974042892456,11.0105981826782,11.6462831497192,3.21622586250305,2.06552910804749,2.1889955997467,3.0206606388092,86.5427703857422,79.3084564208984,79.4896392822266,85.6293258666992,0.131141915917397,0.31283050775528,0.169937416911125,0.054947055876255,0,0,0.297594398260117,0,118758.3046875,NA,NA
"UKM76",4.01051568984985,8.20401954650879,15.9020528793335,10.9501819610596,11.8915376663208,3.65135431289673,2.18041944503784,2.32294654846191,3.37730932235718,86.6311798095703,78.7678070068359,79.137809753418,85.6370697021484,0.1716218739748,0.440057903528214,0.049908883869648,0.0308007895946503,2.34376121619402e-25,0,0.291552782058716,0,68210.296875,NA,NA
"UKM77",2.71788430213928,6.83971738815308,14.5840005874634,9.71089839935303,11.8661165237427,4.6264009475708,2.63399934768677,2.51748991012573,4.41852903366089,88.224006652832,80.2678070068359,80.4763793945312,87.1127853393555,0.114322274923325,0.192630901932716,0.296019434928894,0.00793578289449215,1.77135529269321e-23,0,0.352362751960754,0,438597.1875,NA,NA
"UKM78",4.13674688339233,8.24034023284912,15.9167604446411,11.0126533508301,11.7800140380859,3.50861167907715,2.15349626541138,2.28886914253235,3.32837867736816,86.8498382568359,79.1758804321289,79.5945587158203,85.9401473999023,0.138712182641029,0.445095419883728,0.0615970268845558,0.0420641042292118,0,0,0.30229577422142,0,138644.28125,NA,NA
"UKM81",3.5514395236969,7.3791012763977,14.8456859588623,10.3116388320923,11.2942457199097,7.0844144821167,3.8933436870575,3.46278643608093,6.73572731018066,87.5230484008789,80.3713607788086,81.8911590576172,86.8557357788086,0.0929228067398071,0.210928440093994,0.242203891277313,0.0438291020691395,1.58399719894306e-24,0,0.346931368112564,0,214988.9375,NA,NA
"UKM82",4.46087121963501,8.30015754699707,15.7419576644897,11.2042198181152,11.2810859680176,4.72230386734009,2.60781311988831,2.61566710472107,4.54156303405762,85.5437240600586,79.1816329956055,80.843147277832,85.411018371582,0.116888232529163,0.428957879543304,5.98186389311195e-10,0.125705987215042,0,0,0.328447908163071,0,146037.46875,NA,NA
"UKM83",5.00314378738403,8.52507591247559,15.8244314193726,11.5617303848267,10.8212871551514,5.18949604034424,2.86347389221191,2.81863188743591,5.02963352203369,84.8436965942383,79.3156051635742,81.2359085083008,84.9113159179688,0.0832943469285965,0.359752148389816,0.0239163972437382,0.0700111761689186,0,0,0.25304514169693,0,272742.84375,NA,NA
"UKM84",4.18936777114868,8.24428844451904,15.8474416732788,11.0324516296387,11.6580743789673,4.04500961303711,2.35721397399902,2.44146227836609,3.87936019897461,86.5856246948242,79.1895751953125,80.0655746459961,85.9034576416016,0.132376462221146,0.468132197856903,0.0212131571024656,0.0629757270216942,2.49985504635856e-24,0,0.313843041658401,0,213828.328125,NA,NA
"UKM91",4.17466735839844,8.07755184173584,15.8685302734375,11.0973844528198,11.6938638687134,3.3746190071106,2.12933015823364,2.28678202629089,3.01524806022644,86.193962097168,79.1108703613281,79.0790328979492,85.1811141967773,0.15904289484024,0.368391513824463,0.137434303760529,0.013926443643868,2.61199857587246e-27,0,0.280191451311111,0,523009.15625,NA,NA
"UKM92",4.57072877883911,8.22158527374268,15.7699842453003,11.3114233016968,11.199254989624,5.02816295623779,2.81640934944153,2.77495694160461,4.68228387832642,86.5327987670898,80.303955078125,81.6435470581055,86.2180786132812,0.0655343160033226,0.359232187271118,0.122210070490837,0.0035595023073256,3.48677782285136e-24,1.2278232597307e-10,0.251103401184082,0.0112229017540812,137954.5625,NA,NA
"UKM93",4.45502948760986,8.06077194213867,15.4398527145386,11.0871133804321,10.9848232269287,5.32355690002441,2.90142607688904,2.80611991882324,5.10707473754883,85.8207244873047,79.9965209960938,81.9521255493164,85.8710098266602,0.0867247581481934,0.342934280633926,0.0800868421792984,0.0481672361493111,5.34209285202943e-31,0,0.325930207967758,0,557676.1875,NA,NA
"UKM94",5.01752281188965,8.35442447662354,15.5333499908447,11.478663444519,10.5158281326294,4.75855159759521,2.62395238876343,2.62863254547119,4.73703479766846,84.4575805664062,80.5513076782227,83.3107681274414,84.9072799682617,0.0724354386329651,0.290182113647461,0.0677592381834984,0.0136593449860811,2.07099234196797e-29,1.85538772388451e-13,0.291740506887436,0.000893056974746287,98583.8203125,NA,NA
"UKM95",4.2081093788147,8.23547840118408,15.8631238937378,11.049542427063,11.6550140380859,4.21353769302368,2.45197558403015,2.50575518608093,3.96678042411804,86.8471832275391,79.3833236694336,80.1752548217773,86.1453170776367,0.123959340155125,0.470652729272842,0.0490336939692497,0.0513740070164204,7.01842033840939e-29,0,0.303225010633469,0,657975.5,NA,NA
"UKN06",6.12709999084473,9.14103126525879,16.2609958648682,12.4353113174438,10.1338949203491,3.48647093772888,2.20461201667786,2.25951075553894,3.39951419830322,83.3806686401367,80.5722198486328,82.1662216186523,83.8643417358398,0.0540220253169537,0.352186232805252,0.00539741618558764,0.0477387234568596,4.19579275160079e-23,0,0.153377488255501,0,44057.94140625,NA,NA
"UKN07",5.38384532928467,8.66640949249268,16.0143871307373,11.7813539505005,10.6305418014526,3.14038848876953,2.05287718772888,2.19306874275208,3.1531195640564,85.8233184814453,80.5708389282227,80.7824478149414,85.7006912231445,0.0535685122013092,0.743386149406433,0.00120912806596607,0.0163678079843521,0,0,0.157858073711395,0,183151.1875,NA,NA
"UKN08",5.84059858322144,8.8601713180542,16.1616840362549,12.1253042221069,10.3210849761963,3.22818613052368,2.10262513160706,2.15462970733643,3.17523884773254,84.1352310180664,80.2838821411133,80.9004821777344,84.4372711181641,0.0598218664526939,0.561707258224487,7.94824706051855e-10,0.0145130446180701,0,0,0.14182735979557,0,181300,NA,NA
"UKN09",6.49999713897705,9.25450992584229,16.3144874572754,12.716649055481,9.81448936462402,3.51627635955811,2.18712091445923,2.17978072166443,3.37651944160461,82.4752960205078,80.4825134277344,82.2231063842773,83.161003112793,0.0500452816486359,0.282932817935944,0.00292899925261736,0.036973848938942,3.30660704080867e-23,1.28679580879698e-10,0.126375585794449,0.00140228855889291,114722.984375,NA,NA
"UKN10",5.00408554077148,8.19320774078369,15.2437620162964,11.2971343994141,10.2396764755249,4.09608793258667,2.50039720535278,2.47016453742981,3.80449223518372,86.5430297851562,81.4109268188477,82.5489730834961,86.5478897094727,0.0765027403831482,0.660341918468475,0.0110250813886523,0.00780010735616088,2.46289338749761e-12,0,0.208095759153366,0,85860.6953125,NA,NA
"UKN11",5.09996938705444,8.49877834320068,15.6775932312012,11.5268878936768,10.5776243209839,3.54997420310974,2.2525634765625,2.30152440071106,3.47043704986572,86.2850189208984,80.8708724975586,81.4612045288086,86.0893707275391,0.0423860475420952,0.741975665092468,0.017257034778595,0.00867319107055664,3.47788165661539e-27,0,0.165107637643814,0,153527.5625,NA,NA
"UKN12",5.73382806777954,8.63999462127686,15.5104761123657,11.9677314758301,9.77664852142334,3.67018961906433,2.27875328063965,2.43217039108276,3.73859763145447,84.932991027832,81.2647247314453,82.9501190185547,85.1043319702148,0.0420502386987209,0.478612780570984,0.0272961556911469,0.00836524367332458,9.67052718285621e-13,1.39706714079313e-12,0.145928040146828,6.08599148108624e-05,99895.9609375,NA,NA
"UKN13",5.24026012420654,8.53675556182861,15.7696752548218,11.7013301849365,10.5294151306152,3.91878747940063,2.3730034828186,2.50060820579529,3.82574462890625,84.9864273071289,80.6920013427734,81.7462158203125,85.0421524047852,0.0406203158199787,0.588330805301666,0.0100968405604362,0.0234683211892843,6.74526876606261e-24,0,0.145620048046112,0,135780.71875,NA,NA
"UKN14",5.61075115203857,8.74174690246582,15.9968214035034,11.9772300720215,10.3860692977905,3.53139233589172,2.22718620300293,2.31695556640625,3.47368264198303,84.4060821533203,80.5118637084961,81.4360733032227,84.6280364990234,0.0539551451802254,0.547198116779327,0.00480967294424772,0.024672644212842,9.43179532108247e-24,0,0.149743542075157,0,97883.1953125,NA,NA
"UKN15",5.49655723571777,8.69840908050537,15.8882579803467,11.906042098999,10.3916997909546,3.80717444419861,2.33179783821106,2.43988585472107,3.72438049316406,84.5340270996094,80.6806716918945,81.9166259765625,84.7150421142578,0.0431939549744129,0.512340605258942,0.0103548439219594,0.0290520675480366,1.57887023414784e-23,1.88440808096546e-11,0.14516045153141,0.000820897636003792,229908.34375,NA,NA
"UKN16",5.05139207839966,8.330641746521,15.4963817596436,11.3724803924561,10.4449892044067,4.33278036117554,2.62159299850464,2.53921151161194,3.91284918785095,87.2388610839844,81.4755630493164,82.15673828125,87.0866775512695,0.0955622121691704,0.634994506835938,0.0362211056053638,0.0042837131768465,2.18781026281589e-12,0,0.21694341301918,0,139522.609375,NA,NA
"VA",11.2327671051025,16.1593017578125,25.987117767334,19.8826122283936,14.7543506622314,2.88244986534119,2.63255715370178,0.861420810222626,7.54437494277954,77.6198577880859,76.2644577026367,71.8606262207031,77.2981643676758,0.218724489212036,0.0390620231628418,1.16741338818116e-12,0.15377801656723,0,0,0,0.152933865785599,225.580795288086,NA,NA
"XKG125378",2.86633491516113,11.8709945678711,22.5024642944336,12.9206743240356,19.6361293792725,1.91233360767365,2.1779055595398,1.46891868114471,1.98394644260406,76.9626083374023,68.0541305541992,58.4961433410645,72.9140777587891,0.239986911416054,0.238579005002975,0.00534071121364832,0.0405602268874645,0,0.0660482570528984,0.0764379650354385,0.333046913146973,682719.9375,NA,NA
"XKG125379",2.7332592010498,11.6812629699707,22.3183517456055,12.7367305755615,19.5850925445557,2.19112133979797,2.60296940803528,1.83816361427307,2.2983558177948,76.7242660522461,68.2534484863281,60.2724723815918,73.4770050048828,0.230861142277718,0.233288809657097,0.0107871918007731,0.022632310166955,0,0.0372432880103588,0.225321516394615,0.239865720272064,263404.65625,NA,NA
"XKG125380",3.17978715896606,12.2418556213379,22.8393993377686,13.2617378234863,19.6596126556396,1.79400098323822,2.07307195663452,1.38291418552399,1.82557046413422,77.1422424316406,67.7528762817383,57.5680923461914,72.4505233764648,0.262286484241486,0.216739431023598,0.00726346485316753,0.0328462682664394,0,0.0988181382417679,0,0.38204625248909,231772.359375,NA,NA
"XKG125385",1.73411440849304,10.1051034927368,20.7975826263428,11.5447511672974,19.0634689331055,2.97899413108826,2.83866500854492,1.51339972019196,3.0055091381073,76.9655838012695,70.2282028198242,61.9015693664551,74.2997512817383,0.177181512117386,0.242182075977325,0.0396403707563877,0.0210601259022951,0.0151480184867978,0,0.504610955715179,0,271477.53125,NA,NA
"XKG125389",1.70329880714417,10.1577415466309,20.8281784057617,11.5970773696899,19.1248817443848,2.44347286224365,2.48737406730652,1.44368195533752,2.59203815460205,76.7580795288086,69.1997375488281,57.9379920959473,72.3564147949219,0.161085531115532,0.294843912124634,0.0327477268874645,0.0294621363282204,0.000234324805205688,0,0.481399178504944,0,359807.125,NA,NA
