"NUTM","temperature_winter","temperature_spring","temperature_summer","temperature_fall","seasonal_variation","precipitation_winter","precipitation_spring","precipitation_summer","precipitation_fall","relative_humidity_winter","relative_humidity_spring","relative_humidity_summer","relative_humidity_fall","croplands","pastures","rangelands","urbanAreas","primaryForest","primaryNonForest","secondaryForest","secondaryNonForest","secondaryLand","total_population","population_density"
"AD",4.65123987197876,10.4189891815186,21.535717010498,13.8671836853027,16.8844776153564,2.59469485282898,2.87681221961975,1.9576495885849,2.6654999256134,75.7195587158203,74.2936172485352,68.4265213012695,74.4765777587891,0.0966761633753777,0.0665047392249107,0.0431184619665146,0.0279050841927528,4.7047567932168e-05,0.0311771687120199,0.160094439983368,0.574476897716522,19260.39453125,NA,NA
"AL013",3.41354131698608,11.3689384460449,23.1219635009766,14.123363494873,19.7084217071533,5.33914232254028,2.97330641746521,1.29178929328918,3.79535865783691,80.0491256713867,71.1345596313477,58.8970947265625,70.5993423461914,0.15067346394062,0.179330259561539,0.00543484091758728,0.0225980281829834,0.0503976941108704,0,0.589952707290649,0,119673.328125,NA,NA
"AL015",4.49089241027832,11.9769630432129,23.6602668762207,14.9196519851685,19.1693744659424,7.3916392326355,3.60754871368408,1.2593891620636,5.30879545211792,77.9137420654297,71.4732818603516,61.3663673400879,71.102294921875,0.148177668452263,0.133526682853699,0.00622165435925126,0.0143149103969336,0.0668524727225304,0.00165878620464355,0.541693210601807,0.00280942558310926,151831.671875,NA,NA
"AL014",8.35779476165771,15.6052656173706,27.1554985046387,18.5471782684326,18.7977027893066,5.87562656402588,2.83575582504272,1.02872729301453,4.26563310623169,76.5013809204102,70.98046875,61.5309906005859,70.7460403442383,0.20137982070446,0.126000761985779,5.29486732236961e-10,0.0268335994333029,0.0674095451831818,2.71025601250585e-06,0.504239022731781,4.59026159660425e-06,55483.90234375,NA,NA
"AL011",5.42215967178345,13.0028686523438,24.779821395874,15.9680461883545,19.3576622009277,4.88377714157104,2.57430052757263,1.01083183288574,3.47946429252625,81.0692443847656,72.0121765136719,60.9340324401855,71.7969436645508,0.18070937693119,0.177975296974182,0.0017262912588194,0.0153595479205251,0.0715172365307808,0,0.539767265319824,0,80379.78125,NA,NA
"AL012",10.0286855697632,16.8014430999756,28.1461696624756,19.9609851837158,18.1174812316895,4.85525226593018,2.45313787460327,0.872322261333466,3.70156121253967,74.4556732177734,70.0346374511719,62.796932220459,70.353889465332,0.266517400741577,0.115335375070572,4.8466686219939e-10,0.0387592911720276,0.0598266795277596,0.000729657476767898,0.37028431892395,0.00638882862403989,151034.46875,NA,NA
"AL021",6.37855291366577,13.4838342666626,25.2369365692139,16.7596683502197,18.8583850860596,4.13315582275391,2.25381374359131,0.894590497016907,3.07570171356201,79.7911987304688,70.2459411621094,60.148998260498,70.9866180419922,0.193907126784325,0.170370221138,0.00985873583704233,0.0194081496447325,0.0856286436319351,0,0.51465505361557,0,230683.765625,NA,NA
"AL022",9.61811065673828,16.2301845550537,27.6317081451416,19.5396919250488,18.0135974884033,4.24757289886475,2.28516459465027,0.821784734725952,3.26962447166443,75.4960098266602,69.7990036010742,62.4538497924805,70.3619232177734,0.313274800777435,0.137348681688309,6.39663544355074e-10,0.0432476252317429,0.0700485706329346,0.000143058277899399,0.386572152376175,0.00249855522997677,457350.0625,NA,NA
"AL034",4.58875703811646,12.1651191711426,24.2399520874023,15.4343090057373,19.651195526123,3.70465159416199,2.01889204978943,0.876120388507843,2.69754719734192,82.3307495117188,70.8114242553711,56.6975364685059,69.8684692382812,0.202406033873558,0.111092321574688,0.0253510270267725,0.0112291183322668,0.0124107943847775,0.362320125102997,0.096533328294754,0.121311329305172,101569.609375,NA,NA
"AL031",7.53650236129761,14.2809715270996,25.8797454833984,17.7089042663574,18.343240737915,4.24817180633545,2.12589240074158,0.777257800102234,3.19637894630432,78.4098358154297,69.5937805175781,59.0634078979492,70.6318511962891,0.277684032917023,0.189322263002396,0.0160492248833179,0.0157022420316935,0.0666093975305557,0,0.432230412960052,0,51966.54296875,NA,NA
"AL032",11.409420967102,17.63743019104,28.7674255371094,21.0939178466797,17.3580055236816,4.04076147079468,2.0081205368042,0.694048523902893,3.37446618080139,75.894889831543,69.5431747436523,61.5338592529297,71.5040817260742,0.434442490339279,0.17149543762207,0.00135438959114254,0.0261064991354942,0.0266145039349794,0.00525725353509188,0.174716278910637,0.0174458511173725,122342.78125,NA,NA
"AL035",10.1545572280884,16.5433883666992,27.5150585174561,19.9030380249023,17.360502243042,5.49616575241089,2.18635749816895,0.592631757259369,4.1913595199585,77.030632019043,72.5033798217773,64.3142547607422,73.9490127563477,0.21356537938118,0.173878625035286,0.0344299525022507,0.011841744184494,0.0213392172008753,0.00698771327733994,0.284598052501678,0.00948648620396852,43215.19921875,NA,NA
"AL033",6.6111478805542,13.4245748519897,25.0026473999023,16.8327159881592,18.3915004730225,5.87723875045776,2.37000679969788,0.667730331420898,4.1521635055542,78.3249053955078,71.0577697753906,59.3939514160156,71.4157333374023,0.235885173082352,0.185734272003174,0.0234470088034868,0.00898817926645279,0.0482179224491119,0.0136939892545342,0.430185884237289,0.00299082836136222,30015.599609375,NA,NA
"AT11",4.92220783233643,13.7129907608032,24.13649559021,14.9012928009033,19.2142887115479,1.67828238010406,2.3567795753479,2.60081434249878,2.28099918365479,82.5340194702148,70.3934173583984,64.377685546875,76.7360992431641,0.318678736686707,0.167155057191849,0.000196381864952855,0.0223682355135679,2.40619273754563e-30,0.000917593075428158,0.215162187814713,0.255827844142914,379524.5,NA,NA
"AT12",4.02885484695435,12.6093635559082,22.6385440826416,13.867000579834,18.6096878051758,2.4412522315979,2.93544626235962,2.89972496032715,2.1920964717865,84.5560607910156,73.5578002929688,69.5661697387695,79.3803939819336,0.29945969581604,0.155002012848854,0.0035886955447495,0.0279907453805208,2.69342872007513e-32,0.00383290322497487,0.0756203457713127,0.434162259101868,4036641.25,NA,NA
"AT13",5.45996332168579,14.0770359039307,24.377815246582,15.1857652664185,18.9178524017334,1.98545789718628,2.46083235740662,2.34021902084351,2.02540588378906,82.9413375854492,71.2994918823242,64.9392700195312,76.4573516845703,0.285119473934174,0.100767128169537,2.47817016907348e-10,0.136319220066071,0,0.00339084980078042,0,0.474403321743011,611299.3125,NA,NA
"AT21",1.22316122055054,8.7461986541748,18.7483615875244,11.0805826187134,17.5251998901367,2.54497146606445,3.63062715530396,4.00639200210571,4.0390510559082,84.2622451782227,77.3207778930664,75.6670913696289,83.1980972290039,0.0900074988603592,0.0986280515789986,0.0530956536531448,0.0200166273862123,0,0,0.734118580818176,0,661103.25,NA,NA
"AT22",1.94490194320679,9.92753887176514,19.6792640686035,11.7786197662354,17.7343635559082,2.73130989074707,3.56223702430725,4.15358257293701,3.3377640247345,85.1022415161133,76.3490371704102,75.9745788574219,83.3459777832031,0.102282345294952,0.0988739803433418,0.0287099238485098,0.0230448935180902,2.52466136916892e-24,0.00143389706499875,0.683547794818878,0.0611626505851746,1463661,NA,NA
"AT31",3.19441843032837,11.6954689025879,21.0361099243164,13.0559682846069,17.8416919708252,3.84762215614319,4.2161865234375,4.00498914718628,3.09732556343079,86.7963027954102,75.9355850219727,75.7520370483398,83.6375274658203,0.232785239815712,0.222543150186539,0.0116639751940966,0.0284470077604055,0,0.00212920550256968,0.301565259695053,0.196142420172691,1632524.75,NA,NA
"AT32",0.453157395124435,6.9961404800415,16.2616424560547,9.64199256896973,15.8084869384766,3.85393023490906,4.98841142654419,5.61703777313232,4.12044906616211,86.1599426269531,80.0088272094727,80.9617919921875,85.7822875976562,0.0805333480238914,0.135803952813148,0.137151196599007,0.0166839957237244,5.64976968214953e-32,0,0.613080441951752,0,597146.3125,NA,NA
"AT33",0.0935304686427116,6.14607381820679,15.2697496414185,8.71275043487549,15.1762199401855,3.42226958274841,4.22140216827393,5.03158187866211,3.59067106246948,82.9927062988281,79.068244934082,80.1744003295898,84.1020355224609,0.0788789689540863,0.12214057892561,0.155172169208527,0.0174513459205627,6.46000149784646e-32,0,0.605160117149353,0,958361.125,NA,NA
"AT34",1.83971560001373,7.93911600112915,16.8660869598389,10.1051225662231,15.0263710021973,4.6171932220459,4.95699739456177,5.40722274780273,4.16107320785522,82.4557647705078,78.0178375244141,78.5459594726562,82.9720611572266,0.110834009945393,0.162446528673172,0.119198650121689,0.0498747676610947,0.00038803048664704,0,0.548751711845398,0,464018.65625,NA,NA
"BAG1652",4.47611856460571,12.2548131942749,23.6512222290039,15.0199432373047,19.1751041412354,3.91305923461914,3.02065801620483,1.91848361492157,3.5094485282898,81.8317947387695,72.2005920410156,62.480224609375,73.6149826049805,0.18410250544548,0.166758880019188,0.0313437506556511,0.0140543831512332,6.10987408435903e-05,0.113509498536587,0.440357327461243,0.0345303677022457,1144697.125,NA,NA
"BAG1653",4.91258668899536,13.1051740646362,24.5403861999512,15.604419708252,19.627799987793,3.69363069534302,2.95152688026428,1.97847485542297,3.23646831512451,81.715461730957,71.3395233154297,62.3371543884277,73.096809387207,0.223933324217796,0.131184011697769,0.0280596986413002,0.0116132907569408,0.000122682802611962,0.140455976128578,0.390353798866272,0.0645474418997765,831562.4375,NA,NA
"BE10",6.87419557571411,12.6158504486084,21.8270950317383,15.0589637756348,14.952898979187,3.25196719169617,2.34504151344299,2.13786458969116,2.61242938041687,87.8715896606445,77.4274444580078,73.8029174804688,82.9901657104492,0.333106368780136,0.140577673912048,7.14613257457586e-10,0.275942295789719,0,0,0,0.250373691320419,215316,NA,NA
"BE21",6.93294668197632,12.6441774368286,21.8368873596191,14.9284086227417,14.90394115448,3.17222452163696,2.18648314476013,2.15907120704651,2.65428996086121,87.6243515014648,76.6397247314453,73.4962921142578,83.0975646972656,0.219960644841194,0.133616760373116,1.39280897926142e-09,0.153013989329338,0,1.66732960771299e-10,0,0.474419713020325,1681925.125,NA,NA
"BE22",6.58381843566895,12.5537853240967,21.9081268310547,14.9185667037964,15.3243103027344,3.11430978775024,2.38303732872009,2.19167232513428,2.4451470375061,87.5557708740234,76.3862380981445,72.6211700439453,82.3911819458008,0.215478897094727,0.15045340359211,7.23819393311231e-10,0.135502398014069,0,0,0,0.498565286397934,1115482.625,NA,NA
"BE23",7.01115274429321,12.5155258178711,21.7557601928711,15.1677837371826,14.744607925415,3.23280048370361,2.16450762748718,2.16136741638184,2.78149914741516,87.5128402709961,77.8915252685547,75.0504379272461,83.4625396728516,0.271604150533676,0.154634982347488,1.29170163454262e-09,0.154108956456184,0,1.35349564889253e-10,0,0.34394696354866,1754994.125,NA,NA
"BE24",6.67303085327148,12.5753974914551,21.9323959350586,15.0293159484863,15.2593650817871,3.12036776542664,2.3187415599823,2.10854840278625,2.48832368850708,87.7983856201172,77.1986389160156,73.537712097168,82.8543090820312,0.359063804149628,0.154012769460678,1.60340363208888e-09,0.188468813896179,0,1.33509262673082e-11,0,0.296934127807617,1732123,NA,NA
"BE25",7.15014314651489,12.2926607131958,21.2691802978516,15.1010026931763,14.1190395355225,3.32273602485657,2.17082452774048,2.20418214797974,2.94491219520569,86.3801956176758,78.5239410400391,76.3080978393555,83.0368423461914,0.336457848548889,0.149193316698074,4.28296759169555e-10,0.113162621855736,0,5.82233011803268e-11,0,0.200318396091461,1606350.25,NA,NA
"BE31",6.64943027496338,12.5780210494995,21.9623317718506,15.0477733612061,15.3129014968872,3.10570502281189,2.29600024223328,2.082594871521,2.46089696884155,87.8324356079102,77.2275543212891,73.5309295654297,82.8566207885742,0.379998594522476,0.153733238577843,1.92275995125613e-09,0.186832085251808,0,0,0,0.279436141252518,857426.375,NA,NA
"BE32",6.72455453872681,12.4493246078491,21.8842277526855,15.0036087036133,15.1596717834473,3.53027439117432,2.4585428237915,2.1962423324585,2.69969415664673,88.3089065551758,78.0868530273438,74.2388916015625,83.3774795532227,0.325657039880753,0.168104231357574,8.31857693839311e-10,0.140127792954445,0,9.38663291008735e-35,0.192569270730019,0.173541679978371,2169688.5,NA,NA
"BE33",5.84470510482788,11.9767503738403,21.5372619628906,14.4203443527222,15.6925582885742,3.56679558753967,2.66847515106201,2.31079840660095,2.68541288375854,88.8728713989258,78.0840911865234,73.9106979370117,83.87841796875,0.177806213498116,0.159890502691269,1.42255263124724e-09,0.127591907978058,0,2.29790079335517e-17,0.24603471159935,0.288676679134369,1348242,NA,NA
"BE34",5.48257398605347,11.5002555847168,21.3242607116699,13.912618637085,15.841685295105,4.33257389068604,2.87781190872192,2.31729173660278,3.01721262931824,90.0203628540039,78.930908203125,73.8507385253906,84.8856887817383,0.139347270131111,0.195543572306633,4.78484707855387e-07,0.0559730418026447,1.70717277120369e-11,1.16501158635736e-27,0.522043645381927,0.0870920047163963,424076.6875,NA,NA
"BE35",6.18493700027466,12.1197948455811,21.7647705078125,14.6420106887817,15.579833984375,3.79933953285217,2.66414165496826,2.2869884967804,2.73906993865967,89.100715637207,78.4884872436523,74.1705780029297,83.9414520263672,0.251613736152649,0.183330252766609,1.84495729627088e-05,0.0782651379704475,0,1.62606554094106e-27,0.0896610170602798,0.39711144566536,788916.9375,NA,NA
"BG311",5.69317150115967,14.6798677444458,26.6361751556396,16.3286991119385,20.9430046081543,2.21309781074524,2.03510117530823,1.26338303089142,1.30036377906799,83.6468963623047,69.7130889892578,58.3426284790039,71.6060562133789,0.400315850973129,0.214468166232109,0.00575182493776083,0.00680534588173032,0,0.0376267656683922,0,0.332720965147018,74973.1640625,NA,NA
"BG312",5.09752178192139,14.1998529434204,26.1668491363525,16.0313396453857,21.0693264007568,2.09128856658936,2.24660134315491,1.4379985332489,1.29891419410706,82.944938659668,69.8913955688477,58.6299819946289,70.4901580810547,0.395052909851074,0.198595121502876,0.0191967859864235,0.00731272250413895,0,0.0336121693253517,0,0.344329684972763,85536.8984375,NA,NA
"BG313",5.21548128128052,14.6396245956421,26.9356517791748,16.6187038421631,21.7201690673828,2.17053556442261,2.44111204147339,1.58918190002441,1.3077894449234,83.3251800537109,70.3278732299805,58.8335456848145,70.2831726074219,0.436227858066559,0.176431819796562,0.0281560458242893,0.0090426979586482,0,0.00319308531470597,0,0.345309287309647,100078.7265625,NA,NA
"BG314",5.22730302810669,15.1829357147217,27.8124904632568,17.1929206848145,22.5851879119873,2.16594409942627,2.11529731750488,1.49473392963409,1.12156367301941,83.6537780761719,69.6856002807617,59.2538375854492,70.2459716796875,0.520962595939636,0.195332050323486,0.0116850240156054,0.00893409457057714,0,0.00533652910962701,0,0.256597757339478,166612.484375,NA,NA
"BG315",4.2233157157898,13.4009590148926,25.9504337310791,15.7566194534302,21.7271194458008,2.2299644947052,2.74967813491821,2.02625846862793,1.40747463703156,82.4666442871094,72.5994338989258,62.5677871704102,71.871337890625,0.306665599346161,0.128404662013054,0.00641877250745893,0.0121382568031549,0,1.08839458334842e-05,0,0.546350002288818,135517.125,NA,NA
"BG321",5.16791200637817,14.3834676742554,27.0787239074707,16.7271499633789,21.9108123779297,2.2563316822052,2.22995448112488,1.57976257801056,1.18840801715851,83.5250701904297,71.594596862793,62.526065826416,72.1409683227539,0.410459369421005,0.171084105968475,0.00353633682243526,0.0113388868048787,0,0.00233826483599842,0,0.400863796472549,162179.359375,NA,NA
"BG322",3.72990369796753,12.6453418731689,25.2721824645996,15.0903148651123,21.5422801971436,2.34146857261658,2.59444499015808,1.92598700523376,1.34536898136139,82.7917785644531,72.7773895263672,63.667724609375,72.8157424926758,0.24713546037674,0.108007006347179,0.000604907982051373,0.0140133630484343,0,1.34062911456567e-05,0,0.629660606384277,75317.296875,NA,NA
"BG323",5.32101440429688,15.0522212982178,27.7009582519531,17.115571975708,22.3799438476562,2.56493020057678,2.10677647590637,1.63754665851593,1.25521874427795,84.6390914916992,70.0329284667969,62.0934410095215,71.6850433349609,0.537758946418762,0.197188764810562,0.00657383492216468,0.0128372712060809,0,0.00999779626727104,0,0.233499854803085,141148.953125,NA,NA
"BG324",5.23803329467773,14.537055015564,27.1538867950439,16.8497409820557,21.9158535003662,2.53962898254395,2.16960954666138,1.66529071331024,1.34396982192993,84.6298141479492,71.4725570678711,63.9556159973145,72.8805313110352,0.476572424173355,0.18810261785984,0.00163881643675268,0.00961410626769066,0,0.00333193247206509,0,0.320657283067703,65295.30859375,NA,NA
"BG325",5.37824201583862,14.7249603271484,27.1886577606201,16.9776611328125,21.8104152679443,2.53595042228699,1.98288428783417,1.52616381645203,1.25182616710663,85.0058670043945,71.4179153442383,64.0730972290039,73.0739822387695,0.531825959682465,0.17280325293541,0.00702157896012068,0.00897189509123564,0,0.00870311260223389,0,0.2633116543293,117766.2578125,NA,NA
"BG331",6.81254720687866,14.0809421539307,26.6856079101562,17.7736396789551,19.8730602264404,2.01949405670166,1.65323257446289,1.12512707710266,1.39589190483093,83.0298538208008,74.5522994995117,67.9198150634766,75.1005401611328,0.37303039431572,0.145700439810753,0.000582667416892946,0.0144243128597736,0,4.45223886345048e-05,0,0.366543024778366,308476.09375,NA,NA
"BG332",6.37097072601318,14.2642498016357,26.6573524475098,17.4180030822754,20.2863807678223,2.01839542388916,1.54259204864502,1.1668004989624,1.29036664962769,83.6684036254883,74.0506439208984,67.5212020874023,74.6936721801758,0.49391570687294,0.184460863471031,2.39167752269509e-09,0.00690201949328184,0,0.00470527727156878,0,0.203444451093674,136282.296875,NA,NA
"BG333",5.86245632171631,14.0790920257568,26.7880897521973,17.0802803039551,20.9256343841553,2.1783881187439,1.98780298233032,1.42073118686676,1.25541985034943,83.960319519043,73.5332565307617,65.489875793457,74.0816345214844,0.447961986064911,0.186852678656578,0.000730624073185027,0.00928399339318275,0,4.03759304390405e-06,0,0.355013012886047,102845.625,NA,NA
"BG334",5.42825078964233,14.104266166687,26.8166217803955,16.778413772583,21.388370513916,2.20813322067261,2.15835189819336,1.57713568210602,1.20059466362,83.9469528198242,73.1055450439453,64.9071044921875,73.6554107666016,0.376198947429657,0.175415188074112,0.000345799518981948,0.00910099036991596,0,0.000292506534606218,0,0.438639402389526,63352.7578125,NA,NA
"BG341",7.49803924560547,14.586256980896,26.9015140533447,18.3134346008301,19.4034748077393,2.257652759552,1.72987735271454,1.06128895282745,1.60353195667267,81.5697174072266,74.2314682006836,67.4808807373047,73.878547668457,0.250146865844727,0.126171976327896,0.00334206270053983,0.00900432467460632,0,0.0455311201512814,0,0.444152653217316,251511.765625,NA,NA
"BG342",5.26840257644653,13.3609237670898,26.0646324157715,16.2121829986572,20.7962303161621,2.03233122825623,1.87827813625336,1.32866954803467,1.19773364067078,82.4841766357422,72.8704147338867,63.0003890991211,72.5089340209961,0.282912194728851,0.135769098997116,0.00533723877742887,0.0107641583308578,0,1.07101013782085e-05,0,0.565206587314606,114128.4765625,NA,NA
"BG343",7.3900260925293,14.9765892028809,27.5612564086914,18.0726261138916,20.1712303161621,2.05763220787048,1.7287095785141,1.08171510696411,1.29753267765045,81.5220184326172,71.5511322021484,60.4856605529785,70.7689056396484,0.443544179201126,0.203387722373009,0.01324029173702,0.00759871024638414,0,0.00261367973871529,0,0.32947313785553,82956.3046875,NA,NA
"BG344",5.58245086669922,13.8931341171265,26.5754203796387,16.4855251312256,20.9929695129395,2.19647359848022,2.09643912315369,1.47159588336945,1.25659608840942,81.8806457519531,71.6164016723633,59.8659172058105,71.0396881103516,0.335354924201965,0.143285810947418,0.00237365299835801,0.0126125896349549,0,8.86525322130183e-06,0,0.506159126758575,216355.28125,NA,NA
"BG411",4.10491943359375,12.5894336700439,24.3232898712158,15.0917530059814,20.2183685302734,2.23922634124756,2.84668779373169,2.06411695480347,1.64117455482483,80.6263961791992,71.1897506713867,61.6220893859863,70.0757827758789,0.217712491750717,0.0367687456309795,0.0066842962987721,0.054725892841816,0,1.61011575983139e-05,0,0.683406710624695,526415.375,NA,NA
"BG412",3.48176336288452,11.9530267715454,23.8989601135254,14.5269899368286,20.4171962738037,2.4131076335907,3.11104869842529,2.09397530555725,1.68864035606384,81.1529541015625,72.435791015625,62.8780059814453,71.1697845458984,0.186571732163429,0.0532739982008934,0.00609023403376341,0.0186612512916327,0,0.0100291883572936,0,0.723141014575958,677498.25,NA,NA
"BG413",4.08155202865601,12.2064428329468,24.290657043457,14.9143342971802,20.2091045379639,2.31906628608704,2.04278373718262,1.32105267047882,1.40444600582123,79.1046142578125,69.4259185791016,59.4760398864746,68.7593307495117,0.173328667879105,0.0717507973313332,0.00862327869981527,0.0123995607718825,0,0.06808041036129,0,0.662823438644409,198837.59375,NA,NA
"BG414",3.8910641670227,12.2965965270996,23.896879196167,14.8257265090942,20.0058135986328,2.09696531295776,2.29143357276917,1.64288687705994,1.49570000171661,79.8538284301758,70.1747817993164,60.8044662475586,69.4837875366211,0.214684024453163,0.0399872995913029,0.0113692926242948,0.0181214306503534,0,0.108509749174118,0,0.60730654001236,228346.5,NA,NA
"BG415",3.70326256752014,11.9736709594727,23.6218166351318,14.6375455856323,19.9185543060303,2.22956013679504,2.29790019989014,1.56452441215515,1.50495719909668,77.8022232055664,67.9659118652344,57.5167007446289,67.0536117553711,0.199676990509033,0.0815317183732986,0.0186776202172041,0.0110307866707444,0,0.144588634371758,0,0.544473946094513,89117.03125,NA,NA
"BG421",5.09675073623657,13.4664154052734,26.0173397064209,15.9866876602173,20.9205894470215,2.4598445892334,2.44416999816895,1.81052756309509,1.42932295799255,80.9231491088867,71.8961181640625,60.1397438049316,71.0125732421875,0.319219022989273,0.119033873081207,0.00258272257633507,0.0177882555872202,0,0.0015483737224713,0,0.539174258708954,542757.9375,NA,NA
"BG422",7.55018949508667,14.9924631118774,27.6246814727783,17.8472442626953,20.0744934082031,2.43530130386353,1.84644842147827,0.987468242645264,1.37695980072021,81.1732482910156,70.1781616210938,55.3529396057129,68.308708190918,0.409349799156189,0.179515704512596,0.0159448999911547,0.00891657453030348,0,0.0470227524638176,0,0.337480306625366,181961.046875,NA,NA
"BG423",4.0584831237793,12.3541030883789,24.5727634429932,14.9752721786499,20.5142784118652,2.47852778434753,2.56544232368469,1.70481765270233,1.4479011297226,80.3593139648438,72.1720733642578,61.699649810791,71.0127716064453,0.219188958406448,0.0769940242171288,0.000980987912043929,0.0121337063610554,0,0.0518293939530849,0,0.632908880710602,182120.5,NA,NA
"BG424",3.8592586517334,11.4688863754272,23.8202171325684,14.2688875198364,19.960958480835,3.03937602043152,2.4026825428009,1.62314450740814,1.60679042339325,80.9435119628906,73.3960876464844,63.0661277770996,71.7753677368164,0.115262493491173,0.024282418191433,0.00586723675951362,0.00646627321839333,0,0.151539444923401,0,0.6890829205513,78800.390625,NA,NA
"BG425",6.89657354354858,14.055121421814,26.5979652404785,16.9084129333496,19.7013931274414,2.7742075920105,1.98588311672211,0.997933745384216,1.44400107860565,81.386344909668,71.742431640625,56.9787750244141,69.4272232055664,0.319656044244766,0.102708838880062,0.0412384495139122,0.00653127208352089,0,0.116190291941166,0,0.407957494258881,111047.75,NA,NA
"CH01",0.764898478984833,6.72363042831421,16.5062808990479,9.5689697265625,15.741382598877,5.10653972625732,4.93436765670776,3.32173490524292,3.98188185691833,79.8873825073242,76.9340591430664,74.8455505371094,80.873405456543,0.0899432897567749,0.15609273314476,0.0457513406872749,0.0482601560652256,2.43314015823914e-27,0,0.57402503490448,0,1583450.5,NA,NA
"CH02",3.33329558372498,9.99444484710693,19.5374393463135,12.0591707229614,16.2041435241699,5.37012434005737,5.21115112304688,4.01231336593628,4.14246368408203,82.6043701171875,76.85302734375,75.2377243041992,82.5859069824219,0.146416157484055,0.221914231777191,0.0243433397263288,0.0584938004612923,6.758860954245e-29,4.16499943867166e-07,0.509737014770508,2.81273105429136e-06,2485228.75,NA,NA
"CH03",5.25006151199341,12.2360019683838,21.4982566833496,13.6972694396973,16.2481956481934,4.89315032958984,4.79252529144287,3.79859161376953,3.62471652030945,84.5313873291016,75.9345016479492,73.7227783203125,82.7472457885742,0.17535337805748,0.182936802506447,0.00707533862441778,0.0891257748007774,4.68758252140231e-26,0.00994030199944973,0.453984677791595,0.067129410803318,1065419.25,NA,NA
"CH04",5.11244058609009,12.2422342300415,21.3088455200195,13.4655723571777,16.1964054107666,5.07973194122314,5.22857904434204,4.59962177276611,3.94421243667603,84.9122085571289,76.3263549804688,74.8951873779297,83.6246490478516,0.142061218619347,0.194908067584038,0.00757981184870005,0.114301197230816,1.43691368257117e-26,0,0.511903584003448,0,1291268.125,NA,NA
"CH05",1.03319799900055,6.39660787582397,15.5740480422974,9.04533100128174,14.5408506393433,4.68429231643677,4.856285572052,4.64468955993652,4.47155475616455,82.156982421875,77.1068420410156,76.9675674438477,82.8950424194336,0.0682559311389923,0.18522010743618,0.131839275360107,0.0409505032002926,1.99823662114795e-05,0,0.549063980579376,0,1545153.25,NA,NA
"CH06",2.37151193618774,8.45970153808594,17.6078071594238,10.592547416687,15.2362947463989,6.47070980072021,6.75597333908081,5.18899536132812,5.18022203445435,82.9640884399414,77.5343017578125,77.4073486328125,83.7318801879883,0.0831151157617569,0.197979018092155,0.06221754103899,0.073386013507843,2.25155462380456e-26,0,0.516258537769318,0,1713725.125,NA,NA
"CH07",1.82862782478333,7.61110544204712,17.156078338623,10.1588449478149,15.3274488449097,4.21504402160645,7.00552272796631,5.28948783874512,6.609215259552,78.4838180541992,74.7399978637695,73.0239791870117,80.6297454833984,0.045184887945652,0.0898137837648392,0.0924228876829147,0.0561574921011925,2.04024484312503e-23,0,0.676928997039795,0,495018.6875,NA,NA
"CZ01",4.08221769332886,12.394645690918,22.4579429626465,13.8013477325439,18.3757228851318,1.6174144744873,1.92297852039337,2.29542994499207,1.52485942840576,84.1325759887695,73.2932205200195,67.4423446655273,78.2565231323242,0.54143488407135,0.0996814891695976,1.16122211846204e-09,0.0543515384197235,0,1.46988185393083e-18,0.117034949362278,0.187387809157372,277454.1875,NA,NA
"CZ02",3.68234968185425,11.8877115249634,21.8963432312012,13.3685884475708,18.2139930725098,1.90795302391052,2.13965201377869,2.39094972610474,1.63063216209412,84.8492584228516,74.1210403442383,69.3469543457031,79.3810272216797,0.494565635919571,0.12521168589592,0.000117322590085678,0.0280911587178707,0,2.90587080944291e-18,0.0779426395893097,0.273829102516174,2441920.75,NA,NA
"CZ03",3.31035542488098,11.4575910568237,21.2207145690918,12.9538335800171,17.9103584289551,2.55174875259399,2.61504006385803,2.67885804176331,1.96966683864594,86.6191253662109,75.6976776123047,72.4189987182617,81.6930999755859,0.345235794782639,0.143471762537956,0.0011954044457525,0.0184685029089451,0,9.83822028501891e-05,0.0452525243163109,0.444919466972351,1257743.25,NA,NA
"CZ04",3.5107536315918,11.3597898483276,21.2457141876221,12.9269142150879,17.7349624633789,2.54422426223755,2.40488815307617,2.6149890422821,2.17642021179199,87.212532043457,76.2946472167969,71.891845703125,82.458137512207,0.344735026359558,0.0994861871004105,0.00346966087818146,0.041397862136364,0,1.99124686638537e-18,0.0174295678734779,0.493006348609924,1311192.5,NA,NA
"CZ05",3.21250939369202,11.1992053985596,21.2551136016846,12.9036998748779,18.0426063537598,3.4493465423584,2.94691681861877,2.7175087928772,2.4603054523468,87.3232421875,75.9663543701172,72.0484085083008,81.7022552490234,0.380963355302811,0.132943451404572,0.000419659831095487,0.0268980264663696,0,1.24261379451625e-17,0.206472262740135,0.252262383699417,1439847.25,NA,NA
"CZ06",3.55180239677429,12.0126085281372,22.2106456756592,13.5417356491089,18.6588439941406,2.09036374092102,2.29260778427124,2.30493903160095,1.66923546791077,85.4861373901367,73.0401077270508,67.7602615356445,78.4750213623047,0.483185052871704,0.131004467606544,0.000121478362416383,0.0205792412161827,0,4.22867287852569e-06,0.0893292352557182,0.275690793991089,1687172.25,NA,NA
"CZ07",2.92945647239685,11.1687202453613,21.3933925628662,12.9222984313965,18.4639358520508,2.68602633476257,2.7438952922821,2.57191205024719,2.14990329742432,86.2859497070312,74.2091674804688,69.9527587890625,79.2317428588867,0.389389038085938,0.106626689434052,0.000476002052892,0.0310140904039145,0,2.57824566191628e-18,0.301366865634918,0.17035336792469,1069553.625,NA,NA
"CZ08",2.91254806518555,10.9638671875,21.0544452667236,12.775918006897,18.1418952941895,2.76718902587891,3.13239336013794,2.91635036468506,2.38837170600891,86.0518112182617,75.0177841186523,72.3265151977539,79.744514465332,0.386182337999344,0.107320569455624,0.000247508578468114,0.0340668745338917,0,1.98125492990423e-16,0.0527042038738728,0.417673289775848,1235753.875,NA,NA
"DE11",4.57100486755371,12.075065612793,22.1343555450439,13.7925205230713,17.5633506774902,3.19976377487183,2.80891633033752,2.49648475646973,2.40707063674927,85.7814254760742,74.6310653686523,68.0497589111328,80.6245422363281,0.301437079906464,0.0969561710953712,1.17152455914038e-06,0.0852119252085686,0,9.44601679831788e-17,0,0.516393661499023,4149366.25,NA,NA
"DE12",5.4583249092102,12.7508640289307,22.868745803833,14.5339279174805,17.41042137146,3.61054039001465,2.95883202552795,2.50555396080017,2.61637187004089,85.0898056030273,74.12060546875,67.0079193115234,79.8172836303711,0.230295181274414,0.0539410039782524,5.90373792874743e-06,0.0970110669732094,0,0,0.055930607020855,0.562816262245178,2768639.75,NA,NA
"DE13",5.1872410774231,12.1262111663818,21.754545211792,13.8123779296875,16.5673046112061,4.07750654220581,3.71812438964844,2.9981906414032,3.06556010246277,85.1116333007812,75.5391616821289,70.6199340820312,81.3950119018555,0.202239021658897,0.092861607670784,0.000578318256884813,0.0719116181135178,8.08561438224409e-31,0.0135061014443636,0.410553425550461,0.203044727444649,2858750,NA,NA
"DE14",4.65299224853516,12.2237005233765,21.6344318389893,13.6164474487305,16.9814395904541,2.83030319213867,3.37291359901428,3.222571849823,2.62589073181152,85.5171203613281,75.8313827514648,72.9229583740234,82.6669158935547,0.252568632364273,0.149055227637291,0.00079266942339018,0.0596979521214962,0,1.83472729592875e-17,0.308430790901184,0.196648374199867,2220480.25,NA,NA
"DE21",3.43299341201782,11.622389793396,20.831449508667,12.9515962600708,17.3984565734863,3.20894026756287,4.15419244766235,4.32397317886353,3.10839295387268,84.970947265625,76.1580200195312,75.8727722167969,83.5394287109375,0.25226217508316,0.145008742809296,0.00709693832322955,0.0457680448889732,0,3.50861375543465e-15,0.338382959365845,0.202521860599518,5379837,NA,NA
"DE22",3.63468170166016,12.1524696350098,21.7378711700439,13.3907680511475,18.1031875610352,3.19794821739197,3.10366868972778,2.96128964424133,2.49873042106628,86.0964660644531,74.3051910400391,71.1203994750977,81.2060165405273,0.339556246995926,0.166675940155983,0.000665461469907314,0.027190200984478,0,5.21481334728183e-18,0.167588874697685,0.298323273658752,1205629.375,NA,NA
"DE23",3.47340703010559,11.5636310577393,21.4506778717041,12.9848470687866,17.9772701263428,2.93854331970215,2.49387168884277,2.5795476436615,2.31547403335571,86.9384536743164,74.6067810058594,69.5673370361328,81.4635543823242,0.287250399589539,0.108934193849564,0.000111085253593046,0.0389046669006348,0,6.69535974539981e-23,0.00633199932053685,0.5584676861763,1311943,NA,NA
"DE24",3.80900526046753,11.190803527832,21.193675994873,12.9816255569458,17.384672164917,3.11923623085022,2.47757124900818,2.48725318908691,2.57463812828064,87.0500793457031,75.1549453735352,70.0266723632812,82.0851058959961,0.282636880874634,0.0942108854651451,4.33210300965214e-10,0.0470418557524681,0,0,0,0.576110422611237,1052351.875,NA,NA
"DE25",4.03443670272827,11.6163110733032,21.7244529724121,13.328577041626,17.6900157928467,2.57904648780823,2.35094499588013,2.36667418479919,2.16114640235901,85.9480056762695,74.2620162963867,67.9719467163086,80.6376342773438,0.361552059650421,0.130374237895012,1.68750224904812e-09,0.0550673790276051,0,0,0,0.453006356954575,1794622.875,NA,NA
"DE26",4.37034940719604,11.6778221130371,21.7702980041504,13.5209846496582,17.3999500274658,2.9403920173645,2.35965037345886,2.18735885620117,2.29530477523804,86.5253448486328,75.1947708129883,68.723876953125,81.5329208374023,0.347166687250137,0.0896274596452713,1.35836271510925e-05,0.0495061427354813,0,6.73345506227576e-16,0.0347628183662891,0.478923261165619,1194032.875,NA,NA
"DE27",3.96074962615967,11.7459583282471,21.0118389129639,13.0904388427734,17.0510902404785,3.01898860931396,3.67787766456604,3.7820291519165,2.87632369995117,84.2012710571289,76.0178298950195,74.5044174194336,82.8740005493164,0.28449672460556,0.186119392514229,0.0113890981301665,0.0414169728755951,4.24780104424372e-08,0,0.201171934604645,0.272554308176041,2107880,NA,NA
"DE30",4.83545827865601,12.5737457275391,22.758472442627,14.2445402145386,17.9230136871338,1.8405613899231,1.82319951057434,1.94464254379272,1.79865217208862,86.4182739257812,73.8107299804688,67.242919921875,79.8109130859375,0.239546030759811,0.0678689703345299,0.00143997115083039,0.103420823812485,0,0,0,0.573258459568024,845133.125,NA,NA
"DE40",4.81240797042847,12.3691873550415,22.6005764007568,14.2322587966919,17.7881679534912,1.83386385440826,1.90699553489685,1.9463472366333,1.84069585800171,86.4134216308594,74.3012313842773,67.9781494140625,80.1230239868164,0.354393362998962,0.109585426747799,0.00101150467526168,0.0353699997067451,0,2.73766638970042e-14,0,0.485609173774719,6311445,NA,NA
"DE50",5.46383285522461,11.664213180542,20.8573417663574,13.9258728027344,15.3935079574585,3.00840139389038,2.48855400085449,2.48284959793091,2.97718167304993,87.9867630004883,78.5800323486328,76.4949798583984,84.5304489135742,0.293302029371262,0.194226071238518,0.000611922878306359,0.0980824455618858,5.60519385729927e-45,1.73472279835045e-14,0.308833241462708,0.0462555140256882,175229.765625,NA,NA
"DE60",5.23266983032227,11.3879203796387,20.9613571166992,13.8338479995728,15.7286882400513,2.76186800003052,2.44220304489136,2.46469902992249,2.79655718803406,88.8440399169922,78.317741394043,74.4003372192383,84.4389724731445,0.371548414230347,0.148829013109207,0.000127591250929981,0.0889966264367104,0,8.64489618670854e-15,0.0969022586941719,0.271577835083008,434443.15625,NA,NA
"DE71",5.09969329833984,12.4793939590454,22.4729290008545,14.202995300293,17.3732357025146,2.98978638648987,2.50196123123169,2.26765084266663,2.36817598342896,85.9095230102539,74.4804916381836,67.2442779541016,80.5717391967773,0.222146645188332,0.0544972643256187,4.33375726061058e-06,0.111789457499981,0,0,0.114088773727417,0.497473537921906,4132940,NA,NA
"DE72",4.69085836410522,11.6842288970947,21.4057312011719,13.5367736816406,16.7148723602295,3.07142424583435,2.48709726333618,2.10801863670349,2.48568534851074,87.1893615722656,76.0917282104492,70.6110153198242,82.657585144043,0.233418270945549,0.0802645310759544,6.07037364819263e-10,0.0736787468194962,0,0,0.498005300760269,0.114633128046989,1417481.125,NA,NA
"DE73",4.20066022872925,10.9964246749878,20.6831912994385,12.9871301651001,16.4825305938721,2.78438425064087,2.48325848579407,2.1427047252655,2.42271184921265,87.1031494140625,76.8526153564453,72.109619140625,82.9302062988281,0.274966388940811,0.0830440744757652,6.72596922601798e-10,0.0577961914241314,0,2.65639491513524e-17,0.178200125694275,0.40599325299263,1217780,NA,NA
"DE80",4.97620153427124,11.4790725708008,21.5105152130127,13.9073686599731,16.5343132019043,2.02556657791138,1.97115850448608,2.17921948432922,2.1813976764679,87.7277526855469,77.5593338012695,73.5336608886719,83.3758773803711,0.433528542518616,0.14706189930439,0.000613087438978255,0.0203533340245485,0,6.03368376922019e-15,0,0.285502314567566,1320298,NA,NA
"DE91",4.78459596633911,11.2717800140381,21.0055522918701,13.4567604064941,16.2209568023682,2.96838116645813,2.6756706237793,2.28110933303833,2.72385764122009,87.1383819580078,76.6326599121094,71.4427337646484,82.0525970458984,0.410805523395538,0.0974421501159668,2.81700031337095e-05,0.0448936074972153,0,4.99337526757787e-15,0,0.446771264076233,1465720.5,NA,NA
"DE92",5.177161693573,11.5829658508301,21.1085910797119,13.7767515182495,15.9314298629761,2.67362332344055,2.40933847427368,2.17971181869507,2.51548552513123,87.0732803344727,76.7957000732422,72.0670471191406,82.2909545898438,0.461691707372665,0.127808436751366,7.74951404309832e-05,0.0667434185743332,0,8.14879661279822e-15,0.002307397313416,0.338712304830551,2414765.75,NA,NA
"DE93",5.2805552482605,11.5518989562988,21.0935382843018,13.887167930603,15.8129835128784,2.61326336860657,2.31010580062866,2.29902839660645,2.60390782356262,87.8323822021484,77.0138702392578,73.1740417480469,83.2515716552734,0.358142554759979,0.164703503251076,0.000511491438373923,0.0520762130618095,0,1.04253213253544e-14,0.0883899331092834,0.309036076068878,2541105.75,NA,NA
"DE94",5.7105827331543,11.6683959960938,20.6657466888428,13.9274034500122,14.9551630020142,2.91802835464478,2.36558079719543,2.28239035606384,2.73290967941284,88.1468811035156,78.0206298828125,75.898551940918,84.4830017089844,0.387929618358612,0.221642330288887,9.95491500361823e-05,0.0472194440662861,0,2.45565009299176e-11,0.0514263808727264,0.223754420876503,2234005,NA,NA
"DEA1",6.71457958221436,12.7327308654785,21.9891815185547,15.0200567245483,15.2746019363403,3.17849040031433,2.43945980072021,2.29146957397461,2.54866337776184,87.2596435546875,75.9710235595703,71.8822174072266,82.2449722290039,0.294448673725128,0.0954000130295753,7.56393392364885e-10,0.174498304724693,0,9.7171319601852e-11,0,0.435653030872345,5088340.5,NA,NA
"DEA2",5.93522071838379,12.2807035446167,21.8201580047607,14.5702896118164,15.8849382400513,3.25538420677185,2.55481052398682,2.26784157752991,2.50901746749878,87.2926483154297,76.6560592651367,71.8158416748047,82.3651428222656,0.23517145216465,0.0651525184512138,8.88200124560257e-10,0.155943349003792,0,5.37026002312494e-17,0.0803087279200554,0.463417232036591,5120219.5,NA,NA
"DEA3",6.17987585067749,12.1816129684448,21.3902034759521,14.4446640014648,15.2103271484375,2.95506024360657,2.43606114387512,2.25304508209229,2.54256439208984,87.5625839233398,76.2231369018555,71.7112884521484,82.4752349853516,0.408934533596039,0.156957894563675,2.22197904520272e-09,0.0926490947604179,0,5.11133184388779e-11,0,0.34138959646225,3297782.5,NA,NA
"DEA4",5.03133964538574,11.4562482833862,20.9386119842529,13.6191997528076,15.9072713851929,3.04563474655151,2.6167266368866,2.25936627388,2.69117784500122,87.2139205932617,77.0188522338867,72.1634826660156,82.5636444091797,0.434697598218918,0.122814983129501,1.07956210637639e-09,0.0607513152062893,0,2.1319245417569e-15,0.00425363332033157,0.376913636922836,2018160.625,NA,NA
"DEA5",5.24235677719116,11.6545362472534,21.1208305358887,13.8294973373413,15.878475189209,4.17901659011841,3.07655763626099,2.50315260887146,3.19407653808594,88.7240219116211,77.9694061279297,73.4060211181641,83.9084930419922,0.227396190166473,0.0719253867864609,7.83563491868478e-10,0.103792764246464,0,0,0.0802439972758293,0.515869140625,3104476,NA,NA
"DEB1",5.47329187393188,12.173246383667,21.9164562225342,14.1905202865601,16.4431648254395,3.10903167724609,2.41676545143127,2.10928082466125,2.40638518333435,87.5287780761719,76.0342178344727,69.9215393066406,82.5034942626953,0.20476445555687,0.0829641744494438,1.43117573347951e-09,0.100313730537891,0,0,0.14058181643486,0.471375823020935,1838520.625,NA,NA
"DEB2",5.2429313659668,11.8061790466309,21.590576171875,13.9689207077026,16.3476448059082,3.49776029586792,2.51200580596924,2.11231279373169,2.57412338256836,89.0864334106445,77.4174652099609,71.4142379760742,84.0333633422852,0.176613464951515,0.118476770818233,1.10491971128113e-09,0.0851102247834206,1.04143126414269e-11,0,0.546336591243744,0.0734628885984421,658180,NA,NA
"DEB3",5.8674898147583,13.0925664901733,23.2202281951904,14.8299541473389,17.3527374267578,2.88684678077698,2.23163652420044,2.0251739025116,2.18678879737854,85.9900436401367,73.986946105957,65.5666732788086,80.1037139892578,0.227095931768417,0.0604742616415024,5.98713578714438e-10,0.0915302336215973,0,1.94990078145743e-21,0,0.620899558067322,2551183.5,NA,NA
"DEC0",5.70469284057617,12.4699449539185,22.4774169921875,14.4797010421753,16.7727241516113,3.66113376617432,2.49211120605469,2.1219310760498,2.63189792633057,87.448616027832,75.5023574829102,67.4953079223633,81.7300033569336,0.222488239407539,0.104701615869999,8.1150902664362e-10,0.0781219303607941,1.93707680104516e-12,0,0.092266134917736,0.502422094345093,728477.3125,NA,NA
"DED2",4.35649871826172,12.2445077896118,22.4262866973877,13.9632482528687,18.069787979126,2.32491326332092,2.31682348251343,2.34100270271301,2.15977454185486,85.259391784668,74.6693420410156,69.4991149902344,79.8563842773438,0.37755623459816,0.101113371551037,0.000709555519279093,0.0382814630866051,0,2.88562552259165e-17,0,0.477954506874084,1532668.5,NA,NA
"DED4",3.78129553794861,11.381157875061,21.3510150909424,13.0683603286743,17.5697193145752,2.69476294517517,2.61569857597351,2.78322839736938,2.54621839523315,86.2876586914062,76.2931365966797,72.0595245361328,81.8771667480469,0.365906417369843,0.109601370990276,8.17671752884053e-05,0.0556832253932953,0,2.988577445266e-19,0,0.468632251024246,1445139,NA,NA
"DED5",4.92965078353882,12.6055316925049,22.8279342651367,14.298659324646,17.8982849121094,1.8814879655838,1.90771424770355,2.00519514083862,1.88537275791168,84.0457611083984,73.8610153198242,66.8667984008789,78.289421081543,0.514314770698547,0.129654854536057,1.3514294128214e-09,0.0413262322545052,0,0,0,0.313551247119904,819063.6875,NA,NA
"DEE0",5.09706592559814,12.0882577896118,22.097620010376,14.1011199951172,17.0005550384521,1.91763591766357,1.95181715488434,1.90936779975891,1.97353851795197,85.4823532104492,74.5376129150391,67.9897766113281,79.7000427246094,0.486716419458389,0.130710765719414,0.00134400476235896,0.0328904762864113,0,1.71828108416294e-15,0,0.346727550029755,2554410.75,NA,NA
"DEF0",5.21410751342773,11.1864614486694,20.6953678131104,13.7841014862061,15.4812593460083,3.00848007202148,2.36224484443665,2.60312223434448,3.19606971740723,88.8385543823242,79.7410430908203,76.0473022460938,85.1425170898438,0.384270757436752,0.188196405768394,0.000525040086358786,0.0403577014803886,2.51678795539524e-33,8.40527786261092e-11,0.0956603959202766,0.148706585168839,3923560.5,NA,NA
"DEG0",4.2363748550415,11.2182245254517,21.0740299224854,13.1154508590698,16.8376560211182,2.3917543888092,2.32714581489563,2.18084120750427,2.27287673950195,86.4724044799805,76.3671035766602,71.0853881835938,81.8071823120117,0.176582872867584,0.095355935394764,1.43210554526263e-09,0.04819630458951,0,2.17544001238914e-17,0,0.679678559303284,2200065.25,NA,NA
"DK01",4.75092267990112,10.3910598754883,20.5594596862793,13.47105884552,15.808536529541,2.25113201141357,1.50763964653015,2.17348217964172,2.60709095001221,86.7098922729492,79.1728134155273,76.5881881713867,84.5075378417969,0.26997584104538,0.0145198991522193,0.000208938756259158,0.115255258977413,0,0.00204701512120664,0.00473565002903342,0.18340365588665,1096586.5,NA,NA
"DK02",5.13300180435181,10.6815052032471,20.693058013916,13.8928871154785,15.5600566864014,2.29690432548523,1.53725409507751,2.09442782402039,2.67215991020203,86.4981079101562,79.3424301147461,76.5253295898438,84.1997299194336,0.3554368019104,0.0189406834542751,0.000389190332498401,0.0395585335791111,0,3.5302464311826e-06,0,0.169727757573128,658081,NA,NA
"DK03",4.70343017578125,10.5426626205444,19.9072494506836,13.2269649505615,15.2038192749023,3.32482147216797,2.05631494522095,2.58458638191223,3.57262301445007,88.6371002197266,80.1019897460938,77.4653701782227,85.7006759643555,0.48299178481102,0.0435306541621685,0.000597362464759499,0.0314379371702671,3.5566832890909e-30,4.31974012116143e-09,0.154919371008873,0.0611476711928844,965805.125,NA,NA
"DK04",4.41139554977417,10.2529573440552,19.5596122741699,12.8443269729614,15.1482172012329,3.25588464736938,2.06488466262817,2.69534039497375,3.72554326057434,88.3074340820312,79.9576873779297,78.2478485107422,85.4801177978516,0.471835494041443,0.0290293842554092,0.000271730008535087,0.0353266187012196,2.62903566850955e-31,3.56419285196807e-08,0.108824677765369,0.160784974694252,1341034.375,NA,NA
"DK05",4.01642990112305,10.1267070770264,19.5547332763672,12.5370855331421,15.5383024215698,2.83579468727112,1.86301827430725,2.69132280349731,3.43263268470764,86.6929092407227,78.6368103027344,77.8384628295898,84.1758651733398,0.423394829034805,0.0319197624921799,0.00055752950720489,0.0253835022449493,6.11565606184793e-31,2.8385407802034e-08,0.124364756047726,0.113926663994789,458966.0625,NA,NA
"EE001",0.913797199726105,8.76358890533447,20.1820335388184,10.7856740951538,19.2682361602783,2.5702121257782,1.59770059585571,2.82145404815674,3.00614857673645,86.8846435546875,74.9225387573242,77.9459457397461,86.3946380615234,0.114350408315659,0.062137559056282,0.0140872923657298,0.0145132597535849,5.42484995094128e-05,0.0981123670935631,0.365463525056839,0.20200888812542,376618.78125,NA,NA
"EE004",1.64414274692535,8.8950252532959,20.4898357391357,11.508994102478,18.8456935882568,2.39015769958496,1.45730078220367,2.59307551383972,2.81211090087891,86.303466796875,76.5313491821289,77.1240844726562,85.0634078979492,0.0676648840308189,0.0316163115203381,0.0229291394352913,0.00445898482576013,6.45238515062374e-06,0.209291458129883,0.0220378693193197,0.360502183437347,95809.734375,NA,NA
"EE006",0.618795931339264,8.85247230529785,19.9993915557861,10.6704683303833,19.38059425354,2.41259002685547,1.84548461437225,2.91559910774231,2.86813998222351,88.2334671020508,74.2622146606445,77.8867034912109,87.5517425537109,0.177447021007538,0.0637113451957703,0.0229601841419935,0.00844937097281218,5.01058530062437e-05,0.133836284279823,0.257572591304779,0.29552361369133,285612.6875,NA,NA
"EE007",0.134677767753601,8.90322589874268,19.9754257202148,10.5202121734619,19.840747833252,2.14322257041931,1.98300123214722,2.92398262023926,2.74811029434204,88.0072326660156,75.0159683227539,76.9648361206055,86.8334121704102,0.0561081692576408,0.0451101027429104,0.00869882665574551,0.00815852172672749,3.04697332467185e-05,0.301733762025833,0.045083049684763,0.307050377130508,56584.21484375,NA,NA
"EE008",0.312924146652222,9.33703994750977,20.0370349884033,10.5657548904419,19.7241096496582,2.24958515167236,2.111576795578,2.76131367683411,2.59662461280823,88.3047103881836,74.4825744628906,78.0312957763672,87.431266784668,0.184481799602509,0.0508163683116436,0.0160753801465034,0.00523458700627089,6.70371227897704e-05,0.161941573023796,0.269529432058334,0.228227734565735,238835.09375,NA,NA
"EL301",11.7526206970215,17.6556663513184,29.4701614379883,21.5427684783936,17.7175407409668,2.29336500167847,0.98771595954895,0.17989307641983,1.20021903514862,76.4223251342773,61.2334938049316,48.7904739379883,64.9484786987305,0.222737640142441,0.00405445927754045,0.282797247171402,0.0646420270204544,0,0.138935476541519,0,0.114542081952095,60693.828125,NA,NA
"EL302",11.9155626296997,17.7656669616699,29.4419441223145,21.6470184326172,17.5263824462891,2.2457218170166,0.946845293045044,0.164726093411446,1.16322004795074,76.0366821289062,61.3211669921875,48.5455169677734,64.8013763427734,0.192854970693588,0.0185237117111683,0.217896610498428,0.0577715747058392,0,0.124835468828678,0,0.0988134071230888,50035.8046875,NA,NA
"EL303",12.2508878707886,17.9920425415039,29.3838710784912,21.8615627288818,17.1329822540283,2.14767336845398,0.862735033035278,0.133513003587723,1.08707785606384,75.2430419921875,61.5015830993652,48.0413970947266,64.498649597168,0.131357505917549,0.0483009107410908,0.0843334868550301,0.0436324216425419,0,0.0958181768655777,0,0.0664443597197533,79973.2734375,NA,NA
"EL305",12.0946941375732,17.8628215789795,29.3795490264893,21.730318069458,17.2848529815674,2.26172804832458,0.932328701019287,0.154220685362816,1.15207529067993,75.5052642822266,61.3753547668457,48.6030197143555,64.8190765380859,0.160795912146568,0.0261689741164446,0.170603588223457,0.0473939552903175,0,0.107710659503937,0,0.0833341926336288,1015230.1875,NA,NA
"EL306",11.2338361740112,17.3623809814453,29.3396129608154,21.2218627929688,18.1057758331299,2.35620164871216,0.989221155643463,0.183962717652321,1.23016035556793,76.7538986206055,62.2662315368652,50.261402130127,65.0480346679688,0.281950891017914,0.248213604092598,0.110874556005001,0.0210863836109638,0,0.0730449706315994,0,0.109737381339073,220573.84375,NA,NA
"EL411",12.666166305542,17.4516639709473,27.9437484741211,21.1745510101318,15.2775821685791,4.2770504951477,1.50395834445953,0.154753252863884,1.31987226009369,74.6580200195312,70.7861251831055,62.3379783630371,70.4099960327148,0.0667022839188576,0.087335042655468,0.0816589444875717,0.00630495743826032,0,0.197762042284012,0,0.0914855003356934,35785.10546875,NA,NA
"EL412",13.4154567718506,18.032169342041,28.2728042602539,22.1275215148926,14.8573474884033,5.39900493621826,1.60273706912994,0.0602893382310867,1.36801314353943,74.1797027587891,72.7186660766602,65.7877807617188,71.443717956543,0.0283417832106352,0.0683769509196281,0.00814537610858679,0.00312044261954725,0,0.0986099392175674,0,0.0318573899567127,10789.927734375,NA,NA
"EL431",13.9004240036011,18.1051578521729,27.6470336914062,22.0248279571533,13.7466096878052,4.07933759689331,0.916803598403931,0.0678796023130417,1.25490427017212,78.8540267944336,65.9791946411133,55.9042854309082,70.6815948486328,0.16518759727478,0.249508544802666,0.015414078719914,0.00649165688082576,0,0.072470411658287,0,0.1031828597188,201835.8125,NA,NA
"EL432",15.1418180465698,18.5554141998291,27.5001163482666,22.8369541168213,12.3582992553711,2.63830876350403,0.727835893630981,0.106272116303444,0.797093033790588,74.8632583618164,67.2239303588867,62.6884307861328,70.911247253418,0.0846202969551086,0.0153958341106772,0.19402240216732,0.0025274574290961,0,0.0336372070014477,0,0.0650232806801796,39499.03125,NA,NA
"EL433",13.8998546600342,17.9747314453125,27.5883865356445,22.0200862884521,13.6885299682617,4.80756902694702,1.10387802124023,0.0761760696768761,1.55755209922791,79.6586532592773,67.2935104370117,57.0716514587402,71.0383987426758,0.138207450509071,0.282988756895065,0.0419089570641518,0.0045238146558404,0,0.0777445584535599,0,0.10600883513689,44937.6171875,NA,NA
"EL434",14.7768316268921,18.6401710510254,28.4142971038818,22.9773979187012,13.6374664306641,4.68752813339233,1.11855292320251,0.0622821003198624,1.58665287494659,78.3471298217773,69.2317352294922,60.7222938537598,71.3281326293945,0.068573959171772,0.167354375123978,0.0344623886048794,0.00237899483181536,0,0.0918273627758026,0,0.0645365491509438,44980.92578125,NA,NA
"EL511",8.7575798034668,15.7494230270386,28.07200050354,18.8600215911865,19.3144207000732,2.97293186187744,1.74440431594849,0.604907631874084,1.51888048648834,79.4505996704102,69.4590225219727,54.1569328308105,67.0653915405273,0.359685808420181,0.156264409422874,0.0259051583707333,0.00735381059348583,0,0.171645864844322,0,0.142440810799599,93704.984375,NA,NA
"EL512",7.47188997268677,14.3706617355347,26.7886848449707,17.2575664520264,19.3167953491211,3.28480195999146,1.78283452987671,0.84276956319809,1.4950053691864,79.0191268920898,73.3467864990234,62.2441787719727,70.5343017578125,0.254326492547989,0.0736212730407715,0.0208600889891386,0.00455231918022037,0,0.424656331539154,0,0.13920122385025,76475.4375,NA,NA
"EL513",7.70765781402588,14.6058015823364,27.0376739501953,17.6164894104004,19.3300170898438,2.98155164718628,1.73234641551971,0.662586987018585,1.473712682724,80.6747131347656,71.6890640258789,56.3424797058105,68.8619155883789,0.296592622995377,0.0840731710195541,0.0680897161364555,0.00380155513994396,0,0.236437052488327,0,0.183917731046677,71065.265625,NA,NA
"EL514",6.37445211410522,13.8569946289062,26.2759857177734,16.644510269165,19.9015350341797,2.7786340713501,1.64850854873657,0.95232343673706,1.35964822769165,79.661994934082,71.5220565795898,62.1045761108398,71.0500411987305,0.334536254405975,0.100809544324875,0.026820657774806,0.0053151361644268,0,0.384117186069489,0,0.146437212824821,136789.40625,NA,NA
"EL515",8.53071403503418,15.4754152297974,27.6699848175049,18.4311447143555,19.1392707824707,3.27649116516113,1.55407667160034,0.710016310214996,1.48850524425507,76.9673080444336,73.182746887207,63.6079597473145,70.1171798706055,0.185205847024918,0.107223108410835,0.0167563837021589,0.00360565725713968,0,0.21064892411232,0,0.0865507647395134,67439.5,NA,NA
"EL521",6.84354496002197,14.9757795333862,27.5438480377197,17.9445819854736,20.7003021240234,2.14923667907715,1.53724527359009,0.672775268554688,1.75973284244537,78.7820358276367,66.1506042480469,52.1898727416992,67.4261169433594,0.462391227483749,0.158920332789421,0.0604822561144829,0.0100464513525367,0,0.141878873109818,0,0.152736440300941,182621.359375,NA,NA
"EL522",9.45065498352051,16.8639755249023,29.2161064147949,19.8324069976807,19.7654514312744,1.89803457260132,1.26303851604462,0.688024699687958,1.34815430641174,78.0675888061523,66.364631652832,55.1949081420898,68.4268569946289,0.406626462936401,0.175341054797173,0.066351868212223,0.0105661759153008,0,0.110314443707466,0,0.122253395617008,559785.25,NA,NA
"EL523",7.93812847137451,16.1154766082764,28.4537391662598,18.7977867126465,20.5156116485596,2.19813895225525,1.53449976444244,0.899156153202057,1.62924230098724,77.3503799438477,64.5385589599609,51.0792961120605,65.8588714599609,0.403249800205231,0.164152130484581,0.0803311541676521,0.0147213814780116,0,0.140001863241196,0,0.160818085074425,436069.25,NA,NA
"EL524",6.37353229522705,14.7698345184326,27.1325225830078,17.5664196014404,20.7589912414551,2.2923572063446,1.64865660667419,0.779451966285706,1.87761473655701,79.0651168823242,65.517936706543,50.6040306091309,66.5602798461914,0.406857699155807,0.194309458136559,0.0633334219455719,0.00878014508634806,0,0.145868882536888,0,0.172938629984856,194509.90625,NA,NA
"EL525",7.03741693496704,14.7446184158325,27.3218517303467,17.9135456085205,20.2844352722168,1.7261563539505,1.2576584815979,0.562227606773376,1.43451070785522,77.8978729248047,67.3848876953125,56.6120262145996,68.9821853637695,0.282133787870407,0.113013803958893,0.0659797564148903,0.00602411525323987,0,0.189656808972359,0,0.124858446419239,66414.875,NA,NA
"EL526",7.73042726516724,15.4400424957275,27.7542171478271,18.2109794616699,20.0237922668457,2.04926085472107,1.32449471950531,0.833629965782166,1.25721979141235,78.5577163696289,66.7565689086914,54.9759635925293,67.7530364990234,0.341624081134796,0.153954491019249,0.0265500713139772,0.00743464846163988,0,0.254543483257294,0,0.136795654892921,137253.640625,NA,NA
"EL527",10.5827693939209,17.0029602050781,28.9286632537842,20.342357635498,18.3458938598633,1.92012321949005,1.12450182437897,0.577515602111816,1.24531328678131,77.1710510253906,67.7070617675781,58.3628692626953,69.7531890869141,0.1723942309618,0.193121284246445,0.026443600654602,0.00348099740222096,0,0.103178612887859,0,0.0876009985804558,57297.12890625,NA,NA
"EL531",5.39404344558716,13.2665872573853,25.8020439147949,16.536828994751,20.4080009460449,2.41567540168762,1.47511982917786,0.671398401260376,1.85563695430756,80.4005889892578,66.9420394897461,50.1020126342773,66.7306823730469,0.400677412748337,0.19076281785965,0.0589499659836292,0.00431566126644611,0,0.193372502923012,0,0.144060522317886,169950.28125,NA,NA
"EL532",4.33923387527466,12.2279281616211,24.5305194854736,15.4232692718506,20.1912879943848,2.91735219955444,1.7259030342102,0.797829389572144,2.21332097053528,81.7139053344727,69.0241012573242,52.8872146606445,67.9990234375,0.323956221342087,0.11327375471592,0.0347448661923409,0.00506413402035832,0,0.353017568588257,0,0.136069908738136,33284.27734375,NA,NA
"EL533",4.29382753372192,12.5613451004028,24.76584815979,15.5186834335327,20.4720211029053,2.38403558731079,1.65326941013336,0.827865719795227,1.98330187797546,81.5654220581055,68.1019058227539,52.8074569702148,67.9001922607422,0.327047109603882,0.154745683073997,0.0469209291040897,0.00494312169030309,0,0.260738104581833,0,0.149474874138832,54324.5859375,NA,NA
"EL541",10.1305961608887,16.7079925537109,28.0696792602539,20.1435470581055,17.9390830993652,5.54871606826782,1.93702912330627,0.405488759279251,3.47710990905762,80.7180709838867,73.7233963012695,64.6806411743164,74.9184265136719,0.174759164452553,0.174737259745598,0.0787786915898323,0.00357815413735807,2.94270140724822e-32,0.00732645578682423,0.442298144102097,0.00209929421544075,59496.66015625,NA,NA
"EL542",10.3622617721558,16.8200969696045,27.7088088989258,20.1311893463135,17.3465480804443,5.66981649398804,1.96811425685883,0.455416291952133,3.87519574165344,77.7857513427734,74.8912734985352,68.404655456543,76.1334533691406,0.182181015610695,0.174337804317474,0.027666175737977,0.00388128845952451,0.00402675149962306,0.0196938533335924,0.286338806152344,0.0133058214560151,35896.48828125,NA,NA
"EL543",6.97142267227173,14.1899013519287,25.8402423858643,17.4106369018555,18.8688201904297,4.89999198913574,1.96336019039154,0.629487633705139,3.28069305419922,81.0006484985352,72.0371627807617,58.9215850830078,72.4152908325195,0.209689691662788,0.0940345972776413,0.0377957746386528,0.00609726272523403,0.00111378543078899,0.248829185962677,0.338905781507492,0.0387004464864731,188634.515625,NA,NA
"EL611",8.14078521728516,15.4867067337036,27.8459644317627,18.9372386932373,19.7051811218262,3.35782122612,1.53817141056061,0.464949250221252,2.26163029670715,80.770622253418,67.353645324707,51.2282981872559,68.1642074584961,0.327350378036499,0.153745397925377,0.0797069221735001,0.00506977224722505,5.24384760558159e-33,0.258433163166046,0.0516371168196201,0.121105045080185,206453.0625,NA,NA
"EL612",8.68977546691895,16.1271686553955,28.740743637085,19.5931701660156,20.0509662628174,1.82106351852417,1.17373979091644,0.457017809152603,1.4685697555542,77.9763107299805,64.7332458496094,50.9101295471191,66.9177169799805,0.3866848051548,0.0606502331793308,0.244618058204651,0.00767049286514521,0,0.0945069715380669,0,0.11338759213686,291587.375,NA,NA
"EL613",10.346360206604,16.877872467041,28.7506618499756,20.5633487701416,18.4043006896973,2.24486088752747,1.18359124660492,0.443452745676041,1.49109780788422,77.4118804931641,66.5008010864258,56.8292655944824,69.1570281982422,0.204105406999588,0.0161803811788559,0.260891258716583,0.00775532936677337,0,0.0783975943922997,0,0.0937265083193779,117494.109375,NA,NA
"EL621",15.8176345825195,18.4266090393066,27.1924915313721,23.7809772491455,11.3748588562012,4.62319707870483,1.55549538135529,0.314665853977203,3.14871406555176,71.7676086425781,77.4217071533203,81.3248519897461,74.2523880004883,0.0134610217064619,0.0767450705170631,0.0012216055765748,0.00139869260601699,0,0.0518008433282375,0,0.0218389332294464,5250.0673828125,NA,NA
"EL622",11.5794153213501,17.4924869537354,27.9926986694336,21.0924110412598,16.4132823944092,5.57214879989624,1.96333301067352,0.601400375366211,4.26756715774536,75.5143203735352,76.1688385009766,73.6328430175781,76.261962890625,0.0175639688968658,0.0550110228359699,0.000146800433867611,0.00837620440870523,0,0.124515034258366,0,0.0257332604378462,17741.64453125,NA,NA
"EL623",15.2057628631592,18.2071838378906,27.1989402770996,23.3667278289795,11.9931793212891,4.71664571762085,1.57079374790192,0.33409109711647,3.22377061843872,71.8148803710938,76.935173034668,80.3633575439453,74.0496520996094,0.0306454282253981,0.113802552223206,0.00223552971147001,0.00116102141328156,0,0.0683781057596207,0,0.0378688685595989,7297.859375,NA,NA
"EL631",10.360369682312,16.5758609771729,28.0093688964844,20.28395652771,17.6490001678467,4.49740505218506,1.52793872356415,0.29027271270752,2.73863911628723,79.6264114379883,72.075080871582,63.4377746582031,72.9396133422852,0.114331744611263,0.214859530329704,0.0769524574279785,0.00476584583520889,4.38301362334925e-33,0.25279712677002,0.043160330504179,0.100281074643135,192984.40625,NA,NA
"EL632",10.5900115966797,16.3751220703125,27.564640045166,20.3007774353027,16.9746284484863,3.90310668945312,1.29008615016937,0.214749068021774,2.15512251853943,80.4755401611328,70.4949111938477,59.2277717590332,71.1970672607422,0.169985622167587,0.295941472053528,0.0857309624552727,0.00722178071737289,0,0.115039214491844,0,0.122379817068577,175193.6875,NA,NA
"EL633",12.3140745162964,17.2808074951172,27.8371238708496,21.5459117889404,15.5230503082275,4.44550848007202,1.29881656169891,0.18476639688015,2.46892023086548,79.6071319580078,72.5903625488281,63.747241973877,73.3492965698242,0.164298981428146,0.248820349574089,0.0859667509794235,0.00405867397785187,0,0.14003475010395,0,0.126475095748901,64568.81640625,NA,NA
"EL641",10.8813238143921,17.1587696075439,29.1329822540283,20.9800415039062,18.2516574859619,2.47103428840637,1.04718422889709,0.209820792078972,1.31471598148346,77.2946395874023,63.3906288146973,52.4450607299805,65.9405670166016,0.246876984834671,0.26081594824791,0.0854462683200836,0.0112900715321302,0,0.0554047971963882,0,0.104739271104336,296487.03125,NA,NA
"EL642",12.1160259246826,17.3766117095947,28.3280944824219,21.3288745880127,16.2120685577393,2.8271472454071,1.18202364444733,0.246867194771767,1.38616251945496,76.0214233398438,65.4667663574219,56.1184844970703,68.1482925415039,0.122826561331749,0.124758243560791,0.11103667318821,0.011459737084806,0,0.0798166990280151,0,0.0790943503379822,420996.65625,NA,NA
"EL643",7.86087942123413,14.7386751174927,26.8210506439209,18.3033828735352,18.9601707458496,3.87933230400085,1.53396105766296,0.347014725208282,2.42711520195007,81.8360214233398,70.1389465332031,57.3856048583984,71.159782409668,0.167323559522629,0.14581735432148,0.114969305694103,0.00413380656391382,5.86872681082529e-33,0.373862504959106,0.0577904246747494,0.108284585177898,41785.9765625,NA,NA
"EL644",9.56087112426758,16.2382545471191,28.3499584197998,19.9896926879883,18.7890853881836,2.6010148525238,1.23634505271912,0.343311637639999,1.65875339508057,80.4905014038086,65.9392471313477,52.9881210327148,68.7345886230469,0.261511117219925,0.167566984891891,0.17665034532547,0.00846029631793499,0,0.153511330485344,0,0.13164658844471,112089.6015625,NA,NA
"EL645",9.2137565612793,15.7568759918213,27.7588138580322,19.5245208740234,18.5450592041016,3.0840847492218,1.23757922649384,0.267746925354004,1.80391526222229,81.0206832885742,67.964485168457,55.492115020752,69.5721969604492,0.175821349024773,0.276185780763626,0.0728894174098969,0.0104295406490564,0,0.187547862529755,0,0.128383994102478,77052.546875,NA,NA
"EL651",9.43513774871826,15.3396310806274,26.8868942260742,19.342887878418,17.4517574310303,3.35579228401184,1.10221290588379,0.236477896571159,1.65619695186615,78.8446578979492,65.8504409790039,53.0591926574707,66.9709701538086,0.180930912494659,0.304835617542267,0.130446687340736,0.00970303639769554,0,0.102399960160255,0,0.130525723099709,197709.640625,NA,NA
"EL652",9.35241413116455,15.6350288391113,27.5206699371338,19.4792098999023,18.1682567596436,2.75498604774475,1.01879048347473,0.203751817345619,1.35156452655792,77.2881393432617,64.0805358886719,52.0636329650879,65.3330917358398,0.229521095752716,0.308273464441299,0.0862893685698509,0.00921299960464239,0,0.0610679239034653,0,0.123135820031166,98461.4296875,NA,NA
"EL653",12.477258682251,17.3161487579346,28.0603542327881,21.7339038848877,15.5830945968628,4.07728147506714,1.0798567533493,0.176654368638992,2.03116703033447,77.3627090454102,66.7194519042969,55.1107368469238,67.6518096923828,0.10089099407196,0.245520830154419,0.0990791171789169,0.00596888549625874,0,0.0961864590644836,0,0.0964694172143936,120230.90625,NA,NA
"ES111",11.6667852401733,14.6611204147339,21.7870712280273,17.7347660064697,10.120285987854,6.34681224822998,3.43475151062012,0.888760089874268,5.31569528579712,84.4714584350586,80.4656677246094,79.5814971923828,83.5237884521484,0.0572257488965988,0.0741741955280304,0.000584992347285151,0.028999662026763,8.08914192020893e-05,0.0333178117871284,0.548209667205811,0.00442525651305914,882471.625,NA,NA
"ES112",8.8593282699585,13.0275726318359,21.7233390808105,16.0103569030762,12.8640098571777,5.31254625320435,2.99146842956543,0.861300826072693,4.35897397994995,85.4810180664062,79.1673202514648,74.4025802612305,81.2457733154297,0.0890782698988914,0.0956153497099876,0.00346951582469046,0.00810975395143032,9.60245452006347e-05,0.0155343189835548,0.736169099807739,0.00272744591347873,262685.25,NA,NA
"ES113",8.00678825378418,13.0499267578125,23.0772571563721,15.9068470001221,15.0704698562622,5.58058404922485,2.89803433418274,0.627017796039581,4.31291580200195,85.0086898803711,75.786003112793,65.3280029296875,77.7965469360352,0.0720247253775597,0.103255838155746,0.0132153714075685,0.0145053211599588,0.000112604764581192,0,0.795097291469574,0,317565.15625,NA,NA
"ES114",10.8402290344238,14.6308441162109,22.48215675354,17.5048809051514,11.6419277191162,7.00354051589966,3.60747599601746,0.767155528068542,5.90192365646362,85.1838607788086,79.6108551025391,75.9605255126953,82.62109375,0.065369188785553,0.123588040471077,1.19432008727216e-09,0.0356523655354977,7.50459439586848e-05,0,0.644682109355927,0,665997.5,NA,NA
"ES120",8.42987155914307,12.3707876205444,21.2317142486572,15.6329736709595,12.8018445968628,4.79181051254272,3.26309108734131,1.20685565471649,4.00688552856445,83.3918914794922,79.4791946411133,78.0482025146484,80.4333190917969,0.0281848516315222,0.0539717637002468,0.0116250403225422,0.016577361151576,3.18894453812391e-05,0.510972559452057,0.235789686441422,0.0426187179982662,752856.6875,NA,NA
"ES130",9.35308456420898,13.2758312225342,22.0163993835449,16.665506362915,12.6633148193359,4.4404878616333,3.17232394218445,1.30918729305267,3.77168297767639,83.5694427490234,78.052001953125,75.974723815918,78.5097961425781,0.0620904117822647,0.0850388705730438,0.0164049528539181,0.0240749232470989,1.19319156510755e-05,0.573980748653412,0.058472316712141,0.0637521371245384,499323.1875,NA,NA
"ES211",7.6930685043335,12.7184143066406,22.7073955535889,16.1869640350342,15.0143260955811,3.23090577125549,2.55916476249695,0.961445748806,2.61574840545654,82.7437744140625,75.8608932495117,71.2476959228516,76.0385971069336,0.243535652756691,0.129733115434647,0.0193103682249784,0.0256657265126705,0.000104736536741257,0.035259909927845,0.511413991451263,0.00568898348137736,501716.4375,NA,NA
"ES212",10.3717308044434,14.4505290985107,23.066385269165,18.0248832702637,12.694655418396,5.52400732040405,4.03858709335327,1.64651000499725,4.44963359832764,81.5701370239258,77.7371826171875,76.7020492553711,78.1701889038086,0.054468497633934,0.088315837085247,0.00194653472863138,0.0296085681766272,7.2752358391881e-05,0,0.543083310127258,0,349739.3125,NA,NA
"ES213",10.2280015945435,14.2782745361328,22.5993957519531,17.7788562774658,12.371395111084,4.41667413711548,3.25204300880432,1.33467078208923,3.79380416870117,81.2841339111328,78.0405044555664,77.4554290771484,77.9404983520508,0.0323643945157528,0.090156652033329,0.00523465313017368,0.063319981098175,6.18970152572729e-05,0.127781853079796,0.478554576635361,0.0200726427137852,761280.5625,NA,NA
"ES220",8.27786445617676,13.9316740036011,24.5873432159424,17.1843700408936,16.309476852417,3.36126947402954,2.63603830337524,1.05000960826874,2.80202198028564,80.7682495117188,71.0588073730469,63.8596649169922,73.4156723022461,0.273081243038177,0.135908752679825,0.0244281515479088,0.0200072564184666,7.30673564248718e-05,0.0143112121149898,0.456003278493881,0.0533398129045963,1074349.5,NA,NA
"ES230",6.64577150344849,12.3039331436157,23.7718048095703,15.6551876068115,17.126033782959,2.0776469707489,1.98175966739655,0.78509509563446,1.70057320594788,79.8925628662109,70.9146194458008,61.2173538208008,71.244140625,0.247351720929146,0.127633556723595,0.0334358252584934,0.0172020476311445,4.64434451714624e-05,0.269619584083557,0.211414933204651,0.0931681171059608,378225.96875,NA,NA
"ES241",7.14208793640137,13.8573169708252,25.5130577087402,16.7079906463623,18.3709697723389,1.98552119731903,2.02162027359009,1.11060988903046,2.37513566017151,75.4084243774414,64.6079635620117,54.1806526184082,69.9220809936523,0.291171818971634,0.0828149244189262,0.074091762304306,0.0123733514919877,0.000481551222037524,0.0866223946213722,0.303456962108612,0.14764703810215,374125.875,NA,NA
"ES242",7.416184425354,13.7930307388306,25.9360809326172,16.7471504211426,18.5198974609375,0.978220760822296,1.30580949783325,0.87391072511673,1.24368596076965,71.3180541992188,59.5693359375,49.5528450012207,64.6953735351562,0.260250240564346,0.0459920093417168,0.12734317779541,0.0054051005281508,0,0.337618619203568,0,0.223338827490807,157485.1875,NA,NA
"ES243",8.7384786605835,15.5901441574097,27.3463840484619,18.1669845581055,18.6079025268555,1.03790068626404,1.34285533428192,0.687520503997803,1.26664686203003,73.0285720825195,57.7990684509277,47.2338943481445,64.4778823852539,0.378731548786163,0.0504932776093483,0.105167247354984,0.0115489326417446,1.30588414322119e-05,0.171753391623497,0.0766036212444305,0.205223023891449,1203115.5,NA,NA
"ES300",8.73498439788818,15.4162454605103,28.3700084686279,18.2609577178955,19.6350250244141,1.87064611911774,1.41064524650574,0.391393631696701,1.44065320491791,77.0873489379883,58.9282989501953,35.8164291381836,60.3576431274414,0.298996061086655,0.0729870349168777,0.116499580442905,0.0942699611186981,0,0.246646299958229,0,0.169824078679085,7124340.5,NA,NA
"ES411",7.42461013793945,13.683708190918,26.0464363098145,16.6286678314209,18.621826171875,2.49776172637939,1.68314433097839,0.427787363529205,1.87588000297546,78.1420669555664,63.763729095459,40.7839775085449,64.4150009155273,0.2706139087677,0.0811111703515053,0.179306462407112,0.00922458525747061,0,0.222169980406761,0,0.237252116203308,228967.734375,NA,NA
"ES412",7.3743691444397,12.6635274887085,23.56858253479,16.0142517089844,16.1942138671875,2.35724091529846,1.97786474227905,0.742743670940399,1.96595132350922,81.6880950927734,72.0243759155273,60.5958595275879,71.5279769897461,0.342059165239334,0.115730009973049,0.0750657990574837,0.0139095615595579,3.58762372343335e-05,0.143238604068756,0.174569293856621,0.126021087169647,653996.5,NA,NA
"ES413",6.78078460693359,12.056921005249,22.8153038024902,15.1679039001465,16.0345211029053,3.66238164901733,2.33777379989624,0.728769600391388,2.94980430603027,83.2048416137695,71.9421539306641,59.8932304382324,73.612190246582,0.188102275133133,0.103078037500381,0.0212859641760588,0.0105558820068836,0.000138085291837342,0.0725429579615593,0.549423635005951,0.0500615127384663,544739.8125,NA,NA
"ES414",7.61258172988892,12.9649782180786,23.976469039917,16.2521705627441,16.3638877868652,2.22606992721558,1.75537824630737,0.604195952415466,1.95050013065338,81.8523178100586,69.3370666503906,55.7388534545898,70.5491104125977,0.489984691143036,0.144338145852089,0.0598505958914757,0.00863286573439837,2.69269821728813e-05,0.0139088910073042,0.198674529790878,0.081962063908577,274663.625,NA,NA
"ES415",8.56376647949219,14.7850151062012,26.6049633026123,17.5537261962891,18.0411968231201,2.44476628303528,1.56606781482697,0.378736704587936,1.84084725379944,80.4400100708008,65.6430435180664,44.7271766662598,66.8630523681641,0.253598242998123,0.220812171697617,0.062552735209465,0.00797989033162594,0,0.21694777905941,0,0.235557526350021,384287.75,NA,NA
"ES416",7.34753894805908,13.3144073486328,25.9992733001709,16.5143146514893,18.6517333984375,1.98468422889709,1.59450900554657,0.495101869106293,1.50954103469849,78.4054412841797,63.7407836914062,41.6034088134766,63.9704055786133,0.331165701150894,0.0881706848740578,0.135802641510963,0.0146249858662486,0,0.216350227594376,0,0.213761866092682,341162.96875,NA,NA
"ES417",6.91598701477051,12.8572473526001,25.2520179748535,16.0851402282715,18.336030960083,1.74193394184113,1.71270513534546,0.698301196098328,1.39813613891602,77.5995330810547,64.769905090332,47.2352638244629,65.4990539550781,0.281310796737671,0.0795913934707642,0.122181065380573,0.013924503698945,4.5777946979797e-06,0.27033531665802,0.0204009748995304,0.211706265807152,150030.515625,NA,NA
"ES418",8.08243656158447,14.1860055923462,26.0629959106445,17.1657066345215,17.9805603027344,1.52316308021545,1.29108381271362,0.426211684942245,1.36604475975037,79.5850219726562,63.4983711242676,44.3281860351562,65.7625122070312,0.576539933681488,0.0551054030656815,0.18482206761837,0.0103582050651312,0,0.0296337846666574,0,0.143540576100349,532249.75,NA,NA
"ES419",7.86751937866211,14.0267429351807,25.7448654174805,16.8388576507568,17.8773460388184,2.50144219398499,1.59845018386841,0.456562221050262,1.95090329647064,81.220832824707,65.8404846191406,47.5232887268066,68.3099136352539,0.343379586935043,0.160115242004395,0.0612841807305813,0.00568500813096762,4.87050529045518e-05,0.107990086078644,0.150673195719719,0.168728172779083,175697.859375,NA,NA
"ES421",9.48877811431885,16.4986095428467,28.8898468017578,19.3185901641846,19.4010677337646,1.2444361448288,1.08318531513214,0.396045416593552,1.10684776306152,72.6028747558594,55.1391983032227,42.8275566101074,60.8347549438477,0.442023485898972,0,0.193413764238358,0.0110617838799953,0,0.169516131281853,0,0.18397955596447,539614.5,NA,NA
"ES422",9.86579895019531,17.2478790283203,30.0516567230225,19.7349376678467,20.1858558654785,1.81465971469879,1.18562805652618,0.271085441112518,1.28428399562836,76.5274887084961,55.8082237243652,34.6469039916992,58.5561218261719,0.438279390335083,0.0303573440760374,0.220356523990631,0.00628110952675343,0,0.123577296733856,0,0.180415570735931,644950.875,NA,NA
"ES423",8.29209232330322,15.1932220458984,27.8323078155518,17.9588851928711,19.5402145385742,1.62006664276123,1.36113595962524,0.491207957267761,1.27807402610779,75.1410522460938,57.4818000793457,41.3251647949219,61.4873466491699,0.391270130872726,0.00432753516361117,0.195184037089348,0.0100681539624929,0,0.234442010521889,0,0.164494812488556,326204.25,NA,NA
"ES424",7.40277433395386,13.7767581939697,26.3927154541016,16.7663898468018,18.9899425506592,1.70139491558075,1.55453062057495,0.586052596569061,1.35783922672272,76.3759460449219,60.5979614257812,40.0796890258789,61.6361465454102,0.282091170549393,0.024421401321888,0.164610713720322,0.0151257831603289,0,0.303612142801285,0,0.209192082285881,523126.5,NA,NA
"ES425",9.70074653625488,16.8182563781738,29.5880527496338,19.3765029907227,19.8873062133789,1.86202907562256,1.29280686378479,0.296019077301025,1.39590299129486,77.6051788330078,58.1556701660156,35.0986328125,60.7114334106445,0.455627769231796,0.00309311901219189,0.206744536757469,0.0177276581525803,0,0.153107509016991,0,0.162657082080841,2474991.75,NA,NA
"ES431",11.8142709732056,18.4913158416748,29.9619159698486,21.0929489135742,18.1476459503174,2.18832206726074,1.28610825538635,0.230043470859528,1.60779905319214,77.82861328125,58.8541526794434,40.5045051574707,61.4833335876465,0.330066502094269,0.212810084223747,0.056813295930624,0.00800521671772003,0,0.148020312190056,0,0.24179795384407,723719.9375,NA,NA
"ES432",10.9752826690674,17.4271240234375,29.2385597229004,20.1781330108643,18.2632751464844,2.96487236022949,1.61580443382263,0.278595894575119,2.10338020324707,78.4207534790039,61.4381484985352,40.2282791137695,62.9709968566895,0.161169230937958,0.162159621715546,0.0994295999407768,0.00707923853769898,0,0.354037135839462,0,0.213019713759422,357417.28125,NA,NA
"ES511",9.9862117767334,15.1833639144897,25.8740653991699,18.663724899292,15.8878517150879,1.20527482032776,1.63797807693481,1.23447132110596,2.08487486839294,76.6055679321289,70.1586761474609,67.1034774780273,76.8740005493164,0.149550944566727,0.0674115940928459,0.0239324532449245,0.0960362553596497,6.25108805252239e-05,0.101325236260891,0.404031544923782,0.0388950444757938,3496268.75,NA,NA
"ES512",9.74266815185547,15.1602802276611,26.0812225341797,18.5720996856689,16.3385543823242,1.58240032196045,2.10723304748535,1.51496911048889,2.41492438316345,75.1401443481445,70.2102355957031,64.7446136474609,74.7055816650391,0.111471176147461,0.0607817359268665,0.0130638834089041,0.0379242151975632,1.28520987345837e-05,0.455521732568741,0.053520642220974,0.110468834638596,773802.125,NA,NA
"ES513",7.64614915847778,14.0020608901978,25.1493797302246,16.9668426513672,17.5032329559326,1.36721539497375,1.78064596652985,1.27001738548279,2.03761410713196,74.4370040893555,65.4065704345703,59.1243209838867,71.7694931030273,0.250302404165268,0.101289339363575,0.0611759088933468,0.0201915260404348,0.000152854161569849,0.108420215547085,0.276190519332886,0.180166006088257,619482,NA,NA
"ES514",12.0703125,17.8205604553223,28.4338264465332,20.8129787445068,16.3635158538818,1.01366341114044,1.23513185977936,0.672464072704315,1.79217505455017,72.4232177734375,62.8744850158691,60.0045051574707,71.3678665161133,0.235591486096382,0.0847550183534622,0.0677063837647438,0.0291004683822393,0,0.231519594788551,0,0.17779715359211,727484.8125,NA,NA
"ES521",13.8472948074341,18.6471557617188,28.9486141204834,22.3779792785645,15.101321220398,1.09430480003357,0.944466829299927,0.230577200651169,1.24641537666321,67.9723434448242,60.9905853271484,58.8854789733887,66.9228363037109,0.665095269680023,2.0241218115269e-15,0.0378156825900078,0.0323423407971859,0,0.0648616030812263,0,0.0450716465711594,1647268.75,NA,NA
"ES522",10.9426794052124,16.5192356109619,27.6640167236328,19.7387447357178,16.7213382720947,1.16425859928131,1.26972699165344,0.784292221069336,1.61786246299744,68.0293960571289,62.4008560180664,60.5317344665527,67.8094329833984,0.181837126612663,0.0400946587324142,0.094868578016758,0.0236940756440163,0,0.372731268405914,0,0.150539889931679,661996.6875,NA,NA
"ES523",11.6754970550537,17.3265228271484,28.3673648834229,20.5938320159912,16.6918678283691,1.20882332324982,1.08433496952057,0.443622946739197,1.344646692276,69.0168914794922,59.7729034423828,57.177116394043,65.7901458740234,0.298362076282501,0.00167354545556009,0.145947217941284,0.0345911644399166,0,0.30492103099823,0,0.152973398566246,1771852.625,NA,NA
"ES532",13.3008127212524,17.2828540802002,27.5760822296143,21.9665813446045,14.2752685546875,1.80519843101501,0.902409732341766,0.303126156330109,1.85387015342712,77.162483215332,72.8539352416992,68.6686553955078,75.1980514526367,0.19151982665062,0.103004448115826,0.00589031027629972,0.0246341731399298,0,0.0784351080656052,0,0.0975728407502174,650800.3125,NA,NA
"ES611",11.9487018585205,17.6984329223633,28.6547298431396,20.9666004180908,16.7060279846191,1.11961615085602,0.714052200317383,0.203054040670395,0.82370001077652,68.1363220214844,54.6677551269531,47.4503631591797,61.3035049438477,0.156525239348412,0.00485442113131285,0.0349105186760426,0.0131962643936276,0,0.503190755844116,0,0.112422540783882,431237.03125,NA,NA
"ES612",14.4904518127441,19.5085716247559,27.9677581787109,22.3673267364502,13.4773063659668,3.22630000114441,1.59690880775452,0.133117407560349,1.80126404762268,78.2501220703125,66.7678756713867,58.0005760192871,70.4275436401367,0.283821910619736,0.185981601476669,0.0221932642161846,0.0222834534943104,0,0.150201484560966,0,0.154914930462837,784445.0625,NA,NA
"ES613",11.7853450775146,18.922046661377,30.6975593566895,21.3915500640869,18.9122142791748,2.21786618232727,1.26357436180115,0.201372593641281,1.55207240581512,75.7336196899414,56.2494659423828,39.5576782226562,59.402515411377,0.439010739326477,0.200267821550369,0.0390188470482826,0.0142218163236976,0,0.110417783260345,0,0.195456430315971,925578.4375,NA,NA
"ES614",10.0521392822266,16.7577075958252,28.6895427703857,19.6194629669189,18.6374034881592,1.78797197341919,1.03759205341339,0.24850769340992,1.15500342845917,73.247314453125,57.1250495910645,44.2408561706543,60.8809204101562,0.309633642435074,0.0697632282972336,0.038696113973856,0.0161067210137844,0,0.331435769796371,0,0.164084509015083,1026648.875,NA,NA
"ES615",13.8448972702026,19.6790084838867,29.1185264587402,22.2762870788574,15.2736301422119,2.39926767349243,1.52377951145172,0.158946231007576,1.72236585617065,75.6474151611328,60.3956565856934,47.3152351379395,63.6254692077637,0.186049193143845,0.18151780962944,0.0266868360340595,0.0167600065469742,0,0.318136543035507,0,0.174291387200356,707533.4375,NA,NA
"ES616",10.7505464553833,17.9665088653564,30.6495323181152,20.5963745117188,19.8989868164062,2.20926594734192,1.32089114189148,0.278463453054428,1.37570357322693,74.7921142578125,55.6337623596191,38.6906623840332,58.2048759460449,0.402773499488831,0.0222461000084877,0.170884028077126,0.0111490692943335,0,0.20753863453865,0,0.185207799077034,682828.1875,NA,NA
"ES617",13.3621711730957,19.1208782196045,29.0036182403564,21.8815479278564,15.6414451599121,2.70505857467651,1.36014211177826,0.144341185688972,1.72587716579437,78.0092391967773,63.2781295776367,52.6261138916016,67.46044921875,0.311462163925171,0.176944717764854,0.00812020339071751,0.0320432223379612,0,0.168923959136009,0,0.167652159929276,1410887.125,NA,NA
"ES618",13.4789638519287,19.9260578155518,30.2953929901123,22.5685176849365,16.8164291381836,2.42028141021729,1.41881012916565,0.151431426405907,1.67150700092316,75.0902938842773,57.9184265136719,44.4529113769531,61.5881195068359,0.470911830663681,0.215504840016365,0.0279181059449911,0.0275532323867083,0,0.0868338868021965,0,0.163944453001022,2377467,NA,NA
"ES620",11.9848823547363,17.8679008483887,29.0521717071533,21.2134971618652,17.067289352417,0.81985205411911,0.779980003833771,0.236576527357101,0.830844581127167,68.0594329833984,56.9092826843262,52.2281951904297,63.6361236572266,0.328040152788162,1.19116994329647e-17,0.0900219157338142,0.0253986436873674,0,0.321191281080246,0,0.167216584086418,1509755.375,NA,NA
"FI193",-2.45587110519409,7.6762433052063,18.6638946533203,8.74608325958252,21.1197643280029,2.17982721328735,1.72772872447968,3.25824093818665,2.70026326179504,91.4487533569336,73.2552642822266,79.8708343505859,91.4123077392578,0.0409089848399162,2.34988674492342e-05,0.000127921332023107,0.00832044519484043,0,8.94772674655542e-05,0.111279428005219,0.683314919471741,287914,NA,NA
"FI194",-1.78305077552795,7.77456140518188,18.5276107788086,8.74021244049072,20.310661315918,2.05289268493652,1.51418960094452,3.2596161365509,2.69348740577698,89.8105773925781,71.0927200317383,77.9382858276367,90.3390426635742,0.184274911880493,0.000350830290699378,0.000179534195922315,0.00776783004403114,0,9.91384949884377e-05,0,0.782148480415344,166075.78125,NA,NA
"FI195",-1.21009862422943,7.37514972686768,18.8978996276855,9.02451229095459,20.1079978942871,2.1266987323761,1.31382441520691,2.74067735671997,2.60894298553467,87.4184036254883,72.0569458007812,75.9883117675781,87.5984191894531,0.165677472949028,0.00105460220947862,0.000324461667332798,0.00910851452499628,0,6.83781181578524e-05,0,0.553114295005798,124429.4296875,NA,NA
"FI196",-0.416914910078049,8.27008247375488,19.6023044586182,9.45518112182617,20.0192184448242,2.44447350502014,1.46937084197998,3.0446994304657,2.97782015800476,88.0419006347656,72.2808227539062,76.6534957885742,87.8969650268555,0.166883826255798,0.000281341548543423,0.000110311812022701,0.0150535814464092,0,9.26122083910741e-05,0,0.740126013755798,175829.859375,NA,NA
"FI197",-1.46622622013092,8.06508827209473,18.7373600006104,9.00149726867676,20.2035846710205,2.10209727287292,1.57089066505432,3.18739724159241,2.71834301948547,90.8180923461914,72.5798187255859,79.3905258178711,90.8937377929688,0.125274673104286,0.000122056349937338,8.41973233036697e-05,0.0172846838831902,0,9.51813635765575e-05,0,0.743067383766174,554913.1875,NA,NA
"FI1B1",-0.462614744901657,8.247389793396,19.6739540100098,9.80600929260254,20.1365699768066,2.65717792510986,1.51422250270844,2.75471615791321,2.93548226356506,88.2941741943359,73.1940841674805,76.5237121582031,87.5873184204102,0.202522248029709,0.000389249005820602,4.27829472755548e-05,0.0369236618280411,0,4.18844574596733e-05,0.180876180529594,0.345168501138687,1457894.25,NA,NA
"FI1C1",0.474126130342484,8.33060073852539,19.8672199249268,10.1901473999023,19.3930950164795,2.46062707901001,1.32435858249664,2.67350578308105,2.78866648674011,87.6323013305664,74.1119689941406,76.2392578125,87.0554122924805,0.271219879388809,0.00120634748600423,0.000147220838698559,0.013089251704514,0,6.20043501839973e-05,0,0.524936378002167,329139.03125,NA,NA
"FI1C2",-1.02609479427338,8.19034481048584,19.0339965820312,9.46931457519531,20.0600929260254,2.24868535995483,1.50983333587646,2.98960757255554,2.58460402488708,90.4517822265625,72.5683670043945,78.4089889526367,90.2399368286133,0.199398934841156,0.000314739940222353,6.71911693643779e-05,0.0216186512261629,0,7.92962455307133e-05,0.0519658923149109,0.637889385223389,198994.328125,NA,NA
"FI1C3",-1.54247260093689,8.07355499267578,19.1490497589111,9.3294153213501,20.6915245056152,2.2257661819458,1.60586440563202,2.93768739700317,2.63029265403748,90.7334442138672,72.4021682739258,78.1374435424805,89.9575424194336,0.139778897166252,0.00024800086976029,5.56850609427784e-05,0.0184830818325281,0,1.91304843610851e-06,0.652794480323792,0.0146467555314302,162757.890625,NA,NA
"FI1C4",-0.867746949195862,8.40236663818359,19.747673034668,9.83989238739014,20.6154232025146,2.77581858634949,1.75991797447205,2.77835249900818,2.98941159248352,89.7656555175781,72.7085189819336,76.3011093139648,88.7241439819336,0.142514258623123,8.71523661771789e-05,5.59042819077149e-05,0.0142961544916034,1.66293993970612e-05,5.15634212661098e-07,0.721173405647278,0.0040983883664012,132208.125,NA,NA
"FI1C5",-1.46591639518738,8.5322322845459,19.9002227783203,9.64504909515381,21.366138458252,2.56182265281677,1.71848392486572,2.86036658287048,2.88362455368042,90.3622055053711,73.3678817749023,76.4399261474609,89.2728042602539,0.0459762327373028,1.13216037789243e-05,5.8134497521678e-05,0.00663274945691228,4.85679993289523e-05,0.140820652246475,0.332778692245483,0.217351868748665,118913.3046875,NA,NA
"FI1D1",-2.18666291236877,8.12317180633545,19.552209854126,9.2733564376831,21.7388725280762,2.47145795822144,1.77292585372925,2.98019671440125,2.76442575454712,91.2688522338867,73.611686706543,77.8755798339844,90.4928436279297,0.0194770190864801,1.32904651763965e-05,7.21391043043695e-05,0.0067730750888586,3.73897796634992e-06,0.000290938129182905,0.430930137634277,0.295872151851654,157612.59375,NA,NA
"FI1D2",-2.93496060371399,7.64595890045166,19.1838569641113,8.95756721496582,22.1188182830811,2.63554573059082,1.99173021316528,3.25346112251282,2.99008631706238,91.258056640625,73.2834854125977,78.4974365234375,90.969841003418,0.0663003101944923,2.31839421758195e-05,0.000121885219414253,0.00437230803072453,4.32132420428487e-41,8.81491796462797e-05,0.0852163285017014,0.679194033145905,228938.921875,NA,NA
"FI1D3",-3.88775205612183,7.04001474380493,18.9189891815186,8.54129314422607,22.8067417144775,2.63682723045349,2.05502462387085,3.27102494239807,3.12736582756042,90.8857803344727,73.4295959472656,78.1009368896484,90.7990570068359,0.0282149352133274,3.8092084650998e-06,3.47010791301727e-05,0.00314162392169237,0.00022313512454275,5.28149985257187e-06,0.767284333705902,0.0404768101871014,139038.375,NA,NA
"FI1D5",-2.74710130691528,7.16329050064087,18.1659965515137,8.19109344482422,20.9130992889404,2.15404486656189,1.64414441585541,3.09046626091003,2.64532709121704,89.8132247924805,71.111930847168,77.3203659057617,90.4280319213867,0.113259181380272,6.40414582449012e-05,0.000212277722312137,0.00545239401981235,0,0.000105521656223573,0.0118889240548015,0.819163978099823,41974.5,NA,NA
"FI1D7",-7.14065361022949,4.85245513916016,16.8892383575439,5.80181980133057,24.0298919677734,1.71200931072235,1.72483611106873,2.79167008399963,2.41952323913574,88.9720840454102,71.2163772583008,72.9422073364258,89.2338180541992,0.00270652840845287,5.6805682106642e-05,0.00115158490370959,0.00094843318220228,0.0625790730118752,1.96881173906149e-05,0.7338907122612,0.151495084166527,141306.390625,NA,NA
"FI1D8",-4.65671682357788,6.41385316848755,18.4195461273193,7.91462755203247,23.0762634277344,2.55439901351929,2.17373251914978,3.50872802734375,3.20253682136536,91.2178726196289,72.9113845825195,77.9362182617188,91.5876312255859,0.00843480601906776,1.40737238325528e-05,0.000314840406645089,0.00143264560028911,0.000410333828767762,4.07982042816002e-05,0.583796501159668,0.31151556968689,65149.19140625,NA,NA
"FI1D9",-4.48614072799683,6.18594455718994,17.9962825775146,7.40219402313232,22.4824237823486,2.30233478546143,1.91889429092407,3.17585325241089,2.78395986557007,90.2756500244141,72.6355590820312,77.1103744506836,90.7090759277344,0.0526912324130535,9.78092211880721e-05,0.000703717872966081,0.00423784041777253,0.000368071341654286,3.31823139276821e-05,0.613789558410645,0.259076952934265,312792.09375,NA,NA
"FI200",2.41264772415161,7.76617622375488,19.6253089904785,11.3451442718506,17.2126617431641,2.35082650184631,1.20026969909668,2.29153752326965,2.59637141227722,82.7824859619141,78.971923828125,77.4133987426758,81.8836364746094,0.0369821898639202,0.00145394529681653,4.77252651762683e-05,0.00344341271556914,0,2.48595933953766e-05,0,0.202900528907776,10767.9130859375,NA,NA
"FR101",8.27200031280518,14.0438985824585,23.8189449310303,16.5636196136475,15.5469446182251,2.6842086315155,2.22761511802673,1.69629943370819,2.00696778297424,87.9184722900391,77.1084747314453,68.4231109619141,80.9312210083008,0.189263045787811,0.0223163515329361,8.31833713021979e-10,0.421519160270691,0,2.02972930198662e-16,0,0.366901457309723,385036.125,NA,NA
"FR102",7.83797836303711,13.7688846588135,23.6408214569092,16.3065032958984,15.8028430938721,2.93280386924744,2.3578667640686,1.80598986148834,2.17780876159668,87.7929840087891,76.9351119995117,67.9424743652344,80.5763397216797,0.530884027481079,0.13069611787796,1.07128783621846e-09,0.0830806866288185,0,8.12182587276522e-18,0,0.255339205265045,2529696,NA,NA
"FR103",7.85403442382812,13.353385925293,23.0276317596436,16.091552734375,15.1735954284668,2.70573616027832,2.18284797668457,1.60068237781525,2.04904007911682,88.3824157714844,77.9787216186523,69.4397125244141,81.4737854003906,0.438990592956543,0.098079226911068,2.09512562854286e-09,0.131437599658966,0,4.71573821658744e-11,0,0.33149254322052,2943167,NA,NA
"FR104",8.00808048248291,13.7984657287598,23.6666088104248,16.3907890319824,15.6585283279419,2.68726634979248,2.30260968208313,1.71968424320221,2.08205986022949,87.8062057495117,76.9020843505859,67.6268920898438,80.4655914306641,0.394676953554153,0.0949196815490723,1.82942438975431e-09,0.231200471520424,0,9.84629587065522e-13,0,0.279202908277512,4708087.5,NA,NA
"FR105",8.27200031280518,14.0438985824585,23.8189449310303,16.5636196136475,15.5469455718994,2.68420839309692,2.22761511802673,1.69629955291748,2.00696754455566,87.9184722900391,77.1084747314453,68.4231185913086,80.9312286376953,0.189263045787811,0.0223163533955812,8.31833713021979e-10,0.421519160270691,0,2.02972930198662e-16,0,0.366901457309723,815452,NA,NA
"FR106",8.22581005096436,14.0435676574707,23.8416786193848,16.5715026855469,15.6158685684204,2.76732110977173,2.28934264183044,1.7509434223175,2.02427172660828,87.8677062988281,77.0488586425781,68.3199768066406,80.8505325317383,0.297083556652069,0.0434901043772697,1.40583900076763e-09,0.310428559780121,0,1.11991387563513e-16,0,0.34899777173996,771620.5625,NA,NA
"FR107",8.23651790618896,14.0454893112183,23.8396301269531,16.5715656280518,15.6031131744385,2.74960470199585,2.2767276763916,1.73948442935944,2.02016854286194,87.8781356811523,77.0595626831055,68.3329696655273,80.864143371582,0.27448382973671,0.0389736816287041,1.29146371374844e-09,0.333751678466797,0,1.30794235208248e-16,0,0.352790802717209,863614.1875,NA,NA
"FR108",8.04597091674805,13.4595193862915,22.9551639556885,16.1691455841064,14.9091930389404,3.15834069252014,2.30652546882629,1.69989657402039,2.27893877029419,88.1418762207031,78.0110855102539,71.1669082641602,82.1451721191406,0.503352403640747,0.120910055935383,1.33959254799976e-09,0.0986718758940697,0,4.63963851958095e-17,0,0.277065604925156,1192042.5,NA,NA
"FRB01",7.49883270263672,13.559642791748,23.8495540618896,16.2386493682861,16.3507213592529,3.01833343505859,2.70732641220093,1.82215237617493,2.51980781555176,86.6229934692383,75.1921157836914,64.5735626220703,78.7922592163086,0.437687575817108,0.191641986370087,0.00487870164215565,0.0120017696171999,0,6.04303551643426e-11,0,0.353789955377579,289825,NA,NA
"FRB02",7.38525867462158,12.8611135482788,22.594259262085,15.6829490661621,15.209002494812,2.68689203262329,2.15621852874756,1.44042325019836,1.98654496669769,88.6960144042969,78.0365600585938,68.3520736694336,81.0037689208984,0.670695006847382,0.182160884141922,3.62583705282304e-07,0.0209698509424925,0,5.68192107947008e-12,0,0.126173973083496,568780.0625,NA,NA
"FRB03",7.72840213775635,13.6555519104004,23.8824729919434,16.2826919555664,16.1540699005127,3.16694712638855,2.65868520736694,1.64495885372162,2.70852375030518,86.3783111572266,75.0614471435547,63.9736099243164,78.3428573608398,0.491698324680328,0.221930161118507,0.00175514013972133,0.0146897891536355,0,1.81293577372621e-10,0,0.269926637411118,230846.71875,NA,NA
"FRB04",8.11569976806641,13.8145694732666,23.7930068969727,16.4409561157227,15.6773061752319,2.91610956192017,2.25114870071411,1.38547575473785,2.29063057899475,87.145881652832,75.2763519287109,64.6682510375977,78.8578033447266,0.505851030349731,0.183835715055466,0.000108502630610019,0.0235861260443926,0,5.25907399226422e-12,0,0.286618649959564,770821.125,NA,NA
"FRB05",7.75538492202759,13.5454406738281,23.5657253265381,16.2168102264404,15.810341835022,2.8464241027832,2.33777904510498,1.5212607383728,2.21880769729614,87.4029846191406,75.5265045166016,64.8688812255859,79.1313705444336,0.482413113117218,0.158385559916496,0.000732396962121129,0.0207224059849977,0,0,0,0.337746530771255,503558.09375,NA,NA
"FRB06",7.6955623626709,13.6450080871582,23.708137512207,16.2815628051758,16.0125732421875,2.81313443183899,2.44771456718445,1.72495234012604,2.28151369094849,87.4960021972656,75.8811264038086,65.8997116088867,79.6687545776367,0.482058703899384,0.14869724214077,0.000137740033096634,0.0249087773263454,0,5.85722621281859e-17,0,0.344197541475296,642931.75,NA,NA
"FRC11",6.24329948425293,13.0556316375732,23.5029048919678,15.3724689483643,17.2596054077148,3.58189463615417,3.07558917999268,2.27054452896118,2.9904842376709,86.8491668701172,75.1238327026367,65.9372253417969,79.658317565918,0.356050878763199,0.150066211819649,0.000540272681973875,0.0169465206563473,0,0,0.114748030900955,0.361648142337799,620501.875,NA,NA
"FRC12",6.93761920928955,13.2091617584229,23.6254730224609,15.8750238418579,16.6878509521484,3.6093053817749,2.96261286735535,2.06553435325623,2.84874367713928,86.426628112793,75.0645751953125,65.1131591796875,79.2229995727539,0.29132491350174,0.184556066989899,0.00307662761770189,0.0133908474817872,0,2.02314894786486e-18,0.00901046209037304,0.498641103506088,190998.03125,NA,NA
"FRC13",6.43274593353271,13.2514581680298,23.8397941589355,15.6157178878784,17.4070472717285,3.56977105140686,3.10093474388123,2.30484366416931,3.17519235610962,84.7922744750977,73.6294860839844,63.9135971069336,78.1096496582031,0.248575329780579,0.202329471707344,0.00188962114043534,0.0193179342895746,0,8.30598437251417e-12,0.133752137422562,0.394135594367981,583293.1875,NA,NA
"FRC14",7.24486207962036,13.5040512084961,23.7002830505371,16.0570793151855,16.4554233551025,3.16521859169006,2.67437720298767,1.9002081155777,2.55519127845764,87.3987197875977,76.1321868896484,66.5612030029297,79.9574661254883,0.495488077402115,0.170260012149811,0.000443255616119131,0.0193660762161016,0,2.93226064203841e-17,0,0.314442545175552,321538.96875,NA,NA
"FRC21",4.70812845230103,11.3053302764893,21.2513561248779,13.5918798446655,16.5432262420654,6.04609966278076,4.81894779205322,3.24459886550903,4.27203035354614,83.9966430664062,76.0363693237305,70.955192565918,80.3489379882812,0.140043690800667,0.13091504573822,0.000210124460863881,0.0467725023627281,1.17160287677389e-31,0,0.681173801422119,0,543664.25,NA,NA
"FRC22",5.53928136825562,12.430685043335,22.5901832580566,14.6511354446411,17.0509033203125,6.30450773239136,5.12704467773438,3.13919162750244,4.59360980987549,83.4770660400391,74.9279098510742,68.6068801879883,78.8173217773438,0.190729007124901,0.122250691056252,0.000258691405178979,0.0238476525992155,1.61889382921799e-30,0,0.582295775413513,0.0789417326450348,389688.75,NA,NA
"FRC23",6.03806352615356,12.7388954162598,22.829906463623,14.9480237960815,16.7918453216553,4.69603633880615,3.72757863998413,2.67633056640625,3.67739152908325,84.8107604980469,74.8303146362305,67.2440567016602,79.3864059448242,0.212628915905952,0.132708072662354,1.79734288394684e-05,0.0335396640002728,0,0,0.62064403295517,0.000461129762697965,366447.34375,NA,NA
"FRC24",5.06422710418701,11.628457069397,21.5559577941895,13.7812480926514,16.4917316436768,6.59199905395508,4.61174535751343,3.07862329483032,4.37230205535889,85.2316055297852,75.8208465576172,69.5845642089844,81.0624923706055,0.14346769452095,0.0523079894483089,2.77493722444788e-10,0.0563592575490475,0,0,0.747767150402069,0,103216.5078125,NA,NA
"FRD11",8.23032379150391,12.5549879074097,21.0760898590088,15.6383857727051,12.8457660675049,3.78860259056091,2.28736400604248,1.63579833507538,2.84123301506042,86.9902725219727,78.9875030517578,76.6326217651367,83.8418731689453,0.316846698522568,0.230237141251564,2.43160269697285e-09,0.031394861638546,0,3.51046448854309e-11,0.0522385537624359,0.204117015004158,625415.4375,NA,NA
"FRD12",8.76641178131104,12.7997560501099,21.04128074646,16.0038299560547,12.2748689651489,4.40876054763794,2.32370924949646,1.74493229389191,3.35188746452332,85.4366073608398,79.873046875,79.6373901367188,83.2893142700195,0.313538491725922,0.251823157072067,2.32251395893002e-09,0.0240211859345436,0,3.81914048996901e-11,0.0927778333425522,0.1321811825037,291394.4375,NA,NA
"FRD13",7.48349142074585,12.3145217895508,21.4853744506836,15.301609992981,14.0018835067749,3.55414915084839,2.41779780387878,1.51951420307159,2.439213514328,89.2286529541016,79.0610885620117,73.0019683837891,83.4733581542969,0.420979082584381,0.257700473070145,2.50042675453699e-09,0.0295215547084808,0,1.09311396825097e-17,0,0.291798949241638,270537.9375,NA,NA
"FRD21",7.81729125976562,12.6731595993042,21.7916355133057,15.6569490432739,13.97434425354,3.56459665298462,2.34326553344727,1.61229825019836,2.52660465240479,88.3602294921875,79.0923385620117,73.6789855957031,83.2868118286133,0.482026606798172,0.169612467288971,1.77679515545037e-09,0.0442158058285713,0,1.44128537230004e-11,0,0.296750992536545,1016446.1875,NA,NA
"FRD22",8.05961227416992,12.5720071792603,21.3567047119141,15.7273664474487,13.2970924377441,4.32102966308594,2.49733567237854,1.87806379795074,3.39533734321594,86.915641784668,79.4990463256836,76.9548187255859,83.6548461914062,0.412451148033142,0.196549013257027,0.000126245053252205,0.0327520444989204,0,7.93402982202096e-11,0.014962961897254,0.204396143555641,742387.375,NA,NA
"FRE11",6.90660381317139,12.3071956634521,21.5599250793457,14.9930028915405,14.6533222198486,3.47789216041565,2.36759543418884,2.13312697410583,2.80224227905273,87.5942077636719,78.2209701538086,74.5997924804688,82.9999237060547,0.434669494628906,0.149234101176262,1.17460785542534e-09,0.0979084745049477,0,2.6113070039635e-12,0.128222391009331,0.159321784973145,2444286.5,NA,NA
"FRE12",7.45846080780029,12.2335758209229,21.1581497192383,15.2724351882935,13.699688911438,4.27101373672485,2.48612785339355,2.19836258888245,3.59166789054871,87.0713043212891,78.9675216674805,76.0789947509766,83.4175567626953,0.535978198051453,0.179665565490723,2.27513385908651e-09,0.0603770390152931,0,1.5344048948096e-11,0,0.163859248161316,1474691.625,NA,NA
"FRE21",7.02060317993164,12.7956619262695,22.3956871032715,15.326057434082,15.3750848770142,3.40095829963684,2.53841924667358,2.10006475448608,2.390469789505,88.041389465332,77.7300643920898,71.6608276367188,82.0082397460938,0.559921503067017,0.18492379784584,1.65623981196461e-09,0.0397653579711914,0,0,0.0373687334358692,0.178020626306534,614903.5625,NA,NA
"FRE22",7.79355812072754,13.210467338562,22.6449222564697,15.9233255386353,14.8513641357422,3.24608302116394,2.3506281375885,1.83432745933533,2.36310863494873,87.9737854003906,78.0896377563477,72.0131683349609,82.2641830444336,0.582359135150909,0.148847296833992,1.53093093757661e-09,0.0480369627475739,0,1.20719102555458e-17,0,0.220756694674492,1386705.375,NA,NA
"FRE23",7.65085697174072,12.6901626586914,21.8151550292969,15.5947246551514,14.1642990112305,3.78874659538269,2.46910548210144,2.01883053779602,2.90567183494568,87.4531097412109,78.8715362548828,74.8604736328125,82.9565505981445,0.634852349758148,0.18820908665657,1.74563563604124e-09,0.0383416563272476,0,2.63593840771456e-17,0,0.116528868675232,675227.5625,NA,NA
"FRF11",6.04552936553955,13.0394477844238,23.1477470397949,14.8853359222412,17.1022167205811,3.51033329963684,2.85629415512085,2.37818217277527,2.76640820503235,85.1622009277344,74.6104583740234,67.0712661743164,80.1589202880859,0.264615654945374,0.0827416852116585,9.08977781932663e-10,0.0730475038290024,0,2.26339213619544e-22,0,0.579595148563385,1521603,NA,NA
"FRF12",5.63093900680542,12.406777381897,22.2451934814453,14.265664100647,16.6142559051514,4.22695541381836,3.51991248130798,2.64322519302368,3.20278644561768,85.1241607666016,75.6850433349609,69.6383285522461,81.3398895263672,0.256174862384796,0.0693283304572105,4.64426630060188e-05,0.0611425638198853,0,0.0055017089471221,0.367492109537125,0.239734649658203,1027318.5625,NA,NA
"FRF21",6.17958068847656,12.0855741500854,21.9030151367188,14.6004543304443,15.7234334945679,4.0904746055603,2.83111310005188,2.26369905471802,2.73634004592896,88.8309020996094,77.9037475585938,71.9419555664062,83.0845031738281,0.349797695875168,0.200297310948372,0.000483547890326008,0.0231497846543789,0,0,0.410865187644958,0.0154064670205116,343251.125,NA,NA
"FRF22",7.07628726959229,13.3804512023926,23.5231914520264,15.8210935592651,16.4469032287598,3.14132571220398,2.6737813949585,1.97501683235168,2.57176160812378,87.53955078125,76.4833755493164,67.3845138549805,80.4399108886719,0.564421951770782,0.168038532137871,0.000487999204779044,0.0205360986292362,0,1.96088573966901e-17,0.00275828177109361,0.241466179490089,358289.875,NA,NA
"FRF23",6.87298154830933,12.9185428619385,22.8193740844727,15.3963661193848,15.9463911056519,3.16689014434814,2.47925114631653,2.0094747543335,2.25797700881958,87.7672424316406,76.9441223144531,69.0319519042969,81.180908203125,0.602216362953186,0.18375138938427,0.000196690991288051,0.0210027638822794,0,0,0.115506991744041,0.075285404920578,540030,NA,NA
"FRF24",6.25870227813721,12.7959642410278,23.0773639678955,15.1584148406982,16.818660736084,3.92084431648254,3.10052704811096,2.35515880584717,3.07496953010559,87.5205688476562,76.1101913452148,67.472297668457,80.7907104492188,0.362474828958511,0.168015360832214,0.000764182710554451,0.0155365681275725,0,0,0.375458836555481,0.0771818235516548,143338.578125,NA,NA
"FRF31",5.89278888702393,12.30202293396,22.4365425109863,14.558895111084,16.5437526702881,3.7389395236969,2.7184751033783,2.16708016395569,2.81059861183167,87.4326782226562,76.498779296875,67.8049774169922,81.3042602539062,0.349950134754181,0.163977682590485,1.41825867103762e-05,0.0403855517506599,1.10367455192356e-12,0,0.186078056693077,0.259594440460205,679193.0625,NA,NA
"FRF32",6.07181310653687,12.329963684082,22.4715824127197,14.696681022644,16.3997707366943,4.19150972366333,2.87123847007751,2.16267704963684,2.85972452163696,88.2476119995117,77.001579284668,69.0842208862305,82.0060043334961,0.368015348911285,0.168141007423401,0.00226402445696294,0.0186958070844412,0,0,0.442676782608032,0,251298,NA,NA
"FRF33",5.97311496734619,12.6349124908447,22.7165279388428,14.7119188308716,16.7434158325195,3.59784913063049,2.55613303184509,2.13504242897034,2.70493984222412,87.0126342773438,75.7769470214844,67.0904769897461,81.0470657348633,0.302014946937561,0.137414306402206,2.46337439335775e-09,0.0655849575996399,2.71837944949144e-14,1.0229987346407e-22,0.146605655550957,0.34838017821312,1508476.5,NA,NA
"FRF34",5.68335866928101,12.134241104126,22.2356700897217,14.375696182251,16.5523128509521,4.63324213027954,3.4380624294281,2.5285439491272,3.54306769371033,86.6996002197266,76.2249755859375,68.2940826416016,81.1620101928711,0.19181789457798,0.126699909567833,7.6299584179651e-06,0.0486307144165039,0,0,0.21387667953968,0.418967247009277,401130.0625,NA,NA
"FRG01",9.08413982391357,13.9514684677124,22.9916038513184,16.6516704559326,13.9074649810791,4.23818254470825,2.44192361831665,1.23281538486481,3.10611391067505,87.4366760253906,78.1516952514648,72.1684112548828,82.4645233154297,0.47195640206337,0.237604677677155,1.05645676740096e-05,0.0370000600814819,0,4.92417012145347e-17,0,0.174895599484444,1567026.875,NA,NA
"FRG02",8.48885822296143,13.8441324234009,23.4613285064697,16.488790512085,14.972469329834,3.4375741481781,2.29203128814697,1.21245098114014,2.52540397644043,87.6454544067383,76.6826400756836,67.6171951293945,80.4864120483398,0.545363306999207,0.233360126614571,1.16478504423867e-05,0.0322253182530403,0,1.57862010144539e-17,0,0.189039662480354,924114.1875,NA,NA
"FRG03",8.02758026123047,13.0241842269897,22.3139667510986,15.8529844284058,14.2863864898682,4.2414755821228,2.67363119125366,1.56157410144806,2.92298865318298,88.5340805053711,77.7588882446289,70.9634552001953,82.3396987915039,0.55247175693512,0.291782706975937,5.04664665612609e-09,0.0187991429120302,0,3.9135923174411e-17,0,0.136943489313126,338172.71875,NA,NA
"FRG04",7.86251354217529,13.2194719314575,22.9044094085693,15.9740285873413,15.0418939590454,3.28119611740112,2.37774705886841,1.38418793678284,2.25716209411621,88.3960418701172,76.9606094360352,68.0270233154297,80.9083404541016,0.462192624807358,0.232203930616379,2.5858271079926e-09,0.0290263164788485,0,1.15585768566465e-17,0,0.276577115058899,598787.5625,NA,NA
"FRG05",9.27934265136719,14.3272123336792,23.3528347015381,17.0099220275879,14.0734901428223,4.16507339477539,2.43427896499634,1.2056930065155,3.09701132774353,86.2549819946289,77.1351776123047,71.280647277832,81.2888565063477,0.524592339992523,0.212824895977974,5.92295509704854e-05,0.0214102882891893,0,7.02712324093802e-12,0,0.115133821964264,668134.9375,NA,NA
"FRH01",9.22754955291748,12.7924318313599,20.6977844238281,15.99232006073,11.470235824585,4.51697397232056,2.4840841293335,1.5304708480835,3.22814059257507,86.5742416381836,80.6280899047852,79.4829940795898,84.4138717651367,0.4676773250103,0.237658381462097,8.61448497744277e-05,0.0182581208646297,0,3.44910280891675e-11,0.11033657938242,0.0136402193456888,425691.75,NA,NA
"FRH02",9.79809951782227,12.7993316650391,20.1778831481934,16.0463676452637,10.3797836303711,5.35126686096191,2.81966996192932,1.77805685997009,3.92325615882874,84.8677673339844,80.9105834960938,81.8839569091797,84.5341949462891,0.380788594484329,0.210852414369583,0.000156043141032569,0.0262476913630962,0,2.36631048956826e-12,0.10947673022747,0.0187764763832092,513534.78125,NA,NA
"FRH03",8.72158050537109,13.311146736145,22.0689697265625,16.1766796112061,13.3473882675171,3.90050840377808,2.37600088119507,1.47090661525726,2.8610110282898,87.3518371582031,78.2889709472656,74.2453689575195,82.9095153808594,0.547751128673553,0.263124644756317,2.20075412471488e-06,0.0240775272250175,0,4.26063654843101e-12,0.008854272775352,0.117237232625484,1138220.625,NA,NA
"FRH04",9.42299461364746,13.2475938796997,21.3879299163818,16.3258018493652,11.9649353027344,4.97699403762817,2.70027852058411,1.52948772907257,3.51105785369873,87.1033477783203,79.815544128418,76.9450378417969,84.2021789550781,0.45958423614502,0.259578257799149,2.19289722735994e-06,0.0263326745480299,0,0,0.127977684140205,0.0373636409640312,682171.5,NA,NA
"FRI11",8.63604354858398,14.6747341156006,25.1074886322021,17.3822364807129,16.4714450836182,3.62008595466614,2.96293520927429,1.41694128513336,2.57334494590759,84.2182388305664,72.3805160522461,62.0771789550781,76.2679901123047,0.269730180501938,0.177186891436577,0.00124053109902889,0.0150043359026313,0,2.32973552559065e-13,0.085661806166172,0.451176345348358,396630.53125,NA,NA
"FRI12",9.95683670043945,15.4867277145386,24.9182014465332,18.0448017120361,14.9613656997681,3.78903388977051,2.6299192905426,1.2386189699173,2.8353955745697,84.4233856201172,72.4773712158203,65.3927917480469,77.668098449707,0.207885354757309,0.115228980779648,0.00370419002138078,0.030066967010498,0,6.7176586389633e-15,0,0.559405207633972,1786599.5,NA,NA
"FRI13",10.5700931549072,15.7779664993286,24.8495292663574,18.5279598236084,14.2794361114502,4.21189594268799,2.98375034332275,1.34987413883209,3.25990319252014,82.8114700317383,73.0278396606445,68.4084930419922,77.3413009643555,0.212937340140343,0.0835967883467674,0.00936200749129057,0.016228074207902,0,3.64539865307933e-12,0.235539793968201,0.35148698091507,390929.1875,NA,NA
"FRI14",9.39041996002197,15.443133354187,25.8691654205322,18.1976737976074,16.4787445068359,2.88008046150208,2.60393691062927,1.20929861068726,2.21758103370667,84.4819183349609,72.0247573852539,60.3725776672363,74.9184417724609,0.424335449934006,0.187117233872414,0.000412745808716863,0.0132979387417436,0,1.29137327921217e-18,0,0.374836623668671,285671.8125,NA,NA
"FRI15",8.33241081237793,13.8410043716431,23.9546852111816,17.0602951049805,15.6222734451294,5.33284330368042,4.03014278411865,1.75427770614624,4.2063422203064,81.1189346313477,76.0413513183594,72.3341064453125,77.0623168945312,0.247736290097237,0.115974351763725,0.0132846282795072,0.0176764614880085,1.75263558048755e-05,0.0174808874726295,0.414598166942596,0.161285385489464,631540,NA,NA
"FRI21",6.83944511413574,12.9184427261353,23.5016441345215,15.735782623291,16.6621971130371,4.80822229385376,3.8868396282196,1.9236159324646,3.56224346160889,84.3413543701172,74.4519729614258,66.0120391845703,79.0508651733398,0.118904426693916,0.0858546867966652,0.00120932701975107,0.0159750524908304,0,9.9829814553809e-12,0.635045826435089,0.143010661005974,202408.734375,NA,NA
"FRI22",6.44063234329224,12.4121599197388,22.8328247070312,15.2015838623047,16.3921947479248,4.08942222595215,3.52084684371948,1.92290639877319,3.19157958030701,85.7768936157227,76.0126876831055,66.89794921875,79.7740325927734,0.215727880597115,0.188964277505875,0.000487796525703743,0.0157083347439766,0,7.77146888508717e-11,0.0978792458772659,0.481232494115829,101047.609375,NA,NA
"FRI23",7.44925498962402,13.3961038589478,23.7432384490967,16.094482421875,16.2939834594727,4.53915071487427,3.54601645469666,1.77442264556885,3.34448313713074,85.7685928344727,75.2855072021484,65.7852783203125,79.1540603637695,0.294824630022049,0.189772605895996,5.32760132045951e-05,0.0188893638551235,0,4.90046014724749e-17,0.129509150981903,0.366950958967209,363525.90625,NA,NA
"FRI31",8.74913597106934,14.5611724853516,24.6404991149902,17.193696975708,15.8913631439209,3.9076452255249,2.83921074867249,1.47566759586334,2.90565013885498,85.4534378051758,73.938850402832,64.1528778076172,77.6108551025391,0.495159059762955,0.208048120141029,1.03589181676966e-09,0.0134764034301043,0,8.0499574020565e-12,0,0.283316403627396,344316.5625,NA,NA
"FRI32",9.54465198516846,14.9429225921631,24.3805980682373,17.6268577575684,14.8359460830688,4.00274324417114,2.6014928817749,1.282958984375,3.02709078788757,85.1148147583008,74.2673492431641,66.3916244506836,78.3422012329102,0.492028892040253,0.188417926430702,0.000549555697944015,0.0160148907452822,0,4.18733320586839e-12,0,0.200541228055954,517364.25,NA,NA
"FRI33",8.53793525695801,14.0526256561279,23.7907066345215,16.6732444763184,15.2527704238892,3.81139755249023,2.52408075332642,1.33280110359192,2.8359580039978,87.1432189941406,75.9914093017578,66.678840637207,79.7461853027344,0.609092354774475,0.239285424351692,3.66035490806382e-09,0.0213392823934555,0,7.68403743411916e-12,0,0.130282953381538,368015.15625,NA,NA
"FRI34",8.11953735351562,13.8539733886719,23.9185924530029,16.4318065643311,15.7990531921387,3.36304783821106,2.4833517074585,1.45572316646576,2.75202202796936,86.7546005249023,75.228141784668,64.7410507202148,78.6919250488281,0.593909919261932,0.217554688453674,4.37181734014302e-05,0.0139341978356242,0,3.07059690174416e-11,0,0.174557462334633,452994.0625,NA,NA
"FRJ11",9.01818561553955,14.9785709381104,26.0988807678223,18.0796375274658,17.0806941986084,2.76303172111511,2.62019824981689,1.2772753238678,2.82771182060242,79.2830657958984,72.1350555419922,61.7677879333496,74.7344970703125,0.240356206893921,0.108729898929596,0.00951320864260197,0.0189715418964624,0,7.70085818030397e-13,0,0.58649355173111,510736.71875,NA,NA
"FRJ12",8.7559642791748,15.0991249084473,26.4903411865234,17.9028511047363,17.7343788146973,3.01864886283875,2.67743182182312,1.21105396747589,5.73602056503296,74.6184997558594,65.7208023071289,53.779167175293,72.1109313964844,0.193538993597031,0.0986112430691719,0.00379504356533289,0.0405165366828442,9.73113795452516e-30,0,0.43370595574379,0.195181503891945,1014741.1875,NA,NA
"FRJ13",9.23856163024902,15.4261512756348,26.7682361602783,18.3064785003662,17.5296764373779,2.99993681907654,2.4757342338562,1.08061289787292,4.68900632858276,77.7332458496094,69.8155746459961,58.1129417419434,74.8499221801758,0.206215977668762,0.103843383491039,0.00358309177681804,0.0246045887470245,0,0,0.384908527135849,0.148396193981171,980702.1875,NA,NA
"FRJ14",4.66581773757935,10.5133495330811,21.5548400878906,13.5835676193237,16.8890228271484,3.55937004089355,3.60141515731812,1.92316794395447,5.6916332244873,81.5774459838867,74.3130874633789,66.1251373291016,80.279899597168,0.122709080576897,0.136327594518661,0.0150032192468643,0.00951042957603931,0,0,0.716449677944183,0,83813.546875,NA,NA
"FRJ15",8.75740337371826,14.4589252471924,25.5245952606201,17.6957683563232,16.7671909332275,2.10918188095093,2.44615769386292,1.37260270118713,2.5613808631897,74.8790969848633,70.0114059448242,62.7406120300293,73.1922988891602,0.113869346678257,0.0552654936909676,0.0203474499285221,0.0237610526382923,4.90744150738465e-06,0.135595977306366,0.0170470662415028,0.589994430541992,450458.75,NA,NA
"FRJ21",6.102454662323,12.0012474060059,23.0063018798828,15.3262634277344,16.9038467407227,2.96577739715576,3.09641122817993,1.8634340763092,2.80576682090759,78.6097946166992,75.5699081420898,68.4816589355469,75.0989990234375,0.201222106814384,0.102991797029972,0.0343134291470051,0.0209542792290449,0,0.0766953974962234,0,0.563823044300079,253059.640625,NA,NA
"FRJ22",6.85366344451904,12.9523668289185,24.0107040405273,15.9215497970581,17.157039642334,3.93742322921753,3.34881472587585,1.65483772754669,3.88944578170776,83.4344482421875,74.4765625,65.0236129760742,79.2165069580078,0.288967937231064,0.205060839653015,0.00352022564038634,0.010044445283711,1.27532628365909e-29,1.32587907666903e-12,0.476131439208984,0.0161886252462864,268785.25,NA,NA
"FRJ23",8.54839038848877,14.6499862670898,25.4348659515381,17.7143402099609,16.886474609375,2.78057885169983,2.77922081947327,1.47073101997375,2.41686916351318,81.7587203979492,74.4153060913086,65.3015899658203,74.941650390625,0.42693755030632,0.178793951869011,0.00945327617228031,0.0202191006392241,0,0.056581512093544,0,0.30801460146904,1184143,NA,NA
"FRJ24",9.4960412979126,15.6053123474121,26.0966968536377,18.5041446685791,16.6006565093994,2.88453722000122,2.64076948165894,1.25335156917572,2.27354264259338,83.4271621704102,73.6425552368164,63.6906547546387,75.1312026977539,0.59489506483078,0.2269636541605,2.26084421228734e-06,0.00863059610128403,0,3.36053645848267e-12,0,0.169508472084999,350696,NA,NA
"FRJ25",8.27686214447021,14.4659757614136,25.1657581329346,17.3225727081299,16.8888931274414,3.43828797340393,3.06754779815674,1.50684857368469,2.65578365325928,83.2349395751953,72.0462493896484,62.5711326599121,76.1334991455078,0.246214121580124,0.222037494182587,0.00150733848568052,0.0136369783431292,0,2.11776055025759e-10,0.0671990588307381,0.449405044317245,199263.375,NA,NA
"FRJ26",5.73224687576294,11.6524620056152,22.7010097503662,14.972354888916,16.9687633514404,3.73807835578918,3.31843852996826,1.78791058063507,3.36339497566223,80.3671569824219,76.3799514770508,69.3092498779297,76.2443084716797,0.247827485203743,0.091989204287529,0.0399651043117046,0.0165642835199833,0,0.147321596741676,0,0.456332296133041,218945.203125,NA,NA
"FRJ27",8.71592426300049,14.9238700866699,26.0173969268799,17.8699569702148,17.3014755249023,3.3904390335083,2.8527500629425,1.4103776216507,2.80540156364441,83.7187728881836,73.6001663208008,62.0551605224609,76.5738067626953,0.412698924541473,0.200664266943932,0.00168543483596295,0.0148898810148239,1.69769049701956e-35,6.78745450454163e-18,0.111053019762039,0.258938610553741,467276.28125,NA,NA
"FRJ28",9.14510154724121,15.3569860458374,26.088960647583,18.2433853149414,16.9438591003418,2.75500106811523,2.56215643882751,1.25810539722443,2.11397194862366,83.534309387207,71.8222961425781,60.2780303955078,74.4928131103516,0.448896169662476,0.225498661398888,0.000721162534318864,0.0204267147928476,0,3.59038472797581e-17,0,0.304457277059555,668991.625,NA,NA
"FRK11",6.86320877075195,12.9777565002441,23.355073928833,15.7166690826416,16.4918651580811,2.74765110015869,2.75962090492249,2.10090684890747,2.66177654266357,84.8645553588867,74.6127090454102,64.918830871582,78.5219192504883,0.33005702495575,0.238320708274841,0.000674905953928828,0.0131617439910769,0,1.29348601274337e-10,0,0.41778564453125,299779.5,NA,NA
"FRK12",5.32546234130859,11.2986316680908,22.0004692077637,14.2296485900879,16.6750068664551,4.22138977050781,3.74484300613403,2.02436947822571,3.73559498786926,83.682502746582,75.1651763916016,68.1362838745117,80.4950637817383,0.163093626499176,0.156527578830719,0.00765358749777079,0.0102792112156749,0,0,0.586717784404755,0.0757281854748726,127017.421875,NA,NA
"FRK13",5.02741003036499,11.1168127059937,21.7800140380859,13.8949890136719,16.7526035308838,2.39210748672485,2.84052276611328,2.14122605323792,3.67377853393555,82.4437484741211,74.4847946166992,67.4694366455078,80.4492568969727,0.146995142102242,0.161709606647491,0.0066790715791285,0.0211879275739193,0,0,0.553070306777954,0.110357962548733,393815.6875,NA,NA
"FRK14",5.39861869812012,11.4301271438599,21.8989162445068,14.2520732879639,16.5002994537354,2.96946477890015,3.11354756355286,2.26273918151855,3.0904061794281,84.2528991699219,75.3033752441406,67.8597106933594,80.1229019165039,0.205861836671829,0.162610128521919,0.00355169549584389,0.0168971754610538,0,8.4046338682045e-13,0.0768686830997467,0.534210443496704,786318.3125,NA,NA
"FRK21",6.06368541717529,13.1054096221924,23.5948619842529,15.3712177276611,17.5311756134033,4.7423825263977,4.1910400390625,2.61219334602356,4.02221965789795,82.7983093261719,73.3910369873047,65.8674240112305,77.9347152709961,0.237081170082092,0.143782272934914,0.000297933642286807,0.0332142412662506,3.41790762337746e-30,0,0.286336153745651,0.293686747550964,1052493,NA,NA
"FRK22",6.46604824066162,12.8790111541748,23.9271183013916,15.6212329864502,17.4610710144043,3.2847249507904,3.16226744651794,1.86238157749176,5.95268058776855,78.696891784668,70.1799163818359,60.296558380127,76.0646209716797,0.140175327658653,0.12336241453886,0.00183601351454854,0.0362779870629311,5.48847678737913e-30,0,0.698348224163055,0,572117,NA,NA
"FRK23",6.22028398513794,12.5484657287598,23.6236877441406,15.4802198410034,17.4034042358398,3.04627561569214,2.88100719451904,1.54604506492615,4.17620992660522,78.9233932495117,70.8877944946289,60.4699211120605,75.2209167480469,0.192079767584801,0.111438006162643,0.0124219488352537,0.0322371236979961,1.81582165257276e-36,0,0.598333358764648,0.0534898787736893,513262.03125,NA,NA
"FRK24",5.24798679351807,11.806619644165,22.4390239715576,14.5684041976929,17.1910362243652,3.8592836856842,3.59544944763184,2.17435455322266,3.80678343772888,79.6630477905273,74.0971984863281,67.1851959228516,77.1547698974609,0.167858392000198,0.094943679869175,0.00944446586072445,0.0419387966394424,0,0,0.488261252641678,0.195435240864754,1513070.375,NA,NA
"FRK25",5.93567371368408,12.4019727706909,23.0263652801514,15.0066566467285,17.0906944274902,2.49644446372986,2.81918907165527,2.28752040863037,3.30151200294495,83.6714935302734,73.9439163208008,65.5033493041992,79.2617340087891,0.19548836350441,0.193308889865875,0.000861641950905323,0.0283452421426773,0,4.43230209479228e-11,0.341205149888992,0.240790724754333,607699.125,NA,NA
"FRK26",6.39856576919556,13.25563621521,23.9672584533691,15.6700849533081,17.5686931610107,2.70043396949768,2.83787631988525,2.15495038032532,3.31608057022095,83.781364440918,72.8028564453125,63.5982704162598,78.1195831298828,0.261054873466492,0.17032915353775,2.31929742078307e-09,0.0690717026591301,0,1.04396797196565e-13,0.323550134897232,0.175994202494621,1827160.875,NA,NA
"FRK27",1.848384141922,7.91712760925293,18.2239265441895,11.0239782333374,16.3755416870117,4.11834001541138,3.70807504653931,2.51981663703918,3.26674175262451,76.8958892822266,76.5360870361328,72.370979309082,78.3906173706055,0.0538556352257729,0.0718738660216331,0.0403664410114288,0.0268613900989294,2.83689420622929e-29,0,0.786141335964203,0,564521.625,NA,NA
"FRK28",3.50514650344849,10.247820854187,20.3304805755615,12.6846418380737,16.8253326416016,5.6938796043396,4.93479156494141,3.22037529945374,4.07501554489136,80.1994857788086,76.5892715454102,73.6253967285156,79.7696990966797,0.0865692272782326,0.081105001270771,0.0183032508939505,0.0503731556236744,2.49724815496372e-28,0,0.686990439891815,0,1340640.625,NA,NA
"FRL01",5.62178516387939,11.0827169418335,22.0918445587158,14.6981143951416,16.4700565338135,2.64521431922913,2.33340096473694,1.33545029163361,3.35241079330444,72.4208221435547,69.8061828613281,61.6151275634766,72.7348785400391,0.089080236852169,0.0728449001908302,0.0381426215171814,0.030028847977519,1.64621780984071e-29,0,0.76747328042984,0,252602.21875,NA,NA
"FRL02",2.34460091590881,7.85173463821411,18.6278228759766,11.4521322250366,16.2832221984863,2.94469738006592,2.69091987609863,1.66829741001129,3.21872282028198,73.4852828979492,73.9507675170898,66.2213745117188,74.4785461425781,0.0697371661663055,0.0681987330317497,0.0478650294244289,0.0228578262031078,1.76572507308203e-29,0,0.784824073314667,0,145926.828125,NA,NA
"FRL03",7.4419059753418,12.6427783966064,23.3499546051025,16.3835144042969,15.9080476760864,2.97295069694519,2.52062320709229,1.44525551795959,4.0574951171875,73.5580368041992,73.3503875732422,69.8029174804688,75.9205017089844,0.0341996848583221,0.0486270561814308,0.0417641587555408,0.0448813959956169,8.14256191136628e-31,4.20585705748332e-14,0.659288585186005,0.0426472537219524,909618.0625,NA,NA
"FRL04",10.2986326217651,16.3769626617432,27.3818912506104,19.395601272583,17.0832576751709,1.92260730266571,1.44768130779266,0.639845728874207,3.1308422088623,74.1649932861328,64.700325012207,54.449649810791,71.5009994506836,0.155738487839699,0.0814018025994301,0.000644599320366979,0.0647565945982933,3.4677786765077e-30,3.85049319360543e-15,0.15893118083477,0.307062953710556,1463014.125,NA,NA
"FRL05",10.0255441665649,15.3163499832153,25.9470653533936,18.8193206787109,15.9215221405029,2.72808599472046,1.84887421131134,0.90726900100708,3.63723993301392,73.3997192382812,68.7484588623047,61.5749206542969,73.4587554931641,0.0759625136852264,0.0556423999369144,0.00633712159469724,0.0462479703128338,1.476654122712e-29,4.98826153993992e-12,0.317171424627304,0.312707662582397,903600.6875,NA,NA
"FRL06",8.7022590637207,14.9507617950439,26.2929439544678,17.9815998077393,17.5906848907471,2.45128321647644,2.00281095504761,0.89397931098938,3.73908352851868,75.5370712280273,65.3610000610352,52.8050422668457,71.4112854003906,0.241192415356636,0.12513330578804,0.00850862916558981,0.0467580407857895,5.17585058531467e-30,0,0.537080883979797,0.0338330194354057,544957.375,NA,NA
"FRM01",10.7096757888794,15.106390953064,25.331672668457,19.2803745269775,14.621997833252,3.4189658164978,1.96846544742584,0.689303636550903,3.69250655174255,79.1083984375,71.5035247802734,64.3620834350586,76.7185974121094,0.0107988752424717,0.0128286983817816,0.00687638716772199,0.0101324198767543,0,7.84854906760168e-12,0,0.623684763908386,89188.171875,NA,NA
"FRM02",9.71567630767822,14.238766670227,24.5410938262939,18.3348712921143,14.8254175186157,2.85025262832642,1.82896602153778,0.759685575962067,3.34735107421875,77.3081436157227,71.0383071899414,66.3714218139648,76.8001861572266,0.0294346902519464,0.0259490124881268,0.00356835266575217,0.00826187431812286,0,3.20490300964593e-11,0.17579397559166,0.556911289691925,104456,NA,NA
"HR031",5.66504764556885,13.0021638870239,24.1915988922119,15.7770404815674,18.5265502929688,4.40444612503052,3.32037925720215,2.18222546577454,5.3270468711853,81.9175186157227,74.6357116699219,64.2255706787109,77.992073059082,0.0266000870615244,0.0288933198899031,0.00270247226580977,0.00907139386981726,4.74962461968305e-24,0.0233355294913054,0.640229642391205,0.0147675648331642,108139.09375,NA,NA
"HR032",3.67417621612549,11.6843299865723,22.351713180542,14.1006422042847,18.6775379180908,4.91849422454834,3.46678757667542,2.1108181476593,5.17511892318726,81.3291320800781,73.707389831543,65.3316879272461,78.4830703735352,0.0878752768039703,0.0385509468615055,0.0191665384918451,0.00939477048814297,2.29395407683825e-19,0.0118370717391372,0.74670135974884,0.00573241431266069,86056.59375,NA,NA
"HR033",5.87310171127319,13.5851783752441,24.2702751159668,16.1267223358154,18.3971729278564,3.86147713661194,2.53928923606873,1.56565058231354,3.91977977752686,76.1924819946289,69.903450012207,60.6672325134277,73.6673049926758,0.102272644639015,0.0490516163408756,0.0454478226602077,0.00877942238003016,3.51911934502838e-25,0.00508163124322891,0.559439480304718,0.00252149463631213,68626.3984375,NA,NA
"HR034",7.29039573669434,14.5347690582275,25.6123123168945,17.4062576293945,18.3219165802002,3.78303146362305,2.35018396377563,1.4037584066391,3.509850025177,74.6167831420898,68.3563537597656,57.3330726623535,70.4563598632812,0.121007733047009,0.0881190598011017,0.0357035584747791,0.0200301688164473,7.24338246149755e-25,0.00247205165214837,0.544515073299408,0.00123121135402471,134563.796875,NA,NA
"HR035",7.98742914199829,14.7652683258057,26.113790512085,17.9510631561279,18.1263618469238,4.47173929214478,2.55760359764099,1.30767798423767,3.85192012786865,76.0602951049805,70.035774230957,60.0875663757324,71.3922424316406,0.148425281047821,0.138765200972557,0.0208819210529327,0.00955618545413017,8.49925703447797e-26,0.00176123715937138,0.436821341514587,0.00256788777187467,175505.34375,NA,NA
"HR036",8.72945308685303,15.494945526123,26.5866889953613,18.349494934082,17.857234954834,3.51231694221497,2.62687277793884,1.94726598262787,4.55368423461914,75.2633819580078,72.2026824951172,63.9211807250977,74.1438903808594,0.134655267000198,0.0766835138201714,0.00143638392910361,0.0464907586574554,6.95512627723494e-24,0.0229306034743786,0.441246449947357,0.0195094309747219,118230.9921875,NA,NA
"HR037",9.90204811096191,16.2801094055176,27.3553485870361,19.5368957519531,17.4533004760742,5.10112380981445,2.72447943687439,1.0507218837738,4.20842123031616,74.0719451904297,70.0781707763672,61.8804244995117,71.7376708984375,0.0948059186339378,0.166930302977562,0.0150227257981896,0.00410085869953036,5.830271894344e-31,0.0373462662100792,0.188106209039688,0.0176424104720354,27599.458984375,NA,NA
"HR041",6.02603816986084,15.2446928024292,26.2258453369141,16.6886405944824,20.1998062133789,2.66176629066467,2.73839092254639,2.3670117855072,3.52604818344116,82.8134994506836,70.5053100585938,60.0986366271973,75.5472259521484,0.221395522356033,0.0601188465952873,2.84170164377429e-05,0.0366665087640285,1.27756496917086e-24,0,0.681790709495544,0,128069.4921875,NA,NA
"HR042",5.92919588088989,15.139084815979,26.1386299133301,16.6120433807373,20.2094345092773,2.65572166442871,2.73099064826965,2.32794451713562,3.49502825737,82.777587890625,70.3947448730469,60.1119613647461,75.4892272949219,0.220748618245125,0.0633812621235847,3.6927820474375e-05,0.0314691849052906,1.04567089997934e-21,0.0494734011590481,0.609308004379272,0.0255502201616764,556447.8125,NA,NA
"HR043",5.72988128662109,14.6135883331299,25.423791885376,16.1915683746338,19.6939125061035,2.47425389289856,2.93318963050842,2.67836236953735,3.62175369262695,82.4131164550781,70.1945114135742,62.8811569213867,76.4515609741211,0.220375046133995,0.125034362077713,3.71314285985136e-06,0.0251114964485168,2.37568814266155e-25,0.114819400012493,0.432819783687592,0.0818361192941666,138164.671875,NA,NA
"HR044",6.09761333465576,15.2211303710938,26.1233367919922,16.6547069549561,20.0257225036621,2.25831317901611,2.58020758628845,2.30051398277283,3.23046779632568,82.5493850708008,69.222038269043,61.4784355163574,75.7595672607422,0.236590996384621,0.0876542925834656,1.2491857548369e-09,0.0257513672113419,0,0.323398739099503,0.0408259443938732,0.285778641700745,105791.5703125,NA,NA
"HR045",5.59258651733398,14.9795961380005,26.0279293060303,16.3632164001465,20.4353427886963,2.15930080413818,2.26866960525513,1.91001844406128,2.79130220413208,82.6353073120117,68.4123001098633,59.3419494628906,74.6581726074219,0.258375585079193,0.0522285252809525,0.000135530412080698,0.0193348862230778,0,0.229678303003311,0.00498712062835693,0.435233294963837,96902.453125,NA,NA
"HR046",5.89350175857544,15.1305208206177,26.0651874542236,16.5189685821533,20.1716842651367,2.15700125694275,2.39779782295227,2.12235188484192,2.99217557907104,82.5901947021484,68.8265686035156,60.6953163146973,75.3302307128906,0.244351461529732,0.075057715177536,2.84045995613269e-07,0.0243840478360653,0,0.280553936958313,0.0272690877318382,0.348383396863937,55317.38671875,NA,NA
"HR047",5.41617727279663,14.857419013977,26.075044631958,16.3813896179199,20.6588668823242,2.42775869369507,2.43464350700378,1.8879998922348,2.94017624855042,82.5393371582031,68.9084625244141,58.9536285400391,74.3797454833984,0.244366064667702,0.0550562590360641,0.000712149019818753,0.0103976670652628,0,0.42868772149086,0.00166746089234948,0.25893759727478,86166.3515625,NA,NA
"HR048",5.25429010391235,14.7628154754639,26.129415512085,16.2743701934814,20.8751258850098,2.29330682754517,2.21716403961182,1.78475379943848,2.528888463974,83.2036514282227,68.7908630371094,58.9940757751465,74.5426940917969,0.284704089164734,0.0478238351643085,0.000682206300552934,0.00753028132021427,0,0.33361428976059,0,0.325645297765732,44649.59375,NA,NA
"HR049",5.66831016540527,14.9038343429565,26.4632015228271,16.7335166931152,20.7948932647705,2.44205212593079,2.24313879013062,1.83889985084534,2.5083909034729,82.8890533447266,68.9259490966797,58.4437446594238,73.4042434692383,0.276126533746719,0.0595018714666367,0.000813919177744538,0.00960627850145102,0,0.46559527516365,0.00864935759454966,0.179704234004021,59433.3828125,NA,NA
"HR04A",5.78046703338623,15.0482063293457,26.6434059143066,16.8904876708984,20.8629379272461,2.42326521873474,2.21475410461426,1.82036530971527,2.41906476020813,82.8634567260742,68.6538162231445,57.9870300292969,72.9853363037109,0.306175857782364,0.0636187419295311,0.00062660698313266,0.0120137725025415,0,0.450954496860504,0,0.166610509157181,76104.765625,NA,NA
"HR04B",5.52513408660889,15.2784824371338,26.8166446685791,16.8030815124512,21.2915115356445,2.03840589523315,1.95568525791168,1.68159353733063,2.01724648475647,83.3738784790039,67.5361099243164,57.1251792907715,72.6244735717773,0.398198246955872,0.0606481097638607,0.0024848475586623,0.017895894125104,0,0.255800098180771,0,0.264972776174545,218618.65625,NA,NA
"HR04C",5.94582414627075,15.5763368606567,27.271183013916,17.2775115966797,21.3253574371338,2.09636998176575,2.05547738075256,1.73983836174011,1.90982294082642,83.1156616210938,66.8942565917969,56.1706085205078,70.8836059570312,0.482710003852844,0.0859539806842804,0.000694333051797003,0.0155385136604309,0,0.213753208518028,0,0.201275244355202,138621.5625,NA,NA
"HR04D",4.77944087982178,13.399320602417,24.4762382507324,15.4284086227417,19.696798324585,3.93854689598083,3.47092747688293,2.34492635726929,4.5081934928894,84.1950759887695,73.9465408325195,63.1447601318359,78.3955154418945,0.110459715127945,0.0426324531435966,0.00124565814621747,0.0138606699183583,1.07588861958843e-19,0,0.830731391906738,0,156178.234375,NA,NA
"HR04E",5.88312673568726,14.9666395187378,26.219799041748,16.739652633667,20.3366718292236,2.93809628486633,2.77215003967285,2.1025402545929,3.33427739143372,82.7165222167969,71.3479156494141,60.512523651123,75.3551254272461,0.187817275524139,0.0477501191198826,0.0017545671435073,0.00946865882724524,1.96020818698198e-20,0.0692224651575089,0.656354367733002,0.0276019610464573,187268.625,NA,NA
"HU110",4.52908849716187,14.0962066650391,25.3821926116943,15.4534225463867,20.8531036376953,1.69158565998077,1.7060980796814,1.4538346529007,1.55540645122528,84.2153091430664,67.8386459350586,58.114200592041,72.8734741210938,0.369684278964996,0.0473578982055187,0.00136385869700462,0.07672980427742,0,4.91077756237246e-08,0,0.50470507144928,259267,NA,NA
"HU120",4.56236791610718,14.1252603530884,25.4484806060791,15.4946269989014,20.8861122131348,1.65942370891571,1.68431484699249,1.42560040950775,1.54271745681763,84.156623840332,67.5962829589844,57.7471237182617,72.5607833862305,0.428928256034851,0.0564867071807384,0.00112207571510226,0.0485308282077312,0,3.81582481168152e-08,0.00483503891155124,0.459866672754288,1842162,NA,NA
"HU211",4.86881637573242,14.4759607315063,25.7981967926025,15.7788906097412,20.9293785095215,1.68221604824066,1.68112623691559,1.47084259986877,1.70291042327881,84.0395889282227,68.604118347168,58.9048728942871,73.9139938354492,0.508691132068634,0.0531865544617176,2.5494988221908e-05,0.0279375109821558,0,2.33244801250976e-08,0,0.397021651268005,488439.34375,NA,NA
"HU212",4.70952558517456,14.0301198959351,25.2469291687012,15.3375205993652,20.5374031066895,1.82467150688171,1.76607286930084,1.48747098445892,1.69717681407928,83.9628524780273,68.8487548828125,59.212703704834,73.729736328125,0.452254414558411,0.091863676905632,0.00013570292503573,0.0307601969689131,0,3.27809175360017e-08,0,0.422371715307236,254904.5625,NA,NA
"HU213",5.20501899719238,14.4844017028809,25.581335067749,15.7360706329346,20.3763160705566,1.84469819068909,1.96898150444031,1.77239942550659,2.04906272888184,83.7171630859375,69.1002349853516,60.0557441711426,74.9874725341797,0.394324749708176,0.0535930879414082,0.00151458266191185,0.01737080514431,0,4.33905498198328e-08,0,0.506221294403076,252874.65625,NA,NA
"HU221",5.38063669204712,14.4691352844238,25.3809223175049,15.6587324142456,20.0002861022949,1.63504934310913,1.96877014636993,1.8681628704071,1.87692642211914,82.5175094604492,68.4756088256836,59.1746520996094,73.7759094238281,0.483445703983307,0.101016759872437,0.00195078656543046,0.016853092238307,0,5.068014797871e-05,0,0.386508107185364,369257.1875,NA,NA
"HU222",5.33223867416382,14.3047952651978,24.9472026824951,15.5064468383789,19.6149616241455,1.60852324962616,2.12109756469727,2.22998809814453,2.24478983879089,82.634407043457,68.8371505737305,61.3499946594238,75.4989471435547,0.459883958101273,0.0828022286295891,6.07434121775441e-05,0.017710704356432,1.94172800071511e-31,2.4470294235357e-08,0.0833368673920631,0.356205493211746,224315.703125,NA,NA
"HU223",5.51052474975586,14.7970132827759,25.7365760803223,16.0467948913574,20.2260513305664,1.77367842197418,2.0209653377533,1.92240715026855,2.39404535293579,82.6555938720703,68.314582824707,60.0205497741699,74.8841552734375,0.315487533807755,0.0702631250023842,0.00144205300603062,0.0174935031682253,0,0.0252880584448576,0.0218354798853397,0.531098425388336,185387.625,NA,NA
"HU231",5.17798614501953,14.9295091629028,26.3320217132568,16.3107624053955,21.1540355682373,2.00985312461853,1.96855735778809,1.69516277313232,2.1233868598938,83.520393371582,67.8675537109375,58.2676544189453,73.7865142822266,0.425697892904282,0.0549441836774349,0.00101321749389172,0.0213011428713799,0,0.0975890681147575,0,0.39945450425148,294480,NA,NA
"HU232",5.26573133468628,14.8280506134033,26.0308723449707,16.1316394805908,20.7651405334473,1.9729790687561,1.98548865318298,1.70213842391968,2.29279112815857,83.3211517333984,68.1709747314453,58.723934173584,74.3318710327148,0.378854393959045,0.0522451624274254,0.0012093405239284,0.0149733172729611,0,0.015878789126873,0,0.495383620262146,247693.578125,NA,NA
"HU233",4.94159603118896,14.7329626083374,26.1292476654053,16.0737018585205,21.187650680542,1.75780248641968,1.72247409820557,1.54286909103394,1.87761843204498,83.7455520629883,67.9598159790039,58.5617218017578,73.6194381713867,0.538426220417023,0.0536692664027214,0.000353531067958102,0.0221498310565948,0,1.82289703332117e-08,0,0.373038917779922,256427.5,NA,NA
"HU311",4.20326566696167,13.4585199356079,24.3265857696533,14.7985525131226,20.1233196258545,1.56995892524719,2.09943628311157,1.74112939834595,1.58501470088959,83.7725677490234,67.7462844848633,59.6671752929688,72.7913131713867,0.376956909894943,0.0705346837639809,0.000294732628390193,0.0237477961927652,2.53263749527832e-07,3.77661191208745e-09,0.406241893768311,0.120017603039742,620328.25,NA,NA
"HU312",4.40854787826538,13.7702312469482,24.9380588531494,15.211254119873,20.5295104980469,1.63122606277466,1.86677241325378,1.51914751529694,1.5818784236908,84.1865997314453,67.5926055908203,58.8036460876465,72.5654983520508,0.44621154665947,0.0655291527509689,0.000178060552570969,0.0220570024102926,0,2.64167319130593e-08,0.0823257341980934,0.382447689771652,273158.3125,NA,NA
"HU313",3.84038496017456,13.1121950149536,24.134464263916,14.5910902023315,20.2940788269043,1.81921112537384,1.96433746814728,1.62462210655212,1.676065325737,84.8024520874023,69.7143478393555,62.2809295654297,74.9104309082031,0.348877936601639,0.0745841637253761,0.000197285175090656,0.0432887263596058,0,2.62989559018934e-08,0.255280166864395,0.277771681547165,547241,NA,NA
"HU321",5.10733509063721,14.5592346191406,25.7618885040283,15.9012031555176,20.6545524597168,1.59927785396576,1.93254387378693,1.54374921321869,1.4848358631134,83.5982666015625,66.6539993286133,56.353157043457,70.1404876708984,0.527402758598328,0.0745014473795891,0.0025394163094461,0.020630257204175,0,0.0185382775962353,0,0.355956673622131,608550.9375,NA,NA
"HU322",4.97785377502441,14.6025552749634,26.0328674316406,16.0241203308105,21.0550155639648,1.51532804965973,1.63747227191925,1.3261467218399,1.42350733280182,83.9706192016602,66.1914596557617,55.147403717041,70.3185729980469,0.579820215702057,0.0635332390666008,0.00281204655766487,0.0158498454838991,0,1.02460733231169e-08,0,0.336059927940369,327783.71875,NA,NA
"HU323",4.84559488296509,14.1998996734619,25.1331577301025,15.4438066482544,20.2875633239746,1.80741024017334,2.13458228111267,1.66993975639343,1.64041471481323,83.1571197509766,67.6282272338867,58.6578979492188,70.7843780517578,0.536121010780334,0.0854906514286995,0.00019625348795671,0.0176394414156675,1.57209378812695e-05,0.0220678895711899,0.118728384375572,0.219728633761406,581903,NA,NA
"HU331",5.06693983078003,14.9052362442017,26.4931564331055,16.3150691986084,21.4262161254883,1.63405930995941,1.60583209991455,1.40091300010681,1.59477603435516,83.9036483764648,66.7595520019531,56.2885704040527,72.1471633911133,0.524726092815399,0.0676456168293953,0.006483462639153,0.0207132026553154,0,0.00484919501468539,0,0.375578165054321,583080.625,NA,NA
"HU332",5.39115047454834,14.8956251144409,26.5462493896484,16.414421081543,21.1550998687744,1.59126925468445,1.74681425094604,1.42355287075043,1.45220947265625,84.1925811767578,67.2796478271484,56.373592376709,70.2969512939453,0.626543939113617,0.0824746489524841,0.00589145440608263,0.013998894020915,0,0.0119752828031778,0,0.25892236828804,289058.53125,NA,NA
"HU333",5.43979549407959,15.1776103973389,26.9531326293945,16.6835861206055,21.5133380889893,1.56865990161896,1.5893896818161,1.3288037776947,1.46029222011566,84.0987777709961,66.5835189819336,55.054313659668,70.6752166748047,0.618103563785553,0.0858450829982758,0.00524591654539108,0.0177363976836205,0,0.00606758613139391,0,0.267001539468765,338748.59375,NA,NA
"IEG11582",7.78673458099365,10.8514175415039,18.1605033874512,13.4046964645386,10.3737688064575,3.79585480690002,2.54048371315002,2.50860691070557,3.56545281410217,88.0437469482422,80.3885650634766,80.3825378417969,86.7334899902344,0.373563855886459,0.483275055885315,5.5243671859273e-09,0.0154392449185252,0,0,0.0120200412347913,0.107393227517605,65743.609375,NA,NA
"IEG11583",7.2416033744812,10.6930932998657,17.7288284301758,12.8467645645142,10.4872236251831,4.24209642410278,2.8217887878418,2.99807596206665,3.96148896217346,88.2301788330078,80.9663009643555,82.2141876220703,87.3092727661133,0.101873226463795,0.648623406887054,0.0169476382434368,0.0121512785553932,1.18502958639487e-13,0,0.211938977241516,0,93617.0625,NA,NA
"IEG11584",8.10630512237549,11.181568145752,18.0732440948486,13.5382623672485,9.96693992614746,5.21942043304443,2.91609025001526,3.0372166633606,4.75963449478149,86.6767196655273,80.5417022705078,82.8206176757812,86.3871154785156,0.106260485947132,0.537327826023102,0.00069552386412397,0.0124300038442016,3.82806546878056e-12,1.09745865173316e-10,0.214567467570305,0.00430874899029732,220880.90625,NA,NA
"IEG11585",8.36037921905518,10.9956893920898,17.9740447998047,13.667218208313,9.61366558074951,5.78075695037842,3.27332901954651,2.91761565208435,4.9968204498291,87.4098815917969,82.125732421875,83.5817184448242,87.104362487793,0.169179350137711,0.474598467350006,0.00988217443227768,0.0094253346323967,1.65736253388872e-13,0,0.206258654594421,0.000480547780171037,453972.0625,NA,NA
"IEG11586",7.19565582275391,10.142991065979,16.7622394561768,12.5754413604736,9.56658458709717,5.47623682022095,3.36879086494446,3.54349708557129,5.43035507202148,85.8926696777344,81.0290908813477,84.0574798583984,85.8368682861328,0.0883946120738983,0.252556622028351,0.0217292048037052,0.0098158260807395,1.89799856332908e-14,0,0.279639571905136,0.0760890394449234,151555.328125,NA,NA
"IEG11587",7.87348651885986,10.9334545135498,18.2389068603516,13.5050411224365,10.3654203414917,3.6555449962616,2.56133341789246,2.64895224571228,3.54064536094666,86.4136657714844,80.2910614013672,80.740966796875,85.615837097168,0.169666454195976,0.171974316239357,5.85715952183818e-06,0.122225567698479,1.13049294656943e-14,0,0.291780441999435,0,952251.25,NA,NA
"IEG11588",7.92695379257202,11.048228263855,17.8360424041748,13.2848272323608,9.90908908843994,5.31611824035645,3.1234016418457,3.19842672348022,5.02701997756958,86.9236526489258,80.4570693969727,82.9007873535156,86.5593872070312,0.118937164545059,0.428084880113602,0.00271606724709272,0.00929357670247555,1.94202171162859e-13,0,0.321332901716232,0,241048.28125,NA,NA
"IEG11589",8.41915702819824,10.9059839248657,17.6074256896973,13.6080265045166,9.18826770782471,6.59439039230347,3.67336225509644,3.43489122390747,5.87968158721924,87.1883926391602,82.0754623413086,84.4727783203125,87.2315826416016,0.109474614262581,0.406618982553482,0.0119264926761389,0.00518050976097584,3.28616149049277e-12,4.33376598496515e-11,0.306918889284134,0.00170148629695177,117755.7421875,NA,NA
"IEG11590",7.85499668121338,11.15904712677,18.4324169158936,13.4954881668091,10.5774192810059,3.4167468547821,2.36599946022034,2.59479570388794,3.30812549591064,87.7989807128906,79.7821502685547,79.9589767456055,86.4301071166992,0.242485344409943,0.525901198387146,5.20679366289301e-09,0.0367438495159149,0,0,0.180560231208801,0.0131829585880041,280201.5,NA,NA
"IEG11591",7.80315923690796,10.9634094238281,18.2469081878662,13.3221082687378,10.4437484741211,3.74410676956177,2.43853974342346,2.40557408332825,3.52322387695312,87.8359375,80.7665405273438,80.9554290771484,86.6349029541016,0.169567435979843,0.58604097366333,4.14867118436746e-09,0.0116068730130792,1.10145752111115e-13,0,0.131919696927071,0.00322516518644989,124852.796875,NA,NA
"IEG11592",7.68128395080566,10.9694814682007,18.2129802703857,13.1983518600464,10.5316963195801,3.55510234832764,2.34086561203003,2.50736355781555,3.37275338172913,88.2064743041992,80.3158493041992,80.6943588256836,86.9031829833984,0.171507969498634,0.60615074634552,5.61553115119295e-09,0.0137609681114554,2.08780746597387e-13,0,0.203283131122589,0.00457794684916735,107193.5546875,NA,NA
"IEG11593",7.02520275115967,10.3923692703247,17.2896404266357,12.587007522583,10.2644376754761,4.80028009414673,3.12849903106689,3.17755699157715,4.60003089904785,88.2262725830078,81.3555755615234,83.4337539672852,87.6453704833984,0.169716134667397,0.46883237361908,0.0361702293157578,0.00636487593874335,7.27886392652699e-13,0,0.286928176879883,0,54833.515625,NA,NA
"IEG11594",8.01927185058594,11.0464286804199,18.0787963867188,13.4734897613525,10.0595264434814,5.16922473907471,2.96316385269165,2.85029530525208,4.56927490234375,88.1317291259766,81.4312896728516,82.8142547607422,87.4291381835938,0.123896673321724,0.626211285591125,0.00198966427706182,0.00929239299148321,1.08499537479489e-12,0,0.221024930477142,0,167835.015625,NA,NA
"IEG11595",7.56188774108887,10.9561595916748,17.9946708679199,13.109356880188,10.4327840805054,3.9839870929718,2.57850217819214,2.82238411903381,3.79959893226624,88.2659378051758,80.6653366088867,81.9944458007812,87.2910919189453,0.0999155268073082,0.661257266998291,1.67229996517193e-09,0.00871658604592085,2.25531550900049e-12,0,0.218206569552422,0,39878.37109375,NA,NA
"IEG11596",7.69977426528931,11.0153360366821,18.21266746521,13.3579196929932,10.5128936767578,3.16702175140381,2.33069491386414,2.66044449806213,3.24681234359741,86.238655090332,79.863410949707,80.5315475463867,85.4248580932617,0.202646508812904,0.432083994150162,1.19533324323129e-05,0.0176804345101118,2.30810362548918e-14,0,0.112384453415871,0,137283.640625,NA,NA
"IEG11597",7.7933931350708,10.6796226501465,17.143970489502,13.0258646011353,9.35057735443115,5.6925835609436,3.40349221229553,3.25160527229309,5.53815793991089,85.6172943115234,80.8556213378906,84.4010620117188,85.9984436035156,0.153504386544228,0.280593037605286,0.00686638196930289,0.00544363586232066,1.85364608861968e-13,0,0.350227624177933,0,113973.359375,NA,NA
"IEG11598",7.7359676361084,11.1195011138916,18.3269710540771,13.378134727478,10.5910024642944,3.31416010856628,2.32836508750916,2.69054293632507,3.29023599624634,87.2162551879883,79.80615234375,80.2742691040039,86.0767974853516,0.220535174012184,0.54299533367157,3.16858972837508e-06,0.0242957714945078,6.10520341963808e-15,0,0.144636943936348,0,384169.96875,NA,NA
"IEG11599",7.11074352264404,10.6169233322144,17.7011184692383,12.7572221755981,10.5903749465942,3.6423830986023,2.59975981712341,2.77861189842224,3.52663445472717,88.0182723999023,80.8984985351562,81.993034362793,87.0642700195312,0.0736922025680542,0.74012941122055,8.00798982680817e-09,0.0133690321817994,9.28375886690005e-27,0,0.172809392213821,0,79016.0625,NA,NA
"IEG11600",8.54882907867432,10.767258644104,17.3618850708008,13.6101331710815,8.81305694580078,7.81479740142822,4.38252878189087,3.95902681350708,6.97558736801147,87.224853515625,82.6341171264648,85.2044372558594,87.4755172729492,0.121196568012238,0.117606192827225,0.0445607341825962,0.00129269657190889,7.14905633064818e-14,0,0.466926485300064,0,0.794512569904327,NA,NA
"IEG11601",7.77781057357788,11.0834703445435,18.2281284332275,13.2460918426514,10.4503192901611,3.5516836643219,2.31834697723389,2.6261625289917,3.41234588623047,87.8681564331055,79.839714050293,80.5585479736328,86.6180725097656,0.143942818045616,0.552501082420349,4.02244060282442e-09,0.0168527569621801,8.76813541477589e-14,0,0.282885819673538,0,120404.0078125,NA,NA
"IEG11602",7.57681226730347,10.8872995376587,17.7971477508545,13.0351696014404,10.2203340530396,4.40636014938354,2.80284905433655,2.88553643226624,4.22665691375732,88.0739440917969,80.7014465332031,82.5880508422852,87.2607574462891,0.124828390777111,0.625459313392639,0.00231521646492183,0.00574675528332591,9.86684367022816e-13,0,0.236104264855385,0,74393.234375,NA,NA
"IEG11603",7.31336116790771,10.4903421401978,17.1786689758301,12.7225456237793,9.86530685424805,4.80711460113525,3.05504274368286,3.00894451141357,4.73339557647705,86.7188949584961,81.1315841674805,84.0108642578125,86.6907501220703,0.114972621202469,0.339127451181412,0.0270009469240904,0.00225114426575601,1.53975085719765e-13,0,0.268974632024765,0,46177.015625,NA,NA
"IEG11604",7.71949100494385,10.8465061187744,18.0651874542236,13.1921148300171,10.3456964492798,4.44167184829712,2.71284747123718,2.65860104560852,4.00530290603638,88.6138153076172,81.2398834228516,81.8271789550781,87.4352340698242,0.129867538809776,0.627245783805847,0.00176647386979312,0.0075531336478889,3.48642745532854e-13,0,0.215021252632141,0,170911.921875,NA,NA
"IEG11605",7.92355155944824,10.9225053787231,18.1705169677734,13.4080305099487,10.2469654083252,4.39909553527832,2.73316192626953,2.5053277015686,3.99373316764832,87.4143981933594,81.2580718994141,81.5238418579102,86.3977661132812,0.160115629434586,0.499900728464127,0.00076996092684567,0.0118925059214234,3.5646019556218e-14,0,0.182942658662796,0.00128680630587041,93226.921875,NA,NA
"IEG11606",7.66611671447754,11.0725450515747,18.1542949676514,13.2023658752441,10.4881772994995,3.65332365036011,2.40900182723999,2.76746296882629,3.50064754486084,87.9506454467773,80.2038040161133,81.1175155639648,86.8303680419922,0.106131754815578,0.633573591709137,8.24346813033117e-09,0.0145257757976651,3.28178836103005e-13,0,0.2408027946949,0,104600.6484375,NA,NA
"IEG11607",8.43183708190918,11.2751913070679,18.4887924194336,14.0207834243774,10.0569562911987,3.92257785797119,2.54128003120422,2.46093559265137,3.74090480804443,85.8621826171875,80.4608840942383,80.9167098999023,85.0550689697266,0.245590806007385,0.329329967498779,0.000569621508475393,0.00959307141602039,1.40936541544222e-16,0,0.0689674243330956,0.0262074023485184,111179.015625,NA,NA
"IEG11608",8.0040225982666,10.9642686843872,18.2492980957031,13.6161956787109,10.2452745437622,3.88885569572449,2.64823079109192,2.66800212860107,3.75804090499878,87.0986785888672,80.5091323852539,80.8081359863281,86.1527404785156,0.214478582143784,0.327773123979568,0.000818674277979881,0.0677526667714119,0,0,0.212335363030434,0.0211801454424858,1031164.25,NA,NA
"ITC11",4.41536903381348,11.3378257751465,21.8182716369629,13.9305334091187,17.4029026031494,1.78851222991943,3.36254000663757,2.24347281455994,2.63726496696472,73.6856994628906,73.0218811035156,68.2946014404297,76.2653579711914,0.185467004776001,0.0973330065608025,0.0467489697039127,0.0630726218223572,6.03222154921979e-28,0,0.597731232643127,0,2112302.75,NA,NA
"ITC12",6.14037561416626,14.2417097091675,24.674991607666,15.9522867202759,18.5346164703369,2.01270627975464,3.85908913612366,2.68174409866333,3.4722375869751,77.8328704833984,71.7574768066406,67.5046463012695,76.9784240722656,0.359216511249542,0.0885007381439209,0.0114414552226663,0.057739395648241,0,0,0.47183820605278,0,225261.40625,NA,NA
"ITC13",4.85383367538452,12.4954347610474,22.7592124938965,14.388635635376,17.9053783416748,2.23677277565002,4.30458354949951,3.01149439811707,3.71563291549683,75.6529998779297,72.4204177856445,69.6058731079102,77.1474227905273,0.18014957010746,0.0926296561956406,0.0221188049763441,0.0702005624771118,0,0,0.613914906978607,0,103505.4609375,NA,NA
"ITC14",1.90474915504456,8.16185855865479,17.9830131530762,10.6924057006836,16.0782642364502,4.12336492538452,6.94300746917725,4.29487085342407,5.8230791091919,77.4872512817383,75.094108581543,73.1501007080078,80.0566711425781,0.0502837151288986,0.0793564915657043,0.0953610986471176,0.0601290762424469,2.78954879157028e-23,0,0.683121800422668,0,262538.5625,NA,NA
"ITC15",6.88360738754272,14.9873781204224,25.5905075073242,16.6085472106934,18.7068996429443,2.45190954208374,4.15313339233398,2.88667631149292,4.19515800476074,79.3005905151367,70.0898590087891,64.5776672363281,76.2892761230469,0.315451711416245,0.0498350448906422,0.00307891797274351,0.0883972272276878,1.28686096918686e-22,0,0.518642365932465,0,511092.1875,NA,NA
"ITC16",6.29363203048706,12.7578048706055,23.4803714752197,15.8183012008667,17.1867408752441,1.9068249464035,2.92830657958984,1.82202708721161,3.11806273460388,75.8867263793945,73.4407272338867,69.2370986938477,76.9020309448242,0.216072797775269,0.09377471357584,0.057723019272089,0.0316446423530579,1.33713460417335e-30,0,0.426623553037643,0.161109581589699,641966.8125,NA,NA
"ITC17",7.78874206542969,15.9940223693848,26.7874221801758,17.9945182800293,18.9986801147461,1.49242103099823,2.5818076133728,1.58489215373993,2.86707329750061,81.391357421875,72.2851028442383,65.0737991333008,77.3637084960938,0.431021898984909,0.129860669374466,1.10461828572994e-09,0.0629540234804153,0,0,0.375963538885117,0,232965.65625,NA,NA
"ITC18",7.8622899055481,15.3470296859741,26.2566947937012,17.7196254730225,18.3944034576416,2.19989418983459,2.47275567054749,1.4161388874054,3.81502652168274,81.5960235595703,70.9351272583008,62.2043190002441,76.6372756958008,0.416111081838608,0.0841808021068573,0.000183966898475774,0.0616618804633617,0,0,0.436839401721954,0,465048.0625,NA,NA
"ITC20",-0.314098834991455,5.27312707901001,15.3059043884277,8.5395679473877,15.6200046539307,3.34757018089294,3.83911061286926,2.60693979263306,2.99502658843994,73.6693954467773,75.9068832397461,72.2448120117188,78.1706466674805,0.0194330140948296,0.145317107439041,0.0727415606379509,0.0228100959211588,2.62885924512639e-26,0,0.662684559822083,0,103987.7578125,NA,NA
"ITC31",9.53022384643555,15.0447635650635,25.511625289917,18.561071395874,15.9814014434814,2.48618769645691,1.99156486988068,1.06927001476288,3.57107543945312,73.3494720458984,74.1903228759766,74.0730438232422,77.2176132202148,0.0604915134608746,0.101474650204182,0.014990814961493,0.0389829538762569,0,1.26104363062929e-10,0.356028825044632,0.199307441711426,76752.1328125,NA,NA
"ITC32",8.85355377197266,15.1673936843872,25.7313365936279,18.2540969848633,16.8777828216553,2.20481276512146,2.40390229225159,1.10468697547913,3.69105315208435,77.0475463867188,75.3879013061523,73.3339157104492,78.5271987915039,0.0266056954860687,0.0439126342535019,2.58114941971144e-05,0.0811889693140984,0,1.40753797506221e-10,0.538221180438995,0.0334736071527004,181286.8125,NA,NA
"ITC33",7.75956010818481,14.3665199279785,25.4182834625244,17.3206062316895,17.6587238311768,2.91109752655029,2.31033444404602,1.16202199459076,4.86376476287842,78.8222503662109,72.9525146484375,67.366455078125,77.836555480957,0.107327848672867,0.0420716591179371,0.000415173533838242,0.0721798837184906,0,1.26442273318261e-10,0.239645779132843,0.208115294575691,215345.234375,NA,NA
"ITC34",8.89443302154541,14.6134815216064,25.3093509674072,17.9433917999268,16.4149188995361,4.30971765518188,2.97594618797302,1.30878889560699,5.88433647155762,78.5768890380859,74.5631942749023,69.8779830932617,79.631591796875,0.0258943289518356,0.0177133604884148,0.000730384839698672,0.0767117068171501,0,0,0.61549699306488,0.0296468995511532,96933.640625,NA,NA
"ITC41",6.63228845596313,14.5614032745361,24.9475860595703,15.9987812042236,18.3152961730957,2.98243927955627,5.04212522506714,3.67993354797363,5.229651927948,79.4029083251953,69.6819763183594,65.2354354858398,77.1639404296875,0.148499831557274,0.0285900793969631,0.00674459617584944,0.126126334071159,3.49231499531728e-22,0,0.624296188354492,0,842548.8125,NA,NA
"ITC42",4.98306751251221,12.0115756988525,22.1270980834961,13.9335823059082,17.1440296173096,3.02450895309448,4.75789308547974,4.02118349075317,5.11845016479492,78.3988876342773,71.2059631347656,66.9238891601562,77.8739013671875,0.0762305930256844,0.0518089756369591,0.0363449268043041,0.199656188488007,3.16236697973263e-23,0,0.591047286987305,0,1131781.125,NA,NA
"ITC43",5.5396990776062,12.8104047775269,23.0128078460693,14.6029043197632,17.473108291626,2.93165826797485,4.55329847335815,3.84472393989563,4.98195600509644,78.3531341552734,70.8918304443359,66.2389602661133,77.5600662231445,0.0811915770173073,0.0440166480839252,0.0277901943773031,0.237007215619087,3.72129232395463e-31,0,0.566887080669403,0,846894.3125,NA,NA
"ITC44",-1.10752367973328,3.34308242797852,12.9178819656372,6.8278660774231,14.0254058837891,3.18333268165588,4.4499192237854,4.08354330062866,4.56883192062378,76.3180694580078,74.9407043457031,73.5469589233398,79.3397750854492,0.0164997205138206,0.114641793072224,0.123898923397064,0.0308063495904207,7.92751912217034e-36,0,0.685565233230591,0,133129.140625,NA,NA
"ITC46",4.79657936096191,12.2756910324097,22.7591743469238,14.1927623748779,17.9625930786133,2.69715285301208,3.93831205368042,3.22588109970093,4.13257884979248,77.339485168457,72.9892349243164,68.1771240234375,77.9262924194336,0.179031446576118,0.0829332396388054,0.0189937893301249,0.12037268280983,7.66127267654075e-33,0,0.591716587543488,0,1390810.875,NA,NA
"ITC47",3.88045239448547,11.2777833938599,21.9718399047852,13.50461769104,18.0913867950439,2.69419956207275,3.44989728927612,2.93063306808472,3.76289749145508,79.4884338378906,72.6968765258789,66.7559509277344,77.3906631469727,0.227546781301498,0.0901218801736832,0.0284639205783606,0.0688682794570923,0,0,0.557058393955231,0,1164447.875,NA,NA
"ITC48",7.59119415283203,15.5136060714722,26.7384185791016,17.6420021057129,19.1472244262695,2.30365800857544,2.66040062904358,1.68514978885651,3.63975524902344,82.3805160522461,68.9318237304688,58.7108993530273,75.1382141113281,0.500178217887878,0.0564910545945168,0.000363966741133481,0.0859638005495071,0,0,0.354270547628403,0,1469262.625,NA,NA
"ITC49",7.82456970214844,16.5207004547119,28.0798091888428,18.3592891693115,20.2552394866943,2.29396057128906,2.43738842010498,1.74991321563721,3.18880176544189,83.1881866455078,68.5365142822266,57.4585342407227,74.8073806762695,0.587910771369934,0.0885961353778839,1.32264366126122e-09,0.0858932510018349,0,0,0.233435347676277,0,410599.21875,NA,NA
"ITC4A",7.49634313583374,16.5920009613037,28.3279132843018,18.3816318511963,20.8315696716309,2.39070105552673,2.39018082618713,1.74798893928528,3.11431217193604,83.5410919189453,68.864128112793,57.6078338623047,74.8766479492188,0.623109817504883,0.0908116027712822,9.47548323892988e-06,0.0500825792551041,0,2.84732937633616e-17,0.220791846513748,0.0117623591795564,458947.875,NA,NA
"ITC4B",6.98489093780518,16.4899864196777,28.3202724456787,18.2330360412598,21.3353824615479,2.07132005691528,2.17472434043884,1.63080680370331,2.7009756565094,83.0820007324219,68.8750228881836,56.6921730041504,73.8934860229492,0.559475302696228,0.08705785125494,0.00220135366544127,0.0643227323889732,0,6.58277445222967e-18,0.21834334731102,0.0448935925960541,766226,NA,NA
"ITC4C",7.64076900482178,15.8846015930176,26.8894577026367,17.5745105743408,19.2486896514893,2.38625502586365,3.29849338531494,2.40990829467773,3.89934968948364,81.2330169677734,68.785514831543,60.0485572814941,75.3425598144531,0.398517370223999,0.0421305820345879,0.00050760485464707,0.158104732632637,5.62098735938525e-23,0,0.377306133508682,0,1419960,NA,NA
"ITC4D",7.21693181991577,15.2230262756348,25.6637325286865,16.6076545715332,18.4468021392822,2.72031450271606,4.17882204055786,3.42423343658447,4.74346780776978,78.6251754760742,69.6944732666016,64.1445159912109,76.6845626831055,0.102501593530178,0.0198977515101433,0.00173691834788769,0.310022950172424,5.17689969051289e-31,0,0.520084500312805,0,560469.875,NA,NA
"ITF11",7.17242050170898,13.1736221313477,25.1036262512207,17.3950786590576,17.9312038421631,3.08800387382507,1.85880398750305,1.18088030815125,3.07227563858032,81.0532379150391,73.5672302246094,62.7865867614746,74.8980865478516,0.177762821316719,0.123593524098396,0.00526092341169715,0.0551808252930641,0,5.65159440649382e-15,0.364967375993729,0.270164579153061,332292.03125,NA,NA
"ITF12",7.57664823532104,13.9722919464111,25.7652530670166,17.89381980896,18.1886024475098,2.6340126991272,1.67742037773132,1.29846572875977,2.73835325241089,79.7194976806641,72.6312789916992,64.7084350585938,74.5853042602539,0.355187237262726,0.087737612426281,0.00147220538929105,0.0399068892002106,0,1.48839610405011e-16,0.000405252241762355,0.40979790687561,282770.9375,NA,NA
"ITF13",7.45384120941162,13.6336879730225,25.3077354431152,17.7015895843506,17.8538932800293,2.79280185699463,1.67016994953156,1.21495687961578,2.76043391227722,80.3805770874023,72.5446166992188,62.9984474182129,74.5425643920898,0.274697840213776,0.104496859014034,0.00527068041265011,0.0413214601576328,0,0,0,0.488939821720123,152424.046875,NA,NA
"ITF14",9.05636501312256,15.2973165512085,26.7257995605469,19.1914672851562,17.6694355010986,2.55312514305115,1.57616806030273,1.11371076107025,2.58580994606018,78.675163269043,71.2852096557617,62.8300666809082,74.0760116577148,0.310886442661285,0.0991999357938766,1.29853694463833e-09,0.0460435673594475,0,2.00902922770085e-11,0,0.351215422153473,359051.875,NA,NA
"ITF21",7.34478855133057,13.4752702713013,25.5745697021484,17.6077899932861,18.2297801971436,3.15982985496521,1.96605777740479,1.20174694061279,3.10010051727295,81.0681304931641,73.623664855957,64.9012145996094,75.7971801757812,0.191472798585892,0.142248243093491,3.00577540635061e-09,0.0486322827637196,0,1.34756843270939e-12,0.00627658190205693,0.609956741333008,84981.9453125,NA,NA
"ITF22",9.57106685638428,15.703706741333,27.4603042602539,19.7474403381348,17.8892383575439,2.55827498435974,1.56340730190277,0.942235887050629,2.38515090942383,79.2620697021484,69.722053527832,59.4744529724121,72.403694152832,0.491378724575043,0.151199340820312,1.37482220452512e-05,0.0310687068849802,0,1.49014411920945e-10,0,0.285643696784973,222055.84375,NA,NA
"ITF31",10.6311254501343,16.4261512756348,27.6250419616699,20.2873096466064,16.99391746521,3.75789046287537,1.89708113670349,0.898320972919464,3.39619731903076,79.4354782104492,74.3321762084961,68.7255935668945,77.4224700927734,0.335769265890121,0.103144861757755,6.30860197414762e-10,0.0678112804889679,0,5.29845438357324e-11,0,0.38798725605011,786381,NA,NA
"ITF32",9.78381729125977,15.8690824508667,27.4734783172607,19.8411750793457,17.689661026001,3.34775948524475,1.90178787708282,0.989770293235779,2.78202128410339,81.616081237793,71.7419052124023,61.3871078491211,75.2565689086914,0.494557231664658,0.121575407683849,1.941437455244e-09,0.0410297252237797,0,0,0,0.342813402414322,259031.46875,NA,NA
"ITF33",12.1021633148193,17.2935791015625,28.0767250061035,21.3075466156006,15.9745616912842,3.34327411651611,1.57722914218903,0.660894751548767,3.10803270339966,76.8556594848633,73.8771362304688,70.0457229614258,75.7751388549805,0.0877822563052177,0.0154965966939926,1.44003897348255e-11,0.240737274289131,0,0,0,0.243635714054108,1298089.875,NA,NA
"ITF34",9.18186855316162,15.1288251876831,26.6810398101807,19.1844329833984,17.4991703033447,3.07788038253784,1.64923989772797,0.825477302074432,2.60246515274048,80.0455627441406,70.2861022949219,60.4768447875977,73.4062805175781,0.400109678506851,0.107623733580112,1.02088881792639e-09,0.0659640952944756,0,0,0,0.369028925895691,529097.4375,NA,NA
"ITF35",9.47157096862793,15.078595161438,26.3227787017822,19.2506656646729,16.8512096405029,3.60228776931763,1.66831231117249,0.703222632408142,2.91539907455444,80.2542343139648,71.8712463378906,65.2683258056641,75.2824554443359,0.200668528676033,0.0956875458359718,0.000694295798894018,0.060759611427784,0,1.77088455011187e-10,0,0.502864956855774,716621.1875,NA,NA
"ITF43",11.7792291641235,17.4927253723145,28.6220359802246,21.6839580535889,16.842809677124,2.09558892250061,1.31606090068817,0.874734818935394,2.17875385284424,78.1003646850586,68.5160064697266,59.5456466674805,72.2354049682617,0.293284267187119,0.205497980117798,1.9246479965318e-09,0.0464557260274887,0,1.89004395467762e-10,0,0.226559862494469,336279.3125,NA,NA
"ITF44",12.4626970291138,17.7866916656494,28.5065212249756,21.9187126159668,16.0438232421875,2.11355924606323,1.26128685474396,0.787539601325989,2.31914353370667,77.6946792602539,70.5104675292969,62.9418601989746,74.8771591186523,0.217395812273026,0.199005901813507,3.29627528117271e-06,0.0420677848160267,0,1.32332675633479e-12,0,0.194149792194366,211415.859375,NA,NA
"ITF45",12.6033344268799,17.7129020690918,28.3291339874268,21.7830543518066,15.7258014678955,2.39217448234558,1.37536370754242,0.882997214794159,2.86975336074829,76.5622940063477,72.2165832519531,65.3647689819336,75.6910171508789,0.246997803449631,0.164440557360649,0.000467043311800808,0.0457906574010849,0,0,0,0.239218413829803,529037.625,NA,NA
"ITF46",10.5935468673706,16.7341175079346,28.3712368011475,20.7487735748291,17.7776889801025,1.82386291027069,1.19876348972321,0.853493750095367,1.80070149898529,77.4482803344727,65.2396926879883,53.5212593078613,68.8991775512695,0.42793470621109,0.109905801713467,2.99796356557636e-05,0.0320841334760189,0,1.95670996766539e-12,0,0.289892941713333,470296.0625,NA,NA
"ITF47",11.0621604919434,17.0480766296387,28.3324241638184,21.1458129882812,17.270263671875,2.19315648078918,1.36527764797211,0.8731889128685,2.08065414428711,78.0410614013672,66.8372421264648,57.2556571960449,70.975944519043,0.333320558071136,0.224875345826149,2.75221934131764e-09,0.0538277104496956,0,5.62953329785731e-12,0,0.251377075910568,631597.0625,NA,NA
"ITF48",11.3607292175293,17.3547992706299,28.7740135192871,21.4379425048828,17.4132862091064,2.14364337921143,1.30824458599091,0.82404226064682,1.85685861110687,76.763427734375,65.5729598999023,55.8305473327637,68.972770690918,0.301481634378433,0.200995609164238,3.8576231098375e-09,0.0423761643469334,0,2.97124758336705e-16,0,0.196344003081322,273914.03125,NA,NA
"ITF51",8.48603343963623,14.548282623291,26.1242771148682,18.7893924713135,17.6382427215576,2.65228223800659,1.4832878112793,0.855361461639404,2.22349214553833,80.8521423339844,68.8239822387695,58.1226081848145,71.6611404418945,0.355524867773056,0.134525999426842,0.00092358625261113,0.0438478626310825,0,1.67874630863096e-10,0,0.447775781154633,377454.625,NA,NA
"ITF52",10.5748586654663,16.5013637542725,28.0171508789062,20.8141059875488,17.4422931671143,2.28752303123474,1.35553514957428,0.903269529342651,2.08869743347168,78.6098327636719,66.8055953979492,55.5934066772461,69.5665130615234,0.388771027326584,0.171174883842468,2.38892616799546e-09,0.039749201387167,0,2.36532765596209e-10,0,0.316985458135605,152551.921875,NA,NA
"ITF61",11.1483011245728,16.2441501617432,27.236536026001,20.6896591186523,16.0882377624512,3.98364567756653,1.4879230260849,0.583730578422546,2.61328172683716,79.8522567749023,72.4596328735352,67.4923934936523,75.6503219604492,0.170154124498367,0.0784680843353271,1.80126519921942e-07,0.0349548123776913,0,2.4421345501402e-10,0,0.553476512432098,454810.46875,NA,NA
"ITF62",11.8364543914795,16.9079437255859,28.0430145263672,21.5424041748047,16.2065601348877,3.96303033828735,1.54575788974762,0.460090607404709,2.71666264533997,77.6396408081055,69.5847473144531,63.5108947753906,73.2441711425781,0.19079677760601,0.0929442495107651,1.01428498933132e-09,0.0240828078240156,0,1.49075422145595e-11,0,0.434407323598862,62987.39453125,NA,NA
"ITF63",12.30859375,17.0727939605713,27.922737121582,21.7636432647705,15.614143371582,4.54447078704834,1.72377693653107,0.46486908197403,2.67143130302429,79.7035140991211,73.5861282348633,69.770263671875,76.5163650512695,0.172330856323242,0.095903642475605,8.8169227474566e-10,0.0316100902855396,0,1.30612479165571e-10,0,0.420969903469086,186754.65625,NA,NA
"ITF64",13.038049697876,17.5349349975586,28.1706161499023,22.2992095947266,15.1325674057007,4.55778789520264,1.7053005695343,0.441676467657089,2.53924798965454,79.6529541015625,76.1507797241211,73.7997817993164,78.1218338012695,0.162794291973114,0.111468620598316,2.48400855440423e-10,0.029801407828927,0,0,0,0.400973409414291,82604.09375,NA,NA
"ITF65",13.6834373474121,17.9881954193115,28.8081722259521,22.9220924377441,15.124737739563,3.32318592071533,1.36030733585358,0.265021681785583,2.10025191307068,79.6666488647461,74.1046829223633,69.0768280029297,76.8742218017578,0.0871334597468376,0.0502346009016037,9.08869535187762e-10,0.0421709716320038,0,1.50305289048358e-11,0,0.377956807613373,395198.25,NA,NA
"ITG11",14.6171817779541,18.4682483673096,28.6809959411621,23.5685997009277,14.0638122558594,2.70761322975159,1.0670291185379,0.116458714008331,2.03458428382874,77.848503112793,71.2267684936523,63.0176315307617,74.1208877563477,0.206736713647842,0,0.244384065270424,0.0346033535897732,0,3.31970804402153e-15,0,0.190733328461647,181841.28125,NA,NA
"ITG12",13.0093536376953,17.241641998291,27.9659290313721,22.3478946685791,14.9565734863281,3.24467206001282,1.35676288604736,0.208335921168327,2.04393911361694,81.4970474243164,70.6997756958008,60.2392768859863,74.4105377197266,0.410235345363617,0,0.225308790802956,0.0548529922962189,0,3.06170286707905e-15,0,0.21601690351963,522666.4375,NA,NA
"ITG13",13.1212244033813,17.4227867126465,28.1284866333008,22.4345664978027,15.0072612762451,3.11433291435242,1.17949509620667,0.228526517748833,1.83221828937531,80.6819763183594,72.7822570800781,66.5851058959961,76.3827667236328,0.137180119752884,0.124344721436501,0.0350412242114544,0.0464858375489712,0,2.78239459250429e-10,0,0.320236057043076,331661.53125,NA,NA
"ITG14",14.095947265625,18.18825340271,28.7779006958008,23.3702430725098,14.6819534301758,2.94365358352661,1.17804360389709,0.161844477057457,1.85951411724091,80.5190582275391,70.1880340576172,60.8589859008789,74.5459823608398,0.362428992986679,0,0.184045076370239,0.0274306517094374,0,1.60093091618885e-15,0,0.170984849333763,256658.109375,NA,NA
"ITG15",13.7609939575195,18.0361995697021,28.7481021881104,23.2462406158447,14.9871091842651,2.76237368583679,1.0645352602005,0.187176659703255,1.62273824214935,81.1438598632812,68.9093551635742,58.9989624023438,74.0266799926758,0.433254331350327,0,0.214958012104034,0.0317622609436512,0,1.80497427103971e-15,0,0.20238932967186,193900.859375,NA,NA
"ITG16",12.4938154220581,16.9098281860352,27.8354396820068,22.1080875396729,15.3416233062744,2.77894043922424,1.07306432723999,0.218042194843292,1.55731177330017,81.5824584960938,69.2398529052734,59.7685356140137,73.7786331176758,0.37426620721817,0.0756436139345169,0.181148380041122,0.0356269739568233,0,1.73093829749376e-15,0,0.303705424070358,196537.578125,NA,NA
"ITG17",13.0606651306152,17.5433368682861,28.4345703125,22.7222728729248,15.3739042282104,2.65165019035339,0.906854212284088,0.161483407020569,1.56471943855286,80.6700973510742,69.4925765991211,60.0364837646484,74.0291213989258,0.315321445465088,0.105452910065651,0.122669257223606,0.0482946448028088,0,7.88346322443345e-16,0,0.31073534488678,451957.71875,NA,NA
"ITG18",14.6773366928101,18.5544490814209,29.1906757354736,23.9266204833984,14.5133380889893,2.55280590057373,0.720707654953003,0.103092566132545,1.63804447650909,79.9533538818359,72.0462799072266,61.2951507568359,76.2965774536133,0.319104880094528,0,0.119491629302502,0.0267412848770618,0,5.30046536853903e-16,0,0.138083457946777,139013.3125,NA,NA
"ITG19",14.5773572921753,18.7093830108643,29.3617477416992,24.020902633667,14.7843923568726,2.53059196472168,0.750157952308655,0.105495393276215,1.61578381061554,79.4033889770508,69.99951171875,57.9172134399414,74.5966873168945,0.254860937595367,0,0.158556282520294,0.029099103063345,0,7.72149570184185e-16,0,0.151282086968422,196834.140625,NA,NA
"ITG25",12.2276964187622,16.4066543579102,26.936243057251,20.8534774780273,14.7085466384888,2.86237049102783,1.40383744239807,0.375150769948959,2.67384934425354,80.7016754150391,75.5629577636719,66.0625228881836,76.5883712768555,0.270039290189743,0.173672422766685,0.0148484371602535,0.0131052201613784,0,1.8984264160693e-10,0,0.305630266666412,248782.046875,NA,NA
"ITG26",11.4560880661011,15.7215547561646,26.9211139678955,20.3048782348633,15.4650259017944,3.1281111240387,1.47762334346771,0.354840248823166,2.63162612915039,81.4472122192383,72.595817565918,59.5047302246094,75.2568969726562,0.191988870501518,0.142456293106079,0.0184228662401438,0.0127243027091026,0,2.33915081748748e-10,0,0.507737040519714,105986.2890625,NA,NA
"ITG27",12.6358213424683,17.0440521240234,27.9203014373779,21.800479888916,15.2844791412354,2.68489074707031,1.23071670532227,0.279471009969711,2.29422307014465,80.2663345336914,70.6887435913086,58.4265480041504,74.4836120605469,0.149364292621613,0.0674716904759407,0.0331150181591511,0.0272278152406216,0,3.90558627105797e-11,0,0.481467574834824,408081.5625,NA,NA
"ITG28",12.3328313827515,16.654504776001,27.3063163757324,21.1919994354248,14.9734830856323,3.0343644618988,1.37857472896576,0.328473687171936,2.54253673553467,81.4381713867188,74.0779571533203,63.09033203125,75.833610534668,0.34781014919281,0.191906660795212,0.0118088964372873,0.0139774298295379,0,3.13563203180323e-10,0,0.338447093963623,119850.7734375,NA,NA
"ITG29",11.6764984130859,15.8175849914551,26.7176856994629,20.3029518127441,15.0411853790283,2.698073387146,1.40398573875427,0.396235376596451,2.54873967170715,79.4234313964844,73.8542327880859,64.2008285522461,76,0.115700654685497,0.106566108763218,0.0212718043476343,0.011408468708396,0,1.06309551439754e-10,0,0.496713578701019,104091.4921875,NA,NA
"ITG2A",12.287525177002,16.8245391845703,28.0019779205322,21.5113353729248,15.7144546508789,2.82646799087524,1.28564047813416,0.332869082689285,2.39286708831787,80.814338684082,70.5538482666016,56.7038040161133,74.4220733642578,0.107384391129017,0.108091957867146,0.0159050188958645,0.0169865228235722,0,1.15889112542455e-11,0,0.531597852706909,33629.19921875,NA,NA
"ITG2B",12.5943098068237,16.9735260009766,27.5882015228271,21.5892715454102,14.9938898086548,2.72448754310608,1.2167671918869,0.266340732574463,2.2759690284729,81.0537872314453,72.960823059082,61.8060989379883,75.3686370849609,0.321516573429108,0.14994490146637,0.0121527323499322,0.0198067147284746,0,9.10714299112714e-12,0,0.394023209810257,80640.5859375,NA,NA
"ITG2C",12.6429328918457,17.0525970458984,27.6796417236328,21.7767276763916,15.0367088317871,2.25774168968201,0.983114302158356,0.177885353565216,1.94803214073181,81.1728820800781,72.3627853393555,60.680534362793,75.556755065918,0.177415505051613,0.101166397333145,0.01440997608006,0.0198663882911205,0,1.19269261134036e-10,0,0.439183354377747,79819.828125,NA,NA
"ITH10",-1.06184756755829,3.96773529052734,13.4355030059814,7.0785984992981,14.4973497390747,1.93338251113892,2.8603048324585,3.92643642425537,2.97590065002441,80.0414657592773,76.1571350097656,76.1034164428711,81.052360534668,0.0242668353021145,0.12946705520153,0.0870673358440399,0.0201616361737251,1.71975205560965e-32,0,0.709592282772064,0,451803,NA,NA
"ITH20",0.719396531581879,6.5483512878418,16.4060516357422,9.32826042175293,15.6866550445557,2.08326959609985,3.31746220588684,3.45534729957581,3.49580025672913,77.044792175293,74.2701873779297,72.5170669555664,78.2542495727539,0.0405441150069237,0.079040102660656,0.0348900370299816,0.0379029624164104,0,0,0.778019368648529,0,676788.625,NA,NA
"ITH31",5.71006727218628,14.4122505187988,25.6358184814453,16.250186920166,19.9257526397705,2.2354416847229,2.67488217353821,2.22075796127319,3.055504322052,81.3764419555664,70.6161270141602,61.279426574707,74.9897384643555,0.39546200633049,0.0801730081439018,0.00525499181821942,0.0606696344912052,0,0,0.414827167987823,0,729854.125,NA,NA
"ITH32",5.17585277557373,13.2133073806763,23.8443260192871,15.0405988693237,18.6684741973877,2.40801978111267,3.04560947418213,2.72486114501953,3.55632972717285,80.3606033325195,73.6364364624023,67.0527191162109,77.1518096923828,0.294772148132324,0.0860652253031731,0.010504137724638,0.0828448235988617,0,0,0.524654388427734,0,795711.625,NA,NA
"ITH33",0.0494949594140053,5.6422266960144,15.6662902832031,8.83515739440918,15.6167945861816,2.43486523628235,3.57178688049316,3.53612375259399,3.7329785823822,82.0881042480469,79.2958221435547,76.8333740234375,81.9703216552734,0.0601001232862473,0.0874663963913918,0.0532331354916096,0.0220356099307537,0,0,0.776088833808899,0,241197,NA,NA
"ITH34",6.76029396057129,14.5700025558472,25.2508945465088,16.520751953125,18.4905986785889,2.75882601737976,3.31917238235474,2.64725542068481,3.78491854667664,82.2128143310547,75.2191467285156,67.4650955200195,77.1236038208008,0.474429845809937,0.055382139980793,0.00174690340645611,0.0942940413951874,0,0,0.348107248544693,0,1008574.4375,NA,NA
"ITH35",8.43105411529541,16.3404312133789,27.5109329223633,18.5827503204346,19.0798797607422,2.61773443222046,2.9443838596344,2.10093021392822,3.36087322235107,82.0092620849609,73.7478637695312,63.9667701721191,74.8435134887695,0.445730209350586,0.041908223181963,0.000718675437383354,0.0600143857300282,0,0,0.201153159141541,0.000170614963280968,547111.5625,NA,NA
"ITH36",6.9928035736084,15.6912174224854,27.0582294464111,17.6462287902832,20.0654258728027,2.17932677268982,2.46768379211426,2.0452024936676,2.88295841217041,82.6090469360352,71.2815856933594,60.9662246704102,74.7240676879883,0.502928912639618,0.067155234515667,0.00129465269856155,0.077868178486824,0,0,0.313393652439117,0,813533.1875,NA,NA
"ITH37",7.61141586303711,16.5537548065186,28.2596664428711,18.6883983612061,20.648250579834,1.84293067455292,1.96267735958099,1.53595721721649,2.40613222122192,82.0311813354492,69.9938659667969,57.7554397583008,73.1876678466797,0.485599845647812,0.0693299919366837,0.000368320586858317,0.0521179027855396,0,0,0.149909287691116,0.0709130764007568,405698.75,NA,NA
"ITH41",5.13258838653564,12.2585611343384,22.7654457092285,14.732780456543,17.6328582763672,3.2520854473114,4.08500719070435,3.00389671325684,4.19008493423462,82.1960220336914,76.9853210449219,71.0940399169922,78.7970581054688,0.26587325334549,0.0784688219428062,0.0200195237994194,0.0226032268255949,0,0,0.575636804103851,0,240010.25,NA,NA
"ITH42",4.59959316253662,11.4996452331543,22.0594253540039,14.2127771377563,17.459831237793,4.30584812164307,4.85511064529419,3.53894066810608,5.55233430862427,81.9261627197266,76.0920715332031,69.794807434082,78.4836654663086,0.202765166759491,0.0719976052641869,0.0291040446609259,0.0252907909452915,0,0,0.580297291278839,0,470404.84375,NA,NA
"ITH43",8.98818969726562,15.9135618209839,27.0012054443359,18.5863971710205,18.0130157470703,4.15098285675049,3.81604599952698,2.34956645965576,4.85832071304321,80.2220764160156,74.0551147460938,64.6861724853516,74.996711730957,0.219024315476418,0.0799544602632523,0.000434481917181984,0.0608240365982056,0,0,0.315129697322845,0,61003.2421875,NA,NA
"ITH44",8.12907123565674,14.8921604156494,25.9350452423096,17.6458625793457,17.8059749603271,4.84112071990967,4.16256809234619,2.52870869636536,5.53763437271118,80.7941207885742,74.4656143188477,65.9542083740234,76.3855133056641,0.0963684096932411,0.12091325968504,1.88196103145799e-09,0.0953036397695541,0,0,0.467313289642334,0,50000.8828125,NA,NA
"ITH51",6.83247518539429,14.1377391815186,25.4797973632812,16.7983856201172,18.6473217010498,2.8353705406189,2.61941289901733,1.46846985816956,4.24313688278198,82.38818359375,70.372314453125,60.4873847961426,77.1894226074219,0.32136332988739,0.0945208072662354,0.000830283912364393,0.0639842823147774,0,4.00234069079804e-18,0.517146110534668,0.00139361608307809,325307.59375,NA,NA
"ITH52",6.93787050247192,14.6002759933472,26.1592388153076,17.237678527832,19.2213687896729,3.11284422874451,2.65383362770081,1.39149141311646,4.23744773864746,81.9007034301758,70.659294128418,60.0466156005859,77.1245269775391,0.357219099998474,0.0971967354416847,0.000245300849201158,0.060797106474638,0,5.05995777470446e-16,0.212162435054779,0.244315356016159,560703.3125,NA,NA
"ITH53",6.38643980026245,14.4045877456665,26.1408405303955,17.0089073181152,19.7544002532959,2.82688474655151,2.31362891197205,1.43203318119049,3.57998156547546,81.5271987915039,70.8100204467773,60.1039886474609,76.6480865478516,0.379364490509033,0.0872766599059105,0.000231027763220482,0.0785375162959099,0,1.19455812471633e-16,0,0.448417246341705,749827.125,NA,NA
"ITH54",6.17258644104004,14.1733541488647,26.0283336639404,16.8746166229248,19.8557472229004,2.6653459072113,2.12105369567871,1.55582022666931,3.27611446380615,81.3968658447266,70.6224899291992,59.5822830200195,76.23388671875,0.388412207365036,0.0976024568080902,0.00117015396244824,0.0648029074072838,0,5.59796729476528e-17,0,0.446438819169998,663755.0625,NA,NA
"ITH55",6.52405834197998,14.7334394454956,26.6893272399902,17.4240055084229,20.1652698516846,2.47905611991882,2.21536493301392,1.51709711551666,3.05528903007507,81.2618942260742,69.5392150878906,56.8896751403809,74.6932373046875,0.400072693824768,0.0924542397260666,0.000560345710255206,0.0619737654924393,0,1.24934299813487e-15,0,0.443203240633011,802468.8125,NA,NA
"ITH56",7.78492784500122,16.9115371704102,28.7878189086914,19.1467990875244,21.0028896331787,1.63767659664154,1.69485914707184,1.29284608364105,2.25488352775574,81.2460479736328,68.9875793457031,55.2883148193359,72.6113052368164,0.546666085720062,0.0925523862242699,6.65498878227311e-10,0.0341808795928955,0,0,0,0.185701161623001,364185.34375,NA,NA
"ITH57",7.65064811706543,16.0672702789307,27.8147068023682,18.7444725036621,20.1640586853027,2.06310510635376,1.95718264579773,1.35555505752563,2.72822880744934,80.7496337890625,68.2876434326172,55.1193351745605,73.4315185546875,0.443860352039337,0.091720424592495,0.000455992645584047,0.051472082734108,0,0,0,0.288597017526627,361908.5625,NA,NA
"ITH58",6.80961894989014,14.4622592926025,26.2347564697266,17.5191860198975,19.4251384735107,2.29079914093018,1.99005901813507,1.3286497592926,3.00477838516235,81.39404296875,69.3036651611328,57.1023979187012,74.9270324707031,0.33844980597496,0.0849894806742668,0.00102975266054273,0.0514355972409248,0,0,0,0.440694838762283,395768.21875,NA,NA
"ITH59",7.03098440170288,14.2949981689453,26.0486602783203,17.4846935272217,19.0176773071289,2.35339975357056,1.92470741271973,1.34534227848053,3.07945394515991,81.449951171875,70.3589324951172,59.0865249633789,75.3163375854492,0.336834728717804,0.0929818451404572,0.00172114255838096,0.0380681306123734,0,1.28977162283661e-10,0,0.364232152700424,108812.75,NA,NA
"ITI11",6.83718633651733,12.5489149093628,23.4622402191162,15.9994249343872,16.6250553131104,4.12503814697266,2.78507208824158,1.37698900699615,5.37580013275146,79.4319763183594,74.7804946899414,69.2581787109375,79.9988632202148,0.0320354998111725,0.033318042755127,0.000344065017998219,0.0750719383358955,0,0,0.292374700307846,0.448288202285767,120277.5234375,NA,NA
"ITI12",7.32713317871094,13.3945426940918,24.3465232849121,16.7440032958984,17.0193901062012,3.30643391609192,2.21409058570862,1.3402384519577,4.23854064941406,78.7957534790039,74.3731231689453,69.3230514526367,79.4445953369141,0.163342222571373,0.0562007501721382,0.000338633719366044,0.0720224380493164,0,0,0.21033538877964,0.391720294952393,322240.34375,NA,NA
"ITI13",7.4294114112854,14.044659614563,25.3917865753174,17.2592468261719,17.9623737335205,3.1250262260437,2.14639568328857,1.48717248439789,3.89613723754883,79.9323120117188,73.0399475097656,65.9250411987305,78.6120452880859,0.295890063047409,0.0844383537769318,0.000872910255566239,0.0692480951547623,0,1.15314509573829e-16,0.268756657838821,0.280770570039749,223748.390625,NA,NA
"ITI14",7.5553994178772,14.5558567047119,26.1731872558594,17.6398048400879,18.6177883148193,2.89518284797668,2.19209671020508,1.38294422626495,3.53995943069458,80.8139114379883,71.886589050293,62.0646438598633,77.1302185058594,0.283408910036087,0.0758359879255295,0.000252436759183183,0.0840164422988892,0,4.30672393254012e-16,0.0621984228491783,0.493888884782791,1291665.875,NA,NA
"ITI15",7.3112940788269,14.4091243743896,26.1048374176025,17.4545269012451,18.7935447692871,2.97281980514526,2.30533814430237,1.45841217041016,3.555832862854,80.8353576660156,71.7082824707031,61.313648223877,76.8611373901367,0.262779861688614,0.0807693675160408,0.000210926562431268,0.0918886512517929,0,1.11989359978396e-15,0.00876612216234207,0.555357933044434,139178.734375,NA,NA
"ITI16",11.3056364059448,16.6013870239258,27.1273212432861,20.2790908813477,15.8216857910156,2.45491504669189,1.64898324012756,0.976218640804291,3.36714577674866,75.3687362670898,74.1956253051758,71.89697265625,77.2006530761719,0.146655797958374,0.0536940023303032,0.00396461458876729,0.0337506122887135,0,0,0.0496645905077457,0.302442610263824,68280.328125,NA,NA
"ITI17",9.58120727539062,15.7159452438354,26.6259613037109,19.0158996582031,17.0447540283203,2.76432919502258,1.91741871833801,1.19002020359039,3.67647695541382,78.0987930297852,73.3262100219727,68.9310760498047,78.438232421875,0.27924919128418,0.0757187157869339,0.00451939832419157,0.0576010681688786,0,1.29194690311758e-19,0.223513513803482,0.280693560838699,407481.84375,NA,NA
"ITI18",6.57341909408569,13.1229524612427,24.9069786071777,16.5869979858398,18.3335590362549,2.60786151885986,1.9985431432724,1.2502247095108,3.40067267417908,82.0347290039062,71.3928680419922,60.453727722168,76.8811569213867,0.277217954397202,0.0839623957872391,0.000735011592041701,0.0406702570617199,0,1.13050495144166e-18,0.166135013103485,0.427164167165756,278165.4375,NA,NA
"ITI19",9.24281692504883,15.5601892471313,27.0540828704834,18.9094352722168,17.8112659454346,2.60283875465393,1.8999148607254,1.10067272186279,3.44095969200134,80.541633605957,71.308219909668,61.7965698242188,77.2249984741211,0.360436350107193,0.110139146447182,0.00087718537542969,0.0390314199030399,0,4.04136942129123e-16,0.114337518811226,0.366036802530289,306190,NA,NA
"ITI1A",10.7448272705078,16.5489025115967,27.7483749389648,20.179874420166,17.003547668457,2.35507678985596,1.59538877010345,0.849614679813385,3.1973922252655,77.6816864013672,72.7390975952148,65.7060623168945,77.0244064331055,0.318592846393585,0.117704585194588,0.00158540683332831,0.0266371108591557,0,7.10673880854884e-11,0,0.350015074014664,180316.390625,NA,NA
"ITI21",7.45747661590576,13.909252166748,25.9532775878906,17.6252250671387,18.4958019256592,2.6396427154541,1.97897958755493,1.32444822788239,3.31312680244446,81.6347274780273,71.364860534668,58.6524467468262,74.4925308227539,0.313610643148422,0.100990772247314,0.00180179940070957,0.0339276641607285,0,2.15848255935569e-10,0.161130279302597,0.372324526309967,636688.1875,NA,NA
"ITI22",9.33083629608154,15.6660079956055,27.5629482269287,19.3643474578857,18.2321128845215,2.72870826721191,1.93024206161499,1.15098130702972,3.39692139625549,80.8738555908203,71.4472961425781,58.5584869384766,74.7123489379883,0.395883589982986,0.105730473995209,0.001588522689417,0.0276378709822893,0,2.39839703652933e-10,0,0.462635397911072,183090.796875,NA,NA
"ITI31",7.07383251190186,14.1343936920166,25.9223976135254,17.4356479644775,18.8485660552979,2.53395533561707,1.99691760540009,1.41893863677979,3.22005462646484,81.7081909179688,70.8706741333008,59.6597213745117,75.4366836547852,0.429128080606461,0.102233149111271,0.00107978319283575,0.0310018099844456,0,2.57020876803793e-10,0.00766743998974562,0.3566654920578,329903.84375,NA,NA
"ITI32",8.08428001403809,14.9988689422607,26.5144996643066,18.4066371917725,18.4302196502686,2.3462061882019,1.7661190032959,1.34152972698212,2.84768772125244,79.9550552368164,70.9907302856445,59.8402252197266,73.9229202270508,0.38130047917366,0.076287105679512,4.49469739205455e-10,0.0300162099301815,0,2.92897338327602e-11,0.0551554560661316,0.220261067152023,217787.421875,NA,NA
"ITI33",7.14502859115601,13.7237825393677,25.6657104492188,17.50514793396,18.5206813812256,2.30784392356873,1.74990367889404,1.31188881397247,2.7172269821167,80.653694152832,71.2360916137695,59.4835243225098,73.4879608154297,0.418284744024277,0.0939131677150726,0.000783274357672781,0.0256037171930075,0,2.91246540773393e-11,0,0.400039583444595,263711.59375,NA,NA
"ITI34",6.62881565093994,12.8976430892944,24.8020801544189,16.9487037658691,18.1732654571533,2.56204414367676,1.71540546417236,1.31492817401886,2.79657173156738,79.9060516357422,72.5743942260742,63.6144523620605,74.2764739990234,0.265854716300964,0.0732879340648651,0.00282874004915357,0.0354001522064209,0,5.54369094032947e-12,0,0.534086346626282,134213.1875,NA,NA
"ITI35",8.54828643798828,15.2100887298584,26.8201198577881,18.8957290649414,18.2718334197998,2.18652415275574,1.58345437049866,1.24058711528778,2.40069603919983,78.4326171875,72.1629409790039,61.9959564208984,72.9191055297852,0.315858691930771,0.0549599938094616,0.00108611665200442,0.0280254371464252,0,4.06249339723885e-11,0,0.25840899348259,99099.1171875,NA,NA
"ITI41",10.7263889312744,16.5835857391357,28.1907863616943,20.4084396362305,17.4643993377686,3.0275673866272,1.85806322097778,0.925004839897156,4.04815196990967,79.4712066650391,72.99169921875,63.4595069885254,76.9814071655273,0.40440359711647,0.117753952741623,0.00154577824287117,0.0224001910537481,0,4.35679400542788e-12,0,0.321350365877151,329186.4375,NA,NA
"ITI42",7.5370192527771,13.5662565231323,25.6456661224365,17.7016162872314,18.1086463928223,2.95501756668091,1.95956301689148,1.23407137393951,3.41428375244141,79.8985214233398,72.4889602661133,60.4515419006348,73.858024597168,0.245562344789505,0.0980597957968712,0.00319683947600424,0.031627494841814,0,5.72321044722823e-11,0.178349569439888,0.440135508775711,280149.8125,NA,NA
"ITI43",11.1127614974976,16.8524417877197,28.2312545776367,20.7981853485107,17.1184940338135,3.36054158210754,1.85718870162964,0.896571934223175,4.6601095199585,78.6419067382812,73.4113616943359,64.5930862426758,76.1402893066406,0.343668788671494,0.0880558341741562,0.000708701438270509,0.120055519044399,0,2.79437822707507e-12,0.0570549555122852,0.268123537302017,2900777.5,NA,NA
"ITI44",11.852991104126,17.2600193023682,28.1063575744629,21.1914482116699,16.2533664703369,3.41267800331116,1.69102358818054,0.718845725059509,3.53594422340393,78.7811279296875,74.9908065795898,68.3820648193359,78.0025253295898,0.225406363606453,0.0750719308853149,0.000248035852564499,0.0876890197396278,0,6.16324213886799e-11,0.0357525646686554,0.203804925084114,718973.625,NA,NA
"ITI45",10.8818426132202,16.9179286956787,28.1367988586426,20.7697067260742,17.254955291748,3.65857338905334,1.95330226421356,0.961791157722473,3.43970513343811,80.0088348388672,74.139762878418,65.0605850219727,76.4745178222656,0.236922442913055,0.0964688658714294,0.00137541571166366,0.0954732075333595,0,4.33470620508913e-11,0.41601973772049,0.060584794729948,351075.9375,NA,NA
"LI000",2.83713102340698,9.38339996337891,18.2995281219482,11.2196311950684,15.4623975753784,4.85961866378784,5.34625053405762,5.60977172851562,4.36944103240967,82.5559768676758,77.9525604248047,78.3918838500977,83.0383758544922,0.112187623977661,0.162765219807625,0.0796944350004196,0.0702902376651764,0.000606253510341048,0,0.571079611778259,0,41322.41015625,NA,NA
"LT011",1.31582295894623,10.5926599502563,20.9611568450928,11.4893627166748,19.6453342437744,2.06162071228027,2.42047667503357,2.61558079719543,2.16925024986267,87.57373046875,74.4243087768555,75.2870330810547,84.267463684082,0.314935207366943,0.0750929713249207,0.0017579592531547,0.0140513638034463,2.44960283453111e-05,0.102931015193462,0.0911206007003784,0.390691041946411,513046.9375,NA,NA
"LT021",1.69946551322937,10.705997467041,21.2085361480713,11.8893938064575,19.5090713500977,1.94603848457336,2.33091688156128,2.55265617370605,2.04407095909119,87.4659042358398,74.7924499511719,74.6514434814453,83.4611968994141,0.289136439561844,0.0656630396842957,0.000397489173337817,0.00758399860933423,0,0.203836843371391,0,0.41509073972702,137146.78125,NA,NA
"LT022",1.73493432998657,10.6322956085205,21.0760707855225,11.7621965408325,19.341136932373,2.07073283195496,2.19542503356934,2.48263835906982,2.19694495201111,86.8038711547852,73.7070388793945,74.7217864990234,83.6244430541992,0.428794085979462,0.0654531046748161,0.00109113217331469,0.0116840051487088,1.60793103987089e-06,0.0399591028690338,0.0183765254914761,0.426798790693283,266438.40625,NA,NA
"LT023",2.71535325050354,10.1514568328857,20.8774261474609,12.4666566848755,18.162073135376,3.21307682991028,1.99512183666229,2.97146201133728,3.68296194076538,86.6998901367188,76.8061676025391,77.5066528320312,84.4990768432617,0.337240666151047,0.0720723047852516,0.00575910555198789,0.0136673431843519,0.000109829423308838,0.0481994189321995,0.390083968639374,0.0205160900950432,183820.4375,NA,NA
"LT024",1.99055194854736,10.6537532806396,21.0608615875244,11.9496049880981,19.0703086853027,2.02293419837952,2.1520779132843,2.56369185447693,2.18495345115662,87.154167175293,74.6462554931641,75.3307571411133,83.680046081543,0.503452658653259,0.0869838669896126,0.00170063984114677,0.0111833373084664,1.80488723344752e-06,0.0198413040488958,0.0205884911119938,0.351522356271744,139439.609375,NA,NA
"LT025",1.42715620994568,10.3455696105957,20.8008632659912,11.442024230957,19.373706817627,2.01390194892883,2.10863971710205,2.42692446708679,2.28126049041748,86.4440689086914,72.7929534912109,74.1957550048828,83.9518280029297,0.430562049150467,0.0725204572081566,0.00246248720213771,0.00653900532051921,1.58927232405404e-05,0.136401608586311,0.0227134600281715,0.325732916593552,123291.890625,NA,NA
"LT026",1.90123116970062,10.1734819412231,20.6891632080078,11.6686210632324,18.7879333496094,1.95307338237762,1.93917393684387,2.59836578369141,2.34564709663391,87.7516784667969,74.4609069824219,76.1792602539062,85.1571884155273,0.479638189077377,0.0841013416647911,0.00164340808987617,0.00745938997715712,1.92934658116428e-05,0.0422656461596489,0.142353698611259,0.24080266058445,154688.96875,NA,NA
"LT027",2.09608459472656,10.4084568023682,20.9034557342529,11.9025392532349,18.8073711395264,2.74445223808289,2.3008279800415,2.81578493118286,2.92686867713928,87.8432312011719,75.5784759521484,76.5149841308594,84.9928512573242,0.391424238681793,0.076537698507309,0.00145564158447087,0.00545171555131674,4.59167240478564e-05,2.12887846240406e-10,0.481742024421692,0.041944183409214,85458.46875,NA,NA
"LT028",2.18266654014587,9.97970104217529,20.5720233917236,11.8406848907471,18.3893585205078,2.95019674301147,2.07634592056274,2.95004272460938,3.27773022651672,88.4099273681641,76.1935577392578,77.9203567504883,86.1940383911133,0.371001929044724,0.0756858810782433,0.00325917825102806,0.0069883968681097,9.13038456928916e-05,0,0.538852751255035,0,75697.9765625,NA,NA
"LT029",0.996515035629272,10.2373847961426,20.6237335205078,11.1249055862427,19.6272201538086,2.028484582901,2.29122376441956,2.50453662872314,2.23652362823486,87.2144470214844,73.8133544921875,75.5020217895508,84.8143844604492,0.319564938545227,0.0691390335559845,0.00735725788399577,0.0037151740398258,5.17186854267493e-05,0.0851306319236755,0.193844348192215,0.295443087816238,85125.34375,NA,NA
"LU000",5.34766483306885,11.9095401763916,21.7779350280762,14.056324005127,16.4302711486816,3.73638963699341,2.52853012084961,2.08926057815552,2.64690208435059,89.2147369384766,77.7395095825195,71.4613494873047,83.9774551391602,0.210936218500137,0.206007927656174,2.48768317057113e-09,0.10152592509985,8.20053747130345e-11,0,0.481529891490936,0,667019.25,NA,NA
"LV003",2.6308901309967,9.46926021575928,20.3687877655029,12.1217212677002,17.7378959655762,2.6275007724762,1.76493215560913,2.88324499130249,3.09450268745422,86.9049606323242,77.2842636108398,78.4383163452148,85.0993194580078,0.17799386382103,0.0742266178131104,0.0134759685024619,0.00419218046590686,1.99790392798604e-05,0.531321406364441,0.0401514768600464,0.0586599856615067,165793.46875,NA,NA
"LV005",0.217035412788391,9.84858894348145,20.384952545166,10.6129951477051,20.1679191589355,2.03986072540283,2.22407793998718,2.59662675857544,2.31647944450378,87.0978088378906,73.3057556152344,76.7990798950195,85.953498840332,0.215162009000778,0.100395634770393,0.0103313466534019,0.00452622026205063,3.66607964679133e-05,0.49876070022583,0.0465041100978851,0.0959030389785767,169361.09375,NA,NA
"LV006",1.60623955726624,10.0027704238892,20.8663845062256,11.6073455810547,19.2601451873779,2.14692807197571,1.86768841743469,2.72044205665588,2.68649125099182,85.7985916137695,74.9005126953125,75.9349060058594,84.4012908935547,0.123715430498123,0.0604585222899914,0.00615279097110033,0.0188302360475063,0,0.519926130771637,0,0.0974891409277916,46514.58984375,NA,NA
"LV007",1.39268100261688,9.71030426025391,20.5610046386719,11.3926429748535,19.1683235168457,2.4435875415802,2.00225234031677,2.8248872756958,2.8573694229126,86.7805633544922,75.5336227416992,77.1839599609375,85.6539764404297,0.147726088762283,0.0779467821121216,0.00700091943144798,0.00769820250570774,0.000145990692544729,0.430096119642258,0.188511654734612,0.0621182955801487,356709.15625,NA,NA
"LV008",0.376575738191605,9.54853916168213,20.1340084075928,10.5882568359375,19.7574348449707,2.34021043777466,2.21865797042847,2.74198770523071,2.65667366981506,87.4737243652344,74.3417129516602,77.926155090332,87.0358963012695,0.144516453146935,0.0788203775882721,0.00524453120306134,0.00564705720171332,0.000199338843231089,0.421162039041519,0.261446505784988,0.0739647969603539,154554.5,NA,NA
"LV009",1.34402120113373,9.97406578063965,20.530237197876,11.2823476791382,19.1862144470215,2.16768860816956,2.09918403625488,2.70037865638733,2.54830360412598,87.0468444824219,74.3082580566406,76.1633987426758,85.3557281494141,0.261621534824371,0.0990804061293602,0.00729036564007401,0.00711839133873582,0.000177368216100149,0.275073379278183,0.245513871312141,0.0964245870709419,306558.15625,NA,NA
"MC",10.3132991790771,15.3109302520752,25.8602828979492,19.0628051757812,15.5469837188721,3.35729837417603,2.20942974090576,1.14026641845703,4.54341268539429,74.9081726074219,72.9834365844727,71.2591171264648,76.4998016357422,0.00383886322379112,0.0285976808518171,0.0103379720821977,0.0705662742257118,0,0,0.55103862285614,0,7593.09375,NA,NA
"MEG125350",1.34117531776428,9.03620624542236,20.6954364776611,11.9073753356934,19.3542613983154,7.53044176101685,4.20190811157227,1.75531673431396,5.49742794036865,82.2800445556641,75.2334365844727,65.2889785766602,74.3728637695312,0.0995618030428886,0.0786940231919289,0.0608190111815929,0.0045142094604671,9.86076131526265e-31,0,0.756410956382751,0,8222.173828125,NA,NA
"MEG125351",9.33450317382812,16.4266586303711,28.1404724121094,19.4109115600586,18.8059673309326,8.07594871520996,3.5998706817627,1.04971873760223,5.84026908874512,74.893669128418,70.1307220458984,61.6393356323242,70.2099380493164,0.183508634567261,0.300004094839096,0.00282312836498022,0.0211236942559481,5.51139460140096e-30,0.000719204603228718,0.20840872824192,0.0209987722337246,72758.4609375,NA,NA
"MEG125352",1.4814019203186,9.26513576507568,20.912281036377,12.0899305343628,19.4308795928955,6.66096067428589,3.80494403839111,1.68792283535004,4.89948654174805,82.0141677856445,74.6259002685547,64.8227081298828,74.0684967041016,0.106563001871109,0.115783296525478,0.0645783022046089,0.00999573431909084,7.58805348441673e-31,0,0.703079640865326,0,28358.681640625,NA,NA
"MEG125353",3.18270468711853,11.2575521469116,22.7422046661377,13.8530445098877,19.5595016479492,4.55563497543335,3.07440185546875,1.91257286071777,3.77850604057312,81.807243347168,73.8818435668945,66.1322326660156,74.0779571533203,0.188920080661774,0.143874451518059,0.0156296696513891,0.00537891918793321,9.14703559191498e-20,0,0.646196901798248,0,28755.68359375,NA,NA
"MEG125355",5.96807956695557,13.3175296783447,24.5601463317871,16.1649074554443,18.5920658111572,9.58603382110596,4.52709150314331,1.42542159557343,6.87447023391724,75.7405242919922,71.8253479003906,65.3802108764648,73.3408508300781,0.158970966935158,0.206476286053658,0.0675287321209908,0.00960114318877459,6.7467216146801e-31,9.2172513177502e-08,0.214920252561569,0.0844568088650703,38564.0859375,NA,NA
"MEG125356",3.61045098304749,10.9588394165039,22.6560726165771,13.9790267944336,19.0456218719482,9.06474304199219,4.52357244491577,1.55439960956573,6.67977285385132,79.8766708374023,73.1487503051758,63.0300216674805,72.9947891235352,0.14610855281353,0.194121897220612,0.120240092277527,0.00421012006700039,8.82023158342889e-31,1.77676540147331e-09,0.50946843624115,0.00162803358398378,11257.384765625,NA,NA
"MEG125357",6.33164358139038,13.6314649581909,24.8022785186768,16.4911842346191,18.4706344604492,9.02105331420898,4.34911441802979,1.41407358646393,6.53914737701416,75.1148071289062,71.8140869140625,65.8241577148438,73.556770324707,0.143188565969467,0.207212939858437,0.0602408088743687,0.0065027754753828,7.09551570904931e-31,0.000164940749527887,0.201764121651649,0.0659429654479027,4580.25048828125,NA,NA
"MEG125358",2.37568545341492,9.86226844787598,21.5647392272949,12.8381042480469,19.1890544891357,8.50801944732666,4.43639516830444,1.65305411815643,6.28973960876465,81.2673721313477,74.1489181518555,63.7423782348633,73.5885620117188,0.1190190538764,0.145092353224754,0.109842203557491,0.00254624336957932,5.87091202543611e-31,0,0.623500168323517,0,11985.3720703125,NA,NA
"MEG125359",4.84569311141968,12.2115325927734,23.4937515258789,15.0992946624756,18.6480579376221,10.0426940917969,4.82768535614014,1.54049491882324,7.17007923126221,76.5754547119141,72.2235641479492,65.4663238525391,73.8587646484375,0.183342084288597,0.199780255556107,0.0962633937597275,0.007614950183779,0,6.44330029331286e-08,0.289226979017258,0.0590393617749214,6636.76318359375,NA,NA
"MEG125360",2.32665371894836,10.0046796798706,21.5924911499023,12.8590631484985,19.2658367156982,6.78669309616089,3.84374523162842,1.73616719245911,5.25764894485474,81.6758346557617,74.1665802001953,64.7653579711914,73.8718338012695,0.128068044781685,0.128340572118759,0.0653282701969147,0.00340685853734612,7.17006681932985e-20,0,0.674856305122375,0,5022.44091796875,NA,NA
"MEG125361",3.49278020858765,10.8368511199951,22.3605041503906,13.8407115936279,18.8677253723145,9.80118465423584,4.89578676223755,1.64398670196533,7.07879495620728,78.6803436279297,72.7200546264648,64.220329284668,73.7508087158203,0.198841348290443,0.200106024742126,0.125044420361519,0.00555056799203157,1.52448028586955e-31,0,0.466509014368057,0,44359.46484375,NA,NA
"MEG125362",1.52797627449036,9.30768871307373,20.958137512207,12.1365985870361,19.4301605224609,6.64573335647583,3.77671575546265,1.6679025888443,4.88528728485107,81.8631896972656,74.45751953125,64.6311264038086,73.9315414428711,0.108390182256699,0.118304215371609,0.0624530501663685,0.0104256775230169,0.00419978424906731,0,0.695950925350189,0,20038.908203125,NA,NA
"MEG125363",2.39118146896362,10.2404937744141,21.6435737609863,12.9764204025269,19.2523937225342,4.3842339515686,2.99041652679443,1.80358469486237,3.92752265930176,82.0140533447266,73.6705017089844,65.5176467895508,73.8996353149414,0.124446511268616,0.111434891819954,0.0120902834460139,0.00365542992949486,5.91714233451057e-05,0,0.748313784599304,0,14084.599609375,NA,NA
"MEG125364",2.30771017074585,9.76451873779297,21.3354949951172,12.7901124954224,19.0277843475342,6.36616659164429,3.8898561000824,1.74296653270721,5.21411895751953,81.8956832885742,72.8521423339844,63.0606079101562,73.0167541503906,0.0862196236848831,0.112662136554718,0.0770905390381813,0.00253050215542316,1.07327926461365e-21,0,0.721392631530762,0,5192.5537109375,NA,NA
"MEG125365",6.37251567840576,13.6113414764404,25.3764228820801,16.6160545349121,19.0039081573486,8.24362087249756,3.94985961914062,1.30152595043182,6.01748466491699,77.7820434570312,71.7826461791992,62.1691513061523,71.483642578125,0.16263672709465,0.241647213697433,0.0476294569671154,0.0139324599877,0.00131565856281668,2.92721336059287e-09,0.404310703277588,0.00268217828124762,117664.609375,NA,NA
"MEG125366",1.94958686828613,10.0294818878174,21.6362800598145,12.699444770813,19.6866931915283,3.75796294212341,2.47957253456116,1.4629100561142,2.90309572219849,81.1264801025391,72.5974655151367,63.2659530639648,73.0523300170898,0.129938438534737,0.239615932106972,0.0771297588944435,0.0282973013818264,0,0,0.525018572807312,0,38257.14453125,NA,NA
"MEG125367",2.59584045410156,10.1449165344238,21.7427597045898,13.0738182067871,19.1469192504883,7.15579032897949,3.94542527198792,1.68294656276703,5.6035795211792,81.3487091064453,73.6604309082031,63.9691047668457,73.5008087158203,0.124166324734688,0.148471161723137,0.0854618847370148,0.00241588661447167,7.70147284799321e-20,0,0.639478027820587,0,4931.08203125,NA,NA
"MEG125369",9.67234802246094,17.1089534759521,28.3171272277832,19.8224258422852,18.6447792053223,6.71555423736572,2.89317870140076,0.899818301200867,4.89305877685547,72.1963806152344,70.3662338256836,64.7550659179688,70.5983810424805,0.118766508996487,0.145704239606857,0.0003820929559879,0.0104803722351789,2.25499350713722e-30,0.0194324813783169,0.0852706804871559,0.0329120829701424,13053.0703125,NA,NA
"MEG125370",2.2273530960083,10.0478410720825,21.4567489624023,12.8056125640869,19.2293949127197,4.50840663909912,3.02531671524048,1.79286730289459,4.03685283660889,82.1061782836914,73.8826065063477,65.6699676513672,74.0548858642578,0.125909417867661,0.11182065308094,0.0129842646420002,0.00367325660772622,2.12053915108472e-19,0,0.745612382888794,0,4735.02783203125,NA,NA
"MK001",5.5766921043396,14.3810348510742,26.3721733093262,16.7885417938232,20.795482635498,1.87099480628967,1.61208808422089,1.08220970630646,1.66844689846039,77.358512878418,62.2861289978027,47.4027786254883,63.4996490478516,0.197692185640335,0.323959738016129,0.150387555360794,0.00991758424788713,0,0.131275579333305,0,0.186767354607582,202445.359375,NA,NA
"MK002",5.41784715652466,14.0107774734497,25.8530445098877,16.4653873443604,20.4351978302002,1.7984721660614,1.67479085922241,1.24281656742096,1.50593411922455,77.5717391967773,64.1472625732422,51.8115539550781,64.9813919067383,0.202334225177765,0.302190482616425,0.0822667852044106,0.00670994585379958,0,0.17046494781971,0,0.236033588647842,116881.78125,NA,NA
"MK003",4.20225143432617,12.1255598068237,24.0021209716797,15.0768003463745,19.7998695373535,3.03520464897156,1.9967235326767,1.13556158542633,2.55597305297852,82.0173645019531,70.0515594482422,57.8808631896973,69.8404769897461,0.10494039952755,0.180297091603279,0.0651818439364433,0.0172071438282728,0.000208722936804406,0.0911531671881676,0.381070911884308,0.103095382452011,271096.25,NA,NA
"MK004",6.11006450653076,14.6684694290161,26.7838439941406,17.1853179931641,20.6737804412842,2.15043067932129,1.65801024436951,1.11026501655579,1.66156482696533,77.7535552978516,63.999813079834,50.2818374633789,65.0861740112305,0.240140989422798,0.277689546346664,0.0477289520204067,0.00814379937946796,0,0.206232696771622,0,0.215211123228073,109102.6328125,NA,NA
"MK005",4.80495262145996,13.2738008499146,25.260684967041,16.0405673980713,20.4557323455811,2.30268478393555,1.69782733917236,1.01087856292725,2.00430417060852,80.393684387207,66.5368499755859,52.0146598815918,66.6384048461914,0.224246457219124,0.203200787305832,0.147114098072052,0.00902222283184528,0,0.199318140745163,0.0211364272981882,0.179058521986008,199093.84375,NA,NA
"MK006",3.153395652771,11.2840738296509,23.0365219116211,13.9944677352905,19.8831272125244,3.21934509277344,2.24283027648926,1.35100591182709,2.65059208869934,81.6950912475586,70.9676742553711,59.2754821777344,70.6035003662109,0.116207852959633,0.312045723199844,0.0392187982797623,0.0273001585155725,0,0.0527186840772629,0.360032737255096,0.0910042300820351,318845.59375,NA,NA
"MK007",4.9054970741272,13.1761493682861,24.7663173675537,15.6174449920654,19.860818862915,1.73457098007202,1.7961163520813,1.30558979511261,1.56012451648712,77.3635864257812,65.3268051147461,53.3241424560547,65.8154373168945,0.238314524292946,0.246153116226196,0.0522152930498123,0.0135273709893227,0,0.0989720076322556,0,0.350817710161209,125526.6015625,NA,NA
"MK008",4.67682027816772,13.3123779296875,25.1002368927002,15.6968383789062,20.4234161376953,2.03198432922363,1.7820999622345,1.26932406425476,1.87651383876801,78.3493423461914,65.4019393920898,52.5954551696777,66.1224670410156,0.196854144334793,0.283019095659256,0.0872266516089439,0.0294163729995489,0,0.135026603937149,0,0.268457144498825,252267.53125,NA,NA
"NL11",5.7607274055481,11.4685182571411,20.178539276123,13.7938117980957,14.4178104400635,3.31975078582764,2.31919574737549,2.36797475814819,3.02197241783142,88.4676284790039,79.7333145141602,78.8290939331055,85.5471878051758,0.26858651638031,0.264420002698898,3.46543926887932e-09,0.0729377940297127,0,1.60258151193915e-09,0,0.271389603614807,507360.84375,NA,NA
"NL12",6.48183012008667,11.5410346984863,20.2097663879395,14.2495212554932,13.7279348373413,3.57676887512207,2.28444027900696,2.35671043395996,3.20058083534241,86.8545913696289,80.5465240478516,79.457633972168,84.3071746826172,0.180302947759628,0.281590312719345,0.00231383321806788,0.0683559402823448,0,1.58249510717745e-10,0.0736730843782425,0.0909032076597214,573299.625,NA,NA
"NL13",6.01413249969482,11.6404790878296,20.4581432342529,13.9631748199463,14.4440116882324,3.29119181632996,2.3821496963501,2.36810302734375,2.87035584449768,88.8120269775391,78.8128204345703,77.2798461914062,85.289176940918,0.301626056432724,0.265937387943268,2.29929519868222e-09,0.0742627680301666,0,8.43399794447919e-10,0.102027773857117,0.226871117949486,490100.21875,NA,NA
"NL21",6.39116811752319,11.9121150970459,20.7671928405762,14.2475357055664,14.3760251998901,3.18895053863525,2.416184425354,2.37106966972351,2.73198366165161,88.6574096679688,78.0992889404297,75.788459777832,84.5455627441406,0.276559948921204,0.259755879640579,4.01554078877098e-09,0.0967312678694725,0,4.75968597868359e-10,0.0861968398094177,0.268621832132339,919843.1875,NA,NA
"NL22",6.57680034637451,12.1246004104614,21.0981884002686,14.4454746246338,14.521388053894,3.30746245384216,2.40649890899658,2.30302381515503,2.72776436805725,88.5132293701172,77.6691055297852,75.0083312988281,84.0882949829102,0.254945755004883,0.172842368483543,1.8695449632844e-09,0.152487188577652,0,1.05719308307606e-10,0.00230644689872861,0.41245448589325,2122777.75,NA,NA
"NL23",6.67628908157349,11.784273147583,20.5615386962891,14.5338973999023,13.8852519989014,3.68973398208618,2.41611433029175,2.44433927536011,3.12366700172424,87.2434921264648,79.7947616577148,78.2863082885742,84.0432586669922,0.232490882277489,0.17363540828228,2.49782616812411e-09,0.139874339103699,0,6.10499012454468e-11,0.0507866069674492,0.150270596146584,937800.375,NA,NA
"NL31",6.62091112136841,12.0391139984131,20.841739654541,14.4809303283691,14.2208271026611,3.60049653053284,2.31128430366516,2.29457187652588,3.09967851638794,87.8716735839844,78.9490356445312,77.3338928222656,84.48095703125,0.313540548086166,0.114368557929993,1.6677673686516e-09,0.247496470808983,0,1.29150935280521e-13,0.119592525064945,0.119760654866695,1539582.5,NA,NA
"NL32",6.91062116622925,11.7445125579834,20.4046268463135,14.8356103897095,13.4940042495728,3.96293759346008,2.33473372459412,2.35913634300232,3.52002191543579,85.7614898681641,80.5754928588867,79.8747940063477,83.2686004638672,0.304334938526154,0.0999493822455406,0.000304160290397704,0.138665795326233,0,1.85984935134956e-13,0.0339674763381481,0.0541688539087772,2268726.75,NA,NA
"NL33",6.98385095596313,12.160608291626,20.9415073394775,14.7250747680664,13.9576559066772,3.40837454795837,2.13770699501038,2.23574924468994,3.13478517532349,87.1316757202148,78.717170715332,77.1021423339844,83.9975738525391,0.193052679300308,0.12339573353529,1.23989263300928e-09,0.194935142993927,0,1.13143314162123e-10,0,0.314572036266327,2917786,NA,NA
"NL34",7.23773097991943,12.4741945266724,21.4664859771729,15.2130632400513,14.2287549972534,3.1692271232605,2.01904606819153,2.15533471107483,2.94600439071655,87.075080871582,78.2714157104492,76.1316146850586,83.6924133300781,0.177632480859756,0.131047770380974,2.01630445673118e-09,0.123160503804684,0,1.48756618134627e-10,0,0.314819663763046,864638.75,NA,NA
"NL41",6.79716491699219,12.3401803970337,21.4067935943604,14.6690998077393,14.6096277236938,3.23029279708862,2.23416066169739,2.16950583457947,2.68550848960876,87.8992156982422,77.0922241210938,74.1701354980469,83.4553527832031,0.207078546285629,0.149502873420715,9.7097030415938e-10,0.149744421243668,0,4.68718779067512e-11,0,0.476343035697937,3102187.5,NA,NA
"NL42",6.60970640182495,12.5373477935791,21.8244380950928,14.873363494873,15.2147302627563,3.10908722877502,2.34628582000732,2.22212243080139,2.45660710334778,87.3842926025391,76.0909805297852,72.2004928588867,82.2243041992188,0.194333747029305,0.131840392947197,6.14593376191408e-10,0.143901437520981,0,3.81381350111898e-11,0,0.52992445230484,1121823.25,NA,NA
"NO011",-0.383101165294647,9.00078201293945,18.8487815856934,9.67300987243652,19.2318840026855,3.50513529777527,2.41055822372437,3.33723878860474,4.32005214691162,87.7639007568359,70.8650817871094,72.7684478759766,85.5372467041016,0.0589580908417702,0.0241053253412247,0.000111086876131594,0.126972168684006,0.0809451192617416,0,0.594484269618988,0,309531.78125,NA,NA
"NO012",-0.362614184617996,9.07300853729248,18.8792743682861,9.61828327178955,19.2418880462646,3.23251128196716,2.19574761390686,3.19826579093933,3.96179556846619,88.0524673461914,70.4108963012695,72.7903671264648,85.9007110595703,0.102224066853523,0.0463248826563358,0.000700860808137804,0.0646425932645798,0.0685145556926727,0,0.644324839115143,0,1191667.625,NA,NA
"NO021",-3.52377414703369,6.29207754135132,16.0321464538574,6.80414009094238,19.5559196472168,2.12562823295593,1.94227659702301,3.37250781059265,2.91795444488525,87.8011322021484,70.7827835083008,73.7208938598633,85.4170379638672,0.0352370403707027,0.00733197340741754,0.000747322628740221,0.0102463290095329,0.131743758916855,0,0.784976840019226,0,198035.0625,NA,NA
"NO022",-4.34912633895874,4.91937160491943,14.7660722732544,5.9470944404602,19.115198135376,2.18342041969299,1.96407914161682,3.10532927513123,2.98767781257629,85.804557800293,72.2680587768555,73.1663818359375,84.4642486572266,0.0259498544037342,0.00667947856709361,0.0010652169585228,0.00726820435374975,0.283501654863358,0,0.632876336574554,0,190723.609375,NA,NA
"NO031",1.41199362277985,9.73963642120361,19.5042896270752,10.6155080795288,18.0922946929932,3.61164975166321,2.15701699256897,2.97846531867981,4.10250186920166,87.4767837524414,71.7949295043945,73.6296463012695,85.5957565307617,0.0789450258016586,0.0267285220324993,0.00166458485182375,0.0599823668599129,0.0376777648925781,0,0.586574375629425,0,445400.4375,NA,NA
"NO032",-2.07640647888184,7.31261539459229,17.0872173309326,8.17117977142334,19.1636238098145,2.36625528335571,2.12415814399719,3.30152797698975,3.41252708435059,86.3271942138672,71.8830184936523,72.0295486450195,84.0543899536133,0.0250031389296055,0.00541582517325878,0.000423910940298811,0.0138075323775411,0.159521445631981,0,0.760411620140076,0,431236.125,NA,NA
"NO033",1.3569221496582,9.86336040496826,19.4927730560303,10.977367401123,18.1358509063721,4.64712285995483,2.92846202850342,3.46399712562561,5.34107971191406,85.5670700073242,71.9225540161133,73.8578872680664,84.3941955566406,0.132790818810463,0.0267294645309448,2.18738332478097e-05,0.0718426406383514,0.0622483901679516,0.000871603842824697,0.530201554298401,0.000161848991410807,319678.3125,NA,NA
"NO034",-1.96866464614868,6.21417236328125,16.0880184173584,7.8481273651123,18.0566825866699,3.34431910514832,2.66627049446106,3.49548673629761,4.51725006103516,86.8859405517578,73.4829025268555,73.9472961425781,85.0162582397461,0.0175311621278524,0.00210757809691131,7.89956538937986e-05,0.0107110980898142,0.166337326169014,0.000585258705541492,0.761480510234833,0.000108677275420632,127084.4140625,NA,NA
"NO041",0.373057544231415,7.63661241531372,17.0466690063477,9.52174949645996,16.6736125946045,5.87585592269897,3.60793280601501,3.74878478050232,6.4028787612915,86.981201171875,75.4700088500977,75.5505218505859,86.0979080200195,0.0117055894806981,5.47636118426453e-05,2.56664719699984e-07,0.0105559239163995,0.199746429920197,0.00899350736290216,0.669663667678833,0.00151778222061694,100139.1875,NA,NA
"NO042",1.83438241481781,8.1088457107544,17.1606044769287,10.3245506286621,15.3262224197388,9.76526069641113,4.95326852798462,4.23685359954834,8.90699291229248,87.6744689941406,78.1106033325195,78.5212707519531,87.3662872314453,0.0198179334402084,0.000364849664038047,5.27117672427524e-12,0.00998710095882416,0.166455760598183,0.000968201376963407,0.69223028421402,1.31904216686962e-05,162859.875,NA,NA
"NO043",2.53385972976685,8.03954696655273,16.6229457855225,10.3587942123413,14.0890855789185,8.55952167510986,4.7879319190979,4.50723505020142,9.50972175598145,86.4335021972656,79.2984390258789,81.5019760131836,86.671760559082,0.0564752854406834,0.0113686984404922,0.000348669389495626,0.0217015985399485,0.204042866826057,0.0433502718806267,0.453707814216614,0.00252415565773845,421152.90625,NA,NA
"NO051",1.56536149978638,7.86678314208984,16.2029895782471,9.62482261657715,14.6376285552979,8.33536052703857,5.76048898696899,4.79143142700195,9.9145917892456,85.8752975463867,77.7422790527344,79.251091003418,86.0562973022461,0.0208399351686239,0.00131962809246033,0.000551737437490374,0.0157839190214872,0.300823956727982,0.00181401439476758,0.481031864881516,0.000374284747522324,441618.6875,NA,NA
"NO052",0.837584257125854,7.08661556243896,15.5894498825073,8.98066139221191,14.7518653869629,7.36079502105713,5.33137559890747,4.23636341094971,8.5935115814209,84.0622634887695,76.2932357788086,78.0153198242188,84.8677215576172,0.0227314922958612,0.000318511680234224,0.000233429571380839,0.00838583335280418,0.376656085252762,0.00673665618523955,0.392138838768005,0.00023114649229683,109104.1875,NA,NA
"NO053",-0.419417977333069,5.54755258560181,14.5082740783691,7.59097003936768,14.9276914596558,6.01563405990601,4.5316801071167,3.61354780197144,6.66080141067505,80.7236328125,75.5302047729492,80.7646102905273,82.4793548583984,0.0274156499654055,0.000680290278978646,0.000833474739920348,0.0106568560004234,0.322154849767685,0.0213623382151127,0.415730595588684,0.00102397031150758,178667.578125,NA,NA
"NO061",-0.624438941478729,6.38315629959106,15.0216960906982,7.73188304901123,15.6461353302002,3.99491024017334,3.45202493667603,3.45553779602051,4.34499931335449,84.0455551147461,74.327522277832,79.0175857543945,84.3487701416016,0.0377363488078117,0.00481801247224212,0.00102017144672573,0.0103396587073803,0.184745877981186,0.00378224370069802,0.643802106380463,0.000145633210195228,374863.96875,NA,NA
"NO062",-0.51944237947464,6.3256950378418,15.1390752792358,8.14305400848389,15.6585159301758,5.02395391464233,4.22661113739014,3.45114898681641,5.23518371582031,86.7147064208984,76.2935943603516,79.0742492675781,87.1069793701172,0.0233197771012783,0.00706493388861418,0.000826803036034107,0.00444740476086736,0.134722366929054,0.00395825179293752,0.724449574947357,9.00259183254093e-05,106301.3828125,NA,NA
"NO071",-2.93474292755127,3.57437682151794,14.2236557006836,6.47595834732056,17.1583995819092,4.94217300415039,4.10841846466064,3.38328838348389,6.19990682601929,82.4489822387695,76.8182525634766,77.8908462524414,84.3794937133789,0.00732063734903932,0.00049788603791967,0.000909771595615894,0.00418641231954098,0.268616020679474,0.023696418851614,0.480274945497513,0.00029165277373977,151557.015625,NA,NA
"NO072",-5.35396528244019,1.37219214439392,13.3313255310059,5.08281517028809,18.6852912902832,2.79640197753906,2.49677181243896,2.4129855632782,3.84574961662292,82.174674987793,75.8249893188477,78.0903778076172,84.9744567871094,0.00926237646490335,0.000310525472741574,0.00094732636353001,0.00373084237799048,0.368739068508148,0.0109325675293803,0.421233385801315,3.56663003913127e-05,135722.90625,NA,NA
"NO073",-7.78568983078003,2.20688319206238,14.7670993804932,4.71735525131226,22.5527896881104,1.74000120162964,1.76831114292145,2.32073760032654,2.46234393119812,85.4530410766602,75.7262496948242,75.7559967041016,87.1286544799805,0.00226287846453488,8.05904783192091e-05,0.000174169414094649,0.00101892242673784,0.533256351947784,0.043571550399065,0.268622279167175,4.83623553009238e-05,50025.5234375,NA,NA
"PL213",3.39165210723877,11.8492889404297,21.7138271331787,13.1823930740356,18.3221740722656,1.96147263050079,2.72029304504395,2.56999373435974,1.83668041229248,85.6070861816406,74.6306457519531,72.4399032592773,79.7473297119141,0.270555108785629,0.1072738468647,7.08001324234431e-10,0.0689157843589783,0,0,0.049615990370512,0.503639340400696,92014.171875,NA,NA
"PL214",3.00825357437134,11.5431890487671,21.3298301696777,12.8577070236206,18.3215770721436,2.04462671279907,2.93413972854614,2.80741262435913,1.97730886936188,85.1253890991211,74.6645050048828,73.5807342529297,80.1886901855469,0.242484241724014,0.109908692538738,6.9211292252902e-10,0.0565612241625786,0,0,0.106478497385979,0.48453426361084,893030.125,NA,NA
"PL217",3.17508602142334,11.9233169555664,21.7363681793213,13.1319437026978,18.5612812042236,1.81472671031952,2.78942513465881,2.87667870521545,1.86347103118896,84.5847778320312,73.9095306396484,72.3907470703125,78.9886016845703,0.254887193441391,0.129171162843704,1.76272962892909e-09,0.0369902551174164,0,0,0,0.578543782234192,373031.46875,NA,NA
"PL218",2.30486059188843,11.0539245605469,20.694881439209,12.2992858886719,18.3900203704834,2.04302835464478,3.17563199996948,3.24481654167175,2.12958407402039,84.6713562011719,74.3501739501953,75.1959381103516,80.6535263061523,0.192568436264992,0.118279926478863,0.000448763079475611,0.0363902971148491,0,0,0.143689513206482,0.508526802062988,475748.625,NA,NA
"PL219",1.11217665672302,9.4693775177002,19.109203338623,11.0157432556152,17.9970264434814,3.72616577148438,4.40329360961914,3.93111038208008,3.16771006584167,86.1015930175781,76.1870269775391,77.3774948120117,82.8069610595703,0.154985353350639,0.0963369533419609,7.246968743857e-05,0.0420610308647156,0,0,0.628355264663696,0.075617603957653,377395.25,NA,NA
"PL21A",3.00202918052673,11.3379211425781,21.1453037261963,12.7859268188477,18.1432723999023,2.82467770576477,3.34515070915222,2.96830105781555,2.36003851890564,86.0161972045898,75.3162231445312,74.1097412109375,80.6239395141602,0.189211323857307,0.0697859525680542,7.77539310714559e-10,0.0940492153167725,0,0,0.114192917943001,0.532760560512543,705484.1875,NA,NA
"PL224",3.69005131721497,11.6896209716797,21.9422721862793,13.3398971557617,18.2522201538086,2.42730402946472,2.7425320148468,2.35009956359863,1.93105328083038,87.0652923583984,75.144905090332,69.1840057373047,79.7006149291992,0.27241051197052,0.0859353169798851,8.50770232041498e-10,0.0385310053825378,0,0,0,0.603123188018799,397905.625,NA,NA
"PL225",2.34024715423584,10.6089468002319,20.442834854126,12.2466335296631,18.1025867462158,3.91239166259766,4.11456108093262,3.55783009529114,3.10182213783264,86.2421188354492,75.8464813232422,75.6617279052734,81.2323989868164,0.184588611125946,0.0701479986310005,0.000111881643533707,0.0606742538511753,0,0,0.0571187436580658,0.623591482639313,583847.8125,NA,NA
"PL227",3.90468621253967,11.9737424850464,21.9791831970215,13.6288251876831,18.0744972229004,2.38833832740784,2.87579989433289,2.68570446968079,2.1487500667572,85.0425415039062,74.0030212402344,71.2066421508789,78.5280075073242,0.322973608970642,0.0746703594923019,4.64907825517002e-05,0.0993518978357315,0,1.91347656578085e-14,0,0.501445591449738,488541.6875,NA,NA
"PL228",3.83204913139343,11.8048429489136,21.9715538024902,13.4591646194458,18.1395053863525,2.51853895187378,2.74287843704224,2.40458607673645,2.00969123840332,86.695671081543,74.856086730957,69.8806991577148,79.5372467041016,0.222762301564217,0.060030609369278,1.541751865064e-10,0.0880041718482971,0,0,0,0.628446698188782,455070.65625,NA,NA
"PL229",4.04177236557007,12.0839776992798,22.0669460296631,13.6940336227417,18.0251731872559,2.38921070098877,2.78340721130371,2.5473895072937,2.064608335495,85.4861831665039,74.1196060180664,71.1277847290039,78.7130737304688,0.242016211152077,0.048998799175024,1.03206151957913e-10,0.171710178256035,0,9.14756704222365e-15,0,0.53531950712204,472707.0625,NA,NA
"PL22A",3.92061448097229,12.0564279556274,21.9550628662109,13.5654392242432,18.0344486236572,2.47698259353638,2.8472900390625,2.57308650016785,2.06587791442871,85.9360504150391,74.5343246459961,71.986328125,79.208251953125,0.163031116127968,0.0310544613748789,7.32826022087352e-11,0.194190964102745,0,0,0,0.61040872335434,250631.953125,NA,NA
"PL22B",3.69385981559753,11.8842277526855,21.8818416595459,13.36705493927,18.1879806518555,2.36120891571045,2.81195783615112,2.48886489868164,1.95685386657715,86.415168762207,74.9528350830078,71.3172378540039,79.6125869750977,0.201676279306412,0.0662092566490173,5.0150245067826e-10,0.103096909821033,0,0,0,0.6290083527565,662609.5,NA,NA
"PL22C",3.53264665603638,11.6558256149292,21.5660667419434,13.2483072280884,18.0334186553955,2.90025663375854,3.20588088035583,2.86739730834961,2.38450312614441,85.8898696899414,74.7541046142578,72.7973480224609,79.5017471313477,0.18045899271965,0.045069482177496,6.44710526103154e-05,0.162540569901466,0,0,0,0.608334600925446,522430,NA,NA
"PL411",4.07349586486816,11.4666147232056,21.7664012908936,13.257550239563,17.6929035186768,1.9930408000946,2.02205157279968,2.04597616195679,1.87007033824921,88.4405136108398,76.1052322387695,71.015510559082,83.482536315918,0.370998412370682,0.0937825366854668,0.000336264260113239,0.0137962251901627,0,1.95074042504259e-14,0,0.516204118728638,369341.25,NA,NA
"PL414",4.04880475997925,11.8022193908691,22.2141857147217,13.4224338531494,18.1653804779053,1.78259754180908,1.86810195446014,2.01584553718567,1.6938670873642,87.1973724365234,75.0961074829102,68.9748916625977,81.3476867675781,0.511407792568207,0.131382033228874,1.19506637918931e-09,0.0207108929753304,0,0,0,0.329408138990402,546150.375,NA,NA
"PL415",4.16685199737549,12.062370300293,22.6025161743164,13.5420560836792,18.4356632232666,1.88963270187378,1.90581154823303,1.88588798046112,1.70173704624176,86.9195175170898,74.9319305419922,67.4982986450195,81.0449676513672,0.465265333652496,0.104122579097748,4.32356067614492e-10,0.0884403213858604,0,0,0,0.338468730449677,90154.8515625,NA,NA
"PL416",4.01973295211792,11.884428024292,22.2854137420654,13.5061540603638,18.2656803131104,2.03794479370117,2.07824468612671,2.09906649589539,1.76964378356934,86.796501159668,74.5479202270508,67.58935546875,80.3417816162109,0.481601983308792,0.121279582381248,1.4015589799854e-09,0.0247680135071278,0,2.45276601085849e-15,0,0.369560331106186,529790.4375,NA,NA
"PL417",4.29896831512451,12.1689586639404,22.6426410675049,13.7503032684326,18.3436737060547,1.98802256584167,1.98454904556274,1.93746256828308,1.71953082084656,86.8156204223633,74.6010208129883,66.8918685913086,80.5473937988281,0.421259999275208,0.106230065226555,3.23532658512704e-05,0.0268404800444841,0,4.35115471756307e-14,0,0.441112756729126,634442.8125,NA,NA
"PL418",4.19884538650513,11.9665946960449,22.42160987854,13.5252904891968,18.2227649688721,1.92294883728027,1.92198300361633,1.92547571659088,1.73090004920959,87.2354125976562,74.9675064086914,68.2042388916016,81.5590591430664,0.454755812883377,0.10276136547327,4.78469009976834e-05,0.0387854613363743,0,5.40676588583707e-15,0,0.400515913963318,805054.375,NA,NA
"PL424",4.53562450408936,11.8480062484741,22.077486038208,13.7629413604736,17.541862487793,1.9870445728302,1.9455589056015,1.97470164299011,1.77320897579193,87.9092330932617,76.6934585571289,71.7020874023438,82.5876541137695,0.332498788833618,0.0990917086601257,1.28881394445557e-09,0.0495082475244999,0,9.91275119578477e-15,0,0.47890716791153,55360.53125,NA,NA
"PL426",4.12729692459106,11.0765562057495,21.0934906005859,13.1661319732666,16.9661922454834,2.48341202735901,2.0950448513031,2.4885528087616,2.66786503791809,87.105224609375,77.5203323364258,76.1869354248047,84.6851043701172,0.232718974351883,0.0671386048197746,0.000273057783488184,0.028218187391758,0,1.39144855102542e-14,0,0.47891429066658,232171.28125,NA,NA
"PL427",4.16861486434937,11.2735118865967,21.4790363311768,13.3015365600586,17.3104209899902,2.34479713439941,2.22969150543213,2.22853827476501,2.16547846794128,88.8807983398438,76.9315032958984,72.9173355102539,84.0662307739258,0.269232392311096,0.0732342526316643,0.00184642698150128,0.0152299450710416,0,1.67843847544494e-14,0,0.627984464168549,493045.5,NA,NA
"PL428",4.48887300491333,11.6975421905518,21.9259357452393,13.6902589797974,17.4370632171631,2.09942436218262,1.97200727462769,2.06127977371216,1.95842552185059,87.5894622802734,76.7911224365234,72.0373001098633,82.6160049438477,0.317366123199463,0.102243140339851,0.000139181865961291,0.0235000550746918,0,6.12777312073744e-14,0,0.472148239612579,557573.75,NA,NA
"PL431",4.47350645065308,12.1409139633179,22.5070495605469,13.8956184387207,18.0335426330566,1.98159921169281,2.01447057723999,1.88595986366272,1.71756899356842,87.0663757324219,74.4253463745117,67.6486129760742,80.8525543212891,0.215116515755653,0.0728031098842621,0.000801419839262962,0.0177479740232229,0,1.38571947428008e-14,0,0.687909364700317,360301.8125,NA,NA
"PL432",4.50827360153198,12.3639993667603,22.735050201416,14.0935974121094,18.2267761230469,2.09569621086121,2.07072901725769,1.95805823802948,1.80176866054535,86.1126327514648,73.5843505859375,65.8076477050781,79.3808364868164,0.230770081281662,0.0578194819390774,0.000207947014132515,0.0284145530313253,0,3.57454680004893e-15,0,0.679057419300079,626101.75,NA,NA
"PL514",4.26850032806396,12.2592468261719,22.6279716491699,13.8783798217773,18.3594703674316,1.9671413898468,2.10186719894409,2.18343472480774,1.69461262226105,85.638427734375,74.0974731445312,68.052848815918,79.4554824829102,0.381855249404907,0.0899698138237,8.59650184370508e-10,0.0513579249382019,0,0,0,0.476651787757874,67468.4296875,NA,NA
"PL515",3.88866424560547,11.6946725845337,21.7489967346191,13.4321050643921,17.8603324890137,3.43324208259583,3.13067770004272,2.80792999267578,2.70225143432617,86.8795166015625,76.1631317138672,71.3321533203125,81.5869369506836,0.283786594867706,0.086909830570221,0.00020394308376126,0.0348251834511757,0,2.79554033933804e-15,0,0.593780815601349,525796.6875,NA,NA
"PL516",4.38327264785767,12.3446531295776,22.6545658111572,13.9599943161011,18.2712936401367,2.01405572891235,2.12294673919678,2.17792224884033,1.75836372375488,85.9216384887695,74.5021133422852,67.5260314941406,79.7674407958984,0.391190499067307,0.0962860286235809,5.676929049514e-06,0.0345375016331673,0,0,0,0.475593209266663,356427,NA,NA
"PL517",2.86586546897888,10.6653995513916,20.7705955505371,12.4660272598267,17.9047298431396,2.66661620140076,2.86742877960205,2.82035803794861,2.19061708450317,87.063232421875,76.6617126464844,73.2837600708008,82.0739212036133,0.350557029247284,0.112009115517139,0.00194922054652125,0.0332078598439693,0,1.85412992230948e-15,0.0342586785554886,0.467990577220917,447565.6875,NA,NA
"PL518",4.09831142425537,12.0655374526978,22.4066925048828,13.7089920043945,18.3083820343018,1.94936490058899,2.15945076942444,2.25414967536926,1.7257239818573,85.5142211914062,74.2942581176758,68.5337524414062,79.5735015869141,0.420902192592621,0.101877704262733,1.11458886564719e-09,0.03997952491045,0,8.5363489145179e-15,0,0.436447083950043,1100913.75,NA,NA
"PL523",3.60373902320862,11.5581960678101,21.7567825317383,13.2914419174194,18.1530437469482,2.36991238594055,2.72983407974243,2.6124575138092,2.05029129981995,85.3230133056641,74.723503112793,70.412109375,79.4731597900391,0.449108004570007,0.110205262899399,0.000274094025371596,0.0242470055818558,0,1.31926719846914e-14,0,0.414664089679718,327792.625,NA,NA
"PL524",4.0167965888977,12.0175609588623,22.2793521881104,13.7006940841675,18.2625541687012,2.17788624763489,2.4747998714447,2.34586763381958,1.8877831697464,85.6907196044922,74.2576599121094,68.6794662475586,78.9515838623047,0.359730005264282,0.0838507041335106,7.58429985481257e-10,0.0349990800023079,0,6.30188531702347e-15,0,0.518303692340851,500272.65625,NA,NA
"PL613",3.99664926528931,11.4632816314697,21.633264541626,13.1778812408447,17.6366157531738,1.69175910949707,1.79676973819733,2.17580318450928,1.78386437892914,88.314338684082,76.3027572631836,72.5797729492188,83.3578491210938,0.456837922334671,0.111704669892788,8.70229666105615e-10,0.041574414819479,0,0,0,0.38090193271637,443047.40625,NA,NA
"PL616",3.87975883483887,11.523232460022,21.6650371551514,13.141209602356,17.7852783203125,1.75855469703674,1.8318600654602,2.27137279510498,1.81990718841553,88.7212524414062,76.5787506103516,74.0426254272461,83.4796142578125,0.478728860616684,0.121044375002384,3.00802075798856e-05,0.0305182002484798,0,0,0,0.360794007778168,457297.1875,NA,NA
"PL617",4.01519966125488,11.566258430481,21.8196182250977,13.2429819107056,17.8044204711914,1.68948662281036,1.75488471984863,2.02783513069153,1.72014701366425,87.9492416381836,75.9241714477539,71.1531066894531,82.8539123535156,0.50611424446106,0.122098803520203,1.52665380337424e-09,0.0235000550746918,0,0,0,0.338072270154953,373167.40625,NA,NA
"PL618",3.96391296386719,11.0656499862671,21.2150840759277,13.0101947784424,17.2511711120605,1.9665162563324,2.00126814842224,2.30935978889465,2.02294635772705,89.308219909668,77.3352508544922,74.3138427734375,84.5549087524414,0.334425956010818,0.0866730064153671,0.000112522924609948,0.0266793742775917,0,3.46700665003257e-15,0,0.542633891105652,324515.65625,NA,NA
"PL619",3.95652151107788,11.7437877655029,21.9712677001953,13.280517578125,18.0147457122803,1.73260033130646,1.8218902349472,2.15275692939758,1.69150829315186,87.5330810546875,75.5100708007812,71.5441055297852,82.201774597168,0.461341828107834,0.116863057017326,1.60446300689898e-09,0.0233335252851248,0,0,0,0.380695074796677,309630.5625,NA,NA
"PL621",3.41375803947449,11.2574062347412,21.4428119659424,12.8179817199707,18.0290565490723,2.06470894813538,2.0519015789032,2.49456000328064,2.32306122779846,88.5904846191406,76.9399642944336,75.7260284423828,84.2033767700195,0.303383946418762,0.106750383973122,0.000348057510564104,0.0200688559561968,0,0.00881964713335037,0,0.493503242731094,424104.34375,NA,NA
"PL622",2.81314015388489,10.7476263046265,21.1363086700439,12.3715105056763,18.323169708252,2.11860609054565,2.22777318954468,2.61117577552795,2.27039241790771,88.8507385253906,76.5751342773438,75.5789489746094,84.359375,0.26971235871315,0.114900015294552,0.000213043691474013,0.015915909782052,1.08969570646877e-05,0.0071208979934454,0.338927656412125,0.231076598167419,519746.6875,NA,NA
"PL623",2.43727397918701,10.6693553924561,21.0387916564941,12.1173791885376,18.6015186309814,1.96711564064026,2.25341129302979,2.56447100639343,2.09190630912781,88.7214965820312,76.1996307373047,75.7041168212891,84.2539901733398,0.272714525461197,0.116028875112534,0.00116063980385661,0.0117924343794584,1.18384496090584e-05,0.0164396353065968,0.0846541970968246,0.442839980125427,253452.5,NA,NA
"PL633",3.7655873298645,10.9530096054077,21.1741523742676,12.9939136505127,17.4085636138916,1.94478058815002,1.79715621471405,2.25841474533081,2.39893364906311,87.6741638183594,77.952766418457,76.0736846923828,84.0096054077148,0.293354600667953,0.0857316702604294,9.56951518027438e-10,0.0735914558172226,0,0,0,0.313008010387421,120898.3828125,NA,NA
"PL634",3.76629972457886,10.6753435134888,20.8947811126709,12.9008693695068,17.1284809112549,2.38487362861633,1.9450546503067,2.40115857124329,2.62935590744019,87.6725463867188,78.3799133300781,76.962158203125,84.4450073242188,0.258134990930557,0.0739347189664841,0.00032407816615887,0.0379221253097057,0,1.66322715813294e-05,0,0.412064880132675,627182.875,NA,NA
"PL636",3.95694828033447,10.554633140564,20.7244071960449,12.970027923584,16.7674598693848,2.88409757614136,2.21351218223572,2.60565876960754,2.95436334609985,88.2403564453125,78.3911514282227,76.9062576293945,85.0242385864258,0.23299503326416,0.0609761998057365,5.72402932448313e-05,0.01233518589288,0,0,0,0.58859258890152,236972.359375,NA,NA
"PL637",3.812087059021,10.5231456756592,20.7177295684814,12.78382396698,16.9056434631348,2.56147241592407,2.33780598640442,2.45990371704102,2.43812537193298,90.273796081543,78.3332901000977,76.0030059814453,85.9183349609375,0.262329012155533,0.0700166374444962,0.000231495607295074,0.0124903423711658,0,8.40325610982349e-16,0,0.640867233276367,215971.53125,NA,NA
"PL638",3.87927603721619,11.1576681137085,21.267261505127,12.979320526123,17.3879852294922,1.82314121723175,1.89405405521393,2.33957052230835,2.12707781791687,88.7444686889648,77.5499267578125,75.5958251953125,84.1264190673828,0.338562846183777,0.0980141535401344,0.000426939688622952,0.0298205390572548,0,3.08482178434141e-15,0,0.473101437091827,449935.1875,NA,NA
"PL711",3.7430911064148,11.6865577697754,22.0107002258301,13.2380361557007,18.2676086425781,2.12854528427124,2.21273016929626,2.2155282497406,1.70961785316467,87.3526611328125,75.7593383789062,70.2602157592773,81.0670318603516,0.385777860879898,0.104195713996887,1.10025599742158e-09,0.0912075489759445,0,0,0,0.418818861246109,82670.984375,NA,NA
"PL712",3.73375725746155,11.687689781189,22.0159206390381,13.2319355010986,18.2821636199951,2.12461805343628,2.21153020858765,2.22203731536865,1.70428442955017,87.341667175293,75.772819519043,70.3776626586914,81.0989379882812,0.392098039388657,0.10669968277216,1.00886421439128e-09,0.0829774215817451,0,0,0,0.417969584465027,573066.5,NA,NA
"PL713",3.68267893791199,11.7669658660889,22.0900058746338,13.2829246520996,18.4073276519775,2.2206723690033,2.45050048828125,2.29272818565369,1.77226901054382,87.1327896118164,75.5365600585938,69.8346786499023,80.4527435302734,0.334703683853149,0.106402210891247,5.6846394258514e-10,0.0329369157552719,0,0,0,0.52595716714859,518837.5625,NA,NA
"PL714",3.94904589653015,11.8815288543701,22.2411308288574,13.5097236633301,18.292085647583,2.1545147895813,2.2317681312561,2.16975808143616,1.80219852924347,86.9259262084961,74.9485244750977,68.3228073120117,80.2432250976562,0.411015301942825,0.119097866117954,1.49771495205897e-09,0.0367275066673756,0,0,0,0.433117359876633,606886.375,NA,NA
"PL715",3.76855969429016,11.7988805770874,22.1466445922852,13.2505159378052,18.3780841827393,1.90665686130524,2.05852603912354,2.22297763824463,1.61203825473785,86.8898315429688,75.3538818359375,70.8749542236328,81.1055526733398,0.424678385257721,0.130903646349907,0.000141317024827003,0.0226800106465816,0,0,0,0.417346298694611,317179.15625,NA,NA
"PL721",3.33227062225342,11.6967124938965,21.9945259094238,13.0960493087769,18.6622562408447,2.10866403579712,2.54531764984131,2.30439901351929,1.77129149436951,86.8280868530273,75.5232238769531,70.3717651367188,80.0781631469727,0.26387631893158,0.0992866531014442,1.14354137270567e-09,0.0369728207588196,0,0,0,0.599613547325134,550414.8125,NA,NA
"PL722",3.48585653305054,11.9234237670898,22.1085224151611,13.2946453094482,18.6226673126221,1.91349351406097,2.52934432029724,2.32717728614807,1.72490870952606,85.97900390625,74.7564849853516,69.9963684082031,79.1125335693359,0.294519931077957,0.118940077722073,1.52539525455353e-09,0.0315857604146004,0,0,0,0.553907334804535,654513.3125,NA,NA
"PL811",2.87248682975769,11.544732093811,22.1344528198242,12.7490606307983,19.2619647979736,1.92031562328339,2.42992758750916,2.26838731765747,1.68437814712524,86.8633651733398,75.443115234375,70.3058166503906,80.5032806396484,0.358318328857422,0.126905128359795,0.00232258392497897,0.011701169423759,0,0.0387051738798618,0,0.459197074174881,253804.234375,NA,NA
"PL812",2.95482921600342,11.6295537948608,22.0689239501953,12.9812612533569,19.1140956878662,1.87947189807892,2.64274597167969,2.44834136962891,1.76817393302917,85.75,75.088264465332,71.3203277587891,79.0818710327148,0.385842561721802,0.11812999099493,0.000952235248405486,0.0161840878427029,0,0.0377228632569313,0,0.440099775791168,519813.78125,NA,NA
"PL814",3.06277179718018,11.5372734069824,22.0030155181885,12.8843545913696,18.940242767334,2.13629412651062,2.71683359146118,2.25444912910461,1.77546298503876,86.4316635131836,75.2716751098633,70.6653671264648,79.9343795776367,0.42167067527771,0.126361444592476,0.000185127748409286,0.0450262576341629,0,0,0,0.405139356851578,623112.5,NA,NA
"PL815",3.23640131950378,11.6709098815918,22.0918979644775,12.9987945556641,18.8554954528809,2.06587243080139,2.58955264091492,2.20975732803345,1.75042247772217,86.2750625610352,74.9309844970703,70.2851638793945,79.8455200195312,0.35960066318512,0.124285109341145,3.29953400068916e-05,0.0206703618168831,0,0,0,0.491832137107849,438636.71875,NA,NA
"PL821",2.85899066925049,11.4822731018066,21.3883094787598,12.7915821075439,18.5293197631836,2.44804835319519,3.43926930427551,2.98241972923279,2.34053301811218,86.8770904541016,76.313102722168,75.0324249267578,80.3880767822266,0.154813140630722,0.0771519094705582,7.1232658228837e-05,0.0214211959391832,0,0.124571368098259,0.00680185621604323,0.615142345428467,376533.96875,NA,NA
"PL822",3.52168226242065,12.0057640075684,22.1346321105957,13.3879842758179,18.6129493713379,2.25720357894897,3.09010791778564,2.53024435043335,2.03728938102722,85.1583480834961,75.0084609985352,71.8242416381836,78.2206802368164,0.260565787553787,0.0994344353675842,0.00019080527999904,0.0185724161565304,0,0.0874299183487892,0,0.533806622028351,316677.625,NA,NA
"PL823",3.53320622444153,12.1268148422241,22.1711387634277,13.4230422973633,18.6379337310791,2.27720403671265,2.94785976409912,2.56225562095642,1.94862329959869,85.2210998535156,74.2937622070312,70.7436294555664,78.1554718017578,0.20542973279953,0.103486374020576,3.8017299175408e-06,0.0382659770548344,0,0,0,0.652814149856567,461524.46875,NA,NA
"PL824",3.50394129753113,12.0719518661499,22.2076606750488,13.3747653961182,18.7037200927734,2.07894444465637,2.71730041503906,2.43220257759094,1.80537736415863,85.0727081298828,74.1109771728516,69.8531799316406,78.0624923706055,0.256677061319351,0.107593350112438,1.19956882826955e-06,0.0368496626615524,0,0,0,0.598150908946991,560239.0625,NA,NA
"PL841",2.24902892112732,11.0323839187622,21.4537200927734,12.1478548049927,19.2046909332275,1.8328572511673,2.36716794967651,2.42475867271423,1.89822065830231,88.0091705322266,75.6597595214844,73.3271179199219,82.7649002075195,0.270887047052383,0.106700539588928,0.00630879448726773,0.0263594388961792,0,0.0136011252179742,0,0.574537634849548,459503.6875,NA,NA
"PL842",2.65859580039978,11.258246421814,21.6917934417725,12.3975763320923,19.0331974029541,1.94927644729614,2.42491245269775,2.48123383522034,1.9114590883255,87.9548034667969,75.8504180908203,72.6854553222656,82.4975509643555,0.31011638045311,0.137291505932808,0.00349922315217555,0.0113578233867884,0,9.62089498237999e-15,0,0.537455320358276,367021.46875,NA,NA
"PL843",2.21959185600281,10.7992010116577,21.1648178100586,12.0445995330811,18.9452247619629,1.8983633518219,2.26803302764893,2.43977928161621,1.99837112426758,88.3471908569336,76.0088195800781,75.0546264648438,83.7597351074219,0.300759047269821,0.117202609777451,0.00480860518291593,0.0105113498866558,0,0.0201096031814814,0,0.533274590969086,251606.0625,NA,NA
"PL911",3.54652309417725,11.8668336868286,22.3634414672852,13.043327331543,18.8169193267822,1.91845643520355,2.05560326576233,2.23293924331665,1.59791684150696,86.5893325805664,74.9401397705078,70.4749145507812,81.2774276733398,0.219870567321777,0.0647463575005531,7.72316821606722e-10,0.165996447205544,0,0,0,0.540894210338593,358533.53125,NA,NA
"PL912",3.33950066566467,11.7028694152832,22.1893062591553,12.8965120315552,18.8498058319092,1.88763189315796,2.16183829307556,2.25473546981812,1.6347975730896,86.8837585449219,75.2345352172852,70.7920684814453,81.5021209716797,0.271007806062698,0.101492263376713,0.000676011200994253,0.09193304926157,0,0,0,0.530966401100159,1253233.25,NA,NA
"PL913",3.55467796325684,11.8301544189453,22.2989387512207,13.0701541900635,18.7442607879639,1.8615847826004,2.03759217262268,2.23949646949768,1.58756184577942,86.6317825317383,75.0917816162109,71.0045394897461,81.3282775878906,0.266059428453445,0.0790850967168808,0.000265525217400864,0.106578834354877,0,0,0,0.537395000457764,1121573.875,NA,NA
"PL921",3.36289691925049,11.7205257415771,22.1233005523682,13.0482540130615,18.760404586792,1.9088351726532,2.46775937080383,2.27124118804932,1.70545160770416,86.2675399780273,75.2309494018555,70.6571426391602,80.3113403320312,0.296688288450241,0.106567427515984,0.000335823162458837,0.0298304855823517,0,0,0,0.561636090278625,592351.1875,NA,NA
"PL922",3.40907740592957,11.5298070907593,21.820686340332,12.8929023742676,18.4116096496582,1.9319623708725,2.04969501495361,2.28187298774719,1.73580026626587,88.1720275878906,76.0485229492188,73.3172454833984,82.9889831542969,0.362211912870407,0.137455180287361,0.000118990559712984,0.014363463036716,0,1.3276573350974e-15,0,0.483873516321182,318851.6875,NA,NA
"PL923",3.69939827919006,11.6983118057251,21.9519729614258,13.1476936340332,18.2525749206543,1.81060802936554,1.91115963459015,2.18875050544739,1.62181448936462,87.5388870239258,75.6210250854492,72.1966247558594,82.1426773071289,0.394255578517914,0.1344223767519,1.17690468481868e-09,0.022542966529727,0,0,0,0.438259571790695,284892.5,NA,NA
"PL924",3.05302476882935,11.3377227783203,21.7032680511475,12.6075582504272,18.6502437591553,2.01898407936096,2.34356141090393,2.49663519859314,1.93179225921631,87.9950790405273,75.7219467163086,72.7580642700195,82.8781509399414,0.269195914268494,0.142320722341537,0.00018673091835808,0.0122015308588743,0,1.45174535370537e-14,0,0.575794458389282,320466.8125,NA,NA
"PL925",3.09410166740417,11.5891447067261,22.0575485229492,12.7673988342285,18.9634475708008,1.87883031368256,2.37064218521118,2.32264137268066,1.71900284290314,87.3197708129883,75.7278823852539,71.5468673706055,81.6925888061523,0.343457520008087,0.139412313699722,0.000231913349125534,0.0145612489432096,0,0,0,0.499947488307953,398695.21875,NA,NA
"PL926",3.55959439277649,11.788646697998,22.2179317474365,13.110520362854,18.6583385467529,1.86820292472839,2.18210434913635,2.2569305896759,1.63151276111603,86.4707489013672,75.1872177124023,70.9317245483398,80.9170074462891,0.346488803625107,0.118548415601254,0.00132265489082783,0.0182773135602474,0,0,0,0.509365737438202,207120.296875,NA,NA
"PT111",10.6716499328613,14.7090816497803,22.5681972503662,17.5617752075195,11.8965463638306,6.98099613189697,3.5643162727356,0.640609860420227,5.65253925323486,83.7557525634766,77.7525024414062,73.1664581298828,80.6210479736328,0.0731890052556992,0.110000431537628,4.8145815112477e-10,0.0537604764103889,3.05468711303547e-05,0,0.601203203201294,0,257496.375,NA,NA
"PT112",10.3546848297119,14.4784278869629,22.4855861663818,17.3561859130859,12.1309003829956,6.75562572479248,3.47355675697327,0.598815858364105,5.33359146118164,83.620231628418,77.0904235839844,71.5439834594727,79.8291320800781,0.0798975303769112,0.0942626670002937,3.51837142753553e-10,0.0792434588074684,2.0395445972099e-05,0,0.602888941764832,0,229252.625,NA,NA
"PT119",9.742262840271,14.2293138504028,23.0001373291016,17.1396808624268,13.2578754425049,6.28520202636719,3.19068336486816,0.539376497268677,4.60665559768677,83.9219360351562,75.4730682373047,67.0391616821289,77.9493255615234,0.112897105515003,0.10737244784832,0.00014386692782864,0.0663587599992752,1.5992585758795e-05,0,0.681683778762817,0,315535.34375,NA,NA
"PT11A",12.3082218170166,16.4590969085693,23.8470630645752,19.2660465240479,11.5388402938843,5.77096176147461,2.97201776504517,0.540732145309448,4.22655487060547,82.8152389526367,75.8495635986328,70.8828506469727,78.7000427246094,0.0974801406264305,0.0668979585170746,7.77468533996739e-10,0.126372486352921,1.67591274726451e-23,0,0.513926029205322,0,727514.375,NA,NA
"PT11B",8.22291564941406,13.3931446075439,23.6798992156982,16.2741756439209,15.4569845199585,5.69901943206787,2.89971137046814,0.519347548484802,4.05069875717163,83.8836441040039,73.1836166381836,59.8476409912109,74.998161315918,0.115543738007545,0.114732310175896,0.000743113341741264,0.011681729927659,4.12368499382865e-05,0.00785614922642708,0.743667840957642,0.00195585889741778,82532.046875,NA,NA
"PT11C",10.5896034240723,15.0988674163818,23.6688976287842,17.988338470459,13.0792932510376,5.81473445892334,2.92056775093079,0.497848480939865,4.0761866569519,83.5462112426758,74.7168807983398,66.4929809570312,77.3103866577148,0.155680179595947,0.12888765335083,1.85486881409958e-09,0.0618224106729031,2.51402744528045e-23,0,0.653609752655029,0,514404.84375,NA,NA
"PT11D",9.2369499206543,14.5947399139404,24.9823112487793,17.4296379089355,15.7453603744507,3.95131826400757,1.97754275798798,0.372206419706345,2.6776225566864,83.1221694946289,70.2358551025391,55.52587890625,72.5713195800781,0.152539163827896,0.137147903442383,0.00265860394574702,0.0112912375479937,3.10585441809508e-08,0.282535463571548,0.33359283208847,0.0802347809076309,152646.25,NA,NA
"PT11E",8.74655055999756,14.7270812988281,26.027042388916,17.4352855682373,17.2804927825928,3.75678420066833,1.97779333591461,0.446346372365952,2.56206345558167,82.1390380859375,68.2190780639648,50.1267395019531,69.9061431884766,0.178562834858894,0.173442795872688,0.0128372590988874,0.00680785300210118,2.79736595985014e-05,0.203163534402847,0.340697973966599,0.083539254963398,89373.8984375,NA,NA
"PT150",13.9102001190186,18.4545269012451,25.9693489074707,21.0858287811279,12.0591487884521,2.689448595047,1.48755443096161,0.112948380410671,1.69888877868652,79.3216323852539,68.339225769043,58.1544380187988,71.0452575683594,0.114937551319599,0.100187085568905,0.0116211678832769,0.0178302191197872,0,0.42551863193512,0,0.119519785046577,303878.59375,NA,NA
"PT16B",13.8701953887939,17.7226257324219,24.6611137390137,20.7182312011719,10.7909183502197,2.80459189414978,1.58550274372101,0.265309363603592,2.11786484718323,80.9481430053711,75.3119888305664,73.7817916870117,78.2301559448242,0.200156971812248,0.198178663849831,1.90155802215486e-09,0.0324739217758179,8.98977762322541e-24,0.0668257251381874,0.16039103269577,0.0244539994746447,313258.25,NA,NA
"PT16D",12.9787921905518,17.0753993988037,24.3575859069824,19.9154644012451,11.3787956237793,5.34640741348267,2.79439210891724,0.527228116989136,3.83462285995483,82.0472717285156,75.6540679931641,71.6143112182617,78.6221237182617,0.080666683614254,0.0594112649559975,3.9915748484276e-10,0.0735669285058975,3.79118820212347e-23,0,0.542874097824097,0,198128.625,NA,NA
"PT16E",12.6343955993652,16.9304885864258,25.1298637390137,19.9117469787598,12.4954690933228,4.3604564666748,2.28992819786072,0.405392974615097,2.95870089530945,81.8680801391602,74.0516357421875,66.9680023193359,76.27734375,0.0897369980812073,0.0795505046844482,8.46387737674092e-10,0.0527146346867085,1.89780133387454e-23,0.164638593792915,0.49123615026474,0.0249669086188078,327094.1875,NA,NA
"PT16F",13.1130218505859,17.2668724060059,24.8537940979004,20.2430953979492,11.7407712936401,3.45345878601074,1.87261831760406,0.334172874689102,2.42934370040894,81.2131805419922,74.1463165283203,70.038818359375,76.7694244384766,0.126088201999664,0.14092493057251,1.27113841674742e-09,0.0768945887684822,1.42768707297907e-24,0.483860313892365,0.0374354086816311,0.0959944352507591,216740.390625,NA,NA
"PT16G",11.3931856155396,16.1240825653076,25.1368255615234,19.0058631896973,13.7436408996582,5.29166507720947,2.66734743118286,0.442126423120499,3.55360317230225,83.3805084228516,73.3863525390625,62.3344345092773,75.2096557617188,0.0965779423713684,0.0660652816295624,1.42831768634721e-09,0.0416579730808735,4.40713237464185e-23,0.0241896957159042,0.766294896602631,0.00521425111219287,245980.109375,NA,NA
"PT16H",11.7296123504639,17.1037082672119,27.3926639556885,20.0792789459229,15.6630516052246,3.38408827781677,1.75403845310211,0.277692884206772,2.41541051864624,79.8797149658203,65.770263671875,48.7530250549316,67.0738830566406,0.123922169208527,0.162168681621552,0.0328660868108273,0.0101116960868239,0,0.530534446239471,0,0.140263065695763,75791.1171875,NA,NA
"PT16I",12.9698667526245,17.5258026123047,25.9121189117432,20.5247249603271,12.942253112793,3.40168571472168,1.82557916641235,0.288091570138931,2.38303399085999,80.9232940673828,70.4745712280273,61.6336669921875,72.7745590209961,0.121130153536797,0.141846105456352,0.00949150510132313,0.0573272444307804,0,0.546912848949432,0,0.116879433393478,164145.265625,NA,NA
"PT16J",10.2729063034058,15.6581163406372,26.3568000793457,18.6144504547119,16.0838947296143,3.96347141265869,2.06645560264587,0.34504708647728,2.7758059501648,81.9786605834961,68.594108581543,50.8469390869141,69.8510971069336,0.140543445944786,0.178290903568268,0.0137078929692507,0.0118856616318226,2.02515346069161e-24,0.477526724338531,0.0271958950906992,0.150735378265381,159182.5625,NA,NA
"PT170",14.65771484375,18.6949272155762,25.4877586364746,21.5549812316895,10.8300437927246,2.65133380889893,1.46031355857849,0.201144009828568,1.94792878627777,80.527946472168,72.8892211914062,69.4169235229492,75.9922943115234,0.167189851403236,0.169319376349449,0.00013867553207092,0.148411899805069,2.73460974725676e-25,0.193739920854568,0.00487895170226693,0.0751518458127975,2016006.125,NA,NA
"PT181",14.1940441131592,18.6694774627686,26.033374786377,21.4180774688721,11.8393306732178,2.4954309463501,1.44861793518066,0.13453933596611,1.67746913433075,79.964241027832,71.0783233642578,65.1732559204102,74.0524520874023,0.176910772919655,0.16884009540081,0.0436808317899704,0.0161631349474192,0,0.249281242489815,0,0.101255767047405,90496.53125,NA,NA
"PT184",13.7589282989502,19.0884552001953,27.6614875793457,21.7536087036133,13.9025592803955,2.26840400695801,1.41789567470551,0.135855838656425,1.59814023971558,78.4820251464844,64.2148971557617,52.6034545898438,66.9776916503906,0.292946755886078,0.260446727275848,0.0479120649397373,0.0101856384426355,0,0.202889144420624,0,0.173953920602798,119479.046875,NA,NA
"PT185",14.0150594711304,18.4738712310791,26.1573657989502,21.3921566009521,12.1423063278198,2.72418093681335,1.51411414146423,0.219377174973488,2.01032328605652,80.6278839111328,69.2732467651367,61.9654312133789,72.6664123535156,0.256467640399933,0.279005289077759,0.016421115025878,0.0456875525414944,0,0.261612176895142,0,0.135028600692749,344703.9375,NA,NA
"PT186",12.9300203323364,18.283634185791,27.9563140869141,21.2128219604492,15.026294708252,2.85470199584961,1.55962634086609,0.218483254313469,2.11550283432007,79.2511520385742,64.7665939331055,50.3123092651367,66.6898803710938,0.24652062356472,0.280900448560715,0.0288326404988766,0.0119688613340259,0,0.264144510030746,0,0.167632907629013,108693.0546875,NA,NA
"PT187",13.5550298690796,18.8125324249268,27.8462238311768,21.687837600708,14.2911930084229,2.40365552902222,1.45359563827515,0.16788749396801,1.79910099506378,78.7365264892578,64.5178070068359,51.9771385192871,66.8274917602539,0.30429944396019,0.314955055713654,0.0345799699425697,0.0168461445719004,0,0.164506390690804,0,0.164072126150131,174073.15625,NA,NA
"RO111",4.44034433364868,13.4905395507812,24.7911224365234,15.1082696914673,20.3507785797119,2.7311487197876,2.76442575454712,2.12622141838074,2.04054546356201,84.2950668334961,71.0226135253906,62.2015190124512,72.4067687988281,0.408377677202225,0.177390232682228,0.0107370149344206,0.00634875241667032,0,0.22392027080059,0.0161230899393559,0.157102942466736,284670.96875,NA,NA
"RO112",1.29855692386627,11.1442489624023,21.4791812896729,12.3305244445801,20.1806240081787,2.21116185188293,2.87360191345215,2.43772649765015,2.04230523109436,86.5943222045898,74.5623321533203,70.5619125366211,77.0727996826172,0.245828911662102,0.181086763739586,0.0187000203877687,0.0054531916975975,3.0485989555018e-05,0.0060382541269064,0.529042482376099,0.013819876126945,212028.75,NA,NA
"RO113",3.10800528526306,12.1986455917358,22.9097919464111,13.6533327102661,19.8017864227295,2.48500418663025,2.94227266311646,2.33013415336609,1.91644585132599,85.4524536132812,73.9069976806641,67.4370727539062,75.1604156494141,0.344285249710083,0.214175418019295,0.019001554697752,0.00961013697087765,4.14509760750465e-33,0.209986075758934,0.0861914157867432,0.116750173270702,513109.34375,NA,NA
"RO114",1.19815230369568,10.579176902771,21.08935546875,12.0037603378296,19.8912029266357,2.76471781730652,3.29452228546143,2.57365250587463,2.48541188240051,86.8416748046875,76.012580871582,72.0559844970703,78.147819519043,0.140232190489769,0.158903807401657,0.0199337359517813,0.0102432332932949,0.000168344820849597,0.012387827038765,0.649931609630585,0.00819921121001244,358505.34375,NA,NA
"RO115",4.38060426712036,13.676531791687,24.5535945892334,15.0130643844604,20.1729927062988,2.27665829658508,2.52034664154053,1.92628955841064,1.91058206558228,83.8639678955078,70.5892486572266,63.1781272888184,72.4731826782227,0.49999475479126,0.176534250378609,0.00133385928347707,0.0089914258569479,4.34490757470485e-05,0.0484570264816284,0.153224527835846,0.111420683562756,277742.28125,NA,NA
"RO116",3.69562673568726,12.8158922195435,23.6802711486816,14.2929611206055,19.9846439361572,1.99675107002258,2.52782869338989,2.11340284347534,1.78746044635773,84.5274887084961,72.6984634399414,65.5305786132812,73.9350967407227,0.360338032245636,0.225480943918228,0.00492318952456117,0.00655158935114741,0,0.201640829443932,0.0463843047618866,0.154681161046028,137430.5,NA,NA
"RO121",2.79845190048218,11.6047744750977,22.3724021911621,13.1985721588135,19.5739498138428,2.02766871452332,2.54386377334595,2.15196347236633,1.58964085578918,84.1629943847656,73.9752960205078,67.732421875,74.5691986083984,0.234800413250923,0.200111761689186,0.0406533740460873,0.00523880263790488,8.65855267982357e-32,0.114574275910854,0.330830723047256,0.0737906843423843,213639.15625,NA,NA
"RO122",2.28134441375732,11.797438621521,22.4612007141113,13.1092147827148,20.1798553466797,2.3662097454071,2.73756670951843,2.44975519180298,1.49825644493103,86.1683349609375,74.8652420043945,68.8834381103516,75.8511962890625,0.22527140378952,0.194514498114586,0.0437540709972382,0.00870670937001705,0,0.337759912014008,0.0457589961588383,0.144234403967857,335089.21875,NA,NA
"RO123",1.31101703643799,11.0740919113159,22.0454368591309,12.5121784210205,20.7344188690186,2.16737103462219,2.60829591751099,2.30195593833923,1.38418638706207,87.1361541748047,76.0377502441406,70.2119445800781,77.0623321533203,0.181150585412979,0.136345610022545,0.0307041201740503,0.0120574198663235,5.32393287490244e-31,0.311537086963654,0.245252907276154,0.0829522535204887,227022.125,NA,NA
"RO124",0.106205798685551,10.0145740509033,20.6601467132568,11.304407119751,20.5539398193359,1.86988639831543,2.50417757034302,2.28661632537842,1.45521867275238,87.0912170410156,75.061897277832,70.1542587280273,76.8527145385742,0.1635552495718,0.191360741853714,0.0456489436328411,0.00415682373568416,2.61724828135724e-31,0.031179515644908,0.556118428707123,0.00795013643801212,200938.578125,NA,NA
"RO125",2.37702488899231,12.2786731719971,22.7235488891602,13.2931880950928,20.3465232849121,1.7922101020813,2.45325064659119,2.22148299217224,1.50196027755737,85.6586303710938,72.141716003418,66.8500595092773,74.220573425293,0.352374345064163,0.234615832567215,0.0128897400572896,0.00707195559516549,5.99684379318462e-32,0.0693817734718323,0.256061792373657,0.0676045566797256,354905.3125,NA,NA
"RO126",2.89250946044922,12.1260232925415,22.6903209686279,13.4268598556519,19.7978115081787,2.0322699546814,2.72598958015442,2.5333833694458,1.58919644355774,84.8516082763672,73.5097198486328,67.5264129638672,74.4120483398438,0.255231946706772,0.228172197937965,0.0489060878753662,0.0071229082532227,0,0.303655087947845,4.25588405050803e-05,0.156869158148766,281441.40625,NA,NA
"RO211",2.09976267814636,12.2960987091064,23.7601985931396,13.7312812805176,21.660436630249,1.74678802490234,2.39433717727661,2.25070309638977,1.29398536682129,85.7807540893555,73.0378341674805,66.3450164794922,75.0391540527344,0.319819092750549,0.148019462823868,0.0102484291419387,0.00963886268436909,4.90709505493701e-31,0.276701182126999,0.112758219242096,0.122379705309868,359544.4375,NA,NA
"RO212",3.21795701980591,13.4589395523071,25.1697769165039,14.9219484329224,21.9518184661865,1.76266300678253,2.33054709434509,2.36032390594482,1.43537390232086,84.9569931030273,70.1633682250977,63.7379035949707,73.5279922485352,0.603006482124329,0.15140338242054,0.00194895395543426,0.00817054510116577,0,0.0970317721366882,0,0.137897029519081,299109,NA,NA
"RO213",3.17146992683411,13.645975112915,25.2967376708984,14.9844484329224,22.1252670288086,2.10033226013184,2.50182390213013,2.2144832611084,1.49178719520569,85.387092590332,69.7954635620117,62.9238510131836,73.2830276489258,0.55876225233078,0.173725709319115,0.000734373519662768,0.00907394383102655,0,0.112493053078651,0,0.145098343491554,375695,NA,NA
"RO214",1.04494631290436,11.282711982727,22.3462085723877,12.6420164108276,21.3012619018555,1.80112051963806,2.75690340995789,2.63934540748596,1.4688378572464,85.8801879882812,73.9851150512695,68.6263656616211,76.4157867431641,0.265688925981522,0.141829088330269,0.0109952231869102,0.010837928391993,0,0.373952209949493,0.0578747615218163,0.136357843875885,318871.375,NA,NA
"RO215",0.313564985990524,10.3698301315308,21.0273780822754,11.7538757324219,20.7138137817383,1.73157811164856,2.96153378486633,3.00327634811401,1.70753848552704,85.6739120483398,75.7128143310547,72.0935974121094,77.9584426879883,0.206617742776871,0.128023728728294,0.0185473635792732,0.00745841441676021,8.28529778118536e-07,0.398238927125931,0.127853959798813,0.112585321068764,353568.5625,NA,NA
"RO216",3.33526062965393,13.7578191757202,25.6910400390625,15.1366691589355,22.3557796478271,2.15199017524719,2.17798614501953,1.88014280796051,1.32848465442657,85.4498596191406,69.2885589599609,61.4082870483398,72.6968154907227,0.588431894779205,0.17917300760746,0.000280178617686033,0.00525764329358935,0,0.0918293446302414,0,0.134924829006195,208494.59375,NA,NA
"RO221",4.98999118804932,15.0703325271606,27.2452964782715,16.770824432373,22.2553043365479,2.26681566238403,1.73808586597443,1.61469304561615,1.03424167633057,84.8055725097656,69.3134231567383,60.999626159668,71.898063659668,0.656829178333282,0.172978416085243,0.0229961052536964,0.00936469901353121,0,0.0200135540217161,0,0.099872313439846,297475.5,NA,NA
"RO222",3.63592648506165,13.6596012115479,25.4914131164551,15.1772336959839,21.8554878234863,2.4773633480072,2.22062301635742,1.9398580789566,1.26310110092163,84.3476638793945,70.8683319091797,62.1352996826172,72.6703491210938,0.471654027700424,0.175102040171623,0.00959249027073383,0.0108666596934199,0,0.13942152261734,0.0880217850208282,0.103827439248562,306758.125,NA,NA
"RO223",5.99834060668945,14.4852666854858,26.7390670776367,17.2120609283447,20.7407264709473,2.0133113861084,1.53898978233337,1.32396006584167,1.19711220264435,84.0192947387695,72.5208892822266,65.9217910766602,74.4133148193359,0.584311008453369,0.148065626621246,0.0171374585479498,0.00572516908869147,0,0.0206446684896946,0,0.101457744836807,270860.53125,NA,NA
"RO224",4.09392404556274,14.4723567962646,26.5971775054932,15.9743776321411,22.5032539367676,2.33429169654846,1.95924651622772,1.71524524688721,1.21604979038239,84.8555603027344,69.0490570068359,60.0704727172852,71.6666030883789,0.653067409992218,0.169724896550179,0.0189676452428102,0.00597689300775528,0,0.035775363445282,0,0.111186794936657,215128.4375,NA,NA
"RO225",5.25972747802734,14.3747854232788,26.6320915222168,16.5669574737549,21.3723640441895,1.9242821931839,1.36638224124908,1.31151616573334,1.11489450931549,84.5247573852539,72.2944183349609,64.9716567993164,74.5392684936523,0.335125476121902,0.136721223592758,0.151359662413597,0.00750258006155491,0,0.0681099444627762,0,0.07906823605299,263230.96875,NA,NA
"RO226",2.73622250556946,12.7294416427612,24.472785949707,14.2875165939331,21.7365627288818,2.53375172615051,2.47533512115479,2.09989428520203,1.39381909370422,84.2461242675781,71.4142074584961,63.1778450012207,72.8603286743164,0.362787038087845,0.157802537083626,0.00435275537893176,0.0103994831442833,1.35335325825742e-32,0.322972923517227,0.00309523986652493,0.13795031607151,207971.609375,NA,NA
"RO311",3.21219062805176,12.7336597442627,24.129077911377,14.3278360366821,20.9168872833252,2.63965153694153,2.57485508918762,2.35302662849426,1.4563307762146,85.9454650878906,73.4785919189453,67.2759094238281,75.5574569702148,0.302590131759644,0.115600250661373,0.0275233145803213,0.00956032983958721,3.9632926206351e-34,0.120369501411915,0.379493027925491,0.0448634251952171,406715.6875,NA,NA
"RO312",5.29857778549194,15.2875823974609,27.5379447937012,17.0429821014404,22.2393665313721,2.73848128318787,1.92629623413086,1.57090675830841,1.20506739616394,85.6390762329102,70.2711868286133,62.8332099914551,72.6503753662109,0.645704388618469,0.146090537309647,0.0245419796556234,0.0135878985747695,0,0.0228228718042374,0,0.126349300146103,630551.4375,NA,NA
"RO313",3.83225512504578,13.6315593719482,25.3398342132568,15.1904258728027,21.5075798034668,2.8475866317749,2.41879773139954,2.17191052436829,1.37020325660706,86.2450637817383,73.0078048706055,66.5249328613281,75.3060531616211,0.425993114709854,0.105806984007359,0.0114914560690522,0.0106492564082146,0,0.174824357032776,0.224146291613579,0.0470885522663593,325636.9375,NA,NA
"RO314",5.13102531433105,15.3710956573486,27.8802528381348,17.0882244110107,22.7492275238037,3.2173502445221,2.02168393135071,1.63387608528137,1.21512472629547,86.4068908691406,69.8580322265625,61.467472076416,72.1643905639648,0.626741528511047,0.139674007892609,0.0122725144028664,0.0234400108456612,0,0.0199247114360332,0.00969681795686483,0.166872188448906,868270.4375,NA,NA
"RO315",5.13233089447021,15.1876611709595,27.3072834014893,16.8638572692871,22.1749534606934,2.32627487182617,1.75797855854034,1.58005261421204,1.10046792030334,85.38720703125,69.7167663574219,62.0975799560547,72.5168533325195,0.685058295726776,0.155619621276855,0.024563992395997,0.00493945507332683,0,0.00904198363423347,0,0.11385452747345,172132.328125,NA,NA
"RO316",3.30691289901733,12.8290042877197,24.3938274383545,14.4471130371094,21.0869140625,2.90166616439819,2.4425036907196,2.24673652648926,1.45300436019897,85.4449920654297,73.2961502075195,65.9294815063477,74.8829116821289,0.297955483198166,0.122283138334751,0.0264302752912045,0.0123201170936227,0,0.221698775887489,0.19180653989315,0.127505719661713,398903.28125,NA,NA
"RO317",5.17444515228271,15.5669689178467,28.1001300811768,17.3067264556885,22.925687789917,2.62873220443726,1.86360859870911,1.48434269428253,1.0469343662262,85.7223129272461,68.5548934936523,59.389835357666,70.9078063964844,0.66723757982254,0.160615146160126,0.0110110463574529,0.00690233102068305,0,0.0151273794472218,8.00548878032714e-05,0.137442260980606,247376.796875,NA,NA
"RO321",5.02337074279785,15.3523778915405,27.7547798156738,16.9366836547852,22.731409072876,3.65590834617615,2.11504673957825,1.69521355628967,1.31095695495605,86.7232437133789,70.1258697509766,62.1366081237793,72.6844787597656,0.574219822883606,0.105377428233624,0.028601260855794,0.0623588040471077,0,0.0193411987274885,0.000605310371611267,0.209209784865379,161256.453125,NA,NA
"RO322",4.87588548660278,15.278338432312,27.4873580932617,16.7450141906738,22.6114730834961,3.18541502952576,2.09345602989197,1.7265921831131,1.28761970996857,86.6296234130859,70.2690734863281,62.4070663452148,73.1223220825195,0.597708284854889,0.106906950473785,0.0104766562581062,0.0326550677418709,0,0.0234556049108505,0.0178362838923931,0.210856258869171,509084.90625,NA,NA
"RO411",5.69074964523315,15.5498008728027,27.6414222717285,16.9327373504639,21.9506702423096,2.64929914474487,2.10624623298645,1.47875547409058,1.24726748466492,84.3937149047852,67.1935729980469,56.3526916503906,69.687126159668,0.591600298881531,0.194420754909515,0.0109127908945084,0.00945170875638723,0,0.0192757975310087,0.0337822698056698,0.139023795723915,447373.375,NA,NA
"RO412",3.42971038818359,12.2013711929321,23.625904083252,13.9607791900635,20.1961936950684,2.71198511123657,2.56179046630859,2.23011779785156,1.76562297344208,84.7807083129883,72.9126663208008,66.3939819335938,75.1053924560547,0.231533035635948,0.122094593942165,0.0312240421772003,0.00648067006841302,3.33584431738638e-32,0.145345747470856,0.434009820222855,0.0291371271014214,209683.4375,NA,NA
"RO413",5.55730152130127,14.5328998565674,26.3506088256836,16.0752849578857,20.7933082580566,2.72209215164185,2.29756450653076,1.65534710884094,1.59343588352203,85.1541442871094,70.6738510131836,61.433666229248,73.2621231079102,0.38844108581543,0.191579267382622,0.0049238158389926,0.00610403250902891,5.14764802637663e-20,0.0079642441123724,0.339485317468643,0.0576231852173805,191385.34375,NA,NA
"RO414",5.04881381988525,15.5129747390747,27.7812118530273,17.025089263916,22.7323970794678,2.64975047111511,2.02026462554932,1.64380133152008,1.12342023849487,85.4827880859375,68.0031280517578,59.0522956848145,70.9559326171875,0.622738420963287,0.145112439990044,0.00711538037285209,0.00898391101509333,6.47966428572625e-33,0.0165325496345758,0.0893705859780312,0.109594009816647,279212.8125,NA,NA
"RO415",3.13444542884827,12.4286088943481,23.7012252807617,14.0027408599854,20.5667781829834,2.73645329475403,2.58624339103699,2.3279275894165,1.57989192008972,85.0659713745117,72.8681259155273,67.1772003173828,75.3453826904297,0.241648003458977,0.104946784675121,0.0293178092688322,0.00790669675916433,1.21296558424345e-32,0.280308127403259,0.279055029153824,0.0568175762891769,204517.015625,NA,NA
"RO421",5.08530044555664,14.0991506576538,25.749267578125,15.8278322219849,20.6639652252197,2.18488907814026,2.20726156234741,1.797926902771,1.73439764976501,84.5496292114258,70.832160949707,62.2556190490723,72.6389007568359,0.411660641431808,0.149887472391129,0.00665846839547157,0.0102759627625346,0,0.23072375357151,0.0282351225614548,0.162558510899544,285200.96875,NA,NA
"RO422",4.53954029083252,12.8114366531372,24.5991477966309,14.9286022186279,20.059606552124,2.97657918930054,2.58416652679443,2.06998133659363,2.0294771194458,85.2021102905273,73.3429718017578,66.2777938842773,74.8858947753906,0.181926026940346,0.123697444796562,0.0130431121215224,0.0130686881020665,5.67186760035101e-20,0.354555070400238,0.185570374131203,0.125124737620354,193946.328125,NA,NA
"RO423",3.1010148525238,11.4882507324219,22.6341915130615,13.4029769897461,19.5331764221191,2.14773893356323,2.42976498603821,2.10159111022949,1.68073570728302,84.2493896484375,75.1174926757812,68.9902496337891,75.7430801391602,0.129940003156662,0.118414536118507,0.0217586010694504,0.00825305096805096,2.46912941038527e-31,0.100461043417454,0.597895324230194,0.0232774168252945,250811.21875,NA,NA
"RO424",5.86373853683472,14.9577188491821,26.8512840270996,16.7106781005859,20.9875450134277,1.96186554431915,1.89855027198792,1.61564993858337,1.64908671379089,83.6166839599609,68.9329147338867,60.0576057434082,71.3391494750977,0.558633744716644,0.188502222299576,0.00172256666701287,0.0117912190034986,0,0.106312341988087,0.000859922438394278,0.132177978754044,548013.3125,NA,NA
"RSG125371",5.24280452728271,13.8550863265991,25.7591342926025,15.7005262374878,20.5163326263428,2.5689058303833,2.27131962776184,1.52363169193268,1.63766694068909,86.1056289672852,71.9225540161133,61.5738296508789,74.1262893676758,0.311239689588547,0.157691121101379,0.00806177034974098,0.00704990699887276,5.22801088470815e-20,0.0769985839724541,0.128735765814781,0.305733233690262,82572.9375,NA,NA
"RSG125372",5.64897680282593,14.2845125198364,26.292064666748,16.2889099121094,20.6430892944336,2.43492650985718,2.20623445510864,1.54857587814331,1.67546856403351,84.3018951416016,70.5818939208984,61.6454124450684,72.3222427368164,0.357883006334305,0.108130097389221,0.0090454239398241,0.018726596608758,1.305003255394e-22,0.22483204305172,0.000253189995419234,0.275756984949112,125901.3515625,NA,NA
"RSG125373",6.61383390426636,15.821081161499,27.9166793823242,17.7948188781738,21.3028450012207,2.12603068351746,2.08989143371582,1.57898271083832,1.6515908241272,82.2589950561523,66.9616775512695,56.1506881713867,69.0413055419922,0.588584363460541,0.1453937292099,0.000295576639473438,0.086716778576374,0,0.00602842262014747,0,0.172965377569199,1270785.375,NA,NA
"RSG125374",4.81636142730713,13.3485746383667,24.9724636077881,15.5085315704346,20.1561012268066,1.94215714931488,1.91737604141235,1.28881299495697,1.52584791183472,80.7571640014648,69.2267532348633,58.362491607666,69.8941116333008,0.253385543823242,0.117441259324551,0.00510114431381226,0.0231156758964062,0,0.183074459433556,0,0.417615532875061,215886.78125,NA,NA
"RSG125375",6.12984943389893,15.76868724823,27.6569309234619,17.4317436218262,21.52707862854,1.78908634185791,1.72506582736969,1.71353781223297,1.70838761329651,83.512336730957,65.6795425415039,55.5203514099121,70.2073211669922,0.68121874332428,0.149311244487762,0.0033906577154994,0.0248341932892799,0,0.00868448056280613,0,0.132454335689545,507220.96875,NA,NA
"RSG125376",6.65617895126343,15.8079147338867,27.902702331543,17.6330261230469,21.246524810791,2.06850957870483,1.93792247772217,1.6154659986496,1.68214643001556,82.486198425293,66.9851989746094,57.9736862182617,69.3842010498047,0.665930807590485,0.174311712384224,0.00732663553208113,0.0189402811229229,0,0.00343226757831872,0,0.127520725131035,374827.84375,NA,NA
"RSG125377",5.22424459457397,14.0180358886719,25.8271293640137,16.2786560058594,20.6028823852539,2.32316493988037,2.42063641548157,1.83982014656067,1.82299888134003,82.2678375244141,68.9959487915039,59.3720397949219,70.7160949707031,0.440809607505798,0.118099987506866,0.00085360324010253,0.0193813145160675,0,0.117207817733288,0,0.303647607564926,181400.109375,NA,NA
"RSG125381",6.1530122756958,15.1654090881348,26.9328308105469,17.2904357910156,20.7798194885254,2.44646453857422,2.41719341278076,1.88649499416351,1.92979896068573,82.6655197143555,68.3151626586914,57.9268264770508,70.2828140258789,0.465162247419357,0.116238959133625,0.00223729992285371,0.0188085846602917,0,0.202120885252953,0,0.195432052016258,208663.953125,NA,NA
"RSG125382",4.72020292282104,13.3014783859253,24.9744071960449,15.5825605392456,20.2542037963867,2.28478455543518,2.40040898323059,1.80211341381073,1.87643027305603,82.4069290161133,71.8447723388672,63.4426155090332,72.7021408081055,0.33632817864418,0.121584385633469,0.00395944714546204,0.0235003381967545,5.67181996302679e-06,0.166750818490982,0.103865712881088,0.244005396962166,206567.640625,NA,NA
"RSG125383",5.0163950920105,13.6164722442627,25.3290576934814,15.6447372436523,20.3126621246338,2.07818961143494,2.05850958824158,1.28868746757507,1.46960663795471,82.0321426391602,69.4522476196289,57.7477188110352,70.2085189819336,0.396464824676514,0.144002512097359,0.00367851741611958,0.0220105703920126,0,0.051488846540451,0,0.382354766130447,243824.265625,NA,NA
"RSG125384",4.62564420700073,12.9538679122925,24.5371227264404,15.3231353759766,19.9114780426025,1.83650720119476,1.85492086410522,1.29858958721161,1.53176414966583,79.2796325683594,68.0127639770508,57.4750213623047,68.5358963012695,0.190786987543106,0.149617880582809,0.0290152933448553,0.0140663394704461,0,0.220402538776398,0,0.395774990320206,169129.65625,NA,NA
"RSG125386",3.83458375930786,12.2713203430176,23.9045009613037,14.5654745101929,20.069917678833,1.98239779472351,2.09971690177917,1.39937329292297,1.40527307987213,82.3665466308594,71.8983535766602,62.8938598632812,72.0112609863281,0.230486303567886,0.121041372418404,0.0298513900488615,0.00703851459547877,0,0.150360450148582,0,0.461170136928558,61397.93359375,NA,NA
"RSG125387",6.48915100097656,15.4166965484619,27.5256805419922,17.3953876495361,21.036527633667,2.1350257396698,2.07094383239746,1.48221969604492,1.59831428527832,81.6952896118164,67.5317611694336,57.9480133056641,69.3456802368164,0.606928050518036,0.163616433739662,0.00285074138082564,0.0279385428875685,0,0.00827982183545828,0,0.188591852784157,155129.9375,NA,NA
"RSG125388",5.84922552108765,14.5194683074951,26.4946670532227,16.5406684875488,20.6454429626465,2.27536392211914,2.22038626670837,1.43005108833313,1.54111421108246,82.9699020385742,70.0265197753906,59.3929634094238,70.9933624267578,0.461079955101013,0.11732243001461,0.0030076396651566,0.0229274798184633,0,0.088344156742096,0,0.307318270206451,183694.765625,NA,NA
"RSG125390",5.05618047714233,13.6471748352051,25.4024906158447,15.745735168457,20.3463115692139,2.28350210189819,2.41427969932556,1.62184548377991,1.69881248474121,82.2239990234375,70.8094177246094,60.3793144226074,71.4569778442383,0.357098340988159,0.108701787889004,0.00643497752025723,0.0260255243629217,0,0.0993263944983482,0,0.402412921190262,205723.5,NA,NA
"RSG125391",4.02510499954224,12.4771203994751,24.0890522003174,14.7747478485107,20.0639457702637,2.56792521476746,2.61601376533508,1.91192841529846,2.11413812637329,82.1700134277344,72.2205505371094,63.4256782531738,72.838249206543,0.224092498421669,0.149737164378166,0.0188291892409325,0.0241744332015514,2.44934867907686e-20,0.0907899886369705,0.17264986038208,0.319726854562759,259776.234375,NA,NA
"RSG125392",5.60425329208374,15.3845100402832,27.1662311553955,16.9132213592529,21.5619792938232,1.70767414569855,1.62787997722626,1.51539826393127,1.65471053123474,83.7764053344727,65.7136535644531,54.9586448669434,71.1005706787109,0.722785890102386,0.133986100554466,0.00152671616524458,0.0130470274016261,0,0.00380280986428261,0,0.124851509928703,104350.2578125,NA,NA
"RSG125393",5.90575790405273,15.5704526901245,27.4861946105957,17.1523761749268,21.580436706543,1.6634476184845,1.61413300037384,1.4659332036972,1.57714939117432,83.8894271850586,66.2623138427734,55.2411613464355,70.4976196289062,0.714040279388428,0.146682545542717,0.0149942906573415,0.0145850777626038,0,0.00270594703033566,0,0.10699188709259,154454.921875,NA,NA
"RSG125394",6.35676956176758,15.874135017395,27.8995628356934,17.5455284118652,21.5427913665771,1.76572978496552,1.69346117973328,1.61869585514069,1.63468873500824,83.5061721801758,66.3165130615234,56.3612747192383,69.8720245361328,0.720424950122833,0.178838163614273,0.0118966391310096,0.0107154352590442,0,7.26772123016417e-05,0,0.0778931751847267,158210.09375,NA,NA
"RSG125395",6.58977937698364,16.0546684265137,27.9777965545654,17.8827667236328,21.3880176544189,2.02435207366943,1.96702671051025,1.72591781616211,1.73427629470825,83.0502777099609,66.371467590332,55.5994987487793,69.6352005004883,0.624408543109894,0.148738905787468,0.00157172360923141,0.0399342738091946,0,0.0150625249370933,0,0.170196995139122,631714.875,NA,NA
"RSG125396",5.96761989593506,14.7502212524414,26.7570247650146,16.84787940979,20.7894058227539,2.13246703147888,2.17831015586853,1.5061012506485,1.56937253475189,81.9258041381836,68.8865203857422,58.7865447998047,70.2088317871094,0.52408492565155,0.154375076293945,0.0032983748242259,0.0277239177376032,0,0.0454548299312592,0,0.24506276845932,252888.671875,NA,NA
"RSG125397",4.66712045669556,13.2182750701904,24.843822479248,15.2993040084839,20.1767024993896,2.11687326431274,2.20105957984924,1.50611186027527,1.66940212249756,81.3488235473633,69.9328231811523,59.1361541748047,70.8231048583984,0.324340343475342,0.113216511905193,0.0027531876694411,0.0251640938222408,0,0.145032629370689,0,0.389493197202682,182171.890625,NA,NA
"RSG125398",4.85733938217163,13.3881912231445,25.2832107543945,15.4276037216187,20.4258708953857,2.24080777168274,2.15159392356873,1.33147835731506,1.46777296066284,84.3147354125977,71.3371658325195,60.2650146484375,72.6897277832031,0.337980777025223,0.15602020919323,0.0108756981790066,0.00942803733050823,0,0.0878126323223114,0,0.397362172603607,102893.0625,NA,NA
"RSG125399",5.61775302886963,15.448091506958,27.1553993225098,16.9681262969971,21.5376453399658,1.77962839603424,1.7055162191391,1.58467757701874,1.7878577709198,83.6626052856445,66.1930389404297,55.9066505432129,71.5142517089844,0.699807703495026,0.14405332505703,0.000887358677573502,0.0129435425624251,0,0.0314747020602226,0,0.110833346843719,133217.53125,NA,NA
"RSG125400",3.96258473396301,12.3039684295654,23.7656517028809,14.7417688369751,19.8030662536621,2.86836767196655,2.64588952064514,1.98877167701721,2.49417209625244,81.9330902099609,72.3079452514648,64.978645324707,73.1085586547852,0.228754490613937,0.144014835357666,0.00632004672661424,0.0112525997683406,0.000199284768314101,0.0398301891982555,0.512913286685944,0.0567152909934521,259380.78125,NA,NA
"SE110",2.63322949409485,9.35561656951904,20.0878372192383,11.2064657211304,17.4546070098877,2.22599101066589,1.29278779029846,2.18785667419434,2.2223482131958,86.6263656616211,73.9077911376953,75.7875366210938,85.1255416870117,0.105153761804104,0.0196013431996107,0.00562961306422949,0.092404767870903,0,0.374597012996674,0,0.11288907378912,3223201.5,NA,NA
"SE121",1.87712061405182,9.32265758514404,19.5093154907227,10.505862236023,17.632194519043,2.47300815582275,1.55324614048004,2.48270702362061,2.33458876609802,87.6766510009766,70.9299087524414,74.0724639892578,85.6467590332031,0.186051115393639,0.0276998169720173,0.00971722230315208,0.0249463841319084,0,0.454794496297836,0.0680432170629501,0.116599410772324,553521.9375,NA,NA
"SE122",2.06768870353699,9.71662902832031,19.7424488067627,10.7257127761841,17.6747627258301,2.30006909370422,1.44508409500122,2.2977237701416,2.18143272399902,88.0452041625977,72.6609420776367,75.0029296875,85.8390808105469,0.179819703102112,0.0258094593882561,0.00966885965317488,0.032967783510685,1.04265742550931e-28,0.380491971969604,0.0326199270784855,0.128302693367004,339747.21875,NA,NA
"SE123",2.08249950408936,9.63076210021973,19.7707023620605,10.9705190658569,17.6882038116455,2.28203058242798,1.45695793628693,2.34687566757202,2.18215441703796,89.1622467041016,73.9436645507812,75.6273193359375,86.4700317382812,0.164105117321014,0.0152652384713292,0.00279090204276145,0.0221607014536858,2.38741542283427e-26,0.477588802576065,0.078745074570179,0.0992082878947258,522950.9375,NA,NA
"SE124",0.664970636367798,9.05417251586914,18.8598403930664,9.64882946014404,18.1948699951172,2.79218244552612,1.86150825023651,2.80389857292175,2.84110736846924,89.4559783935547,72.6016998291016,75.5234222412109,87.0286254882812,0.114795036613941,0.0157963838428259,0.00239807460457087,0.017256947234273,4.03509610540876e-24,0.0173230469226837,0.711790502071381,0.00300454092212021,392609.71875,NA,NA
"SE125",0.959933340549469,9.13955593109131,18.5645866394043,9.53043174743652,17.6046543121338,2.36050605773926,1.72188639640808,2.66947650909424,2.47775840759277,88.2832946777344,70.0342254638672,74.3180465698242,86.2245254516602,0.179227039217949,0.0281971395015717,0.0080688800662756,0.0330450497567654,2.88561552319024e-24,0.0241705719381571,0.643630683422089,0.00846161041408777,274229.15625,NA,NA
"SE211",2.02513146400452,9.24354362487793,19.0201778411865,10.8064517974854,16.9950466156006,2.65189218521118,1.85319316387177,2.80524516105652,2.86130881309509,91.1626663208008,75.2527008056641,77.8259582519531,88.8284606933594,0.0785307213664055,0.00563376862555742,0.00211719004437327,0.0148294419050217,1.0656904831165e-30,0.587117433547974,0.165192350745201,0.0567095391452312,398252.96875,NA,NA
"SE212",2.79213356971741,9.60421466827393,19.4418487548828,11.5616025924683,16.649715423584,2.711909532547,1.87152373790741,2.69945693016052,2.91619420051575,90.9392852783203,76.8704528808594,78.5596237182617,89.0100479125977,0.0548960790038109,0.0066545233130455,0.00136572797782719,0.0135865826159716,1.74351495044421e-26,0.444149971008301,0.344474166631699,0.0401712656021118,266398.59375,NA,NA
"SE213",2.97614455223083,9.62751293182373,19.9154453277588,11.7128314971924,16.9393005371094,2.17757487297058,1.34207761287689,2.19703984260559,2.29461550712585,87.0995941162109,74.4987411499023,75.3637924194336,85.482421875,0.0714711844921112,0.00904027745127678,0.00355207384563982,0.0110904267057776,0,0.642790019512177,0,0.0717468485236168,214542.21875,NA,NA
"SE214",4.0922966003418,9.33368587493896,20.5668621063232,12.5775184631348,16.4745655059814,2.11709570884705,1.01881217956543,1.61105406284332,2.09496116638184,82.8853454589844,75.7040176391602,74.7477798461914,82.290283203125,0.134894877672195,0.0334906987845898,0.00426296750083566,0.00476180063560605,0,0.206963077187538,0,0.0906022787094116,22429.99609375,NA,NA
"SE221",3.65862464904785,9.98106861114502,20.1553916931152,12.409857749939,16.4967670440674,2.71519374847412,1.56909537315369,2.19054317474365,2.80579423904419,87.7445373535156,77.6193618774414,78.0618515014648,86.3363342285156,0.065789483487606,0.00403470313176513,0.000206027601961978,0.012727290391922,1.41782217014405e-25,0.525720477104187,0.0247543379664421,0.084811344742775,112384.0546875,NA,NA
"SE224",3.89439511299133,10.3438749313354,20.3344573974609,12.6717138290405,16.4400634765625,2.83433198928833,1.82743227481842,2.35182046890259,2.97852540016174,89.4105072021484,78.6869430541992,77.6773910522461,87.2188110351562,0.289727747440338,0.0239052437245846,0.000110062726889737,0.0401375256478786,5.81350600368365e-25,0.0571785159409046,0.374129742383957,0.0456136986613274,1725319,NA,NA
"SE231",3.07285475730896,10.0457067489624,19.7460231781006,11.8694372177124,16.6731700897217,3.94030022621155,2.33645129203796,3.22540903091431,3.89019894599915,89.3923568725586,76.7753601074219,77.9312057495117,87.9873504638672,0.125114351511002,0.0105745168402791,0.000309972936520353,0.0176600478589535,3.33722912231363e-24,0.000583650078624487,0.671011686325073,0.000973854737821966,304300.96875,NA,NA
"SE232",2.11430311203003,9.59291553497314,19.4735507965088,10.9841442108154,17.3592491149902,3.34248971939087,1.98781251907349,2.80434250831604,3.38317728042603,89.0091857910156,75.567756652832,76.7430801391602,86.4644317626953,0.156756550073624,0.0210067480802536,0.00417314050719142,0.0220381617546082,0.000711786735337228,0.175126135349274,0.356740146875381,0.0556812882423401,1808376.25,NA,NA
"SE311",-0.265478223562241,8.86483669281006,18.75905418396,9.26670551300049,19.0245323181152,2.77517914772034,2.04599642753601,2.97453761100769,3.21827220916748,89.0975112915039,72.7150039672852,74.7122192382812,86.4570465087891,0.0525861084461212,0.0110696796327829,0.00168949167709798,0.0167461913079023,0.00274604791775346,0.013554684817791,0.736903131008148,0.00776132987812161,321601.1875,NA,NA
"SEG226001",-4.3767671585083,6.2355546951294,16.0544815063477,6.43009185791016,20.4312496185303,2.2258574962616,2.07928061485291,3.39440751075745,2.87437963485718,88.1791915893555,70.445182800293,74.2367477416992,85.5925827026367,0.00261709233745933,7.66742596169934e-05,0.000247400690568611,0.00185135658830404,0.0084619764238596,0,0.968425810337067,0,7218.6806640625,NA,NA
"SEG226002",0.292988002300262,8.39554119110107,17.6468029022217,8.66428375244141,17.3538150787354,2.12146067619324,1.69319748878479,2.70426607131958,2.47030234336853,88.311767578125,69.4995956420898,73.9681091308594,86.1306228637695,0.109859652817249,0.0151958242058754,0.0123004792258143,0.00996460951864719,0,0,0.810495257377625,0,11343.6337890625,NA,NA
"SEG226003",-1.20012152194977,7.88043260574341,17.6145858764648,8.10564994812012,18.8147087097168,2.37721228599548,1.92780196666718,2.9715096950531,2.6847083568573,88.7974853515625,69.9941558837891,74.3769378662109,86.7332611083984,0.0478861220180988,0.00463994219899178,0.00162458221893758,0.0125089287757874,1.16013089469229e-24,0,0.877572357654572,0,25698.529296875,NA,NA
"SEG226004",-1.07331144809723,7.79688024520874,17.4650325775146,8.1184892654419,18.5383453369141,2.25534915924072,1.82516086101532,2.91283464431763,2.59512400627136,89.2630157470703,70.0558319091797,74.1323318481445,86.9975357055664,0.0292349401861429,0.00289879064075649,0.000803317700047046,0.0111077707260847,1.37599366867018e-23,0,0.880991995334625,0,61304.9765625,NA,NA
"SEG226005",-1.57466089725494,7.86578941345215,17.7557411193848,8.04733371734619,19.3304023742676,2.38307905197144,1.99240982532501,3.08160662651062,2.75432276725769,89.2402420043945,70.4279937744141,74.5466079711914,86.9640655517578,0.0209498926997185,0.00328288483433425,0.000771941733546555,0.00745543511584401,1.14642266152704e-24,0,0.902850925922394,0,12413.810546875,NA,NA
"SEG226006",-0.0415010750293732,8.32639503479004,17.6374607086182,8.53462314605713,17.6789627075195,2.19321703910828,1.76140236854553,2.77920341491699,2.52357482910156,88.3857879638672,69.4963989257812,74.0711059570312,86.318717956543,0.111931823194027,0.0150148952379823,0.00950733851641417,0.0103005301207304,1.10557672575367e-25,0,0.814266860485077,0,19276.884765625,NA,NA
"SEG226007",-1.87694776058197,7.76926612854004,17.6846599578857,7.94905138015747,19.5616073608398,2.03777837753296,1.9354236125946,3.07959055900574,2.54544925689697,89.2346420288086,70.787956237793,74.62744140625,86.7299270629883,0.0290427729487419,0.00557229621335864,0.00140744773671031,0.00760373566299677,2.55109609810287e-24,0,0.824733912944794,0,23852.86328125,NA,NA
"SEG226008",-1.51301538944244,7.83118581771851,17.7233695983887,8.01865863800049,19.2363834381104,2.63718938827515,2.07023406028748,3.11118197441101,2.91141486167908,89.3039398193359,70.2773513793945,74.5182342529297,87.1262893676758,0.0130121344700456,0.000505025207530707,0.000116842376883142,0.00713043473660946,8.55553375515886e-25,0,0.941904604434967,0,25271.9921875,NA,NA
"SEG226009",-2.98442912101746,7.47501850128174,17.4317398071289,7.53777170181274,20.4161682128906,2.6407322883606,2.32889628410339,3.501633644104,3.24578809738159,89.4250106811523,70.8523788452148,74.4952392578125,86.7508926391602,0.00419226521626115,0.000153676490299404,0.000271726865321398,0.00233917916193604,0.00445442134514451,0,0.959571123123169,0,11825.5498046875,NA,NA
"SEG226010",-2.8583037853241,7.28985500335693,17.2448310852051,7.45291471481323,20.1031341552734,2.26277041435242,2.09402704238892,3.2888822555542,2.76218485832214,88.9317932128906,70.4323501586914,74.4032821655273,86.2072982788086,0.00907916016876698,0.000777835084591061,0.000258733634836972,0.00442892732098699,9.30308300084957e-25,0,0.938104093074799,0,16792.017578125,NA,NA
"SEG226011",-3.13528370857239,7.11459350585938,16.9715518951416,7.34423494338989,20.1068363189697,2.34908866882324,2.06201100349426,3.27485251426697,2.87597727775574,88.5901565551758,69.8934707641602,74.1334457397461,85.7307968139648,0.00940747000277042,0.00158375303726643,0.000183157055289485,0.00561392586678267,4.52426964020482e-25,0,0.95069682598114,0,15440.2548828125,NA,NA
"SEG226012",-2.30905842781067,7.41901969909668,17.2725276947021,7.71160554885864,19.5815868377686,2.17550206184387,1.87672698497772,3.05093145370483,2.62563943862915,88.8886184692383,69.7836380004883,73.8505554199219,86.1619110107422,0.0200985614210367,0.00381332240067422,0.000710167340002954,0.00623247539624572,2.25660091154848e-24,0,0.916842341423035,0,21569.947265625,NA,NA
"SEG226013",-0.505683600902557,8.24248504638672,17.7369842529297,8.44915008544922,18.2426681518555,2.29195690155029,1.84949970245361,2.87464809417725,2.58283090591431,88.5126037597656,69.6462249755859,74.2646942138672,86.5685195922852,0.103169083595276,0.0114390794187784,0.00599312176927924,0.0106448316946626,1.39724788887498e-24,0,0.821240723133087,0,18385.0234375,NA,NA
"SEG226014",-0.647784411907196,8.18760395050049,17.819803237915,8.42741012573242,18.467586517334,2.48669409751892,1.91488909721375,2.92756772041321,2.70079970359802,88.6243209838867,69.9569702148438,74.4617919921875,86.6845703125,0.0665311813354492,0.00651379069313407,0.00302682351320982,0.0131274703890085,4.31498632116389e-24,0,0.861785888671875,0,36616.48046875,NA,NA
"SEG226015",-2.03124713897705,7.63375806808472,17.6153659820557,7.79688167572021,19.6466121673584,2.6161961555481,2.19458985328674,3.2507472038269,2.96751046180725,89.6371002197266,70.6189804077148,74.5117874145508,87.130126953125,0.00816679000854492,0.000242419322603382,9.96048693195917e-05,0.00427952921018004,6.92390365564436e-25,0,0.948606848716736,0,5364.87890625,NA,NA
"SEG226016",-1.73981046676636,7.09762668609619,17.2567520141602,7.8939700126648,18.9965629577637,2.41614770889282,1.72159564495087,2.96350431442261,2.60323071479797,87.7371826171875,69.57177734375,73.1855392456055,85.567985534668,0.0487200170755386,0.00528065720573068,0.0053278780542314,0.00972862914204597,7.13499886985545e-23,0,0.878599882125854,0,26212.7109375,NA,NA
"SEG226017",1.25604641437531,8.78001594543457,18.7444133758545,9.96267700195312,17.4883689880371,2.42390465736389,1.61513316631317,2.61378383636475,2.48623299598694,87.320686340332,69.7627487182617,72.614990234375,85.2315521240234,0.0481241494417191,0.00510851619765162,0.00537405023351312,0.0151907354593277,1.92573568738933e-23,0.373807162046432,0.258546411991119,0.0664335489273071,79683.09375,NA,NA
"SEG226018",0.12421240657568,8.28749752044678,17.7342109680176,8.72496509552002,17.6099987030029,2.29273509979248,1.72549664974213,2.79723739624023,2.56920218467712,88.5338287353516,69.7059707641602,73.9169921875,86.3317489624023,0.0656071156263351,0.00846576876938343,0.00756637379527092,0.00934009719640017,4.22674276258405e-24,0,0.863245904445648,0,5341.9560546875,NA,NA
"SEG226019",-1.74284875392914,7.20707130432129,17.7167778015137,8.28828048706055,19.4596252441406,2.46450662612915,1.67469811439514,2.80323171615601,2.56881761550903,86.7153625488281,70.9236907958984,74.0358581542969,84.6805419921875,0.0353926755487919,0.00665192818269134,0.00301290722563863,0.00755992298945785,3.30990416384813e-23,0.0139195583760738,0.758747637271881,0.00179885549005121,28094.91015625,NA,NA
"SEG226020",-3.35343050956726,6.81797170639038,16.7876052856445,7.15165042877197,20.1410350799561,2.1353120803833,1.80996596813202,3.08935499191284,2.52949523925781,88.4360656738281,68.8866806030273,73.2558288574219,85.3013381958008,0.0123007735237479,0.00144975772127509,0.00175422849133611,0.00401834398508072,6.43454592182692e-24,0,0.945153176784515,0,15798.6337890625,NA,NA
"SEG226021",-2.05840086936951,7.27083921432495,17.8784523010254,8.25975799560547,19.9368515014648,2.4768533706665,1.68225586414337,2.79980707168579,2.597740650177,86.7460708618164,71.1537017822266,73.836555480957,84.7469482421875,0.0329594500362873,0.00597414933145046,0.00260619190521538,0.00941966194659472,7.24683441821118e-24,2.11984315683367e-05,0.800086557865143,2.21718300963403e-06,39706.28515625,NA,NA
"SEG226022",-0.0214030984789133,8.1051721572876,17.9133148193359,8.92432117462158,17.9347190856934,2.55150151252747,1.746009349823,2.87270951271057,2.67560195922852,88.0003814697266,69.7542266845703,73.4060897827148,85.9300842285156,0.0414046570658684,0.00466713309288025,0.0027166057843715,0.011778486892581,5.68763159083577e-23,0,0.866255581378937,0,21847.427734375,NA,NA
"SEG226023",-2.51654171943665,7.05276679992676,16.9709720611572,7.45208263397217,19.4875144958496,2.20194816589355,1.76150727272034,3.01426839828491,2.53778076171875,88.616569519043,69.5422286987305,73.6047515869141,86.041130065918,0.0219620708376169,0.00223963242024183,0.00125911016948521,0.00554379401728511,2.25767005473333e-23,0,0.913911044597626,0,12889.748046875,NA,NA
"SEG226024",0.491454780101776,8.43069076538086,18.0587711334229,9.17958068847656,17.5673160552979,2.40834832191467,1.69602239131927,2.77946352958679,2.58512878417969,88.2017440795898,69.7547836303711,73.5744552612305,86.0241317749023,0.0572768859565258,0.00540016498416662,0.00674984697252512,0.0107836769893765,4.540081942898e-23,0,0.844579935073853,0,21850.109375,NA,NA
"SEG226025",-0.36378225684166,7.92208623886108,18.3843383789062,9.04912376403809,18.7481212615967,2.43053197860718,1.61101830005646,2.7878155708313,2.54973125457764,85.6551055908203,70.5661163330078,73.4232482910156,84.2421188354492,0.0396696142852306,0.00733815599232912,0.00339038041420281,0.00933773908764124,4.05262227744386e-25,0.186443895101547,0.555701494216919,0.0240945611149073,11543.1171875,NA,NA
"SEG226033",-3.27517700195312,5.28219795227051,14.3290300369263,6.33744287490845,17.6042060852051,3.36072587966919,2.93708395957947,3.27755045890808,3.3239209651947,87.8884735107422,73.7806930541992,78.1407699584961,87.1203536987305,0.00698299473151565,0.000443025550339371,0.00226243515498936,0.000644295185338706,0.008187435567379,0,0.887746095657349,0,12701.4052734375,NA,NA
"SEG226034",-3.85153961181641,5.90618801116943,15.1541786193848,6.14328575134277,19.0057182312012,1.93552076816559,1.90743231773376,3.32732725143433,2.47477030754089,87.539680480957,70.0659027099609,75.0167770385742,85.1540222167969,0.0097876526415348,0.000388352229492739,0.00184070516843349,0.00118643359746784,1.09701709189396e-24,0.302400469779968,0.62993311882019,0.0049934727139771,9226.17578125,NA,NA
"SEG226035",-3.61914658546448,7.04676151275635,16.8407211303711,7.11259889602661,20.459867477417,1.96172904968262,1.75016915798187,3.15369057655334,2.32250809669495,88.83984375,68.683235168457,73.2710876464844,85.5188293457031,0.00680099613964558,8.87856731424108e-05,0.000420459662564099,0.00218542059883475,8.69222954496781e-25,0.076026514172554,0.853908002376556,0.000896901357918978,8839.5419921875,NA,NA
"SEG226036",-4.33928966522217,5.60071611404419,15.1899862289429,5.92388010025024,19.529275894165,1.93166899681091,1.88565373420715,3.31312680244446,2.52621150016785,87.8849411010742,70.0605163574219,74.3772583007812,85.3072357177734,0.00180322222877294,2.67200211965246e-05,0.000954156275838614,0.00139585661236197,0.00517556816339493,0.000228226504987106,0.970586359500885,4.3257905417704e-06,9669.9287109375,NA,NA
"SEG226037",-3.07813262939453,6.5812840461731,15.8774738311768,7.09335947036743,18.9556064605713,2.91917157173157,2.49796628952026,3.10945105552673,2.94409823417664,88.8617248535156,71.3911056518555,75.1141357421875,87.0851364135742,0.00991845596581697,0.000262603425653651,0.00176544941496104,0.00141090934630483,0.00424027442932129,0,0.899221122264862,0,18623.970703125,NA,NA
"SEG226038",-2.82337999343872,7.63672685623169,16.9900741577148,7.5891695022583,19.8134536743164,2.11418700218201,1.88392460346222,3.06191992759705,2.39878726005554,88.0498657226562,68.6555023193359,73.1974639892578,85.1565246582031,0.0343131609261036,0.00228594685904682,0.00188029324635863,0.00711334822699428,3.07919926776135e-23,0.0878573432564735,0.792168080806732,0.0010364722693339,62241.6484375,NA,NA
"SEG226039",-4.02905416488647,6.80943536758423,16.8224658966064,6.88103866577148,20.8515205383301,2.06908226013184,1.73333346843719,3.13921523094177,2.37491893768311,89.2320327758789,68.4933242797852,72.5415649414062,86.0003814697266,0.00931026693433523,8.64758258103393e-05,0.000905450840946287,0.00238075363449752,1.7348333204781e-24,0,0.958821058273315,0,4275.22314453125,NA,NA
"SEG226040",-4.14312791824341,6.17839241027832,16.1689300537109,6.60550832748413,20.3120574951172,2.54265356063843,2.11642956733704,3.07925462722778,2.80065870285034,89.378662109375,71.4469528198242,73.53857421875,87.1862564086914,0.00372295035049319,3.11009061988443e-05,0.00118849531281739,0.00097411114256829,0.00460478756576777,0,0.915769517421722,0,13538.2685546875,NA,NA
"SEG226072",-5.99753284454346,5.79881906509399,17.2529678344727,6.07920694351196,23.2505016326904,2.18903231620789,1.68942892551422,2.96621942520142,2.44381785392761,87.9513473510742,67.8976593017578,69.7485733032227,85.788932800293,0.00622152769938111,0.000125660284538753,0.000453200482297689,0.00334470346570015,1.54749552017474e-24,0,0.967287063598633,0,4895.85205078125,NA,NA
"SEG226073",-9.4339714050293,2.45063424110413,14.8714809417725,3.76146602630615,24.3054523468018,2.18369841575623,1.94953095912933,3.11150169372559,2.6395263671875,87.673210144043,74.5890045166016,71.9599990844727,86.4452056884766,0.000210932004847564,2.06582740247541e-06,0.00145705486647785,0.000475540145998821,0.00624933512881398,0,0.89876514673233,0,4372.61279296875,NA,NA
"SEG226074",-6.99967622756958,5.35090446472168,16.7630462646484,5.49318218231201,23.7627239227295,2.14476108551025,1.88928520679474,3.2060821056366,2.48394751548767,88.7016677856445,68.2758178710938,69.5376205444336,86.3079681396484,0.000323744228808209,1.12097850433202e-05,0.000309563271002844,0.000847311224788427,1.67376947751257e-27,0,0.953277945518494,0,7380.4912109375,NA,NA
"SEG226075",-5.94580841064453,5.87492561340332,17.5353927612305,6.33428382873535,23.4812030792236,2.34423851966858,1.61812078952789,2.76645517349243,2.60543394088745,88.1705780029297,68.5230712890625,69.6332168579102,86.0790405273438,0.0110840098932385,0.00202074344269931,0.00104833929799497,0.00291867228224874,8.83882041154141e-24,0,0.953371644020081,0,23631.203125,NA,NA
"SEG226076",-8.5966854095459,2.86699080467224,15.3511075973511,4.17721366882324,23.9477939605713,1.77602303028107,1.61918139457703,2.90596437454224,2.36089825630188,86.975959777832,71.2940673828125,70.9547348022461,85.9874038696289,0.000218318920815364,1.83566080522723e-05,0.00106242846231908,0.000916360062547028,0.00351471593603492,0,0.957430839538574,0,28347.4375,NA,NA
"SEG226077",-4.78240060806274,5.85188007354736,18.5012531280518,6.98781394958496,23.283655166626,2.40324115753174,1.56417262554169,2.40039467811584,2.69124627113342,88.6286087036133,71.0866775512695,73.0205917358398,87.4117279052734,0.0222511719912291,0.000774565385654569,0.000877910642884672,0.005433714017272,4.367055085213e-23,0.194059669971466,0.416938751935959,0.000305332679999992,4149.2080078125,NA,NA
"SEG226078",-9.2580976486206,2.13779616355896,14.535548210144,3.57074213027954,23.7936458587646,2.00158071517944,1.82316327095032,3.03395009040833,2.5651228427887,86.8923721313477,72.7590484619141,71.9000625610352,86.0589370727539,8.44053211039864e-05,2.15788463719946e-06,0.000641978404019028,0.000262132060015574,0.00462367665022612,0,0.934556186199188,0,4750.00537109375,NA,NA
"SEG226079",-4.61860799789429,5.61754989624023,18.1465892791748,7.246337890625,22.7651958465576,2.19193243980408,1.48639798164368,2.37603783607483,2.59335732460022,88.2786483764648,70.4971084594727,71.2651214599609,86.426872253418,0.00722901662811637,0.000614040880464017,0.00031707901507616,0.00597848137840629,2.91307399636394e-23,0.00707047199830413,0.747743368148804,1.11246527012554e-05,8116.740234375,NA,NA
"SEG226080",-8.67710399627686,1.65253984928131,14.5829172134399,3.90874767303467,23.2600212097168,1.43787157535553,1.47219347953796,2.80696821212769,2.13110756874084,86.6604843139648,73.3947219848633,72.2504272460938,86.5345764160156,0.000630526279564947,9.04923308553407e-06,0.00165086064953357,0.00133721251040697,0.00970344990491867,0,0.949245929718018,0,14324.9111328125,NA,NA
"SEG226081",-4.27264070510864,6.17534160614014,18.3371143341064,7.44433546066284,22.6097564697266,2.0780622959137,1.37393450737,2.45125722885132,2.45302629470825,87.9127883911133,71.55615234375,71.9929733276367,85.3926162719727,0.0236632712185383,0.0037473610136658,0.00170654221437871,0.0118742175400257,7.08874890161543e-23,0.00978150591254234,0.724233746528625,0.000556932704057544,64792.28125,NA,NA
"SEG226082",-5.69706726074219,5.96758937835693,17.7296047210693,6.70863914489746,23.4266719818115,2.30388760566711,1.74185228347778,2.6513831615448,2.72433137893677,88.8739776611328,68.6238098144531,69.5184173583984,87.2043914794922,0.00123470590915531,8.4251572843641e-05,0.000513684761244804,0.000573680503293872,1.17227303558248e-26,0,0.974419951438904,0,2807.55712890625,NA,NA
"SEG226083",-5.59513282775879,6.3102011680603,18.1151599884033,7.02904367446899,23.7102909088135,2.18093633651733,1.71056151390076,2.58144378662109,2.60129261016846,89.3945541381836,69.1210250854492,70.7260971069336,88.3219146728516,0.0086264293640852,0.000257935578702018,0.00127709552180022,0.00106052227783948,5.60686635475134e-25,8.4352571150248e-08,0.9649258852005,0.000641356804408133,4810.88720703125,NA,NA
"SEG226084",-7.32787084579468,5.29292488098145,17.3785514831543,5.60010814666748,24.7064228057861,1.94909608364105,1.69769632816315,2.77424168586731,2.43039894104004,88.7770004272461,68.2159042358398,68.6817092895508,87.0065689086914,0.000747385143768042,2.99089570034994e-05,0.000578682636842132,0.000592756608966738,4.67929062261975e-27,0,0.993250131607056,0,6158.90185546875,NA,NA
"SEG226085",-4.48840999603271,6.18921232223511,17.7092437744141,7.05245018005371,22.1976528167725,2.12663412094116,1.56656956672668,2.85428833961487,2.49732303619385,88.2415237426758,69.7416839599609,71.4662322998047,85.9440002441406,0.0172251854091883,0.00230438890866935,0.00100290833506733,0.00466048391535878,1.73240449663702e-23,0.029088331386447,0.851855933666229,0.00165621167980134,27855.962890625,NA,NA
"SEG226201",-6.20089912414551,5.86396789550781,16.6294288635254,5.83447456359863,22.8303279876709,2.18763303756714,1.7906037569046,3.27485156059265,2.56895732879639,90.1061325073242,69.1022109985352,72.0241851806641,87.287712097168,0.00265677319839597,1.39858575494145e-05,0.000850005308166146,0.000732330954633653,2.54140338264935e-26,0,0.97231912612915,0,2627.24975585938,NA,NA
"SEG226202",-3.89172434806824,6.34028482437134,17.4333152770996,7.11658430099487,21.3250389099121,2.56817746162415,1.74688005447388,3.29451751708984,2.84410834312439,89.5592193603516,70.0301895141602,72.4367141723633,87.3774490356445,0.0107073560357094,0.000131846245494671,0.001555769238621,0.00301074236631393,6.3222695185543e-25,0,0.959456741809845,0,3653.08666992188,NA,NA
"SEG226203",-5.44681215286255,5.95820236206055,16.4151344299316,6.10456037521362,21.8619441986084,2.39790678024292,1.9735563993454,3.21842813491821,2.71675157546997,89.5274353027344,70.4914779663086,71.7132720947266,86.9231491088867,0.00199726596474648,2.56837465713033e-05,0.000916688295546919,0.000343247287673876,9.80305891338485e-27,0,0.955150306224823,0,2083.71484375,NA,NA
"SEG226204",-6.18969583511353,5.84940528869629,16.8976230621338,5.96624374389648,23.0873184204102,2.05015349388123,1.7787914276123,3.31753587722778,2.44168663024902,89.3943405151367,68.1103286743164,70.6833343505859,86.496208190918,0.00178280181717128,1.86228044185555e-05,0.00065045861992985,0.000870856805704534,1.55185703351209e-26,0,0.969054222106934,0,12269.3310546875,NA,NA
"SEG226205",-6.52822542190552,5.86388540267944,17.1025886535645,5.8906044960022,23.6308135986328,2.11137747764587,1.83271276950836,3.27027177810669,2.542724609375,89.1288757324219,67.9945907592773,69.5169830322266,86.4097213745117,0.000646697182673961,3.71279311366379e-05,0.00035216094693169,0.000684263999573886,1.1057980035487e-27,0,0.962699472904205,0,2726.8466796875,NA,NA
"SEG226206",-2.60530972480774,6.52067565917969,17.8753185272217,7.866539478302,20.4806289672852,2.30605053901672,1.47523069381714,3.15136456489563,2.74255871772766,88.6323089599609,70.8783874511719,72.6212997436523,86.7165069580078,0.0260669998824596,0.00264440104365349,0.00268195965327322,0.00450109736993909,8.40392257778443e-25,0.0146958036348224,0.843782246112823,0.000459006754681468,8435.71875,NA,NA
"SEG226207",-4.7982063293457,6.22137403488159,17.2720565795898,6.73177528381348,22.0702629089355,2.25232243537903,1.83243751525879,3.25312638282776,2.53156423568726,89.651481628418,68.4505844116211,71.163948059082,87.0231018066406,0.00176355929579586,2.3941644030856e-05,0.000436256901593879,0.000958706659730524,9.69191488296382e-26,0,0.950531899929047,0,3051.181640625,NA,NA
"SEG226208",-1.35595881938934,6.59246969223022,18.0782718658447,8.87239742279053,19.4342288970947,3.31154823303223,2.00180315971375,2.90615367889404,3.21196389198303,88.0812377929688,72.3884506225586,74.2577972412109,85.9691314697266,0.0438862666487694,0.000483651150716469,0.00599551480263472,0.00381463789381087,0,0.772844135761261,0,0.0281408205628395,5334.4951171875,NA,NA
"SEG226209",-3.0826358795166,6.49077749252319,17.7927131652832,7.91923189163208,20.8753490447998,2.48097681999207,1.78608596324921,2.97703504562378,2.71034455299377,88.8780746459961,70.3028106689453,72.4851837158203,86.4726486206055,0.0287566427141428,0.0020075817592442,0.00284185772761703,0.0045525785535574,3.63139306617392e-23,0.114306397736073,0.739304661750793,0.00366888428106904,73570.4296875,NA,NA
"SEG226210",-8.83030319213867,3.56286382675171,15.4567136764526,4.25449323654175,24.287015914917,2.34625720977783,2.03873324394226,3.12669634819031,2.63345742225647,88.408203125,72.89306640625,71.134521484375,86.3987197875977,0.000760790077038109,8.37504649098264e-06,0.000675935065373778,0.000892145151738077,0.00806175637990236,0,0.94102144241333,0,3245.94311523438,NA,NA
"SEG226211",-7.62569332122803,3.78763365745544,15.2119779586792,4.64173555374146,22.8376712799072,2.61515069007874,2.23153924942017,3.07488036155701,2.82774257659912,88.7105102539062,73.6015548706055,72.4084014892578,86.974494934082,0.0014435201883316,1.83905485755531e-05,0.00116195599548519,0.000423206278355792,0.0105333775281906,0,0.914282202720642,0,4802.2216796875,NA,NA
"SEG226212",-1.59092748165131,6.69708633422852,18.2482509613037,8.63689041137695,19.8391780853271,2.57845830917358,1.61871802806854,3.02614283561707,2.77435183525085,88.2273254394531,71.2795181274414,73.4172821044922,86.1022186279297,0.0307904090732336,0.00513573456555605,0.00183168658986688,0.0128213493153453,1.67005366531507e-25,0.514209628105164,0.17028583586216,0.0209823604673147,91152.2578125,NA,NA
"SEG226213",-2.46539831161499,6.35762023925781,17.7419948577881,7.90941381454468,20.2073917388916,2.28969883918762,1.54729962348938,3.09948921203613,2.64378142356873,88.8373870849609,70.4971160888672,72.7106628417969,86.8139114379883,0.0389825478196144,0.00541143817827106,0.0034595881588757,0.00414144899696112,8.3690312599465e-25,0,0.85736346244812,0,5223.17333984375,NA,NA
"SEG226214",-6.70986700057983,4.86155128479004,15.7957334518433,5.30369663238525,22.5055999755859,2.42137670516968,2.06281661987305,3.18276405334473,2.67281150817871,89.24658203125,71.7740707397461,72.1185607910156,86.9838409423828,0.00130960054229945,1.28794499687501e-05,0.00147894804831594,0.000235811021411791,0.00532727176323533,0,0.944329142570496,0,7259.97216796875,NA,NA
"SEG226215",-3.8615505695343,6.14441347122192,17.1987247467041,7.11849880218506,21.0602741241455,2.33516669273376,1.84948658943176,3.22672486305237,2.57833957672119,90.0824279785156,69.324462890625,72.5006866455078,87.6407318115234,0.00918011367321014,0.000120912067359313,0.00105572573374957,0.000851165386848152,4.62201739497076e-25,0.0372268967330456,0.917419195175171,0.000491498445626348,6456.6787109375,NA,NA
"SEG226216",-3.56186819076538,6.91570568084717,16.8565979003906,7.1336236000061,20.4184646606445,1.97965955734253,1.69779527187347,3.0831036567688,2.33296275138855,88.8963088989258,68.8251953125,73.3712310791016,85.5454025268555,0.00665388768538833,0.000249711039941758,0.00054544594604522,0.00223040371201932,1.20882915191624e-24,0.0278901234269142,0.914865434169769,0.000329025875544176,5935.11865234375,NA,NA
"SEG226217",-2.88228368759155,7.39267206192017,18.2498760223389,8.00448894500732,21.1321582794189,2.41103148460388,1.63044881820679,3.01722431182861,2.72131609916687,87.70458984375,71.9053421020508,74.2742614746094,85.7755432128906,0.0265898909419775,0.00264952098950744,0.000729336519725621,0.00777253601700068,6.51472613866404e-24,0.000453069893410429,0.819765746593475,4.73874169983901e-05,22703.21484375,NA,NA
"SEG226218",-3.22640109062195,7.22567319869995,18.141580581665,7.78548288345337,21.3679809570312,2.62567496299744,1.71678602695465,3.06736207008362,2.81354379653931,87.75927734375,71.4865570068359,73.9938583374023,85.8596801757812,0.0285643860697746,0.001815494033508,0.00187113520223647,0.0044930842705071,7.44521794751707e-24,0,0.75874263048172,0,16462.998046875,NA,NA
"SEG226219",-4.21209955215454,6.72171831130981,17.6433258056641,7.09391164779663,21.8554267883301,2.70011162757874,1.79542446136475,3.20909404754639,2.89508295059204,89.1942520141602,70.4912643432617,73.1033935546875,86.9852828979492,0.0160117577761412,0.000897785241249949,0.00110825162846595,0.00405948888510466,3.31491776933126e-24,0.0203065406531096,0.847650587558746,0.000742890289984643,40030.67578125,NA,NA
"SEG226220",-4.60931491851807,6.72663497924805,17.1212024688721,6.80936336517334,21.7305183410645,2.14445996284485,1.70193779468536,3.15504884719849,2.49003338813782,89.5025253295898,68.8139343261719,72.4147338867188,86.6708374023438,0.0124594429507852,0.000266182498307899,0.000707682280335575,0.00357281416654587,4.00296067314322e-24,0,0.952950656414032,0,20956.8125,NA,NA
"SEG226221",-3.09180879592896,6.9619722366333,17.4791030883789,7.6149320602417,20.5709133148193,2.45588850975037,1.73410677909851,2.9538562297821,2.60445523262024,88.1269836425781,70.0990905761719,73.3110275268555,85.7517776489258,0.0231274385005236,0.00337185431271791,0.00225065019913018,0.00743009895086288,3.56140302910533e-25,0.00241095619276166,0.887175858020782,0.00025216635549441,73231.5390625,NA,NA
"SEG226222",-3.26672911643982,7.05775594711304,17.7572460174561,7.63374471664429,21.0239753723145,2.59852576255798,1.77857148647308,3.04809474945068,2.73920106887817,88.432975769043,70.8954925537109,73.8441925048828,86.3005599975586,0.0207102745771408,0.00308289402164519,0.00109586725011468,0.0057667326182127,1.97378895221564e-24,0.0100846737623215,0.840548038482666,0.00105477473698556,10650.5419921875,NA,NA
"SI031",5.2166953086853,14.3936519622803,25.0160713195801,15.7015199661255,19.7993774414062,1.86682343482971,2.34900689125061,2.45854043960571,2.7655656337738,82.2891235351562,68.8841552734375,62.7512550354004,75.7665405273438,0.285147666931152,0.206577137112617,7.85877455200534e-06,0.0224198177456856,0,0.00670989882200956,0.466399490833282,0.0127382157370448,85994.984375,NA,NA
"SI032",5.22870492935181,14.0866146087646,24.6542129516602,15.6193408966064,19.4255084991455,2.30343174934387,2.97392392158508,2.93011784553528,3.55474877357483,82.3361511230469,70.6287002563477,65.3418350219727,77.2816314697266,0.212247714400291,0.16449972987175,0.00010034252773039,0.0265872236341238,0,0.046761903911829,0.516474068164825,0.0333289727568626,231350.984375,NA,NA
"SI033",3.53552484512329,12.3804206848145,22.6233463287354,13.99294090271,19.0878219604492,2.39445948600769,3.33195614814758,3.59142374992371,3.78742957115173,83.5794525146484,73.8003311157227,70.8114929199219,80.3777847290039,0.0889389663934708,0.0884637162089348,0.00537118222564459,0.0286915246397257,0,0,0.788534581661224,0,105242.625,NA,NA
"SI034",4.48275518417358,12.7406454086304,23.3005332946777,14.7045259475708,18.817777633667,2.80318546295166,3.36781144142151,3.3155837059021,4.18811893463135,83.0635147094727,72.69677734375,67.4057464599609,78.8497772216797,0.0938785672187805,0.131399810314178,0.00460728537291288,0.033645261079073,0,0,0.736469089984894,0,314269.53125,NA,NA
"SI035",4.17736482620239,12.511926651001,23.0728893280029,14.4584255218506,18.8955249786377,3.02473378181458,3.55413055419922,3.44319272041321,4.42932796478271,83.5936889648438,73.5031204223633,68.2854385375977,79.4880447387695,0.0592259094119072,0.105021834373474,0.00976462382823229,0.0367335937917233,0,0,0.789254069328308,0,79803.5078125,NA,NA
"SI036",4.90045976638794,13.4619874954224,24.2367820739746,15.3235740661621,19.3363208770752,2.87289500236511,3.18230533599854,2.88608503341675,4.04868507385254,83.1191253662109,72.3396835327148,64.7365264892578,77.8470153808594,0.128460645675659,0.116661109030247,9.57298834691755e-05,0.0322709009051323,6.92916387876798e-25,0,0.722511649131775,0,128454.1640625,NA,NA
"SI037",4.21734857559204,12.4990949630737,23.4113311767578,14.6776065826416,19.1939830780029,3.65721392631531,3.6766369342804,2.8375244140625,4.79884433746338,84.2532653808594,74.1774215698242,65.8380889892578,79.1181030273438,0.062815710902214,0.102016657590866,0.000299054576316848,0.0132347457110882,3.47065992777227e-33,0,0.820317327976227,0,138090.328125,NA,NA
"SI038",4.0991997718811,11.4246788024902,22.3986701965332,14.1242265701294,18.2994689941406,4.85712623596191,4.34646654129028,2.83279275894165,5.85442066192627,84.2196960449219,75.2469940185547,67.0575866699219,79.7947616577148,0.042690210044384,0.096099503338337,0.0035309661179781,0.0109903430566192,7.29835028937335e-25,0,0.837437331676483,0,71889.328125,NA,NA
"SI041",3.95362234115601,12.0134649276733,22.7576999664307,14.2169132232666,18.8040752410889,4.00911664962769,4.1103777885437,3.28548312187195,5.30092239379883,84.552116394043,74.8575210571289,68.2176513671875,80.1144638061523,0.0410440936684608,0.0848139971494675,0.00907944235950708,0.0251737236976624,0,0,0.839888751506805,0,294124.03125,NA,NA
"SI042",2.86422157287598,10.1561260223389,20.737771987915,12.7068252563477,17.8735504150391,5.01836347579956,5.13479042053223,3.99122476577759,6.65247058868408,85.2498550415039,76.1644058227539,70.7878799438477,81.2890930175781,0.04044359177351,0.0605214387178421,0.0108281886205077,0.0316779464483261,0,0,0.856385946273804,0,303577.09375,NA,NA
"SI043",2.98999047279358,9.21553707122803,20.0278339385986,12.4553308486938,17.0378437042236,5.84319305419922,5.6499137878418,3.87215995788574,7.40080690383911,83.6335296630859,76.0584945678711,69.2862701416016,79.5854873657227,0.0432480685412884,0.0541400164365768,0.00178591697476804,0.0357036888599396,0,0,0.80743944644928,0,210341.578125,NA,NA
"SI044",7.50244760513306,14.3512535095215,25.3855323791504,17.1176319122314,17.8830852508545,4.60086631774902,3.94561910629272,2.49081349372864,5.42569494247437,80.3109283447266,74.1399307250977,65.7846832275391,76.5444183349609,0.100094951689243,0.113801755011082,0.000734470726456493,0.073114387691021,1.27888971314976e-25,0,0.540083885192871,0,176220.953125,NA,NA
"SK010",4.54927062988281,13.528712272644,24.4447555541992,14.8918046951294,19.8954849243164,2.20502924919128,2.09306931495667,1.86681437492371,1.90309584140778,83.3590393066406,69.6528930664062,60.5839195251465,74.4577331542969,0.397250235080719,0.122106187045574,2.51557286112813e-09,0.0626191720366478,0,8.73728444195782e-14,0,0.417666465044022,572046,NA,NA
"SK021",4.5587272644043,13.4917726516724,24.4733009338379,14.9486722946167,19.9145736694336,2.02349138259888,1.97322714328766,1.72393929958344,1.75052726268768,83.2188262939453,69.0746154785156,59.6604194641113,73.6196975708008,0.489180654287338,0.134073004126549,0.000105007813544944,0.0405912585556507,0,2.11201545141648e-09,0.0578633397817612,0.278139919042587,596051.4375,NA,NA
"SK022",2.95473313331604,11.5309371948242,22.0952110290527,13.2833251953125,19.1404781341553,2.74983382225037,2.53024840354919,2.09517621994019,2.15060186386108,85.6411819458008,73.3612823486328,68.154167175293,78.1311111450195,0.257520288228989,0.0800249427556992,8.25488823466003e-05,0.0387908220291138,0,2.72836186956982e-20,0.616438388824463,0.00714301969856024,477991.84375,NA,NA
"SK023",4.28749179840088,13.4364280700684,24.4907360076904,14.8435897827148,20.2032432556152,2.11081409454346,1.94911324977875,1.57064759731293,1.79776060581207,83.84765625,69.2918090820312,60.1323547363281,73.9310760498047,0.468976736068726,0.128495171666145,3.68942505701852e-06,0.0331931337714195,0,8.45159586759792e-09,0.23226161301136,0.137069657444954,670110.1875,NA,NA
"SK031",1.17992699146271,9.56607055664062,19.5198078155518,11.3118963241577,18.3398818969727,3.38025522232056,3.63166785240173,3.17038345336914,2.89362812042236,87.6867065429688,76.3305816650391,75.6180114746094,82.6002731323242,0.12945781648159,0.0655325725674629,0.000267221621470526,0.0420646369457245,0,0,0.746473073959351,0.0140279186889529,731839.375,NA,NA
"SK032",2.3119387626648,11.1011810302734,21.5969200134277,12.7688894271851,19.2849807739258,2.60760712623596,2.74479246139526,2.13060998916626,2.19260358810425,86.1125717163086,73.3645324707031,69.6037139892578,79.088737487793,0.209736302495003,0.0774805843830109,0.000372361129848287,0.0281709469854832,0,0,0.684239864349365,0,590332.8125,NA,NA
"SK041",2.10126352310181,10.8070993423462,20.6463871002197,12.1502838134766,18.5451240539551,2.61506628990173,3.35301947593689,3.06853699684143,2.40282392501831,85.9852828979492,74.5711975097656,74.0444183349609,80.5486221313477,0.20791420340538,0.0847479477524757,0.000627731496933848,0.0286549553275108,3.37880373990629e-05,0.00299195852130651,0.441571712493896,0.232685163617134,790643.9375,NA,NA
"SK042",2.8038432598114,11.6916036605835,21.9188899993896,13.0798568725586,19.1150455474854,2.14200949668884,2.65404939651489,2.25375270843506,1.9775048494339,85.0411911010742,71.9851684570312,68.364631652832,77.2501678466797,0.269485235214233,0.0830173566937447,0.000211908292840235,0.035119965672493,8.60658474266529e-05,2.63652460974484e-10,0.51544052362442,0.0951101034879684,799854.8125,NA,NA
"SM",5.57087421417236,12.348687171936,24.2556018829346,15.8247442245483,18.6847267150879,2.40663981437683,1.94464337825775,1.31162571907043,3.21936440467834,82.7723159790039,71.2859420776367,60.3002624511719,76.6951446533203,0.265065670013428,0.119559399783611,0.00411073537543416,0.0254561454057693,0,1.78493591435069e-11,0,0.582454800605774,3742.96704101562,NA,NA
"UKC1",6.30583763122559,10.0345439910889,17.7238349914551,12.6910800933838,11.4179983139038,2.86094260215759,2.1089653968811,2.44725394248962,2.94588661193848,86.1042938232422,80.2499771118164,80.8576431274414,85.0130310058594,0.229992240667343,0.328659892082214,0.0259955078363419,0.107656233012676,0,1.15526105392075e-13,0.111042477190495,0.101632066071033,1601964,NA,NA
"UKC2",6.05145502090454,9.7420482635498,17.3219146728516,12.3141374588013,11.2704591751099,2.94150066375732,2.18969702720642,2.49111151695251,3.05657911300659,86.18017578125,80.1175842285156,81.4596786499023,85.2430877685547,0.203772708773613,0.372684001922607,0.0655695647001266,0.0449560359120369,6.85135373982419e-28,4.8697081089788e-11,0.192665860056877,0.0208575446158648,942333.6875,NA,NA
"UKD1",6.16200113296509,9.95065498352051,17.5182247161865,12.4489631652832,11.3562240600586,5.19676780700684,3.08228921890259,3.16551733016968,5.00747919082642,87.7577514648438,81.5447463989258,83.6213989257812,86.9852600097656,0.0956102162599564,0.497181326150894,0.0734037458896637,0.0167002193629742,0,0,0.197619557380676,0.00239839195273817,485126.875,NA,NA
"UKD3",6.67978620529175,10.8347015380859,18.6852111816406,13.3034553527832,12.0054244995117,4.27700185775757,2.64450931549072,2.85884690284729,4.33443546295166,87.7838821411133,80.2843475341797,81.2529525756836,86.0830688476562,0.172090128064156,0.401704281568527,0.00028703422867693,0.199696332216263,0,0,0.220493957400322,0,1501779.125,NA,NA
"UKD4",6.62089157104492,10.6181936264038,18.3653526306152,13.1327419281006,11.7444610595703,4.6091742515564,2.73099637031555,2.96680760383606,4.67234992980957,86.739013671875,80.4587097167969,82.1005706787109,85.6395111083984,0.174265593290329,0.426787108182907,0.0119449812918901,0.130609780550003,0,6.52152767552372e-12,0.203637316823006,0.00152373022865504,2168288.75,NA,NA
"UKD6",6.94889450073242,11.2132987976074,19.1161403656006,13.6346473693848,12.1672449111938,3.16193795204163,2.17751836776733,2.34839987754822,3.44570922851562,86.9042282104492,79.2164077758789,79.5638275146484,84.8462600708008,0.219463646411896,0.32567372918129,4.7790163080208e-05,0.208530575037003,0,0,0.224677756428719,0,2699193,NA,NA
"UKD7",6.99012660980225,11.0432834625244,18.8533058166504,13.5642614364624,11.8631792068481,3.06426358222961,2.07734131813049,2.22350883483887,3.41897869110107,85.8459930419922,79.1970443725586,79.7034530639648,84.128791809082,0.20242016017437,0.282249003648758,8.77246664199305e-10,0.165663346648216,0,2.40787424721223e-11,0.192394360899925,0.00562590733170509,583525.4375,NA,NA
"UKE1",6.78449535369873,11.006609916687,19.1284675598145,13.7058553695679,12.3439712524414,2.1291663646698,1.63701605796814,1.91729032993317,2.17064929008484,85.4804840087891,79.1127243041992,77.8551559448242,82.5585403442383,0.471852362155914,0.212293148040771,0.0016045575030148,0.0749576911330223,0,2.83384361983441e-12,0.0521990954875946,0.0489382483065128,978067.625,NA,NA
"UKE2",6.03600740432739,10.1079521179199,18.0270557403564,12.69753074646,11.9910488128662,3.15211272239685,2.08962488174438,2.43413901329041,3.078453540802,86.8684387207031,80.4845504760742,80.6360321044922,85.0960159301758,0.326940268278122,0.377475440502167,0.0357447788119316,0.0638275519013405,0,2.65541440832434e-14,0.0810951888561249,0.0896873846650124,1789456.75,NA,NA
"UKE3",6.43425416946411,10.6628131866455,18.8173046112061,13.2396678924561,12.3830509185791,2.8218879699707,2.02046704292297,2.16227030754089,2.76495766639709,87.0741806030273,79.1729736328125,78.0429306030273,84.0552825927734,0.366177648305893,0.246015414595604,0.00841226521879435,0.18795371055603,0,7.12206986094865e-13,0.0601289048790932,0.129732742905617,1260751.875,NA,NA
"UKE4",6.4079966545105,10.5109252929688,18.5050773620605,13.1044616699219,12.0970821380615,3.64698004722595,2.36340403556824,2.51505041122437,3.52315044403076,87.6676025390625,80.30419921875,80.1709594726562,85.3519668579102,0.264867335557938,0.301646828651428,5.04132025014314e-09,0.234058737754822,0,0,0.155986070632935,0.0426235012710094,2507042,NA,NA
"UKF1",6.45567798614502,10.7829160690308,19.0102767944336,13.3264474868774,12.5545988082886,2.91005706787109,2.06770610809326,2.15918827056885,2.82349252700806,87.5412292480469,79.1577529907227,77.5775680541992,84.2169647216797,0.362035989761353,0.286192208528519,0.0127722546458244,0.163288980722427,0,1.69397083166212e-11,0.0649109408259392,0.109732732176781,3128273.75,NA,NA
"UKF2",6.71614933013916,11.22727394104,19.629789352417,13.7680358886719,12.9136400222778,2.33682465553284,1.74441826343536,1.84158289432526,2.252601146698,87.3947830200195,78.5626220703125,75.6205291748047,83.2976608276367,0.51472932100296,0.220001235604286,2.13969686413407e-09,0.129949077963829,0,0,0.00338597735390067,0.129569321870804,2751068.25,NA,NA
"UKF3",6.79011631011963,11.1854219436646,19.4856777191162,13.8914861679077,12.6955614089966,2.22125434875488,1.6603502035141,1.8205029964447,2.12638711929321,86.061637878418,78.6349868774414,76.3200759887695,82.3047714233398,0.537488043308258,0.222443863749504,3.04173419785059e-09,0.0547434873878956,0,3.02594144185875e-10,0.00017076896619983,0.0879490077495575,922931.75,NA,NA
"UKG1",6.77855396270752,11.1779880523682,19.4637069702148,13.6707010269165,12.685152053833,3.00083184242249,2.04395008087158,2.02173852920532,2.82069563865662,87.6606597900391,78.931396484375,76.9171676635742,84.2752380371094,0.433054387569427,0.311666518449783,0.000163036151207052,0.105302512645721,0,0,0.0121160186827183,0.13107405602932,2896303,NA,NA
"UKG2",6.62333393096924,10.9523649215698,19.0380268096924,13.4236841201782,12.4146938323975,3.05984592437744,2.13555121421814,2.16702604293823,3.06831455230713,87.8778915405273,79.4060211181641,78.3445739746094,84.9945678710938,0.322714567184448,0.399969130754471,0.00513395108282566,0.108726732432842,0,0,0.145995631814003,0.0169253069907427,2914503.75,NA,NA
"UKG3",6.77632570266724,11.2010059356689,19.4946269989014,13.6775722503662,12.718300819397,2.74846434593201,1.99842131137848,2.08821368217468,2.70557498931885,87.5267944335938,78.5413589477539,76.6040649414062,84.1037979125977,0.419340789318085,0.257953733205795,5.52345857940395e-09,0.16522903740406,0,0,0.0754562467336655,0.0816169679164886,720116.5625,NA,NA
"UKH1",7.02537441253662,11.4686594009399,19.9389457702637,14.2881755828857,12.913571357727,2.31636810302734,1.58208167552948,1.73092687129974,2.11434078216553,86.1533584594727,79.0122299194336,76.3876190185547,82.2356719970703,0.516602575778961,0.213800206780434,1.97479967027903e-05,0.0547415763139725,0,1.53578760819784e-10,0,0.111616641283035,2612671.75,NA,NA
"UKH2",7.0911865234375,11.5960807800293,20.2242069244385,14.2840480804443,13.1330213546753,2.37669253349304,1.69364047050476,1.74320340156555,2.21923756599426,87.2262420654297,78.5342636108398,74.9271774291992,82.9472961425781,0.450264245271683,0.141688197851181,2.33540453642433e-09,0.25489741563797,0,3.30880427223956e-11,0,0.150646790862083,5658067,NA,NA
"UKH3",7.41314125061035,11.9316673278809,20.6379585266113,14.7224750518799,13.2248191833496,2.26928901672363,1.47207295894623,1.57780992984772,2.05068969726562,86.3413848876953,79.3059616088867,75.6980361938477,82.3902816772461,0.462784349918365,0.16279835999012,0.00163851445540786,0.138405784964561,0,3.62469221304451e-10,0,0.119201838970184,2955424.25,NA,NA
"UKI3",7.14520120620728,11.6172361373901,20.3298816680908,14.3361072540283,13.1846799850464,2.77005934715271,1.78330051898956,1.72738325595856,2.48953580856323,87.3359909057617,78.7540740966797,75.2875366210938,83.3978424072266,0.295172423124313,0.111301727592945,1.43513989581123e-09,0.389006912708282,0,0,0,0.20326378941536,356532.5625,NA,NA
"UKI4",7.17496585845947,11.6637983322144,20.3818283081055,14.3752641677856,13.2068614959717,2.70299911499023,1.7427796125412,1.71221137046814,2.42449712753296,87.2918243408203,78.7618560791016,75.1798629760742,83.283088684082,0.328038811683655,0.117451995611191,1.67258973338136e-09,0.360129058361053,0,0,0,0.192169174551964,564837,NA,NA
"UKI5",7.28532934188843,11.8139982223511,20.5342483520508,14.493595123291,13.2489194869995,2.59142827987671,1.6176575422287,1.63878488540649,2.29336857795715,87.1538619995117,78.8309631347656,74.8814697265625,83.0095062255859,0.425962299108505,0.154959544539452,2.89905965900061e-09,0.248059511184692,0,0,0,0.162717774510384,739344.4375,NA,NA
"UKI6",7.17148494720459,11.6077766418457,20.2967681884766,14.2985715866089,13.1252841949463,3.09260654449463,1.79741406440735,1.64531350135803,2.71953392028809,87.2915649414062,78.8703842163086,75.3714828491211,83.6074066162109,0.280642628669739,0.169321998953819,1.62186053476177e-09,0.31864920258522,0,0,0,0.224253132939339,794344.625,NA,NA
"UKI7",7.16108417510986,11.6480693817139,20.3616847991943,14.3706159591675,13.2006006240845,2.65690803527832,1.75900912284851,1.74085593223572,2.40352010726929,87.3416976928711,78.7367477416992,75.2305603027344,83.3142471313477,0.313239514827728,0.0997094660997391,1.93000015968892e-09,0.393768012523651,0,8.50161971664752e-15,0,0.191795393824577,1526309.5,NA,NA
"UKJ1",7.09856653213501,11.5349731445312,20.1187438964844,14.1737012863159,13.0201768875122,2.70425868034363,1.89670562744141,1.75854921340942,2.52036571502686,87.6245193481445,78.839958190918,75.7281646728516,83.7723999023438,0.506816625595093,0.220162481069565,3.42948358600381e-09,0.12187497317791,0,8.88355292105736e-11,0,0.150834321975708,2588767.5,NA,NA
"UKJ2",7.67520189285278,11.8516139984131,20.4851913452148,14.8384771347046,12.8099880218506,3.32262492179871,1.84592866897583,1.63762247562408,2.97061419487,87.0117797851562,78.8935852050781,75.506591796875,83.4772644042969,0.264725506305695,0.153459951281548,1.39415434752266e-09,0.195357233285904,0,5.46442890936305e-11,0,0.170164436101913,5985858.5,NA,NA
"UKJ3",7.6414361000061,11.7292022705078,20.2309856414795,14.7016353607178,12.5895490646362,3.47619271278381,2.02047610282898,1.68888330459595,3.12744998931885,86.7888336181641,79.094108581543,76.214225769043,83.3100280761719,0.354163020849228,0.175751194357872,2.44707920593612e-09,0.127231672406197,0,2.22195331578412e-10,0,0.154176697134972,2016745.375,NA,NA
"UKJ4",7.70676374435425,12.010500907898,20.6766681671143,14.9498062133789,12.9699039459229,2.99809002876282,1.66564321517944,1.54989075660706,2.76729440689087,86.4428558349609,79.5738143920898,76.389045715332,83.2710571289062,0.341930717229843,0.193732634186745,1.82696024975115e-09,0.126293525099754,0,0,0,0.137076959013939,2115951.25,NA,NA
"UKK1",7.16836738586426,11.4515514373779,19.921558380127,14.1105222702026,12.7531900405884,3.34225273132324,2.12308478355408,1.94681584835052,3.04546618461609,87.5536270141602,79.2922439575195,77.1852722167969,84.3259124755859,0.475881963968277,0.302252501249313,3.26584315146761e-09,0.0731931403279305,1.56235134874186e-27,1.64771646847528e-12,0.0118188252672553,0.122760079801083,2338640.75,NA,NA
"UKK2",7.84925746917725,11.5933742523193,19.752571105957,14.5829639434814,11.9033126831055,4.00360584259033,2.32317972183228,2.0562686920166,3.62697315216064,86.7949142456055,80.0129165649414,78.6430130004883,84.2018966674805,0.291768789291382,0.278154164552689,2.37376363010355e-09,0.0576383732259274,5.09837197703484e-26,1.51944914983382e-11,0.0968758389353752,0.0238537788391113,1631102.5,NA,NA
"UKK3",9.24050998687744,11.8958873748779,19.1931915283203,15.128812789917,9.95268249511719,4.90847492218018,2.56345725059509,2.34314274787903,4.41040754318237,84.5866317749023,81.2866058349609,82.7394104003906,84.4052200317383,0.155029743909836,0.314276546239853,0.000903650943655521,0.0260146968066692,6.90529023606663e-26,8.38900171551415e-10,0.0716947689652443,0.0313711613416672,309418.4375,NA,NA
"UKK4",8.24981498718262,11.5126314163208,19.2399978637695,14.5911102294922,10.9901819229126,5.26304769515991,2.79739451408386,2.37457680702209,4.57766532897949,86.9129104614258,81.7254180908203,82.1127700805664,85.5930252075195,0.193063229322433,0.440817713737488,0.00447115721181035,0.0368232578039169,3.66328821140773e-24,3.25908744436276e-11,0.116332612931728,0.0102571612223983,724549.5625,NA,NA
"UKL1",7.41711044311523,10.818284034729,18.3811321258545,13.713191986084,10.9640216827393,5.54575634002686,3.01667094230652,2.84296917915344,5.24368047714233,86.5920257568359,81.2956085205078,82.3260955810547,85.4463424682617,0.10159058868885,0.39936774969101,0.0335569083690643,0.0505189411342144,0,6.72208816387965e-11,0.152703210711479,0.00979857984930277,1636158.875,NA,NA
"UKL2",6.50143814086914,10.3649730682373,18.277379989624,13.0707235336304,11.7759428024292,5.26125478744507,2.9310576915741,2.65047216415405,4.76316452026367,88.8077087402344,81.2443542480469,80.8379211425781,86.5878067016602,0.168707281351089,0.471203416585922,0.0467527508735657,0.0732529982924461,0,0,0.165809363126755,0.020669786259532,1403391.875,NA,NA
"UKM50",6.02916193008423,9.53240299224854,16.5027370452881,11.5961418151855,10.4735765457153,2.6796498298645,2.06412410736084,2.35529541969299,3.22321724891663,83.8979873657227,78.9114990234375,81.1472473144531,83.6851806640625,0.221582263708115,0.299692302942276,0.0789373889565468,0.0198099687695503,1.97031137724411e-23,1.1530896680198e-12,0.181665003299713,0.0636817514896393,495351.65625,NA,NA
"UKM61",5.88809537887573,8.97205257415771,15.7786550521851,11.386775970459,9.89056015014648,5.10049200057983,3.1105809211731,2.78786134719849,5.40087747573853,85.4953231811523,81.1195526123047,83.9958648681641,85.7466812133789,0.0246185809373856,0.0730607807636261,0.367302805185318,0.00197700224816799,2.36250489642872e-24,3.35500342785178e-11,0.322525352239609,0.0139072583988309,73570.21875,NA,NA
"UKM62",4.95495748519897,8.47739601135254,15.6938772201538,10.7420959472656,10.738920211792,4.02381563186646,2.67864465713501,2.54858231544495,4.2806978225708,87.5075912475586,80.4621353149414,82.0631942749023,86.8619079589844,0.0552276335656643,0.127699106931686,0.332910716533661,0.0124021358788013,1.83175521676236e-22,2.26480319958158e-13,0.341128438711166,0.0632682591676712,149606.640625,NA,NA
"UKM63",5.89691686630249,8.93150234222412,15.756872177124,11.3688278198242,9.85995674133301,8.48634052276611,4.79913997650146,4.0590443611145,8.34249877929688,85.9930801391602,81.7367172241211,85.4727935791016,86.2080917358398,0.042444322258234,0.062743715941906,0.274188756942749,0.00426547136157751,1.52921238679727e-23,1.07936708182432e-10,0.295390754938126,0.0141790797933936,84553.21875,NA,NA
"UKM64",7.64139318466187,9.90563011169434,16.0462741851807,12.4734382629395,8.40488147735596,5.42458391189575,3.14389419555664,2.9613778591156,5.59677267074585,79.6630096435547,78.8729019165039,84.2692337036133,82.3854370117188,0.00523131061345339,0.0694154351949692,0.168195635080338,0.000925940228626132,9.34807430207227e-24,1.1204230876416e-09,0.0667687579989433,0.0848429128527641,10178.794921875,NA,NA
"UKM66",8.92582988739014,9.76726627349854,15.048849105835,13.0291442871094,6.12301921844482,5.55433750152588,3.16338181495667,2.51723408699036,4.91095924377441,76.8217239379883,80.0934906005859,87.4045028686523,81.0857849121094,0.0052047804929316,0.174786627292633,0.0637779161334038,0.00195636227726936,0,3.12723602569065e-09,0,0.108755506575108,9227.494140625,NA,NA
"UKM71",5.57779741287231,9.19956207275391,16.5159225463867,11.4529056549072,10.9381256103516,2.83958554267883,2.08521103858948,2.38602209091187,3.19391417503357,86.3042602539062,79.4327697753906,81.2290725708008,85.4648361206055,0.264579236507416,0.216104075312614,0.183329895138741,0.0175525434315205,1.85605893934182e-27,2.70210711444951e-11,0.251582682132721,0.00366416596807539,104599.921875,NA,NA
"UKM72",6.41332769393921,10.2409524917603,17.5184803009033,12.400562286377,11.105152130127,2.83993077278137,2.06324648857117,2.41664266586304,3.02979469299316,84.7042770385742,78.2401123046875,80.3031997680664,83.8213272094727,0.260907292366028,0.213618114590645,0.0147486105561256,0.0355376079678535,0,2.77698086748046e-10,0.143027797341347,0.0250967089086771,329146.34375,NA,NA
"UKM73",6.09816360473633,9.80574798583984,17.1597347259521,12.12562084198,11.0615701675415,2.85657072067261,2.14864611625671,2.40872478485107,3.0423104763031,86.4620666503906,79.9480667114258,81.9263763427734,85.6030120849609,0.249347776174545,0.315415382385254,0.10873319208622,0.0323009192943573,4.43230147023876e-28,1.00227361132799e-10,0.192185014486313,0.00905795488506556,205860.0625,NA,NA
"UKM75",6.02328586578369,9.77420711517334,17.0421142578125,11.9824819564819,11.0188283920288,3.35942578315735,2.38139843940735,2.5702395439148,3.46919250488281,87.6720275878906,80.5812454223633,82.8657150268555,86.8846054077148,0.182391911745071,0.279725313186646,0.154913738369942,0.0703437179327011,0,0,0.279076635837555,0,140578.890625,NA,NA
"UKM76",5.95305871963501,9.82876586914062,17.1165142059326,11.9097118377686,11.1634550094604,3.99434542655945,2.60765719413757,2.70180654525757,3.98927164077759,87.9467391967773,80.199592590332,82.3901977539062,86.9457702636719,0.217316597700119,0.401283025741577,0.0467556565999985,0.0446907021105289,4.17149153642805e-25,0,0.273896217346191,0,75924.2109375,NA,NA
"UKM77",4.80005836486816,8.51774311065674,15.8922643661499,10.6920642852783,11.0922069549561,5.29466199874878,3.21097135543823,2.95683026313782,5.08309316635132,89.4565582275391,81.3479080200195,83.1641616821289,88.3260192871094,0.12736439704895,0.178523436188698,0.275389313697815,0.0163287054747343,3.14100841295159e-23,0,0.365665286779404,0,481661.78125,NA,NA
"UKM78",6.00449705123901,9.84811305999756,17.1228084564209,11.9774875640869,11.118311882019,3.77165937423706,2.53549075126648,2.68796992301941,3.88648414611816,88.0160751342773,80.7109451293945,83.099853515625,87.2109832763672,0.192891955375671,0.401282846927643,0.0566660463809967,0.0575529411435127,0,0,0.28137069940567,0,158783.75,NA,NA
"UKM81",5.47405338287354,8.9955587387085,16.1883907318115,11.254638671875,10.7143363952637,8.08605861663818,4.73615217208862,4.01478910446167,7.63032293319702,88.7105941772461,81.6687088012695,84.4344482421875,88.0090103149414,0.09646325558424,0.200391933321953,0.227680876851082,0.054719727486372,2.81937980335949e-24,0,0.35755980014801,0,247831.203125,NA,NA
"UKM82",6.30912399291992,9.98827171325684,17.1927337646484,12.2113380432129,10.8836088180542,5.09973239898682,3.17842769622803,3.09397578239441,5.12317514419556,87.0295639038086,80.3362808227539,83.191650390625,86.5061111450195,0.126162797212601,0.408821821212769,5.98186389311195e-10,0.153071135282516,0,0,0.311944276094437,0,169386.640625,NA,NA
"UKM83",6.79036283493042,10.1772975921631,17.2625522613525,12.5605306625366,10.472188949585,5.59733819961548,3.4587664604187,3.28342270851135,5.60107898712158,86.2450485229492,80.5280303955078,83.5134429931641,85.9772109985352,0.0899033844470978,0.345404356718063,0.022737780585885,0.0910830944776535,0,0,0.240890607237816,0,310952.84375,NA,NA
"UKM84",6.05798530578613,9.86687278747559,17.1241703033447,12.0067958831787,11.0661859512329,4.40564918518066,2.83120131492615,2.87485361099243,4.47578573226929,87.8649291992188,80.6633071899414,83.2123260498047,87.1288070678711,0.171142473816872,0.430074393749237,0.0201147254556417,0.0815806984901428,4.44931197838311e-24,0,0.295628279447556,0,244729.0625,NA,NA
"UKM91",5.9756121635437,9.72803497314453,17.164722442627,12.0737800598145,11.1891107559204,3.5059974193573,2.47423100471497,2.65752792358398,3.53447866439819,87.2560348510742,80.3526382446289,82.2343368530273,86.2937850952148,0.221196547150612,0.336963355541229,0.124469041824341,0.0275631863623857,1.65893615767389e-27,0,0.248794496059418,0,602688,NA,NA
"UKM92",6.26290702819824,9.83190441131592,17.1172981262207,12.2529468536377,10.8543901443481,5.40152931213379,3.43432641029358,3.22189211845398,5.33519744873047,87.6432952880859,81.5913772583008,84.2508926391602,87.1194534301758,0.0818870216608047,0.338491767644882,0.111347697675228,0.0213369820266962,6.09785535431316e-24,1.19030535428166e-10,0.24871951341629,0.011079422198236,140781.359375,NA,NA
"UKM93",6.21286821365356,9.70799732208252,16.8901844024658,12.0880851745605,10.6773176193237,5.73501586914062,3.55264687538147,3.27999639511108,5.68192672729492,87.1952514648438,81.1506652832031,84.1144866943359,86.8103103637695,0.0937536433339119,0.328001737594604,0.0748751610517502,0.0753230899572372,0,0,0.311889678239822,0,636568.5625,NA,NA
"UKM94",6.66002798080444,9.96032619476318,16.9815464019775,12.4635639190674,10.3215179443359,5.02305793762207,3.21007943153381,3.06900691986084,5.15007162094116,85.8458099365234,81.6763916015625,85.184196472168,85.7965087890625,0.0781828686594963,0.277185440063477,0.0627559721469879,0.0380454584956169,0,1.79869397913361e-13,0.279635041952133,0.000864904781337827,107093.203125,NA,NA
"UKM95",6.04189014434814,9.84209060668945,17.1174335479736,12.0164480209351,11.0755443572998,4.58007049560547,2.95185160636902,2.93860840797424,4.60852193832397,88.0726547241211,80.9038009643555,83.3988342285156,87.3183746337891,0.164006546139717,0.432896196842194,0.0452822893857956,0.0694824233651161,0,0,0.286577314138412,0,751953.3125,NA,NA
"UKN06",7.65618228912354,10.7937698364258,17.7252597808838,13.3442707061768,10.0690765380859,3.54202055931091,2.5649082660675,2.81297469139099,3.74314641952515,84.8234634399414,81.4518356323242,83.7702026367188,84.7557983398438,0.0585728622972965,0.338523507118225,0.00523957889527082,0.0596100427210331,7.29009775906404e-23,0,0.150775909423828,0,48681.13671875,NA,NA
"UKN07",7.05963802337646,10.5196199417114,17.6666240692139,12.75599193573,10.6069850921631,3.45822191238403,2.54283237457275,2.78222680091858,3.51103591918945,87.1132659912109,80.7818298339844,81.9427719116211,86.3846054077148,0.0601532272994518,0.703563094139099,0.00114193558692932,0.0233631506562233,0,0,0.184168264269829,0,190195.09375,NA,NA
"UKN08",7.41818857192993,10.6117649078369,17.7194900512695,13.0414915084839,10.3013010025024,3.38125944137573,2.51382946968079,2.74734687805176,3.49475741386414,85.5142822265625,80.7964553833008,82.3125457763672,85.2549591064453,0.0661425068974495,0.535276532173157,7.94824706051855e-10,0.0226089768111706,0,0,0.153841525316238,0,187815.890625,NA,NA
"UKN09",7.98678016662598,10.8762683868408,17.7476787567139,13.5931529998779,9.76089763641357,3.50138211250305,2.52772998809814,2.74182415008545,3.68435406684875,83.9345474243164,81.4391250610352,83.9194412231445,84.1181716918945,0.0540161542594433,0.275161892175674,0.00287335808388889,0.0475658848881721,5.74515722131066e-23,1.24747601137898e-10,0.11973013728857,0.00131141650490463,126445.3046875,NA,NA
"UKN10",6.6779408454895,10.0036516189575,16.8397407531738,12.2892951965332,10.1617994308472,4.58587694168091,3.05738592147827,3.08284258842468,4.442702293396,87.8011169433594,81.5409317016602,83.6449890136719,87.1040954589844,0.0859065502882004,0.611118018627167,0.00774413673207164,0.0169715527445078,8.08914770561962e-15,0,0.242025285959244,0,87173.171875,NA,NA
"UKN11",6.78898239135742,10.3421545028687,17.3161945343018,12.5243377685547,10.5272121429443,3.94246745109558,2.78928256034851,2.93391966819763,3.91396236419678,87.604850769043,81.1029663085938,82.5671539306641,86.7318725585938,0.0475961938500404,0.701275706291199,0.01606684923172,0.0160446632653475,3.45092171888188e-27,0,0.194416150450706,0,149843.5625,NA,NA
"UKN12",7.4477105140686,10.4877910614014,17.1872138977051,13.0215215682983,9.73950290679932,4.02401638031006,2.79755401611328,3.02338457107544,4.2066125869751,86.1984710693359,81.5103378295898,83.7621154785156,85.7074279785156,0.0472190119326115,0.444599121809006,0.0243446100503206,0.0148636791855097,3.17619609880118e-15,1.4080758043919e-12,0.171227619051933,5.92948345001787e-05,98043.3125,NA,NA
"UKN13",6.923020362854,10.364709854126,17.421407699585,12.7133474349976,10.4983863830566,4.2397255897522,2.87433338165283,3.08356213569641,4.26165533065796,86.2127456665039,81.0092926025391,82.7807540893555,85.7117233276367,0.0452774837613106,0.555923521518707,0.0096061211079359,0.0307870414108038,1.17197562146267e-23,0,0.166542157530785,0,145658.421875,NA,NA
"UKN14",7.23180723190308,10.5188722610474,17.5895690917969,12.936224937439,10.3577613830566,3.74823760986328,2.66897869110107,2.89829087257385,3.84480571746826,85.7190170288086,80.9733352661133,82.6929016113281,85.3848724365234,0.0597554109990597,0.51846581697464,0.00459285825490952,0.0330943055450916,1.63875361209626e-23,0,0.164470747113228,0,105143.328125,NA,NA
"UKN15",7.13778162002563,10.4785499572754,17.4894618988037,12.8918886184692,10.3516807556152,4.05545711517334,2.79524350166321,3.01350903511047,4.13560962677002,85.8173446655273,81.1531982421875,83.0994415283203,85.4424667358398,0.0477157607674599,0.485501676797867,0.00976331438869238,0.0375005379319191,2.74325243830903e-23,1.89925679350278e-11,0.159641742706299,0.000799787288997322,249546.75,NA,NA
"UKN16",6.71185684204102,10.1188173294067,17.0639705657959,12.3333425521851,10.3521137237549,4.88274669647217,3.23184585571289,3.16640067100525,4.5471339225769,88.3483123779297,81.6319351196289,83.473762512207,87.6235275268555,0.106486395001411,0.588529288768768,0.0297434348613024,0.0132456151768565,6.96261082643035e-15,0,0.250000208616257,0,136944.65625,NA,NA
"VA",12.408185005188,17.5759201049805,28.235559463501,21.6331539154053,15.8273754119873,3.06809973716736,1.56797635555267,0.717935025691986,7.04830026626587,76.9081497192383,74.5411987304688,68.7915344238281,77.2729339599609,0.220935523509979,0.0343117378652096,1.16741338818116e-12,0.174414083361626,0,0,0,0.134837046265602,250.627380371094,NA,NA
"XKG125378",4.50630950927734,13.1113748550415,24.7831077575684,15.3144588470459,20.2768001556396,2.15708541870117,1.96683049201965,1.41491901874542,1.87294840812683,79.3579864501953,68.1791534423828,56.1410522460938,68.8953552246094,0.239986911416054,0.238570064306259,0.00534051144495606,0.0478599593043327,0,0.0655310228466988,0.0752506628632545,0.327460885047913,630831.75,NA,NA
"XKG125379",4.36019992828369,12.9331483840942,24.5443859100342,15.1472673416138,20.1841850280762,2.53747916221619,2.4275369644165,1.7542028427124,2.14098596572876,79.379264831543,68.9593734741211,57.6740760803223,69.5932693481445,0.230861142277718,0.233280047774315,0.0107867876067758,0.0305405147373676,0,0.0370441116392612,0.221820920705795,0.235666424036026,240169.359375,NA,NA
"XKG125380",4.83092212677002,13.4568405151367,25.1338424682617,15.6471080780029,20.3029193878174,1.96890079975128,1.86192440986633,1.32831382751465,1.72032916545868,79.4595260620117,67.7109909057617,55.4901237487793,68.384880065918,0.262286454439163,0.216731294989586,0.00726319244131446,0.0403068289160728,0,0.0979880169034004,0,0.375424206256866,222631.296875,NA,NA
"XKG125385",3.13532900810242,11.3918933868408,23.0459651947021,13.9225940704346,19.9106349945068,3.69040846824646,2.48432111740112,1.4529515504837,2.81800246238708,79.8794937133789,70.6132049560547,59.4951591491699,70.8365707397461,0.177181512117386,0.24217301607132,0.0396388918161392,0.0292638596147299,0.00945766177028418,0,0.502108156681061,0,245839.53125,NA,NA
"XKG125389",3.22589254379272,11.4573764801025,23.1605606079102,14.0160570144653,19.9346675872803,2.91784143447876,2.16408681869507,1.41268348693848,2.39789724349976,79.1211318969727,68.9803237915039,55.504753112793,68.5792694091797,0.161503612995148,0.293839782476425,0.0325491167604923,0.0364819206297398,0.000146300648339093,0,0.475252091884613,0,326562.96875,NA,NA
